symbol,step,as_of_ts,slot_label,predicted_full_day_return,predicted_direction,pred_log_return_h00,pred_log_return_h01,pred_log_return_h02,pred_log_return_h03,pred_log_return_h04,pred_log_return_h05,pred_log_return_h06,pred_log_return_h07,pred_log_return_h08,pred_log_return_h09,pred_log_return_h10,pred_log_return_h11,pred_log_return_h12,pred_log_return_h13,pred_log_return_h14,pred_log_return_h15,pred_log_return_h16,pred_log_return_h17,pred_log_return_h18,pred_log_return_h19,pred_log_return_h20,pred_log_return_h21,pred_log_return_h22,pred_log_return_h23,pred_log_return_h24,pred_log_return_h25
PSKY,19,2026-04-07 18:15:00+00:00,14:15,0.0914999470114708,up,0.05780551955103874,0.10143113136291504,0.05506614223122597,0.051510293036699295,0.06364209949970245,0.06926676630973816,0.06670932471752167,0.06539292633533478,0.06416142731904984,0.05958298593759537,0.07668505609035492,0.08126378804445267,0.07670670747756958,0.08000586181879044,0.086671844124794,0.08092053234577179,0.08343962579965591,0.07923129945993423,0.07989737391471863,0.07560363411903381,0.07484862208366394,0.07440561801195145,0.07900717109441757,0.08084873855113983,0.07858531922101974,0.0914999470114708
GE,19,2026-04-07 18:15:00+00:00,14:15,0.03785384073853493,up,0.012215415015816689,0.01005118153989315,0.01431922148913145,0.015563308261334896,0.014231681823730469,0.015519361943006516,0.013002164661884308,0.016060566529631615,0.014408823102712631,0.01839752495288849,0.019533615559339523,0.0252832043915987,0.024730568751692772,0.023639678955078125,0.022134441882371902,0.020015858113765717,0.022603852674365044,0.02478340081870556,0.024813467636704445,0.02104949578642845,0.023409226909279823,0.022081315517425537,0.02388796955347061,0.02922992967069149,0.026909390464425087,0.03785384073853493
GOOGL,19,2026-04-07 18:15:00+00:00,14:15,0.03665103390812874,up,0.022185413166880608,0.012725829146802425,0.011647655628621578,0.015697652474045753,0.018359770998358727,0.01510970015078783,0.016489284113049507,0.02218729816377163,0.018095282837748528,0.021364109590649605,0.023472078144550323,0.031418636441230774,0.03223466873168945,0.032349441200494766,0.03322906419634819,0.03162485361099243,0.037050001323223114,0.035225532948970795,0.0337197482585907,0.032742422074079514,0.03016282245516777,0.028029248118400574,0.027981717139482498,0.033229291439056396,0.028067024424672127,0.03665103390812874
INTC,19,2026-04-07 18:15:00+00:00,14:15,0.028995636850595474,up,0.01470920443534851,-0.00402546301484108,-0.009331935085356236,-0.0006759119569323957,0.0023573702201247215,0.0036899419501423836,-0.0006029965588822961,0.011548381298780441,0.0034328759647905827,0.007807234767824411,0.013158815912902355,0.021164249628782272,0.0305985976010561,0.024094028398394585,0.023590102791786194,0.02145821787416935,0.01626303605735302,0.017543654888868332,0.020643936470150948,0.017161210998892784,0.013763288967311382,0.0067429193295538425,0.009021151810884476,0.014112493023276329,0.019659370183944702,0.028995636850595474
ELV,19,2026-04-07 18:15:00+00:00,14:15,0.026781367138028145,up,0.002379355253651738,-0.002159115392714739,-0.002375235315412283,-0.0012131925905123353,0.0002986541949212551,-0.004380587488412857,-0.0066502392292022705,-0.004159704316407442,-0.0027762562967836857,-0.0023738215677440166,0.0030879813712090254,0.005910615902394056,0.011047101579606533,0.014909835532307625,0.012666911818087101,0.008549020625650883,0.012753468938171864,0.010114005766808987,0.009604375809431076,0.00900206621736288,0.012005765922367573,0.012347803451120853,0.014309165999293327,0.020054111257195473,0.01863652840256691,0.026781367138028145
BAX,19,2026-04-07 18:15:00+00:00,14:15,0.026686057448387146,up,0.005687321070581675,0.011424245312809944,0.008700954727828503,0.011539843864738941,0.007934152148663998,0.007921124808490276,0.007647713180631399,0.009784752503037453,0.008892130106687546,0.010007367469370365,0.015068329870700836,0.016463937237858772,0.020152578130364418,0.022736117243766785,0.017511168494820595,0.018319690600037575,0.024164926260709763,0.0227397121489048,0.019804656505584717,0.02382390759885311,0.020805589854717255,0.017863018438220024,0.02064589224755764,0.029003070667386055,0.02318059839308262,0.026686057448387146
GM,19,2026-04-07 18:15:00+00:00,14:15,0.026531102135777473,up,0.011874952353537083,0.013671052642166615,0.01218696590512991,0.013172434642910957,0.02277412824332714,0.018933771178126335,0.01902567408978939,0.02010042406618595,0.017163939774036407,0.016213620081543922,0.01559715811163187,0.018610747531056404,0.021364474669098854,0.019267965108156204,0.022830763831734657,0.019978860393166542,0.0231760423630476,0.01530010998249054,0.016105012968182564,0.018559372052550316,0.020154573023319244,0.01523792464286089,0.01567084528505802,0.018938304856419563,0.01625135913491249,0.026531102135777473
GOOG,19,2026-04-07 18:15:00+00:00,14:15,0.02538968436419964,up,0.019000545144081116,0.010082472115755081,0.009812143631279469,0.011384602636098862,0.015890315175056458,0.015756355598568916,0.015174834989011288,0.016043391078710556,0.01385076716542244,0.013731450773775578,0.015297546051442623,0.02249903976917267,0.02432173304259777,0.02262170985341072,0.02384343184530735,0.021303407847881317,0.025522001087665558,0.02642555721104145,0.02181449718773365,0.021514663472771645,0.020516186952590942,0.01865246333181858,0.01612800918519497,0.018601251766085625,0.016420207917690277,0.02538968436419964
CVNA,19,2026-04-07 18:15:00+00:00,14:15,0.02520567551255226,up,-0.013846056535840034,-0.017744190990924835,-0.02116813324391842,-0.01670948788523674,-0.018970968201756477,-0.022857841104269028,-0.02089100144803524,-0.012999649159610271,-0.009500648826360703,-0.007118921726942062,1.6539352145628072e-05,0.002059457590803504,0.004191483370959759,0.0075782286003232,0.011381189338862896,0.004586394410580397,0.013561632484197617,0.011010532267391682,0.012523001991212368,0.0070577096194028854,0.005807275418192148,-0.0023272293619811535,-0.0003536455624271184,0.006392837967723608,0.010123305954039097,0.02520567551255226
WDC,19,2026-04-07 18:15:00+00:00,14:15,0.025021791458129883,up,0.014923552982509136,-0.002190425293520093,-0.0042815133929252625,0.0022907457314431667,-0.0006374137010425329,-0.000949951761867851,-0.003186277812346816,0.005221779458224773,0.00482726376503706,0.014055784791707993,0.018725669011473656,0.017681004479527473,0.018087157979607582,0.018344081938266754,0.018997956067323685,0.014994936995208263,0.01585247553884983,0.014304671436548233,0.015092949382960796,0.010614994913339615,0.011355017311871052,0.007023715414106846,0.004375196062028408,0.007706452626734972,0.011910413391888142,0.025021791458129883
APA,19,2026-04-07 18:15:00+00:00,14:15,0.02499254420399666,up,0.01153665129095316,0.014654482714831829,0.014779151417315006,0.014252640306949615,0.01326374989002943,0.014237756840884686,0.013110356405377388,0.018909482285380363,0.017193518579006195,0.013549629598855972,0.016314413398504257,0.013322198763489723,0.013309532776474953,0.017598820850253105,0.01886844076216221,0.01908368244767189,0.01661340706050396,0.01897520013153553,0.01614932157099247,0.014517086558043957,0.016490327194333076,0.02026873268187046,0.02134000137448311,0.02374861389398575,0.028022155165672302,0.02499254420399666
EOG,19,2026-04-07 18:15:00+00:00,14:15,0.024467483162879944,up,0.020401645451784134,0.022451525554060936,0.028101487085223198,0.02944185957312584,0.030196653679013252,0.028510719537734985,0.029304930940270424,0.029249325394630432,0.024110013619065285,0.024260688573122025,0.025850117206573486,0.025320397689938545,0.02327008917927742,0.024324355646967888,0.026280121877789497,0.027763258665800095,0.02756759151816368,0.025785157456994057,0.02583087794482708,0.025826670229434967,0.023904865607619286,0.02336793765425682,0.02759828232228756,0.026518452912569046,0.026347845792770386,0.024467483162879944
SYY,19,2026-04-07 18:15:00+00:00,14:15,0.024266548454761505,up,0.016818884760141373,0.013246119022369385,0.011303548701107502,0.01006986666470766,0.023615380749106407,0.015776991844177246,0.01613658107817173,0.018200481310486794,0.016805589199066162,0.01966044306755066,0.017508365213871002,0.01817382499575615,0.018753781914711,0.018016021698713303,0.019377533346414566,0.017623476684093475,0.01660912111401558,0.011821478605270386,0.014697072096168995,0.018379827961325645,0.018131714314222336,0.013364932499825954,0.01419504638761282,0.0151273338124156,0.010800008662045002,0.024266548454761505
CF,19,2026-04-07 18:15:00+00:00,14:15,0.022670438513159752,up,0.015148594975471497,0.01749270036816597,0.016634272411465645,0.01481153629720211,0.01457455288618803,0.016199318692088127,0.010696454904973507,0.01133867260068655,0.005620019044727087,0.006937520112842321,0.016648398712277412,0.01454421877861023,0.014569832012057304,0.017307069152593613,0.017927508801221848,0.019011156633496284,0.01871531456708908,0.01685626618564129,0.01905358023941517,0.017123745754361153,0.015313121490180492,0.01008627749979496,0.014637124724686146,0.014547417871654034,0.016409318894147873,0.022670438513159752
HD,19,2026-04-07 18:15:00+00:00,14:15,0.022168079391121864,up,0.0031183280516415834,-0.00015398951654788107,-0.005054019391536713,-0.001048197504132986,-0.0019020255422219634,-0.005722006782889366,-0.005842880811542273,-0.0045725139789283276,-0.005088609177619219,-0.0047310288064181805,-0.0006394066731445491,-0.0015018724370747805,0.0006221570656634867,0.0016060791676864028,0.0007663001888431609,-0.00043940963223576546,0.0033342652022838593,0.004472662694752216,0.0063963537104427814,0.005713360384106636,0.006890586577355862,0.0023756450973451138,0.007199264597147703,0.013090831227600574,0.013922486454248428,0.022168079391121864
EQT,19,2026-04-07 18:15:00+00:00,14:15,0.01935463771224022,up,0.0059227533638477325,0.006097407545894384,0.007737274281680584,0.010939333587884903,0.009688520804047585,0.009764308109879494,0.0067522055469453335,0.008336094208061695,0.010374193079769611,0.0098781893029809,0.011192736215889454,0.01334863156080246,0.012156650424003601,0.011948022060096264,0.0129181407392025,0.011990577913820744,0.012768672779202461,0.014362310990691185,0.014648325741291046,0.015485445037484169,0.017029505223035812,0.014133176766335964,0.018153654411435127,0.016237575560808182,0.015449908562004566,0.01935463771224022
SNDK,19,2026-04-07 18:15:00+00:00,14:15,0.01907390169799328,up,0.009816908277571201,-0.004947655834257603,-0.005502871237695217,0.0051717609167099,0.00014437214122153819,-0.00926000252366066,-0.012113871052861214,-0.003337990026921034,-0.008704007603228092,0.002088349312543869,0.009633325040340424,0.01150033250451088,0.009452000260353088,0.007554757874459028,0.007040226832032204,0.005277661606669426,0.0021021387074142694,-0.002475545508787036,0.002937654033303261,0.007304512429982424,0.0006771845510229468,-0.009916462004184723,-0.007359377108514309,-0.0014945403672754765,0.002331102266907692,0.01907390169799328
PSX,19,2026-04-07 18:15:00+00:00,14:15,0.018764732405543327,up,-0.003417025553062558,0.007415636908262968,-0.0005073981010355055,-0.000525544979609549,0.0016919357003644109,0.003455574158579111,0.00923231802880764,0.009218008257448673,0.009720762260258198,0.01054267305880785,0.01159737166017294,0.007045916747301817,0.008156000636518002,0.0118715213611722,0.01308663934469223,0.01275607943534851,0.01330916304141283,0.008996727876365185,0.0046041361056268215,0.006135362200438976,0.009706110693514347,0.007781656458973885,0.009545452892780304,0.010761209763586521,0.01356306578963995,0.018764732405543327
CNC,19,2026-04-07 18:15:00+00:00,14:15,0.018629958853125572,up,0.0066639455035328865,0.003511963877826929,0.0034340019337832928,0.007039546500891447,0.005216660443693399,0.0067041609436273575,0.004923306871205568,0.00701527064666152,0.0023211354855448008,0.007836107164621353,0.011234402656555176,0.01150596048682928,0.008976436220109463,0.016558760777115822,0.01617398113012314,0.013183655217289925,0.012554795481264591,0.012080410495400429,0.010044439695775509,0.006995250470936298,0.0112265320494771,0.009008352644741535,0.012730284593999386,0.021682150661945343,0.017947357147932053,0.018629958853125572
AMD,19,2026-04-07 18:15:00+00:00,14:15,0.018385615199804306,up,-0.0012671889271587133,-0.006980986800044775,-0.0114940470084548,-0.007151235360652208,-0.010652043856680393,-0.011152704246342182,-0.012375338934361935,-0.008057622238993645,-0.013660109601914883,-0.009242510423064232,-0.005611278582364321,-0.006655496079474688,-0.008571240119636059,-0.005710077006369829,-0.008791789412498474,-0.009818107821047306,-0.00701418612152338,-0.008838438428938389,-0.010472364723682404,-0.008288417011499405,-0.006062512286007404,-0.006930279079824686,-0.0030536947306245565,0.00515136681497097,0.008027435280382633,0.018385615199804306
XOM,19,2026-04-07 18:15:00+00:00,14:15,0.0183107852935791,up,0.0005013152840547264,8.215001435019076e-05,-0.004326852969825268,-0.002975102048367262,-0.004330497235059738,-0.0032813784200698137,-0.004388784524053335,-0.0020966450683772564,-0.0047318474389612675,0.00024773666518740356,0.0001851816923590377,0.0015802037669345737,-0.0027945558540523052,-0.002487134886905551,-0.004972519353032112,-0.005278542637825012,-0.007097895722836256,-0.005196209065616131,-0.005099750589579344,-0.0065862261690199375,-0.0005890583852306008,-0.0003749637689907104,0.005582866258919239,0.011340861208736897,0.01705307886004448,0.0183107852935791
COHR,19,2026-04-07 18:15:00+00:00,14:15,0.018294796347618103,up,0.002206311095505953,-0.003483731299638748,-0.006815050262957811,0.0006811286439187825,-0.0008775637252256274,-0.0059754871763288975,-0.006148550659418106,0.0006015098188072443,-0.002938006306067109,0.0025545377284288406,0.011166935786604881,0.0168595090508461,0.018568556755781174,0.01274801418185234,0.01319507323205471,0.009797574952244759,0.010039753280580044,0.005446880590170622,0.006709619425237179,0.004142106510698795,0.00258832355029881,-0.00020361616043373942,-0.0005127639160491526,0.002684299135580659,0.005921151023358107,0.018294796347618103
COIN,19,2026-04-07 18:15:00+00:00,14:15,0.018170420080423355,up,-0.01090436615049839,-0.008009536191821098,-0.018843960016965866,-0.014063296839594841,-0.019706543534994125,-0.017474135383963585,-0.02042478881776333,-0.012983717955648899,-0.012979380786418915,-0.005838450510054827,0.0026526739820837975,0.007260771002620459,0.0072667947970330715,0.002429924439638853,0.005564581602811813,0.0008038942469283938,0.009688213467597961,0.007247414439916611,0.004507065284997225,0.0055371057242155075,-7.020455086603761e-05,0.0002615103148855269,0.002193260006606579,0.00712476996704936,0.0030452266801148653,0.018170420080423355
STX,19,2026-04-07 18:15:00+00:00,14:15,0.0178956538438797,up,-0.010251051746308804,-0.014207866974174976,-0.018528718501329422,-0.009445790201425552,-0.018003905192017555,-0.02054094709455967,-0.017686348408460617,-0.008035223931074142,-0.008881150744855404,-0.004839881788939238,4.505783363129012e-05,0.004558437038213015,0.004245491232722998,0.004420233424752951,0.004870935808867216,0.0033502131700515747,0.004585025366395712,0.0005098342662677169,-0.00018492492381483316,-0.0024759438820183277,-0.003130954224616289,-0.008890976198017597,-0.006817017216235399,-0.002435348927974701,0.003430779092013836,0.0178956538438797
CIEN,19,2026-04-07 18:15:00+00:00,14:15,0.017577117308974266,up,-0.008085151202976704,-0.017105594277381897,-0.01776358298957348,-0.012870817445218563,-0.015785526484251022,-0.018227819353342056,-0.01362796500325203,-0.006987643428146839,-0.009003865532577038,-0.002433440648019314,0.0030158446170389652,0.006900532636791468,0.005976478103548288,0.00107558723539114,-8.642340981168672e-05,0.0004567319992929697,-0.0012855528621003032,-0.008276335895061493,-0.005669514182955027,-0.005647649057209492,-0.012570845894515514,-0.015058164484798908,-0.007450950797647238,-0.005830405745655298,0.00038365903310477734,0.017577117308974266
MCHP,19,2026-04-07 18:15:00+00:00,14:15,0.01716426946222782,up,-4.974739204044454e-05,-0.0027591672260314226,-0.0029188762418925762,6.916240090504289e-05,0.0004543907707557082,0.0019664615392684937,-0.0047471788711845875,-0.0006370650371536613,-0.00685332715511322,-0.0010709268972277641,-0.0004251250356901437,0.0022586314007639885,0.002198637928813696,0.003665042342618108,0.005451264791190624,0.0036900085397064686,0.005694558843970299,0.003809134243056178,0.004083508625626564,0.005645351484417915,0.004665383603423834,0.00266758119687438,0.005512973293662071,0.012527521699666977,0.010397966019809246,0.01716426946222782
UNH,19,2026-04-07 18:15:00+00:00,14:15,0.0163157656788826,up,-0.00013621008838526905,-0.013058655895292759,-0.014861228875815868,-0.007045728620141745,-0.006191496271640062,-0.010103960521519184,-0.012863372452557087,-0.007890146225690842,-0.012668857350945473,-0.004979788791388273,0.004736470524221659,-0.00020099362882319838,0.004350096452981234,0.007784765213727951,0.00572557095438242,0.002091358881443739,0.009253113530576229,0.006249154917895794,0.002471553860232234,0.002851099707186222,0.004613308701664209,-0.0018435303354635835,-0.0016901884227991104,0.001004298566840589,0.0020987740717828274,0.0163157656788826
HLT,19,2026-04-07 18:15:00+00:00,14:15,0.01603073626756668,up,0.008880065754055977,0.012397024780511856,0.013816643506288528,0.011094450019299984,0.016144780442118645,0.015265353955328465,0.014732864685356617,0.01298382505774498,0.013483289629220963,0.010811381042003632,0.010825889185070992,0.015628794208168983,0.012952608987689018,0.009625006467103958,0.011517894454300404,0.011010167188942432,0.013580286875367165,0.015736723318696022,0.013166524469852448,0.0128726651892066,0.012207213789224625,0.013678894378244877,0.0077777039259672165,0.01023242436349392,0.006187716498970985,0.01603073626756668
VRT,19,2026-04-07 18:15:00+00:00,14:15,0.015104870311915874,up,-0.002092625480145216,-0.006500724237412214,-0.007576783653348684,-0.0013711996143683791,-0.00361622660420835,-0.006066614296287298,-0.005803316365927458,-0.0008954263175837696,-0.00610972149297595,0.0011326554231345654,0.00475757522508502,0.007305914536118507,0.004859209060668945,0.004127676598727703,0.003012655768543482,0.0018424977315589786,0.0025804713368415833,-0.00024497220874764025,-0.001457393285818398,-0.003254866460338235,-0.001277522067539394,-0.0012219810159876943,0.0004081242368556559,0.005741984583437443,0.004885849542915821,0.015104870311915874
SLB,19,2026-04-07 18:15:00+00:00,14:15,0.014654013328254223,up,0.012799880467355251,0.01249739620834589,0.016052810475230217,0.015862489119172096,0.018476324155926704,0.019558211788535118,0.016685547307133675,0.013972112908959389,0.01092198584228754,0.00897496659308672,0.00965259037911892,0.011538833379745483,0.007572981063276529,0.0076285311952233315,0.012033067643642426,0.012297313660383224,0.00829960498958826,0.010536331683397293,0.009965366683900356,0.010776238515973091,0.011784378439188004,0.012439782731235027,0.013175508938729763,0.013832186348736286,0.013781166635453701,0.014654013328254223
MPC,19,2026-04-07 18:15:00+00:00,14:15,0.014510872773826122,up,0.001863042009063065,0.008841072209179401,0.00888783484697342,0.008807011879980564,0.00945748295634985,0.008934802375733852,0.009811206720769405,0.012016450054943562,0.009680504910647869,0.010629300959408283,0.011607340537011623,0.011183220893144608,0.008460285142064095,0.00969331618398428,0.011164242401719093,0.010356052778661251,0.008755111135542393,0.010691064409911633,0.008721848018467426,0.006822662428021431,0.00674986420199275,0.006747805513441563,0.009808331727981567,0.012670665979385376,0.011697961948812008,0.014510872773826122
MNST,19,2026-04-07 18:15:00+00:00,14:15,0.013942881487309933,up,0.006081041414290667,0.0024827742017805576,0.0033590183593332767,0.0035461299121379852,0.014626181684434414,0.010233507491648197,0.009719750843942165,0.009063947014510632,0.009895818307995796,0.007261028978973627,0.008981840685009956,0.008230594918131828,0.006013227626681328,0.006005267612636089,0.003087099175900221,0.0028365456964820623,0.0019658152014017105,0.0007583297556266189,0.004835433326661587,0.008478782139718533,0.012421993538737297,0.011951064690947533,0.011549718677997589,0.011013029143214226,0.006354671902954578,0.013942881487309933
BA,19,2026-04-07 18:15:00+00:00,14:15,0.013787191361188889,up,0.005196854006499052,0.00033390719909220934,-0.001153607969172299,0.004503524862229824,0.0003147497191093862,0.0007826364599168301,-0.005219887942075729,-0.0007142344838939607,-0.005062473472207785,-0.00116285914555192,0.0006880850996822119,0.001993803773075342,0.0022346710320562124,0.004663585219532251,0.0019510400015860796,0.002236246829852462,0.006330553907901049,0.005284195300191641,0.0051344274543225765,0.005365407094359398,0.005663735326379538,0.0013307469198480248,0.004972921684384346,0.008680708706378937,0.00762407761067152,0.013787191361188889
ADBE,19,2026-04-07 18:15:00+00:00,14:15,0.01372095849364996,up,0.008242672309279442,0.008914315141737461,0.009927238337695599,0.014134060591459274,0.009661534801125526,0.006873604375869036,0.0039587062783539295,0.008680093102157116,0.004971057176589966,0.007806044537574053,0.010244356468319893,0.00886057410389185,0.0049980138428509235,0.004052719566971064,0.00490163266658783,0.005190475378185511,0.008884759619832039,0.009627914987504482,0.0065861232578754425,0.007443480659276247,0.007188741583377123,0.004232401959598064,0.005309950560331345,0.01047482993453741,0.009647936560213566,0.01372095849364996
FTNT,19,2026-04-07 18:15:00+00:00,14:15,0.012715950608253479,up,0.001691919402219355,0.0037119488697499037,-0.0007234992226585746,0.0037163076922297478,0.00332471146248281,0.0021111364476382732,-0.000957735173869878,0.004099033772945404,0.003612007712945342,0.005383374635130167,0.009648356586694717,0.008223160170018673,0.011801372282207012,0.012825964950025082,0.011844380758702755,0.010640483349561691,0.017168018966913223,0.014491972513496876,0.012113199569284916,0.008690115995705128,0.007576494477689266,0.004487412050366402,0.005432221107184887,0.012546421959996223,0.007882318459451199,0.012715950608253479
DVN,19,2026-04-07 18:15:00+00:00,14:15,0.012598071247339249,up,0.004826974123716354,0.008529712446033955,0.010414468124508858,0.00974732544273138,0.006893746554851532,0.006531089544296265,0.005331186577677727,0.007310840766876936,0.0034618049394339323,0.0024892683140933514,0.004249239806085825,0.005533140618354082,0.00583278713747859,0.006600361783057451,0.008308079093694687,0.008225134573876858,0.007989485748112202,0.010386308655142784,0.008833521977066994,0.00962655246257782,0.009557456709444523,0.008626473136246204,0.008460469543933868,0.014374058693647385,0.012173780240118504,0.012598071247339249
ADI,19,2026-04-07 18:15:00+00:00,14:15,0.012346498668193817,up,-0.004456752445548773,-0.0023640647996217012,-0.006494391243904829,-0.0023260903544723988,0.0010539187351241708,-0.0013885947410017252,-0.00401007616892457,-0.003499905578792095,-0.003927969373762608,-0.0013607267756015062,0.0009896496776491404,0.0024869944900274277,0.002351578325033188,0.0015800867695361376,0.0018286090344190598,-0.0006601278437301517,0.0013952087610960007,0.0015528752701357007,-0.0006168826948851347,-0.0010388263035565615,-0.0020563038997352123,-0.005770950112491846,-0.0029830746352672577,0.0038950247690081596,0.0013986544217914343,0.012346498668193817
HUM,19,2026-04-07 18:15:00+00:00,14:15,0.01225417573004961,up,-0.0035790458787232637,-0.009293780662119389,-0.016473200172185898,-0.010755973868072033,-0.011606074869632721,-0.012923468835651875,-0.014474115334451199,-0.008458809927105904,-0.010521653108298779,-0.005852655973285437,-0.00208789249882102,0.002790202619507909,0.004411914385855198,0.0023120169062167406,-0.0008386141853407025,-0.0016749113565310836,0.00346230692230165,-0.0009204266243614256,0.002389467554166913,0.0006888150237500668,-0.0012726420536637306,-0.007034431677311659,0.0023615474347025156,0.011577404104173183,0.01284774113446474,0.01225417573004961
HWM,19,2026-04-07 18:15:00+00:00,14:15,0.012057468295097351,up,0.003934665583074093,0.0055048055946826935,0.0031524752266705036,0.0020213094539940357,0.0007891668356023729,-0.0019196567591279745,-0.0010774494148790836,0.0006296026986092329,0.0007217248785309494,0.0031107512768357992,0.0039939191192388535,0.006749150808900595,0.005593155510723591,0.006544016767293215,0.0028772540390491486,0.0033095490653067827,0.005754387937486172,0.005955173168331385,0.007349405903369188,0.006869344972074032,0.010436748154461384,0.005966894328594208,0.006736062001436949,0.013928010128438473,0.011286078952252865,0.012057468295097351
KO,19,2026-04-07 18:15:00+00:00,14:15,0.012042463757097721,up,0.01477899868041277,0.013504804112017155,0.015697190538048744,0.012540333904325962,0.021642323583364487,0.016915978863835335,0.016340231522917747,0.013056979514658451,0.014723731204867363,0.013222810812294483,0.013652300462126732,0.017968717962503433,0.013111095875501633,0.016283206641674042,0.01943269558250904,0.01390405185520649,0.012496784329414368,0.010748254135251045,0.008913377299904823,0.010744430124759674,0.011757143773138523,0.010542156174778938,0.008592584170401096,0.011115852743387222,0.007020291872322559,0.012042463757097721
F,19,2026-04-07 18:15:00+00:00,14:15,0.011908106505870819,up,0.0016291203210130334,0.014601279981434345,-0.000796138949226588,0.0011788804549723864,0.000979469739831984,-0.004840955603867769,-0.0067387237213552,-0.002816444030031562,0.0020964841824024916,0.009379075840115547,0.016051530838012695,0.013993942178785801,0.013934923335909843,0.017334531992673874,0.01657387614250183,0.0188075490295887,0.02135985903441906,0.019637463614344597,0.016551267355680466,0.015487519092857838,0.01741163246333599,0.012369082309305668,0.0086950259283185,0.014893081970512867,0.009078610688447952,0.011908106505870819
TER,19,2026-04-07 18:15:00+00:00,14:15,0.011820359155535698,up,-0.013201992958784103,-0.013155491091310978,-0.01869356445968151,-0.019082313403487206,-0.016941554844379425,-0.019592802971601486,-0.02166791632771492,-0.014426939189434052,-0.014033437706530094,-0.013329305686056614,-0.012236509472131729,-0.010164586827158928,-0.006799354217946529,-0.0030376017093658447,0.0010732238879427314,-0.0064215450547635555,0.0018331214087083936,0.0009951028041541576,-0.0002227845834568143,-0.0028454845305532217,-0.0010129644069820642,-0.006845398806035519,-0.00664426339790225,0.003916156943887472,0.004466668702661991,0.011820359155535698
VTRS,19,2026-04-07 18:15:00+00:00,14:15,0.011700226925313473,up,-0.0026007185224443674,0.010814887471497059,0.010701028630137444,0.014001107774674892,0.004671445116400719,0.005922622978687286,0.005130390170961618,0.007225377019494772,0.004881999921053648,0.005596683826297522,0.010228033177554607,0.009697041474282742,0.013511523604393005,0.012591193430125713,0.01218048669397831,0.012255779467523098,0.015408641658723354,0.012326364405453205,0.010058747604489326,0.011938761919736862,0.01185403298586607,0.007527227513492107,0.007502398919314146,0.016210807487368584,0.009916410781443119,0.011700226925313473
XYZ,19,2026-04-07 18:15:00+00:00,14:15,0.011699245311319828,up,-0.005603059660643339,-0.007243346888571978,-0.0070520685985684395,-0.0024510237853974104,-0.002954967087134719,-0.0021904094610363245,-0.006298088002949953,-0.0022792057134211063,-0.005182705353945494,-0.002163250232115388,0.0013517222832888365,0.0015638128388673067,0.003079029731452465,0.005391811951994896,0.004477784503251314,0.0023375966120511293,0.0072722770273685455,0.004392939619719982,0.0043351175263524055,0.0028384847100824118,0.003504168475046754,-0.001456941245123744,5.6125976698240265e-05,0.008653356693685055,0.004011949989944696,0.011699245311319828
ON,19,2026-04-07 18:15:00+00:00,14:15,0.01074850931763649,up,-0.0018641379429027438,-0.003236759454011917,-0.005049716215580702,-0.004640839993953705,-0.0052612847648561,-0.0053453026339411736,-0.008140080608427525,-0.005539854057133198,-0.008849913254380226,-0.004290164448320866,-0.003449358744546771,-0.0004742724122479558,0.002896462567150593,0.003749408293515444,0.003309587948024273,0.003113575978204608,0.005112435668706894,0.003962362185120583,0.00334542547352612,0.00475010322406888,0.006616062019020319,0.004465708043426275,0.006972645875066519,0.010804722085595131,0.00732369115576148,0.01074850931763649
V,19,2026-04-07 18:15:00+00:00,14:15,0.010715666227042675,up,0.004889997188001871,0.004930044058710337,0.0067023648880422115,0.006264893803745508,0.006538536865264177,0.005414680577814579,0.004640488885343075,0.006207782309502363,0.0038695845287293196,0.0014013241743668914,0.005885102786123753,0.0059512099251151085,0.006409755442291498,0.007340518292039633,0.008664818480610847,0.008285843767225742,0.008296439424157143,0.007052549161016941,0.009593073278665543,0.007476504426449537,0.006776228081434965,0.00479638809338212,0.0035168377216905355,0.00641531590372324,0.0060339258052408695,0.010715666227042675
GLW,19,2026-04-07 18:15:00+00:00,14:15,0.010673676617443562,up,-0.005868691951036453,-0.003054551314562559,-0.010203943587839603,-0.005399869289249182,-0.0062419455498456955,-0.0032263053581118584,-0.0044839405454695225,-0.0047440542839467525,-0.003721988992765546,-0.0005599200958386064,0.006420782767236233,0.005230067763477564,0.0023934063501656055,0.002519369823858142,0.004378671757876873,0.00288104685023427,0.005045036785304546,0.005066572222858667,0.007519221864640713,0.00590470340102911,0.0047075445763766766,-0.0007713850354775786,0.00429198145866394,0.0020745452493429184,0.004101390019059181,0.010673676617443562
MKC,19,2026-04-07 18:15:00+00:00,14:15,0.010641251690685749,up,0.010607841424643993,0.00899805873632431,0.0071065472438931465,0.007406359538435936,0.0045844572596251965,0.002357629593461752,-0.0012779339449480176,0.0007080432260408998,0.004520202986896038,0.006058498751372099,0.006112768780440092,0.008527683094143867,0.009098014794290066,0.009930416010320187,0.00886839535087347,0.007104265503585339,0.010999873280525208,0.010093733668327332,0.011372282169759274,0.01259553525596857,0.009129184298217297,0.008233976550400257,0.00978589802980423,0.013957953080534935,0.012163118459284306,0.010641251690685749
CEG,19,2026-04-07 18:15:00+00:00,14:15,0.010486054234206676,up,-0.00892119761556387,-0.005620127078145742,-0.011923528276383877,-0.010828245431184769,-0.013065095990896225,-0.016249459236860275,-0.020997831597924232,-0.015474106185138226,-0.01885126903653145,-0.013220657594501972,-0.009519493207335472,-0.009271913208067417,-0.00911622028797865,-0.006748674903064966,-0.010494353249669075,-0.013341485522687435,-0.010467673651874065,-0.010243122465908527,-0.01034487970173359,-0.011995663866400719,-0.012232200242578983,-0.015275349840521812,-0.012576085515320301,-0.004262755159288645,-0.00369060761295259,0.010486054234206676
TJX,19,2026-04-07 18:15:00+00:00,14:15,0.01048237644135952,up,0.0027943600434809923,0.0037178550846874714,0.0005997616099193692,0.004252682905644178,0.006295270752161741,0.0037821463774889708,0.0012626009993255138,0.003059376496821642,0.0011744741350412369,0.0015816743252798915,0.0031284354627132416,0.004790328908711672,0.004408976063132286,0.005182443652302027,0.0014487904263660312,0.0033707492984831333,0.005087026860564947,0.002988215070217848,0.0035929919686168432,0.0022014821879565716,0.002532827900722623,0.0012913555838167667,0.003146601375192404,0.006670501548796892,0.003850518958643079,0.01048237644135952
SBAC,19,2026-04-07 18:15:00+00:00,14:15,0.010430948808789253,up,-0.004206342622637749,-0.005580476950854063,-0.008714073337614536,-0.002881712978705764,-0.0077943033538758755,-0.009764392860233784,-0.012387070804834366,-0.011828731745481491,-0.013154086656868458,-0.011968853883445263,-0.008770735934376717,-0.008455336093902588,-0.008673528209328651,-0.007717775646597147,-0.006614497397094965,-0.0040029254741966724,-0.003945403266698122,-0.005889096762984991,-0.0032788985408842564,-0.0014613228850066662,-0.001497738528996706,-0.0032478640787303448,-0.000515503459610045,0.004093033727258444,0.004945451393723488,0.010430948808789253
IT,19,2026-04-07 18:15:00+00:00,14:15,0.010398076847195625,up,-0.007115647662431002,0.000848818919621408,-0.007958070375025272,-0.003830687841400504,-0.009764373302459717,-0.010552356950938702,-0.01097235269844532,-0.009977411478757858,-0.007293908391147852,-0.007759175729006529,0.0006567998789250851,-0.0004799643938895315,0.0011558829573914409,0.0014307282399386168,0.0014536463422700763,-3.72239483112935e-05,0.001251192414201796,0.002060437109321356,-0.0016325777396559715,0.0018177678575739264,0.0020712001714855433,0.0004802676266990602,-0.00023472927568946034,0.0021842969581484795,-0.0017441597301512957,0.010398076847195625
COP,19,2026-04-07 18:15:00+00:00,14:15,0.01028924249112606,up,0.007564166560769081,0.013570175506174564,0.01619759202003479,0.016376327723264694,0.018810298293828964,0.020546140149235725,0.021911542862653732,0.015168918296694756,0.013592558912932873,0.010287347249686718,0.012998241931200027,0.01167968288064003,0.008476789109408855,0.007675489876419306,0.010563690215349197,0.009991489350795746,0.007341715507209301,0.010754537768661976,0.010190128348767757,0.010335473343729973,0.009336593560874462,0.009317556396126747,0.009079009294509888,0.010799745097756386,0.009222093969583511,0.01028924249112606
BXP,19,2026-04-07 18:15:00+00:00,14:15,0.01013315748423338,up,0.0029187893960624933,0.004773262422531843,0.0025170515291392803,0.004269618075340986,0.0007851970149204135,0.0003848592459689826,-0.002588992938399315,-0.0033174585551023483,0.0017623184248805046,0.0009673730237409472,5.3790106903761625e-05,0.001178518868982792,0.0020762684289366007,0.0031056441366672516,0.005648854188621044,0.005188792012631893,0.006943364627659321,0.006230750121176243,0.0058168149553239346,0.005859336815774441,0.0059173740446567535,0.005252534057945013,0.004761676304042339,0.007754076737910509,0.005991706624627113,0.01013315748423338
FOX,19,2026-04-07 18:15:00+00:00,14:15,0.01003448199480772,up,-0.004705793224275112,-0.0016002148622646928,-0.001533951610326767,0.0013674910878762603,-0.0007930530700832605,-0.0006181582575663924,-0.0031292943749576807,-0.004035686142742634,-9.152144775725901e-05,-0.0004244354204274714,0.0005274980794638395,0.002298698527738452,0.0019354487303644419,0.002382389735430479,0.0024325663689523935,0.0019339817808941007,0.004494707565754652,0.00431445799767971,0.004326286725699902,0.0050666118040680885,0.005244480445981026,0.005002788733690977,0.0035029982682317495,0.007753981743007898,0.006462001707404852,0.01003448199480772
UBER,19,2026-04-07 18:15:00+00:00,14:15,0.009974160231649876,up,0.013156462460756302,0.015284018591046333,0.011740239337086678,0.014002361334860325,0.007994897663593292,0.001633944339118898,-0.0044944207184016705,0.00097771012224257,-0.0010219438700005412,0.0018913497915491462,0.0019725938327610493,0.0020718625746667385,0.003873040433973074,0.0056858486495912075,0.0051798345521092415,0.0040449779480695724,0.005819867365062237,0.006349163595587015,0.004069381859153509,0.005269851069897413,0.006474758498370647,0.0028543774969875813,0.004176225513219833,0.005991257727146149,0.0034601993393152952,0.009974160231649876
CSGP,19,2026-04-07 18:15:00+00:00,14:15,0.009793557226657867,up,-0.0005690358811989427,0.014170638285577297,0.0058717988431453705,0.0110499057918787,0.003928976133465767,0.004448324907571077,-0.0016699902480468154,-0.0009716653730720282,0.004711605608463287,0.0014219643780961633,0.00281245494261384,0.0013377064606174827,0.003620038041844964,0.007212263066321611,0.0054271831177175045,0.004059068858623505,0.0044255731627345085,0.004805573727935553,0.0032515174243599176,0.0038952070754021406,0.006961188279092312,0.005592705216258764,0.008259902708232403,0.009937643073499203,0.01007927767932415,0.009793557226657867
CHRW,19,2026-04-07 18:15:00+00:00,14:15,0.009752640500664711,up,0.002194917993620038,0.002648227149620652,-0.001815847703255713,0.0009937490103766322,-0.0005449454765766859,-0.002572110155597329,-0.0043890527449548244,-0.0012470147339627147,-0.0002164411562262103,-0.002741330536082387,-0.0019513726001605392,-0.0032500121742486954,-0.00014421268133446574,0.00020811679132748395,-0.0005865984712727368,-0.0014735672157257795,0.0014500175602734089,-0.0002353871677769348,0.00011885743879247457,-0.0031674846541136503,-0.0018823783611878753,-0.0013300547143444419,0.002631562761962414,0.005893304944038391,0.004943384788930416,0.009752640500664711
OMC,19,2026-04-07 18:15:00+00:00,14:15,0.009643279947340488,up,0.011223136447370052,0.012234240770339966,0.010669568553566933,0.014013763517141342,0.012644740752875805,0.008150896057486534,0.004705146886408329,0.005099630448967218,0.004907497204840183,0.006890622898936272,0.009001104161143303,0.01275458000600338,0.011087778955698013,0.009864820167422295,0.012844040989875793,0.008529070764780045,0.00977338571101427,0.00887836329638958,0.010930466465651989,0.009020889177918434,0.0075499084778130054,0.0025998535566031933,0.004687997046858072,0.009193000383675098,0.005824406631290913,0.009643279947340488
BLDR,19,2026-04-07 18:15:00+00:00,14:15,0.009373163804411888,up,0.003916651476174593,0.016524983569979668,0.005930881015956402,0.008722678758203983,0.012226459570229053,0.004619741812348366,0.0007823065388947725,0.0031307025346904993,0.00733108539134264,0.0022080938797444105,0.0015228654956445098,0.00010464301885804161,0.00025534097221679986,0.0027199212927371264,0.003965419251471758,-0.0018849738407880068,-0.0016203549457713962,-0.0011936607770621777,-0.0033773903269320726,-0.0033145372290164232,0.002067746128886938,-0.0015989040257409215,-0.0003800010308623314,0.0077315280213952065,0.0032303594052791595,0.009373163804411888
AMZN,19,2026-04-07 18:15:00+00:00,14:15,0.009280916303396225,up,-0.004884639289230108,-0.008574992418289185,-0.014008061960339546,-0.01008477620780468,-0.01398476678878069,-0.017148951068520546,-0.018339313566684723,-0.01144799031317234,-0.009195833466947079,-0.005225358996540308,-0.0034977984614670277,-0.004562110174447298,-0.004824345465749502,-0.005975488107651472,-0.005764451809227467,-0.005619657691568136,0.0022002579644322395,-0.0003653159365057945,0.0021110570523887873,-0.0006062837783247232,-0.0010042613139376044,-0.005290044471621513,-0.0037634321488440037,0.0010340709704905748,0.0023231059312820435,0.009280916303396225
NVDA,19,2026-04-07 18:15:00+00:00,14:15,0.009196331724524498,up,-0.005283564794808626,-0.010781429708003998,-0.015460274182260036,-0.011705227196216583,-0.013078682124614716,-0.01580911874771118,-0.010996624827384949,-0.0065759276039898396,-0.007805135566741228,-0.004894200246781111,0.0008477400406263769,-0.0006902802851982415,-0.0025402288883924484,-0.0004974325420334935,-0.0014334049774333835,-9.272775059798732e-05,-0.001173034543171525,-0.0021780540701001883,-0.004093368537724018,-0.0061541167087852955,-0.004209550563246012,-0.005683073308318853,-0.004792209714651108,-0.0007707868353463709,0.0036401923280209303,0.009196331724524498
PANW,19,2026-04-07 18:15:00+00:00,14:15,0.009166378527879715,up,-0.009776578284800053,-0.007910352200269699,-0.012339698150753975,-0.004819531925022602,-0.005490337032824755,-0.006354117300361395,-0.010046019218862057,-0.006252584047615528,-0.006240459159016609,-0.004646997898817062,-0.0020893970504403114,0.0005070603219792247,0.0012327065924182534,0.00046461066813208163,-0.0015834460500627756,-0.0021306402049958706,-0.0006384008447639644,0.0011277893790975213,-0.0014934987993910909,-0.0016664501745253801,-0.0013859319733455777,-0.0037795319221913815,-0.0004876084567513317,0.0066414340399205685,0.00615562591701746,0.009166378527879715
WFC,19,2026-04-07 18:15:00+00:00,14:15,0.009128395467996597,up,-0.005769180599600077,-0.0010951891308650374,-0.004803927149623632,0.0003806166641879827,-0.0003393507795408368,-8.71707234182395e-05,-0.002057095756754279,-0.0003812416980508715,-0.001267524203285575,-0.001998919527977705,0.00012501387391239405,0.0010228739120066166,0.00020537033560685813,0.0039346166886389256,0.005784016568213701,0.004477072972804308,0.005546826869249344,0.005992482416331768,0.0028873879928141832,0.004055103752762079,0.0030975176487118006,0.0006727633881382644,0.0029968125745654106,0.005797848105430603,0.0060486942529678345,0.009128395467996597
DAL,19,2026-04-07 18:15:00+00:00,14:15,0.009103218093514442,up,-0.004126474726945162,-0.0027920834254473448,-0.006369337905198336,-0.00437359930947423,-0.006055649369955063,-0.004761497024446726,-0.008361611515283585,-0.006951845251023769,-0.010462060570716858,-0.00921153649687767,-0.006915442179888487,-0.005021358374506235,-0.0010418317979201674,0.002296377904713154,0.0037454681005328894,0.0017624017782509327,0.002671470632776618,0.000967757951002568,3.2186208045459352e-06,-0.0007736454717814922,-0.0010359047446399927,-0.003398795612156391,-0.002452421234920621,0.0035952243488281965,0.003055608831346035,0.009103218093514442
ADM,19,2026-04-07 18:15:00+00:00,14:15,0.00907948985695839,up,0.00849915761500597,0.016372939571738243,0.01558247022330761,0.014674597419798374,0.015148655511438847,0.01875888556241989,0.007300581783056259,0.004723608959466219,0.007568402215838432,-0.0025669762399047613,-0.005727296695113182,-0.0015425310702994466,0.0008293053833767772,0.0037012011744081974,0.00033369287848472595,0.0016830246895551682,0.0028748447075486183,0.00530242221429944,-0.0002847383148036897,0.0020456654019653797,0.0034703186247497797,0.008305217139422894,0.012382525019347668,0.014743933454155922,0.010847161523997784,0.00907948985695839
SHW,19,2026-04-07 18:15:00+00:00,14:15,0.009063960053026676,up,0.0036371282767504454,0.003642700845375657,0.005197810009121895,0.005584274418652058,0.0050178468227386475,0.0030190465040504932,0.0013114535249769688,0.0017625713953748345,-0.0009349808096885681,-0.0025905834045261145,-0.0005369941936805844,0.0025867903605103493,0.007546167820692062,0.008327823132276535,0.007275348529219627,0.003896015463396907,0.006066939327865839,0.006084050051867962,0.003550973953679204,0.00408509373664856,0.003753471653908491,-0.00027596938889473677,-0.0027879602275788784,7.556351192761213e-05,0.0031093768775463104,0.009063960053026676
FITB,19,2026-04-07 18:15:00+00:00,14:15,0.009019177407026291,up,-0.003859920660033822,0.0006491983658634126,-0.0011659901356324553,0.0031105356756597757,0.0013903866056352854,0.0023801520001143217,-0.0013006865046918392,0.0015518154250457883,0.0013299024431034923,-0.0001341126480838284,0.0015698729548603296,0.0006473495159298182,0.001989581622183323,0.0020018310751765966,0.0038693356327712536,0.0030904635787010193,0.00580530846491456,0.005485234782099724,0.0049778250977396965,0.004780934192240238,0.004252293612807989,0.002359958365559578,0.003366718301549554,0.007530267350375652,0.00655387993901968,0.009019177407026291
MS,19,2026-04-07 18:15:00+00:00,14:15,0.008952530100941658,up,-0.0042492179200053215,6.162533827591687e-05,-0.0017589133931323886,0.0034819087013602257,0.003412405028939247,-0.0009306508000008762,-0.005894619505852461,-0.0002524253213778138,-0.0013181886170059443,-0.0012834338704124093,0.0019580875523388386,0.0022530292626470327,0.0005433621117845178,0.0024269421119242907,0.0030288374982774258,0.001132883015088737,0.004767734091728926,0.004668381065130234,0.00473034055903554,0.002862438326701522,0.002532126847654581,-0.0009476239793002605,-0.0010812164982780814,0.006242107599973679,0.005590158049017191,0.008952530100941658
PEP,19,2026-04-07 18:15:00+00:00,14:15,0.008933003060519695,up,0.002350376918911934,0.005424482747912407,0.0030046298634260893,0.0032637554686516523,0.0038538086228072643,0.00188624975271523,0.00018295468180440366,0.0006290607270784676,0.000955740106292069,-0.0022180420346558094,0.0014580904971808195,0.0040480527095496655,0.003209739224985242,0.004729991313070059,0.004668427165597677,0.003695662133395672,0.0050884513184428215,0.003965106327086687,0.0034482507035136223,0.005810609553009272,0.004667956382036209,0.0025779346469789743,0.0050786384381353855,0.0068349214270710945,0.007082832045853138,0.008933003060519695
GIS,19,2026-04-07 18:15:00+00:00,14:15,0.008888952434062958,up,0.003612533211708069,0.005204551387578249,0.006156423594802618,0.005860823672264814,0.004036872647702694,0.004278013948351145,0.0033295345492661,0.0009405414457432926,-0.0010521698277443647,-0.003479296574369073,-0.0006857013795524836,0.0024918471463024616,0.0031977384351193905,0.005846546031534672,0.005126082804054022,0.004177866503596306,0.004684367682784796,0.0032561325933784246,0.003896186826750636,0.007161659188568592,0.005929937120527029,0.005011346191167831,0.004342622589319944,0.007576972711831331,0.004338116385042667,0.008888952434062958
CVS,19,2026-04-07 18:15:00+00:00,14:15,0.008851583115756512,up,0.00434482516720891,0.002451211679726839,-0.0036807756405323744,0.001283201272599399,0.002690174849703908,-0.0014773927396163344,-0.001518903416581452,0.002617491176351905,-0.004801206290721893,0.002654487732797861,0.00603498937562108,0.005761254578828812,0.01115929614752531,0.010870621539652348,0.0112999826669693,0.008840539492666721,0.003930310718715191,0.0061851488426327705,0.00461964076384902,0.005493992939591408,0.003843061625957489,0.001428834511898458,0.0009366881567984819,0.002342399675399065,0.002842976711690426,0.008851583115756512
HII,19,2026-04-07 18:15:00+00:00,14:15,0.008835816755890846,up,-0.0010415773140266538,0.005532383918762207,-0.0007121069938875735,0.003475589444860816,0.0009872326627373695,-0.000605459907092154,-0.001589348423294723,-0.0014487343141809106,-0.0019031112315133214,0.00015819293912500143,0.0016922904178500175,0.00734094250947237,0.00498892180621624,0.006115159019827843,0.0026212658267468214,0.0019359930884093046,0.003660748712718487,0.006588067393749952,-0.000561181572265923,0.0011719272006303072,0.001559714088216424,0.002827100921422243,0.006677227560430765,0.015109196305274963,0.009929369203746319,0.008835816755890846
CAG,19,2026-04-07 18:15:00+00:00,14:15,0.00870426930487156,up,-0.001460319384932518,0.0063345832750201225,0.00552606675773859,0.005995778366923332,0.0032503046095371246,0.0023459040094166994,-0.0014035191852599382,-0.0037983080837875605,-0.00016150916053447872,0.0007297986303456128,0.006304183509200811,0.006497975438833237,0.009630092419683933,0.010586680844426155,0.008851712569594383,0.009455019608139992,0.015071772038936615,0.012561406940221786,0.010975155979394913,0.013239780440926552,0.011093119159340858,0.006196785252541304,0.005704243201762438,0.0124911367893219,0.00830887258052826,0.00870426930487156
TMUS,19,2026-04-07 18:15:00+00:00,14:15,0.008516864851117134,up,0.00366444350220263,0.004550793208181858,0.007008739281445742,0.006640969775617123,0.011118538677692413,0.007533149793744087,0.010276274755597115,0.012057206593453884,0.009777344763278961,0.010021401569247246,0.008914182893931866,0.009614086709916592,0.005697418004274368,0.0062643541023135185,0.00904029794037342,0.010177481919527054,0.0070396470837295055,0.009538080543279648,0.008646693080663681,0.007661459967494011,0.00768193369731307,0.004703436978161335,0.00788321066647768,0.008590349927544594,0.009820080362260342,0.008516864851117134
ODFL,19,2026-04-07 18:15:00+00:00,14:15,0.008075680583715439,up,-0.004938924685120583,-0.002641845727339387,-0.0024591542314738035,0.0038054485339671373,-0.0019537771586328745,-0.002102513099089265,-0.00458779651671648,-0.001452649594284594,-0.0038310333620756865,-0.0018994620768353343,-0.004882985260337591,-0.0033310772851109505,-0.007336204871535301,-0.00265680905431509,-0.005240772385150194,-0.00662116426974535,-0.006411072798073292,-0.005510038696229458,-0.007373851258307695,-0.004564756527543068,-0.005000039469450712,-0.0028245344292372465,0.002122277859598398,0.005322987679392099,0.007746111135929823,0.008075680583715439
TSCO,19,2026-04-07 18:15:00+00:00,14:15,0.008031989447772503,up,-0.007810576353222132,0.0004995460039936006,0.0007129853474907577,0.002743049757555127,-0.0002576169790700078,-0.0010996110504493117,-0.0075767748057842255,-0.008429679088294506,-0.0012897334527224302,-0.0033705446403473616,-0.0003061669413000345,0.0004544751427602023,0.0054671913385391235,0.006399197969585657,0.002834465354681015,0.002812410704791546,0.004908792208880186,0.003628142410889268,0.0022044526413083076,0.0012829367769882083,0.0010844534263014793,-0.002873874269425869,-0.0009818098042160273,0.0036097178235650063,0.003532696980983019,0.008031989447772503
APD,19,2026-04-07 18:15:00+00:00,14:15,0.007957837544381618,up,0.006704198662191629,0.008043809793889523,0.009959587827324867,0.00832389760762453,0.009208481758832932,0.007385164499282837,0.006303573492914438,0.004816548433154821,0.006625805050134659,0.004423889331519604,0.006236135493963957,0.005613017361611128,0.0044900416396558285,0.0044222259894013405,0.004288331605494022,0.0028287721797823906,0.004565997514873743,0.004302724730223417,0.003881180426105857,0.00415978254750371,0.004639126360416412,0.003100451547652483,0.002889192197471857,0.0037349979393184185,0.0019257564563304186,0.007957837544381618
RCL,19,2026-04-07 18:15:00+00:00,14:15,0.0076800561510026455,up,-0.007234802935272455,-0.00774965388700366,-0.011861206963658333,-0.006176216993480921,-0.010088957846164703,-0.011120823211967945,-0.015300598926842213,-0.007695636712014675,-0.016145741567015648,-0.008955728262662888,-0.005742769222706556,-0.005093383602797985,-0.005773747339844704,-0.00509506044909358,-0.005074242129921913,-0.007827221415936947,-0.0029963129200041294,-0.005151960067451,-0.006445486098527908,-0.009080441668629646,-0.009119803085923195,-0.00994067918509245,-0.008354144170880318,-0.0014592531369999051,-0.004129219800233841,0.0076800561510026455
FIS,19,2026-04-07 18:15:00+00:00,14:15,0.007650020532310009,up,-0.0071070222184062,0.000127305174828507,0.00013183987175580114,0.0012449146015569568,0.0007365548517554998,-0.0028217078652232885,-0.006129818502813578,-0.004584025125950575,-0.004491782281547785,-0.0001174216959043406,0.0016950200079008937,0.004140773322433233,0.003372916951775551,0.003608464729040861,0.002192389452829957,-0.00024621255579404533,0.0049718874506652355,0.0021891621872782707,0.002144957659766078,0.00478902505710721,0.003576964372768998,-7.33638516976498e-05,0.0016414155252277851,0.0035067133139818907,0.0030299019999802113,0.007650020532310009
TPL,19,2026-04-07 18:15:00+00:00,14:15,0.007353262510150671,up,-0.008256890811026096,-0.006336762569844723,-0.0019314461387693882,-0.003196844831109047,-0.003709298325702548,-0.004974839743226767,-0.005443297326564789,-0.0029340216424316168,-0.005448790732771158,-0.010528056882321835,-0.0047102803364396095,-0.004740135278552771,-0.010568574070930481,-0.009298955090343952,-0.009940437972545624,-0.007561225909739733,-0.007518226280808449,-0.004340382758527994,-0.005403145682066679,-0.004508425947278738,-0.0035767615772783756,-0.005738971289247274,-0.0039009815081954002,-0.0018739646766334772,-0.005625707563012838,0.007353262510150671
TECH,19,2026-04-07 18:15:00+00:00,14:15,0.007350016385316849,up,-0.0025273580104112625,0.00025159187498502433,-0.002374467672780156,-0.005592179484665394,-0.009474849328398705,-0.005051078740507364,-0.006900804117321968,-0.004476489964872599,-0.0022855782881379128,-0.0027817434165626764,-0.002772677456960082,-0.001192237250506878,-0.0010904385708272457,0.0025011850520968437,0.003336699679493904,0.0036038814578205347,0.005512254312634468,0.0024938147980719805,0.0005247568478807807,0.000286022579530254,0.001148079987615347,-0.0021207823883742094,0.0017005252884700894,0.007126686628907919,0.004857944790273905,0.007350016385316849
TXN,19,2026-04-07 18:15:00+00:00,14:15,0.007258221041411161,up,-0.0024005877785384655,-0.0006492944667115808,-0.0018175686709582806,-0.002394546288996935,-0.0012907497584819794,-0.0007751522352918983,-0.003009631298482418,-0.0024148800875991583,-0.001019280985929072,-6.016587940393947e-05,-0.0013508431147783995,0.0003666713018901646,-0.0014600297436118126,-0.0013585971901193261,-0.0011325624072924256,-0.0006907896022312343,0.0042539010755717754,0.0029028854332864285,0.0033146084751933813,0.0014354565646499395,0.0028354465030133724,0.0004992085159756243,0.0031607344280928373,0.004468183033168316,0.002689115237444639,0.007258221041411161
LITE,19,2026-04-07 18:15:00+00:00,14:15,0.0072462232783436775,up,-0.0005794775206595659,-0.01038182619959116,-0.012524468824267387,-0.004955451935529709,-0.00807530153542757,-0.012932353653013706,-0.013580447994172573,-0.0075775920413434505,-0.01046998891979456,-0.002580141881480813,-0.0004142411344218999,0.00273590674623847,0.0001915839675348252,0.0010079984785988927,0.00021868811745662242,0.0007792572723701596,-0.0007322331657633185,-0.005062995944172144,-0.002315534045919776,-0.002679137047380209,-0.0058382065035402775,-0.012864826247096062,-0.010226234793663025,-0.006026935297995806,-0.0020835024770349264,0.0072462232783436775
LYB,19,2026-04-07 18:15:00+00:00,14:15,0.007139910943806171,up,0.01314805168658495,0.02410263568162918,0.019054638221859932,0.021017907187342644,0.021781403571367264,0.019395511597394943,0.01286044716835022,0.017701465636491776,0.013123155571520329,0.013838838785886765,0.01514647901058197,0.014983931556344032,0.011377104558050632,0.014107191003859043,0.014659805223345757,0.015698665753006935,0.014149322174489498,0.011166442185640335,0.012468403205275536,0.010398712940514088,0.010839613154530525,0.008359340950846672,0.007542503997683525,0.011366091668605804,0.007994026876986027,0.007139910943806171
PH,19,2026-04-07 18:15:00+00:00,14:15,0.006998061202466488,up,-0.004754946567118168,-0.001398205989971757,-0.004245582036674023,-0.0006243850220926106,0.001783633721061051,-1.7867125279735774e-05,-0.002910809824243188,-0.0008043557754717767,-0.0007510273717343807,-0.0011211989913135767,0.0003727720177266747,0.002745146630331874,0.004237023647874594,0.004602213390171528,0.004567365162074566,0.0028629470616579056,0.0055669574066996574,0.003684822004288435,0.0009034520480781794,0.0019114984897896647,0.0004034754238091409,-0.001202589483000338,0.00029050788725726306,0.001949845114722848,0.0012940227752551436,0.006998061202466488
MU,19,2026-04-07 18:15:00+00:00,14:15,0.006915433332324028,up,-0.00724968034774065,-0.01757759228348732,-0.026920929551124573,-0.020992260426282883,-0.024872111156582832,-0.03244307264685631,-0.031507767736911774,-0.02660626359283924,-0.021733328700065613,-0.018806062638759613,-0.011370266787707806,-0.011249157600104809,-0.005169665906578302,-0.007684826385229826,-0.007624973077327013,-0.010272303596138954,-0.009469080716371536,-0.009393731132149696,-0.012332168407738209,-0.013721384108066559,-0.017630578950047493,-0.023959454149007797,-0.021395225077867508,-0.016323275864124298,-0.010052075609564781,0.006915433332324028
MAR,19,2026-04-07 18:15:00+00:00,14:15,0.006888644769787788,up,-0.002793495310470462,-0.003584882477298379,-0.001381177338771522,0.0022822271566838026,-0.0031719428952783346,0.0011060871183872223,-0.00490080751478672,-0.0033712952863425016,-0.00486870389431715,-0.008340026251971722,-0.006534709129482508,-0.003816374111920595,-0.010834606364369392,-0.009466871619224548,-0.011151527985930443,-0.014021994546055794,-0.014136924408376217,-0.01051231287419796,-0.010214243084192276,-0.007268975954502821,-0.0008565568714402616,-0.002798856934532523,-0.0023442492820322514,0.0018279552459716797,-0.0025727986358106136,0.006888644769787788
MPWR,19,2026-04-07 18:15:00+00:00,14:15,0.00685648899525404,up,-0.0019133789464831352,-0.0075407084077596664,-0.005458188243210316,-0.0023990031331777573,0.0017520955298095942,-0.0004056015459354967,-0.0008536333916708827,0.0014152246294543147,-0.0029816743917763233,-0.0007575976196676493,0.0018782983534038067,0.0013750611105933785,0.00032659946009516716,-0.0009736064821481705,-6.914715049788356e-05,-0.0005781168001703918,0.0019441295880824327,0.0001628569298190996,0.000809175951872021,0.0009919758886098862,-0.0018505947664380074,-0.006329386495053768,-0.002809259807690978,-0.0003799943078774959,0.0005775857716798782,0.00685648899525404
AAPL,19,2026-04-07 18:15:00+00:00,14:15,0.006817118730396032,up,-0.00429571745917201,-0.009222238324582577,-0.013779853470623493,-0.013335294090211391,-0.013131484389305115,-0.01735118217766285,-0.014688014052808285,-0.010546802543103695,-0.01396238524466753,-0.012194933369755745,-0.011773871257901192,-0.0055473241955041885,-0.004702337086200714,-0.006530637387186289,-0.003992022480815649,-0.006443544756621122,-0.002659495919942856,-0.0029327338561415672,-0.0026919529773294926,-0.004224407486617565,-0.007738946471363306,-0.011950199492275715,-0.008930006064474583,-0.0037710077594965696,-0.005125425755977631,0.006817118730396032
BAC,19,2026-04-07 18:15:00+00:00,14:15,0.006694458890706301,up,-0.0077929310500621796,-0.004985170904546976,-0.00506717711687088,-0.0036958004347980022,-0.002099921926856041,-0.0009590263944119215,-0.00344175030477345,-0.0012372639030218124,-0.0002819598012138158,-0.0010670301271602511,-0.0006619168561883271,-0.000920768070500344,-0.001709752599708736,-0.001548023778013885,0.0010660623665899038,0.0010081398067995906,0.0011583452578634024,0.004323987755924463,0.0037045502103865147,0.003389328019693494,0.003179817460477352,0.0015653229784220457,0.0031099417246878147,0.006532375235110521,0.005799198988825083,0.006694458890706301
HSIC,19,2026-04-07 18:15:00+00:00,14:15,0.006687026470899582,up,0.008616975508630276,0.008628925308585167,0.008209341205656528,0.005430486053228378,0.010310366749763489,0.007621851284056902,0.008088473230600357,0.005087778437882662,0.00524295587092638,0.004309532232582569,0.0015616483287885785,0.004021960310637951,0.0015381587436422706,0.0033220495097339153,0.008463057689368725,0.0029475996270775795,0.004495785105973482,0.004469301085919142,0.003375715110450983,0.002573007717728615,0.0038416623137891293,0.0016352905659005046,-0.0007170141325332224,0.007991034537553787,0.003002334851771593,0.006687026470899582
BMY,19,2026-04-07 18:15:00+00:00,14:15,0.006639211904257536,up,-0.00022855099814478308,0.002703734440729022,0.0005417069769464433,0.006859036162495613,0.005935679189860821,0.006409090012311935,-4.8995942051988095e-05,-0.0009904711041599512,-0.00044788705417886376,-0.0020638720598071814,0.00046411651419475675,0.0014383125817403197,0.0018714959733188152,0.0036867749877274036,0.005016567651182413,0.0048001352697610855,0.004229102283716202,0.0006859040004201233,0.001052915002219379,0.0011835787445306778,0.002115934155881405,-0.0006082685431465507,-0.0008830642909742892,0.0021252234000712633,0.0012063797330483794,0.006639211904257536
FISV,19,2026-04-07 18:15:00+00:00,14:15,0.006285796873271465,up,-0.00130883464589715,0.0010323189198970795,-0.0027570975944399834,-0.0009114099084399641,-0.0039214324206113815,-0.002920694649219513,-0.0037224125117063522,-0.0019834775011986494,-0.0005785304238088429,-0.0007723805028945208,0.0017969260225072503,0.006058791186660528,0.00482593709602952,0.006188105326145887,0.00646011158823967,0.0028876278083771467,0.008402951061725616,0.005622662138193846,0.005789406131953001,0.006740858778357506,0.007521773688495159,0.0008197001880034804,0.0034793983213603497,0.008337866514921188,0.005752967204898596,0.006285796873271465
EIX,19,2026-04-07 18:15:00+00:00,14:15,0.006275568623095751,up,0.0020870266016572714,0.006864012219011784,0.002930402522906661,0.005270237103104591,0.006297951098531485,0.0027276070322841406,0.0018525909399613738,0.0040449234656989574,0.0014451973838731647,0.002444983460009098,0.009573541581630707,0.0018006275640800595,0.006381128914654255,0.005904814228415489,0.007620364427566528,0.0054345703683793545,0.007672784384340048,0.0006925183115527034,0.005809244234114885,0.005746275652199984,0.005015920847654343,-0.0007549080764874816,-0.0017011453164741397,0.00031246006255969405,-0.00026525362045504153,0.006275568623095751
IR,19,2026-04-07 18:15:00+00:00,14:15,0.006249716971069574,up,-0.0013422524789348245,0.0005574648967012763,-0.0009086760110221803,0.002121243393048644,-1.1773627193178982e-06,-0.0011032501934096217,-0.0021240594796836376,0.0005784391541965306,0.002678181743249297,0.0030243785586208105,0.0053181410767138,0.006400898098945618,0.006170349661260843,0.005611815955489874,0.005761290434747934,0.004515203647315502,0.007446945179253817,0.004823632072657347,0.005839881021529436,0.003613551612943411,0.002321959938853979,-9.202922228723764e-07,-0.0013572594616562128,0.0038899709470570087,0.0018270985456183553,0.006249716971069574
OXY,19,2026-04-07 18:15:00+00:00,14:15,0.006049055140465498,up,-0.0034867937210947275,0.0028812040109187365,0.001548692467622459,-0.00029935321072116494,-0.0028327913023531437,-0.004231170751154423,-0.009055509231984615,-0.005559457000344992,-0.006725497543811798,-0.006656741723418236,-0.003933995962142944,-0.002957769203931093,-0.00106147734913975,0.001130897318944335,-0.0005328776896931231,3.608124825404957e-05,0.0034000601153820753,0.003276579547673464,0.001963311806321144,0.002169425832107663,-0.0017479649977758527,-0.0028798363637179136,-0.0014821740332990885,0.003755915444344282,0.004713699221611023,0.006049055140465498
CRM,19,2026-04-07 18:15:00+00:00,14:15,0.006016195751726627,up,0.002262803493067622,0.004272655118256807,-0.0006692842580378056,0.0052562290802598,0.0020143187139183283,-0.00019907858222723007,-0.0004506141704041511,0.0020097894594073296,0.0020756861194968224,0.0005977597320452332,0.005080154165625572,0.008841129019856453,0.009402311407029629,0.007839687168598175,0.003771304152905941,0.003270804649218917,0.007769378367811441,0.007023857440799475,0.004236964043229818,0.004107850603759289,0.004977177828550339,0.0006360852858051658,0.0021685766987502575,0.004740030970424414,0.003151664277538657,0.006016195751726627
CMG,19,2026-04-07 18:15:00+00:00,14:15,0.0059784878976643085,up,-0.01030797604471445,-0.004084831569343805,-0.007531133014708757,-0.003401086200028658,-0.007074616849422455,-0.007125879637897015,-0.011522366665303707,-0.009126926772296429,-0.008359282277524471,-0.007971660234034061,-0.005138594191521406,-0.003169683739542961,-0.0033695651218295097,4.710155917564407e-05,-0.0019931227434426546,-0.0030186190269887447,0.0005830871523357928,0.00017037420184351504,-0.0035699382424354553,-0.0012671677395701408,-0.0002127747138729319,-0.0029620344284921885,-0.005901360418647528,0.0011330294655635953,-0.002045215107500553,0.0059784878976643085
LOW,19,2026-04-07 18:15:00+00:00,14:15,0.005907317623496056,up,0.0006277131615206599,0.003154151840135455,-0.00234588491730392,-4.103605533600785e-05,-0.0021039785351604223,-0.005004803650081158,-0.00653707655146718,-0.004074153956025839,-0.004913021344691515,-0.0032508305739611387,-0.001800489379093051,-0.00014838027709629387,0.0021404866129159927,0.0006675205077044666,-0.0006539925234392285,-0.000976096373051405,0.0028320197016000748,0.002939159283414483,0.003308182582259178,0.0017688341904431581,0.0016054061707109213,-0.0003737251099664718,-2.865242277039215e-05,0.004889479372650385,0.003526169341057539,0.005907317623496056
AMCR,19,2026-04-07 18:15:00+00:00,14:15,0.005795795004814863,up,-0.0040116035379469395,0.0013480470515787601,0.0015108773950487375,0.003928931895643473,0.001460103434510529,0.001189286238513887,-0.005463551729917526,-0.009134379215538502,-0.0037146243266761303,-0.008030437864363194,-0.006049215793609619,-0.003207847010344267,0.0015828270697966218,0.0005407630815170705,-0.0014053428312763572,-0.0018802037229761481,0.0019260530825704336,0.0007292937370948493,0.0015003741718828678,0.00019710684136953205,0.0010936940088868141,0.0006233094027265906,0.001648973673582077,0.005868958774954081,0.0024280324578285217,0.005795795004814863
FIX,19,2026-04-07 18:15:00+00:00,14:15,0.005787536967545748,up,0.002427560742944479,-0.005654176231473684,-0.003915322013199329,-0.0013309664791449904,0.002541991649195552,0.0012921188026666641,-0.001237455289810896,0.0009629448759369552,-0.0031097899191081524,0.0008749211556278169,0.005718827247619629,0.006948680151253939,0.004435558337718248,0.006188658066093922,0.00407550809904933,0.0027179650496691465,0.005738327745348215,0.0040381429716944695,0.002768005942925811,0.0028173255268484354,0.0022673094645142555,0.0006464183679781854,-0.002694202121347189,0.000915317446924746,0.0010005992371588945,0.005787536967545748
COO,19,2026-04-07 18:15:00+00:00,14:15,0.005754238460212946,up,-0.00373754370957613,0.0031015046406537294,-0.001331764622591436,0.0014823152450844646,0.0006853953236714005,-0.002375692594796419,-0.006528603378683329,-0.005961912218481302,-0.0051039475947618484,-0.005018196534365416,-0.005416593048721552,-0.001851335633546114,-0.0005529322079382837,0.00037719018291682005,0.0001506271946709603,7.084677054081112e-05,0.0031449454836547375,0.0016720822313800454,0.0004411142144817859,-0.0010333822574466467,-0.001309252344071865,-0.0015182237839326262,-0.0032143881544470787,0.0018261100631207228,0.00128756754565984,0.005754238460212946
PYPL,19,2026-04-07 18:15:00+00:00,14:15,0.005732850171625614,up,-0.004449222702533007,-0.001190138515084982,-0.005604895297437906,-7.974759500939399e-05,-0.005184048321098089,-0.007903018966317177,-0.009265515021979809,-0.003735625185072422,-0.005453732330352068,-0.0014371961588039994,-0.00024215513258241117,-7.339972216868773e-05,8.545988748664968e-06,0.0018425419693812728,0.0018034203676506877,0.0008868106524460018,0.0015231715515255928,-0.0019007660448551178,0.0006370844785124063,-0.0006148553220555186,0.00015334688941948116,-0.004732846282422543,-0.0028119429480284452,0.0007904826779849827,-0.0021017775870859623,0.005732850171625614
C,19,2026-04-07 18:15:00+00:00,14:15,0.0056672776117920876,up,-0.008150672540068626,-0.008598999120295048,-0.00937042199075222,-0.005381398368626833,-0.002824824070557952,-0.004812866449356079,-0.009256236255168915,-0.007385223172605038,-0.009279611520469189,-0.007271029055118561,-0.006059026811271906,-0.005663253366947174,-0.005461822729557753,-0.004656040109694004,-0.0029952062759548426,-0.0009669067221693695,0.00085036939708516,0.0008050516480579972,-0.0007720993598923087,0.00014944402209948748,-0.0016998660285025835,-0.003700790461152792,-0.0033623198978602886,0.002052807016298175,0.001723314868286252,0.0056672776117920876
IBKR,19,2026-04-07 18:15:00+00:00,14:15,0.005585633683949709,up,-0.00727876415476203,-0.007810333743691444,-0.00901713315397501,-0.006678746547549963,-0.0092389564961195,-0.008537886664271355,-0.010647956281900406,-0.008431144058704376,-0.011836604215204716,-0.008620185777544975,-0.011217190884053707,-0.00699826842173934,-0.005828164983540773,-0.0035860182251781225,-0.002916884608566761,-0.005799354985356331,-0.003243823768571019,-0.0033445353619754314,-0.0038853748701512814,-0.0024580208119004965,-0.005174532067030668,-0.0057143219746649265,-0.004549764096736908,0.0025865689385682344,-0.0009772704215720296,0.005585633683949709
CI,19,2026-04-07 18:15:00+00:00,14:15,0.005580049008131027,up,0.0009006914915516973,-0.001898538670502603,-0.0016419141320511699,-0.002403460443019867,-0.0027839576359838247,-0.00520698307082057,-0.00990986917167902,-0.005842248443514109,-0.007666429504752159,-0.005594868678599596,-0.0030210851691663265,0.000743877375498414,-0.0008539893315173686,-0.00036126727354712784,-0.002170248655602336,-0.0040265098214149475,0.00017504944116808474,-0.0013042687205597758,9.408804908161983e-05,-0.0036686251405626535,0.00023749085085000843,-0.004529395140707493,-0.0018890189239755273,0.0027895267121493816,-0.003781939158216119,0.005580049008131027
USB,19,2026-04-07 18:15:00+00:00,14:15,0.005483986809849739,up,-0.0012185683008283377,0.0041190157644450665,0.002153563778847456,0.004224027972668409,0.0009925129124894738,0.0013775350525975227,-0.0019875625148415565,-0.002678568009287119,-0.0017112039495259523,-0.0018765827408060431,-0.0010471284622326493,-0.002020317129790783,-0.0018996343715116382,-0.0010410906979814172,0.0028780701104551554,0.0008807797566987574,0.0037459656596183777,0.0031801508739590645,0.0033575198613107204,0.0040417443960905075,0.0017521233530715108,0.0014625462936237454,0.001985781593248248,0.005934622138738632,0.004205749835819006,0.005483986809849739
LYV,19,2026-04-07 18:15:00+00:00,14:15,0.005467511713504791,up,-0.007025329861789942,-0.005507504567503929,-0.007898211479187012,-0.00361065031029284,-0.003734055906534195,-0.005152621306478977,-0.008837019093334675,-0.004660629667341709,-0.005968751385807991,-0.005929166916757822,-0.0066115655936300755,-0.00398294860497117,-0.0028460947796702385,-0.002493837848305702,-0.003181565785780549,-0.003863654797896743,-0.0027898382395505905,-0.004329957067966461,-0.005102113820612431,-0.005497705657035112,-0.003743463195860386,-0.0030644445214420557,-0.0033037348184734583,0.0002197261928813532,-0.005728911608457565,0.005467511713504791
CCI,19,2026-04-07 18:15:00+00:00,14:15,0.005223389714956284,up,-0.0027723165694624186,0.0006163325742818415,-0.0031608629506081343,4.859225555264857e-06,-0.0009045174228958786,-0.0023894053883850574,-0.005839398596435785,-0.0034295786172151566,-0.0011153401574119925,-0.0013315682299435139,-0.000573980447370559,0.000767584890127182,0.003028491046279669,0.002682870253920555,0.0012583022471517324,0.0009599278564564884,0.0041950903832912445,0.0028286236338317394,0.003794316668063402,0.002243095077574253,0.0032808585092425346,0.00014031410682946444,0.0010271623032167554,0.006092722527682781,0.0025038891471922398,0.005223389714956284
TPR,19,2026-04-07 18:15:00+00:00,14:15,0.00513033289462328,up,0.001068134792149067,0.0033407239243388176,-0.0013180552050471306,0.001395608065649867,-0.0027240945491939783,-0.003893533255904913,-0.01252004411071539,-0.006313353311270475,-0.008570504374802113,-0.004584525246173143,-0.0033071667421609163,-0.0039925104938447475,-0.0025355862453579903,-0.0038661460857838392,-0.004174999427050352,-0.003145793918520212,-0.00017124204896390438,-0.0016929267439991236,-0.0007371412357315421,-0.001762892585247755,-0.0018707289127632976,-0.003415378276258707,-0.002129745204001665,0.00457189604640007,0.001536089926958084,0.00513033289462328
CTRA,19,2026-04-07 18:15:00+00:00,14:15,0.004942320752888918,up,0.006388088688254356,0.008993880823254585,0.012268978171050549,0.0126802371814847,0.012288126163184643,0.010821813717484474,0.011045150458812714,0.006901287008076906,0.005258623510599136,0.0019929511472582817,0.006720379926264286,0.006120712962001562,0.0060834321193397045,0.00481621827930212,0.007362660951912403,0.007809692528098822,0.007380848750472069,0.008214921690523624,0.00889683049172163,0.007316817529499531,0.007672206498682499,0.005537513177841902,0.006572722923010588,0.010593501850962639,0.006060176528990269,0.004942320752888918
DPZ,19,2026-04-07 18:15:00+00:00,14:15,0.004923073574900627,up,-0.0018029373604804277,-0.00329287420026958,-0.001854228088632226,0.002994418377056718,-0.0026084277778863907,0.0025941808708012104,-0.002932980889454484,-0.0018885774770751595,-0.004661605693399906,-0.0053646196611225605,-0.003513494273647666,-0.0018413366051390767,-0.004993473179638386,-0.005872747860848904,-0.00823596864938736,-0.009408697485923767,-0.009725967422127724,-0.004821192007511854,-0.009054632857441902,-0.007481560576707125,0.0016740071587264538,0.0008001395617611706,0.00326025253161788,0.006544542033225298,-0.0002635902492329478,0.004923073574900627
CPAY,19,2026-04-07 18:15:00+00:00,14:15,0.004851927049458027,up,0.0011101247509941459,0.002565172966569662,0.002991008572280407,0.001792218303307891,8.65514375618659e-05,0.001664667739532888,-0.001598383765667677,0.0007561208331026137,0.0013200684916228056,-0.0014694826677441597,0.0021168654784560204,0.0027878989931195974,0.0017087551532313228,0.005006335210055113,0.003412130055949092,0.0008825190598145127,0.007099831942468882,0.004739943891763687,0.0035597083624452353,0.002696337178349495,0.000774993619415909,-0.002453794237226248,-0.003463891102001071,0.0014415235491469502,-0.0014174598036333919,0.004851927049458027
BX,19,2026-04-07 18:15:00+00:00,14:15,0.004826802760362625,up,-0.0026387476827949286,-0.000764073571190238,-0.0020920659881085157,0.0005204536719247699,-0.0021606916561722755,-0.002397621748968959,-0.005324369762092829,-0.00308558763936162,-0.0036128880456089973,-0.003281804034486413,-0.0031594133470207453,-0.0022490930277854204,-0.003038948168978095,-0.0024477888364344835,-0.0011574605014175177,-0.00010775513510452583,0.00047099831863306463,0.0010243833530694246,-0.001277764211408794,-0.0023591257631778717,-0.0009041949524544179,-0.004461316391825676,-0.0008969486225396395,0.004117098171263933,0.0011084633879363537,0.004826802760362625
MCD,19,2026-04-07 18:15:00+00:00,14:15,0.004651686642318964,up,-0.00016578540089540184,0.003001699922606349,0.0022288498003035784,0.0024797075893729925,0.001418428961187601,-0.0007664108416065574,-0.0007341796299442649,-0.0014602860901504755,-0.003706921124830842,-0.005130022298544645,-0.0009382295538671315,-0.0009992012055590749,-0.0017594295786693692,-0.0016110705910250545,-0.004349190276116133,-0.004379155579954386,-0.002661959733814001,-0.0032164466101676226,-0.003842149628326297,-0.0023033972829580307,-0.0020937633235007524,-0.004321524873375893,-0.0058135692961514,-0.005634454544633627,-0.005438557360321283,0.004651686642318964
CNP,19,2026-04-07 18:15:00+00:00,14:15,0.004418591968715191,up,0.005187746603041887,0.006249466445297003,0.006089378148317337,0.007222889922559261,0.008984611369669437,0.0087954793125391,0.007870882749557495,0.008624134585261345,0.011827473528683186,0.008024701848626137,0.008976960554718971,0.007371110841631889,0.006555213592946529,0.005453791934996843,0.005618587601929903,0.006164188496768475,0.004776764195412397,0.0057678669691085815,0.0063384282402694225,0.0075658648274838924,0.006118224002420902,0.006254532840102911,0.0045348950661718845,0.00767170824110508,0.008355092257261276,0.004418591968715191
VLO,19,2026-04-07 18:15:00+00:00,14:15,0.0043195635080337524,up,-0.0024332848843187094,-0.003955285996198654,-0.0011990756029263139,0.001446990412659943,0.002384160179644823,0.001750182593241334,-0.0010809693485498428,-0.000732064014300704,-0.001722510438412428,0.0026161549612879753,0.008544105105102062,0.008935987018048763,0.006627802271395922,0.006280428729951382,0.006879313383251429,0.005780591629445553,0.008027265779674053,0.0054478757083415985,0.0015723867109045386,0.004956079646945,0.0024810475297272205,0.0025984758976846933,0.0021792808547616005,0.009565647691488266,0.00542912632226944,0.0043195635080337524
SW,19,2026-04-07 18:15:00+00:00,14:15,0.004308139439672232,up,-0.0025589419528841972,0.004016741178929806,-0.0005175829282961786,0.006162405014038086,0.004313244018703699,-0.0007942295051179826,-0.004379253834486008,-0.006069962400943041,-0.006422372069209814,-0.007591967936605215,-0.009925094433128834,-0.00522448169067502,0.000704084406606853,-0.0014589551137760282,-0.001331044128164649,-0.0021234392188489437,0.0009199093910865486,-0.0011372559238225222,-0.0005338243208825588,-0.001785571570508182,-0.0010387715883553028,-0.00026025582337751985,0.00033330070436932147,0.004129506181925535,-6.79344666423276e-05,0.004308139439672232
ABBV,19,2026-04-07 18:15:00+00:00,14:15,0.0042799594812095165,up,0.00011363776866346598,-0.0021725750993937254,-0.002669691573828459,-0.001144293462857604,-0.0010659670224413276,-0.0033472073264420033,-0.004909141454845667,0.0008200524025596678,-0.0032826599199324846,-0.0002652273396961391,-0.00046684624976478517,0.00298871798440814,0.0018091091187670827,-0.002895383397117257,-0.001437038416042924,0.0010491568828001618,0.00048424286069348454,0.0016272831708192825,-2.706906343519222e-05,0.0014001588569954038,0.0006522242911159992,-0.0010151801398023963,-0.00017437906353734434,0.0013118158094584942,0.0017299626488238573,0.0042799594812095165
VRSN,19,2026-04-07 18:15:00+00:00,14:15,0.00427588913589716,up,0.0015607144450768828,0.0011190013028681278,-0.0027119650039821863,0.002585089299827814,0.0007267376640811563,0.0030351467430591583,0.0064445496536791325,0.006597229745239019,0.0030049444176256657,0.0018154190620407462,0.006034212186932564,0.005640589166432619,0.0036635275464504957,0.006919852923601866,0.01035240013152361,-0.0014605940086767077,0.009423069655895233,0.005068344995379448,0.0036965145263820887,0.002432876965031028,0.007936415262520313,0.00027340135420672596,-0.003943870309740305,0.003790891030803323,-0.0035907418932765722,0.00427588913589716
TROW,19,2026-04-07 18:15:00+00:00,14:15,0.004266170784831047,up,0.00034725115983746946,0.003939101006835699,0.00047396321315318346,0.0013305528555065393,-0.000632996205240488,-0.0030597448348999023,-0.010425090789794922,-0.006913080345839262,-0.0076177045702934265,-0.00823169481009245,-0.008069531060755253,-0.005578766111284494,-0.001574783120304346,7.175175414886326e-05,-0.0009318977245129645,0.0001255202805623412,0.0034238381776958704,0.0030333457980304956,0.0018239897908642888,0.0011993271764367819,0.0026748226955533028,0.0012951978715136647,0.0027108232025057077,0.006796651054173708,0.006062072701752186,0.004266170784831047
ROST,19,2026-04-07 18:15:00+00:00,14:15,0.004149090964347124,up,-0.0008089197217486799,0.0017689941450953484,-0.000659264565911144,0.0012933751568198204,0.0010136306518688798,-0.0006680869264528155,-0.003783940803259611,-0.0018618700560182333,-0.004253651946783066,-0.0026851377915591,0.00047419025213457644,0.0018854362424463034,-0.0010359672596678138,-0.00031976893660612404,-0.002041937317699194,-0.0015253120800480247,0.0012667366536334157,0.0012280376395210624,0.0014490202302113175,0.001190007315017283,-0.00038299313746392727,-0.0035704406909644604,-0.0023241708986461163,0.0022221559192985296,-0.0006821610732004046,0.004149090964347124
MOS,19,2026-04-07 18:15:00+00:00,14:15,0.004129023756831884,up,-0.01191476359963417,-0.0014356074389070272,-0.0031894156709313393,0.0013299507554620504,-0.004581943619996309,-0.007024545222520828,-0.01196292880922556,-0.010268178768455982,-0.012591473758220673,-0.010608565993607044,-0.007182461675256491,-0.006138536613434553,-0.003023377154022455,-0.0023359088227152824,-0.00338178058154881,-0.003935716580599546,0.00021122852922417223,-9.253888856619596e-05,-0.0015363864367827773,-0.0017222593305632472,-0.0013157423818483949,-0.0032714882399886847,-0.00028292849310673773,0.008275734260678291,0.004616223741322756,0.004129023756831884
AVGO,19,2026-04-07 18:15:00+00:00,14:15,0.0039190505631268024,up,-0.012923710979521275,-0.028487201780080795,-0.034351691603660583,-0.025754617527127266,-0.027783231809735298,-0.03167790547013283,-0.030669640749692917,-0.025604356080293655,-0.026363005861639977,-0.02217486873269081,-0.01833054982125759,-0.018176034092903137,-0.009789814241230488,-0.002384898718446493,-0.0019089977722615004,-0.007525200955569744,-0.0031750197522342205,-0.001928343204781413,-0.00427483394742012,-0.004947378765791655,-0.002061242936179042,-0.011595480144023895,-0.012638937681913376,-0.01069708727300167,-0.007869974710047245,0.0039190505631268024
GS,19,2026-04-07 18:15:00+00:00,14:15,0.003878257470205426,up,-0.008319038897752762,-0.005803580861538649,-0.008831133134663105,-0.005576156545430422,-0.0036033825017511845,-0.00503176124766469,-0.006127773784101009,-0.003636840032413602,-0.0063448501750826836,-0.003010085318237543,-0.004083266481757164,-0.0019037458114326,-0.001917736604809761,-0.001150210970081389,-0.0016262892168015242,-0.002732861088588834,0.0003132128913421184,-0.0008030071039684117,-0.00029018952045589685,-0.0015550012467429042,-0.0024776700884103775,-0.004396435339003801,-0.005139387212693691,0.0010665373411029577,-0.0006621102220378816,0.003878257470205426
SNA,19,2026-04-07 18:15:00+00:00,14:15,0.003860004711896181,up,0.0011542050633579493,0.001875479007139802,0.0006913187680765986,0.00354026653803885,0.002403335180133581,0.0007746957708150148,-0.0014122751308605075,-0.001384212402626872,-0.0017039233352988958,2.927677269326523e-05,0.0026020496152341366,0.0038049817085266113,0.0031930645927786827,0.0037897939328104258,0.003381027141585946,0.0020969922188669443,0.005149922799319029,0.003995327744632959,0.0016847919905558228,0.00012794083158951253,0.0026648433413356543,0.0011174153769388795,0.00012432431685738266,0.002767903497442603,0.0019351949449628592,0.003860004711896181
OTIS,19,2026-04-07 18:15:00+00:00,14:15,0.003859154647216201,up,0.002523167757317424,0.005092971958220005,0.005124990362673998,0.006866945419460535,0.01013805903494358,0.007602044381201267,0.005716422572731972,0.007581561338156462,0.008952854201197624,0.00759143615141511,0.008176821283996105,0.00918352510780096,0.0071492623537778854,0.008548575453460217,0.008131474256515503,0.0076419939287006855,0.007676650304347277,0.007623093202710152,0.007639774587005377,0.007165399845689535,0.006318285129964352,0.00492519699037075,0.004662912804633379,0.006258871406316757,0.0034634568728506565,0.003859154647216201
LH,19,2026-04-07 18:15:00+00:00,14:15,0.003847420448437333,up,-4.0827333577908576e-05,-0.0041843922808766365,-0.0030671688728034496,-0.0013644990976899862,-0.0016987272538244724,-0.002868260955438018,-0.005351649597287178,-0.003567130072042346,-0.00795783381909132,-0.003934123553335667,-0.0010046304669231176,-0.0005403110990300775,-0.0001733697426971048,-0.0010824461933225393,-0.0010071087162941694,-0.002604763489216566,-0.0002730259147938341,-0.0030121151357889175,-0.0022018656600266695,-0.00163392280228436,-0.00212192558683455,-0.0037398147396743298,-0.000215483974898234,0.003385449992492795,-0.002300400985404849,0.003847420448437333
HUBB,19,2026-04-07 18:15:00+00:00,14:15,0.0038101705722510815,up,-0.001860615098848939,0.0022643781267106533,-0.0019397061550989747,0.001245221821591258,0.002018925966694951,0.001236103242263198,-0.0030567864887416363,-0.0026485894341021776,-0.002772134728729725,-0.001198051031678915,-0.0014775419840589166,0.0013457286404445767,0.002039142418652773,0.002909756964072585,0.0018322435207664967,0.00031356196268461645,0.002486185636371374,0.003144558984786272,0.00026414310559630394,0.0008887380245141685,-0.001070881262421608,-0.0013948994455859065,-0.0013163137482479215,0.0011080054100602865,-0.0013309792848303914,0.0038101705722510815
AIZ,19,2026-04-07 18:15:00+00:00,14:15,0.003745016874745488,up,0.0008794390596449375,0.00544293038547039,0.002475227927789092,0.005101225338876247,0.00496940640732646,0.0043096053414046764,0.001421314780600369,0.0016931467689573765,0.004490705206990242,0.0025316074024885893,0.003983808681368828,0.003747098846361041,0.003291760804131627,0.003066343953832984,0.004500395618379116,0.0030799396336078644,0.005639421753585339,0.0051491837948560715,0.0038717191200703382,0.003636367619037628,0.0037603811360895634,0.0027901441790163517,0.0020718977320939302,0.004686723928898573,0.0015577322337776423,0.003745016874745488
AMAT,19,2026-04-07 18:15:00+00:00,14:15,0.003694346873089671,up,-0.011773577891290188,-0.013202686794102192,-0.01969262771308422,-0.01410810835659504,-0.014567650854587555,-0.017697779461741447,-0.019500358030200005,-0.01665239967405796,-0.015001778490841389,-0.01247012335807085,-0.005895569454878569,-0.005795123986899853,-0.0035376737359911203,-0.004827460274100304,-0.0065830000676214695,-0.009966393001377583,-0.009033647365868092,-0.009268789552152157,-0.010219261981546879,-0.01143777184188366,-0.011351494118571281,-0.0128699392080307,-0.015531908720731735,-0.004106762353330851,-0.009445597417652607,0.003694346873089671
VMC,19,2026-04-07 18:15:00+00:00,14:15,0.0036916506942361593,up,-0.0007461061468347907,-0.0014143150765448809,-0.001550501212477684,-0.000797861663158983,-0.00239613838493824,-0.00490408344194293,-0.00853425357490778,-0.0066786110401153564,-0.008062287233769894,-0.009589259512722492,-0.008187632076442242,-0.004122949671000242,-0.002189048333093524,-0.003874120069667697,-0.004199401009827852,-0.0055911242961883545,-0.004073673393577337,-0.0015873345546424389,-0.002867644652724266,-0.003665042342618108,-0.00563865527510643,-0.009542149491608143,-0.008822821080684662,-0.0033532066736370325,-0.0034214139450341463,0.0036916506942361593
HSY,19,2026-04-07 18:15:00+00:00,14:15,0.003631752450019121,up,-0.004897549282759428,-0.002869289368391037,-0.0011341311037540436,-0.000998989213258028,-0.0007361012394540012,-0.002482775831595063,-0.006107951048761606,-0.004271554294973612,-0.002832223428413272,-0.0015005861641839147,0.0006095863645896316,0.0008076170925050974,0.0006724911509081721,-0.0014425202971324325,0.0007755011902190745,0.0007041830103844404,0.0021988102234899998,0.001781904953531921,0.0017999941483139992,0.0012455463875085115,0.00030498288106173277,-0.0008885054267011583,-0.0010017880704253912,0.0009781128028407693,-0.0006010608049109578,0.003631752450019121
RSG,19,2026-04-07 18:15:00+00:00,14:15,0.0036273521836847067,up,0.001503505976870656,0.00456853536888957,0.005424122326076031,0.003741196123883128,0.005696840584278107,0.005422135815024376,0.0029494804330170155,0.002034843433648348,0.003261869540438056,0.001454835059121251,0.0034248107112944126,0.0014268195955082774,0.0019734897650778294,0.002046177862212062,0.0017206772463396192,0.0005675804568454623,0.0017220842419192195,0.0033554050605744123,0.0017973157810047269,0.0021306572016328573,0.001704479451291263,0.000772212166339159,0.0006081982864998281,0.003658443922176957,0.0024894974194467068,0.0036273521836847067
CRWD,19,2026-04-07 18:15:00+00:00,14:15,0.00341985234990716,up,-0.0021599670872092247,-0.004003924783319235,-0.00940052792429924,-0.0042372457683086395,-0.00794887449592352,-0.011055351234972477,-0.012438247911632061,-0.00879120547324419,-0.008211196400225163,-0.006153353955596685,-0.0032598210964351892,-0.000989791820757091,0.0020768125541508198,0.0008968386682681739,-0.0023463002871721983,0.00011133123189210892,0.0037275427021086216,0.0011424034601077437,-0.004749886225908995,-0.006312891840934753,-0.004654877353459597,-0.0034331027418375015,0.003648994257673621,0.007951658219099045,0.002569286385551095,0.00341985234990716
CBOE,19,2026-04-07 18:15:00+00:00,14:15,0.0033123900648206472,up,0.00263136881403625,0.006235982291400433,0.008324703201651573,0.010081777349114418,0.014210081659257412,0.013203289359807968,0.014265010133385658,0.011286473833024502,0.012060548178851604,0.011538690887391567,0.011617708951234818,0.015361073426902294,0.011923481710255146,0.012104814872145653,0.01064170803874731,0.009478538297116756,0.01095882523804903,0.010857400484383106,0.00823658425360918,0.00838709156960249,0.009072024375200272,0.00902173575013876,0.004490451887249947,0.00806172750890255,0.001621604198589921,0.0033123900648206472
TFC,19,2026-04-07 18:15:00+00:00,14:15,0.0032975710928440094,up,-0.0028180868830531836,0.0006603128276765347,-0.00025849902885966003,0.0034994841553270817,0.0031436472199857235,0.002920093946158886,-0.0013985494151711464,0.0013935455353930593,0.0006605449016205966,0.00028778272098861635,0.001999294850975275,0.0007354412809945643,0.000899766047950834,-8.957021782407537e-05,0.002525285119190812,0.002205277793109417,0.002688215347006917,0.0031611863523721695,0.002939673140645027,0.003395282430574298,0.002316816942766309,0.001767971320077777,0.0010527042904868722,0.005538986064493656,0.003256907919421792,0.0032975710928440094
DHI,19,2026-04-07 18:15:00+00:00,14:15,0.0031759757548570633,up,-0.006137159653007984,-0.0005112155340611935,-0.0030569550581276417,-0.004442346282303333,-0.006881789304316044,-0.008420715108513832,-0.015281787142157555,-0.012633183039724827,-0.010263727977871895,-0.01110053900629282,-0.007410678081214428,-0.007644398603588343,-0.004073212388902903,-0.006733126938343048,-0.008011819794774055,-0.006340691354125738,-0.00548170879483223,-0.005633256398141384,-0.004969415254890919,-0.006832035258412361,-0.007275789510458708,-0.009373052045702934,-0.008875246159732342,-0.0014028317527845502,-0.0012533708941191435,0.0031759757548570633
ETN,19,2026-04-07 18:15:00+00:00,14:15,0.0031640140805393457,up,-0.005112658254802227,-0.0040731909684836864,-0.008806337602436543,-0.0066457693465054035,-0.007972757332026958,-0.010363339446485043,-0.016233492642641068,-0.011463474482297897,-0.011353698559105396,-0.007252989802509546,-0.00745598366484046,-0.005215256940573454,-0.005177369806915522,-0.005911725107580423,-0.007385311648249626,-0.007927726954221725,-0.009084200486540794,-0.006004395429044962,-0.007921243086457253,-0.007014372851699591,-0.005846442189067602,-0.008755634538829327,-0.0062134903855621815,-0.004753937944769859,-0.0068866596557199955,0.0031640140805393457
FFIV,19,2026-04-07 18:15:00+00:00,14:15,0.003145927796140313,up,0.005388494580984116,0.008827379904687405,0.009435174986720085,0.008313248865306377,0.009735065512359142,0.009492332115769386,0.009449557401239872,0.009242693893611431,0.007567810360342264,0.010409076698124409,0.009843239560723305,0.014197621494531631,0.010580692440271378,0.009783001616597176,0.009890272282063961,0.006440998520702124,0.009010665118694305,0.008483733981847763,0.01029925886541605,0.007995368912816048,0.0070891291834414005,0.008050604723393917,0.004873462952673435,0.008012126199901104,0.003646946744993329,0.003145927796140313
DELL,19,2026-04-07 18:15:00+00:00,14:15,0.003138817148283124,up,-0.0038379982579499483,-0.005979721900075674,-0.013575995340943336,-0.010970836505293846,-0.012912693433463573,-0.012325347401201725,-0.013410593383014202,-0.009634755551815033,-0.005042447708547115,4.64315598946996e-06,0.004013040568679571,0.007368207909166813,0.0053914254531264305,0.00842201802879572,0.0022141654044389725,0.007650494109839201,0.00983111746609211,0.005641345866024494,0.009637512266635895,0.004552838858217001,-8.07088945293799e-05,-0.006331962067633867,-0.010570117272436619,-0.002445718040689826,-0.002189537975937128,0.003138817148283124
ULTA,19,2026-04-07 18:15:00+00:00,14:15,0.0030935676768422127,up,-0.004179047420620918,-0.0027373526245355606,-0.005855797324329615,-0.0026149763725697994,-0.001803076476790011,-0.003507881658151746,-0.0036730077117681503,-0.004028473049402237,-0.006155662704259157,-0.004493536427617073,-0.0024559188168495893,-0.000771698949392885,-0.0015402707504108548,-0.001808135537430644,-0.001368075143545866,-0.0029597082175314426,0.0002455951471347362,-4.930484283249825e-05,-0.0016958557534962893,-0.0018248767592012882,-0.0002760686620604247,-0.0033381187822669744,-0.0021697357296943665,0.0007377993897534907,-0.0020335842855274677,0.0030935676768422127
DE,19,2026-04-07 18:15:00+00:00,14:15,0.003074468346312642,up,-0.0013871053233742714,0.0002580435248091817,-0.0016574556939303875,0.0018441735301166773,0.003072362160310149,0.001397892483510077,-0.0030516607221215963,-0.002947312081232667,-0.0038717694114893675,-0.003841072553768754,-0.0007930819410830736,-0.0005564986495301127,0.0002269061515107751,2.8623635444091633e-06,0.0004573670739773661,-0.0008886920986697078,0.0016878501046448946,-0.000579286424908787,-0.001961065921932459,-0.0016970089636743069,-0.0022792185191065073,-0.002680243458598852,-0.0008797019254416227,0.0030784469563513994,0.0006148883840069175,0.003074468346312642
FCX,19,2026-04-07 18:15:00+00:00,14:15,0.0030580481979995966,up,-0.009090570732951164,-0.012051694095134735,-0.016792330890893936,-0.008102265186607838,-0.011377174407243729,-0.009598004631698132,-0.013497628271579742,-0.008895045146346092,-0.015389742329716682,-0.011571647599339485,-0.009672894142568111,-0.011576330289244652,-0.009904119186103344,-0.007114039268344641,-0.0065046860836446285,-0.006635976489633322,-0.005638568662106991,-0.005452796816825867,-0.007451956160366535,-0.0069822450168430805,-0.00795531552284956,-0.009801993146538734,-0.009351546876132488,-0.002588823437690735,-0.007783855311572552,0.0030580481979995966
NWS,19,2026-04-07 18:15:00+00:00,14:15,0.0029459293000400066,up,0.002513696439564228,0.00431260047480464,0.0013600779930129647,0.0055016763508319855,0.003606844926252961,0.0033923559822142124,0.0015379416290670633,0.0032591158524155617,0.0023321930784732103,0.0011366733815521002,0.0017372583970427513,0.002882232191041112,0.002260310109704733,0.002846610965207219,0.002767269965261221,0.0024998297449201345,0.003937976434826851,0.004047765862196684,0.0033770666923373938,0.003582522738724947,0.0019233981147408485,0.0008175948751159012,0.00015021432773210108,0.003643644042313099,0.0020563830621540546,0.0029459293000400066
TEL,19,2026-04-07 18:15:00+00:00,14:15,0.0028925123624503613,up,-0.00497314240783453,-0.0018106255447492003,-0.005313913803547621,2.0161267457297072e-05,-0.0010082651861011982,0.00032026079134084284,-0.004546420183032751,-0.0020866708364337683,-0.0017550471238791943,-0.0010384619235992432,-0.00047664548037573695,0.0029471381567418575,0.001024641445837915,0.0008107447647489607,0.0010922899236902595,0.0005617999122478068,0.002371319103986025,0.0007122881361283362,-0.0004387664084788412,9.068327199202031e-05,-7.471258140867576e-05,-0.0012011677026748657,-0.0024723096285015345,0.002611379371955991,0.0011946455342695117,0.0028925123624503613
CTSH,19,2026-04-07 18:15:00+00:00,14:15,0.002835474908351898,up,-0.0021057561971247196,0.0024859467521309853,-0.0038260924629867077,-0.0009203423396684229,-0.00348949758335948,-0.00375459180213511,-0.007488762494176626,-0.005062927026301622,-0.006736838258802891,-0.0054093776270747185,-0.007915317080914974,-0.0037405258044600487,-0.003961614333093166,-0.002150800311937928,-0.0013936004834249616,-0.0008263695635832846,-0.00010188881424255669,-0.000161863470566459,-0.003447075141593814,-0.0016693989746272564,-0.001937798224389553,-0.002547062002122402,-0.0032780258916318417,-0.0005834305193275213,-0.004022782668471336,0.002835474908351898
CLUSD,19,2026-04-07 18:15:00+00:00,14:15,0.0027978394646197557,up,0.023234985768795013,0.024944409728050232,0.025370607152581215,0.026571331545710564,0.02735302411019802,0.018404841423034668,0.021820759400725365,0.024860482662916183,0.02320571057498455,0.017171068117022514,0.02070116624236107,0.015931203961372375,0.017649445682764053,0.02090650238096714,0.020581046119332314,0.02115170657634735,0.015417990274727345,0.013045168481767178,0.010319883935153484,0.0116336140781641,0.0178503580391407,0.02127857692539692,0.01797209307551384,0.01516183465719223,0.011691254563629627,0.0027978394646197557
HCA,19,2026-04-07 18:15:00+00:00,14:15,0.0027907593175768852,up,0.0055952779948711395,0.0031733778305351734,0.003568169428035617,0.0024761133827269077,0.004141463432461023,0.0025136584881693125,0.0006156811723485589,0.0012727387947961688,-0.002753173466771841,0.0006549179088324308,0.003535881172865629,0.004903758410364389,0.006999323610216379,0.004410371650010347,0.005537264049053192,0.006950496230274439,0.00874735414981842,0.009888406842947006,0.006549587938934565,0.006987160071730614,0.0047323210164904594,0.0009521326282992959,-0.0006618319312110543,0.003959331661462784,-0.0006202822551131248,0.0027907593175768852
JPM,19,2026-04-07 18:15:00+00:00,14:15,0.002716624177992344,up,0.0004827548109460622,-0.00022654068015981466,-0.002275234553962946,-4.796614302904345e-05,0.0011088900500908494,0.00022771305521018803,-0.0015303987311199307,-0.0013447119854390621,-0.00214504636824131,-0.001840852084569633,6.581089837709442e-05,-0.00022166548296809196,0.0006260687950998545,-9.995044820243493e-05,0.000840983644593507,-9.716625208966434e-05,0.0007730288780294359,-0.00022882476332597435,0.0014560905983671546,0.0006248268182389438,-0.0022281359415501356,-0.0034237264189869165,-0.00503750704228878,-0.0015396542148664594,-0.0015918819699436426,0.002716624177992344
MRNA,19,2026-04-07 18:15:00+00:00,14:15,0.0027010657358914614,up,-0.01708878017961979,-0.012422068044543266,-0.016973918303847313,-0.015789205208420753,-0.017511043697595596,-0.01749689318239689,-0.01890307478606701,-0.015582761727273464,-0.011845728382468224,-0.013073621317744255,-0.007332776673138142,-0.004428538493812084,0.0002364066313020885,-0.0020128311589360237,-0.002902353648096323,-0.0032191018108278513,-0.0011719095055013895,-0.000945351377595216,-0.003535760100930929,-0.003911018371582031,-0.0010542551754042506,-0.00489853648468852,-0.006150370463728905,0.0006056446000002325,-0.0024505257606506348,0.0027010657358914614
STLD,19,2026-04-07 18:15:00+00:00,14:15,0.0026797608006745577,up,-0.004911291413009167,-0.0039663854986429214,-0.0052333250641822815,-0.002765772631391883,-0.0006482653552666306,-0.0032698283903300762,-0.007485509850084782,-0.004595481790602207,-0.0032945561688393354,-0.0019794763065874577,0.00023875985061749816,0.0002629683294799179,0.0012508440995588899,0.003770291106775403,0.004170470405369997,-0.0002565704344306141,0.00452665239572525,0.0030160238966345787,-0.0023166241589933634,-0.0002510867780074477,-0.002950893249362707,-0.0047180731780827045,-0.005630028434097767,-0.001373667735606432,-0.004021733067929745,0.0026797608006745577
ECL,19,2026-04-07 18:15:00+00:00,14:15,0.0026624754536896944,up,-8.93043470568955e-05,-0.0015071503585204482,-0.00017094294889830053,0.0015330397291108966,-0.0005332307191565633,-2.5357874619658105e-05,-0.005611421540379524,-0.006592331454157829,-0.010046245530247688,-0.008038539439439774,-0.007553399074822664,-0.0038705416955053806,-0.006032605655491352,-0.00640249066054821,-0.007669179700314999,-0.007464278023689985,-0.004420076496899128,-0.006885740906000137,-0.007019283715635538,-0.005966362077742815,-0.0062377615831792355,-0.007972938008606434,-0.0069835796020925045,-0.0028611915186047554,-0.005407517775893211,0.0026624754536896944
ANET,19,2026-04-07 18:15:00+00:00,14:15,0.002608140930533409,up,-0.00138408737257123,-0.0005805546534247696,-0.008344974368810654,-0.0037322398275136948,-0.00628342991694808,-0.00973275676369667,-0.010348565876483917,-0.004656129516661167,-0.004727115388959646,-0.0051733055151999,0.004529246129095554,-0.0017501091351732612,-0.006689383182674646,-0.005181454587727785,-0.0017351445276290178,-0.003344484604895115,0.0019187198486179113,0.005364494863897562,0.00712579395622015,0.0019961390644311905,0.005606326274573803,-0.004946927540004253,-0.002970667090266943,-0.0033160571474581957,-0.0005367625271901488,0.002608140930533409
BBY,19,2026-04-07 18:15:00+00:00,14:15,0.002553709549829364,up,0.0034596335608512163,0.0007032732828520238,-0.004616631660610437,-0.0056798807345330715,-0.006895012222230434,-0.007193735800683498,-0.006195893976837397,-0.005457742605358362,-0.0039087096229195595,-0.006799880415201187,-0.006191732827574015,-0.003409390104934573,-0.0026152157224714756,0.0009869443019852042,0.0006356416852213442,0.000573104654904455,0.0003217857447452843,-0.00030686816899105906,-0.002634948119521141,-0.00016793418035376817,-0.0010803451295942068,-0.002334466204047203,-0.0020523564890027046,8.884673297870904e-05,-0.003592997556552291,0.002553709549829364
GEHC,19,2026-04-07 18:15:00+00:00,14:15,0.0025486645754426718,up,-0.008954775519669056,-0.004869655705988407,-0.009632156230509281,-0.007313757203519344,-0.007167497184127569,-0.008218738250434399,-0.015035689808428288,-0.01189176645129919,-0.012873527593910694,-0.011223763227462769,-0.009651496075093746,-0.005104223266243935,-0.0025519803166389465,-0.0005364474491216242,-0.0011465627467259765,-0.002479487331584096,0.0020018655341118574,0.002643260871991515,0.000679506512824446,-0.00015524629270657897,-0.0011037634685635567,-0.0009163205395452678,-0.001981512177735567,0.0020607979968190193,-0.0008176282281056046,0.0025486645754426718
CRH,19,2026-04-07 18:15:00+00:00,14:15,0.002430819906294346,up,-0.006225069984793663,-0.007690667640417814,-0.007383533287793398,-0.00469135120511055,-0.007724788039922714,-0.007650624494999647,-0.012287569232285023,-0.007133709732443094,-0.008312992751598358,-0.007707496639341116,-0.005432522390037775,-0.006465967278927565,-0.005159787368029356,-0.00463232072070241,-0.003363263327628374,-0.0010997041827067733,0.0033345583360642195,0.002655401825904846,9.269725705962628e-05,-0.0012276982888579369,-0.0014711691765114665,-0.007582441903650761,-0.004058179445564747,0.00019374526164028794,-0.002284493762999773,0.002430819906294346
FDS,19,2026-04-07 18:15:00+00:00,14:15,0.0022698575630784035,up,-0.0028931796550750732,-0.0027693058364093304,-0.005857905372977257,-0.002832437166944146,-0.0031988953705877066,-0.004264516290277243,-0.009699023328721523,-0.010190353728830814,-0.0137228574603796,-0.010458530858159065,-0.01118346769362688,-0.0060112858191132545,-0.007981127128005028,-0.008198126219213009,-0.008833090774714947,-0.009467409923672676,-0.00503630843013525,-0.007210161536931992,-0.009029565379023552,-0.005667605437338352,-0.0043926783837378025,-0.005189645104110241,-0.002206014934927225,0.003358667017892003,0.0021917896810919046,0.0022698575630784035
HON,19,2026-04-07 18:15:00+00:00,14:15,0.0022668237797915936,up,0.0006728636217303574,-0.0006891463417559862,-0.00259669148363173,-0.0009269049623981118,-0.0031697642989456654,-0.007166008464992046,-0.006947844289243221,-0.0062357704155147076,-0.007608878891915083,-0.0069443099200725555,-0.004802077077329159,-0.0022709090262651443,-0.005867181811481714,-0.003707184921950102,-0.007631639484316111,-0.006252794526517391,-0.0030678799375891685,-0.0028214387129992247,-0.0012231889413669705,0.00013047241372987628,-0.000856790051329881,-0.004508943296968937,-0.003819682402536273,-0.0007681091665290296,-0.0005639662849716842,0.0022668237797915936
PHM,19,2026-04-07 18:15:00+00:00,14:15,0.0022524360101670027,up,-0.000701987068168819,0.0009755913051776588,-0.0012812857748940587,0.001879243878647685,6.991437112446874e-05,-0.0029745653737336397,-0.006486150436103344,-0.004951405338943005,-0.003152267774567008,-0.005073698703199625,-0.0039483774453401566,-0.004076879937201738,-0.0023096036165952682,-0.0022901659831404686,-0.000779070716816932,0.00022040537442080677,0.0015642248326912522,0.0010240031406283379,0.0009025409235619009,-0.0014601396396756172,-0.0008913233759813011,-0.0023365833330899477,-0.0031762595754116774,0.00018941359303425997,-0.004493231885135174,0.0022524360101670027
NUE,19,2026-04-07 18:15:00+00:00,14:15,0.0022209174931049347,up,-0.004989949055016041,-0.0050425142981112,-0.00678435992449522,-0.0019355097319930792,-0.00045287591638043523,-0.0035437692422419786,-0.006138681434094906,-0.0037892202381044626,-0.0019333544187247753,-0.0022413514088839293,0.0027750965673476458,0.0024555048439651728,0.0042677768506109715,0.004106084816157818,0.004679195582866669,0.002181544667109847,0.006275253836065531,0.006513179279863834,0.003573928726837039,0.005105319898575544,0.0008035812061280012,-0.0011827318230643868,-0.0037034442648291588,0.0012473639799281955,8.407999848714098e-05,0.0022209174931049347
GL,19,2026-04-07 18:15:00+00:00,14:15,0.0021379285026341677,up,-0.0022833950351923704,0.00100895541254431,0.00022570541477762163,0.0038585662841796875,0.004096906166523695,0.004412021487951279,0.0002307297254446894,0.0021660607308149338,0.0023472197353839874,0.0013668155297636986,0.003404115093871951,0.003972417209297419,0.004350239876657724,0.0035292000975459814,0.004527134355157614,0.003780325409024954,0.005412757396697998,0.005397093947976828,0.00413671275600791,0.004762459080666304,0.0023803324438631535,0.0015695447800680995,-0.00017603467858862132,0.003739023581147194,0.003032371401786804,0.0021379285026341677
UDR,19,2026-04-07 18:15:00+00:00,14:15,0.0020664094481617212,up,-0.00026908464496955276,0.005584461148828268,0.004900104366242886,0.004610058385878801,0.006137891206890345,0.007947749458253384,0.008099740371108055,0.009021180681884289,0.009225012734532356,0.007862819358706474,0.00882489513605833,0.007254794705659151,0.004718538373708725,0.0029391355346888304,0.004670125897973776,0.005019201897084713,0.006627959664911032,0.00596470944583416,0.005081390496343374,0.005755819845944643,0.004216488916426897,0.0024840666446834803,0.0017368084518238902,0.003698131302371621,0.001959250308573246,0.0020664094481617212
DASH,19,2026-04-07 18:15:00+00:00,14:15,0.002042233245447278,up,-1.5911173250060529e-06,0.0033724308013916016,-0.0017057196237146854,0.0032405925448983908,-0.00030571193201467395,-0.0006202845834195614,-0.0036570040974766016,-0.00018263640231452882,-0.0014685485512018204,0.003967495635151863,0.008426422253251076,0.009597958996891975,0.00526984641328454,0.008547138422727585,0.007824357599020004,0.004204035736620426,0.00744126969948411,0.007822494953870773,0.008150093257427216,0.0073720673099160194,0.0034899874590337276,3.819756966549903e-05,-0.0002916521916631609,0.005490058101713657,0.0019148940918967128,0.002042233245447278
SWKS,19,2026-04-07 18:15:00+00:00,14:15,0.0019152335589751601,up,-0.006887269206345081,0.0012774434871971607,-0.0028225344140082598,-2.13258717849385e-05,-0.002887845505028963,-0.006049671676009893,-0.009857134893536568,-0.008442215621471405,-0.008140596561133862,-0.010715566575527191,-0.012471255846321583,-0.007271487731486559,-0.004410438239574432,-0.0024128183722496033,-0.0032577121164649725,-0.006506453268229961,-0.0030330969020724297,-0.005947357043623924,-0.005610194522887468,-0.007781980559229851,-0.008781594224274158,-0.01426953636109829,-0.01185691636055708,-0.004997882526367903,-0.006521559786051512,0.0019152335589751601
WTW,19,2026-04-07 18:15:00+00:00,14:15,0.0018840081756934524,up,0.002899337327107787,0.005090296734124422,0.004851724952459335,0.004780678078532219,0.0038640573620796204,0.001146080787293613,9.644083183957264e-05,-0.0006039561703801155,0.00022352550877258182,-0.0020420262590050697,0.0008879809756763279,0.00023940340906847268,-0.0005552335642278194,-0.0011159133864566684,-0.002508202800527215,-0.0018995143473148346,2.385364132351242e-05,0.0010393066331744194,-0.0005276619340293109,0.0007598921656608582,0.0008040303364396095,-0.003045078134164214,-0.004193894099444151,-0.0008247043006122112,-0.0030131684616208076,0.0018840081756934524
DTE,19,2026-04-07 18:15:00+00:00,14:15,0.001882485463283956,up,0.0016435463912785053,0.004061056766659021,0.0021411841735243797,0.0041182697750627995,0.0070694624446332455,0.0051939538680016994,0.002448826562613249,0.003546958090737462,0.004631787538528442,0.002974097616970539,0.003785529639571905,0.004308209288865328,0.004342145752161741,0.004302778281271458,0.004335982725024223,0.00328507786616683,0.004056103527545929,0.004329671151936054,0.003918831702321768,0.0045512584038078785,0.004224762786179781,0.002243051305413246,0.0021724007092416286,0.0029088228475302458,0.0037256446667015553,0.001882485463283956
CAT,19,2026-04-07 18:15:00+00:00,14:15,0.0018485112814232707,up,-0.004903657827526331,-0.006232979241758585,-0.008933590725064278,-0.004106535576283932,-0.0027205469086766243,-0.002978390781208873,-0.007341340184211731,-0.007315455935895443,-0.0073010786436498165,-0.006113795563578606,-0.0051337480545043945,-0.00308037712238729,-0.004675034433603287,-0.0038425850216299295,-0.003939699847251177,-0.006639734376221895,-0.004204356111586094,-0.0045327078551054,-0.007348112761974335,-0.005100533366203308,-0.0064644236117601395,-0.009823373518884182,-0.00869507435709238,-0.0034210518933832645,-0.0051225172355771065,0.0018485112814232707
FANG,19,2026-04-07 18:15:00+00:00,14:15,0.0017972951754927635,up,-0.0011807219125330448,0.0027814966160804033,0.002172034466639161,0.0034662566613405943,0.004083635751157999,0.0017279377207159996,0.0021382502745836973,0.003287113504484296,0.004697393160313368,0.003122318536043167,0.004235167521983385,0.006128970067948103,0.005684844218194485,0.004574676044285297,0.0064168525859713554,0.0035792591515928507,0.006949508562684059,0.007447096519172192,0.005293350201100111,0.006195371504873037,0.003916794899851084,0.0033497039694339037,0.002201845170930028,0.00446280324831605,0.0016618312802165747,0.0017972951754927635
KEYS,19,2026-04-07 18:15:00+00:00,14:15,0.001735313911922276,up,0.002432286972180009,0.0005061966949142516,-0.0023465482518076897,0.0030834360513836145,0.001400713692419231,-0.00015540940512437373,-0.0053944974206388,-0.0017573015065863729,-0.004420876502990723,-0.0018676039762794971,0.0011782353976741433,0.0012798071838915348,-0.0002559463609941304,0.001571836182847619,-0.0036082798615098,-0.004131884779781103,-0.0017498850356787443,-0.002214342588558793,-0.0004709474742412567,-0.001983057474717498,0.004108835477381945,0.00011131481733173132,0.0010900053894147277,0.008361756801605225,0.00013811641838401556,0.001735313911922276
CSCO,19,2026-04-07 18:15:00+00:00,14:15,0.001680321409367025,up,-0.0011465107090771198,-5.602956662187353e-05,-0.0032864012755453587,-0.0012480570003390312,-0.0018228511326014996,-0.0027323737740516663,-0.0027949323412030935,-0.00026726783835329115,-0.000507257180288434,0.00037987297400832176,0.0025355215184390545,0.0016180347884073853,0.0018881139112636447,0.00030945613980293274,0.0014437063364312053,-0.0003016614937223494,0.0018896815599873662,0.00045094452798366547,-0.0010810514213517308,-0.0008704534848220646,0.0005216199206188321,-0.0014356389874592423,-0.0027737023774534464,-0.00014754077710676938,-0.001103608519770205,0.001680321409367025
CPT,19,2026-04-07 18:15:00+00:00,14:15,0.001665980089455843,up,0.0027411796618252993,0.006805242970585823,0.006144307553768158,0.006184370256960392,0.007852628827095032,0.007242868188768625,0.00753282755613327,0.00540150236338377,0.006002821493893862,0.005745105445384979,0.008694479241967201,0.007118943613022566,0.007677209097892046,0.00641726516187191,0.006589577067643404,0.005422633606940508,0.005363107193261385,0.0060302503407001495,0.005253512877970934,0.004726214334368706,0.004020302090793848,0.0017860503867268562,0.0018330385209992528,0.003863342572003603,0.0015415471279993653,0.001665980089455843
JNJ,19,2026-04-07 18:15:00+00:00,14:15,0.0016363074537366629,up,-0.0010742652229964733,0.0005214005359448493,-0.0018092162208631635,0.0014194385148584843,-0.0028966465033590794,-0.0066351089626550674,-0.007266372907906771,-0.007260382175445557,-0.008065015077590942,-0.006012956146150827,-0.00581572437658906,-0.0012069479562342167,-0.0016235793009400368,-0.0014862659154459834,-0.0033456820528954268,-0.0031120835337787867,-0.0002601717133074999,-0.005401585716754198,-0.0012040899600833654,-0.0011494004866108298,-0.001713885460048914,-0.004113892093300819,-0.002197486348450184,-0.000504375493619591,-0.0008299108594655991,0.0016363074537366629
HAS,19,2026-04-07 18:15:00+00:00,14:15,0.0016098516061902046,up,0.0004893630975857377,0.002013338031247258,0.0009267645655199885,0.0025225330609828234,0.0005823775427415967,-0.003214252879843116,-0.00948222354054451,-0.006111603230237961,-0.007566776592284441,-0.007255692966282368,-0.007788162678480148,-0.005439056549221277,-0.004609052091836929,-0.0017699087038636208,-0.0020530964247882366,-0.0035315868444740772,0.001327819307334721,0.000826360541395843,2.853171099559404e-05,0.0004810072423424572,5.167310519027524e-06,-0.002526669530197978,-0.0015804644208401442,-0.0025592653546482325,-0.004719921387732029,0.0016098516061902046
AME,19,2026-04-07 18:15:00+00:00,14:15,0.0015794886276125908,up,-0.0022257573436945677,-0.0007015297887846828,-0.002296334132552147,0.001245351624675095,0.001939987763762474,5.201639942242764e-05,-0.0009738410008139908,-0.00027218181639909744,-0.0003223258536309004,-0.0007068870472721756,0.0005814743344672024,0.00025333688245154917,0.0006736792274750769,0.0016055466840043664,0.0013523715315386653,0.001765137305483222,0.003737977473065257,0.0020621661096811295,0.001015974790789187,0.0006378793623298407,-0.000274780293693766,-0.0015881030121818185,-0.0028155858162790537,0.0006677927449345589,-0.0013104634126648307,0.0015794886276125908
NDAQ,19,2026-04-07 18:15:00+00:00,14:15,0.0015168938552960753,up,-0.006528105121105909,-0.0027088820934295654,-0.004108070395886898,-0.0031768532935529947,-0.0019985504914075136,-0.004901610314846039,-0.007686959113925695,-0.006585956085473299,-0.006546909920871258,-0.007398940622806549,-0.005627779755741358,-0.0036743786185979843,-0.004039702005684376,-0.0015372844645753503,-0.0005424811970442533,-0.0026017269119620323,-0.000681142380926758,-0.0010341769084334373,-0.0010173149639740586,-0.0013218469684943557,-0.0029351511038839817,-0.004602921660989523,-0.003872024593874812,0.001293914276175201,-8.027396688703448e-05,0.0015168938552960753
MLM,19,2026-04-07 18:15:00+00:00,14:15,0.0014856437919661403,up,-0.001454305718652904,-0.002190464409068227,-0.0026701062452048063,-0.0015107754152268171,0.001693050959147513,-0.001036427216604352,-0.0036004253197461367,-0.0022630980238318443,-0.006608079187572002,-0.004431039560586214,-0.0021399701945483685,0.00020899083756376058,0.0006343683344312012,-0.00025375300901941955,-0.0006673944881185889,-0.001043598516844213,0.0019903399515897036,0.000198829744476825,0.0006501540774479508,0.0007101613446138799,-0.002198323607444763,-0.006098165176808834,-0.005815413780510426,-0.002424204256385565,-0.003561544930562377,0.0014856437919661403
REG,19,2026-04-07 18:15:00+00:00,14:15,0.0014704398345202208,up,-0.0022351008374243975,0.0016436446458101273,0.0008155148825608194,0.0030717668123543262,0.003689524717628956,0.00068358622957021,-0.001557826530188322,-0.0011873040348291397,-0.0015188618563115597,-0.0013426329242065549,0.0010001087794080377,-8.894568964024074e-06,-0.0006066407077014446,-0.0002962206199299544,-0.00014164998719934374,6.947702058823779e-05,0.002118651755154133,0.0012446139007806778,0.0012519012670964003,0.0017256130231544375,0.0005610920488834381,-0.0026230800431221724,-0.0008753690053708851,-0.00018309990991838276,-0.0018221313366666436,0.0014704398345202208
RL,19,2026-04-07 18:15:00+00:00,14:15,0.0014078079257160425,up,-0.0013532069278880954,-0.0009997929446399212,-0.0007009907276369631,0.004139837808907032,0.00255860248580575,0.0021580741740763187,-0.004559086635708809,-0.0018348275916650891,-0.006094011012464762,-0.006381894461810589,-0.005491688847541809,-0.0048081520944833755,-0.004695084877312183,-0.004100600723177195,-0.005268946290016174,-0.005917902570217848,-0.004941944498568773,-0.005968374665826559,-0.00884944386780262,-0.006814503576606512,-0.0011247775983065367,-0.0014416364720091224,-0.0018574587302282453,0.0016800642479211092,-0.004067187663167715,0.0014078079257160425
CFG,19,2026-04-07 18:15:00+00:00,14:15,0.001382423215545714,up,-0.0031642077956348658,-0.0019513682927936316,-0.00212743878364563,-0.0009489654912613332,0.0013059499906376004,0.0019178547663614154,-0.0011612705420702696,-0.0003236776974517852,-0.00027306575793772936,-0.00042926811147481203,-0.00016263758880086243,0.0013246049638837576,0.0012924425536766648,0.0006632967852056026,0.0006356144440360367,0.0001836282026488334,0.0025865845382213593,0.0010738808196038008,0.0003085248754359782,0.0017520711990073323,0.0015972304390743375,-0.0009705514530651271,-0.0007155187195166945,0.0017731151310727,-0.0010049408301711082,0.001382423215545714
SYF,19,2026-04-07 18:15:00+00:00,14:15,0.0013814950361847878,up,-0.0048168678767979145,-0.0017951587215065956,-0.005105853546410799,-0.001749437185935676,-0.002874139230698347,-0.0013031174894422293,-0.005689057055860758,-0.004027980379760265,-0.006786227226257324,-0.0055929445661604404,-0.004273624625056982,-0.004105040337890387,-0.0019365797052159905,0.00031329464400187135,0.000193154439330101,-0.0009785526199266315,0.0005271512782201171,-0.0004538572102319449,-0.0011859280057251453,-0.0009789853356778622,-0.0014887842116877437,-0.002287681447342038,-0.003358683316037059,0.0005872337496839464,-0.00039975717663764954,0.0013814950361847878
IVZ,19,2026-04-07 18:15:00+00:00,14:15,0.0012931361561641097,up,-0.010329196229577065,-0.0036182741168886423,-0.009207681752741337,-0.010865172371268272,-0.010802173987030983,-0.014542654156684875,-0.01853659376502037,-0.012591460719704628,-0.008693384937942028,-0.011243772692978382,-0.005625891964882612,-0.008722100406885147,-0.0023848339915275574,-0.0004172495100647211,-0.0012971279211342335,-0.005680115427821875,8.850172162055969e-05,-0.000677813368383795,-0.0026344775687903166,-0.008669626899063587,-0.010426133871078491,-0.008108997717499733,-0.0059760557487607,0.00048696412704885006,-0.0012785239377990365,0.0012931361561641097
GWW,19,2026-04-07 18:15:00+00:00,14:15,0.0012837712420150638,up,-0.006010883022099733,-0.003038696013391018,-0.0056690932251513,-0.0024926159530878067,-0.0017963986610993743,-0.0035886734258383512,-0.0037471060641109943,-0.003915950655937195,-0.006135957315564156,-0.005685365293174982,-0.0020276217255741358,-0.0016768479254096746,-0.0018383507849648595,-0.0023553192149847746,-0.0029657180421054363,-0.0029917240608483553,-0.0008073337376117706,2.5302742869826034e-05,0.0005830987938679755,-0.00047160181566141546,0.00019336135301273316,-0.0008411388844251633,-0.0011040398385375738,0.0004198098904453218,-0.0011719049653038383,0.0012837712420150638
EXPD,19,2026-04-07 18:15:00+00:00,14:15,0.0012573343701660633,up,-0.000905787106603384,0.0014457778306677938,-0.0007882813224568963,0.0028663494158536196,0.003372436622157693,0.0033375408966094255,0.0004019369662273675,0.002581323031336069,0.0027843525167554617,0.001501953462138772,0.00346189527772367,0.003907844424247742,0.004650082439184189,0.00517464242875576,0.004927813075482845,0.0043186950497329235,0.005875694565474987,0.005111419130116701,0.0016733728116378188,0.000928760739043355,4.5888380554970354e-05,0.000488081481307745,-0.0013572328025475144,0.003288539592176676,0.0017425729893147945,0.0012573343701660633
LLY,19,2026-04-07 18:15:00+00:00,14:15,0.0012517040595412254,up,-0.009102885611355305,-0.010525201447308064,-0.00926302932202816,-0.0032044120598584414,-0.0029777539893984795,-0.00658020144328475,-0.006363702937960625,-0.0030589851085096598,-0.005692128092050552,-0.0004706667677965015,0.0022094317246228456,0.0025341559667140245,0.0016649765893816948,0.0025828129146248102,0.001860482501797378,0.001999100437387824,0.0027539876755326986,-0.0007785617490299046,0.001617157249711454,-0.0025302544236183167,-0.005831034388393164,-0.0094790393486619,-0.014253913424909115,-0.0056939153000712395,-0.005395619198679924,0.0012517040595412254
WRB,19,2026-04-07 18:15:00+00:00,14:15,0.0012457146076485515,up,-0.0011523646535351872,0.0007543666870333254,0.000533966813236475,0.001303096883930266,0.003245656844228506,-0.00011706125951604918,-0.0020619649440050125,-0.0023048834409564734,-0.0011411672458052635,-0.0024451371282339096,-0.001989212818443775,-0.00042175318230874836,-0.001656825072132051,0.00012181296187918633,0.0003547589876689017,0.00035206894972361624,0.0026711535174399614,0.0020355256274342537,0.0021954935509711504,0.0041411141864955425,0.00313971727155149,0.0013278350234031677,-0.0010452570859342813,0.0014082305133342743,-0.002068260218948126,0.0012457146076485515
LEN,19,2026-04-07 18:15:00+00:00,14:15,0.0012169141555204988,up,-0.002977884141728282,0.0051329657435417175,-0.0003335859510116279,0.0024369682651013136,0.004297646693885326,9.1099864221178e-05,-0.006779121235013008,-0.0037605797406286,-2.5980552891269326e-05,-0.00412653386592865,-0.004287424497306347,-0.006993046496063471,-0.003538666758686304,-0.0033128552604466677,-0.005081897135823965,-0.004051511641591787,-0.0026913275942206383,-0.0058148386888206005,-0.0015462017618119717,-0.0025188541039824486,-0.003260747529566288,-0.006740665063261986,-0.006098358426243067,0.002782481489703059,0.00011507766612339765,0.0012169141555204988
JCI,19,2026-04-07 18:15:00+00:00,14:15,0.0011722671333700418,up,-0.006378174293786287,-0.002551332814618945,-0.007838182151317596,-0.004227698314934969,-0.003011346096172929,-0.00392034649848938,-0.006785283330827951,-0.005107426084578037,-0.006559837609529495,-0.005378357600420713,-0.004322944208979607,-0.004125793930143118,-0.0012296698987483978,0.00010988051508320495,-0.0003262084210291505,0.000638986355625093,0.002632234012708068,0.001213806914165616,0.0007816229481250048,0.00018269190331920981,7.661891868337989e-05,-0.0013993456959724426,-0.0004996306961402297,0.0033548136707395315,0.000829920347314328,0.0011722671333700418
DOC,19,2026-04-07 18:15:00+00:00,14:15,0.001131912344135344,up,0.0061507015489041805,0.0048638018779456615,0.005558202043175697,0.004664074629545212,0.013594390824437141,0.007891722954809666,0.0038370240945369005,-0.000103342579677701,0.0026299350429326296,0.001426483504474163,0.007850916124880314,0.005221312865614891,0.009372827596962452,0.009252428077161312,0.006552617996931076,0.007078415714204311,0.008106371387839317,0.009824383072555065,0.00909972470253706,0.008981716819107533,0.006309241987764835,0.005660205613821745,0.0009955078130587935,0.00678642513230443,0.00025144751998595893,0.001131912344135344
EA,19,2026-04-07 18:15:00+00:00,14:15,0.001075000036507845,up,-0.00183179322630167,-0.003601795295253396,-0.0023372098803520203,-0.001091729965992272,0.0020672702230513096,0.0010444102808833122,-0.001936397165991366,-0.002768142381682992,-0.001991673605516553,-0.0006073578260838985,-0.0006726792198605835,-0.00042304149246774614,0.0008298475295305252,0.0005374063039198518,-7.999224908417091e-05,9.713722829474136e-05,0.0005253948038443923,0.0013644775608554482,0.0005911875050514936,0.001831991015933454,0.0003178914776071906,-0.0010726300533860922,-0.0007400274625979364,-0.0002963508595712483,-0.0007383006159216166,0.001075000036507845
DLR,19,2026-04-07 18:15:00+00:00,14:15,0.0010561068775132298,up,-0.004656788893043995,-0.0018862956203520298,-0.004062963649630547,-0.0012294058687984943,-0.0004680342099163681,-0.0007646284648217261,-0.00256337714381516,-0.0009470443474128842,-0.0006874789833091199,-0.00010758671123767272,3.120271867373958e-05,0.0007443290087394416,0.0005709488759748638,0.0006141367484815419,0.0016493058064952493,-0.0002974430099129677,0.0029832192230969667,0.0014718698803335428,0.002794601721689105,0.002264908980578184,0.0011553672375157475,-0.00197204714640975,-0.0035536163486540318,0.00231105275452137,-0.000631252652965486,0.0010561068775132298
LIN,19,2026-04-07 18:15:00+00:00,14:15,0.0010506128892302513,up,-0.005979130044579506,-0.0030137281864881516,-0.005609134212136269,-0.004833225626498461,-0.002901105908676982,-0.003028648206964135,-0.005300926044583321,-0.006334471981972456,-0.007424089591950178,-0.008346861228346825,-0.007311726454645395,-0.0051521603018045425,-0.0061841257847845554,-0.007896624505519867,-0.005548091139644384,-0.006572256330400705,-0.00628632539883256,-0.004310891963541508,-0.006600255146622658,-0.004162415396422148,-0.0015139876632019877,-0.004300932865589857,-0.004831969738006592,-0.00327966152690351,-0.004697112832218409,0.0010506128892302513
L,19,2026-04-07 18:15:00+00:00,14:15,0.0010333663085475564,up,-0.0011430137092247605,0.001151758013293147,0.0009275412885472178,0.0018391718622297049,0.0040572769939899445,0.002058175392448902,-0.00047824063221924007,-0.0011125056771561503,0.0013640521792694926,-0.0017296019941568375,0.00038236877298913896,0.0002296989259775728,0.00012411923671606928,0.0008534204098396003,0.001563882571645081,0.0005882467376068234,0.002263686154037714,0.002163450000807643,0.0008494387730024755,0.0006975143332965672,0.0006145440274849534,-0.0012234041932970285,-0.00022387277567759156,0.00229759537614882,0.00031800195574760437,0.0010333663085475564
DVA,19,2026-04-07 18:15:00+00:00,14:15,0.0010084891691803932,up,-0.0018325990531593561,-0.001141080167144537,-0.001812307513318956,0.00145831354893744,0.001656372332945466,-0.0021688025444746017,-0.004508368670940399,-0.002730183070525527,-0.001766260014846921,-0.0017598000122234225,-0.00043179222848266363,0.0012835279339924455,0.001252631307579577,0.00024070120707619935,-0.0010031895944848657,-0.0012912724632769823,0.0019407258369028568,0.0013137272326275706,0.0006467050407081842,0.0012728538131341338,-0.0014652189565822482,-0.00280218874104321,-0.0035024606622755527,-0.0021898255217820406,-0.002096617128700018,0.0010084891691803932
NXPI,19,2026-04-07 18:15:00+00:00,14:15,0.000992837711237371,up,-0.000980655662715435,0.0025340609718114138,-0.0012518708826974034,0.0012780243996530771,-0.0036044446751475334,-0.0052057355642318726,-0.008120191283524036,-0.005376162473112345,-0.007754499092698097,-0.0033095930702984333,-0.004158952739089727,-0.0018613142892718315,-0.0027070415671914816,-0.0046146283857524395,-0.005877736024558544,-0.006437244359403849,-0.002750278450548649,-0.0026595434173941612,-0.005009130109101534,-0.0027980224695056677,-0.003964253235608339,-0.004780543502420187,-0.006065232679247856,-0.0036796131171286106,-0.004905718844383955,0.000992837711237371
FE,19,2026-04-07 18:15:00+00:00,14:15,0.0009643250377848744,up,0.0016077375039458275,0.0019259831169620156,0.0017793821170926094,0.00306015950627625,0.006283334922045469,0.005247119814157486,0.002749429317191243,0.0020721161272376776,0.003369024023413658,0.001470256713218987,0.0035252640955150127,0.002929097507148981,0.0020029512234032154,0.0011805774411186576,0.0012081748573109508,0.0011465508723631501,0.002309167757630348,0.003238965291529894,0.004056859761476517,0.005132199730724096,0.0032643654849380255,0.0027301141526550055,0.0031384704634547234,0.005710535682737827,0.0030861187260597944,0.0009643250377848744
AIG,19,2026-04-07 18:15:00+00:00,14:15,0.0009602595237083733,up,0.001473743817768991,0.0036519395653158426,0.0022598993964493275,0.0040013487450778484,0.007111425511538982,0.004882697016000748,0.0012147091329097748,0.0036203230265527964,0.0018218018813058734,0.0010756510309875011,0.004530069883912802,0.004450129810720682,0.003003540448844433,0.00372753175906837,0.003291582688689232,0.0029172899667173624,0.0031498088501393795,0.0031180118676275015,0.0021435681264847517,0.0015628779074177146,0.0015396876260638237,-0.0005383227253332734,0.0002350715803913772,0.00251784548163414,0.00015676718612667173,0.0009602595237083733
ACN,19,2026-04-07 18:15:00+00:00,14:15,0.0009045136393979192,up,-0.004249898251146078,-0.0018257671035826206,-0.005437775980681181,-0.0010309481294825673,-0.005144118331372738,-0.005345066078007221,-0.004890083335340023,-0.003527154680341482,-0.001631092163734138,-0.0011075164657086134,-0.0015826752642169595,-0.0011077915551140904,-0.0015167606761679053,-0.0021846669260412455,-0.0022552991285920143,-0.0019336572149768472,0.0005688550882041454,-0.0017163646407425404,-0.00144474720582366,-0.0021574837155640125,-0.0020238342694938183,-0.004105027765035629,-0.0016667740419507027,-0.001032841275446117,-0.0004885421367362142,0.0009045136393979192
PSA,19,2026-04-07 18:15:00+00:00,14:15,0.0008710184483788908,up,-0.002500619739294052,-0.001070205820724368,-0.0011374178575351834,0.0013300895225256681,0.002676481381058693,0.0020042811520397663,-0.00037959698238410056,-0.00174720399081707,-0.0009876822587102652,-0.0004074234748259187,0.0008059003157541156,0.002592207631096244,0.0035834815353155136,0.003619921626523137,0.001569530926644802,0.00010944273526547477,0.004235011525452137,0.0017592647345736623,0.0022471570409834385,0.0024317619390785694,0.0007299695280380547,0.0005060005350969732,-0.0021398887038230896,0.0034174001775681973,6.284649862209335e-05,0.0008710184483788908
TRV,19,2026-04-07 18:15:00+00:00,14:15,0.0008675377466715872,up,0.0035727855283766985,0.004947260953485966,0.00625304039567709,0.007101351860910654,0.008601675741374493,0.006889623589813709,0.0056040664203464985,0.004750155843794346,0.005472026765346527,0.005494305398315191,0.0071702320128679276,0.005430462770164013,0.004803869873285294,0.005667621269822121,0.004881206434220076,0.005331697408109903,0.005914698354899883,0.005763886030763388,0.0040742261335253716,0.004869766999036074,0.004846314899623394,0.0024622948840260506,0.0009884450118988752,0.0024249793495982885,-0.00012208704720251262,0.0008675377466715872
ATO,19,2026-04-07 18:15:00+00:00,14:15,0.0008225651690736413,up,2.684909850358963e-05,0.0025732971262186766,0.0019403391052037477,0.0028430745005607605,0.0052689542062580585,0.003793534357100725,0.0016749518690630794,0.00044975176570005715,0.0024229001719504595,0.0021967641077935696,0.003105467651039362,0.0029582823626697063,0.002288225805386901,0.0027756723575294018,0.002591556403785944,0.002332138130441308,0.003240191377699375,0.0025777840055525303,0.002268164651468396,0.002317548729479313,0.0016193854389712214,-0.0005628176731988788,-0.0007716597174294293,0.0006804104195907712,0.0004529571160674095,0.0008225651690736413
WBD,19,2026-04-07 18:15:00+00:00,14:15,0.0007321506273001432,up,0.0011194724356755614,0.002260962501168251,0.0011468902230262756,0.0013201229739934206,0.0029880686197429895,0.0029927834402769804,0.002436276525259018,0.0030114392284303904,0.002484755590558052,0.0022076780442148447,0.0018626812379807234,0.0005936978850513697,0.000720303738489747,0.0004154662019573152,0.0020596696995198727,0.002162622520700097,0.0005618855939246714,0.0010056846076622605,0.0013102343073114753,0.0015154617140069604,0.001737063517794013,0.0004984128754585981,0.00038702916936017573,0.0009965167846530676,-0.000852067198138684,0.0007321506273001432
DECK,19,2026-04-07 18:15:00+00:00,14:15,0.0007297511911019683,up,-0.0008430739399045706,0.002273927442729473,-0.00390251143835485,-0.002117146970704198,-0.004083321429789066,-0.005125960800796747,-0.007759925909340382,-0.006024024449288845,-0.00541455065831542,-0.003910468425601721,-0.0038632757496088743,-0.003160307416692376,-0.002311467891559005,0.001142784720286727,-0.0009588678949512541,-0.002943824278190732,0.0007367756916210055,0.0006778690149076283,-0.0005761825595982373,-0.0015762255061417818,-0.0030343602411448956,-0.008331836201250553,-0.008834011852741241,-0.0019395985873416066,-0.008365144953131676,0.0007297511911019683
IDXX,19,2026-04-07 18:15:00+00:00,14:15,0.0006966963410377502,up,-0.003795736702159047,-0.003287015948444605,-0.004444648511707783,-0.0027899460401386023,-0.005026823375374079,-0.004175486508756876,-0.007611211389303207,-0.006334606092423201,-0.009074579924345016,-0.007660700473934412,-0.0034003262408077717,-0.002203940646722913,-0.002178000286221504,-0.001815109746530652,-0.0025852047838270664,-0.00239473395049572,0.0004613479250110686,0.0004254883388057351,-0.0006938439328223467,-0.0015141153708100319,-0.0009281857637688518,-0.00045522357686422765,-0.0036862967535853386,-9.799077815841883e-05,-0.0025322448927909136,0.0006966963410377502
AVB,19,2026-04-07 18:15:00+00:00,14:15,0.0005878927186131477,up,-0.0052917166613042355,-1.3334920367924497e-07,-0.001035730936564505,0.00029451350565068424,0.002336938166990876,-0.0012562625342980027,-0.002988586900755763,-0.0006086087669245899,0.0007363850600086153,-0.0013630554312840104,0.0016557303024455905,0.001809588517062366,0.000974486640188843,0.0006354175857268274,0.001368944300338626,0.00027248761034570634,0.0011040940880775452,0.0010438893223181367,0.0009253342286683619,0.001037890207953751,0.00020058189693372697,-0.0035352343693375587,-0.005521549843251705,-0.0021392141934484243,-0.0021421450655907393,0.0005878927186131477
TT,19,2026-04-07 18:15:00+00:00,14:15,0.000484947522636503,up,-0.005573497619479895,-0.005796714220196009,-0.006575450766831636,-0.002830703044310212,-0.0010459270561113954,-0.002922321669757366,-0.0054295603185892105,-0.008170253597199917,-0.011905539780855179,-0.0098161231726408,-0.005409992299973965,-0.0036469697952270508,-0.0031572359148412943,-0.002263595350086689,-0.00521229300647974,-0.005563078913837671,-0.0015587557572871447,-0.003387099364772439,-0.002825680887326598,-0.0021310134325176477,-0.0026532404590398073,-0.0048687350936234,-0.006750837434083223,-0.002649497240781784,-0.0034846903290599585,0.000484947522636503
EVRG,19,2026-04-07 18:15:00+00:00,14:15,0.0004804532218258828,up,0.0009188047260977328,0.001834313734434545,0.0013503246009349823,0.001527774496935308,0.004561448469758034,0.002963242819532752,0.0008921049302443862,0.0014525367878377438,0.0015614646254107356,0.000584205670747906,0.0019832360558211803,0.002158580580726266,0.001100974390283227,0.001859679352492094,0.0015081058954820037,0.0016330808866769075,0.0013987562851980329,0.001779239159077406,0.0017762375064194202,0.002582279033958912,0.001656029256992042,-0.001640128088183701,-0.0011340744094923139,0.0016249570762738585,0.0013100526994094253,0.0004804532218258828
ESS,19,2026-04-07 18:15:00+00:00,14:15,0.0004540800873655826,up,-0.004364036023616791,-0.0006990870460867882,0.00023236502602230757,0.0021481558214873075,0.003377329558134079,0.0017557735554873943,7.728722994215786e-05,-0.0006774275680072606,0.0007620759424753487,0.0011954024666920304,0.003935198299586773,0.0035628830082714558,0.002972016576677561,0.003402416128665209,0.0044616227969527245,0.003183746011927724,0.005009796936064959,0.005520686041563749,0.00403626961633563,0.004342876840382814,0.003566643688827753,0.002556006656959653,0.0005960193811915815,0.0005750523414462805,-0.0008474644273519516,0.0004540800873655826
CDNS,19,2026-04-07 18:15:00+00:00,14:15,0.0004473166773095727,up,0.003956535365432501,0.0020679528824985027,-0.0010836676228791475,0.001849312917329371,-0.0048295883461833,-0.007286030799150467,-0.013160832226276398,-0.0072546908631920815,-0.006279070861637592,-0.006010512821376324,-0.0011274757562205195,0.0016380581073462963,0.002883671782910824,0.001716455677524209,-0.0006256395136006176,0.00029831036226823926,0.0044516269117593765,0.002965615363791585,0.006977549288421869,0.001163936103694141,-0.0015608349349349737,-0.0045418827794492245,-0.0030843515414744616,0.002270931378006935,-0.0006145524675957859,0.0004473166773095727
KR,19,2026-04-07 18:15:00+00:00,14:15,0.00044199477997608483,up,-0.005259974393993616,0.00024420584668405354,-0.0006753214402124286,0.00030234307632781565,0.0032638900447636843,-0.004109349567443132,-0.005906551610678434,-0.005221189931035042,-0.0029692677780985832,-0.004101216793060303,-0.002394455950707197,-0.0025750708300620317,-0.004707871470600367,-0.002383269602432847,-0.0023251615930348635,-0.0027474439702928066,-0.0002655233256518841,-0.003543382976204157,-0.002944850828498602,-0.0028905717190355062,-0.002209488535299897,-0.003405452473089099,-0.005172718781977892,-0.0013508512638509274,-0.0035262920428067446,0.00044199477997608483
EME,19,2026-04-07 18:15:00+00:00,14:15,0.00043368092156015337,up,-0.002127627842128277,0.0014243939658626914,-0.0015250075375661254,0.004138385411351919,0.0035681645385921,0.002627680543810129,-0.0011729463003575802,-0.0009454559185542166,-0.0035789282992482185,-0.0010658839019015431,0.0005473055643960834,0.0019986690022051334,0.00013827686780132353,0.0008861898095346987,-0.0008224403136409819,-0.0039342250674963,-0.0018276401096954942,5.87406539125368e-05,-0.001467409310862422,0.0005632867105305195,3.476026904536411e-05,0.001015683519653976,-0.0005219808081164956,0.00307998969219625,0.0007655327790416777,0.00043368092156015337
MTB,19,2026-04-07 18:15:00+00:00,14:15,0.00033357160282321274,up,-0.0032242315355688334,-0.0021066274493932724,-0.0013058948097750545,0.0002853190235327929,0.001619337941519916,0.0006614337326027453,-0.0023456343915313482,-0.0015029447386041284,-0.0022271343041211367,-0.0015396024100482464,-0.0010356144048273563,0.00023524026619270444,7.107995770638809e-05,-0.000700882519595325,0.0009640112402848899,0.0003682780370581895,0.0021032304503023624,0.0009103715419769287,-0.0006629929412156343,-0.00012081161548849195,-0.0008913868805393577,-0.002542308298870921,-0.003266093321144581,0.0012982407351955771,7.734619430266321e-05,0.00033357160282321274
XEL,19,2026-04-07 18:15:00+00:00,14:15,0.0003024345787707716,up,0.0006556620355695486,0.0009960319148376584,-0.0008087423630058765,0.0007838021265342832,0.004179534502327442,0.002908596070483327,0.0005653122789226472,0.0036629296373575926,0.0036335361655801535,0.002832600846886635,0.0038389405235648155,0.0040558017790317535,0.004476984962821007,0.004482768941670656,0.0030200346373021603,0.002992805792018771,0.0034730725456029177,0.002114761620759964,0.0018841208657249808,0.0023155848030000925,0.0025276450905948877,0.0005055288202129304,0.0008785887039266527,0.0033480487763881683,0.0017803215887397528,0.0003024345787707716
GPN,19,2026-04-07 18:15:00+00:00,14:15,0.000287887203739956,up,-0.008701333776116371,0.0025040528271347284,-0.004729867447167635,0.0004181709955446422,-0.00536675238981843,-0.005726630799472332,-0.0097727095708251,-0.012396002188324928,-0.010019110515713692,-0.013716058805584908,-0.011531148105859756,-0.00780468201264739,-0.005851812195032835,-0.0010463360231369734,-0.004112056456506252,-0.0069418493658304214,-0.004295246209949255,-0.0014991265488788486,-0.004800640512257814,-0.004089826717972755,-0.004117234144359827,-0.0060995942912995815,-0.0064855399541556835,-0.00196625548414886,-0.003987324424088001,0.000287887203739956
AXON,19,2026-04-07 18:15:00+00:00,14:15,0.0002675438881851733,up,-0.006505087483674288,-0.010402118787169456,-0.01794281229376793,-0.012289644218981266,-0.024935975670814514,-0.024852896109223366,-0.02779308706521988,-0.023047147318720818,-0.016970856115221977,-0.01621018536388874,-0.015184015966951847,-0.010749367997050285,-0.013860661536455154,-0.028007792308926582,-0.02800888568162918,-0.026151007041335106,-0.03451767936348915,-0.020427867770195007,-0.034999504685401917,-0.021913329139351845,-0.02534881979227066,-0.018053025007247925,-0.012529255822300911,-0.0018214466981589794,-0.010894271545112133,0.0002675438881851733
META,19,2026-04-07 18:15:00+00:00,14:15,0.0002467102312948555,up,-0.0026736746076494455,-0.006557094864547253,-0.006299144122749567,-0.002978747012093663,-0.0026623180601745844,-0.0058806417509913445,-0.007505298126488924,-0.006073312368243933,-0.00977335125207901,-0.006866250187158585,-0.00437297485768795,-0.006231430917978287,-0.006202443037182093,-0.006840674672275782,-0.007060762029141188,-0.0046754335053265095,-0.006080538500100374,-0.007203779183328152,-0.0037220062222331762,-0.0038347491063177586,-0.008519190363585949,-0.01226989459246397,-0.013380366377532482,-0.009404018521308899,-0.010173306800425053,0.0002467102312948555
HIG,19,2026-04-07 18:15:00+00:00,14:15,0.00013426365330815315,up,0.0003369964542798698,0.0038552426267415285,0.003482090076431632,0.003983429167419672,0.007082102354615927,0.0064386953599750996,0.005450423341244459,0.0031866375356912613,0.00526293134316802,0.004458178300410509,0.005285722203552723,0.00456585455685854,0.004602671600878239,0.004060972947627306,0.004360536579042673,0.0033389367163181305,0.004428828600794077,0.0038316710852086544,0.003949660807847977,0.0037784872110933065,0.0027018259279429913,0.0010787185747176409,-0.0001556301722303033,0.0024869178887456656,-0.0008971579372882843,0.00013426365330815315
MET,19,2026-04-07 18:15:00+00:00,14:15,7.297062256839126e-05,up,-0.0025240688119083643,-7.892494613770396e-05,-0.0008462349651381373,0.0031247318256646395,5.346953184925951e-05,-0.001689218683168292,-0.006725691258907318,-0.004128651227802038,-0.006564331706613302,-0.006204722914844751,-0.004518595989793539,-0.003923553973436356,-0.0017701259348541498,-0.0009121406474150717,-0.0011685105273500085,-0.002391915302723646,5.660264287143946e-05,-0.0010133965406566858,-0.0016326792538166046,-0.00229873089119792,-0.0026228311471641064,-0.004922978114336729,-0.004885894246399403,-0.0013733566738665104,-0.0025975718162953854,7.297062256839126e-05
ISRG,19,2026-04-07 18:15:00+00:00,14:15,6.20077844359912e-05,up,-0.006908802315592766,-0.004154464695602655,-0.005756393074989319,-0.0021582352928817272,-0.003777928650379181,-0.007110771723091602,-0.007069043815135956,-0.00579344155266881,-0.005212571006268263,-0.00641291169449687,-0.0019901918713003397,-0.0015011948999017477,-0.0034294978249818087,-0.0032699776347726583,-0.003424211638048291,-0.00437909597530961,-0.0011128676123917103,-0.0013539487263187766,-0.0018557498697191477,-0.0036772298626601696,-0.0034287474118173122,-0.005095485132187605,-0.0050795841962099075,-0.0028523888904601336,-0.0029232106171548367,6.20077844359912e-05
BIIB,19,2026-04-07 18:15:00+00:00,14:15,4.55651170341298e-05,up,-0.006891233846545219,-0.002804514952003956,-0.0069034830667078495,-0.010026001371443272,-0.0077813128009438515,-0.008752118796110153,-0.009905128739774227,-0.00908617489039898,-0.007101419847458601,-0.006374963093549013,-0.003850372973829508,-6.603582733077928e-05,-0.0006760341348126531,-0.0024546771310269833,-0.0051149120554327965,-0.00427172239869833,-0.0016187706496566534,-0.002317864680662751,-0.004840381909161806,-0.004664156585931778,-0.004472716245800257,-0.004020162858068943,-0.00241405563428998,-0.007130875717848539,-0.005994134582579136,4.55651170341298e-05
BKNG,19,2026-04-07 18:15:00+00:00,14:15,1.1037165677407756e-05,up,-0.013659104704856873,-0.006376579869538546,-0.013091441243886948,-0.010548429563641548,-0.013843601569533348,-0.015155456960201263,-0.015470420010387897,-0.008908319287002087,-0.014815103262662888,-0.008681347593665123,-0.004502186551690102,-0.0053093950264155865,-0.004248479381203651,-0.0029792131390422583,-0.004741208162158728,-0.006590062286704779,-0.005045327823609114,-0.005315291229635477,-0.008326278068125248,-0.011798923835158348,-0.010473407804965973,-0.013721578754484653,-0.014152421616017818,-0.009305966086685658,-0.007918300107121468,1.1037165677407756e-05
REGN,19,2026-04-07 18:15:00+00:00,14:15,-2.66643037321046e-05,down,-0.007214238867163658,-0.0053595625795423985,-0.006386093329638243,-0.0025658276863396168,-0.0019048271933570504,-0.005132326856255531,-0.00822584517300129,-0.007454141043126583,-0.009926137514412403,-0.00753641314804554,-0.005555161740630865,-0.00309786107391119,-0.0031902496702969074,-0.0033289201091974974,-0.0040466864593327045,-0.004186722915619612,-0.0005823716055601835,-0.0010760381119325757,-0.0019402771722525358,-0.004417322110384703,-0.005811803508549929,-0.0078229745849967,-0.008383495733141899,-0.0038910494185984135,-0.005697399843484163,-2.66643037321046e-05
PLTR,19,2026-04-07 18:15:00+00:00,14:15,-4.488770355237648e-05,down,-0.012831980362534523,-0.010103609412908554,-0.018519138917326927,-0.012041207402944565,-0.016554050147533417,-0.01544162817299366,-0.015090272761881351,-0.014125846326351166,-0.012201834470033646,-0.011884910985827446,-0.008724572136998177,-0.008822440169751644,-0.011126119643449783,-0.009878830052912235,-0.009840556420385838,-0.014737896621227264,-0.007254572585225105,-0.0043884990736842155,-0.0073743523098528385,-0.0065191034227609634,-0.008223861455917358,-0.009333602152764797,-0.006135779432952404,-0.0026744252536445856,-0.00332356127910316,-4.488770355237648e-05
FRT,19,2026-04-07 18:15:00+00:00,14:15,-4.8273108404828236e-05,down,0.00020011897140648216,0.0031271432526409626,0.004107343964278698,0.00362097704783082,0.008052472956478596,0.007431773003190756,0.005972942337393761,0.005089859943836927,0.006641912739723921,0.005170062649995089,0.0074657113291323185,0.005024487618356943,0.004802181385457516,0.0035382339265197515,0.004155450034886599,0.003779931226745248,0.004204717464745045,0.004048399161547422,0.00337849254719913,0.003443371970206499,0.002714284462854266,0.00111372210085392,0.0009854970267042518,0.003056791378185153,0.0012150920229032636,-4.8273108404828236e-05
NI,19,2026-04-07 18:15:00+00:00,14:15,-8.159525168593973e-05,down,-0.001967978896573186,0.0021912213414907455,0.0027798062656074762,0.003548940410837531,0.006920280866324902,0.005478186998516321,0.0009439571877010167,0.0009572101989760995,0.002740798518061638,0.0013723166193813086,0.0036978169810026884,0.0017122816061601043,0.0017212219536304474,0.0026098445523530245,0.0015033143572509289,0.001479740021750331,0.0021802906412631273,0.0043021258898079395,0.002346659777686,0.0025775101967155933,0.0011254935525357723,-0.0007945562829263508,-0.001813118695281446,0.0027244414668530226,0.0006255442276597023,-8.159525168593973e-05
NWSA,19,2026-04-07 18:15:00+00:00,14:15,-9.650307038100436e-05,down,0.0008799314382486045,0.003354149404913187,0.0027582691982388496,0.0025766058824956417,0.002854603575542569,0.001270195934921503,0.000964212289545685,0.0014951896155253053,0.0007558416109532118,-0.0005161329172551632,0.0015858341939747334,0.0021085587795823812,0.0013428999809548259,0.0010461881756782532,0.001895796856842935,0.0010499011259526014,0.001934958971105516,0.002871100092306733,0.002357706194743514,0.002425525104627013,0.0017343006329610944,0.0007952982559800148,0.0005364224198274314,0.0006963605410419405,-0.0011566552566364408,-9.650307038100436e-05
AES,19,2026-04-07 18:15:00+00:00,14:15,-0.00011389348219381645,down,0.0005725702503696084,-0.0007369568920694292,-0.0008493537316098809,-0.0006425228202715516,-8.45602189656347e-05,-0.0014183236053213477,-0.0027908789925277233,-0.003925418481230736,-0.00356758083216846,-0.003111660946160555,-0.0015864139422774315,-0.0021171963308006525,-0.0019624780397862196,-0.0021971845999360085,-0.0023792898282408714,-0.0031083039939403534,-0.0015117706498131156,-0.0006412562215700746,-0.001658131368458271,-0.0016707483446225524,-0.0025771474465727806,-0.0033349187579005957,-0.0038561916444450617,0.00011401245865272358,-0.0016826315550133586,-0.00011389348219381645
SWK,19,2026-04-07 18:15:00+00:00,14:15,-0.00022120741778053343,down,-0.006395148113369942,-0.005439947359263897,-0.009529040195047855,-0.008991166017949581,-0.011746635660529137,-0.014267556369304657,-0.020218122750520706,-0.015888366848230362,-0.018813565373420715,-0.017479944974184036,-0.015720287337899208,-0.012190444394946098,-0.007328785490244627,-0.007993188686668873,-0.008414731360971928,-0.011112174950540066,-0.00711264181882143,-0.0077539170160889626,-0.010151424445211887,-0.011667520739138126,-0.010350199416279793,-0.009865688160061836,-0.009517038241028786,-0.0028485676739364862,-0.006721619516611099,-0.00022120741778053343
LUV,19,2026-04-07 18:15:00+00:00,14:15,-0.00024090282386168838,down,-0.018051965162158012,-0.011968658305704594,-0.01832839846611023,-0.014649610035121441,-0.018266821280121803,-0.019305480644106865,-0.02425818331539631,-0.01956893689930439,-0.01819632016122341,-0.013461635448038578,-0.009911526925861835,-0.00806738343089819,-0.00672503188252449,-0.003164006629958749,-0.003979797940701246,-0.004537075292319059,-0.0006050721276551485,-0.0024953768588602543,-0.004357543308287859,-0.006239345762878656,-0.010098195634782314,-0.012498898431658745,-0.01403858419507742,-0.005230972543358803,-0.008291260339319706,-0.00024090282386168838
DOV,19,2026-04-07 18:15:00+00:00,14:15,-0.00030260614585131407,down,-0.005392109509557486,-0.0019547573756426573,-0.0028664551209658384,-0.0004299452411942184,-0.0001948354474734515,-0.0013815707061439753,-0.005599352065473795,-0.005304960533976555,-0.005894569680094719,-0.004824068862944841,-0.0022842027246952057,-0.0023059032391756773,-0.0014277020236477256,-0.00159603008069098,0.0005124334129504859,5.4511452617589384e-05,0.0023483778350055218,0.0003233334282413125,-0.00028148971614427865,-0.001118999789468944,-0.0032737909350544214,-0.004760047886520624,-0.004488678183406591,-0.0037384002935141325,-0.0038731719832867384,-0.00030260614585131407
GEV,19,2026-04-07 18:15:00+00:00,14:15,-0.00031650811433792114,down,-0.006840135436505079,-0.005931762047111988,-0.007692217826843262,-0.0056739370338618755,-0.0030174991115927696,-0.0072821639478206635,-0.009693964384496212,-0.006982733029872179,-0.010065308772027493,-0.00891295075416565,-0.005581351928412914,-0.005664326716214418,-0.006266499869525433,-0.007096894551068544,-0.009098955430090427,-0.010735508985817432,-0.010180681012570858,-0.011281306855380535,-0.010258651338517666,-0.011123670265078545,-0.012312975712120533,-0.015327643603086472,-0.017372503876686096,-0.008679146878421307,-0.009627193212509155,-0.00031650811433792114
TAP,19,2026-04-07 18:15:00+00:00,14:15,-0.00032920390367507935,down,-0.005169117823243141,-0.003257125848904252,-0.003991422243416309,-0.00038479152135550976,-0.0018167240777984262,-0.00598937226459384,-0.006420998368412256,-0.006064049433916807,-0.007815363816916943,-0.005674808286130428,-0.0030266798567026854,-0.0015584344509989023,0.00019296995014883578,-0.00036341542727313936,-0.0013604690320789814,-0.0034948254469782114,-0.0009202351793646812,-0.0033916535321623087,-0.003609537146985531,-0.0015583826461806893,-0.0037836069241166115,-0.007628892082720995,-0.007960700429975986,-0.001769548049196601,-0.0031913560815155506,-0.00032920390367507935
ARE,19,2026-04-07 18:15:00+00:00,14:15,-0.00035628644400276244,down,-0.0009803789434954524,0.00756056746467948,0.001655969419516623,0.001799735240638256,-0.0006184243247844279,-0.0021432749927043915,-0.005575699731707573,-0.007851814851164818,0.0009752489859238267,-0.0035594699438661337,-0.0013625570572912693,-0.0024571700487285852,-0.004192430060356855,-0.0034534591250121593,-0.0017309820977970958,-0.00450871093198657,9.820533159654588e-05,-0.000997886061668396,-0.00297664781101048,-0.004609025549143553,-0.004098944831639528,-0.0058229840360581875,-0.005693664308637381,-0.0020096993539482355,-0.0008653771365061402,-0.00035628644400276244
MCO,19,2026-04-07 18:15:00+00:00,14:15,-0.00038676534313708544,down,-0.007752072066068649,-0.007150119636207819,-0.006571883335709572,-0.0033629671670496464,-0.008056463673710823,-0.00806387234479189,-0.009089963510632515,-0.010671445168554783,-0.011370459571480751,-0.011355549097061157,-0.008340703323483467,-0.006609463598579168,-0.007559441961348057,-0.007630594540387392,-0.007430883124470711,-0.008640802465379238,-0.007228556089103222,-0.00561555428430438,-0.008509884588420391,-0.008443642407655716,-0.004670840222388506,-0.008426324464380741,-0.00807202234864235,-0.004161342047154903,-0.006648404989391565,-0.00038676534313708544
PWR,19,2026-04-07 18:15:00+00:00,14:15,-0.0003912548127118498,down,-0.0029490021988749504,-0.0015147699741646647,-0.006744882557541132,-0.00382417906075716,-0.0035709247458726168,-0.0026822062209248543,-0.006115462630987167,-0.003795306198298931,-0.005410205572843552,-0.00362391141243279,-0.0029408785048872232,-0.0005416313069872558,-0.00022716284729540348,0.000967077212408185,0.0007099921931512654,-0.0025245293509215117,0.0005568222841247916,0.00013238907558843493,-0.0014583475422114134,-0.002457353984937072,-0.0038090974558144808,-0.006486788392066956,-0.005464036483317614,-0.001821807585656643,-0.0031611602753400803,-0.0003912548127118498
OKE,19,2026-04-07 18:15:00+00:00,14:15,-0.0004357214202173054,down,-0.0008143955492414534,0.0029368752148002386,0.00359362387098372,0.0025557291228324175,0.0035911090672016144,0.00031116887112148106,-0.0023039726074784994,-0.0007000550394877791,0.0007236454403027892,-0.004012393765151501,-0.00037948894896544516,-0.0037654386833310127,-0.004379720892757177,-0.002581828972324729,-0.00084646325558424,-0.0012358722742646933,-0.00017439630755688995,-0.0025213314220309258,-0.002574846614152193,-0.0023289555683732033,-0.003140247194096446,-0.004082542844116688,-0.0034464981872588396,0.002240866655483842,-0.0010640162508934736,-0.0004357214202173054
STE,19,2026-04-07 18:15:00+00:00,14:15,-0.0005182640161365271,down,-0.002117740223184228,0.0006273852777667344,-0.0004909049021080136,0.0008103858563117683,0.00040479941526427865,-0.001685272785834968,-0.0051217107102274895,-0.0041985586285591125,-0.003476388519629836,-0.0037158529739826918,-0.0031179895158857107,-0.0031825772020965815,-0.00242792209610343,-0.0021289282012730837,-0.0009556513978168368,-0.002227847697213292,0.0007520135841332376,-0.0005778558552265167,6.249628495424986e-05,-0.0009999846806749701,-0.00016301464347634465,-0.001452200231142342,-0.00261506624519825,0.0003922954492736608,-0.000609123264439404,-0.0005182640161365271
AXP,19,2026-04-07 18:15:00+00:00,14:15,-0.0005354904569685459,down,0.0011030074674636126,0.002250298159196973,0.0023496339563280344,0.0036558255087584257,0.002948160981759429,0.002220122842118144,0.0008539652917534113,0.0007670873892493546,-0.0011823181994259357,-0.0025490126572549343,0.000133582012495026,-5.4699263273505494e-05,0.0009577721357345581,-0.00041725748451426625,-0.001707218587398529,-0.0030427768360823393,-0.002321310108527541,-0.00339871016331017,-0.003390838159248233,-0.003661477006971836,-0.0030810069292783737,-0.0068191965110599995,-0.005850767716765404,-0.0026144888252019882,-0.00461066048592329,-0.0005354904569685459
IRM,19,2026-04-07 18:15:00+00:00,14:15,-0.0005379202775657177,down,-0.008234722539782524,-0.009839645586907864,-0.00522276945412159,-0.004715063609182835,-0.004320095293223858,-0.005857161246240139,-0.009230555966496468,-0.0066920132376253605,-0.006722594145685434,-0.007062905468046665,-0.006891088094562292,-0.003855273826047778,-0.0029047243297100067,-0.001765412394888699,-0.0028464142233133316,-0.001287738443352282,-0.0018323486438021064,-0.0009329459280706942,-0.0010060074273496866,-0.0007918388582766056,-0.002810518257319927,-0.0048575010150671005,-0.006087340414524078,-0.0017093643546104431,-0.0033366484567523003,-0.0005379202775657177
SBUX,19,2026-04-07 18:15:00+00:00,14:15,-0.0005396667402237654,down,-0.0038354117423295975,-0.006159129086881876,-0.0077881342731416225,-0.006638695020228624,-0.003949183505028486,-0.005939676892012358,-0.008918482810258865,-0.005223654210567474,-0.009526366367936134,-0.004298181273043156,-0.0031743324361741543,-0.0035278419964015484,-0.005221307277679443,-0.002245516050606966,-0.0029951308388262987,-0.004463379271328449,-0.007496870122849941,-0.00682790856808424,-0.004630207549780607,-0.0033021841663867235,-0.00433874037116766,-0.005902373231947422,-0.00788827333599329,-0.003499420825392008,-0.007137332111597061,-0.0005396667402237654
URI,19,2026-04-07 18:15:00+00:00,14:15,-0.0005442238762043417,down,-0.00591543922200799,-0.005322945304214954,-0.007193046621978283,-0.0048644328489899635,-0.007411355618387461,-0.006745270453393459,-0.009296807460486889,-0.006859090179204941,-0.00894986093044281,-0.007488572038710117,-0.0046135131269693375,-0.0035946760326623917,-0.0024962960742413998,-0.002616593614220619,-0.003229852532967925,-0.0030054247472435236,-0.0005599306896328926,-0.0008260419708676636,-0.0036712714936584234,-0.002598415594547987,-0.00327290128916502,-0.003687928430736065,-0.004420997109264135,-0.002015273319557309,-0.00378410704433918,-0.0005442238762043417
LNT,19,2026-04-07 18:15:00+00:00,14:15,-0.0005464483401738107,down,0.002710687927901745,0.0038750432431697845,0.003281427314504981,0.0049877590499818325,0.008980602025985718,0.007125244475901127,0.0048218886367976665,0.005321079399436712,0.005169496405869722,0.003568731714040041,0.003925399389117956,0.004070039372891188,0.004048042465001345,0.004298804327845573,0.003677107160910964,0.0027947567868977785,0.0036072831135243177,0.003939860034734011,0.0020465462002903223,0.004310001619160175,0.0030323644168674946,0.0016983732348307967,0.0023365572560578585,0.004012804012745619,0.002513040089979768,-0.0005464483401738107
LULU,19,2026-04-07 18:15:00+00:00,14:15,-0.0006362231797538698,down,-0.007225827779620886,-0.0035567160230129957,-0.012052295729517937,-0.011931235902011395,-0.012033031322062016,-0.010706314817070961,-0.01340686995536089,-0.01109685841947794,-0.00995943509042263,-0.007720199413597584,-0.006640945561230183,-0.0033413853961974382,-0.005184963345527649,-0.006261372473090887,-0.00436002854257822,-0.005624664016067982,-8.571171929361299e-05,0.00017460130038671196,0.0006801089039072394,0.003605266334488988,-0.0027167454827576876,-0.0031563376542180777,-0.007685580290853977,-0.0013880770420655608,-0.004813558422029018,-0.0006362231797538698
FTV,19,2026-04-07 18:15:00+00:00,14:15,-0.0006562939379364252,down,-0.0021387573797255754,0.0013110561994835734,-0.0006905877962708473,0.000994429923593998,0.00103608681820333,0.00084781734040007,-0.001222803140990436,-0.00031030079117044806,0.0006922991015017033,0.0008897516527213156,0.0024178624153137207,0.0023548807948827744,0.002386942505836487,0.0034717970993369818,0.0023952703922986984,0.0012500934535637498,0.0036225977819412947,0.0025244199205189943,0.0029158161487430334,0.0024849295150488615,0.0008893299382179976,-0.0002265588118461892,-0.0006651683361269534,0.0012476881965994835,-0.0012019063578918576,-0.0006562939379364252
PKG,19,2026-04-07 18:15:00+00:00,14:15,-0.0006703381077386439,down,-0.005250229500234127,-0.004293506499379873,-0.004437215626239777,-0.0024709245190024376,-0.0007428242242895067,-0.002298662206158042,-0.006017577368766069,-0.006038858089596033,-0.006574441213160753,-0.00315658887848258,-0.0015071850502863526,-0.0027405922301113605,-0.004346176516264677,-0.00423932122066617,-0.0009069312363862991,-0.0022059110924601555,-0.0005633986438624561,-0.0007711955113336444,-0.0017761948984116316,-0.0015640839701518416,-0.002569361124187708,-0.005824438761919737,-0.004833847284317017,-0.003957095090299845,-0.003096043597906828,-0.0006703381077386439
TMO,19,2026-04-07 18:15:00+00:00,14:15,-0.00072501040995121,down,-0.008213003166019917,-0.006958122830837965,-0.008589377626776695,-0.006935325916856527,-0.005702499765902758,-0.00752854160964489,-0.009766903705894947,-0.007896319963037968,-0.009000284597277641,-0.009736665524542332,-0.0071729873307049274,-0.006851788144558668,-0.006388864479959011,-0.0063079954124987125,-0.0068179951049387455,-0.006333634722977877,-0.002871782286092639,-0.004288679454475641,-0.0056573739275336266,-0.005810711998492479,-0.00554998591542244,-0.007487206254154444,-0.008257296867668629,-0.004272575955837965,-0.004518573638051748,-0.00072501040995121
IBM,19,2026-04-07 18:15:00+00:00,14:15,-0.0007267353939823806,down,-0.003206283552572131,-0.001212877337820828,-0.003810218535363674,-0.0017642121529206634,-0.003918442875146866,-0.006488393060863018,-0.006475114729255438,-0.005587244872003794,-0.006028519477695227,-0.005891324020922184,-0.0035314722917973995,-0.0013583718100562692,-0.002024149289354682,-0.002199828624725342,-0.003183191642165184,-0.004004314541816711,-0.001507072476670146,-0.002610733499750495,-0.0018172208219766617,-0.002694250550121069,-0.0030655330047011375,-0.003722802037373185,-0.00373421935364604,0.0002697171294130385,-0.0017045142594724894,-0.0007267353939823806
CAH,19,2026-04-07 18:15:00+00:00,14:15,-0.0007297525880858302,down,-0.003650898113846779,-0.002919622929766774,-0.0036709315609186888,-0.0010187289444729686,-0.0011641307501122355,-0.003164570778608322,-0.003578129457309842,-0.003808756358921528,-0.004221299663186073,-0.004627387970685959,-0.003501979634165764,-0.0036184554919600487,-0.004101794678717852,-0.0035896096378564835,-0.003507605055347085,-0.003623965196311474,0.0006448766798712313,-0.00011840482329716906,-0.0012342027621343732,-0.000907879788428545,-0.0029168142937123775,-0.005101446527987719,-0.005651846062391996,-0.0007172450423240662,-0.0015676834154874086,-0.0007297525880858302
APTV,19,2026-04-07 18:15:00+00:00,14:15,-0.000732886663172394,down,-0.014558898285031319,-0.0067663006484508514,-0.014191274531185627,-0.006841990165412426,-0.013316098600625992,-0.013076260685920715,-0.02018558979034424,-0.017760755494236946,-0.012690020725131035,-0.014789766632020473,-0.01272029709070921,-0.010705634951591492,-0.009173436090350151,-0.0075664701871573925,-0.006454915273934603,-0.00719809252768755,-0.007066634483635426,-0.004807299934327602,-0.009460099041461945,-0.007983330637216568,-0.008094187825918198,-0.01181524433195591,-0.013079831376671791,-0.004830406978726387,-0.006952637806534767,-0.000732886663172394
STZ,19,2026-04-07 18:15:00+00:00,14:15,-0.0007706803735345602,down,-0.004920343402773142,-0.0032330001704394817,-0.007229883689433336,-0.006553203798830509,-0.005194421857595444,-0.008296252228319645,-0.008108667097985744,-0.008566230535507202,-0.009011633694171906,-0.010950164869427681,-0.007591108791530132,-0.006261011119931936,-0.006120115052908659,-0.006881196517497301,-0.007568869739770889,-0.007969226688146591,-0.005450100637972355,-0.006887163035571575,-0.007008341606706381,-0.004560463596135378,-0.0051851291209459305,-0.005943027790635824,-0.004835923667997122,-0.0009432354127056897,-0.00034827145282179117,-0.0007706803735345602
APP,19,2026-04-07 18:15:00+00:00,14:15,-0.0007799261948093772,down,-0.010092496871948242,-0.011484106071293354,-0.02534591592848301,-0.018093222752213478,-0.02498168870806694,-0.02698819525539875,-0.02953280322253704,-0.023211713880300522,-0.01651889458298683,-0.01598469167947769,-0.009625865146517754,-0.006027523893862963,-0.004610978066921234,-0.023925960063934326,-0.023585285991430283,-0.02670380286872387,-0.030012022703886032,-0.020149538293480873,-0.03239573538303375,-0.027818012982606888,-0.028235170990228653,-0.022812528535723686,-0.020971685647964478,-0.008805889636278152,-0.015388295985758305,-0.0007799261948093772
SPG,19,2026-04-07 18:15:00+00:00,14:15,-0.0007897263276390731,down,-0.002748634433373809,0.002902690088376403,-0.00035177450627088547,0.000819076900370419,0.0017229459481313825,0.0007551599410362542,0.0001913645537570119,-0.0015437777619808912,-0.001419438631273806,-7.674048538319767e-05,0.0007187480223365128,0.00036717549664899707,3.803068830166012e-05,-0.0007575813215225935,-0.001470765215344727,-0.00051988655468449,0.0007770207012072206,-0.0004223641299176961,0.0020403231028467417,0.0023153151851147413,0.00155546423047781,-0.002477324102073908,-0.0042647989466786385,0.0015226751565933228,-0.001222266466356814,-0.0007897263276390731
AMGN,19,2026-04-07 18:15:00+00:00,14:15,-0.0008121581049636006,down,-0.004594272468239069,-0.002742511685937643,-0.008938668295741081,-0.006827706005424261,-0.00817168690264225,-0.014016249217092991,-0.015813510864973068,-0.010978689417243004,-0.011858398094773293,-0.01187494769692421,-0.009621678851544857,-0.005532123148441315,-0.005246568005532026,-0.0030290340073406696,-0.005385030992329121,-0.004944244399666786,-0.004737960174679756,-0.00628275191411376,-0.0059613860212266445,-0.005418425425887108,-0.005781894084066153,-0.008982330560684204,-0.006193222478032112,-0.003630691673606634,-0.003173588076606393,-0.0008121581049636006
UHS,19,2026-04-07 18:15:00+00:00,14:15,-0.0008560299756936729,down,-0.0016645902069285512,0.0011848913272842765,-0.00013571912131737918,0.001759411534294486,0.0018293344182893634,2.752832733676769e-05,-0.004309455864131451,-0.0032597261015325785,-0.0014342409558594227,-0.0020930974278599024,0.0006414717645384371,0.0013708480400964618,0.0009486826020292938,0.0012860725400969386,0.0015745877753943205,0.0007885791128501296,0.0026651828084141016,0.003753031836822629,0.0034457650035619736,0.002146680373698473,0.001075958483852446,-0.0014375168830156326,-0.002724161371588707,0.0014588156482204795,-0.0006217979243956506,-0.0008560299756936729
KLAC,19,2026-04-07 18:15:00+00:00,14:15,-0.0008609396172687411,down,-0.001212559756822884,-0.0034477936569601297,-0.0027357512153685093,0.0021888758055865765,0.002663974417373538,-0.0003874555404763669,-0.0019422273617237806,0.0022193884942680597,-0.0016867176163941622,0.0004975507035851479,-0.0005527785397134721,0.0014283916680142283,-0.0008355562458746135,-0.0010732699884101748,-0.0006262588431127369,-0.004438559990376234,-0.00368159799836576,-0.004515758715569973,-0.0029902211390435696,-0.00010844865028047934,-0.0037456355057656765,-0.005119191482663155,-0.005232273600995541,-0.001390598132275045,-0.004746338818222284,-0.0008609396172687411
ZBH,19,2026-04-07 18:15:00+00:00,14:15,-0.0008637204300612211,down,0.0005261117476038635,0.002963308012112975,0.0026739826425909996,0.0024115783162415028,0.0032341110054403543,0.0005987792392261326,-0.0025215744972229004,-0.003398888511583209,-0.002720434917137027,-0.0021559041924774647,-0.0007011157576926053,0.00037528725806623697,-0.0011707200901582837,0.0014151178766041994,0.0017081666737794876,0.0009031593217514455,0.004901071544736624,0.005263354163616896,0.004119614604860544,0.0019335757242515683,0.002640930935740471,0.002409250009804964,0.002509964630007744,0.0057596503756940365,0.000787023629527539,-0.0008637204300612211
DOW,19,2026-04-07 18:15:00+00:00,14:15,-0.0008714804425835609,down,0.002115397248417139,0.00448269909247756,0.0020147196482867002,0.0038595646619796753,-0.0015702799428254366,-0.001972855068743229,-0.002615775680169463,-0.0026505994610488415,-0.0003345430304761976,-0.0016711775679141283,0.0002613120013847947,-0.00020303420023992658,-0.0021285575348883867,-0.001525784027762711,0.0011891272151842713,-0.00029015669133514166,-0.004139353521168232,-0.0032113126944750547,-0.0036237360909581184,-0.0045014675706624985,-0.0030452790670096874,-0.004573228769004345,-0.001603844459168613,-0.0017317458987236023,-0.0018069545039907098,-0.0008714804425835609
KKR,19,2026-04-07 18:15:00+00:00,14:15,-0.0008796724141575396,down,-0.0019774597603827715,0.0017541124252602458,-0.002394575159996748,-0.0020912957843393087,-0.004030072130262852,-0.0019481057533994317,-0.008466757833957672,-0.003393559716641903,-0.003079919843003154,-0.0047860159538686275,-0.0028045435901731253,-0.0023444911930710077,-0.0031453499104827642,0.0008575631072744727,0.0012565888464450836,-0.002416052622720599,-0.0016242892015725374,-0.001535741495899856,-0.002866096794605255,-0.0016013563144952059,-0.001157002872787416,-0.0006100667524151504,0.0005269761313684285,0.0031347444746643305,0.0017490049358457327,-0.0008796724141575396
DXCM,19,2026-04-07 18:15:00+00:00,14:15,-0.0009315668721683323,down,-0.0020635793916881084,-0.0005728972028009593,-0.008848248980939388,-0.008347485214471817,-0.0100473091006279,-0.011241604574024677,-0.015341569669544697,-0.00987660139799118,-0.006879272870719433,-0.005136419553309679,-0.0048494040966033936,-0.0016611033352091908,0.0016207764856517315,0.002157953567802906,-0.0016268985345959663,-0.0025940316263586283,0.004600801505148411,0.0033490615896880627,0.00042264387593604624,-0.0011595386313274503,-0.0007747196359559894,-0.0030996189452707767,-0.0002809623256325722,0.0006282440735958517,-0.001499063684605062,-0.0009315668721683323
RMD,19,2026-04-07 18:15:00+00:00,14:15,-0.0009667991544120014,down,-0.0030562046449631453,-0.0029588243924081326,-0.0062776668928563595,-0.0050512985326349735,-0.007321891840547323,-0.007807935122400522,-0.009591584093868732,-0.007454199250787497,-0.007923731580376625,-0.0049799238331615925,-0.001825119717977941,0.00072810472920537,0.0010216246591880918,0.0014805312966927886,-0.0018160786712542176,-0.003073343075811863,0.0016172109171748161,-0.0012205361854285002,0.0009475126280449331,-0.0021414030343294144,-0.0005408247816376388,-0.004492299631237984,-0.004435705486685038,0.0023265513591468334,-0.003988930024206638,-0.0009667991544120014
NDSN,19,2026-04-07 18:15:00+00:00,14:15,-0.0009763544658198953,down,0.00020071037579327822,0.0015190651174634695,0.0010653557255864143,0.0027008892502635717,0.003607922000810504,0.0018317661015316844,-0.001252508140169084,0.0006026052287779748,-0.0005383363459259272,-0.0005271897534839809,0.00037947710370644927,0.0028434046544134617,0.0014926660805940628,0.0028481632471084595,0.002213207306340337,0.0003361071867402643,0.0037717672530561686,0.001073178369551897,0.0009707437129691243,-0.0008412066381424665,0.0003523690684232861,-0.0024526158813387156,-0.0024525150656700134,2.936906457762234e-05,-0.0013239975087344646,-0.0009763544658198953
UAL,19,2026-04-07 18:15:00+00:00,14:15,-0.0009784436551854014,down,-0.008765007369220257,-0.008683951571583748,-0.014120741747319698,-0.011151568964123726,-0.014416075311601162,-0.012998096644878387,-0.020020853728055954,-0.013448716141283512,-0.015005252324044704,-0.011419174261391163,-0.008657124824821949,-0.012370284646749496,-0.00981555599719286,-0.004859431646764278,-0.004420856013894081,-0.006313472520560026,-0.003527892753481865,-0.008753856644034386,-0.008981571532785892,-0.009435088373720646,-0.0046905712224543095,-0.007635507732629776,-0.01193440705537796,-0.0017328545218333602,-0.003658450674265623,-0.0009784436551854014
CSX,19,2026-04-07 18:15:00+00:00,14:15,-0.0009821843123063445,down,-0.0031395794358104467,0.00043676592758856714,-0.0004747631319332868,-1.1253923730691895e-06,0.0007394651765935123,-0.0010217265225946903,-0.0025520443450659513,-0.0024781767278909683,-0.002657645381987095,-0.004253186285495758,-0.0015875449171289802,-0.005703722592443228,-0.004010477103292942,-0.005597806069999933,-0.0030461344867944717,-0.0031912075355648994,-0.003717578249052167,-0.002180401235818863,-0.0005591226508840919,-0.00045158795546740294,-0.0011487980373203754,0.0003870707587338984,-0.003550029592588544,0.0004037924518343061,-0.00012472101661842316,-0.0009821843123063445
TSLA,19,2026-04-07 18:15:00+00:00,14:15,-0.0010289762867614627,down,-0.009158977307379246,-0.017005877569317818,-0.021840868517756462,-0.022727977484464645,-0.02156020700931549,-0.025042949244379997,-0.02543298900127411,-0.027039704844355583,-0.02709396369755268,-0.029899992048740387,-0.027731401845812798,-0.025881890207529068,-0.020064886659383774,-0.018323468044400215,-0.018110541626811028,-0.021040918305516243,-0.018305055797100067,-0.017656894400715828,-0.01969466358423233,-0.01615709625184536,-0.021333714947104454,-0.023116460070014,-0.02265145257115364,-0.017692243680357933,-0.01410293485969305,-0.0010289762867614627
ES,19,2026-04-07 18:15:00+00:00,14:15,-0.001079065608792007,down,0.002382683800533414,0.004282173700630665,0.004074569791555405,0.0043421220034360886,0.005927402526140213,0.004375974647700787,0.002674191491678357,0.00274140783585608,0.00212904647924006,0.0008456308860331774,0.002979138633236289,0.0025086032692342997,0.001571259810589254,0.0015941469464451075,0.0014937034575268626,0.0011810309952124953,0.002516917884349823,0.0024700378999114037,0.00233605969697237,0.0014615426771342754,-0.00033223623177036643,-0.0014259740710258484,-0.0004039373015984893,0.002612237585708499,-0.0010658169630914927,-0.001079065608792007
AJG,19,2026-04-07 18:15:00+00:00,14:15,-0.0011168128112331033,down,-0.005981476046144962,-0.0033016479574143887,-0.004453964997082949,-0.004426714964210987,-0.0045447200536727905,-0.004912741482257843,-0.008745185099542141,-0.007049462758004665,-0.007962019182741642,-0.00860218983143568,-0.007234514690935612,-0.005076707806438208,-0.005699313711374998,-0.0034068438690155745,-0.0051409113220870495,-0.005102100316435099,-0.004461200907826424,-0.004847564268857241,-0.005837972275912762,-0.007325096521526575,-0.0062805102206766605,-0.008694478310644627,-0.008710341528058052,-0.00293667521327734,-0.0048187505453825,-0.0011168128112331033
GD,19,2026-04-07 18:15:00+00:00,14:15,-0.001123012974858284,down,-0.002129575703293085,-0.0010949476854875684,-0.0009246859699487686,0.0012756020296365023,0.0036281892098486423,0.0014596943510696292,-0.0011897082440555096,-0.001199450227431953,-0.0033002726268023252,-0.0027169950772076845,-0.0013434808934107423,-0.0007167999283410609,-0.001322958734817803,-0.002038818085566163,-0.0017039576778188348,-0.0024995338171720505,-0.002571714809164405,-0.0019755298271775246,-0.0033748666755855083,-0.002385570202022791,-0.0016833116533234715,-0.003973126411437988,-0.004162364173680544,-0.001246676198206842,-0.002769433194771409,-0.001123012974858284
EG,19,2026-04-07 18:15:00+00:00,14:15,-0.0011640950106084347,down,-0.00032531298347748816,0.002908069873228669,0.0015242573572322726,0.0034775156527757645,0.003955791238695383,0.0012939546722918749,-0.0005398485227487981,-0.0021555698476731777,-0.003014959394931793,-0.0036513758823275566,-0.0008946851594373584,4.611261101672426e-05,-0.0005445551360026002,-0.0009577770251780748,-0.0015020431019365788,-0.002888008486479521,-0.00019186214194633067,-5.612896347884089e-05,-0.0011746492236852646,-0.0013586144195869565,-0.0002800861548166722,-0.003385786199942231,-0.005207431502640247,-0.0013151208404451609,-0.0028822352178394794,-0.0011640950106084347
VTR,19,2026-04-07 18:15:00+00:00,14:15,-0.0011721046175807714,down,-0.005540442653000355,-0.0025848099030554295,-0.003537846729159355,-0.0020682401955127716,-5.3835563448956236e-05,-0.0031717889942228794,-0.004370976705104113,-0.004290810786187649,-0.004482651595026255,-0.004516588989645243,-0.0011676361318677664,-0.002079164842143655,-0.0043091862462460995,-0.002494456944987178,-0.00419845012947917,-0.0043916781432926655,-0.002489970065653324,-0.00392571184784174,-0.0031748146284371614,-0.0019985344260931015,-0.0034417700953781605,-0.006177718285471201,-0.006167666055262089,-0.0024864464066922665,-0.003319865558296442,-0.0011721046175807714
TRGP,19,2026-04-07 18:15:00+00:00,14:15,-0.0011735043954104185,down,-0.001086189178749919,-0.003974752500653267,-0.001755496021360159,0.0008113280637189746,-0.0019512699218466878,-0.0018422810826450586,0.002260522684082389,0.0010827890364453197,0.000246766721829772,0.0022890763357281685,0.007537230383604765,0.007515707518905401,0.003433072939515114,0.005480040330439806,0.005681738723069429,0.003871217370033264,0.0063421097584068775,0.00461547588929534,0.00129179866053164,0.0048851557075977325,0.0004999202210456133,8.981861174106598e-05,-0.00021765957353636622,0.004529972560703754,-0.000841081200633198,-0.0011735043954104185
PFG,19,2026-04-07 18:15:00+00:00,14:15,-0.0012143265921622515,down,-0.005439884029328823,-0.002242302754893899,-0.003266110783442855,-0.001643866067752242,-0.0032935538329184055,-0.00527590699493885,-0.010553654283285141,-0.008113643154501915,-0.009571823291480541,-0.011887317523360252,-0.009708949364721775,-0.007480270694941282,-0.005581466481089592,-0.004012719262391329,-0.0056692431680858135,-0.005448319483548403,-0.0045965625904500484,-0.004342729691416025,-0.005992807913571596,-0.00488475663587451,-0.005240296479314566,-0.007138968911021948,-0.005863914266228676,-0.00010286399628967047,-0.0028369510546326637,-0.0012143265921622515
VLTO,19,2026-04-07 18:15:00+00:00,14:15,-0.001326934085227549,down,-0.0030441798735409975,-0.0014552812790498137,-0.0015884520253166556,-0.0009782767156139016,-0.0009837689576670527,-0.002921160776168108,-0.005572691094130278,-0.005064303055405617,-0.005995866376906633,-0.006336180027574301,-0.004102001432329416,-0.0038767009973526,-0.0037707455921918154,-0.002727199112996459,-0.0033294563181698322,-0.004062033724039793,-0.0017892231699079275,-0.0019178969087079167,-0.002038011560216546,-0.0007008014945313334,-0.0008443518308922648,-0.0029251710511744022,-0.004114375449717045,0.0011271069524809718,-0.0011612072121351957,-0.001326934085227549
EW,19,2026-04-07 18:15:00+00:00,14:15,-0.0013396113645285368,down,-0.006569060496985912,-0.0053802416659891605,-0.007937222719192505,-0.004721930716186762,-0.008173668757081032,-0.008174434304237366,-0.010168339125812054,-0.007101611699908972,-0.007425124291330576,-0.006309677381068468,-0.00454547256231308,-0.003939333371818066,-0.0029270744416862726,-0.0024128647055476904,-0.0024664467200636864,-0.003766082227230072,-0.0014236827846616507,-0.0025140782818198204,-0.002954738913103938,-0.0027774472255259752,-0.0029622456058859825,-0.0048901853151619434,-0.006564181298017502,-0.0030422015115618706,-0.004339622333645821,-0.0013396113645285368
WM,19,2026-04-07 18:15:00+00:00,14:15,-0.001409538323059678,down,-5.37089908902999e-05,0.0001269588974537328,0.001142433495260775,0.00195678835734725,0.003708249656483531,0.003951697144657373,0.0019998035859316587,0.0004987397696822882,0.0005108368350192904,0.00012927743955515325,0.0010453227441757917,0.00014949134492781013,0.0003966964141000062,0.0002813112223520875,0.0005625597550533712,-0.00014288174861576408,-0.000340377475367859,0.0012229939457029104,0.0008624556940048933,0.002505876123905182,0.0019392892718315125,-0.0005899296957068145,-0.0004944110987707973,0.00022574224567506462,-0.0014363477239385247,-0.001409538323059678
WAB,19,2026-04-07 18:15:00+00:00,14:15,-0.001430691685527563,down,-0.00019062233332078904,0.004728829953819513,0.0019630971364676952,0.004792795050889254,0.006076738238334656,0.006742397323250771,0.0034425200428813696,0.004928897134959698,0.003336945315822959,0.0036918586120009422,0.005114131607115269,0.0069105252623558044,0.006021294742822647,0.0057341912761330605,0.00425249757245183,0.004405168350785971,0.004095447715371847,0.004379990044981241,0.0037147209513932467,0.0035750181414186954,0.0016828025691211224,0.0007817007717676461,-0.002049989765509963,0.0012951480457559228,-0.004552334081381559,-0.001430691685527563
ICE,19,2026-04-07 18:15:00+00:00,14:15,-0.0014997890684753656,down,-0.00547911087051034,-0.0036083359736949205,-0.002724120393395424,-0.00016426124784629792,0.0019669237080961466,0.00028740818379446864,-0.003820176003500819,-0.004463352262973785,-0.002689505461603403,-0.002219394315034151,0.0002147312043234706,0.0006458954303525388,-0.0021507299970835447,-0.0017415786860510707,-0.00104678759817034,-0.002164088888093829,-0.0024617796298116446,-0.0031207518186420202,-0.002592151751741767,-0.002006273251026869,-0.0013162746326997876,-0.004781926982104778,-0.003339613089337945,-0.0028355566319078207,-0.0023870603181421757,-0.0014997890684753656
CMI,19,2026-04-07 18:15:00+00:00,14:15,-0.001503623672761023,down,0.0005089977639727294,0.002944999374449253,0.0023246353957802057,0.003924154676496983,0.004890335723757744,0.0030813824851065874,-0.0008120494894683361,0.0009706001728773117,-0.0010569012956693769,0.00157934648450464,3.555387593223713e-05,0.0024641321506351233,0.0028651959728449583,0.004728547763079405,0.0028392979875206947,0.0018382541602477431,0.004650014452636242,0.0026134755462408066,-0.0002075452939607203,-0.0012971118558198214,-0.0020442127715796232,-0.0022903834469616413,-0.0035256908740848303,0.001245571649633348,-0.0036815491039305925,-0.001503623672761023
PLD,19,2026-04-07 18:15:00+00:00,14:15,-0.001514189993031323,down,-0.0031544433441013098,-0.0016838449519127607,-0.0022877168375998735,-0.0011711142724379897,0.0003491640090942383,-0.000560413405764848,-0.0023920522071421146,-0.002522621303796768,-0.002009339164942503,-0.0031975815072655678,-0.002841900335624814,-0.0019029194954782724,-0.0017000115476548672,-0.002056653378531337,-0.0034719547256827354,-0.004150558728724718,-0.0017317580059170723,-0.001733908080495894,-0.00046145892702043056,-0.0013610594905912876,-0.00312850927002728,-0.003264924744144082,-0.00497850077226758,0.0007004403742030263,-0.0029960668180137873,-0.001514189993031323
MAA,19,2026-04-07 18:15:00+00:00,14:15,-0.001536966534331441,down,-0.0004649231559596956,0.0015872428193688393,0.0019816886633634567,0.0024423173163086176,0.006123567000031471,0.004008485935628414,0.00340504152700305,0.0020447310525923967,0.003912339918315411,0.0037983618676662445,0.00537334568798542,0.00417710468173027,0.0036573000252246857,0.00163564074318856,0.002479543909430504,0.0014274213463068008,0.002311987802386284,0.0027414867654442787,0.0015700218500569463,0.0021371557377278805,0.0006370380870066583,-0.0015637087635695934,-0.004130404442548752,-0.0012577981688082218,-0.002297708299010992,-0.001536966534331441
TDG,19,2026-04-07 18:15:00+00:00,14:15,-0.0015764898853376508,down,-0.006020537577569485,-0.005740269552916288,-0.006415221374481916,-0.004062631167471409,-0.003428076393902302,-0.005906784441322088,-0.00598575035110116,-0.005404782947152853,-0.00736213056370616,-0.0066947233863174915,-0.0030664282385259867,-0.002283193403854966,-0.0026611199136823416,-0.0009675699402578175,-0.002489508595317602,-0.0025931750424206257,0.00011940221156692132,-0.001525986474007368,0.0002688299282453954,0.000659734068904072,-0.0005505001754499972,-0.0012071258388459682,-0.0024442162830382586,-0.0002576857223175466,-0.003492391901090741,-0.0015764898853376508
AEE,19,2026-04-07 18:15:00+00:00,14:15,-0.001695886836387217,down,-0.0001816005096770823,-0.0005131532088853419,0.00038251496152952313,0.0015452648513019085,0.005955049768090248,0.005464444402605295,0.004411865491420031,0.002578076208010316,0.003870717715471983,0.002754142275080085,0.004074296448379755,0.003418541280552745,0.0037565873935818672,0.0025948011316359043,0.0028484046924859285,0.002162222284823656,0.002772541483864188,0.0028330895584076643,0.0020981368143111467,0.0020754009019583464,0.001627919846214354,-0.00023564251023344696,-0.0008807717822492123,0.0023911939933896065,0.00039481814019382,-0.001695886836387217
ALL,19,2026-04-07 18:15:00+00:00,14:15,-0.001800184021703899,down,-0.005154818296432495,-0.0028271342162042856,-0.0026047062128782272,-0.0026782893110066652,-0.0009987601079046726,-0.0028060239274054766,-0.00448642298579216,-0.005771944765001535,-0.004934126045554876,-0.004820765927433968,-0.00383583502843976,-0.0014002692187204957,-0.0014023062540218234,-0.0028138288762420416,-0.003948695957660675,-0.004071466624736786,-0.0007440921617671847,6.0938378737773746e-05,-0.0011923006968572736,0.0010405764915049076,-0.0010473387083038688,-0.0036023615393787622,-0.0036782734096050262,-0.0021809316240251064,-0.004870422184467316,-0.001800184021703899
TKO,19,2026-04-07 18:15:00+00:00,14:15,-0.0018119890009984374,down,-0.0002906675508711487,-0.0029564546421170235,-0.0036096093244850636,-0.002983270911499858,-0.011452378705143929,-0.011761520989239216,-0.010920532047748566,-0.009044944308698177,-0.007884466089308262,-0.005524854641407728,-0.008101340383291245,-0.0050020585767924786,-0.00493982108309865,-0.00429130531847477,-0.006600438617169857,-0.008181983605027199,-0.0073137544095516205,-0.009561410173773766,-0.009610108099877834,-0.00963135901838541,-0.00579128647223115,-0.008396870456635952,-0.008523985743522644,-0.0024076614063233137,-0.007352704647928476,-0.0018119890009984374
BKR,19,2026-04-07 18:15:00+00:00,14:15,-0.0018510413356125355,down,0.00401158956810832,0.0003190386632923037,-0.0017905783606693149,-0.0024722283706068993,-0.006414854899048805,-0.006066513247787952,-0.009989694692194462,-0.0065101380459964275,-0.007672506384551525,-0.0046352422796189785,-0.0025636896025389433,-0.0030390690080821514,-0.004270817618817091,-0.006101008038967848,-0.003409137250855565,-0.0043545193038880825,-0.0012662585359066725,-0.0014755739830434322,-0.0022439593449234962,-0.0038081284146755934,-0.003219332778826356,-0.004748061764985323,-0.004376136232167482,-0.002466200850903988,-0.006495226174592972,-0.0018510413356125355
RF,19,2026-04-07 18:15:00+00:00,14:15,-0.0018661459907889366,down,-0.007936213165521622,-0.0011232781689614058,-0.00412452407181263,-0.002636306919157505,-0.0032680151052773,-0.003283278550952673,-0.0061426046304404736,-0.005542242433875799,-0.0073321848176419735,-0.007791494019329548,-0.006977298762649298,-0.007169400807470083,-0.00637123454362154,-0.005505717359483242,-0.005040846765041351,-0.005302515346556902,-0.0024751329328864813,-0.0034178008791059256,-0.004287973046302795,-0.003415678394958377,-0.005441394634544849,-0.006919272243976593,-0.00601276196539402,-0.002113389316946268,-0.0028362954035401344,-0.0018661459907889366
WELL,19,2026-04-07 18:15:00+00:00,14:15,-0.002012413227930665,down,-0.006730216555297375,-0.004483599681407213,-0.0036871854681521654,-0.001773462863638997,0.0012590906117111444,-0.001904353266581893,-0.003285363083705306,-0.002897675381973386,-0.003695345250889659,-0.0036613631527870893,-0.0028617375064641237,-0.003346034325659275,-0.00354786473326385,-0.004428195301443338,-0.0040221139788627625,-0.003294450929388404,-0.0015257856575772166,-0.00222128932364285,-0.000309517519781366,4.079348218510859e-05,-0.002686514286324382,-0.0055160485208034515,-0.006381426937878132,-0.0029958158265799284,-0.004337041638791561,-0.002012413227930665
BDX,19,2026-04-07 18:15:00+00:00,14:15,-0.0020878100767731667,down,-0.0036364546976983547,-0.0017972510540857911,-0.003552739042788744,-0.001389316632412374,-0.00044677313417196274,-0.003896636189892888,-0.006949878763407469,-0.005833813920617104,-0.006822076626121998,-0.005958849098533392,-0.004631419666111469,-0.004600202664732933,-0.004352764692157507,-0.004208914004266262,-0.002901808824390173,-0.0038612184580415487,-0.0023838926572352648,-0.002935687778517604,-0.002272463869303465,-0.0019154333276674151,-0.0037398943677544594,-0.00439142482355237,-0.005757891107350588,-0.001957198604941368,-0.006006281357258558,-0.0020878100767731667
CME,19,2026-04-07 18:15:00+00:00,14:15,-0.002088411943987012,down,-0.0018939151195809245,0.0002638912992551923,0.0015158404130488634,0.0023426038678735495,0.004407201893627644,0.0017420620424672961,-0.00032851065043359995,1.3697122994926758e-05,-0.0025495197623968124,-0.001318850088864565,0.0005133859231136739,0.000391034031054005,0.0006395058007910848,0.0016523515805602074,0.00014902092516422272,-0.0029898632783442736,-0.0029695688281208277,-0.0028855937998741865,-0.004399284720420837,-0.004240389447659254,-0.002843855181708932,-0.006018243730068207,-0.007669602986425161,-0.003332439810037613,-0.004153135232627392,-0.002088411943987012
FDX,19,2026-04-07 18:15:00+00:00,14:15,-0.002089634072035551,down,-0.005483386106789112,-0.003769873408600688,-0.005856169853359461,-0.002305881353095174,-0.0021894569508731365,-0.005432570353150368,-0.007016689516603947,-0.005457398947328329,-0.006010764744132757,-0.005590624641627073,-0.0029425686225295067,-0.0020433973986655474,-0.0016917298780754209,-0.002123660407960415,-0.002324649365618825,-0.0036647168453782797,-0.0012053317623212934,-0.001749619492329657,-0.002813684521242976,-0.0018497565761208534,-0.0019912051502615213,-0.004953576251864433,-0.006775869056582451,-0.004210689105093479,-0.0035862999502569437,-0.002089634072035551
PCAR,19,2026-04-07 18:15:00+00:00,14:15,-0.0021525740157812834,down,-0.0034591220319271088,-0.0025151013396680355,-0.00399587769061327,-0.002566966228187084,-0.00046857341658324003,-0.0024083720054477453,-0.005665257107466459,-0.003897816641256213,-0.005823688115924597,-0.00690523162484169,-0.004470781423151493,-0.003914999775588512,-0.004315968602895737,-0.006315868813544512,-0.003843018552288413,-0.005743482615798712,-0.004057859070599079,-0.00436468655243516,-0.005335869267582893,-0.004144018050283194,-0.006233312655240297,-0.0073277708142995834,-0.005892851855605841,-0.0011720436159521341,-0.003102035028859973,-0.0021525740157812834
ED,19,2026-04-07 18:15:00+00:00,14:15,-0.0021651985589414835,down,0.0008968606125563383,0.005150673910975456,0.005763635039329529,0.006009256467223167,0.010331978090107441,0.008890964090824127,0.005726497620344162,0.003179283579811454,0.0048604849725961685,0.0019785405602306128,0.003325783647596836,0.002718391828238964,0.0013083755038678646,0.00136725849006325,0.0014962420100346208,0.001925875898450613,0.0009315526112914085,0.0015335838543251157,0.0014731663977727294,0.0021320057567209005,0.001730242627672851,-0.00024159059103112668,-0.0006043877801857889,0.0012529365485534072,-0.00132653396576643,-0.0021651985589414835
ITW,19,2026-04-07 18:15:00+00:00,14:15,-0.002176760695874691,down,-0.0020938969682902098,0.0004642341227736324,8.034711936488748e-05,7.074777840898605e-06,0.003358406713232398,0.0008575190440751612,-0.0010683281579986215,-0.001692596240900457,-0.000495721644256264,-0.0011248403461650014,-0.0002737287140917033,0.0009125539800152183,-0.0014927234733477235,-0.000251175370067358,0.0006669132271781564,9.214825695380569e-05,0.0031544447410851717,0.0023786239326000214,0.0015167094534263015,0.0027605704963207245,0.0011307233944535255,-7.769880903651938e-05,-0.0005572843947447836,0.0011752382852137089,-0.0025115280877798796,-0.002176760695874691
FOXA,19,2026-04-07 18:15:00+00:00,14:15,-0.002238185377791524,down,-0.007144457194954157,-0.004377373959869146,-0.006443249061703682,-0.0031518007162958384,-0.0035096050705760717,-0.005138010252267122,-0.0064522563479840755,-0.005565854720771313,-0.004238523542881012,-0.005053650122135878,-0.0033157027792185545,-0.0031576529145240784,-0.0033392657060176134,-0.0036881661508232355,-0.0035832051653414965,-0.003707275725901127,-0.0019008043454959989,-0.0027781599201261997,-0.0023585238959640265,-0.0018371089827269316,-0.0036320877261459827,-0.0051241107285022736,-0.00535281328484416,-0.0038014925085008144,-0.006212836131453514,-0.002238185377791524
COF,19,2026-04-07 18:15:00+00:00,14:15,-0.002312694676220417,down,-0.002877569990232587,-0.00012218242045491934,-0.003988044802099466,-0.001822790247388184,-0.0010660015977919102,-0.0012180987978354096,-0.0020797736942768097,0.0012851202627643943,0.00022535491734743118,0.0006878403946757317,0.0011856543133035302,0.0009791225893422961,0.0010074229212477803,0.001685024588368833,0.0032728700898587704,0.0021329426672309637,0.0004701621946878731,0.002142664510756731,-0.00042343256063759327,-0.001854624249972403,-0.002092251554131508,-0.004037561826407909,-0.004356141202151775,-0.001081140828318894,-0.0024931193329393864,-0.002312694676220417
PNC,19,2026-04-07 18:15:00+00:00,14:15,-0.002354586496949196,down,-0.010854980908334255,-0.0064478712156414986,-0.006771604530513287,-0.004481059964746237,-0.0038697803393006325,-0.004177527967840433,-0.007370728999376297,-0.00678868917748332,-0.007489189971238375,-0.0069762640632689,-0.006194939836859703,-0.006437649484723806,-0.006683281622827053,-0.0043234140612185,-0.0022371213417500257,-0.002765342826023698,-0.0002821896050591022,-0.001297957031056285,-0.002034227829426527,-0.0023431312292814255,-0.0016028059180825949,-0.004263623151928186,-0.004562195856124163,-0.0009553682757541537,-0.0024399219546467066,-0.002354586496949196
CINF,19,2026-04-07 18:15:00+00:00,14:15,-0.002448558108881116,down,0.00012871730723418295,0.0013325234176591039,-0.00020835553004872054,0.0015539631713181734,0.0016745096072554588,0.0015733437612652779,-0.001576281269080937,-0.00018330382590647787,0.0002032070333370939,-0.0004451107233762741,0.0011729405960068107,0.0017686476930975914,-0.0005324842059053481,0.001123153604567051,-0.0010226883459836245,-0.0038477161433547735,-0.00015817560779396445,0.0016029694816097617,-0.000941971899010241,-0.001308341627009213,-0.0037462697364389896,-0.005658463109284639,-0.005571948830038309,-0.0004194460343569517,-0.0036579712759703398,-0.002448558108881116
ADP,19,2026-04-07 18:15:00+00:00,14:15,-0.0024737713392823935,down,-0.006768691353499889,-0.0023587478790432215,-0.002443615347146988,-0.0013314414536580443,-0.0023185424506664276,-0.002565341768786311,-0.006748448591679335,-0.004689305555075407,-0.0022728308103978634,-0.0005611204542219639,0.0013456413289532065,-0.00015754284686408937,0.00015879113925620914,0.00048585605691187084,0.0006681549712084234,0.0005946023156866431,0.0027098918799310923,0.0027127896901220083,0.002043132670223713,0.0005276384763419628,-0.0016519618220627308,-0.0014463213738054037,-0.0032046374399214983,-0.0009326498839072883,-0.0031563255470246077,-0.0024737713392823935
EQR,19,2026-04-07 18:15:00+00:00,14:15,-0.002485379111021757,down,-0.004773975349962711,-0.0007734852842986584,-0.00222642975859344,-0.000871735333930701,0.001046036253683269,-0.0018110101809725165,-0.003607203019782901,-0.0045191505923867226,-0.0031058858148753643,-0.003588802879676223,-0.0008296918240375817,-0.002489522099494934,-0.0017606040928512812,-0.0034380690194666386,-0.0037226348649710417,-0.004234582185745239,-0.00016582569514866918,-0.0015591776464134455,0.0005794124444946647,0.001017560949549079,-0.0017218065913766623,-0.00620786938816309,-0.005658334586769342,-0.003061135997995734,-0.004329260438680649,-0.002485379111021757
COR,19,2026-04-07 18:15:00+00:00,14:15,-0.002497283276170492,down,-0.0039231181144714355,-0.0022696794476360083,-0.0036786540877074003,-0.001622562063857913,-0.002263082889840007,-0.005131555255502462,-0.007190483156591654,-0.006221568211913109,-0.007075159810483456,-0.0060380734503269196,-0.004849632736295462,-0.003642145311459899,-0.0037075085565447807,-0.0032935074996203184,-0.004903131164610386,-0.005978128872811794,-0.005305109079927206,-0.00460073770955205,-0.004202596843242645,-0.004223376978188753,-0.005102220457047224,-0.00758846290409565,-0.006680273916572332,-0.00235535204410553,-0.004777404014021158,-0.002497283276170492
MA,19,2026-04-07 18:15:00+00:00,14:15,-0.0026687909848988056,down,-0.004536978434771299,-0.0019818786531686783,-0.003606244921684265,-0.0024522768799215555,-0.0030594784766435623,-0.0039571174420416355,-0.004950603470206261,-0.003687364747747779,-0.0060095819644629955,-0.0051782820373773575,-0.0006434102542698383,-0.0016299536218866706,-0.0008289559045806527,-0.0007736598490737379,-0.001517496770247817,-0.002161057200282812,-0.0005237340228632092,-0.0015106211649253964,0.0003713267215061933,0.00032352612470276654,0.0001209321417263709,-0.0024424903094768524,-0.002484559081494808,0.0002864793932531029,-0.001436453778296709,-0.0026687909848988056
JBHT,19,2026-04-07 18:15:00+00:00,14:15,-0.00267136562615633,down,-0.001214454066939652,0.002328160684555769,-0.0010558603098616004,0.001843082020059228,0.0009751753532327712,0.0014042324619367719,-0.002151749562472105,-0.00072626763721928,-8.763596270000562e-06,-0.0007637678063474596,-9.204187517752871e-05,0.0019212529296055436,0.0006870297947898507,0.00026788856484927237,0.0007995725609362125,0.0010361755266785622,0.0021016141399741173,-0.0003949150850530714,-0.0012845400488004088,0.0013805641792714596,0.0015750478487461805,-0.0009474681573919952,-0.0007249642512761056,0.002279171021655202,-0.0015112366527318954,-0.00267136562615633
CLX,19,2026-04-07 18:15:00+00:00,14:15,-0.002678188029676676,down,-0.004886847920715809,-0.00432496378198266,-0.005899418611079454,-0.002906791167333722,-0.003061071503907442,-0.004499540198594332,-0.0076300641521811485,-0.007038802374154329,-0.006897541228681803,-0.00829144287854433,-0.007237284444272518,-0.006350247655063868,-0.005782286170870066,-0.0066094594076275826,-0.0033868239261209965,-0.004963825922459364,-0.0038313656114041805,-0.0013847207883372903,-0.002847785595804453,-0.0019740965217351913,-0.0026792807038873434,-0.004847161937505007,-0.006064175628125668,-0.003914217930287123,-0.006419133394956589,-0.002678188029676676
IQV,19,2026-04-07 18:15:00+00:00,14:15,-0.0027537145651876926,down,-0.005366752855479717,-0.002717340597882867,-0.011452768929302692,-0.0053854528814554214,-0.006788941565901041,-0.007271709386259317,-0.012080766260623932,-0.008550424128770828,-0.008271620608866215,-0.007595401722937822,-0.0054902564734220505,-0.0034781380090862513,-0.00493478961288929,-0.00211729621514678,-0.0037525359075516462,-0.00542011484503746,-0.004207145888358355,-0.004945852793753147,-0.007104150485247374,-0.006584406830370426,-0.0075294626876711845,-0.009355003945529461,-0.009189636446535587,-0.0033491801004856825,-0.006016142666339874,-0.0027537145651876926
ERIE,19,2026-04-07 18:15:00+00:00,14:15,-0.0027619076427072287,down,0.0027551366947591305,0.005682220216840506,0.0035255218390375376,0.005933897104114294,0.006336693651974201,0.005460129585117102,0.0024569272063672543,0.002952828072011471,0.0024807031732052565,0.0003271178575232625,0.0033254073932766914,0.005115637090057135,0.0021530725061893463,0.0008476032526232302,0.0006979282479733229,0.00023182878794614226,0.0027362839318811893,0.0016685795271769166,0.0019968897104263306,0.0019336440600454807,0.0006652766605839133,0.00030394806526601315,-0.001728071249090135,0.0035077258944511414,-0.0024962197057902813,-0.0027619076427072287
UNP,19,2026-04-07 18:15:00+00:00,14:15,-0.0027869364712387323,down,-0.006497450638562441,-0.0021413143258541822,-0.003918495494872332,-0.002390502253547311,-0.000606320973020047,-0.0020748975221067667,-0.003875501686707139,-0.00460949819535017,-0.004676465876400471,-0.005697992164641619,-0.003129965392872691,-0.0029742412734776735,-0.0036527463234961033,-0.004309389274567366,-0.004301748238503933,-0.0033156871795654297,-0.0006143798818811774,-0.002211793093010783,-0.0009873950621113181,2.1829600882483646e-06,-0.001369775040075183,-0.001971776131540537,-0.004414335358887911,-0.0032362034544348717,-0.0048135994002223015,-0.0027869364712387323
LMT,19,2026-04-07 18:15:00+00:00,14:15,-0.0028380558360368013,down,-0.004277059808373451,-0.0018891342915594578,-0.004369993228465319,-0.002586024347692728,-0.00209571304731071,-0.004453587811440229,-0.005436736159026623,-0.0061262063682079315,-0.006936551537364721,-0.005951007828116417,-0.0033893040381371975,-0.0032538636587560177,-0.004103415179997683,-0.004220104776322842,-0.005787550006061792,-0.005643392913043499,-0.003354145446792245,-0.0034012245014309883,-0.0042985305190086365,-0.0037521356716752052,-0.004080605693161488,-0.007486983668059111,-0.006408335641026497,-0.004962870851159096,-0.004848233424127102,-0.0028380558360368013
COST,19,2026-04-07 18:15:00+00:00,14:15,-0.0028967619873583317,down,-0.0070461672730743885,-0.004838971421122551,-0.005927526857703924,-0.003622350050136447,-0.0011927211889997125,-0.003966467455029488,-0.003992256708443165,-0.004765171557664871,-0.005303499288856983,-0.005218571983277798,-0.0034287949092686176,-0.003047005273401737,-0.0036740226205438375,-0.005093557294458151,-0.005370127037167549,-0.0065325465984642506,-0.00399059010669589,-0.0035171948838979006,-0.004564336035400629,-0.0039418102242052555,-0.0031170989386737347,-0.005353960674256086,-0.0070584611967206,-0.0059433262795209885,-0.00685789855197072,-0.0028967619873583317
IFF,19,2026-04-07 18:15:00+00:00,14:15,-0.002904558554291725,down,0.004905783571302891,0.009722509421408176,0.0047232951037585735,0.005810043774545193,0.0037842090241611004,-0.0005418279906734824,-0.0039157019928097725,-0.009789657779037952,-0.007792925462126732,-0.011307326145470142,-0.011107662692666054,-0.008787753991782665,-0.005006664898246527,-0.004725214559584856,-0.004093484487384558,-0.00607770262286067,-0.007364588789641857,-0.007021327503025532,-0.010509428568184376,-0.006826000288128853,-0.007004321552813053,-0.007018447853624821,-0.0072742002084851265,-0.0019051883136853576,-0.008577126078307629,-0.002904558554291725
BLK,19,2026-04-07 18:15:00+00:00,14:15,-0.0029097290243953466,down,-0.006166523788124323,-0.003359260968863964,-0.004914002493023872,-0.0020501487888395786,-0.0021357072982937098,-0.0035225830506533384,-0.006387484725564718,-0.005605076905339956,-0.00755053898319602,-0.006331280805170536,-0.003712987992912531,-0.0022552725858986378,-0.0019050880800932646,-0.002389386761933565,-0.00245092180557549,-0.0029003447853028774,-0.0005936487577855587,-0.0008609028882347047,-0.0017784700030460954,-0.003026452846825123,-0.004630597308278084,-0.004432333167642355,-0.005045189987868071,-0.00031025332282297313,-0.003906721249222755,-0.0029097290243953466
GRMN,19,2026-04-07 18:15:00+00:00,14:15,-0.002940814010798931,down,-0.00495153060182929,-0.002805846743285656,-0.006684023421257734,-0.005005988758057356,-0.007471001241356134,-0.008963830769062042,-0.011073091067373753,-0.007949632592499256,-0.009278903715312481,-0.008539504371583462,-0.007667164318263531,-0.006165774539113045,-0.006932592950761318,-0.005731064826250076,-0.004976434167474508,-0.005556948017328978,-0.0034992373548448086,-0.005916634574532509,-0.005083405412733555,-0.0046926988288760185,-0.0044658007100224495,-0.005030269268900156,-0.005503607448190451,-0.0012650496792048216,-0.004961042199283838,-0.002940814010798931
WST,19,2026-04-07 18:15:00+00:00,14:15,-0.0029760173056274652,down,-0.0030057718977332115,0.0007344221812672913,-0.001967540243640542,5.7035867939703166e-05,0.0009070841479115188,0.0013177114306017756,-0.003446044633165002,-0.0006358036189340055,-0.0006438833079300821,-0.0011424670228734612,0.004139416851103306,0.0066246576607227325,0.006059270817786455,0.005377857014536858,0.004797717556357384,0.004933581687510014,0.005108959507197142,0.003770422888919711,0.002152638975530863,0.0013814226258546114,0.0021245114039629698,0.00163976289331913,-0.001855543116107583,0.0034201901871711016,0.0001867558603407815,-0.0029760173056274652
VST,19,2026-04-07 18:15:00+00:00,14:15,-0.0030043278820812702,down,-0.006173660047352314,-0.003908590879291296,-0.01111037377268076,-0.00864946935325861,-0.010066796094179153,-0.011243700981140137,-0.011050522327423096,-0.007476387545466423,-0.007385482080280781,-0.0076867337338626385,-0.006622872781008482,-0.004720441065728664,-0.0049598379991948605,-0.005464162677526474,-0.0030482583679258823,-0.006118386052548885,-0.0031702923588454723,-0.0023334885481745005,-0.0019195168279111385,-0.0014151434879750013,-0.0039047810714691877,-0.004368523135781288,-0.0039582508616149426,-0.0010604445124045014,-0.0016195006901398301,-0.0030043278820812702
AON,19,2026-04-07 18:15:00+00:00,14:15,-0.0031217304058372974,down,-0.008055984042584896,-0.006548198871314526,-0.010060063563287258,-0.008806226775050163,-0.00866403803229332,-0.01092729065567255,-0.011305983178317547,-0.011715022847056389,-0.012303833849728107,-0.012242457829415798,-0.008295551873743534,-0.00657050684094429,-0.007671622559428215,-0.007979298941791058,-0.009028826840221882,-0.00820915773510933,-0.006547935307025909,-0.006564450915902853,-0.00741701852530241,-0.006182424258440733,-0.0044485703110694885,-0.007842964492738247,-0.008398299105465412,-0.0052464851178228855,-0.006444813683629036,-0.0031217304058372974
PNR,19,2026-04-07 18:15:00+00:00,14:15,-0.003152470802888274,down,-0.0011751721613109112,0.000563915993552655,-0.0018534454284235835,-0.001442897948436439,-0.002261103829368949,-0.0036393608897924423,-0.005023597739636898,-0.005670894868671894,-0.0022350335493683815,-0.00368011393584311,-0.004171297885477543,-0.003722685854882002,-0.003134899539873004,-0.001155236503109336,-0.0011932279448956251,-0.0034267844166606665,-0.0009888173080980778,-0.002505365526303649,-0.0009129635291174054,-0.00012214243179187179,0.0003452821692917496,-0.001445182366296649,-0.0016030637780204415,-4.9030692025553435e-05,-0.004508955869823694,-0.003152470802888274
WEC,19,2026-04-07 18:15:00+00:00,14:15,-0.0032362372148782015,down,-0.002709476975724101,-0.0016198733355849981,-0.002505165757611394,-0.0012672359589487314,0.0023201596923172474,-0.00039416670915670693,-0.0026916535571217537,-0.002195564564317465,-0.0017320701153948903,-0.0017741475021466613,-0.0003312376793473959,-0.00012960589083377272,-0.0004371631075628102,-0.0001939284848049283,-0.0003493742551654577,-0.0012736943317577243,-0.0013468001270666718,-0.0017592031508684158,-0.002062959596514702,-0.0019508596742525697,-0.0023756329901516438,-0.0048711951822042465,-0.005771640222519636,-0.002570593263953924,-0.003906284924596548,-0.0032362372148782015
AZO,19,2026-04-07 18:15:00+00:00,14:15,-0.003262700280174613,down,-0.003992023412138224,0.0016860590549185872,-0.0031774379312992096,-0.0013386496575549245,-0.00015202959184534848,-0.003694521961733699,-0.002103503793478012,-0.00360821932554245,-0.004671119619160891,-0.004547871183604002,-0.001530789420939982,-0.0017585630994290113,-0.001507999375462532,-0.0033258553594350815,-0.004294111859053373,-0.0051719327457249165,-0.003479846054688096,-0.0018316342029720545,-0.0018861038843169808,-0.0024673945736140013,-0.0018370847683399916,-0.003499941900372505,-0.005180819891393185,-0.002908338326960802,-0.005271982867270708,-0.003262700280174613
MSCI,19,2026-04-07 18:15:00+00:00,14:15,-0.0032852545846253633,down,-0.003088597906753421,4.118640936212614e-05,-0.0011626071063801646,0.0006783906719647348,0.0008936823578551412,0.0008353790617547929,-0.0027512561064213514,-0.0036911298520863056,-0.003587910905480385,-0.002857387764379382,-0.002058685990050435,-0.0007976411143317819,-0.0014795500319451094,-0.0009956862777471542,-0.0016277905087918043,-0.0026499724481254816,-0.002069768961519003,-0.0019279357511550188,-0.003187027992680669,-0.002665814710780978,-0.004129724111407995,-0.0044038016349077225,-0.0029423083178699017,-0.0009543125634081662,-0.0038406234234571457,-0.0032852545846253633
PM,19,2026-04-07 18:15:00+00:00,14:15,-0.0032869798596948385,down,0.0019442221382632852,0.0050399815663695335,0.0004921054351143539,0.0025749646592885256,0.002912124851718545,-0.0002763160737231374,-0.0016387866344302893,0.0013930043205618858,0.0007133716717362404,-9.917478018905967e-05,0.0009776486549526453,0.00287155550904572,0.0023270933888852596,0.001168587477877736,-0.0010864814976230264,-0.001817595912143588,0.000426873768446967,-6.37071134406142e-05,0.0010597005020827055,-0.00028672756161540747,-0.0007707265904173255,0.0008632022654637694,0.003334247274324298,0.0035519427619874477,-0.002356182085350156,-0.0032869798596948385
SNPS,19,2026-04-07 18:15:00+00:00,14:15,-0.00334373046644032,down,-0.0015871499199420214,0.0021174356807023287,-0.00516421627253294,-0.0018086280906572938,-0.005998682696372271,-0.0074108922854065895,-0.011419019661843777,-0.007244708947837353,-0.006301597226411104,-0.005048901308327913,-0.002236270345747471,-0.003055779030546546,-0.002327408641576767,-0.0020619933493435383,-0.006831963546574116,-0.004413049668073654,0.00010887355165323243,-0.0013525165850296617,-0.007001923397183418,-0.0073234266601502895,-0.0068210940808057785,-0.008305435068905354,-0.0029147036839276552,-0.0034814157988876104,-0.004038828890770674,-0.00334373046644032
TDY,19,2026-04-07 18:15:00+00:00,14:15,-0.0033558441791683435,down,-0.004103143699467182,-0.002428532810881734,-0.002879002131521702,-0.0020965663716197014,-0.0029599335975944996,-0.004390280693769455,-0.008201159536838531,-0.006250340025871992,-0.009726322256028652,-0.007997487671673298,-0.0071048429235816,-0.005587915424257517,-0.004977422766387463,-0.004649878013879061,-0.007012114394456148,-0.0072264159098267555,-0.004994992632418871,-0.006415733601897955,-0.008585600182414055,-0.008742143400013447,-0.00907917320728302,-0.008203377947211266,-0.00735945301130414,-0.00466433260589838,-0.00695987930521369,-0.0033558441791683435
PFE,19,2026-04-07 18:15:00+00:00,14:15,-0.003370520658791065,down,-0.009695717133581638,-0.008510557934641838,-0.01390556525439024,-0.00790150836110115,-0.002862315159291029,-0.004432981833815575,-0.007845676504075527,-0.010754629038274288,-0.01154485996812582,-0.014784378930926323,-0.012920910492539406,-0.009214618243277073,-0.004301746375858784,-0.005650417413562536,-0.004290670156478882,-0.00650784932076931,-0.0046347868628799915,-0.0072566187009215355,-0.004988087806850672,-0.005672832950949669,-0.008036691695451736,-0.01192667055875063,-0.012623665854334831,-0.008056973107159138,-0.0054718502797186375,-0.003370520658791065
CMS,19,2026-04-07 18:15:00+00:00,14:15,-0.0034720536787062883,down,-0.0005407484713941813,2.758946175163146e-05,-0.0023757838644087315,0.0010359458392485976,0.0035615386441349983,-0.00014663231559097767,-0.0023450700100511312,-0.0017919164383783937,-0.0018071921076625586,-0.0037224788684397936,-0.0009548567468300462,-0.0006334545323625207,-0.001866184757091105,-0.0015310831367969513,-0.0033350042067468166,-0.004085808992385864,-0.0032250017393380404,-0.0030622174963355064,-0.002644814783707261,-0.0031576293986290693,-0.004931456875056028,-0.0070287734270095825,-0.006976598873734474,-0.0036083515733480453,-0.004987124353647232,-0.0034720536787062883
WAT,19,2026-04-07 18:15:00+00:00,14:15,-0.0035151480697095394,down,-0.0027109053917229176,-0.0019786462653428316,-0.002706805244088173,-0.0021621843334287405,-0.00462614931166172,-0.0048765139654278755,-0.006555015686899424,-0.005850311368703842,-0.005788177251815796,-0.005887641105800867,-0.002358376746997237,-0.00042936333920806646,0.0019757153932005167,0.001183407148346305,-0.0007585880230180919,-0.0015105402562767267,0.0016695735976099968,-0.00112991314381361,-0.000993505003862083,-0.0017743404023349285,-0.0012466198531910777,-0.0037763603031635284,-0.0052009932696819305,0.0009678009082563221,-0.0025696975644677877,-0.0035151480697095394
PNW,19,2026-04-07 18:15:00+00:00,14:15,-0.0035393403377383947,down,0.0008791370783001184,0.0005386436241678894,0.0015089224325492978,0.00021054435637779534,0.005942231509834528,0.005115036852657795,0.0038599269464612007,0.0016311368672177196,0.003745878115296364,0.0021507986821234226,0.003561819903552532,0.003118489868938923,0.001926662866026163,0.001425497466698289,0.0011669746600091457,0.001041899435222149,0.0007424366776831448,0.001487199799157679,0.0019214855274185538,0.0022836863063275814,0.001967004267498851,0.00027144199702888727,-0.0018594631692394614,-0.00053436029702425,-0.0024377594236284494,-0.0035393403377383947
CHD,19,2026-04-07 18:15:00+00:00,14:15,-0.003569984110072255,down,-0.003282962366938591,-0.0017586149042472243,-0.0021882925648242235,-0.003229691879823804,-0.003680292284116149,-0.004953294061124325,-0.005833494942635298,-0.007662740536034107,-0.008154894225299358,-0.007798830978572369,-0.006531013175845146,-0.0036552639212459326,-0.0034193103201687336,-0.0005612059612758458,-0.0034671914763748646,-0.0029421132057905197,-0.0021501444280147552,-0.002924093510955572,0.0003550638793967664,-7.121499947970733e-05,-0.0016173501498997211,-0.002200568560510874,-0.0059015485458076,-0.001746128429658711,-0.004055840894579887,-0.003569984110072255
CDW,19,2026-04-07 18:15:00+00:00,14:15,-0.0035911318846046925,down,-0.002157666953280568,-0.0006349629838950932,-0.0033610579557716846,-0.0007138233631849289,-0.0038177133537828922,-0.00464073708280921,-0.005393828731030226,-0.0025555125903338194,-0.002356362296268344,-0.003350007114931941,-0.0021258790511637926,-0.0007316683768294752,-0.0012345138238742948,-0.001583796227350831,-0.0012590668629854918,-0.001375606399960816,0.0012189672561362386,0.0029884492978453636,0.0005417477223090827,-0.0002464421559125185,-0.0007384744239971042,-0.0036102996673434973,-0.0031678813975304365,-0.0004029233241453767,-0.003758977632969618,-0.0035911318846046925
NFLX,19,2026-04-07 18:15:00+00:00,14:15,-0.00360677158460021,down,-0.006347725633531809,-0.0006828915793448687,-0.006368608679622412,-0.004568607546389103,-0.0045921229757368565,-0.00350757478736341,-0.005263099912554026,-0.005026254337280989,-0.005195376463234425,-0.00671647023409605,-0.0036616988945752382,-0.0061483741737902164,-0.007601439021527767,-0.006555500905960798,-0.006080157123506069,-0.006300170440226793,-0.006264304276555777,-0.00566978519782424,-0.006358759012073278,-0.005917432252317667,-0.007258642464876175,-0.006981254555284977,-0.00734161539003253,-0.004810966085642576,-0.005122982896864414,-0.00360677158460021
CTVA,19,2026-04-07 18:15:00+00:00,14:15,-0.0036594795528799295,down,-0.004595996346324682,-0.001635595690459013,-0.0024742353707551956,-0.00037131254794076085,-0.00019800760492216796,-0.004358707927167416,-0.0056694187223911285,-0.005258665885776281,-0.007509899791330099,-0.006602760404348373,-0.003992738667875528,-0.002151480643078685,-0.004296869970858097,-0.0029361380729824305,-0.004338604863733053,-0.006013096775859594,-0.004407565575093031,-0.0036649759858846664,-0.004921060986816883,-0.003921907395124435,-0.006912071257829666,-0.008832485415041447,-0.007785154972225428,-0.0027942375745624304,-0.0038431959692388773,-0.0036594795528799295
SATS,19,2026-04-07 18:15:00+00:00,14:15,-0.00368507276289165,down,-0.008627866394817829,-0.011152815073728561,-0.015862204134464264,-0.009961643256247044,-0.011744880117475986,-0.012556309811770916,-0.014076760970056057,-0.006719690747559071,-0.006375247146934271,-0.006718369200825691,-0.002114561153575778,-0.005158357787877321,-0.002403268124908209,-0.004092218820005655,0.00046730090980418026,-0.00233131879940629,-0.0011600094148889184,-0.0012799602700397372,-0.004327121190726757,-0.004437123890966177,-0.003595539601519704,-0.00656123086810112,-0.007361447438597679,-0.001936835004016757,-0.0032618066761642694,-0.00368507276289165
CHTR,19,2026-04-07 18:15:00+00:00,14:15,-0.0036950665526092052,down,-0.012565496377646923,-0.009526614099740982,-0.010714179836213589,-0.009689725935459137,-0.013183435425162315,-0.015255012549459934,-0.013888862915337086,-0.010390328243374825,-0.011204784736037254,-0.00980655662715435,-0.005341710988432169,-0.0016937274485826492,-0.005749869160354137,-0.004760331474244595,-0.003216186072677374,-0.003038195427507162,-0.003567359410226345,-0.005661487579345703,-0.002518437569960952,-0.006243603769689798,-0.006358664948493242,-0.008186125196516514,-0.00940043106675148,-0.003918115049600601,-0.008624297566711903,-0.0036950665526092052
EXC,19,2026-04-07 18:15:00+00:00,14:15,-0.0037251203320920467,down,0.0015222940128296614,0.004199487157166004,0.0037000614684075117,0.0038627765607088804,0.0036838040687143803,0.002590551506727934,0.00011651874956442043,-0.0015096976421773434,-0.0006869212375022471,-0.0016110147116705775,0.0010780567536130548,0.0009148949757218361,-0.0011238156585022807,-9.29750531213358e-05,-0.0010763335740193725,-0.0012761184480041265,-0.0015551329124718904,-0.0011102717835456133,-0.0005903997807763517,-0.0007122555980458856,-0.0013982095988467336,-0.003882230957970023,-0.0038687889464199543,0.0007454390870407224,-0.002808935707435012,-0.0037251203320920467
LVS,19,2026-04-07 18:15:00+00:00,14:15,-0.0037267643492668867,down,-0.0035179583355784416,-0.0009430834325030446,-0.0033022959250956774,-0.0011463136179372668,-0.0021903228480368853,-0.0026023394893854856,-0.005444978829473257,-0.0027739449869841337,-0.002502510789781809,-0.0028774957172572613,-0.0010927215917035937,-0.0001412699493812397,-0.0005701858317479491,-0.00010885120718739927,0.0004077866324223578,-0.00044258503476157784,0.0010490933200344443,-0.0005753441946581006,-0.0019584454130381346,-0.002720549935474992,-0.004510842729359865,-0.005625023040920496,-0.007184749469161034,-0.0032337247394025326,-0.006041557528078556,-0.0037267643492668867
STT,19,2026-04-07 18:15:00+00:00,14:15,-0.003776285797357559,down,-0.007185129448771477,-0.00279168295674026,-0.0023723356425762177,0.0005200583836995065,-0.00016246586164925247,-0.003704353701323271,-0.00579395005479455,-0.005195582751184702,-0.006708396133035421,-0.005713903810828924,-0.0031189231667667627,-0.002273503690958023,-0.0036393406335264444,-0.004613721743226051,-0.0015054763061925769,-0.0026471258606761694,-0.003516044933348894,-0.0011384431272745132,-0.003961235284805298,-0.0026805968955159187,-0.0035811280831694603,-0.007623165845870972,-0.007563123945146799,-0.003936047200113535,-0.004826436284929514,-0.003776285797357559
FICO,19,2026-04-07 18:15:00+00:00,14:15,-0.0037762874271720648,down,-0.00896074902266264,-0.011411972343921661,-0.013066042214632034,-0.00783446989953518,-0.010905936360359192,-0.011210874654352665,-0.011556778103113174,-0.008868470788002014,-0.011185267008841038,-0.009336313232779503,-0.006469313986599445,-0.006854493170976639,-0.007152515463531017,-0.0044414689764380455,-0.006557539105415344,-0.010091506876051426,-0.005464756395667791,-0.0035667603369802237,-0.004790782928466797,-0.007061924785375595,-0.007292162626981735,-0.009199807420372963,-0.009667613543570042,-0.006519989110529423,-0.005186484195291996,-0.0037762874271720648
MSI,19,2026-04-07 18:15:00+00:00,14:15,-0.0037973644211888313,down,-0.005355456843972206,-0.0016208406304940581,-0.002882951172068715,-0.0005630639498122036,-0.003349659498780966,-0.004444117657840252,-0.007568791974335909,-0.008370435796678066,-0.007253028452396393,-0.006466601509600878,-0.005064743105322123,-0.003950230311602354,-0.006228724028915167,-0.004576708190143108,-0.005264851730316877,-0.006157139781862497,-0.005692499689757824,-0.0056899068877100945,-0.00680503761395812,-0.005949903279542923,-0.0058271391317248344,-0.007266882341355085,-0.006442647892981768,-0.0029417118057608604,-0.005177100654691458,-0.0037973644211888313
MTD,19,2026-04-07 18:15:00+00:00,14:15,-0.0038162628188729286,down,-0.005912769585847855,-0.00496500451117754,-0.007068737875670195,-0.004931461066007614,-0.007709737401455641,-0.008409461006522179,-0.01125109102576971,-0.009751982986927032,-0.010524583049118519,-0.009218811988830566,-0.007581951096653938,-0.0067997882142663,-0.00584713090211153,-0.005089972633868456,-0.0064484430477023125,-0.006519031710922718,-0.004887079354375601,-0.007697221823036671,-0.007223700638860464,-0.007997315376996994,-0.009749717079102993,-0.009833562187850475,-0.010966764762997627,-0.005422195885330439,-0.007725957315415144,-0.0038162628188729286
DGX,19,2026-04-07 18:15:00+00:00,14:15,-0.0038280021399259567,down,-0.0006541196489706635,0.0013673203065991402,0.0003926022909581661,0.0008616183768026531,0.0029621124267578125,0.001617185422219336,0.0017262354958802462,-0.0015800209948793054,-0.003670204896479845,-0.0025157767813652754,-0.003921517636626959,-0.001295318710617721,-0.002622288651764393,-0.005045502912253141,-0.005883482750505209,-0.004687201231718063,-0.0012054499238729477,-0.0013779636938124895,-0.002014152007177472,0.0020383086521178484,-0.0003722442197613418,-0.0010079083731397986,-0.0035489583387970924,-0.0028510664124041796,-0.003999724052846432,-0.0038280021399259567
ALB,19,2026-04-07 18:15:00+00:00,14:15,-0.003860105760395527,down,-0.009832378476858139,-0.015574604272842407,-0.01890338957309723,-0.01567170023918152,-0.015795014798641205,-0.01499918568879366,-0.020090261474251747,-0.018734022974967957,-0.020843718200922012,-0.014929105527698994,-0.0138714499771595,-0.010086613707244396,-0.010107890702784061,-0.009602002799510956,-0.01234457828104496,-0.01651197299361229,-0.013258986175060272,-0.012973031960427761,-0.016479339450597763,-0.015710951760411263,-0.0173789132386446,-0.021192502230405807,-0.01957833766937256,-0.01202999334782362,-0.010409362614154816,-0.003860105760395527
SCHW,19,2026-04-07 18:15:00+00:00,14:15,-0.003877856070175767,down,-0.007567109074443579,-0.0044456725008785725,-0.005961380433291197,-0.006460563279688358,-0.006956632249057293,-0.007361035794019699,-0.009751894511282444,-0.007630103267729282,-0.011126894503831863,-0.00987394992262125,-0.007815183140337467,-0.006171036511659622,-0.0053580161184072495,-0.004373821429908276,-0.004458371549844742,-0.0036216559819877148,-0.0031988469418138266,-0.003849729662761092,-0.0016024273354560137,-0.0020818214397877455,0.0002767300757113844,-0.0012527720537036657,-0.004699740558862686,0.0008636671700514853,-0.001660456066019833,-0.003877856070175767
RTX,19,2026-04-07 18:15:00+00:00,14:15,-0.0038853553123772144,down,-0.004622403997927904,-0.001279511023312807,-0.0027765838894993067,8.315195009345189e-05,0.0015991544350981712,-0.0003965844807680696,-0.0015258132480084896,-0.0032322814222425222,-0.002583472989499569,-0.004104400984942913,-0.0036160475574433804,-0.0026979283429682255,-0.0027949067298322916,-0.003030788153409958,-0.003865454811602831,-0.004073667339980602,-0.0026852739974856377,-0.0037496723234653473,-0.004491977859288454,-0.0034513981081545353,-0.005886678118258715,-0.006647055968642235,-0.007568380329757929,-0.005712446756660938,-0.005074906628578901,-0.0038853553123772144
CRL,19,2026-04-07 18:15:00+00:00,14:15,-0.003962122369557619,down,-0.0041031078435480595,-0.00527640525251627,-0.007189885713160038,-0.008998208679258823,-0.011606873013079166,-0.009332614950835705,-0.01405767910182476,-0.010529984720051289,-0.011178907938301563,-0.010946848429739475,-0.008463596925139427,-0.004350502043962479,-0.0067042396403849125,-0.005694946274161339,-0.0055873519740998745,-0.008307699114084244,-0.005696662701666355,-0.005567385349422693,-0.008961492218077183,-0.007458699867129326,-0.009539561346173286,-0.012601119466125965,-0.013696734793484211,-0.006310452241450548,-0.008351658470928669,-0.003962122369557619
ROP,19,2026-04-07 18:15:00+00:00,14:15,-0.003969109617173672,down,-0.0029171230271458626,-0.0023452634923160076,-0.0029323843773454428,-0.0017266733339056373,-0.0011715719010680914,-0.003176650032401085,-0.004964603576809168,-0.00454748747870326,-0.004507381469011307,-0.00432476494461298,-0.0034008235670626163,-0.003334242617711425,-0.0032819611951708794,-0.004169955849647522,-0.0043960739858448505,-0.006287294905632734,-0.004487899597734213,-0.003468403359875083,-0.003052973188459873,-0.004242517054080963,-0.005383336916565895,-0.006250723730772734,-0.005637400317937136,-0.0029705874621868134,-0.0053860764019191265,-0.003969109617173672
RJF,19,2026-04-07 18:15:00+00:00,14:15,-0.00405756663531065,down,-0.005297294817864895,-0.0037706750445067883,-0.005533784162253141,-0.0027792626060545444,-0.004849007353186607,-0.00732300104573369,-0.012756249867379665,-0.009992838837206364,-0.012199719436466694,-0.010585451498627663,-0.007413710467517376,-0.00584195414558053,-0.006198952440172434,-0.0061136288568377495,-0.006394371390342712,-0.006257528904825449,-0.003515701275318861,-0.003298599971458316,-0.004499124828726053,-0.006686320062726736,-0.006355100777000189,-0.007789330091327429,-0.008209245279431343,-0.004310124553740025,-0.006374661810696125,-0.00405756663531065
NSC,19,2026-04-07 18:15:00+00:00,14:15,-0.004163182806223631,down,-0.00016743406013119966,0.0017099378164857626,0.0023822872899472713,0.004840142093598843,0.007920105941593647,0.006265880074352026,0.003914269153028727,0.00288409017957747,0.0017505893483757973,0.0009461356094107032,0.0033338882494717836,0.003061150899156928,0.0025038213934749365,0.0014202154707163572,0.0010035268496721983,0.0010607467265799642,0.00020998952095396817,0.0007519965874962509,0.0017046323046088219,0.002093647373840213,0.0017612904775887728,0.0001187769157695584,-0.003840978955850005,-0.001743360422551632,-0.0037651779130101204,-0.004163182806223631
KDP,19,2026-04-07 18:15:00+00:00,14:15,-0.004215363413095474,down,-0.007954348810017109,-0.002174633089452982,-0.004814249463379383,-0.0031588617712259293,0.0006261356174945831,-0.0019693432841449976,-0.004073725547641516,-0.0033041152637451887,-0.001419753534719348,-0.005382372997701168,-0.002087554195895791,-0.003841300029307604,-0.005256835836917162,-0.0040361154824495316,-0.004033983685076237,-0.0037131209392100573,-0.004682102706283331,-0.005455072037875652,-0.0047053503803908825,-0.0035024078097194433,-0.00437717093154788,-0.0036722414661198854,-0.00663201417773962,-0.0017108567990362644,-0.002713363151997328,-0.004215363413095474
WY,19,2026-04-07 18:15:00+00:00,14:15,-0.0042352802120149136,down,-0.0036113562528043985,0.002328714122995734,0.0021039554849267006,0.0013494438026100397,0.00035292902612127364,-0.0029515465721488,-0.005486856214702129,-0.006149496883153915,-0.006176947150379419,-0.007661501411348581,-0.005325602367520332,-0.005610871594399214,-0.006341959815472364,-0.0039608413353562355,-0.004540863446891308,-0.004858591128140688,-0.003814611816778779,-0.0052372245118021965,-0.005083045922219753,-0.0033835333306342363,-0.00475678313523531,-0.005509642418473959,-0.006802580319344997,-0.0025488368701189756,-0.0036207246594130993,-0.0042352802120149136
TYL,19,2026-04-07 18:15:00+00:00,14:15,-0.0042694201692938805,down,-0.0019883764907717705,0.003568909363821149,-0.0025901903863996267,-0.0003446940390858799,-0.005664523225277662,-0.008551196195185184,-0.011219937354326248,-0.009082881733775139,-0.004629119765013456,-0.005841695703566074,-0.003511604154482484,-0.0022976070176810026,-0.002709358697757125,-0.0018864275189116597,-0.0054103112779557705,-0.0039604646153748035,-0.0023812330327928066,-0.0031818519346415997,-0.003539198311045766,-0.0047882613725960255,-6.405721069313586e-05,-0.003359787864610553,-0.0027729514986276627,-0.0010117932688444853,-0.006186505313962698,-0.0042694201692938805
KMB,19,2026-04-07 18:15:00+00:00,14:15,-0.0043646409176290035,down,-0.007125696633011103,-0.0014254436828196049,-0.007593769114464521,-0.0058128428645431995,-0.005133059341460466,-0.006319286767393351,-0.009185997769236565,-0.00807073712348938,-0.0083732595667243,-0.005114907864481211,-0.0032564520370215178,-0.0020386811811476946,0.0022224304266273975,0.001250734436325729,-0.0006502291071228683,-0.00043358278344385326,0.0009155489969998598,0.0007891079294495285,-0.002160806907340884,-0.0021661361679434776,0.0008100323611870408,-0.0017574511002749205,-0.0023935933131724596,-0.0023226721677929163,-0.005272368900477886,-0.0043646409176290035
HAL,19,2026-04-07 18:15:00+00:00,14:15,-0.004444435238838196,down,-0.0049399263225495815,-0.0042825061827898026,-0.005179941188544035,-0.0021206135861575603,-0.006176759488880634,-0.0071077714674174786,-0.010894614271819592,-0.013721463270485401,-0.01176724024116993,-0.010351029224693775,-0.009635734371840954,-0.008952203206717968,-0.00978852529078722,-0.00939303170889616,-0.005220988765358925,-0.006081796251237392,-0.007251686882227659,-0.008361654356122017,-0.00847501028329134,-0.008301971480250359,-0.0052284239791333675,-0.007040871772915125,-0.003152752760797739,-0.004013181664049625,-0.004942619241774082,-0.004444435238838196
TXT,19,2026-04-07 18:15:00+00:00,14:15,-0.004451422952115536,down,-0.00269414484500885,-0.0011347564868628979,-0.002710961736738682,-0.0007569679291918874,-0.00014913768973201513,-0.0037420543376356363,-0.006112647242844105,-0.006364010274410248,-0.007760297041386366,-0.009168148972094059,-0.007512409705668688,-0.005018698517233133,-0.00676517141982913,-0.006213777232915163,-0.0068124341778457165,-0.007593690883368254,-0.0053522284142673016,-0.005445311777293682,-0.005712245125323534,-0.006153543945401907,-0.005625045858323574,-0.007643064484000206,-0.007062508258968592,-0.003525091800838709,-0.006521512288600206,-0.004451422952115536
WDAY,19,2026-04-07 18:15:00+00:00,14:15,-0.004457524511963129,down,-0.008655003271996975,-0.004876400344073772,-0.015777675434947014,-0.009970762766897678,-0.014223922975361347,-0.016140276566147804,-0.019035084173083305,-0.015390895307064056,-0.011666969396173954,-0.010923112742602825,-0.008601287379860878,-0.0056563932448625565,-0.006723571568727493,-0.006785674020648003,-0.0062264204025268555,-0.007291764952242374,-0.0051848674193024635,-0.0031378765124827623,-0.004611202981323004,-0.006420921068638563,-0.00547747639939189,-0.007506006397306919,-0.006066760513931513,-0.0020764514338225126,-0.003994001541286707,-0.004457524511963129
DD,19,2026-04-07 18:15:00+00:00,14:15,-0.004472225904464722,down,-0.006414479110389948,-0.0034506595693528652,-0.007261288817971945,-0.005378959234803915,-0.006555863190442324,-0.008885138668119907,-0.00986060593277216,-0.009201642125844955,-0.01200816035270691,-0.009057759307324886,-0.006074403412640095,-0.007374026346951723,-0.004198330920189619,-0.0039443341083824635,-0.006337882950901985,-0.007323258090764284,-0.003560711396858096,-0.005635247565805912,-0.0067129964008927345,-0.005656578578054905,-0.005914502311497927,-0.008609071373939514,-0.009057256393134594,-0.004107410088181496,-0.006257104221731424,-0.004472225904464722
LHX,19,2026-04-07 18:15:00+00:00,14:15,-0.0044810534454882145,down,-0.005000942852348089,-0.005054979119449854,-0.006529681384563446,-0.0016576049383729696,-0.0002324641973245889,-0.0022340244613587856,-0.002863264176994562,-0.001677084481343627,-0.0037134429439902306,-0.005416369065642357,-0.0051565044559538364,-0.0030703279189765453,-0.003300314536318183,-0.00473206490278244,-0.003307800507172942,-0.004204930271953344,-0.004809703677892685,-0.0037627038545906544,-0.005517001263797283,-0.004002802073955536,-0.0043103620409965515,-0.00496686901897192,-0.006075542885810137,-0.0039318702183663845,-0.005440585780888796,-0.0044810534454882145
PTC,19,2026-04-07 18:15:00+00:00,14:15,-0.004495284054428339,down,-0.004193546250462532,-5.1976963732158765e-05,-0.0036036197561770678,-0.0025993166491389275,-0.005352882202714682,-0.00734306313097477,-0.009950797073543072,-0.007225090637803078,-0.006015760824084282,-0.0077121746726334095,-0.005075098481029272,-0.003673712257295847,-0.0018685095710679889,-0.001318575581535697,-0.0037226921413093805,-0.0036865996662527323,-0.0020351666025817394,-0.0035121417604386806,-0.00662331422790885,-0.007297183852642775,-0.005674097221344709,-0.007739888038486242,-0.007149340119212866,-0.005056043155491352,-0.006032263394445181,-0.004495284054428339
DLTR,19,2026-04-07 18:15:00+00:00,14:15,-0.004548148717731237,down,-0.00658050924539566,0.0028867076616734266,-0.005111356265842915,-0.0011164500610902905,-0.0045247613452374935,-0.00703709851950407,-0.009841774590313435,-0.006586282979696989,-0.005534203723073006,-0.005542656406760216,-0.0032296779099851847,-0.00171812460757792,0.0017003221437335014,0.001189413946121931,0.0005588962230831385,0.0014903441770002246,-8.953330689109862e-05,-8.188981882994995e-05,-0.0038235001266002655,-0.005100675392895937,-0.005633049178868532,-0.004750302527099848,-0.005808558780699968,-0.0029751709662377834,-0.005305917002260685,-0.004548148717731237
ALLE,19,2026-04-07 18:15:00+00:00,14:15,-0.004648918751627207,down,-0.004205125384032726,-0.0008141189464367926,-0.004583100322633982,-0.0044286781921982765,-0.007571513764560223,-0.00875308271497488,-0.012472029775381088,-0.011641962453722954,-0.009488001465797424,-0.010328381322324276,-0.009272868745028973,-0.009055047295987606,-0.009914988651871681,-0.011572591960430145,-0.013368354178965092,-0.013371399603784084,-0.007976097986102104,-0.00831563025712967,-0.009985484182834625,-0.010756605304777622,-0.011234991252422333,-0.012389806099236012,-0.012290130369365215,-0.007346585392951965,-0.009514609351754189,-0.004648918751627207
MGM,19,2026-04-07 18:15:00+00:00,14:15,-0.004680444020777941,down,-0.005623692646622658,-0.004410895053297281,-0.006079445127397776,-0.007899487391114235,-0.007124480791389942,-0.010737800970673561,-0.014529992826282978,-0.013442146591842175,-0.01112434547394514,-0.011593927629292011,-0.0088137686252594,-0.005554082803428173,-0.003673033555969596,-0.0021010369528084993,-0.004285181872546673,-0.00685978215187788,-0.0017778394976630807,-0.002288947580382228,-0.004736650735139847,-0.004959621466696262,-0.007060407195240259,-0.010023047216236591,-0.01028370950371027,-0.0042747026309370995,-0.007822448387742043,-0.004680444020777941
CL,19,2026-04-07 18:15:00+00:00,14:15,-0.004681247752159834,down,-0.004014024510979652,-0.0007566203712485731,-0.0014141006395220757,0.00015131442341953516,-0.00038604557630605996,-0.004738448653370142,-0.006738551892340183,-0.006623405963182449,-0.00694634672254324,-0.0065132020972669125,-0.0039625451900064945,-0.004531495738774538,-0.006234846543520689,-0.0027240035124123096,-0.0036927955225110054,-0.004138035699725151,-0.002400164259597659,-0.004652550909668207,-0.003672992344945669,-0.0043444158509373665,-0.0036082009319216013,-0.006082930136471987,-0.0071662371046841145,-0.003113413928076625,-0.006386397406458855,-0.004681247752159834
ABNB,19,2026-04-07 18:15:00+00:00,14:15,-0.004684302024543285,down,-0.007442483212798834,0.0011637930292636156,-0.008826152421534061,-0.004910889081656933,-0.007233889773488045,-0.009345094673335552,-0.012421242892742157,-0.009806022047996521,-0.007727555464953184,-0.009140975773334503,-0.006983952596783638,-0.005581606645137072,-0.003016851609572768,-0.0021811577025800943,-0.0022266902960836887,-0.0037955143488943577,-0.0027163387276232243,-0.0027711261063814163,-0.0017530678305774927,-0.004567078314721584,-0.007321230135858059,-0.012261486612260342,-0.01082715205848217,-0.005114553961902857,-0.007998942397534847,-0.004684302024543285
DG,19,2026-04-07 18:15:00+00:00,14:15,-0.004720612894743681,down,-0.0041260505095124245,0.00025017347070388496,-0.004861438646912575,-0.0020732684060931206,-0.00496829254552722,-0.008529444225132465,-0.009725235402584076,-0.006275045685470104,-0.006621948443353176,-0.009589177556335926,-0.00640309602022171,-0.006289089564234018,-0.004499586299061775,-0.005769324488937855,-0.006331456825137138,-0.004983658902347088,-0.004216272849589586,-0.0029733043629676104,-0.007900597527623177,-0.007725274655967951,-0.007394414860755205,-0.00929502584040165,-0.007297535426914692,-0.003187736263498664,-0.004482399206608534,-0.004720612894743681
ACGL,19,2026-04-07 18:15:00+00:00,14:15,-0.0047493283636868,down,0.00027324672555550933,0.0017986807506531477,0.0019813659600913525,0.0015149727696552873,0.005001703277230263,0.003176063299179077,0.0026585650630295277,0.0010670936899259686,0.0010768903885036707,0.0005681943730451167,0.0018663103692233562,0.001705032424069941,0.0008431132300756872,-0.0001170675823232159,0.0013323023449629545,0.0006119241006672382,-0.00044031927245669067,0.0005895631620660424,0.001097113941796124,0.0012960328022018075,0.0001246078172698617,-0.001663067378103733,-0.0015603997744619846,-0.00014688157534692436,-0.00260184402577579,-0.0047493283636868
HBAN,19,2026-04-07 18:15:00+00:00,14:15,-0.004823841154575348,down,-0.015790168195962906,-0.011264719069004059,-0.012338091619312763,-0.011207742616534233,-0.011969936080276966,-0.010621530003845692,-0.014144442044198513,-0.01308562234044075,-0.01304479781538248,-0.013253618031740189,-0.011899957433342934,-0.00904137548059225,-0.008669082075357437,-0.01019859779626131,-0.008868261240422726,-0.01018549781292677,-0.007164184469729662,-0.008572949096560478,-0.010050518438220024,-0.008278865367174149,-0.010713092982769012,-0.012443180195987225,-0.01297084055840969,-0.006266598589718342,-0.005830217152833939,-0.004823841154575348
TSN,19,2026-04-07 18:15:00+00:00,14:15,-0.004852660000324249,down,-0.0022118929773569107,8.447554137092084e-06,-0.001103960326872766,0.000800172914750874,0.0011432688916102052,0.0009026891202665865,-0.0012487053172662854,-0.002355345292016864,0.0008865086128935218,-0.0008400753722526133,0.0015531061217188835,0.0008227135986089706,0.00020108665921725333,-0.0003300527750980109,-0.0004671973583754152,-0.0009435044485144317,-0.0002981082070618868,-0.0005515601951628923,0.00012163338396931067,0.0008946695015765727,0.0001278345298487693,-0.002071429044008255,-0.0029305468779057264,-0.0003078789450228214,-0.004093751776963472,-0.004852660000324249
BK,19,2026-04-07 18:15:00+00:00,14:15,-0.004865170456469059,down,-0.007016147021204233,-0.005309244152158499,-0.0066345492377877235,-0.0027894226368516684,-0.003530557733029127,-0.008349386975169182,-0.009945922531187534,-0.007083182688802481,-0.007687102537602186,-0.0071729677729308605,-0.004793271888047457,-0.004389345180243254,-0.0034368890337646008,-0.004443028476089239,-0.0037410908844321966,-0.004870675038546324,-0.003718825988471508,-0.00270224642008543,-0.004231310915201902,-0.0046538133174180984,-0.007578858640044928,-0.009571357630193233,-0.008547468110918999,-0.005149915814399719,-0.0048381369560956955,-0.004865170456469059
PRU,19,2026-04-07 18:15:00+00:00,14:15,-0.004992824047803879,down,-0.00337295513600111,-0.00027929741190746427,-0.0037612703163176775,-0.0005535561358556151,-0.0011821773368865252,-0.003593441564589739,-0.006277748383581638,-0.003854745300486684,-0.006410927511751652,-0.00785062275826931,-0.006463101599365473,-0.005723268259316683,-0.0057545132003724575,-0.005678997840732336,-0.004757508169859648,-0.007017686031758785,-0.004962801001966,-0.00544631015509367,-0.00672253267839551,-0.005577245261520147,-0.006860338617116213,-0.0076970625668764114,-0.007587861269712448,-0.002933608600869775,-0.006401440594345331,-0.004992824047803879
IP,19,2026-04-07 18:15:00+00:00,14:15,-0.0050264266319572926,down,-0.008236655965447426,0.001492487033829093,-0.0012254246976226568,-0.000591117946896702,-0.004237133078277111,-0.002947426401078701,-0.0022389621008187532,-0.0022945140954107046,-0.0027969127986580133,-0.004901394713670015,-0.0034317425452172756,-0.004666515626013279,-0.006773934233933687,-0.006760284770280123,-0.00396302854642272,-0.006149561144411564,-0.0029438785277307034,-0.004899832420051098,-0.005973555147647858,-0.006060618441551924,-0.004205661825835705,-0.005346477031707764,-0.007446154020726681,-0.005802258383482695,-0.006254749372601509,-0.0050264266319572926
APH,19,2026-04-07 18:15:00+00:00,14:15,-0.005105142947286367,down,-0.010158746503293514,-0.00563290249556303,-0.009006395936012268,-0.0023012743331491947,-0.007222790736705065,-0.010005438700318336,-0.012703901156783104,-0.007333338726311922,-0.009716528467833996,-0.008149377070367336,-0.006024833302944899,-0.008041580207645893,-0.007742440793663263,-0.007516469806432724,-0.00555564695969224,-0.005978661589324474,-0.00448477640748024,-0.0029395525343716145,-0.00375841255299747,-0.008356020785868168,-0.009696523658931255,-0.014221133664250374,-0.012399718165397644,-0.00965820997953415,-0.012982486747205257,-0.005105142947286367
VRTX,19,2026-04-07 18:15:00+00:00,14:15,-0.0051143174059689045,down,-0.006862611509859562,-0.007732835132628679,-0.008763277903199196,-0.009691010229289532,-0.008377069607377052,-0.013047347776591778,-0.013229058124125004,-0.016172591596841812,-0.016340386122465134,-0.016944613307714462,-0.013481233268976212,-0.010803400538861752,-0.011634212918579578,-0.013320126570761204,-0.01844414696097374,-0.016998883336782455,-0.016182316467165947,-0.010760691948235035,-0.016610359773039818,-0.018087899312376976,-0.012231926433742046,-0.014112730510532856,-0.012723109684884548,-0.009012570604681969,-0.011039994657039642,-0.0051143174059689045
XYL,19,2026-04-07 18:15:00+00:00,14:15,-0.00512706907466054,down,-0.004767588805407286,-0.005301285069435835,-0.004232738167047501,-0.001251641777344048,-0.0017059919191524386,-0.005034173838794231,-0.006943249609321356,-0.004623540677130222,-0.00588738638907671,-0.007805564906448126,-0.004596085753291845,-0.004695778246968985,-0.005924512632191181,-0.005521198268979788,-0.0048222593031823635,-0.005966304801404476,-0.0052441139705479145,-0.0033296113833785057,-0.00297177629545331,-0.00406302185729146,-0.007173551246523857,-0.010109465569257736,-0.011476709507405758,-0.0053699929267168045,-0.006545068696141243,-0.00512706907466054
DHR,19,2026-04-07 18:15:00+00:00,14:15,-0.005168394651263952,down,-0.003862320678308606,-0.001739898114465177,-0.004785411059856415,-0.003754098666831851,-0.005908664781600237,-0.005885755643248558,-0.006538814399391413,-0.0046867080964148045,-0.00460053188726306,-0.004590881522744894,-0.004118303768336773,-0.0023864591494202614,-0.0025022849440574646,-0.003978148102760315,-0.00605422630906105,-0.006138405296951532,-0.003953627776354551,-0.004732302390038967,-0.0061502051539719105,-0.007026501465588808,-0.006678513716906309,-0.0066628893837332726,-0.00684436084702611,-0.0031997887417674065,-0.005154014565050602,-0.005168394651263952
EPAM,19,2026-04-07 18:15:00+00:00,14:15,-0.005186293739825487,down,-0.0033875831868499517,0.0012335848296061158,-0.0015715527115389705,-0.0030423568096011877,-0.008793837390840054,-0.009757556952536106,-0.011120635084807873,-0.013099838979542255,-0.009991190396249294,-0.012531754560768604,-0.008227407932281494,-0.009019564837217331,-0.00799241941422224,-0.009030639193952084,-0.0052004917524755,-0.004019260872155428,-0.003931086044758558,-0.005296644754707813,-0.007398936897516251,-0.005183916538953781,-0.006259237416088581,-0.010406401939690113,-0.011494353413581848,-0.007351994980126619,-0.010074729099869728,-0.005186293739825487
WMB,19,2026-04-07 18:15:00+00:00,14:15,-0.0052125342190265656,down,0.003087452147156,0.005726673174649477,0.004905300214886665,0.003531400114297867,0.004556285683065653,0.0002492173225618899,-0.0005835449555888772,-0.00362658710218966,-0.005352439824491739,-0.0036967794876545668,-0.0028333510272204876,-0.000492962310090661,0.0006842813454568386,0.0029782122001051903,0.0004470907442737371,-0.0031214088667184114,-0.0003147420648019761,-0.002640288323163986,-0.0005851294845342636,0.00039398568333126605,-0.0008518953109160066,-0.0005825603730045259,-0.00315113109536469,-0.004566185642033815,-0.003821339225396514,-0.0052125342190265656
EBAY,19,2026-04-07 18:15:00+00:00,14:15,-0.005217582918703556,down,-0.006754870060831308,-0.004941902123391628,-0.01008452195674181,-0.004429583437740803,-0.0006099763559177518,-0.00262573454529047,-0.005693362094461918,-0.0029113288037478924,-0.007483098655939102,-0.006444584112614393,-0.006362913176417351,-0.004268278833478689,-0.004755479749292135,-0.002882028231397271,-0.0028986928518861532,-0.005908955354243517,-0.005079129245132208,-0.007118215784430504,-0.007042192853987217,-0.006415870971977711,-0.007347134407609701,-0.00892292708158493,-0.007638315670192242,-0.00201149913482368,-0.0056358338333666325,-0.005217582918703556
FSLR,19,2026-04-07 18:15:00+00:00,14:15,-0.0052176895551383495,down,-0.004290276672691107,-0.00748478015884757,-0.008245079778134823,-0.0076201786287128925,-0.01090056449174881,-0.011531858704984188,-0.016334015876054764,-0.014262514188885689,-0.01757071539759636,-0.01433501485735178,-0.014541217125952244,-0.01438430417329073,-0.015270352363586426,-0.015224440023303032,-0.017076708376407623,-0.019323937594890594,-0.016884051263332367,-0.015934813767671585,-0.01765964925289154,-0.01776959002017975,-0.015411026775836945,-0.01917238160967827,-0.016269024461507797,-0.007961524650454521,-0.009824337437748909,-0.0052176895551383495
BF-B,19,2026-04-07 18:15:00+00:00,14:15,-0.00522342324256897,down,-0.005191011819988489,-0.0035030983854085207,-0.008382568135857582,-0.0005312033463269472,-0.0006255280459299684,-0.00491516524925828,-0.00667082192376256,-0.008220372721552849,-0.006825224496424198,-0.008932823315262794,-0.007907524704933167,-0.004961645696312189,-0.0036479642149060965,-0.0021009391639381647,-0.003054441185668111,-0.005044251214712858,-0.005368093494325876,-0.007348150480538607,-0.00801604613661766,-0.005180428735911846,-0.008686511777341366,-0.008091991767287254,-0.007243880536407232,-0.0040213908068835735,-0.0043592615984380245,-0.00522342324256897
IEX,19,2026-04-07 18:15:00+00:00,14:15,-0.005323092918843031,down,-0.0008108870824798942,0.0008022334659472108,-8.42305162223056e-05,0.00178977707400918,0.0002889219322241843,-0.0009402366704307497,-0.002985916333273053,-0.0022270740009844303,-0.0036023156717419624,-0.004541357513517141,-0.003936626948416233,-0.0027812032494693995,-0.002922460902482271,-0.0030289990827441216,-0.0024616552982479334,-0.0034009187947958708,-0.0028675952926278114,-0.0020057009533047676,-0.005678985267877579,-0.006528803613036871,-0.006318775471299887,-0.007565183565020561,-0.008311057463288307,-0.004213901702314615,-0.007173033896833658,-0.005323092918843031
INVH,19,2026-04-07 18:15:00+00:00,14:15,-0.00536617636680603,down,-0.005223418585956097,0.0006368710310198367,-0.002282535657286644,-0.0009068182553164661,0.0002046806475846097,-0.0033719323109835386,-0.005526870023459196,-0.006072912365198135,-0.0056077041663229465,-0.00582336587831378,-0.003712136996909976,-0.002946319058537483,-0.003106319345533848,-0.0035304666962474585,-0.003222909988835454,-0.0036751688458025455,-0.0020993396174162626,-0.0018528313376009464,-0.002548149088397622,-0.0016878563910722733,-0.0037418585270643234,-0.006146369967609644,-0.0063630081713199615,-0.0019655723590403795,-0.004477626644074917,-0.00536617636680603
GCUSD,19,2026-04-07 18:15:00+00:00,14:15,-0.005395576357841492,down,-0.010241439566016197,-0.0070182704366743565,-0.010401607491075993,-0.007136065512895584,-0.007454446516931057,-0.01124910730868578,-0.012331544421613216,-0.011281714774668217,-0.013520949520170689,-0.010028019547462463,-0.010131021961569786,-0.0073884353041648865,-0.0072272224351763725,-0.00883838813751936,-0.00829682033509016,-0.009762915782630444,-0.008277501910924911,-0.0067718857899308205,-0.006979493424296379,-0.007027424871921539,-0.009465443901717663,-0.011869790963828564,-0.013831467367708683,-0.008573560975492,-0.010071834549307823,-0.005395576357841492
AMT,19,2026-04-07 18:15:00+00:00,14:15,-0.00540082436054945,down,-0.005872974172234535,-0.0031524719670414925,-0.0062557002529501915,-0.004985950421541929,-0.004193212371319532,-0.0050972155295312405,-0.006219066679477692,-0.00611546216532588,-0.005533177871257067,-0.005215065088123083,-0.0034922482445836067,-0.002553660422563553,-0.001469517475925386,-0.0020666897762566805,-0.003953225445002317,-0.0043016960844397545,-0.0007112468010745943,-0.002810222329571843,-0.006211499217897654,-0.0054167998023331165,-0.004545113537460566,-0.007702105212956667,-0.006360543891787529,-0.0016921658534556627,-0.00641296524554491,-0.00540082436054945
BRK-B,19,2026-04-07 18:15:00+00:00,14:15,-0.005471799056977034,down,-0.009376846253871918,-0.007784352172166109,-0.009023189544677734,-0.0063161421567201614,-0.00408988818526268,-0.005770356394350529,-0.008156378753483295,-0.009571322239935398,-0.010301128961145878,-0.009416481480002403,-0.008627033792436123,-0.008193159475922585,-0.009133818559348583,-0.007856630720198154,-0.00832769088447094,-0.00793316401541233,-0.00669314106926322,-0.006879956461489201,-0.006861530244350433,-0.00600989256054163,-0.006155807059258223,-0.006171813700348139,-0.007317917421460152,-0.0060936021618545055,-0.006961437873542309,-0.005471799056977034
ORLY,19,2026-04-07 18:15:00+00:00,14:15,-0.0054807038977742195,down,-0.006212063133716583,-0.0036741311196237803,-0.004714170936495066,-0.004312444943934679,-0.005495344754308462,-0.006525880191475153,-0.011505529284477234,-0.010563063435256481,-0.01184751745313406,-0.012464038096368313,-0.01031048595905304,-0.008122080937027931,-0.009608221240341663,-0.0053332108072936535,-0.005198475439101458,-0.006070098839700222,-0.004248249810189009,-0.005796937271952629,-0.0068107726983726025,-0.006331036798655987,-0.007316006347537041,-0.00937933661043644,-0.007580508943647146,-0.004020131658762693,-0.006413142662495375,-0.0054807038977742195
ROL,19,2026-04-07 18:15:00+00:00,14:15,-0.005575378425419331,down,-0.0033940584398806095,-0.0015954377595335245,-0.0011284678475931287,0.0008757400792092085,0.0008822634117677808,0.0005917802918702364,-0.0018607293022796512,-0.0021839439868927,-0.00037266884464770555,-0.00027145855710841715,0.0012140299659222364,0.001989738317206502,0.00011260750034125522,-0.0005736688035540283,-2.716320705076214e-05,-0.0009548437083140016,-0.0004413234710227698,-0.0015555681893602014,-0.0005943934083916247,-0.000264817092102021,-0.00022362561139743775,-0.0021588546223938465,-0.0015351434703916311,0.0014485054416581988,-0.0005933927022852004,-0.005575378425419331
AVY,19,2026-04-07 18:15:00+00:00,14:15,-0.0056345355696976185,down,-0.0035222286824136972,-0.0012966231442987919,-0.0021737238857895136,-0.001694903476163745,-0.002984951250255108,-0.004037581849843264,-0.009343467652797699,-0.007523451000452042,-0.00962113682180643,-0.01299408171325922,-0.011212225072085857,-0.009797420352697372,-0.00949966348707676,-0.00924260076135397,-0.009413089603185654,-0.011641175486147404,-0.008646124042570591,-0.00867987796664238,-0.009445994161069393,-0.009904006496071815,-0.00751523720100522,-0.008930387906730175,-0.008052165620028973,-0.0020150423515588045,-0.006310958880931139,-0.0056345355696976185
CB,19,2026-04-07 18:15:00+00:00,14:15,-0.005651482380926609,down,-0.00523701636120677,-0.0027539655566215515,-0.003060121787711978,-0.0022858192678540945,0.0016129177529364824,1.9736057765840087e-06,-0.00256781536154449,-0.004103569313883781,-0.0038528323639184237,-0.002332299016416073,-0.0030112946406006813,-0.0027740024961531162,-0.0032973040360957384,-0.0024650010745972395,-0.002174520865082741,-0.0035086767747998238,-0.0021667208056896925,-0.003026628168299794,-0.0025788655038923025,-0.002326501766219735,-0.003326911013573408,-0.0048895631916821,-0.005850022658705711,-0.0037333383224904537,-0.006326539907604456,-0.005651482380926609
AFL,19,2026-04-07 18:15:00+00:00,14:15,-0.005654069595038891,down,-0.005037383176386356,-0.005148209165781736,-0.0043039279989898205,-0.004735453054308891,0.0004960332298651338,-0.0018749545561149716,-0.004780101124197245,-0.004805662203580141,-0.0034673665650188923,-0.003821180434897542,-0.0020967351738363504,-0.0023979628458619118,-0.0027710257563740015,-0.002769513987004757,-0.0036889526527374983,-0.002272112062200904,-0.0025201928801834583,-0.003381252521649003,-0.002687678672373295,-0.002851604949682951,-0.003207314061000943,-0.005136354826390743,-0.004937040153890848,-0.002496114233508706,-0.0037527724634855986,-0.005654069595038891
TTWO,19,2026-04-07 18:15:00+00:00,14:15,-0.00567371491342783,down,-0.006699761841446161,-0.0044555203057825565,-0.006303437519818544,-0.006301808170974255,-0.008484290912747383,-0.008611300960183144,-0.011005276814103127,-0.007141505368053913,-0.008138027042150497,-0.007374573033303022,-0.007479166146367788,-0.006099681369960308,-0.005472059827297926,-0.005920340772718191,-0.006188658997416496,-0.0068784477189183235,-0.005142322275787592,-0.006725508254021406,-0.007037532515823841,-0.006459693890064955,-0.00850020069628954,-0.010489199310541153,-0.011660355143249035,-0.010709535330533981,-0.009753732942044735,-0.00567371491342783
SYK,19,2026-04-07 18:15:00+00:00,14:15,-0.005679447669535875,down,-0.007718207314610481,-0.004680117126554251,-0.005575475748628378,-0.0043756416998803616,-0.0031212535686790943,-0.004831256344914436,-0.008452754467725754,-0.007846839725971222,-0.009366394020617008,-0.007777957711368799,-0.007853636518120766,-0.006143886595964432,-0.006585176568478346,-0.005926030222326517,-0.006058553699404001,-0.007424756418913603,-0.00583084300160408,-0.006247881334275007,-0.005749691277742386,-0.0062264613807201385,-0.005521071143448353,-0.008635475300252438,-0.009210898540914059,-0.004446942824870348,-0.007949278689920902,-0.005679447669535875
Q,19,2026-04-07 18:15:00+00:00,14:15,-0.005734192673116922,down,-0.0032968339510262012,-0.0042350939474999905,-0.00703522190451622,-0.007090977393090725,-0.007267432287335396,-0.008429613895714283,-0.011145220138132572,-0.010748019441962242,-0.011162599548697472,-0.012013968080282211,-0.006141668185591698,-0.005791807547211647,-0.00645271223038435,-0.005956722889095545,-0.0042767892591655254,-0.005005188751965761,-0.006232741754502058,-0.0055723306722939014,-0.008327709510922432,-0.007629017811268568,-0.007940896786749363,-0.010037222877144814,-0.011602243408560753,-0.0077028353698551655,-0.010459456592798233,-0.005734192673116922
LDOS,19,2026-04-07 18:15:00+00:00,14:15,-0.005786220543086529,down,-0.0009626973187550902,0.0033315769396722317,0.0004983485559932888,0.00259250751696527,0.0021116947755217552,0.0014344187220558524,-0.0017069510649889708,0.0010209432803094387,0.0031401158776134253,0.00037331038038246334,0.0030488602351397276,0.0028261644765734673,0.0016799923032522202,0.002142686164006591,0.0003570695116650313,0.00018974168051499873,0.0020155878737568855,0.002218954497948289,0.0008548172772862017,0.0002600533771328628,-0.0001589975436218083,-0.0022796133998781443,-0.003670223755761981,-0.0015475514810532331,-0.006310346070677042,-0.005786220543086529
NVR,19,2026-04-07 18:15:00+00:00,14:15,-0.0058049047365784645,down,0.0041327630169689655,0.002021001186221838,0.002814793959259987,0.005663044285029173,0.007854108698666096,0.005720187444239855,-0.00022577110212296247,0.002886719536036253,-0.0035406018141657114,-0.0031642261892557144,-0.002948033157736063,-0.0024979710578918457,-0.007352827116847038,-0.00822322815656662,-0.008439532481133938,-0.007368471473455429,-0.009522435255348682,-0.004592633340507746,-0.003540427191182971,-0.002428600797429681,-0.006372341886162758,-0.004587942734360695,-0.004835659172385931,-0.004214862827211618,-0.00803633127361536,-0.0058049047365784645
EQIX,19,2026-04-07 18:15:00+00:00,14:15,-0.005974550731480122,down,-0.0014331203419715166,-0.001243947888724506,-0.002640563528984785,0.0005987326730974019,0.005211638752371073,0.0007507999544031918,-0.0015907150227576494,-0.00017144574667327106,-0.003760275896638632,-0.002833703299984336,-0.0009195880847983062,-0.00035915765329264104,-0.0017195845721289515,-0.0015514958649873734,-0.0020007917191833258,-0.0012921389425173402,0.000528179167304188,-0.0016704879235476255,-0.0020277698058634996,-0.0030716056935489178,-0.006012538447976112,-0.010907033458352089,-0.009054651483893394,-0.006845010444521904,-0.010584141127765179,-0.005974550731480122
ETR,19,2026-04-07 18:15:00+00:00,14:15,-0.006027574185281992,down,-0.0014062270056456327,-0.0013019838370382786,-0.0026916482020169497,-0.0006841085269115865,0.001686735195107758,0.0005210383678786457,0.001398311578668654,-0.0025875784922391176,-0.0008849225705489516,-0.002407328924164176,-0.0017285801004618406,0.0004359162412583828,0.0002411588211543858,-0.001707609510049224,-0.0018234583549201488,-0.0006177406758069992,-0.0012781876139342785,-0.002523711882531643,-0.0023886493872851133,-0.001312789972871542,-0.003135625971481204,-0.005645154044032097,-0.004736543633043766,-0.001814435818232596,-0.0027402627747505903,-0.006027574185281992
JKHY,19,2026-04-07 18:15:00+00:00,14:15,-0.006037189159542322,down,0.0006626054528169334,0.0015388698084279895,0.0021370702888816595,0.002210938138887286,0.004168511368334293,0.005103500094264746,0.003767144400626421,0.0029780776239931583,0.004470739979296923,0.0028500938788056374,0.005444183014333248,0.007232173811644316,0.0043605174869298935,0.003950382117182016,0.0035372176207602024,0.0009529690723866224,0.004059520084410906,0.0033955355174839497,0.002009144751355052,-0.0013214729260653257,-0.0004545487172435969,-0.0042142258025705814,-0.002621124964207411,-0.0008689633687026799,-0.007861534133553505,-0.006037189159542322
WSM,19,2026-04-07 18:15:00+00:00,14:15,-0.0061224037781357765,down,-0.001936158281750977,-0.005010020919144154,-0.009229875169694424,-0.008040979504585266,-0.0104674082249403,-0.010795802809298038,-0.0136663056910038,-0.010435654781758785,-0.013032245449721813,-0.012346413917839527,-0.012748170644044876,-0.011658151634037495,-0.011391749605536461,-0.010010093450546265,-0.011210091412067413,-0.01311533059924841,-0.009382904507219791,-0.00948410015553236,-0.00917384959757328,-0.010698089376091957,-0.010068180039525032,-0.011768613010644913,-0.012883991934359074,-0.007381759583950043,-0.006752213463187218,-0.0061224037781357765
UPS,19,2026-04-07 18:15:00+00:00,14:15,-0.006203602068126202,down,-0.004063772968947887,-0.0020895381458103657,-0.005054639186710119,-0.002961199963465333,-0.004084765911102295,-0.0024356062058359385,-0.006180742755532265,-0.005074759013950825,-0.00877375528216362,-0.008570019155740738,-0.007398722227662802,-0.004456089343875647,-0.005135802086442709,-0.006095011718571186,-0.008796315640211105,-0.00707086781039834,-0.004693580791354179,-0.005372713319957256,-0.006330477073788643,-0.0075950026512146,-0.0064290305599570274,-0.0068804738111793995,-0.006598242558538914,-0.004067204426974058,-0.007111913990229368,-0.006203602068126202
PPL,19,2026-04-07 18:15:00+00:00,14:15,-0.006225200369954109,down,-0.0006223453092388809,-0.0008216550922952592,-0.0021970404777675867,-0.0004967194399796426,-0.0002553639642428607,-0.002211623592302203,-0.005856187082827091,-0.006950139068067074,-0.007372741121798754,-0.00808320939540863,-0.005615226924419403,-0.005859830882400274,-0.005211931187659502,-0.005124623887240887,-0.006582182366400957,-0.0058839875273406506,-0.004529693629592657,-0.005051430780440569,-0.0035802435595542192,-0.003064381889998913,-0.004333998542279005,-0.006400738377124071,-0.005160572472959757,-0.003108450211584568,-0.004671808332204819,-0.006225200369954109
PAYX,19,2026-04-07 18:15:00+00:00,14:15,-0.006300584878772497,down,0.0006540046306326985,0.004313441459089518,0.002656469587236643,0.0030253238510340452,-0.0012330225436016917,-0.003008230123668909,-0.007991792634129524,-0.005764417815953493,-0.005604743491858244,-0.004806513898074627,-0.0036101650912314653,-0.001946129952557385,-0.0015295593766495585,-0.0018615237204357982,-0.004414813127368689,-0.0031179289799183607,-0.0016658820677548647,-0.0001408983807777986,-0.002707961481064558,-0.0034340776037424803,-0.003203732892870903,-0.00534910149872303,-0.004510496277362108,-0.002908616093918681,-0.008299687877297401,-0.006300584878772497
CCL,19,2026-04-07 18:15:00+00:00,14:15,-0.006375623866915703,down,-0.020073214545845985,-0.00677679106593132,-0.008030623197555542,-0.007780715357512236,-0.009958603419363499,-0.010594317689538002,-0.017023352906107903,-0.016281742602586746,-0.016186069697141647,-0.01716085895895958,-0.015202024951577187,-0.015069950371980667,-0.006547583732753992,-0.006704132072627544,-0.011225303635001183,-0.012273013591766357,-0.005977083928883076,-0.007747482042759657,-0.0068537164479494095,-0.009503680281341076,-0.01082167774438858,-0.016578853130340576,-0.016434980556368828,-0.00920365285128355,-0.013000980019569397,-0.006375623866915703
NKE,19,2026-04-07 18:15:00+00:00,14:15,-0.006417317781597376,down,-0.014038091525435448,-0.011933833360671997,-0.01544191688299179,-0.014018391259014606,-0.010889782570302486,-0.010746980085968971,-0.014546899124979973,-0.014852584339678288,-0.013136647641658783,-0.01784004271030426,-0.014539014548063278,-0.016207531094551086,-0.013890258967876434,-0.011687842197716236,-0.010071390308439732,-0.011535688303411007,-0.01269584521651268,-0.008509078994393349,-0.013105818070471287,-0.013808200135827065,-0.012364181689918041,-0.016335265710949898,-0.013656382448971272,-0.008272809907793999,-0.008433457463979721,-0.006417317781597376
ARES,19,2026-04-07 18:15:00+00:00,14:15,-0.006571038160473108,down,-0.010627444833517075,-0.004690919537097216,-0.007718638051301241,-0.007369955535978079,-0.0060298447497189045,-0.009198344312608242,-0.014289898797869682,-0.010613393038511276,-0.010173539631068707,-0.012495547533035278,-0.007631025742739439,-0.009626711718738079,-0.01030192244797945,-0.009480961598455906,-0.006594731472432613,-0.006767799612134695,-0.008861841633915901,-0.01048724353313446,-0.012465507723391056,-0.012422204948961735,-0.00926639698445797,-0.011804800480604172,-0.010513507761061192,-0.007279158569872379,-0.009248175658285618,-0.006571038160473108
KVUE,19,2026-04-07 18:15:00+00:00,14:15,-0.006671660579741001,down,-0.010392727330327034,-0.004356211517006159,-0.004665221553295851,-0.0047084572724998,0.005547510460019112,0.004733949434012175,0.00342935835942626,-0.0060328650288283825,-0.007493000943213701,-0.01236879825592041,-0.009299957193434238,-0.007391400169581175,-0.003699798136949539,-0.003338959999382496,-0.010349084623157978,-0.0069704256020486355,-0.00796880479902029,-0.004648351110517979,-0.00724690780043602,-0.008925222791731358,-0.006376628763973713,-0.014959624037146568,-0.011971494182944298,-0.007223834283649921,-0.013019734993577003,-0.006671660579741001
HPE,19,2026-04-07 18:15:00+00:00,14:15,-0.0067022633738815784,down,-0.012729745358228683,-0.007598298601806164,-0.014116444624960423,-0.008029168471693993,-0.008318904787302017,-0.009183316491544247,-0.012467054650187492,-0.012925504706799984,-0.011355907656252384,-0.012341911904513836,-0.00930859986692667,-0.009337389841675758,-0.01017908938229084,-0.009639246389269829,-0.010389025323092937,-0.01092435885220766,-0.010539907962083817,-0.010655369609594345,-0.010265413671731949,-0.009682935662567616,-0.018089035525918007,-0.01731143705546856,-0.016393300145864487,-0.010532252490520477,-0.010907663963735104,-0.0067022633738815784
NTRS,19,2026-04-07 18:15:00+00:00,14:15,-0.0067126029171049595,down,-0.005301906727254391,-0.006120044272392988,-0.005178097169846296,-0.0032305980566889048,-0.0008978223195299506,-0.0032324870117008686,-0.006406341213732958,-0.00571858324110508,-0.008079610764980316,-0.00777135044336319,-0.004405221436172724,-0.0014749594265595078,-0.001870645210146904,-0.00183000392280519,-0.0021521018352359533,-0.004896349739283323,-0.0025410898961126804,-0.0037940824404358864,-0.005033254157751799,-0.00555162038654089,-0.005609164945781231,-0.009454009123146534,-0.010097919031977654,-0.003811855800449848,-0.009271955117583275,-0.0067126029171049595
D,19,2026-04-07 18:15:00+00:00,14:15,-0.006731840781867504,down,-0.0003139226173516363,0.0007429862162098289,-0.0015071112429723144,-0.001156291225925088,0.00011966468446189538,-0.0008099948172457516,-0.0017533937934786081,-0.0025238655507564545,-0.0007098095957189798,-0.001196957309730351,0.0017798708286136389,-0.0016422329936176538,-0.00262249237857759,-0.0027244221419095993,-0.001823383616283536,-0.0029774431604892015,-0.0007397392764687538,-0.0008080565603449941,-0.0008093176293186843,-0.0009801239939406514,-0.004699600860476494,-0.004613333381712437,-0.006410166621208191,-0.0018601407064124942,-0.0057042366825044155,-0.006731840781867504
EXE,19,2026-04-07 18:15:00+00:00,14:15,-0.006780755706131458,down,-0.012270471081137657,-0.006971202790737152,-0.011696649715304375,-0.008171657100319862,-0.010213456116616726,-0.00744491396471858,-0.011397287249565125,-0.008778789080679417,-0.00815962627530098,-0.008752303197979927,-0.009183892048895359,-0.009407457895576954,-0.010992327705025673,-0.006056337151676416,-0.008261154405772686,-0.006823850329965353,-0.006035017315298319,-0.005772397853434086,-0.0065422155894339085,-0.007438305299729109,-0.006814921740442514,-0.007640696130692959,-0.006261135917156935,-0.0043161166831851006,-0.006933447439223528,-0.006780755706131458
BSX,19,2026-04-07 18:15:00+00:00,14:15,-0.006992770358920097,down,-0.020458757877349854,-0.020939195528626442,-0.02466149441897869,-0.02851717174053192,-0.026328565552830696,-0.027807224541902542,-0.030963316559791565,-0.029821278527379036,-0.02754662185907364,-0.02602389268577099,-0.023345351219177246,-0.021132448688149452,-0.019727865234017372,-0.019961513578891754,-0.01791023276746273,-0.01839129813015461,-0.017067743465304375,-0.016530396416783333,-0.017183370888233185,-0.014853776432573795,-0.014835053123533726,-0.016093317419290543,-0.017658859491348267,-0.014928886666893959,-0.013051172718405724,-0.006992770358920097
AEP,19,2026-04-07 18:15:00+00:00,14:15,-0.007059930823743343,down,-0.003223222913220525,-0.0017233657417818904,-0.002603129716590047,-0.002998600248247385,0.0010651652701199055,-0.0014857454225420952,-0.004212972708046436,-0.003979806322604418,-0.00236457958817482,-0.00405909912660718,-0.00403235200792551,-0.0030072657391428947,-0.004084802698343992,-0.0029065823182463646,-0.005458776839077473,-0.00478930352255702,-0.0056186243891716,-0.003759531769901514,-0.003277428913861513,-0.004390783607959747,-0.005463841836899519,-0.007969495840370655,-0.008968832902610302,-0.005125349387526512,-0.007242761552333832,-0.007059930823743343
EMR,19,2026-04-07 18:15:00+00:00,14:15,-0.007125184405595064,down,-0.010139074176549911,-0.00391568336635828,-0.008722789585590363,-0.0034750860650092363,-0.004990074317902327,-0.006705371662974358,-0.012381642125546932,-0.00870637595653534,-0.01015586405992508,-0.007532312069088221,-0.006521978415548801,-0.005628720857203007,-0.006449135020375252,-0.005728746298700571,-0.006144938990473747,-0.004728724714368582,-0.002653941512107849,-0.0008132938528433442,-0.001654581050388515,-0.00383720058016479,-0.006819520145654678,-0.008923708461225033,-0.011833096854388714,-0.006969747599214315,-0.01149823796004057,-0.007125184405595064
KHC,19,2026-04-07 18:15:00+00:00,14:15,-0.007140057627111673,down,-0.013869916088879108,-0.005594540387392044,-0.008639982901513577,-0.0061378441751003265,-0.003970996476709843,-0.004576523322612047,-0.00711759552359581,-0.009580833837389946,-0.010433569550514221,-0.013133120723068714,-0.009890027344226837,-0.010262611322104931,-0.009920574724674225,-0.009660910815000534,-0.005650008097290993,-0.004671772010624409,-0.007194597274065018,-0.008701890707015991,-0.00923063699156046,-0.008514170534908772,-0.007841401733458042,-0.009757171384990215,-0.010638884268701077,-0.006616651546210051,-0.00654031103476882,-0.007140057627111673
SPGI,19,2026-04-07 18:15:00+00:00,14:15,-0.007158511783927679,down,-0.007776244077831507,-0.00800881814211607,-0.010563572868704796,-0.0070698456838727,-0.005635817535221577,-0.009964779019355774,-0.011176937259733677,-0.014360228553414345,-0.012163178063929081,-0.010091088712215424,-0.006040703039616346,-0.006182586308568716,-0.006591389887034893,-0.008380010724067688,-0.007802111096680164,-0.009537218138575554,-0.00726355193182826,-0.007540591061115265,-0.0132609773427248,-0.011249741539359093,-0.005721851717680693,-0.007079421542584896,-0.004462420009076595,-0.003484269604086876,-0.00732166925445199,-0.007158511783927679
AKAM,19,2026-04-07 18:15:00+00:00,14:15,-0.007263539358973503,down,-0.012311902828514576,-0.006845928728580475,-0.012509718537330627,-0.012545477598905563,-0.009354994632303715,-0.013461712747812271,-0.014031886123120785,-0.013083104975521564,-0.010576405562460423,-0.012223677709698677,-0.010545510798692703,-0.008472684770822525,-0.00650058314204216,-0.005933355074375868,-0.006766146514564753,-0.00739166047424078,-0.005743040237575769,-0.005276269279420376,-0.008689234033226967,-0.010638388805091381,-0.007408455945551395,-0.009885414503514767,-0.010048008523881435,-0.005391038954257965,-0.00823740754276514,-0.007263539358973503
FAST,19,2026-04-07 18:15:00+00:00,14:15,-0.007329605985432863,down,-0.008987611159682274,-0.005654777865856886,-0.0038520016241818666,-0.003811795497313142,-0.003278080141171813,-0.006452789064496756,-0.008017115294933319,-0.009990452788770199,-0.00998461339622736,-0.010551219806075096,-0.00940326601266861,-0.008759023621678352,-0.010755958966910839,-0.008488208055496216,-0.010277166031301022,-0.01098818052560091,-0.007340535521507263,-0.009065630845725536,-0.010012952610850334,-0.008533172309398651,-0.009053196758031845,-0.01162401307374239,-0.012121002189815044,-0.008373522199690342,-0.010861142538487911,-0.007329605985432863
ALGN,19,2026-04-07 18:15:00+00:00,14:15,-0.00736842630431056,down,-0.00152550486382097,0.0005852917674928904,-0.008174024522304535,-0.01108529232442379,-0.014035987667739391,-0.011904004961252213,-0.011457174085080624,-0.012145394459366798,-0.01359937246888876,-0.014523972757160664,-0.011114002205431461,-0.007632320746779442,-0.008878788910806179,-0.009392568841576576,-0.00759790139272809,-0.009369024075567722,-0.0076050483621656895,-0.005271243397146463,-0.005681880284100771,-0.008989178575575352,-0.00891388114541769,-0.008402709849178791,-0.007667664438486099,-0.0025859265588223934,-0.007922431454062462,-0.00736842630431056
ROK,19,2026-04-07 18:15:00+00:00,14:15,-0.007391153834760189,down,-0.007797241676598787,-0.007166852708905935,-0.00900661014020443,-0.007348273880779743,-0.007717684376984835,-0.010385056957602501,-0.010642380453646183,-0.009609652683138847,-0.01037856936454773,-0.009375370107591152,-0.00785459578037262,-0.006420617923140526,-0.006688856519758701,-0.006617799401283264,-0.00712154945358634,-0.0071063656359910965,-0.007778409868478775,-0.007914555259048939,-0.009639246389269829,-0.009385094977915287,-0.008383275009691715,-0.011639080941677094,-0.010314238257706165,-0.007007165811955929,-0.009143761359155178,-0.007391153834760189
O,19,2026-04-07 18:15:00+00:00,14:15,-0.007392240688204765,down,-0.002960783429443836,-0.0017765616066753864,-0.0036765991244465113,-0.002570408396422863,-0.0029805018566548824,-0.004555350635200739,-0.0077344682067632675,-0.007794560398906469,-0.008375431410968304,-0.008034005761146545,-0.0046550314873456955,-0.00575074041262269,-0.0061697205528616905,-0.0071686129085719585,-0.005647285841405392,-0.007022220175713301,-0.004522364586591721,-0.0025460824836045504,-0.004115118645131588,-0.004683610517531633,-0.007050207816064358,-0.009251618757843971,-0.009263171814382076,-0.0046206144616007805,-0.00812994409352541,-0.007392240688204765
TTD,19,2026-04-07 18:15:00+00:00,14:15,-0.007481770124286413,down,-0.01574055105447769,-0.00886477343738079,-0.018218031153082848,-0.017676236107945442,-0.023443490266799927,-0.02661001868546009,-0.029188895598053932,-0.026869215071201324,-0.02422589249908924,-0.019995568320155144,-0.01641351357102394,-0.01324806734919548,-0.014871818944811821,-0.012463950552046299,-0.01470620185136795,-0.01694747619330883,-0.012998867779970169,-0.013412431813776493,-0.012280563823878765,-0.013885990716516972,-0.023077119141817093,-0.02827882580459118,-0.024876268580555916,-0.01580231636762619,-0.014874862506985664,-0.007481770124286413
AWK,19,2026-04-07 18:15:00+00:00,14:15,-0.007487950846552849,down,-0.0009872239315882325,0.002242813818156719,0.00351561326533556,0.0014211263041943312,0.00270094838924706,0.00024109355581458658,-0.0016184282721951604,-0.0034248260781168938,-0.0038494658656418324,-0.0035157622769474983,-0.0025612092576920986,-0.0013798068976029754,-0.002850048942491412,-0.0028591016307473183,-0.003102136543020606,-0.006683672312647104,-0.003387613222002983,-0.003956081811338663,-0.0033184285275638103,-0.0024681738577783108,-0.003708669450134039,-0.005657008849084377,-0.005871289875358343,-0.002974961418658495,-0.008079059422016144,-0.007487950846552849
NOC,19,2026-04-07 18:15:00+00:00,14:15,-0.007488490082323551,down,-0.0025972339790314436,-0.0013385447673499584,-0.0024562280159443617,-0.001634601503610611,-0.0020584403537213802,-0.0036029056645929813,-0.005882840603590012,-0.00606083869934082,-0.007359134033322334,-0.006176610477268696,-0.005482557229697704,-0.00440575135871768,-0.0046270159073174,-0.0040790303610265255,-0.00600075488910079,-0.006487178150564432,-0.007248500362038612,-0.005777744576334953,-0.008783121593296528,-0.008361537009477615,-0.008259126916527748,-0.008841075003147125,-0.00716576911509037,-0.005437777377665043,-0.00893021747469902,-0.007488490082323551
EL,19,2026-04-07 18:15:00+00:00,14:15,-0.007512921001762152,down,-0.016250908374786377,-0.01064169593155384,-0.00821626652032137,-0.013257421553134918,-0.015228855423629284,-0.016301406547427177,-0.023207727819681168,-0.018406616523861885,-0.016173260286450386,-0.015817662701010704,-0.01418892852962017,-0.010351966135203838,-0.00430071447044611,-0.006419668905436993,-0.008391757495701313,-0.012051781639456749,-0.007175226230174303,-0.005510049872100353,-0.008063851855695248,-0.007644699886441231,-0.0077485814690589905,-0.008462161757051945,-0.01174224354326725,-0.008447173051536083,-0.014455660246312618,-0.007512921001762152
PEG,19,2026-04-07 18:15:00+00:00,14:15,-0.007581506855785847,down,0.0002897800877690315,0.001952479942701757,0.00040914968121796846,-0.00014676527644041926,0.0012281255330890417,-0.002334773540496826,-0.003326328471302986,-0.004454541951417923,-0.0036302455700933933,-0.005747850984334946,-0.0036028241738677025,-0.0036699322517961264,-0.0036377515643835068,-0.0032523039262741804,-0.003626496996730566,-0.00538439629599452,-0.0031258808448910713,-0.00410559494048357,-0.0028534617740660906,-0.0013354771072044969,-0.0025109683629125357,-0.0033765097614377737,-0.006417334079742432,-0.0034086185041815042,-0.006387658882886171,-0.007581506855785847
POOL,19,2026-04-07 18:15:00+00:00,14:15,-0.0075872610323131084,down,-0.007491844706237316,-0.0066595543175935745,-0.00758205633610487,-0.006405330263078213,-0.006950353272259235,-0.007067851256579161,-0.01303747110068798,-0.011082896962761879,-0.011122748255729675,-0.010770810768008232,-0.011707467958331108,-0.011957772076129913,-0.01087858434766531,-0.012512994930148125,-0.008289795368909836,-0.008430611342191696,-0.007895471528172493,-0.0070927743799984455,-0.009127737954258919,-0.0074065024964511395,-0.008711706846952438,-0.009123996831476688,-0.011781238950788975,-0.009297347627580166,-0.010448363609611988,-0.0075872610323131084
BEN,19,2026-04-07 18:15:00+00:00,14:15,-0.007635238580405712,down,-0.005139617249369621,-0.0023844679817557335,-0.006559235509485006,-0.005738221574574709,-0.006628078408539295,-0.007408099714666605,-0.010730032809078693,-0.008957220241427422,-0.005452135112136602,-0.005251475144177675,-0.0034305029548704624,-0.002504098229110241,-0.002485241275280714,-0.003331015817821026,-0.0022705765441060066,-0.0036381054669618607,-0.002195396926254034,-0.0017840114887803793,-0.004151161294430494,-0.004055828787386417,-0.003878101473674178,-0.00568975368514657,-0.007341388612985611,-0.005046216771006584,-0.006723789963871241,-0.007635238580405712
RVTY,19,2026-04-07 18:15:00+00:00,14:15,-0.00763775035738945,down,-0.008107630535960197,-0.007138292770832777,-0.011472217738628387,-0.008463837206363678,-0.008858147077262402,-0.011332659982144833,-0.014696751721203327,-0.013310653157532215,-0.011757776141166687,-0.012490660883486271,-0.01539220567792654,-0.011258331127464771,-0.010664151050150394,-0.008984316140413284,-0.009399320930242538,-0.011555409990251064,-0.007625625468790531,-0.00960914883762598,-0.0101944450289011,-0.007837948389351368,-0.010314472019672394,-0.01233220286667347,-0.01384226605296135,-0.008462880738079548,-0.009960774332284927,-0.00763775035738945
ADSK,19,2026-04-07 18:15:00+00:00,14:15,-0.007702619303017855,down,-0.0024502251762896776,0.0028065938968211412,-0.004793333355337381,-0.0023257832508534193,-0.0064446874894201756,-0.007947158999741077,-0.01141225267201662,-0.007998619228601456,-0.006527039222419262,-0.006713386159390211,-0.005176404025405645,-0.004156452603638172,-0.004878041334450245,-0.004410472698509693,-0.007274963892996311,-0.007113819941878319,-0.002849473152309656,-0.003551455680280924,-0.004769384860992432,-0.00541527196764946,-0.0044188727624714375,-0.009772158227860928,-0.009118610993027687,-0.006449227686971426,-0.010299530811607838,-0.007702619303017855
GPC,19,2026-04-07 18:15:00+00:00,14:15,-0.0077225277200341225,down,0.0013147832360118628,0.00011434248881414533,0.003370013553649187,0.00024341940297745168,0.004362133331596851,0.0007975743501447141,-0.0015001745196059346,-0.0025424761697649956,-0.00123111205175519,-0.003789671929553151,-0.0030037122778594494,-0.0018802161794155836,-0.002638701582327485,-0.0028862287290394306,-0.002618347993120551,-0.0033443551510572433,-0.003702211193740368,-0.004061243962496519,-0.004397471901029348,-0.002606170019134879,-0.005221482831984758,-0.006745167076587677,-0.005834994837641716,-0.0030672340653836727,-0.007182816509157419,-0.0077225277200341225
NRG,19,2026-04-07 18:15:00+00:00,14:15,-0.007744738832116127,down,-0.01281392015516758,-0.008562530390918255,-0.012255602516233921,-0.009502298198640347,-0.011160685680806637,-0.014774835668504238,-0.01774720847606659,-0.013805019669234753,-0.013240386731922626,-0.01197095401585102,-0.01035891380161047,-0.009438312612473965,-0.008020554669201374,-0.009181119501590729,-0.007817268371582031,-0.012334280647337437,-0.008501282893121243,-0.0076039573177695274,-0.0087853092700243,-0.010228045284748077,-0.010413039475679398,-0.013661914505064487,-0.010268069803714752,-0.0033197428565472364,-0.007076111156493425,-0.007744738832116127
SRE,19,2026-04-07 18:15:00+00:00,14:15,-0.00776065094396472,down,0.0008348657283931971,0.002629806287586689,0.00029464528779499233,-0.00041027204133570194,0.0017607836052775383,0.001588435610756278,0.0006566501688212156,0.0006794236833229661,0.0002683228813111782,-0.0022700612898916006,-0.000746198755223304,0.0010851954575628042,-0.0011357712792232633,-0.0022359807044267654,-0.003476393176242709,-0.00474118534475565,-0.003305234480649233,-0.003477486316114664,-0.0031797231640666723,-0.003948963712900877,-0.0035030278377234936,-0.007059931289404631,-0.005441672634333372,-0.0039712428115308285,-0.006036967504769564,-0.00776065094396472
NOW,19,2026-04-07 18:15:00+00:00,14:15,-0.007785589434206486,down,-0.009916874580085278,-0.003292543813586235,-0.017274588346481323,-0.014814630150794983,-0.01586007885634899,-0.01855904795229435,-0.022574186325073242,-0.02012566104531288,-0.019703980535268784,-0.012598094530403614,-0.008742647245526314,-0.009628155268728733,-0.008265435695648193,-0.007287258747965097,-0.010052836500108242,-0.00945646408945322,-0.008295518346130848,-0.008120753802359104,-0.011693984270095825,-0.00933315884321928,-0.00815496314316988,-0.010204446502029896,-0.008058047853410244,-0.005313733126968145,-0.006376231554895639,-0.007785589434206486
BRO,19,2026-04-07 18:15:00+00:00,14:15,-0.007819166406989098,down,-0.005023475736379623,-0.0029447036795318127,-0.006873444188386202,-0.004211420193314552,-0.008361601270735264,-0.0074374559335410595,-0.012303360737860203,-0.009581922553479671,-0.009746259078383446,-0.009743776172399521,-0.010189767926931381,-0.008681840263307095,-0.00841235090047121,-0.0062674651853740215,-0.005499681457877159,-0.006999629084020853,-0.007298211567103863,-0.007987887598574162,-0.008734415285289288,-0.007068187464028597,-0.006681289989501238,-0.008817235007882118,-0.008057727478444576,-0.005480323918163776,-0.0075128586031496525,-0.007819166406989098
SJM,19,2026-04-07 18:15:00+00:00,14:15,-0.007989897392690182,down,0.0009310002205893397,0.005120260175317526,0.0031355491373687983,0.0027638771571218967,0.002681419253349304,0.0008278629975393414,-0.0011444591218605638,-0.0019138114294037223,-0.0015614685835316777,-0.001416943152435124,-0.00044585310388356447,-0.0007431909325532615,-0.002551690675318241,-0.0011389327701181173,-0.0009614175069145858,-0.0021449539344757795,-0.00266078719869256,-0.002657693112269044,-0.0003003811289090663,0.0003660400107037276,-0.001534040318801999,-0.0023816877510398626,-0.004790383391082287,-0.0015375911025330424,-0.005129917990416288,-0.007989897392690182
YUM,19,2026-04-07 18:15:00+00:00,14:15,-0.008102430030703545,down,-0.0020272836554795504,0.0005532854702323675,-0.000425495149102062,0.001330941915512085,0.0005024145939387381,-0.0008369265706278384,-0.0038988031446933746,-0.004461086820811033,-0.004856501705944538,-0.0034424252808094025,-0.0010557069908827543,-0.0006700163357891142,-0.0011635895352810621,-0.0021238657645881176,-0.001756190904416144,-0.002761316951364279,-0.003340106923133135,-0.002648470690473914,-0.0031715882942080498,-0.0037126068491488695,-0.0052655842155218124,-0.00763414241373539,-0.007987678050994873,-0.00512057775631547,-0.010191208682954311,-0.008102430030703545
WYNN,19,2026-04-07 18:15:00+00:00,14:15,-0.008154449053108692,down,-0.002135825576260686,0.004135384690016508,-0.002111610723659396,-0.0007700961432419717,-0.001583365024998784,-0.0022791454102844,-0.009680286049842834,-0.010051696561276913,-0.009323989041149616,-0.012650500982999802,-0.010788097977638245,-0.0107912952080369,-0.014221985824406147,-0.013542026281356812,-0.012474617920815945,-0.011953265406191349,-0.011697390116751194,-0.015475155785679817,-0.014015466906130314,-0.014125004410743713,-0.011017493903636932,-0.013001170009374619,-0.011602640151977539,-0.005779617931693792,-0.009929301217198372,-0.008154449053108692
J,19,2026-04-07 18:15:00+00:00,14:15,-0.008172230795025826,down,-0.002777017652988434,-0.0020914406049996614,-0.004206593614071608,-0.0009408419136889279,-0.0027334371116012335,-0.0064581031911075115,-0.007488691247999668,-0.00521122058853507,-0.0056936172768473625,-0.006099281366914511,-0.006870529148727655,-0.006348639260977507,-0.007791109383106232,-0.009610097855329514,-0.009260456077754498,-0.009095207788050175,-0.0061221253126859665,-0.006259489338845015,-0.00611143559217453,-0.004849064163863659,-0.008656678721308708,-0.011160187423229218,-0.011442504823207855,-0.007805104833096266,-0.00979471206665039,-0.008172230795025826
QCOM,19,2026-04-07 18:15:00+00:00,14:15,-0.00819553341716528,down,-0.005639161914587021,-0.0004810318350791931,-0.006247510202229023,-0.0033375464845448732,-0.004155975766479969,-0.008289921097457409,-0.013017143122851849,-0.010659603402018547,-0.011385289952158928,-0.0135063910856843,-0.009947279468178749,-0.01292957179248333,-0.009267805144190788,-0.011000845581293106,-0.011003714986145496,-0.010585503652691841,-0.012040134519338608,-0.013184302486479282,-0.011684808880090714,-0.01303957775235176,-0.01162942498922348,-0.012569308280944824,-0.012647430412471294,-0.009694568812847137,-0.008193052373826504,-0.00819553341716528
DUK,19,2026-04-07 18:15:00+00:00,14:15,-0.008399243466556072,down,-0.0015919836005195975,0.005851231515407562,0.003911344800144434,0.002588463481515646,0.005127917975187302,0.003063897369429469,0.0017994329100474715,-0.001294455025345087,-0.000810558267403394,-0.004495521076023579,-0.0013820088934153318,-0.00338395731523633,-0.005948907695710659,-0.005118988454341888,-0.0062013124115765095,-0.006391966715455055,-0.0063481139950454235,-0.005779804661870003,-0.0041647497564554214,-0.00464283861219883,-0.007385615259408951,-0.007462470792233944,-0.009161649271845818,-0.0055452086962759495,-0.006774519104510546,-0.008399243466556072
MCK,19,2026-04-07 18:15:00+00:00,14:15,-0.008493906818330288,down,0.0023495987989008427,-0.00029104435816407204,-0.0009390172199346125,0.0006392482900992036,0.0022477409802377224,-0.0027750120498239994,-0.003703228197991848,-0.0023680778685957193,-0.006237328983843327,-0.0042036427184939384,-0.003681160043925047,-0.00185490888543427,-0.002168538747355342,-0.0007282528677023947,-0.002717479830607772,-0.0021478168200701475,-0.0010149069130420685,-0.0011469164164736867,-0.0023205529432743788,-0.002810825128108263,-0.005979244131594896,-0.008162915706634521,-0.009042352437973022,-0.005915537476539612,-0.010825068689882755,-0.008493906818330288
SOLV,19,2026-04-07 18:15:00+00:00,14:15,-0.00861409679055214,down,-0.004900581203401089,0.0010483607184141874,-0.004469204694032669,-0.002209701109677553,-0.00522390753030777,-0.007982278242707253,-0.012305614538490772,-0.00917364377528429,-0.008010213263332844,-0.009292845614254475,-0.008762672543525696,-0.008722564205527306,-0.008722756989300251,-0.008358856663107872,-0.007365464232861996,-0.007697520777583122,-0.004241304472088814,-0.005382173229008913,-0.005419720895588398,-0.007071456406265497,-0.00821620412170887,-0.008150671608746052,-0.009787787683308125,-0.005990033037960529,-0.008926086127758026,-0.00861409679055214
VZ,19,2026-04-07 18:15:00+00:00,14:15,-0.008718783035874367,down,-0.005650603678077459,-0.002271427772939205,-0.004041389562189579,-0.0032349606044590473,-0.0021816911175847054,-0.003214737167581916,-0.003993750084191561,-0.0038555311039090157,-0.0015120315365493298,-0.00037788221379742026,-0.0012762933038175106,-0.001620771479792893,-0.0031733668874949217,-0.0037131563294678926,-0.0028816373087465763,-0.0044591473415493965,-0.0030899187549948692,-0.003983405884355307,-0.004479196388274431,-0.004645236302167177,-0.003817294491454959,-0.005579534452408552,-0.006073938217014074,-0.007062424439936876,-0.00835017766803503,-0.008718783035874367
MSFT,19,2026-04-07 18:15:00+00:00,14:15,-0.008780907839536667,down,-0.003820640966296196,-0.0063462648540735245,-0.008635305799543858,-0.007238675840198994,-0.009744287468492985,-0.013988358899950981,-0.013836433179676533,-0.0126362768933177,-0.01208166591823101,-0.008637156337499619,-0.006389092653989792,-0.007786288391798735,-0.009448781609535217,-0.009099967777729034,-0.008805744349956512,-0.00823512114584446,-0.009362862445414066,-0.009814629331231117,-0.00956820696592331,-0.010652797296643257,-0.01352052390575409,-0.01648874580860138,-0.016398463398218155,-0.015141094103455544,-0.01217514369636774,-0.008780907839536667
SO,19,2026-04-07 18:15:00+00:00,14:15,-0.008807520382106304,down,-0.005963004659861326,0.00023272178077604622,-0.00033516751136630774,-0.00042107386980205774,0.0010048927506431937,-0.00027454691007733345,-0.003836902556940913,-0.003013802692294121,-0.0033389385789632797,-0.005400113761425018,-0.0036735539324581623,-0.003633945481851697,-0.005861785262823105,-0.0043122367933392525,-0.0034190926235169172,-0.0051093860529363155,-0.004853478632867336,-0.005916398949921131,-0.003248411463573575,-0.002726595615968108,-0.002100823912769556,-0.00556999770924449,-0.0044752685353159904,-0.005348574370145798,-0.0066927773877978325,-0.008807520382106304
HRL,19,2026-04-07 18:15:00+00:00,14:15,-0.008835422806441784,down,-0.002481005620211363,-0.0008764754747971892,-0.003169294912368059,-0.006316387560218573,-0.011158669367432594,-0.009537103585898876,-0.012609371915459633,-0.009423097595572472,-0.009637857787311077,-0.011028473265469074,-0.0125071220099926,-0.007087705656886101,-0.005045222118496895,-0.0053426665253937244,-0.005284270271658897,-0.006171415559947491,-0.0025430552195757627,-0.004550197161734104,-0.009173115715384483,-0.005534860771149397,-0.010543666779994965,-0.011428192257881165,-0.010139827616512775,-0.007522485684603453,-0.009585649706423283,-0.008835422806441784
LRCX,19,2026-04-07 18:15:00+00:00,14:15,-0.008868847042322159,down,-0.010327765718102455,-0.008590677753090858,-0.013303670100867748,-0.013350107707083225,-0.017064649611711502,-0.017191017046570778,-0.019104914739727974,-0.015170307829976082,-0.014622589573264122,-0.010483992286026478,-0.008020792156457901,-0.00659558828920126,-0.008309188298881054,-0.0074690249748528,-0.00906320195645094,-0.012093370780348778,-0.009642713703215122,-0.008764714002609253,-0.009764455258846283,-0.010422315448522568,-0.008126205764710903,-0.011575700715184212,-0.014971821568906307,-0.011447539553046227,-0.014825759455561638,-0.008868847042322159
PG,19,2026-04-07 18:15:00+00:00,14:15,-0.008870231918990612,down,-0.007051462773233652,-0.0038939383812248707,-0.006383080966770649,-0.004924690816551447,-0.0036594606935977936,-0.006167352665215731,-0.009546231478452682,-0.011102315038442612,-0.009923962876200676,-0.013612963259220123,-0.011248850263655186,-0.010283253155648708,-0.010002869181334972,-0.009519263170659542,-0.009469503536820412,-0.00974956713616848,-0.009324543178081512,-0.010283606126904488,-0.008631511591374874,-0.007246885448694229,-0.008549710735678673,-0.01047023106366396,-0.012434854172170162,-0.009951761923730373,-0.010809418745338917,-0.008870231918990612
GDDY,19,2026-04-07 18:15:00+00:00,14:15,-0.008912946097552776,down,-0.002849739044904709,0.004027494229376316,-0.0070127397775650024,-0.007489384617656469,-0.008477347902953625,-0.011826660484075546,-0.011836434714496136,-0.0077559747733175755,-0.004482087213546038,-0.00843193382024765,-0.005457689054310322,-0.006390496622771025,-0.006191891618072987,-0.004893668461591005,-0.004033710807561874,-0.0047382572665810585,-0.0009559433092363179,-0.004581613000482321,-0.004132856614887714,-0.008473082445561886,-0.0057564666494727135,-0.010431059636175632,-0.009953979402780533,-0.006157841999083757,-0.00947484839707613,-0.008912946097552776
EXR,19,2026-04-07 18:15:00+00:00,14:15,-0.008918052539229393,down,-0.004394916817545891,-0.0011713245185092092,-0.003981993533670902,-0.0022099066991358995,-0.00048133774544112384,-0.002898347331210971,-0.00673976493999362,-0.00695008784532547,-0.009053625166416168,-0.00988172460347414,-0.008099458180367947,-0.006680370774120092,-0.008259356021881104,-0.008128697052598,-0.008856628090143204,-0.010605229996144772,-0.006684922147542238,-0.0075404760427773,-0.006612673867493868,-0.007272320333868265,-0.007240618113428354,-0.010545446537435055,-0.010458149947226048,-0.006597545463591814,-0.010678443126380444,-0.008918052539229393
MMM,19,2026-04-07 18:15:00+00:00,14:15,-0.008975585922598839,down,-0.005127119366079569,-0.002492350758984685,-0.005295109935104847,-0.002749824430793524,-0.0007855030125938356,-0.004585324786603451,-0.006806130055338144,-0.006313139572739601,-0.008256428875029087,-0.011230831034481525,-0.008333674632012844,-0.008563688956201077,-0.007947065867483616,-0.009006110951304436,-0.008434060029685497,-0.009781816974282265,-0.008004998788237572,-0.009077237918972969,-0.008142142556607723,-0.00795171968638897,-0.008045920170843601,-0.009799500927329063,-0.010114251635968685,-0.007874824106693268,-0.010595496743917465,-0.008975585922598839
ORCL,19,2026-04-07 18:15:00+00:00,14:15,-0.008980323560535908,down,-0.00835371483117342,-0.011938344687223434,-0.013512796722352505,-0.011339860036969185,-0.01479281671345234,-0.015339236706495285,-0.015838906168937683,-0.016581906005740166,-0.017126794904470444,-0.014545848593115807,-0.009290577843785286,-0.010448329150676727,-0.008303004316985607,-0.007597251795232296,-0.00918696541339159,-0.011829509399831295,-0.007755107246339321,-0.00767649058252573,-0.007648870348930359,-0.00869745947420597,-0.011135103181004524,-0.012574436143040657,-0.014520956203341484,-0.01125861145555973,-0.012856508605182171,-0.008980323560535908
CVX,19,2026-04-07 18:15:00+00:00,14:15,-0.008990763686597347,down,-0.0029525025747716427,-0.0011682177428156137,-0.004526933655142784,-0.004912524949759245,-0.003527117893099785,-0.0058283391408622265,-0.006262721959501505,-0.0048082126304507256,-0.003976735286414623,-0.0031253304332494736,-0.0023948370944708586,-0.002627016743645072,-0.00033950325450859964,-0.0007997840293683112,-0.0027761294040828943,-0.006521747447550297,-0.00799790769815445,-0.005502643529325724,-0.008252402767539024,-0.008681472390890121,-0.007171793840825558,-0.007312153931707144,-0.007154984399676323,-0.007074157707393169,-0.008633021265268326,-0.008990763686597347
TRMB,19,2026-04-07 18:15:00+00:00,14:15,-0.009050563909113407,down,-0.0021406931336969137,0.0030142662581056356,-0.0020744353532791138,0.0023041358217597008,-0.0006943602347746491,-0.0032300062011927366,-0.009520971216261387,-0.013879602774977684,-0.009102260693907738,-0.014043183997273445,-0.015542156994342804,-0.012942048721015453,-0.01110225822776556,-0.013321233913302422,-0.017107393592596054,-0.01768743433058262,-0.013497458770871162,-0.012259493581950665,-0.008008209057152271,-0.010095808655023575,-0.008848722092807293,-0.008159219287335873,-0.009773795492947102,-0.009945780970156193,-0.01360761933028698,-0.009050563909113407
LII,19,2026-04-07 18:15:00+00:00,14:15,-0.009177068248391151,down,-0.009356268681585789,-0.003837608266621828,-0.008732215501368046,-0.004108250141143799,-0.009767080657184124,-0.010540262795984745,-0.012196124531328678,-0.011987275443971157,-0.014646664261817932,-0.01540718600153923,-0.01236105989664793,-0.008827893994748592,-0.013378806412220001,-0.012661001645028591,-0.013722001574933529,-0.01662473939359188,-0.016657019034028053,-0.01306491531431675,-0.013872391544282436,-0.012123518623411655,-0.009239342994987965,-0.009693111293017864,-0.009702672250568867,-0.006566858850419521,-0.014152509160339832,-0.009177068248391151
BR,19,2026-04-07 18:15:00+00:00,14:15,-0.009231207892298698,down,-0.008126559667289257,-0.003568853484466672,-0.009350682608783245,-0.006856298539787531,-0.011026807129383087,-0.011844832450151443,-0.014195892959833145,-0.013028011657297611,-0.010665393434464931,-0.012549751438200474,-0.010781818069517612,-0.00972035899758339,-0.009709995239973068,-0.008552417159080505,-0.009739690460264683,-0.01215123850852251,-0.00855337455868721,-0.0099360141903162,-0.010589014738798141,-0.010018737986683846,-0.01057454477995634,-0.012589527294039726,-0.011696348898112774,-0.00975037645548582,-0.013257250189781189,-0.009231207892298698
VICI,19,2026-04-07 18:15:00+00:00,14:15,-0.009289674460887909,down,-0.005481627304106951,-0.0004899834166280925,-0.002028813585639,0.0002476088993716985,-0.0010098338825628161,-0.00278660049661994,-0.00492475088685751,-0.006951389834284782,-0.007698540575802326,-0.009295310825109482,-0.005965441931039095,-0.007392265368252993,-0.006935148499906063,-0.00653768191114068,-0.00782304909080267,-0.007622810080647469,-0.0056129805743694305,-0.006224348209798336,-0.006299817468971014,-0.005884558893740177,-0.007860127836465836,-0.009626278653740883,-0.01156453974545002,-0.0057937977835536,-0.009211997501552105,-0.009289674460887909
CBRE,19,2026-04-07 18:15:00+00:00,14:15,-0.009336519986391068,down,-0.008128905668854713,-0.005036110989749432,-0.0073330095037817955,-0.0061323270201683044,-0.011067114770412445,-0.012488431297242641,-0.013780157081782818,-0.012926115654408932,-0.014371889643371105,-0.012989426031708717,-0.010990021750330925,-0.008054538629949093,-0.009310674853622913,-0.008376328274607658,-0.008379271253943443,-0.008517214097082615,-0.006807147525250912,-0.006533029023557901,-0.007377950940281153,-0.008357263170182705,-0.008784713223576546,-0.010983495973050594,-0.012027901597321033,-0.007888786494731903,-0.013145078904926777,-0.009336519986391068
A,19,2026-04-07 18:15:00+00:00,14:15,-0.009787733666598797,down,-0.005222931504249573,-0.0030930163338780403,-0.005388800520449877,-0.003906064201146364,-0.006041701417416334,-0.006873224396258593,-0.007664946839213371,-0.009219850413501263,-0.010618077591061592,-0.012769464403390884,-0.012354524806141853,-0.011262068524956703,-0.010839958675205708,-0.011701826937496662,-0.009672590531408787,-0.011021198704838753,-0.010509911924600601,-0.010602384805679321,-0.01236962340772152,-0.01091939676553011,-0.011498204432427883,-0.011894072405993938,-0.010022043250501156,-0.005961780436336994,-0.009488132782280445,-0.009787733666598797
DRI,19,2026-04-07 18:15:00+00:00,14:15,-0.009885110892355442,down,-0.006298110354691744,-0.0036514487583190203,-0.0040775807574391365,-0.002461650874465704,-0.008324076421558857,-0.007234110031276941,-0.010563918389379978,-0.009998089633882046,-0.013509422540664673,-0.013003488071262836,-0.012707259505987167,-0.010300650261342525,-0.013540341518819332,-0.015153462067246437,-0.016636427491903305,-0.01622943952679634,-0.01196285244077444,-0.012745930813252926,-0.014743081294000149,-0.011976990848779678,-0.010287419892847538,-0.012260922230780125,-0.012964029796421528,-0.010044323280453682,-0.012541746720671654,-0.009885110892355442
HOOD,19,2026-04-07 18:15:00+00:00,14:15,-0.01063451822847128,down,-0.01826932094991207,-0.020909389480948448,-0.02097744308412075,-0.020543323829770088,-0.020621009171009064,-0.01944863051176071,-0.02079172432422638,-0.017371216788887978,-0.018119826912879944,-0.014269541017711163,-0.013208846561610699,-0.009099678136408329,-0.006929635535925627,-0.007380617782473564,-0.010410596616566181,-0.01281908992677927,-0.005902968347072601,-0.006569094955921173,-0.007627757266163826,-0.0069917719811201096,-0.011338064447045326,-0.016127068549394608,-0.018283098936080933,-0.009224912151694298,-0.013259141705930233,-0.01063451822847128
TGT,19,2026-04-07 18:15:00+00:00,14:15,-0.010712366551160812,down,-0.007402295712381601,-0.005850661545991898,-0.008701595477759838,-0.004365481901913881,-0.005222701467573643,-0.008593293838202953,-0.00966715533286333,-0.010876668617129326,-0.009662768803536892,-0.014700815081596375,-0.01159949041903019,-0.009388920851051807,-0.009706560522317886,-0.008137690834701061,-0.009675881825387478,-0.00984954833984375,-0.009990471415221691,-0.011407517828047276,-0.01114954985678196,-0.013382334262132645,-0.012385477311909199,-0.012003171257674694,-0.01198146864771843,-0.007644940167665482,-0.010317284613847733,-0.010712366551160812
PGR,19,2026-04-07 18:15:00+00:00,14:15,-0.010786575265228748,down,-0.006758842617273331,-0.0036896239034831524,-0.005556432064622641,-0.0025172990281134844,-0.0031572517473250628,-0.007607304025441408,-0.009098807349801064,-0.00947598461061716,-0.007488552946597338,-0.007593533955514431,-0.006188331637531519,-0.007031062617897987,-0.005324619356542826,-0.006926950998604298,-0.007565510459244251,-0.008311312645673752,-0.007491209078580141,-0.006571789272129536,-0.007098746486008167,-0.006345925386995077,-0.007267266511917114,-0.008645799942314625,-0.009093518368899822,-0.007705037482082844,-0.00835641473531723,-0.010786575265228748
INCY,19,2026-04-07 18:15:00+00:00,14:15,-0.010901496745646,down,-0.005915357265621424,-0.005003836005926132,-0.006817454472184181,-0.006836403626948595,-0.003615360474213958,-0.00583390798419714,-0.009112928062677383,-0.010087777860462666,-0.014155067503452301,-0.01314862072467804,-0.012694689445197582,-0.0106186643242836,-0.01232267264276743,-0.011510441079735756,-0.011949046514928341,-0.014251386746764183,-0.013738143257796764,-0.01497824490070343,-0.01393534243106842,-0.012641462497413158,-0.014454510994255543,-0.014343838207423687,-0.016690801829099655,-0.012528645806014538,-0.013964604586362839,-0.010901496745646
T,19,2026-04-07 18:15:00+00:00,14:15,-0.010904382914304733,down,-0.013850243762135506,-0.009911376051604748,-0.01536598615348339,-0.013248453848063946,-0.014494914561510086,-0.013532768934965134,-0.012414291501045227,-0.010008856654167175,-0.00995381735265255,-0.008798383176326752,-0.010331743396818638,-0.010214037261903286,-0.014091146178543568,-0.012804344296455383,-0.012808282859623432,-0.011774328537285328,-0.01183038204908371,-0.012602497823536396,-0.012323864735662937,-0.011049137450754642,-0.009437320753932,-0.00960367452353239,-0.012889116071164608,-0.011639228090643883,-0.01139899343252182,-0.010904382914304733
MAS,19,2026-04-07 18:15:00+00:00,14:15,-0.011018230579793453,down,-0.008069906383752823,-0.005779932718724012,-0.009929057210683823,-0.007833064533770084,-0.010586136020720005,-0.011913716793060303,-0.014154231175780296,-0.011614838615059853,-0.011567567475140095,-0.011950663290917873,-0.011634394526481628,-0.011759283021092415,-0.009930233471095562,-0.008202720433473587,-0.008476801216602325,-0.011550050228834152,-0.008986683562397957,-0.009610348381102085,-0.012012004852294922,-0.011632619425654411,-0.011279684491455555,-0.013900144957005978,-0.013155858032405376,-0.00948641449213028,-0.012052945792675018,-0.011018230579793453
DDOG,19,2026-04-07 18:15:00+00:00,14:15,-0.011052042245864868,down,-0.005564018618315458,-0.016009382903575897,-0.026202524080872536,-0.014933458529412746,-0.01821712590754032,-0.0194279532879591,-0.023419911041855812,-0.018216917291283607,-0.012303339317440987,-0.010990575887262821,-0.0059400899335742,-0.0038521846290677786,-0.0034568600822240114,-0.006845670752227306,-0.006692649330943823,-0.004852028097957373,-0.002667622407898307,-0.00039431866025552154,-0.0032228375785052776,-0.003498705802485347,-0.0032989908941090107,-0.00865861214697361,-0.007936974056065083,-0.005078757181763649,-0.008632145822048187,-0.011052042245864868
ABT,19,2026-04-07 18:15:00+00:00,14:15,-0.01105917152017355,down,-0.001023895456455648,0.0019584819674491882,-0.0027155650313943624,-0.002345160348340869,-0.001369018224067986,-0.004735457245260477,-0.008931262418627739,-0.007198271341621876,-0.006132270209491253,-0.010068120434880257,-0.009565402753651142,-0.0093753132969141,-0.010060216300189495,-0.009329847060143948,-0.00967368483543396,-0.009538944810628891,-0.011384764686226845,-0.010994433425366879,-0.010034286417067051,-0.00838031992316246,-0.00802463386207819,-0.011261764913797379,-0.009629952721297741,-0.008255635388195515,-0.01011496502906084,-0.01105917152017355
KMI,19,2026-04-07 18:15:00+00:00,14:15,-0.011087850667536259,down,0.0011925416765734553,0.004008468706160784,0.0036554154939949512,0.004132285714149475,0.005209051072597504,0.0020572650246322155,0.001605822122655809,-0.0018627506215125322,-0.0002481235424056649,-0.0014233716065064073,0.0015932904789224267,-0.0014910314930602908,-0.0033333448227494955,-0.004142250865697861,-0.0037617406342178583,-0.004896055907011032,-0.005575308110564947,-0.006685162428766489,-0.00566008361056447,-0.005055940244346857,-0.00609344569966197,-0.00837758369743824,-0.010679279454052448,-0.007145650684833527,-0.010283313691616058,-0.011087850667536259
MRSH,19,2026-04-07 18:15:00+00:00,14:15,-0.01109646912664175,down,-0.00916963815689087,-0.006686296779662371,-0.0072256289422512054,-0.006272177677601576,-0.00627780519425869,-0.007755559403449297,-0.009703136049211025,-0.011066924780607224,-0.012853244319558144,-0.011952976696193218,-0.011324048042297363,-0.009433286264538765,-0.00927131436765194,-0.011026820167899132,-0.010920977219939232,-0.012289156205952168,-0.009443962946534157,-0.007650610525161028,-0.009901774115860462,-0.00992157869040966,-0.009314415976405144,-0.011547451838850975,-0.011466923169791698,-0.010469388216733932,-0.011275801807641983,-0.01109646912664175
APO,19,2026-04-07 18:15:00+00:00,14:15,-0.011180725879967213,down,-0.011180763132870197,-0.007617816794663668,-0.009352455846965313,-0.005826024804264307,-0.007670209277421236,-0.008574992418289185,-0.010705281980335712,-0.009061502292752266,-0.0078049469739198685,-0.011197707615792751,-0.008495364338159561,-0.009321114979684353,-0.009675756096839905,-0.007395209278911352,-0.008675502613186836,-0.009654250927269459,-0.006750490982085466,-0.006634504534304142,-0.009395839646458626,-0.010226398706436157,-0.01151284296065569,-0.008978133089840412,-0.010272574611008167,-0.007921596989035606,-0.007631178945302963,-0.011180725879967213
CMCSA,19,2026-04-07 18:15:00+00:00,14:15,-0.011384444311261177,down,-0.008725378662347794,-0.0024739718064665794,-0.00530644878745079,-0.0037979218177497387,-0.0012061323504894972,-0.004326491616666317,-0.007646504323929548,-0.0070837875828146935,-0.00506627606227994,-0.010436445474624634,-0.011200434528291225,-0.009904098697006702,-0.011049563996493816,-0.011349091306328773,-0.009870522655546665,-0.011020643636584282,-0.00993436947464943,-0.010234844870865345,-0.010105043649673462,-0.008354781195521355,-0.00964542105793953,-0.00970136746764183,-0.010760556906461716,-0.009958315640687943,-0.010139252990484238,-0.011384444311261177
MDLZ,19,2026-04-07 18:15:00+00:00,14:15,-0.0115035530179739,down,-0.002794878091663122,0.00026355666341260076,-0.0012773217167705297,-0.0017867372371256351,-0.001360996742732823,-0.002329795388504863,-0.004005056340247393,-0.008046888746321201,-0.005808294750750065,-0.010617444291710854,-0.008286095224320889,-0.010736647062003613,-0.012339209206402302,-0.012011784128844738,-0.010164003819227219,-0.012068226933479309,-0.010921373963356018,-0.013075612485408783,-0.011128101497888565,-0.010080985724925995,-0.01114275585860014,-0.01273350790143013,-0.013844295404851437,-0.008741816505789757,-0.012899990193545818,-0.0115035530179739
GILD,19,2026-04-07 18:15:00+00:00,14:15,-0.011635363101959229,down,-0.004558247048407793,-0.0020608867052942514,-0.00561489025130868,-0.0048697213642299175,-0.004391212947666645,-0.006342978682368994,-0.009182228706777096,-0.01046381052583456,-0.00925462506711483,-0.011854193173348904,-0.00932785589247942,-0.008379679173231125,-0.010678255930542946,-0.010162756778299809,-0.012077960185706615,-0.012383436784148216,-0.009607341140508652,-0.010905129835009575,-0.011608836241066456,-0.01119274366647005,-0.01142194028943777,-0.013509513810276985,-0.01592259295284748,-0.014519832096993923,-0.014206684194505215,-0.011635363101959229
AOS,19,2026-04-07 18:15:00+00:00,14:15,-0.011797068640589714,down,-0.006695632357150316,-0.0031879148446023464,-0.0075700548477470875,-0.004716996569186449,-0.006915251724421978,-0.009181326255202293,-0.011475084349513054,-0.013129974715411663,-0.014762899838387966,-0.017057402059435844,-0.015714453533291817,-0.015313848853111267,-0.01537291333079338,-0.014675330370664597,-0.012608326971530914,-0.013117324560880661,-0.010738406330347061,-0.010521258227527142,-0.011543985456228256,-0.012263832613825798,-0.011002467013895512,-0.012142345309257507,-0.013924309983849525,-0.009682292118668556,-0.012829451821744442,-0.011797068640589714
ZBRA,19,2026-04-07 18:15:00+00:00,14:15,-0.011949388310313225,down,-0.008370626717805862,-0.0033426072914153337,-0.007667483761906624,-0.002881184918805957,-0.005837909411638975,-0.005264150910079479,-0.011902105994522572,-0.009244637563824654,-0.010446281172335148,-0.007280255667865276,-0.008351556025445461,-0.005245296750217676,-0.005704919341951609,-0.0048447176814079285,-0.005815276876091957,-0.008225183002650738,-0.0034449235536158085,-0.0060600340366363525,-0.006424478255212307,-0.007428075186908245,-0.009764102287590504,-0.012093909084796906,-0.013422459363937378,-0.007927720434963703,-0.01326192356646061,-0.011949388310313225
MDT,19,2026-04-07 18:15:00+00:00,14:15,-0.012162226252257824,down,-0.0070360684767365456,-0.003581566736102104,-0.005836394149810076,-0.0056077768094837666,-0.0056216041557490826,-0.007826228626072407,-0.010383035987615585,-0.009447870776057243,-0.009619776159524918,-0.010557540692389011,-0.009495493024587631,-0.008291121572256088,-0.008460760116577148,-0.007670724764466286,-0.008567804470658302,-0.009248307906091213,-0.008913673460483551,-0.008659983985126019,-0.007518228609114885,-0.006753603462129831,-0.0077739679254591465,-0.009989085607230663,-0.01122506894171238,-0.008499974384903908,-0.012301082722842693,-0.012162226252257824
CARR,19,2026-04-07 18:15:00+00:00,14:15,-0.012328018434345722,down,-0.015623493120074272,-0.007256526034325361,-0.014275999739766121,-0.01224806159734726,-0.012878344394266605,-0.014379110187292099,-0.017754359170794487,-0.018229395151138306,-0.019324174150824547,-0.019832344725728035,-0.016856562346220016,-0.014738347381353378,-0.013546207919716835,-0.012627982534468174,-0.013706924393773079,-0.015815677121281624,-0.013114780187606812,-0.014110954478383064,-0.01362137496471405,-0.012876396998763084,-0.01283097080886364,-0.016512997448444366,-0.016694586724042892,-0.012077533639967442,-0.013428853824734688,-0.012328018434345722
PPG,19,2026-04-07 18:15:00+00:00,14:15,-0.012469540350139141,down,-0.004802231676876545,-0.0017036625649780035,-0.007797097787261009,-0.0019154123729094863,-0.005871916655451059,-0.010224509052932262,-0.012144672684371471,-0.010160546749830246,-0.012910939753055573,-0.013277714140713215,-0.011195600032806396,-0.010989089496433735,-0.00945552159100771,-0.006344451103359461,-0.009446538984775543,-0.009920276701450348,-0.010428821668028831,-0.011299462988972664,-0.012859185226261616,-0.01493118330836296,-0.013814817182719707,-0.013530596159398556,-0.01234026625752449,-0.007825788110494614,-0.011791495606303215,-0.012469540350139141
EXPE,19,2026-04-07 18:15:00+00:00,14:15,-0.01249625813215971,down,-0.011782498098909855,-0.0060236332938075066,-0.013360250741243362,-0.009656825102865696,-0.013543957844376564,-0.013265475630760193,-0.01918916217982769,-0.015009496361017227,-0.013495777733623981,-0.010960495099425316,-0.008187704719603062,-0.009995934553444386,-0.009704920463263988,-0.0054224468767642975,-0.007075972389429808,-0.009321321733295918,-0.0050926972180604935,-0.004306454211473465,-0.00709012895822525,-0.008178484626114368,-0.009551852010190487,-0.01215316727757454,-0.011164209805428982,-0.006266896612942219,-0.01146562211215496,-0.01249625813215971
KEY,19,2026-04-07 18:15:00+00:00,14:15,-0.01352062076330185,down,-0.015080884099006653,-0.011476373299956322,-0.016431597992777824,-0.014594602398574352,-0.016139863058924675,-0.014306054450571537,-0.016368715092539787,-0.015828464180231094,-0.01671389304101467,-0.017972605302929878,-0.017804373055696487,-0.017635660246014595,-0.01924309879541397,-0.018498238176107407,-0.015488138422369957,-0.018158406019210815,-0.01606953702867031,-0.017608055844902992,-0.01842014491558075,-0.01688377559185028,-0.01688818633556366,-0.017808036878705025,-0.015274833887815475,-0.015564419329166412,-0.015053381212055683,-0.01352062076330185
PODD,19,2026-04-07 18:15:00+00:00,14:15,-0.01363644190132618,down,-0.0079048378393054,-0.0010769568616524339,-0.002713423687964678,-0.0003489860682748258,-0.0036387427244335413,-0.005131234880536795,-0.0049971467815339565,-0.006689716130495071,-0.004694659262895584,-0.00579311465844512,-0.0051871296018362045,-0.006051306612789631,-0.007045007310807705,-0.0036058712285012007,-0.0069097173400223255,-0.009013938717544079,-0.005352443549782038,-0.0062193432822823524,-0.008691796101629734,-0.008300360292196274,-0.013037526980042458,-0.01636185310781002,-0.014640702866017818,-0.011228048242628574,-0.01652202568948269,-0.01363644190132618
NEM,19,2026-04-07 18:15:00+00:00,14:15,-0.013760185800492764,down,-0.01082403864711523,-0.009520753286778927,-0.010318300686776638,-0.0069880117662250996,-0.00898370984941721,-0.007630295120179653,-0.010361731983721256,-0.008809692226350307,-0.010597847402095795,-0.00885014422237873,-0.006698834244161844,-0.005913735833019018,-0.005208610091358423,-0.005665633361786604,-0.00718974182382226,-0.007698348257690668,-0.007482678629457951,-0.008746554143726826,-0.008183066733181477,-0.011743271723389626,-0.01642594300210476,-0.019711269065737724,-0.019683459773659706,-0.015267187729477882,-0.018482252955436707,-0.013760185800492764
DIS,19,2026-04-07 18:15:00+00:00,14:15,-0.013849405571818352,down,-0.008410937152802944,-0.0019143272656947374,-0.006617748644202948,-0.005326634738594294,-0.005017971619963646,-0.0063223568722605705,-0.009090831503272057,-0.012046683579683304,-0.011707431636750698,-0.011689210310578346,-0.009176570922136307,-0.009769917465746403,-0.010949605144560337,-0.00949399545788765,-0.010321777313947678,-0.009890643879771233,-0.012334606610238552,-0.013338741846382618,-0.011043923906981945,-0.009472699835896492,-0.010128038004040718,-0.012329856865108013,-0.01584974117577076,-0.01159643940627575,-0.01550796814262867,-0.013849405571818352
ZTS,19,2026-04-07 18:15:00+00:00,14:15,-0.013892445713281631,down,-0.009200697764754295,-0.004811169113963842,-0.007057365495711565,-0.006804853677749634,-0.00967786181718111,-0.012400253675878048,-0.014142611995339394,-0.013843274675309658,-0.015535950660705566,-0.018027134239673615,-0.015427413396537304,-0.014058543369174004,-0.014634029008448124,-0.013374052941799164,-0.012827140279114246,-0.012674665078520775,-0.012353641912341118,-0.01156341377645731,-0.011461449787020683,-0.01005683746188879,-0.01106402650475502,-0.013074950315058231,-0.013616347685456276,-0.012262470088899136,-0.01342880167067051,-0.013892445713281631
BG,19,2026-04-07 18:15:00+00:00,14:15,-0.014140232466161251,down,-0.007017391733825207,-0.0022489926777780056,-0.0046945735812187195,-0.00590022886171937,-0.008411112241446972,-0.010639490559697151,-0.012444163672626019,-0.012314651161432266,-0.011780926957726479,-0.013293106108903885,-0.012152247130870819,-0.011784015223383904,-0.01337930466979742,-0.01603313349187374,-0.012618997134268284,-0.015089926309883595,-0.012574320659041405,-0.010764430277049541,-0.01145554892718792,-0.012410702183842659,-0.013842512853443623,-0.01575024239718914,-0.01443998422473669,-0.011647985316812992,-0.014300796203315258,-0.014140232466161251
BALL,19,2026-04-07 18:15:00+00:00,14:15,-0.014204951003193855,down,-0.008112038485705853,-0.0061816503293812275,-0.008162491023540497,-0.005854978691786528,-0.006757228635251522,-0.010087537579238415,-0.012030476704239845,-0.013712932355701923,-0.015251243487000465,-0.015690749511122704,-0.014686246402561665,-0.01286535058170557,-0.013400870375335217,-0.012735220603644848,-0.012244346551597118,-0.014010162092745304,-0.010968663729727268,-0.012181689962744713,-0.012764494866132736,-0.013483645394444466,-0.014801998622715473,-0.018087048083543777,-0.018979575484991074,-0.01352471299469471,-0.01573766954243183,-0.014204951003193855
GEN,19,2026-04-07 18:15:00+00:00,14:15,-0.014216995798051357,down,-0.007695207372307777,-0.0019088236149400473,-0.00666841259226203,-0.006242761388421059,-0.009768320247530937,-0.010142449289560318,-0.013566379435360432,-0.011988767422735691,-0.011767557822167873,-0.012492042034864426,-0.012733610346913338,-0.013157765381038189,-0.012000106275081635,-0.008782700635492802,-0.011058365926146507,-0.01583460345864296,-0.010162632912397385,-0.010233507491648197,-0.011891338042914867,-0.011365847662091255,-0.012721006758511066,-0.01650160737335682,-0.01572016254067421,-0.012327146716415882,-0.01536052580922842,-0.014216995798051357
MO,19,2026-04-07 18:15:00+00:00,14:15,-0.014398317784070969,down,-0.007440465968102217,-0.004585152491927147,-0.007555555552244186,-0.006353642791509628,-0.007633935660123825,-0.01009819470345974,-0.010392948053777218,-0.011512422934174538,-0.0133321862667799,-0.013394135981798172,-0.0113133005797863,-0.010407328605651855,-0.01273517869412899,-0.011626278050243855,-0.01051566656678915,-0.010851520113646984,-0.011531624011695385,-0.010249556973576546,-0.01110783964395523,-0.007794362958520651,-0.009234483353793621,-0.010244499891996384,-0.01213286817073822,-0.01019936241209507,-0.01410222239792347,-0.014398317784070969
NTAP,19,2026-04-07 18:15:00+00:00,14:15,-0.01470277551561594,down,-0.004076722078025341,0.0025029561948031187,-0.005003322381526232,-0.0034299574326723814,-0.011319638229906559,-0.0107192387804389,-0.013099975883960724,-0.011427461169660091,-0.011435994878411293,-0.012143883854150772,-0.008860278874635696,-0.007207534741610289,-0.005054159089922905,-0.005188371986150742,-0.009033572860062122,-0.010282882489264011,-0.009726508520543575,-0.010603421367704868,-0.015119513496756554,-0.013501046225428581,-0.010042655281722546,-0.010591339319944382,-0.012588554061949253,-0.013493946753442287,-0.013725058175623417,-0.01470277551561594
VRSK,19,2026-04-07 18:15:00+00:00,14:15,-0.014788719825446606,down,0.00282398727722466,0.005013334099203348,-0.00012986343062948436,0.0012582142371684313,-0.0033802769612520933,-0.004887235350906849,-0.003088017227128148,-0.0024296422488987446,-0.0024222724605351686,-0.005172523204237223,-0.006411007139831781,-0.004427329171448946,-0.00484448904171586,-0.008321747183799744,-0.01237325556576252,-0.0120850233361125,-0.009992930106818676,-0.009729333221912384,-0.00863834097981453,-0.007551874034106731,-0.006624606437981129,-0.009986801072955132,-0.012010989710688591,-0.015530848875641823,-0.018353300169110298,-0.014788719825446606
NCLH,19,2026-04-07 18:15:00+00:00,14:15,-0.015041450969874859,down,-0.02255314402282238,-0.011420754715800285,-0.019428903236985207,-0.01407201960682869,-0.019386805593967438,-0.021040257066488266,-0.026068339124321938,-0.027587711811065674,-0.030188389122486115,-0.026368608698248863,-0.023651713505387306,-0.02414737083017826,-0.02383790910243988,-0.01563769206404686,-0.022225234657526016,-0.025604864582419395,-0.01920059509575367,-0.01998201571404934,-0.021513592451810837,-0.023392412811517715,-0.021281002089381218,-0.024453124031424522,-0.022789450362324715,-0.017765382304787636,-0.02388182282447815,-0.015041450969874859
HPQ,19,2026-04-07 18:15:00+00:00,14:15,-0.0151296965777874,down,-0.012217027135193348,-0.008045951835811138,-0.015015802346169949,-0.009860091842710972,-0.013079477474093437,-0.014162924140691757,-0.017095711082220078,-0.016207600012421608,-0.017601855099201202,-0.016530580818653107,-0.015892447903752327,-0.014435876160860062,-0.013699282892048359,-0.0114198112860322,-0.01550475973635912,-0.01827281154692173,-0.013944488018751144,-0.014730970375239849,-0.016954787075519562,-0.017257938161492348,-0.016019199043512344,-0.021147647872567177,-0.019268758594989777,-0.015144743956625462,-0.020573019981384277,-0.0151296965777874
MRK,19,2026-04-07 18:15:00+00:00,14:15,-0.015309132635593414,down,-0.008926252834498882,-0.010374103672802448,-0.015826154500246048,-0.009148905985057354,-0.00979581382125616,-0.015668697655200958,-0.016912534832954407,-0.015559288673102856,-0.018591374158859253,-0.019042739644646645,-0.015057059936225414,-0.016455665230751038,-0.014472431503236294,-0.01319887861609459,-0.013528904877603054,-0.014947926625609398,-0.014332359656691551,-0.016492508351802826,-0.016779255121946335,-0.01724357344210148,-0.015629732981324196,-0.016272878274321556,-0.019360579550266266,-0.014784867875277996,-0.015921393409371376,-0.015309132635593414
CPRT,19,2026-04-07 18:15:00+00:00,14:15,-0.015482462011277676,down,-0.0015538287116214633,0.0030745682306587696,-0.00164092390332371,0.0008432930335402489,-0.003869755892083049,-0.00406808964908123,-0.006851816084235907,-0.006097221281379461,-0.009088895283639431,-0.004914227407425642,-0.0023850626312196255,-0.0024962513707578182,-0.003635637927800417,-0.00430621113628149,-0.004143658559769392,-0.00538476649671793,-0.004053486045449972,-0.0031727647874504328,-0.002525647636502981,-0.004720392636954784,-0.005316809751093388,-0.00855550542473793,-0.011585845611989498,-0.00981932319700718,-0.014937972649931908,-0.015482462011277676
INTU,19,2026-04-07 18:15:00+00:00,14:15,-0.01624915562570095,down,-0.010791095905005932,-0.005698754917830229,-0.01681911014020443,-0.013956886716187,-0.02227911911904812,-0.024993864819407463,-0.023721415549516678,-0.01965946890413761,-0.01871456205844879,-0.020274518057703972,-0.019143735989928246,-0.01677674427628517,-0.01938123255968094,-0.03538006171584129,-0.04401084780693054,-0.038291655480861664,-0.04077274724841118,-0.025966627523303032,-0.034186314791440964,-0.03285492584109306,-0.04071465879678726,-0.029751082882285118,-0.026956364512443542,-0.014673144556581974,-0.019305113703012466,-0.01624915562570095
CTAS,19,2026-04-07 18:15:00+00:00,14:15,-0.016483910381793976,down,-0.007915969006717205,-0.006643203087151051,-0.013386813923716545,-0.01093166135251522,-0.014653864316642284,-0.014372415840625763,-0.01876402646303177,-0.016222665086388588,-0.012920409440994263,-0.011716006323695183,-0.00865043792873621,-0.010181722231209278,-0.009300141595304012,-0.011053154245018959,-0.014821176417171955,-0.014217137359082699,-0.01328749768435955,-0.010690808296203613,-0.00999739021062851,-0.009346716105937958,-0.011734300293028355,-0.014270350337028503,-0.015956992283463478,-0.011331711895763874,-0.017878614366054535,-0.016483910381793976
CPB,19,2026-04-07 18:15:00+00:00,14:15,-0.016626249998807907,down,-0.016210855916142464,-0.011022323742508888,-0.014474121853709221,-0.013776631094515324,-0.02007613331079483,-0.02328658103942871,-0.02353583462536335,-0.025051157921552658,-0.024857154116034508,-0.022611113265156746,-0.021731771528720856,-0.022251959890127182,-0.023916328325867653,-0.01889137178659439,-0.01834750361740589,-0.018983066082000732,-0.02068953961133957,-0.016732700169086456,-0.023816492408514023,-0.021284248679876328,-0.021867703646421432,-0.022908732295036316,-0.020894553512334824,-0.018671849742531776,-0.021478816866874695,-0.016626249998807907
NEE,19,2026-04-07 18:15:00+00:00,14:15,-0.016947006806731224,down,-0.006807566154748201,-0.005822350736707449,-0.0073774512857198715,-0.007783212698996067,-0.006666349247097969,-0.008345634676516056,-0.010396509431302547,-0.01231013797223568,-0.01275987271219492,-0.015074840746819973,-0.012606022879481316,-0.012385109439492226,-0.013850157149136066,-0.012864487245678902,-0.013690857216715813,-0.015877489000558853,-0.017011353746056557,-0.016011269763112068,-0.014728521928191185,-0.013505573384463787,-0.015061814337968826,-0.015875931829214096,-0.01951155625283718,-0.014815942384302616,-0.018126284703612328,-0.016947006806731224
EFX,19,2026-04-07 18:15:00+00:00,14:15,-0.017791491001844406,down,-0.005280659068375826,-0.0016632572514936328,-0.009028365835547447,-0.006950166542083025,-0.010445482097566128,-0.010792714543640614,-0.012507827021181583,-0.00993618555366993,-0.010093090124428272,-0.010283904150128365,-0.011049877852201462,-0.008753675036132336,-0.0082240616902709,-0.009829631075263023,-0.013597356155514717,-0.013889887370169163,-0.010582782328128815,-0.011308589018881321,-0.011087470687925816,-0.011573038063943386,-0.012060347944498062,-0.015668345615267754,-0.015088840387761593,-0.014005161821842194,-0.018881049007177353,-0.017791491001844406
WMT,19,2026-04-07 18:15:00+00:00,14:15,-0.018207477405667305,down,-0.0064475275576114655,-0.00511035043746233,-0.010732782073318958,-0.009222405031323433,-0.010723992250859737,-0.015016098506748676,-0.01638561300933361,-0.018941450864076614,-0.015056281350553036,-0.015903973951935768,-0.011760542169213295,-0.014800943434238434,-0.012476867996156216,-0.011726761236786842,-0.012785390019416809,-0.01379262376576662,-0.016884146258234978,-0.016361989080905914,-0.014442228712141514,-0.014503764919936657,-0.018500380218029022,-0.02054726704955101,-0.02259736694395542,-0.020742468535900116,-0.020073149353265762,-0.018207477405667305
JBL,19,2026-04-07 18:15:00+00:00,14:15,-0.01871795579791069,down,-0.006926260888576508,-0.0051907082088291645,-0.0077486056834459305,-0.0056116776540875435,-0.008537108078598976,-0.007018276955932379,-0.009504469111561775,-0.009072738699615002,-0.012158472090959549,-0.008104478009045124,-0.00583154521882534,-0.0037430960219353437,-0.00540113216266036,-0.003950402140617371,-0.005003529600799084,-0.009784655645489693,-0.0031165156979113817,-0.006990564987063408,-0.009055175818502903,-0.009199442341923714,-0.006030619144439697,-0.009271916002035141,-0.009134359657764435,-0.007670184131711721,-0.016606492921710014,-0.01871795579791069
AMP,19,2026-04-07 18:15:00+00:00,14:15,-0.01926495134830475,down,-0.007867391221225262,-0.008142023347318172,-0.00824998039752245,-0.007021808996796608,-0.010666299611330032,-0.01298669632524252,-0.016214659437537193,-0.021937547251582146,-0.018724549561738968,-0.017837753519415855,-0.01573263481259346,-0.015104885213077068,-0.01597166806459427,-0.01449231430888176,-0.020598145201802254,-0.016840411350131035,-0.019181527197360992,-0.014500525780022144,-0.020200582221150398,-0.022212890908122063,-0.017839688807725906,-0.017742648720741272,-0.017158806324005127,-0.009010734036564827,-0.013929750770330429,-0.01926495134830475
GNRC,19,2026-04-07 18:15:00+00:00,14:15,-0.020687147974967957,down,-0.005020344629883766,-0.011252081952989101,-0.011180754750967026,-0.01141226664185524,-0.017068658024072647,-0.014925690367817879,-0.014234482310712337,-0.012727687135338783,-0.01574608124792576,-0.012375818565487862,-0.015558736398816109,-0.01175385806709528,-0.01714744232594967,-0.018812712281942368,-0.019690845161676407,-0.020813679322600365,-0.018806584179401398,-0.016092270612716675,-0.01952086016535759,-0.015569420531392097,-0.010912525467574596,-0.013333587907254696,-0.019048508256673813,-0.013853059150278568,-0.021562229841947556,-0.020687147974967957
HST,19,2026-04-07 18:15:00+00:00,14:15,-0.0248117558658123,down,-0.00039528138586319983,0.001003927318379283,-0.005830845795571804,-0.008014905266463757,-0.01232822798192501,-0.014640764333307743,-0.018025865778326988,-0.017996719107031822,-0.015666624531149864,-0.01778881996870041,-0.017936065793037415,-0.018486885353922844,-0.01755593530833721,-0.018112100660800934,-0.020183034241199493,-0.01953630894422531,-0.014792660251259804,-0.016103260219097137,-0.016228463500738144,-0.01568470522761345,-0.017271095886826515,-0.021361585706472397,-0.021527115255594254,-0.019233938306570053,-0.024026935920119286,-0.0248117558658123
PCG,19,2026-04-07 18:15:00+00:00,14:15,-0.025951776653528214,down,-0.012980734929442406,-0.008135337382555008,-0.007621966302394867,-0.009008605033159256,-0.006988289766013622,-0.010395942255854607,-0.012484246864914894,-0.015967989340424538,-0.018796905875205994,-0.021085793152451515,-0.020213641226291656,-0.018016058951616287,-0.01930227503180504,-0.019036833196878433,-0.02306426875293255,-0.025129850953817368,-0.02262767031788826,-0.023895762860774994,-0.023158909752964973,-0.022398045286536217,-0.022086089476943016,-0.025016730651259422,-0.025631070137023926,-0.0251169353723526,-0.026073016226291656,-0.025951776653528214
KIM,19,2026-04-07 18:15:00+00:00,14:15,-0.031916383653879166,down,-0.00010630901670083404,0.0030825657304376364,-0.0012145591899752617,-0.004195444751530886,-0.0032715299166738987,-0.005958547815680504,-0.009595219977200031,-0.009591732174158096,-0.00784269254654646,-0.011715086176991463,-0.007133484818041325,-0.008196535520255566,-0.01021217554807663,-0.010138969868421555,-0.010247423313558102,-0.012559655122458935,-0.009140104986727238,-0.009456430561840534,-0.012298842892050743,-0.01049162819981575,-0.019951995462179184,-0.019067898392677307,-0.027103133499622345,-0.02238409034907818,-0.03233858942985535,-0.031916383653879166
SMCI,19,2026-04-07 18:15:00+00:00,14:15,-0.04428785666823387,down,-0.013820662163197994,-0.009511927142739296,-0.019251849502325058,-0.018417757004499435,-0.025682862848043442,-0.027712538838386536,-0.031546302139759064,-0.02882602997124195,-0.029295647516846657,-0.02840195968747139,-0.025118431076407433,-0.023297667503356934,-0.020796237513422966,-0.019955525174736977,-0.021574636921286583,-0.023719092831015587,-0.01941392570734024,-0.019776666536927223,-0.023244498297572136,-0.026956763118505478,-0.03735717758536339,-0.04068836569786072,-0.042367443442344666,-0.038280971348285675,-0.04850105196237564,-0.04428785666823387
