symbol,step,as_of_ts,slot_label,predicted_full_day_return,predicted_direction,pred_log_return_h00,pred_log_return_h01,pred_log_return_h02,pred_log_return_h03,pred_log_return_h04,pred_log_return_h05,pred_log_return_h06,pred_log_return_h07,pred_log_return_h08,pred_log_return_h09,pred_log_return_h10,pred_log_return_h11,pred_log_return_h12,pred_log_return_h13,pred_log_return_h14,pred_log_return_h15,pred_log_return_h16,pred_log_return_h17,pred_log_return_h18,pred_log_return_h19,pred_log_return_h20,pred_log_return_h21,pred_log_return_h22,pred_log_return_h23,pred_log_return_h24,pred_log_return_h25
PSKY,7,2026-04-07 15:15:00+00:00,11:15,0.08762606233358383,up,0.05811160430312157,0.10437756776809692,0.05100126564502716,0.05038587376475334,0.061669379472732544,0.06733416020870209,0.06610354781150818,0.0643748864531517,0.06078895926475525,0.05694414675235748,0.07325831055641174,0.07920441776514053,0.07788708060979843,0.07893866300582886,0.0865626409649849,0.07991323620080948,0.08106239140033722,0.07937237620353699,0.07936589419841766,0.0758512020111084,0.0756450667977333,0.07492614537477493,0.07771967351436615,0.08115775138139725,0.07815402746200562,0.08762606233358383
GOOGL,7,2026-04-07 15:15:00+00:00,11:15,0.037220463156700134,up,0.009439071640372276,0.0014089478645473719,0.00016728571790736169,0.002238794695585966,-0.0009653156739659607,-0.004270750563591719,0.00519898533821106,0.00942053273320198,0.010819011367857456,0.01356729306280613,0.012725609354674816,0.024160968139767647,0.02386103942990303,0.02126718871295452,0.024863149970769882,0.024684464558959007,0.026981357485055923,0.0279134139418602,0.02640596590936184,0.024865642189979553,0.018833545967936516,0.02104649320244789,0.020675772801041603,0.022276563569903374,0.021869994699954987,0.037220463156700134
UNH,7,2026-04-07 15:15:00+00:00,11:15,0.035920705646276474,up,0.001061326707713306,-0.010104463435709476,-0.012612385675311089,-0.002204527147114277,-0.00789924431592226,-0.006661422085016966,-0.008110183291137218,-0.00357543071731925,-0.008154217153787613,0.0006278172368183732,0.01208796538412571,0.009969859384000301,0.012808862142264843,0.016665395349264145,0.012261435389518738,0.010140975005924702,0.012263097800314426,0.010929658077657223,0.010045306757092476,0.008454903028905392,0.011490561068058014,0.010409682057797909,0.011891099624335766,0.0168725848197937,0.018218135461211205,0.035920705646276474
GE,7,2026-04-07 15:15:00+00:00,11:15,0.03520779684185982,up,0.015783846378326416,0.01561088114976883,0.017934594303369522,0.01937323436141014,0.018359703943133354,0.01737477071583271,0.01880459114909172,0.025753330439329147,0.020492296665906906,0.0213665422052145,0.024452965706586838,0.03096756525337696,0.02996891736984253,0.029974520206451416,0.029286887496709824,0.028334928676486015,0.02997247874736786,0.03059627115726471,0.029294544830918312,0.026259927079081535,0.025050899013876915,0.023885823786258698,0.02238372340798378,0.023979611694812775,0.024066535755991936,0.03520779684185982
ELV,7,2026-04-07 15:15:00+00:00,11:15,0.03288823366165161,up,0.0007722441223450005,-0.005106629803776741,-0.00771671487018466,-0.0033675392623990774,-0.002538299188017845,-0.0062119681388139725,-0.006621165666729212,-0.0037105462979525328,-0.0009720047819428146,0.001668581971898675,0.010350837372243404,0.012277740985155106,0.01932336948812008,0.021318895742297173,0.01800762116909027,0.013682308606803417,0.02114196866750717,0.01685282774269581,0.01370006613433361,0.013710929080843925,0.016010502353310585,0.016719873994588852,0.020017389208078384,0.02307272143661976,0.024677718058228493,0.03288823366165161
GOOG,7,2026-04-07 15:15:00+00:00,11:15,0.02604573592543602,up,0.0019942899234592915,-0.007058378774672747,-0.012210858054459095,-0.0046946643851697445,-0.012162583880126476,-0.013647022657096386,-0.007256815675646067,-0.003939989022910595,-0.004137861542403698,-0.000335843040375039,0.0008479643147438765,0.006224008742719889,0.006234252359718084,0.003144941758364439,0.004486733581870794,0.005264046601951122,0.009591019712388515,0.008205048739910126,0.00854206271469593,0.006581581197679043,0.0033802101388573647,0.003039424540475011,0.004867697134613991,0.008360696025192738,0.011628977954387665,0.02604573592543602
SLB,7,2026-04-07 15:15:00+00:00,11:15,0.024761607870459557,up,0.011536170728504658,0.014241033233702183,0.01854330115020275,0.01774902082979679,0.019481226801872253,0.020017508417367935,0.01673009619116783,0.015805736184120178,0.010528555139899254,0.011209772899746895,0.013402348384261131,0.013313879258930683,0.01018160954117775,0.012146483175456524,0.014020305126905441,0.013689955696463585,0.012915142811834812,0.013239928521215916,0.015317096374928951,0.015519499778747559,0.015743078663945198,0.015799110755324364,0.018594400957226753,0.020153911784291267,0.01816767454147339,0.024761607870459557
HD,7,2026-04-07 15:15:00+00:00,11:15,0.023862194269895554,up,0.0036710044369101524,0.000888825161382556,-0.00396899925544858,0.002450160216540098,0.0002806359261739999,-0.0005665139178745449,-0.004513121675699949,-0.0024770500604063272,-0.0038686797488480806,-0.0029795404989272356,0.0022399146109819412,0.000737435242626816,0.0030046156607568264,0.0009007539483718574,0.0014535405207425356,0.0005126154283061624,0.007185142021626234,0.007935024797916412,0.007880128920078278,0.006305967923253775,0.00781659409403801,0.0030379570089280605,0.006225592456758022,0.011948874220252037,0.00925259105861187,0.023862194269895554
APA,7,2026-04-07 15:15:00+00:00,11:15,0.02288789488375187,up,0.01766512356698513,0.024616096168756485,0.02334919199347496,0.022210262715816498,0.01877625845372677,0.02062276378273964,0.016552159562706947,0.018274517729878426,0.01708267442882061,0.013472705148160458,0.014537605457007885,0.012577520683407784,0.009107702411711216,0.008403225801885128,0.015574432909488678,0.01667150855064392,0.011502088978886604,0.014214782975614071,0.015830576419830322,0.014197606593370438,0.014736172743141651,0.01632840931415558,0.01996207982301712,0.022501427680253983,0.023315303027629852,0.02288789488375187
BAX,7,2026-04-07 15:15:00+00:00,11:15,0.021470416337251663,up,0.0007341489545069635,0.005720020737498999,-0.0002808587159961462,0.005194779485464096,0.0010109982686117291,-0.0004387899534776807,-0.004989389795809984,0.0019691078923642635,0.0029644432943314314,0.005656576715409756,0.014569551683962345,0.012051769532263279,0.016184600070118904,0.01804395206272602,0.014510785229504108,0.015353771857917309,0.021105583757162094,0.01962890662252903,0.018012307584285736,0.018625987693667412,0.015732238069176674,0.010877018794417381,0.012843703851103783,0.020453115925192833,0.017950715497136116,0.021470416337251663
CF,7,2026-04-07 15:15:00+00:00,11:15,0.021341171115636826,up,0.010104332119226456,0.01583869196474552,0.01541866734623909,0.01400870643556118,0.014265709556639194,0.015430142171680927,0.010378126986324787,0.009631184861063957,0.005632815416902304,0.007504555396735668,0.017643017694354057,0.013401384465396404,0.01217446569353342,0.010289817117154598,0.013038203120231628,0.016479671001434326,0.012192515656352043,0.0126566831022501,0.01561479177325964,0.013493168167769909,0.012820755131542683,0.009536674246191978,0.012557323090732098,0.011191007681190968,0.013512290082871914,0.021341171115636826
INTC,7,2026-04-07 15:15:00+00:00,11:15,0.021253185346722603,up,0.007753332611173391,-0.009477759711444378,-0.013760600239038467,-0.005244757514446974,-0.003737187711521983,-0.0017758258618414402,-0.00585667509585619,0.003609399776905775,-0.005421981681138277,-0.0013028671965003014,0.006188266444951296,0.011755588464438915,0.019809268414974213,0.014375201426446438,0.015516120940446854,0.01365138590335846,0.009062082506716251,0.010797830298542976,0.014418876729905605,0.011667639017105103,0.006249876227229834,-0.0028362972661852837,0.0016865364741533995,0.007970083504915237,0.013010770082473755,0.021253185346722603
CVNA,7,2026-04-07 15:15:00+00:00,11:15,0.02075233682990074,up,-0.001405514543876052,-0.007595458999276161,-0.00854828767478466,-0.003203760366886854,-0.007483646273612976,-0.007085490971803665,-0.010458380915224552,-0.0011971003841608763,-0.001132581615820527,0.0013737385161221027,0.0033584991469979286,0.004509360995143652,0.0045379456132650375,0.006201667245477438,0.005809507332742214,0.004770007450133562,0.007056083995848894,0.008750435896217823,0.008768323808908463,0.007811752147972584,0.0020965570583939552,0.0023069819435477257,-0.0007043664227239788,0.007813327014446259,0.007281000260263681,0.02075233682990074
SYY,7,2026-04-07 15:15:00+00:00,11:15,0.02035684324800968,up,0.01471208967268467,0.012662932276725769,0.009092621505260468,0.007305465638637543,0.0189431793987751,0.013265605084598064,0.012828139588236809,0.014075233601033688,0.014688113704323769,0.014362509362399578,0.013929936103522778,0.013238033279776573,0.016083000227808952,0.015419086441397667,0.01780831627547741,0.014814039692282677,0.014642670750617981,0.010781461372971535,0.011437550187110901,0.013129813596606255,0.016748683527112007,0.013668570667505264,0.010935739614069462,0.012235497124493122,0.00693008117377758,0.02035684324800968
LLY,7,2026-04-07 15:15:00+00:00,11:15,0.019546527415513992,up,-0.003192542353644967,-0.0072980765253305435,-0.0067964899353682995,-0.0012104450725018978,-0.0018919522408396006,-0.002238165121525526,-0.00549576710909605,0.0004875107842963189,-0.004566296469420195,0.001402187393978238,0.004378058947622776,0.004038684535771608,0.004085817839950323,0.004585973918437958,0.004360385239124298,0.0021977496799081564,0.0035549963358789682,0.003806865541264415,0.003684233408421278,0.0030821762047708035,0.00435481034219265,0.0037732243072241545,0.006925874389708042,0.008416925556957722,0.00944122951477766,0.019546527415513992
MNST,7,2026-04-07 15:15:00+00:00,11:15,0.018734848126769066,up,0.011561999097466469,0.015633871778845787,0.014477957040071487,0.017783597111701965,0.024237103760242462,0.022672707214951515,0.020583607256412506,0.019630201160907745,0.021756794303655624,0.01769673451781273,0.01748821698129177,0.017218170687556267,0.017082499340176582,0.016965718939900398,0.014128527604043484,0.013123936951160431,0.011778405867516994,0.015447799116373062,0.01844092831015587,0.016310609877109528,0.01921929605305195,0.016320349648594856,0.016333842650055885,0.018409309908747673,0.015307636931538582,0.018734848126769066
BA,7,2026-04-07 15:15:00+00:00,11:15,0.017969070002436638,up,0.00851484015583992,0.00435382267460227,0.0048805405385792255,0.00994596816599369,0.009139779955148697,0.006219766568392515,0.0028889745008200407,0.005197471939027309,0.00011293536226730794,0.004534497857093811,0.006372027099132538,0.009259027428925037,0.008232816122472286,0.007318863179534674,0.00727478414773941,0.007068844046443701,0.009111007675528526,0.009364057332277298,0.009459337219595909,0.008671564050018787,0.007293700706213713,0.002814668696373701,0.007642683573067188,0.010061874985694885,0.01040379237383604,0.017969070002436638
WDC,7,2026-04-07 15:15:00+00:00,11:15,0.017532844096422195,up,-0.001143415691331029,-0.01145146507769823,-0.014601022936403751,-0.007865650579333305,-0.013041418045759201,-0.01288351509720087,-0.014233862049877644,-0.006308746989816427,-0.008053595200181007,0.0014060859102755785,0.007646077312529087,0.006395109463483095,0.009068692103028297,0.008837311528623104,0.011568162590265274,0.008137373253703117,0.009626775979995728,0.007395139895379543,0.007634431589394808,0.0037472927942872047,0.0025264776777476072,-0.0029613252263516188,-0.0037331951316446066,0.0008857062784954906,0.0026820192579180002,0.017532844096422195
HUM,7,2026-04-07 15:15:00+00:00,11:15,0.016361095011234283,up,0.003139715874567628,-0.0037956612650305033,-0.007507015950977802,-0.0038383540231734514,-0.00384210841730237,-0.0039658211171627045,-0.004796911962330341,0.0007991385064087808,-0.0011017135111615062,0.0038607101887464523,0.004908326547592878,0.009893713518977165,0.008475009351968765,0.010870167054235935,0.008310013450682163,0.007290680427104235,0.013245276175439358,0.008489038795232773,0.0066076661460101604,0.0038608505856245756,0.008748233318328857,0.0035786470398306847,0.011120805516839027,0.015838680788874626,0.014754161238670349,0.016361095011234283
LITE,7,2026-04-07 15:15:00+00:00,11:15,0.016286103054881096,up,-0.005788222420960665,-0.018577706068754196,-0.018927626311779022,-0.007971314713358879,-0.012503686361014843,-0.019829122349619865,-0.017786024138331413,-0.008883919566869736,-0.012339897453784943,-0.005566159728914499,0.002642874140292406,0.005183595232665539,0.005082290153950453,0.006480843760073185,0.007331087253987789,0.0033973620738834143,0.003728065639734268,-0.005366853903979063,-0.0021116845309734344,-0.003940915688872337,-0.003958096262067556,-0.01302320510149002,-0.00990940723568201,-0.00515912938863039,0.003260214114561677,0.016286103054881096
GM,7,2026-04-07 15:15:00+00:00,11:15,0.01598886214196682,up,0.010299482382833958,0.020958004519343376,0.01721258834004402,0.020579541102051735,0.017192170023918152,0.01822061277925968,0.010379629209637642,0.008777087554335594,0.00910918228328228,0.004596259444952011,-0.0001733493263600394,0.004234125837683678,0.006378719583153725,0.008889293298125267,0.006967221386730671,0.010579067282378674,0.012919576838612556,0.014436637982726097,0.008495504967868328,0.008485259488224983,0.008573670871555805,0.010324964299798012,0.013514111749827862,0.018342163413763046,0.01510933693498373,0.01598886214196682
ODFL,7,2026-04-07 15:15:00+00:00,11:15,0.014484086073935032,up,-0.0054989466443657875,-0.006150923669338226,-0.009099863469600677,-0.0022192606702446938,-0.003054653760045767,-0.0065055848099291325,-0.009973286651074886,-0.006066289730370045,-0.007691406644880772,-0.004725800361484289,-0.006618332117795944,-0.0032589032780379057,-0.003182103158906102,-0.0013582957908511162,-0.004721245728433132,-0.004975707270205021,-0.001753748394548893,-0.0056438148021698,-0.004810726270079613,-0.006202389486134052,-0.006693889852613211,-0.005660368129611015,-0.00021692026348318905,0.005453553516417742,0.007206467445939779,0.014484086073935032
CAG,7,2026-04-07 15:15:00+00:00,11:15,0.014195452444255352,up,-0.0047110822051763535,0.004282388836145401,0.002062167041003704,0.00376390153542161,0.0014463624684140086,0.0025328947231173515,-0.0015708940336480737,-0.0006695028278045356,-0.000667153624817729,0.0018084377516061068,0.006991559639573097,0.009203360415995121,0.011824018321931362,0.014884398318827152,0.012071989476680756,0.013265169225633144,0.019892556592822075,0.016987551003694534,0.01421709917485714,0.01530013419687748,0.014468984678387642,0.00980115681886673,0.008249953389167786,0.015527188777923584,0.010229124687612057,0.014195452444255352
AMD,7,2026-04-07 15:15:00+00:00,11:15,0.014192171394824982,up,-0.00669393315911293,-0.011472336016595364,-0.016157273203134537,-0.012389146722853184,-0.015000044368207455,-0.016314011067152023,-0.017303017899394035,-0.012279374524950981,-0.018906010314822197,-0.018140733242034912,-0.010076185688376427,-0.009067599661648273,-0.010527495294809341,-0.012528764083981514,-0.011911689303815365,-0.013370678760111332,-0.010868323035538197,-0.009114408865571022,-0.009665382094681263,-0.007565334904938936,-0.008984245359897614,-0.009796314872801304,-0.005952422972768545,0.0013301894068717957,0.004642810206860304,0.014192171394824982
ADBE,7,2026-04-07 15:15:00+00:00,11:15,0.013430287130177021,up,0.005745602771639824,0.009694598615169525,0.00861334428191185,0.012818906456232071,0.007131540682166815,0.006260923575609922,0.0015642712824046612,0.006545254960656166,0.0027019691187888384,0.00564141059294343,0.00917560514062643,0.008191606029868126,0.006571683567017317,0.003119379747658968,0.005461528897285461,0.0060622720047831535,0.009586571715772152,0.010753783397376537,0.006840795278549194,0.006621941924095154,0.006874183192849159,0.004035349003970623,0.004206237383186817,0.010420074686408043,0.009822974912822247,0.013430287130177021
GIS,7,2026-04-07 15:15:00+00:00,11:15,0.013250433839857578,up,0.0013551149750128388,0.0028583069797605276,0.00428247032687068,0.005765043664723635,0.00622857641428709,0.00590831832960248,0.0035188221372663975,0.002374764997512102,-0.0016628383891656995,-0.002229872392490506,-0.0008856029598973691,0.002125018974766135,0.0016285497695207596,0.003658910747617483,0.005133825819939375,0.004948919173330069,0.006261415779590607,0.004051384516060352,0.006185102742165327,0.005786118563264608,0.008258793503046036,0.005971824750304222,0.0068395305424928665,0.010476110503077507,0.006678743753582239,0.013250433839857578
MRNA,7,2026-04-07 15:15:00+00:00,11:15,0.01268852036446333,up,-0.01554825995117426,-0.005782619118690491,-0.009396531619131565,-0.01084817759692669,-0.009464840404689312,-0.01140569243580103,-0.012705118395388126,-0.007983610965311527,-0.006697456818073988,-0.008836880326271057,-0.006421338766813278,-0.006592351943254471,-0.003778704209253192,0.0014586113393306732,0.0005801860825158656,0.001342196948826313,0.0037053702399134636,0.005439384840428829,0.002225588308647275,0.0020888245198875666,0.005049094092100859,8.470724424114451e-05,0.0010920214699581265,0.007606334984302521,0.008675008080899715,0.01268852036446333
RCL,7,2026-04-07 15:15:00+00:00,11:15,0.01255366113036871,up,-0.004773334134370089,-0.004950582981109619,-0.008433867245912552,-0.003722529858350754,-0.007266582455486059,-0.007759753614664078,-0.01244844775646925,-0.006442076992243528,-0.012803791090846062,-0.00548088364303112,-0.002397693693637848,-0.0020241111051291227,-0.005530369933694601,-0.0009654563036747277,-0.004705349914729595,-0.0046449159272015095,-0.0010641604894772172,-0.001481015351600945,-0.004113900475203991,-0.006164414342492819,-0.006153468508273363,-0.00791205558925867,-0.006193689536303282,0.0010452623246237636,0.0005654628621414304,0.01255366113036871
TER,7,2026-04-07 15:15:00+00:00,11:15,0.012205619364976883,up,-0.011217047460377216,-0.01928422413766384,-0.021756784990429878,-0.0183577761054039,-0.01874467544257641,-0.02034338004887104,-0.024523736909031868,-0.017722392454743385,-0.013798819854855537,-0.011370599269866943,-0.00769294798374176,-0.0033287161495536566,-0.0001869045663625002,0.004601049702614546,0.0058515556156635284,-0.0020312326960265636,0.004549480974674225,0.0023714073467999697,0.0005912985652685165,-0.0026044188998639584,-0.006949440110474825,-0.00954317394644022,-0.00843887496739626,0.0026195445097982883,0.004438021220266819,0.012205619364976883
CSGP,7,2026-04-07 15:15:00+00:00,11:15,0.011824937537312508,up,-0.0029846737161278725,0.012497911229729652,0.005584389436990023,0.01141593512147665,0.0025577691849321127,0.004082225728780031,-0.0012352608609944582,-0.0010557067580521107,0.004266591276973486,-0.00023598202096763998,0.001044916920363903,0.000656943884678185,0.005450840573757887,0.006670057307928801,0.004163482692092657,0.0027592317201197147,0.004336186684668064,0.004538601264357567,0.004740934818983078,0.003181993728503585,0.009205808863043785,0.007794328965246677,0.010676590725779533,0.011661556549370289,0.010929284617304802,0.011824937537312508
DOC,7,2026-04-07 15:15:00+00:00,11:15,0.011392678134143353,up,0.011845395900309086,0.014267696999013424,0.0107348607853055,0.011420900002121925,0.008860177360475063,0.006554719526320696,0.002531457459554076,0.0043784137815237045,0.0012033202219754457,0.007361347787082195,0.015945786610245705,0.01383886020630598,0.01641477271914482,0.016887566074728966,0.013957823626697063,0.0155754080042243,0.018643969669938087,0.018491964787244797,0.01782260648906231,0.018201015889644623,0.013525038957595825,0.01213013380765915,0.009499834850430489,0.017615649849176407,0.011045722290873528,0.011392678134143353
MPC,7,2026-04-07 15:15:00+00:00,11:15,0.011216127313673496,up,-0.0008302945061586797,0.003473469754680991,0.004172562155872583,0.0061537944711744785,0.006423312705010176,0.0018383015412837267,0.0007240272825583816,0.0009478949359618127,-0.0018774624913930893,-0.001499159261584282,0.004410718567669392,0.005675928201526403,0.006212274078279734,0.005839754827320576,0.006715442519634962,0.0032954008784145117,0.005914841312915087,0.004623590037226677,0.002778643276542425,0.002734704874455929,0.002406950341537595,-0.0008708364912308753,0.0005421587848104537,0.0073341308161616325,0.007798545062541962,0.011216127313673496
TJX,7,2026-04-07 15:15:00+00:00,11:15,0.011168183758854866,up,0.005487542133778334,0.0050802831538021564,0.002783160423859954,0.0066601294092834,0.006503644399344921,0.002761203097179532,-6.799973198212683e-05,0.0025440524332225323,0.0009715912747196853,0.001651971833780408,0.0050565628334879875,0.007105676457285881,0.007704012095928192,0.00841871090233326,0.0058571151457726955,0.007095163222402334,0.007853837683796883,0.007431620266288519,0.008352880366146564,0.005232552532106638,0.006723173428326845,0.0046941968612372875,0.007480066269636154,0.011376815848052502,0.008213818073272705,0.011168183758854866
CNC,7,2026-04-07 15:15:00+00:00,11:15,0.011112320236861706,up,-0.0006870973156765103,-0.004280583932995796,-0.0060653360560536385,-0.005056801717728376,-0.008397955447435379,-0.00725399237126112,-0.00771435908973217,-0.006014055572450161,-0.010027093812823296,-0.004174796864390373,0.001820466830395162,0.0032040004152804613,0.0005076550878584385,0.005877126473933458,0.0070455558598041534,0.0019315852550789714,0.004745000507682562,0.003906735219061375,0.001569070154801011,9.875438991002738e-07,0.0010972520103678107,-0.004025261849164963,0.0011443709954619408,0.01380087248980999,0.010388818569481373,0.011112320236861706
COHR,7,2026-04-07 15:15:00+00:00,11:15,0.01096874289214611,up,-0.005254215560853481,-0.009584814310073853,-0.011565805412828922,-0.004423325881361961,-0.008070508949458599,-0.008404613472521305,-0.012303163297474384,-0.0038380580954253674,-0.006375247612595558,-0.00035631563514471054,0.007600854616612196,0.011559371836483479,0.012697366066277027,0.008694221265614033,0.009488928131759167,0.007785029709339142,0.005918520502746105,0.00257062423042953,0.0036791081074625254,-0.0002688367967493832,-0.0014028807636350393,-0.004723168909549713,-0.004618641454726458,5.867582149221562e-05,0.0012104548513889313,0.01096874289214611
ON,7,2026-04-07 15:15:00+00:00,11:15,0.010662097483873367,up,-0.0054040891118347645,0.004954104777425528,0.0008489988395012915,0.006859149318188429,0.002080513397231698,0.002026086673140526,-0.007254675030708313,-0.005658361595124006,-0.006200707517564297,-0.00850323773920536,-0.006732884794473648,-0.002892726333811879,0.0038431240245699883,0.0026258875150233507,0.0008144975290633738,-0.0010329540818929672,0.003707007970660925,0.003264359198510647,0.003276208648458123,0.001660325680859387,0.003178949933499098,0.00199930090457201,0.005713907536119223,0.01367969624698162,0.011498101986944675,0.010662097483873367
FIS,7,2026-04-07 15:15:00+00:00,11:15,0.010458453558385372,up,-0.006618487183004618,-2.98757240670966e-05,-0.0003911902313120663,0.0006165283266454935,-0.0006832259823568165,-0.0033780394587665796,-0.006242720875889063,-0.004907629918307066,-0.0042105489410459995,-0.0018811972113326192,0.0013689358020201325,0.0029542092233896255,0.0038806642405688763,0.008201489225029945,0.005398178938776255,0.002667051739990711,0.009039179421961308,0.007021886762231588,0.00611989526078105,0.006360158324241638,0.006521936971694231,0.003510355716571212,0.004650156944990158,0.008123810403048992,0.00580539321526885,0.010458453558385372
EOG,7,2026-04-07 15:15:00+00:00,11:15,0.010382045991718769,up,0.0011436829809099436,-0.0008372069569304585,-0.0011098574614152312,0.003453807672485709,0.006988593377172947,0.003766916925087571,0.0020754835568368435,0.0018985169008374214,0.0003874975081998855,0.0019757694099098444,0.005561124533414841,0.007423681672662497,0.007292811293154955,0.005668455734848976,0.005325815640389919,0.003285110229626298,0.006942817475646734,0.007989905774593353,0.009334739297628403,0.009544187225401402,0.007153463549911976,0.005804258398711681,0.005032488610595465,0.008138121105730534,0.00794591847807169,0.010382045991718769
LUV,7,2026-04-07 15:15:00+00:00,11:15,0.010362327098846436,up,-0.0017871808959171176,0.006913755089044571,0.008175259456038475,0.008881770074367523,0.004661574959754944,0.005520617123693228,-0.0001896356843644753,0.0022291906643658876,-0.0006400810088962317,-0.0013700322015210986,-0.0005934604560025036,0.0007351756794378161,0.0027860840782523155,0.005474959500133991,0.0058943405747413635,0.005218887701630592,0.0072937095537781715,0.005222762934863567,0.006078057922422886,0.0046317423693835735,0.004630057141184807,0.0005648027872666717,0.0023991630878299475,0.009102788753807545,0.004273626022040844,0.010362327098846436
CAT,7,2026-04-07 15:15:00+00:00,11:15,0.010325117968022823,up,-0.002764343749731779,-0.0037727435119450092,-0.005318913143128157,0.0009579805773682892,0.0006776572554372251,-0.0012956659775227308,-0.004212919156998396,-0.001562080578878522,-0.0033587119542062283,0.0015346610452979803,0.003460249863564968,0.0048215268179774284,0.004363971762359142,0.006099938880652189,0.0050669400952756405,0.004107532557100058,0.008182806894183159,0.0060555278323590755,0.008118744008243084,0.004977916367352009,0.004317371640354395,0.002071361755952239,0.002225853269919753,0.005823635496199131,0.005907310638576746,0.010325117968022823
SW,7,2026-04-07 15:15:00+00:00,11:15,0.00983559712767601,up,-0.001623253570869565,0.0035788933746516705,0.002535621402785182,0.006611871067434549,0.0017908434383571148,0.0015729796141386032,-0.007349836640059948,-0.005221711937338114,-0.0025439602322876453,-0.0036395073402673006,-0.002985941246151924,0.00040146749233826995,0.003420020453631878,0.0033322134986519814,0.003372380742803216,0.0014529842883348465,0.0047300755977630615,0.004490958992391825,0.004827457945793867,0.004345471039414406,0.006145136430859566,0.0030716557521373034,0.006067097187042236,0.010499435476958752,0.008789725601673126,0.00983559712767601
UBER,7,2026-04-07 15:15:00+00:00,11:15,0.009731770493090153,up,0.010110232047736645,0.013823410496115685,0.00968953873962164,0.011928869411349297,0.00773347495123744,0.0019425912760198116,-0.004362343344837427,0.0001598322414793074,-0.005015429574996233,-0.004146468825638294,-0.002530965954065323,-0.001057573826983571,0.0012498893775045872,0.003604475874453783,0.005692709237337112,0.004514028318226337,0.0070258514024317265,0.005290546920150518,0.005421767011284828,0.005921218544244766,0.005676014814525843,0.002916073426604271,0.002934989519417286,0.006830152589827776,0.006121535785496235,0.009731770493090153
FCX,7,2026-04-07 15:15:00+00:00,11:15,0.009305063635110855,up,-0.005455516744405031,-0.002484585391357541,-0.006679806858301163,0.0024367705918848515,-0.0030768727883696556,-0.002002705354243517,-0.0038061649538576603,0.0011896947398781776,-0.00606275349855423,-0.002237738808616996,-0.0010360954329371452,0.0001346704229945317,-0.0007180609391070902,-5.464501555252355e-06,0.003088094061240554,0.003061748342588544,0.0037196653429418802,0.0029424643144011497,0.0027633202262222767,-0.0004390128597151488,0.00021516409469768405,-0.0020911830943077803,-0.0007714016828685999,0.007017717231065035,0.00198823818936944,0.009305063635110855
IBKR,7,2026-04-07 15:15:00+00:00,11:15,0.009286891669034958,up,0.0006808323669247329,0.0034537508618086576,-0.0005025918944738805,0.0042638895101845264,0.00226488895714283,-0.0008885550196282566,-0.007673616986721754,-0.004405910149216652,-0.005964695010334253,-0.004818507470190525,-0.0023030773736536503,0.0011481913970783353,0.004888160154223442,0.005338399671018124,0.004379891790449619,0.004751180298626423,0.006833542138338089,0.0049119312316179276,0.0071948496624827385,0.004933604504913092,0.0048897466622292995,0.0019073671428486705,0.002309260657057166,0.00811359379440546,0.00676127290353179,0.009286891669034958
ARE,7,2026-04-07 15:15:00+00:00,11:15,0.00917050614953041,up,0.0019084871746599674,0.004672420676797628,0.0030014668591320515,0.0034459878224879503,0.003646410070359707,0.0011446658754721284,-0.00027677908656187356,0.0012769047170877457,0.004790977109223604,0.0033073066733777523,0.0033219321630895138,0.0032394893933087587,0.0033141185995191336,0.0034202351234853268,0.005058881361037493,0.00426930096000433,0.005564458202570677,0.006563112139701843,0.005481636617332697,0.006691589020192623,0.007561597507447004,0.008094226010143757,0.005871450062841177,0.011917367577552795,0.010504885576665401,0.00917050614953041
JNJ,7,2026-04-07 15:15:00+00:00,11:15,0.008988941088318825,up,0.0028532545547932386,0.007159077562391758,0.0039076912216842175,0.00867527723312378,0.004339824430644512,0.0013620903482660651,-0.0012637387262657285,0.0011309185065329075,-0.0017183289164677262,0.00011254990386078134,0.0024602755438536406,0.003823816077783704,0.0032204336021095514,0.004050182178616524,0.004259057808667421,0.004147778730839491,0.008023645728826523,0.004939878359436989,0.005210015457123518,0.00728209875524044,0.0055578951723873615,0.00322651001624763,0.004790353123098612,0.005388438235968351,0.007140221539884806,0.008988941088318825
DAL,7,2026-04-07 15:15:00+00:00,11:15,0.00888905581086874,up,0.00728223379701376,0.01115049235522747,0.008980095386505127,0.012242255732417107,0.005670404992997646,0.006527396384626627,0.003269554814323783,0.004963090177625418,0.0020546463783830404,-0.0004301966691855341,-0.0014207479543983936,-9.992512786993757e-06,0.002362807048484683,0.0038380585610866547,0.007555309217423201,0.006300592795014381,0.007231559604406357,0.003312311600893736,0.005376067943871021,0.004312827251851559,0.003646783297881484,0.0003055372799281031,0.004138339310884476,0.008730368688702583,0.007594455033540726,0.00888905581086874
CEG,7,2026-04-07 15:15:00+00:00,11:15,0.00877718161791563,up,-0.0052804588340222836,-0.0034835953265428543,-0.007485771551728249,-0.008202494122087955,-0.012570982798933983,-0.014339238405227661,-0.021801548078656197,-0.018052026629447937,-0.01952987164258957,-0.015259083360433578,-0.011258212849497795,-0.0064539858140051365,-0.005355070810765028,-0.008058471605181694,-0.012619191780686378,-0.01225968450307846,-0.011191513389348984,-0.01137115340679884,-0.013144728727638721,-0.014405333437025547,-0.01630207523703575,-0.018749363720417023,-0.01758778654038906,-0.007281090598553419,-0.01089476514607668,0.00877718161791563
CIEN,7,2026-04-07 15:15:00+00:00,11:15,0.008713548071682453,up,-0.014189369045197964,-0.024927202612161636,-0.026601694524288177,-0.017156047746539116,-0.019682016223669052,-0.024360083043575287,-0.023067105561494827,-0.019238844513893127,-0.013356483541429043,-0.010888852179050446,-0.0010261393617838621,0.002480756724253297,0.0009026782354339957,-0.0015711520100012422,0.0005517195677384734,4.876781167695299e-05,0.00010907202522503212,0.005857550073415041,-0.006153495516628027,0.0003688484721351415,0.007180162239819765,0.003940255846828222,0.004539333283901215,0.013230063952505589,0.002885111141949892,0.008713548071682453
MKC,7,2026-04-07 15:15:00+00:00,11:15,0.008657822385430336,up,0.005519624333828688,0.009530444629490376,0.00552575197070837,0.005764298141002655,0.006538689136505127,0.004123265855014324,0.0022063131909817457,0.0043562306091189384,0.006053701974451542,0.005826572421938181,0.00626554386690259,0.0075799161568284035,0.0061642080545425415,0.006169741973280907,0.008081162348389626,0.005747412331402302,0.008502757176756859,0.009146506898105145,0.009557445533573627,0.010000108741223812,0.009480812586843967,0.009446471929550171,0.009678075090050697,0.009206464514136314,0.007797124329954386,0.008657822385430336
LH,7,2026-04-07 15:15:00+00:00,11:15,0.008637326769530773,up,0.0071647739969193935,0.005709914490580559,0.005277208983898163,0.007824786007404327,0.006677231285721064,0.002857120940461755,-0.00016992106975521892,0.00235962332226336,0.0009147916571237147,-0.0014739393955096602,0.001113796140998602,0.002501276321709156,0.003234205534681678,0.002780407899990678,-0.0006351641495712101,0.0006375416414812207,0.0038354559801518917,0.001413668622262776,0.0007552113384008408,0.003179454943165183,0.0018200825434178114,-0.0009573255083523691,-0.0005972482613287866,0.004030398093163967,-0.0008903198759071529,0.008637326769530773
WAT,7,2026-04-07 15:15:00+00:00,11:15,0.008574705570936203,up,0.002877392340451479,0.0036468380130827427,0.0037051753606647253,0.0040015531703829765,4.406309926707763e-06,-0.000604223576374352,-0.003128092037513852,-0.0013164073461666703,-0.001318513648584485,-0.0031854647677391768,0.000622984953224659,0.002194637432694435,0.0012937306892126799,0.0017700018361210823,0.0007839354802854359,0.0007659432594664395,0.003914121072739363,0.0028945014346390963,0.0016595710767433047,0.003008776344358921,0.002752266824245453,-0.00033528407220728695,-0.0016406872309744358,0.002521537709981203,0.00028597688651643693,0.008574705570936203
TSCO,7,2026-04-07 15:15:00+00:00,11:15,0.008561234921216965,up,-0.006099926307797432,0.0013594231568276882,0.001599836046807468,0.005670126527547836,0.002087731845676899,0.001483734929934144,-0.004311020020395517,-0.003948867321014404,-0.0007569386507384479,-0.005986785050481558,-0.0029479111544787884,-0.00017163764277938753,0.00449939351528883,0.005697724409401417,-0.00011842478852486238,0.00011067795276176184,0.0036796603817492723,0.0020870158914476633,0.003054286353290081,0.0014110147021710873,0.0009634697926230729,-0.002429823623970151,-0.0009482012828812003,0.004025211092084646,0.004174517467617989,0.008561234921216965
LEN,7,2026-04-07 15:15:00+00:00,11:15,0.008451116271317005,up,-0.003737022867426276,0.0033006067387759686,0.0001961856905836612,0.004479294177144766,0.005086669698357582,0.0036685471422970295,-0.004975614137947559,-0.0013775837142020464,0.0009501633467152715,-0.002085866639390588,-0.00011126992467325181,-0.002614430384710431,0.0013658184325322509,9.083542863663752e-06,0.00019977735064458102,0.0006557394517585635,0.0012564409989863634,-0.00151862355414778,0.002296235878020525,0.0002826180716510862,0.0035269781947135925,-0.0006993978749960661,0.00034968683030456305,0.008425513282418251,0.004946590401232243,0.008451116271317005
EQT,7,2026-04-07 15:15:00+00:00,11:15,0.008307896554470062,up,0.000954857503529638,0.0018888639751821756,0.0020864028483629227,0.0021785874851047993,0.00044878703192807734,-0.0009883616585284472,-0.00337999383918941,-0.0014042988186702132,0.00107655581086874,0.0008888451266102493,0.0034239361993968487,0.005766821093857288,0.005424592178314924,0.006229184102267027,0.005448010750114918,0.004515247419476509,0.007357425522059202,0.006668746471405029,0.006808150094002485,0.006048127077519894,0.008185403421521187,0.00554988207295537,0.006411765236407518,0.011173833161592484,0.006727073807269335,0.008307896554470062
CI,7,2026-04-07 15:15:00+00:00,11:15,0.008191235363483429,up,0.000578423379920423,-0.0016859759343788028,-0.003849018132314086,-0.0032808403484523296,-0.001668334356509149,-0.004830848891288042,-0.009590725414454937,-0.006173101253807545,-0.007688289508223534,-0.006556455511599779,-0.001835821196436882,0.0009697112254798412,0.0015251568984240294,5.977149339742027e-05,-0.004317218903452158,-0.0031471799593418837,0.0019354186952114105,-0.001449562725611031,0.0002575195103418082,-0.0012175592128187418,-0.002477857982739806,-0.005582874175161123,-0.0037077544257044792,0.0034122292418032885,-0.00022753466328140348,0.008191235363483429
LOW,7,2026-04-07 15:15:00+00:00,11:15,0.008010346442461014,up,0.005010468885302544,0.008093630895018578,0.002568009542301297,0.00409100903198123,0.0020352324936538935,-0.0005579706630669534,-0.004350236151367426,-0.0014831135049462318,-0.003478356171399355,-6.368240428855643e-05,0.002493583830073476,0.005145689472556114,0.005658177193254232,0.004740184172987938,0.004545115865767002,0.0033115949481725693,0.006999603938311338,0.006693657021969557,0.0071355002000927925,0.006701634265482426,0.007357832510024309,0.00475577125325799,0.00551007641479373,0.007421568036079407,0.005729183088988066,0.008010346442461014
CCI,7,2026-04-07 15:15:00+00:00,11:15,0.007904290221631527,up,-0.001879960298538208,-0.00035466617555357516,-0.0012729986337944865,0.0022944307420402765,0.0019196385983377695,0.0004138844378758222,-0.004018392413854599,-0.0027294654864817858,-0.0019443939672783017,-0.002572680590674281,-0.0026607948821038008,0.0002472371852491051,0.0026543610729277134,0.0038108292501419783,0.0014683566987514496,0.0005383971729315817,0.005407953634858131,0.003241446800529957,0.004775412380695343,0.0020023679826408625,0.0028832938987761736,0.0006744462298229337,-7.24098936188966e-05,0.007728532422333956,0.005251863971352577,0.007904290221631527
SHW,7,2026-04-07 15:15:00+00:00,11:15,0.007734363898634911,up,0.000414581794757396,0.003062757197767496,0.0030398136004805565,0.002363844309002161,0.0032444719690829515,0.002635718323290348,0.001092554652132094,0.0013142680982127786,-0.0010486727114766836,-0.0019414880080148578,0.0010998239740729332,0.002716196933761239,0.005870317108929157,0.007054053246974945,0.006487344391644001,0.0035803569480776787,0.005454933736473322,0.005698404274880886,0.0029112217016518116,0.004088189918547869,0.0035962634719908237,0.00014473353803623468,-0.0008724541985429823,0.000797920860350132,0.0024628406390547752,0.007734363898634911
TRGP,7,2026-04-07 15:15:00+00:00,11:15,0.007560348603874445,up,0.0007194120553322136,0.00048765118117444217,-0.0028194745536893606,0.0010105835972353816,-0.0004983296385034919,-0.0002809019642882049,-0.0007212815107777715,0.005172819830477238,0.004729625303298235,0.009836029261350632,0.015280318446457386,0.013989400118589401,0.010621984489262104,0.012878836132586002,0.011740160174667835,0.011206811293959618,0.011775118298828602,0.011814695782959461,0.010687178000807762,0.012281564064323902,0.009318395517766476,0.008193258196115494,0.005073638167232275,0.00977301225066185,0.006629751995205879,0.007560348603874445
SBAC,7,2026-04-07 15:15:00+00:00,11:15,0.0075529697351157665,up,0.0016440883046016097,-0.0006690147565677762,-0.0024779655504971743,0.0022332777734845877,-0.0036780533846467733,-0.005134503357112408,-0.009708636440336704,-0.00802556797862053,-0.010623246431350708,-0.011387667618691921,-0.008074161596596241,-0.007198081351816654,-0.009411654435098171,-0.008692692033946514,-0.007899381220340729,-0.005219342652708292,-0.005341309122741222,-0.004345385357737541,-0.002207857556641102,-0.0006563144852407277,-0.0014499860117211938,-0.004175011068582535,-0.0010303108720108867,0.003673149738460779,0.003797483164817095,0.0075529697351157665
EIX,7,2026-04-07 15:15:00+00:00,11:15,0.007532389368861914,up,0.0012474395334720612,0.004655254073441029,0.006977406330406666,0.007112401071935892,0.004855112172663212,0.001113536418415606,0.002079893136397004,0.005281923804432154,0.0032147327437996864,0.005195360630750656,0.010902514681220055,0.003777215490117669,0.0062641180120408535,0.0051133292727172375,0.008294684812426567,0.006391800940036774,0.006601766683161259,0.0003495550772640854,0.005216959398239851,0.005357961170375347,0.005281602032482624,-0.0020769869443029165,-0.0009169045370072126,0.0005032360786572099,0.0030330547597259283,0.007532389368861914
AMCR,7,2026-04-07 15:15:00+00:00,11:15,0.00732462340965867,up,-0.006704638712108135,0.0006349511677399278,0.0018755916971713305,0.007009509485214949,0.003997946158051491,0.004124474246054888,-0.004087725654244423,-0.00615991186350584,-0.0028893165290355682,-0.006080540828406811,-0.005226737353950739,-0.0012278243666514754,0.002250043209642172,0.00045808544382452965,-0.0011177371488884091,-0.001954654697328806,0.001313847373239696,0.001214867806993425,0.0035822561476379633,0.0012317646760493517,0.0035625328309834003,0.0019594128243625164,0.004223528318107128,0.006912842858582735,0.004761356394737959,0.00732462340965867
V,7,2026-04-07 15:15:00+00:00,11:15,0.007268062327057123,up,0.0012703241081908345,0.0020015081390738487,0.002395279472693801,0.0037733048666268587,0.003430289449170232,0.0017761350609362125,0.0015685433754697442,0.0015479311114177108,0.0009152987622655928,-0.001209225389175117,0.002173080574721098,0.0035155925434082747,0.0024456032551825047,0.0020090655889362097,0.0032482738606631756,0.003248734399676323,0.004272750578820705,0.004387904889881611,0.003890064312145114,0.0029090065509080887,0.0032339643221348524,0.0008107613539323211,-0.0002737011818680912,0.0017358993645757437,0.002152014058083296,0.007268062327057123
FOX,7,2026-04-07 15:15:00+00:00,11:15,0.007155907806009054,up,-0.0034516751766204834,-0.0017087780870497227,-0.0011992808431386948,0.00182161177508533,-0.0008516371017321944,-0.00018541445024311543,-0.004579313565045595,-0.004873755853623152,-0.0018450296483933926,-0.0023114297073334455,-0.0011951576452702284,0.0005153749953024089,0.0009157476015388966,0.0016575476620346308,0.002333056880161166,0.00023865929688327014,0.004535831045359373,0.003207395551726222,0.002778829075396061,0.004526128061115742,0.0026392601430416107,0.001820566481910646,0.0015195549931377172,0.006446633487939835,0.00571540929377079,0.007155907806009054
FANG,7,2026-04-07 15:15:00+00:00,11:15,0.0070813484489917755,up,-0.005981002934277058,-0.007263376843184233,-0.007338845636695623,-0.004366500768810511,-0.003110419027507305,-0.0049466160126030445,-0.00707341730594635,-0.0022448147647082806,-0.004887773189693689,-0.0027815820649266243,0.0012461929582059383,0.002842043759301305,0.0035418320912867785,0.0026088356971740723,0.0044084032997488976,-0.0003355153021402657,0.005972542334347963,0.005937051028013229,0.00373582961037755,0.004333933815360069,0.002311395015567541,-0.0005388315767049789,-0.0016294700326398015,0.0020425564143806696,0.0026027082931250334,0.0070813484489917755
MS,7,2026-04-07 15:15:00+00:00,11:15,0.007056455593556166,up,-0.0005826936103403568,0.001447671209461987,-0.0014373173471540213,0.003777006408199668,0.002308547729626298,0.001862529432401061,-0.0042877281084656715,0.0018584656063467264,-0.0013488119002431631,5.2025399781996384e-05,0.00435945438221097,0.004555466119199991,0.0050219581462442875,0.004364910535514355,0.005417670588940382,0.004543699324131012,0.0058523849584162235,0.004890508484095335,0.0038104557897895575,0.0024085892364382744,0.002584557980298996,-0.000565529044251889,0.002248279517516494,0.007790244650095701,0.007816150784492493,0.007056455593556166
SNDK,7,2026-04-07 15:15:00+00:00,11:15,0.0069143204018473625,up,0.0038739764131605625,-0.012167158536612988,-0.011097953654825687,4.698153134086169e-06,-0.00499908858910203,-0.01508992351591587,-0.015095324255526066,-0.007116730324923992,-0.009244789369404316,-0.002276877174153924,0.0003153264115098864,0.002702986355870962,0.0010334361577406526,-0.0021018499974161386,-0.001448276685550809,-0.003970199264585972,-0.008224460296332836,-0.011342767626047134,-0.006745422724634409,-0.0034509648103266954,-0.012589930556714535,-0.01925029791891575,-0.01703752391040325,-0.011570621281862259,-0.009155603125691414,0.0069143204018473625
BMY,7,2026-04-07 15:15:00+00:00,11:15,0.006879894994199276,up,3.997188832727261e-05,0.00537773035466671,0.0041192020289599895,0.009437331929802895,0.008235134184360504,0.008650420233607292,0.002415645634755492,0.0018555669812485576,-0.0010146729182451963,-0.002471802057698369,-0.001148482784628868,0.0011825356632471085,0.0009792651981115341,0.003845355473458767,0.004747147671878338,0.004504940006881952,0.005844469182193279,0.0020292869303375483,0.003950536251068115,0.0019916349556297064,0.0017339575570076704,-0.0008025131537579,0.00041139559471048415,0.0037187375128269196,0.0012558253947645426,0.006879894994199276
VLO,7,2026-04-07 15:15:00+00:00,11:15,0.006875776685774326,up,-0.003307253820821643,-0.003066931152716279,-0.005752299912273884,-0.001989512238651514,-0.004539608955383301,-0.006152776535600424,-0.007821525447070599,-0.002668721368536353,-0.004635235294699669,0.0012050805380567908,0.006676186807453632,0.009235451929271221,0.0031072271522134542,0.0039042283315211535,0.004279605112969875,0.003914302214980125,0.005916275084018707,0.007409682963043451,0.004451247397810221,0.006355710327625275,0.0017107621533796191,-0.0012555535649880767,-0.0022921934723854065,0.00289785279892385,0.003115701023489237,0.006875776685774326
ADI,7,2026-04-07 15:15:00+00:00,11:15,0.00653771311044693,up,-0.005822441540658474,-0.004302495624870062,-0.007262955419719219,-0.0030907033942639828,-0.0036084430757910013,-0.005086272489279509,-0.006577987689524889,-0.0038849578704684973,-0.006437693256884813,-0.003564750077202916,-0.0019813247490674257,-0.0010629779426380992,-0.0014911205507814884,-0.0004090164147783071,-0.00013680146366823465,-0.002237070584669709,-0.0010406235232949257,-0.0011215627891942859,-0.0016170970629900694,-0.0012160897022113204,-0.0002601316664367914,-0.0037916898727416992,-0.004412931855767965,-0.0007745638722553849,-0.00266898050904274,0.00653771311044693
AAPL,7,2026-04-07 15:15:00+00:00,11:15,0.006448652129620314,up,-0.007894543930888176,-0.010276995599269867,-0.015130679123103619,-0.012810865417122841,-0.015395018272101879,-0.01643247716128826,-0.014776076190173626,-0.011439613997936249,-0.014346207492053509,-0.01352075207978487,-0.010651368647813797,-0.0048981960862874985,-0.005888208746910095,-0.006398098077625036,-0.0026355658192187548,-0.004745807498693466,-0.004917466547340155,-0.00538671063259244,-0.005421005189418793,-0.005054691340774298,-0.008988508954644203,-0.010288257151842117,-0.010651159100234509,-0.0036217428278177977,-0.003903753589838743,0.006448652129620314
AVGO,7,2026-04-07 15:15:00+00:00,11:15,0.006082912441343069,up,-0.013172568753361702,-0.02958030067384243,-0.03453049063682556,-0.026766393333673477,-0.028733553364872932,-0.032236892729997635,-0.029317308217287064,-0.024885788559913635,-0.024508409202098846,-0.018518930301070213,-0.015127367340028286,-0.010689942166209221,-0.005504890810698271,-5.802576197311282e-05,0.002141559263691306,-0.005753331817686558,0.002804767806082964,0.0006990802357904613,-8.524068834958598e-05,-0.00024506132467649877,-0.0029389774426817894,-0.008456220850348473,-0.010794859379529953,-0.004015031736344099,-0.0009566038497723639,0.006082912441343069
JPM,7,2026-04-07 15:15:00+00:00,11:15,0.005915502086281776,up,-0.0014634205726906657,-0.0019174048211425543,-0.0032187539618462324,0.0009366310550831258,0.0011776624014601111,-0.000949250883422792,-0.0025319315027445555,-0.0027964452747255564,-0.0037573801819235086,-0.0028085894882678986,-0.00019834584963973612,0.001110958051867783,0.0010115051409229636,1.9933977455366403e-05,0.0007628670427948236,0.00013389629020821303,0.0009063741308636963,0.0002961470454465598,0.0011777778854593635,0.0009616518509574234,0.0015840750420466065,-0.0009587171371094882,0.0017589018680155277,0.002326088724657893,0.00209597684442997,0.005915502086281776
HSIC,7,2026-04-07 15:15:00+00:00,11:15,0.005884397309273481,up,0.00721663748845458,0.007790046744048595,0.00638213288038969,0.004692487884312868,0.011680839583277702,0.0073967138305306435,0.008553212508559227,0.006602198351174593,0.005862985271960497,0.004374072887003422,0.0010950054274871945,0.0028821262530982494,0.0022365297190845013,0.0019395003328099847,0.007588421925902367,0.0018996731378138065,0.0037526926025748253,0.0041371905244886875,0.004030613694339991,0.003223498584702611,0.0035476747434586287,0.002608480164781213,-0.000151090367580764,0.006211990024894476,0.002924637170508504,0.005884397309273481
AMAT,7,2026-04-07 15:15:00+00:00,11:15,0.0057089864276349545,up,-0.010223482735455036,-0.011333649978041649,-0.017263052985072136,-0.010377500206232071,-0.012437508441507816,-0.01657704822719097,-0.018423017114400864,-0.011660520918667316,-0.013405019417405128,-0.010037176311016083,-0.005624835845082998,-0.007236812263727188,-0.00476452149450779,-0.004863722249865532,-0.006173837464302778,-0.010031118057668209,-0.008204980753362179,-0.011271717958152294,-0.010336274281144142,-0.010478141717612743,-0.011562223546206951,-0.015118341892957687,-0.013011647388339043,-0.0036766640841960907,-0.007565939333289862,0.0057089864276349545
MU,7,2026-04-07 15:15:00+00:00,11:15,0.005659179296344519,up,-0.007247635163366795,-0.01681615598499775,-0.022257603704929352,-0.015998264774680138,-0.017860127612948418,-0.023289384320378304,-0.022470250725746155,-0.019242458045482635,-0.020204858854413033,-0.018075989559292793,-0.011979985050857067,-0.009707952849566936,-0.004389140289276838,-0.006245470605790615,-0.005446567665785551,-0.008223297074437141,-0.009929667226970196,-0.008298891596496105,-0.012083617970347404,-0.00865244958549738,-0.012570935301482677,-0.018320506438612938,-0.01588410511612892,-0.011611186899244785,-0.006292307749390602,0.005659179296344519
DVN,7,2026-04-07 15:15:00+00:00,11:15,0.005648601800203323,up,0.0038629325572401285,0.010218099690973759,0.011970275081694126,0.011422582902014256,0.013413641601800919,0.013723046518862247,0.009649968706071377,0.006256537977606058,0.005953643005341291,0.0038730569649487734,0.003840275341644883,0.0035510966554284096,-0.0004292127850931138,0.0003213515446987003,0.004987131338566542,0.004010617267340422,0.0019143169047310948,0.0035041887313127518,0.0034359050914645195,0.004005335737019777,0.004904674831777811,0.005044115707278252,0.003452436299994588,0.007240557111799717,0.005741661414504051,0.005648601800203323
CMG,7,2026-04-07 15:15:00+00:00,11:15,0.005450301803648472,up,-0.0050249178893864155,0.00522981770336628,0.0010135843185707927,0.0051456899382174015,0.0004765720514114946,-0.0018230448476970196,-0.007142266724258661,-0.005685050040483475,-0.005500458180904388,-0.0039046562742441893,-0.002912332769483328,-0.0003136990999337286,0.0012344716815277934,0.0027491820510476828,0.0006642536609433591,-0.0002143347228411585,0.0027934089303016663,0.002069100271910429,0.002100850222632289,0.00016418217273894697,0.0016752755036577582,-0.0019065005471929908,-0.001131645985879004,0.00500867934897542,0.0031104041263461113,0.005450301803648472
FE,7,2026-04-07 15:15:00+00:00,11:15,0.005375263746827841,up,7.694141822867095e-05,0.0021079229190945625,0.0018449436174705625,0.0044797989539802074,0.007107510697096586,0.005363609176129103,0.004520664922893047,0.0038320499006658792,0.0047711399383842945,0.0035780910402536392,0.004619033541530371,0.004847509786486626,0.004164299927651882,0.00337320938706398,0.004514018539339304,0.004011913668364286,0.005667576100677252,0.0064092399552464485,0.007548335939645767,0.007632571272552013,0.007843397557735443,0.006476105190813541,0.006390439346432686,0.008083339780569077,0.006549570709466934,0.005375263746827841
VRT,7,2026-04-07 15:15:00+00:00,11:15,0.005343776196241379,up,-0.007174368016421795,-0.011658133007586002,-0.012768021784722805,-0.011085344478487968,-0.010539759881794453,-0.011425856500864029,-0.01613965816795826,-0.009191027842462063,-0.014072510413825512,-0.006362683605402708,-0.003000174881890416,-0.0003221821098122746,-0.00043734940118156374,-0.002605980960652232,-0.004049931187182665,-0.005852449685335159,-0.003948565106838942,-0.005805354565382004,-0.007211635820567608,-0.009626120328903198,-0.01267908699810505,-0.016194626688957214,-0.013448596000671387,-0.004446611274033785,-0.004546253010630608,0.005343776196241379
PSX,7,2026-04-07 15:15:00+00:00,11:15,0.005244905594736338,up,-0.00026427643024362624,0.005370906554162502,0.0043805851601064205,0.0018913184758275747,0.002834053011611104,-0.0006208879058249295,0.0006997472955845296,-0.004093773663043976,-0.000898448342923075,-0.0006180056370794773,-0.0016677414532750845,-0.003733198856934905,-0.0034905492793768644,-0.0022780862636864185,-0.0027094564866274595,0.0003416825202293694,-0.0025410556700080633,-0.0022252623457461596,-0.004069214221090078,-0.0019013803685083985,0.0009307947475463152,-0.004633312113583088,-0.004836706444621086,0.0004878995823673904,0.00047422252828255296,0.005244905594736338
TMUS,7,2026-04-07 15:15:00+00:00,11:15,0.0052439081482589245,up,0.0011785848764702678,0.0039079380221664906,0.003743315814062953,0.004795566666871309,0.006862064823508263,0.0048492043279111385,0.00702860439196229,0.009865733794867992,0.0070029813796281815,0.008184395730495453,0.009146550670266151,0.008720654994249344,0.005159720312803984,0.006520335096865892,0.008733673952519894,0.007948797196149826,0.008190248161554337,0.008186865597963333,0.008557424880564213,0.006089013069868088,0.007090901490300894,0.006023551803082228,0.007327168248593807,0.006455521564930677,0.007674035616219044,0.0052439081482589245
LII,7,2026-04-07 15:15:00+00:00,11:15,0.00523577444255352,up,-0.005784301552921534,0.00018596064182929695,-0.004429653752595186,6.183379809954204e-06,-0.0006241304217837751,-0.0020433752797544003,-0.002992176916450262,-0.0031709414906799793,-0.004118109121918678,-0.005950422491878271,-0.002673742827028036,-0.0027132139075547457,-0.002941005164757371,-0.003976446110755205,-0.003294317051768303,-0.0035685126204043627,-0.0008374386234208941,-0.001142180641181767,-0.0020903830882161856,-0.002095860196277499,-0.0017938358942046762,-0.0029521193355321884,-0.003327422309666872,0.0006511302199214697,-0.0001470433926442638,0.00523577444255352
PYPL,7,2026-04-07 15:15:00+00:00,11:15,0.005193028599023819,up,-0.002689777873456478,-0.00020368713012430817,-0.001252403249964118,0.0036975459661334753,-0.0007980162627063692,-0.0024833157658576965,-0.003037405898794532,-0.00014807312982156873,-0.002452754881232977,-0.0023012550082057714,-0.0008884529233910143,-0.0004230401827953756,-0.0010158902732655406,0.003210199298337102,0.0019421473843976855,0.0014658723957836628,0.002978053642436862,-0.0009815027005970478,0.00047673837980255485,0.00021752594329882413,0.000865213165525347,-0.0039881374686956406,-0.000993685913272202,0.001512947608716786,0.000865244132000953,0.005193028599023819
ECL,7,2026-04-07 15:15:00+00:00,11:15,0.005132257007062435,up,0.005374400410801172,0.004552561789751053,0.0032060625962913036,0.0033945939503610134,0.004365416243672371,0.0014754048315808177,-0.0002164525503758341,-0.000701193930581212,-0.0034474623389542103,-0.0015674664173275232,0.0008890930912457407,0.003515480784699321,0.00027953748940490186,-0.0005713601130992174,-0.003465226385742426,-0.0009713003528304398,0.001582206692546606,-0.000953670940361917,0.0018547482322901487,0.0007113256142474711,-8.322317444253713e-05,-0.002747118938714266,-0.0021980043966323137,0.0014401080552488565,-0.00238068331964314,0.005132257007062435
LYV,7,2026-04-07 15:15:00+00:00,11:15,0.005053618457168341,up,-0.00023840027279220521,0.0015130887040868402,-0.0008052096236497164,0.0016989503055810928,0.0016887038946151733,0.0002666519721969962,-0.002627898473292589,0.0005172347300685942,-0.0016316813416779041,-0.00014271368854679167,-5.857847554580076e-06,0.002293969038873911,0.002349179470911622,0.002151983557268977,0.0006829350022599101,0.0007815256831236184,0.003449998563155532,0.0034732217900455,0.0016491705318912864,-0.0002783356758300215,-0.0013287871843203902,-0.0016475551528856158,-0.002659874502569437,-0.00019229525059927255,-0.00543141970410943,0.005053618457168341
NVDA,7,2026-04-07 15:15:00+00:00,11:15,0.005046621430665255,up,-0.00646063219755888,-0.010886326432228088,-0.01849980093538761,-0.013072668574750423,-0.015428592450916767,-0.017289424315094948,-0.013971489854156971,-0.010956327430903912,-0.011030040681362152,-0.007809709291905165,-0.004016682039946318,-0.005793373100459576,-0.007674727123230696,-0.006126341875642538,-0.005993354599922895,-0.005260061472654343,-0.0062200226821005344,-0.004275302402675152,-0.005893311463296413,-0.005785806104540825,-0.0064209322445094585,-0.008945712819695473,-0.005217097699642181,-0.0022064526565372944,1.5909210560494103e-05,0.005046621430665255
TSLA,7,2026-04-07 15:15:00+00:00,11:15,0.004869644530117512,up,-0.012300198897719383,-0.016750730574131012,-0.02283518575131893,-0.019932271912693977,-0.02304394356906414,-0.026557330042123795,-0.023690614849328995,-0.02337384596467018,-0.025945577770471573,-0.02611079066991806,-0.02325867861509323,-0.020283084362745285,-0.018566308543086052,-0.01583811640739441,-0.015939047560095787,-0.018226610496640205,-0.015400425530970097,-0.01501812320202589,-0.016519084572792053,-0.013277288526296616,-0.018530387431383133,-0.022458145394921303,-0.022966308519244194,-0.01650005392730236,-0.011488253250718117,0.004869644530117512
USB,7,2026-04-07 15:15:00+00:00,11:15,0.004625329747796059,up,-0.0005601851153187454,0.0018439257983118296,0.0003877969866152853,0.0028387729544192553,0.0008484075078740716,0.002136166440322995,-0.0012607952812686563,-0.00036951241781935096,0.0005854766932316124,0.0010582782560959458,0.0016668281750753522,0.0013436954468488693,0.0009312210022471845,9.606419189367443e-05,0.0030933870002627373,0.00114796357229352,0.002495509572327137,0.0014440878294408321,0.0026819894555956125,0.0033719916827976704,0.002885202644392848,0.0021773078478872776,0.0008645265479572117,0.00536208413541317,0.0034345118328928947,0.004625329747796059
FSLR,7,2026-04-07 15:15:00+00:00,11:15,0.004566539544612169,up,-0.00301187951117754,-0.001369265839457512,-0.003004362341016531,-0.002072447445243597,-0.005529436748474836,-0.004321786109358072,-0.010313988663256168,-0.006644659675657749,-0.009663041681051254,-0.007306799758225679,-0.006087147165089846,-0.0035662727896124125,-0.0026283888146281242,-0.004619316663593054,-0.005080850329250097,-0.007314678281545639,-0.002578271785750985,-0.0036392088513821363,-0.007081450428813696,-0.006129040848463774,-0.009451267309486866,-0.010744120925664902,-0.007076788228005171,0.0009479541913606226,0.002137505915015936,0.004566539544612169
TECH,7,2026-04-07 15:15:00+00:00,11:15,0.004549723584204912,up,-6.535385182360187e-05,0.004546607378870249,0.002466698409989476,0.00429616030305624,9.4878550953581e-06,0.0018680270295590162,-0.0009150906116701663,-0.0016664431896060705,-0.0019641548860818148,-0.0012606143718585372,-0.0019861282780766487,-0.0032488233409821987,-0.004423398990184069,-0.0002294618170708418,0.0013182605616748333,-0.00039901246782392263,0.00016621632676105946,-0.00024133536498993635,-0.00227910652756691,0.0006637190817855299,-0.00043877720599994063,-0.002546256873756647,-0.001959127839654684,0.004095915239304304,0.0019394825212657452,0.004549723584204912
ABBV,7,2026-04-07 15:15:00+00:00,11:15,0.004497764632105827,up,-0.0006178827024996281,-0.001985910814255476,-0.003230299334973097,0.00034383629099465907,0.001568961190059781,-0.002797140972688794,-0.0059402622282505035,-0.0020548587199300528,-0.0058021931909024715,0.0012520402669906616,0.0006892033852636814,0.0037913767155259848,-0.003952797502279282,-0.0022858697921037674,-0.0017089296597987413,-0.0029551959596574306,-0.00048469542525708675,0.0006442455342039466,-0.002257864223793149,0.0018005649326369166,0.00023108202731236815,-0.0019303022418171167,-0.00010305034084012732,0.0016267745522782207,0.0019515478052198887,0.004497764632105827
HAL,7,2026-04-07 15:15:00+00:00,11:15,0.0042664725333452225,up,-0.0028010327368974686,-0.004156147129833698,-0.006221212446689606,-0.004570523742586374,-0.010417589917778969,-0.011011972092092037,-0.014401032589375973,-0.013302428647875786,-0.015426351688802242,-0.011248341761529446,-0.010002072900533676,-0.005451466888189316,-0.005583110265433788,-0.006514315027743578,-0.004130223300307989,-0.003965619020164013,-0.0066795083694159985,-0.005597293376922607,-0.007524004206061363,-0.008967647328972816,-0.006840270943939686,-0.006637293845415115,-0.0019774974789470434,0.0034020079765468836,0.0023756870068609715,0.0042664725333452225
FIX,7,2026-04-07 15:15:00+00:00,11:15,0.004242539871484041,up,0.0034973144065588713,-0.0032366628292948008,-0.0005485552828758955,5.0279690185561776e-05,0.004450628999620676,0.00188266986515373,0.00023567071184515953,0.00250682863406837,-0.0025371145457029343,0.00012517962022684515,0.00308622932061553,0.002760444302111864,0.0019513973966240883,0.0032250741496682167,0.0022029723040759563,0.0005951468483544886,0.002450956730172038,0.000634923460893333,-0.0014586606994271278,-0.0007126198033802211,-0.0024360481183975935,-0.0025544867385178804,-0.0021040807478129864,0.00015900233120191842,-0.00012536466238088906,0.004242539871484041
DASH,7,2026-04-07 15:15:00+00:00,11:15,0.0041979337111115456,up,-0.008899146690964699,-0.004228102043271065,-0.011501102708280087,-0.011172870174050331,-0.01148921623826027,-0.012236769311130047,-0.013674956746399403,-0.009540395811200142,-0.009668372571468353,-0.007636233698576689,-0.006714195478707552,-0.004719473887234926,-0.004109134431928396,-0.0037573217414319515,-0.0029353718273341656,-0.004177862778306007,-0.00026773641002364457,-0.002830817364156246,-0.002237919485196471,-0.003256369847804308,-0.0015796024817973375,-0.006653508637100458,-0.0066729760728776455,-0.0023619327694177628,-0.0006707008578814566,0.0041979337111115456
PSA,7,2026-04-07 15:15:00+00:00,11:15,0.004144985228776932,up,0.0031420383602380753,0.005919177550822496,0.0060379961505532265,0.005869707092642784,0.009395032189786434,0.008628904819488525,0.0070250690914690495,0.006916915997862816,0.00717242993414402,0.003409557044506073,0.006191179156303406,0.006980797741562128,0.00852450355887413,0.0071153799071908,0.006096462719142437,0.0029625750612467527,0.0063885473646223545,0.004071075934916735,0.004498572554439306,0.005169089417904615,0.004327675327658653,0.0028466596268117428,-0.0009345040307380259,0.001995227299630642,0.0006786062149330974,0.004144985228776932
WAB,7,2026-04-07 15:15:00+00:00,11:15,0.00410439632833004,up,-0.0011771676363423467,0.0004696425166912377,0.00012837914982810616,0.0014273369451984763,0.0020191906951367855,0.0015082464087754488,-0.0008383570238947868,0.0009538711747154593,0.00015824004367459565,0.0013649023603647947,0.003923851530998945,0.004552370868623257,0.0046828738413751125,0.00489626731723547,0.004855661652982235,0.003524722997099161,0.004968675319105387,0.005415503401309252,0.0038731000386178493,0.0035129201132804155,0.0016425498761236668,-3.061053575947881e-05,0.0012009864440187812,0.003865793813019991,0.0016829728847369552,0.00410439632833004
CHRW,7,2026-04-07 15:15:00+00:00,11:15,0.004073753487318754,up,-0.002022993750870228,0.0003412160440348089,-0.0026746925432235003,6.645168468821794e-06,-0.0020982816349714994,-0.003066442906856537,-0.005069350823760033,-0.003600055817514658,-0.006419732701033354,-0.007060919888317585,-0.0065231481567025185,-0.0050029875710606575,-0.005846147425472736,-0.004151801113039255,-0.004356780089437962,-0.005267857573926449,-0.0038101819809526205,-0.0048476033844053745,-0.006015399005264044,-0.006328165531158447,-0.00571603374555707,-0.0044561717659235,-0.001987071707844734,0.0016633968334645033,-0.0015115456189960241,0.004073753487318754
GEHC,7,2026-04-07 15:15:00+00:00,11:15,0.004043467342853546,up,-0.006970829796046019,-0.004668831825256348,-0.005956045817583799,-0.0026087258011102676,-0.003464012173935771,-0.005645451135933399,-0.011682876385748386,-0.011036591604351997,-0.010875885374844074,-0.013910433277487755,-0.01345181092619896,-0.008580711670219898,-0.003113796468824148,-0.0013302455190569162,-0.0024119883310049772,-0.004367615096271038,-0.0010814679553732276,0.0001276352850254625,-0.001151137170381844,-0.0015352589543908834,-0.0033730738796293736,-0.004407310858368874,-0.003867683932185173,0.0006973149138502777,-0.0023615765385329723,0.004043467342853546
KLAC,7,2026-04-07 15:15:00+00:00,11:15,0.004010311793535948,up,0.002347439294680953,-0.0018070073565468192,0.00012394420627970248,0.0022828271612524986,0.005179541651159525,0.0015408397885039449,0.0010785805061459541,0.00268168980255723,-0.0017453671898692846,0.001586210448294878,0.002296498976647854,0.0034201310481876135,0.0022265228908509016,0.0011138890404254198,0.0015615015290677547,0.0006541197071783245,0.00033505455940030515,-0.0024348353035748005,0.00011825132241938263,0.003516196506097913,-0.0028179031796753407,-0.005338588729500771,-0.004254684317857027,-0.0006006406038068235,-0.003256821073591709,0.004010311793535948
DVA,7,2026-04-07 15:15:00+00:00,11:15,0.004005490802228451,up,-0.0028706537559628487,-0.0004576743522193283,-0.0007925277459435165,0.0005376266199164093,0.001571238273754716,-0.0001819193857954815,-0.002136010443791747,-0.0016220950055867434,-0.002275361679494381,-0.002376519376412034,-0.0003521569014992565,0.0007069677230902016,0.00035295606357976794,0.0005683209164999425,0.00011618917778832838,-0.0009963532211259007,0.0019915837328881025,0.0026985323056578636,0.0012990933610126376,0.0010764049366116524,1.2615296327567194e-05,-0.001612985972315073,-0.001511711161583662,0.0014864802360534668,0.0016990104923024774,0.004005490802228451
HCA,7,2026-04-07 15:15:00+00:00,11:15,0.00390914361923933,up,-0.00296787079423666,-0.00109649368096143,-0.0013159287627786398,0.001384164672344923,0.0025569384451955557,0.002280449029058218,-0.000953923212364316,-0.002061364473775029,-0.002379156183451414,-0.001077358378097415,0.0016892129788175225,0.0024610774125903845,0.001885049743577838,0.0010732881492003798,0.0012923183385282755,0.0020400099456310272,0.004263029899448156,0.004353396128863096,0.0035060506779700518,0.00429772911593318,0.002574693877249956,0.0006370401824824512,-0.0007000275072641671,0.002062777290120721,0.0016875138971954584,0.00390914361923933
NUE,7,2026-04-07 15:15:00+00:00,11:15,0.003756730118766427,up,-0.006727623753249645,-0.005432456731796265,-0.00781225273385644,-0.0039936029352247715,-0.003935661166906357,-0.00675156619399786,-0.010489200241863728,-0.007150187157094479,-0.008642191998660564,-0.005287806503474712,0.0008758832118473947,0.00048377594794146717,0.0023604242596775293,0.0019802995957434177,0.002337403828278184,-0.0010756540577858686,0.000488787773065269,0.0022558255586773157,-0.000535034982021898,0.0006339436513371766,-0.00015462632291018963,-0.0043978276662528515,-0.004251284059137106,0.00016942912770900875,-0.0007232339703477919,0.003756730118766427
CDNS,7,2026-04-07 15:15:00+00:00,11:15,0.0037360931746661663,up,0.003578941337764263,0.00335102342069149,-0.0013238668907433748,0.0012081887107342482,-0.0059262532740831375,-0.007661850191652775,-0.011745891533792019,-0.0076229688711464405,-0.006917022634297609,-0.008247347548604012,-0.0048106350004673,-0.0005026924191042781,0.0015434056986123323,-0.0012972640106454492,-0.002558239968493581,-0.0018957016291096807,0.0034675898496061563,0.0029768473468720913,0.005244573578238487,0.0021655301097780466,0.0003319425159133971,-0.0036440223921090364,-0.001992305973544717,0.002295868471264839,-0.0009256948251277208,0.0037360931746661663
OMC,7,2026-04-07 15:15:00+00:00,11:15,0.003718134481459856,up,0.0047194319777190685,0.004481628071516752,0.004491320811212063,0.007002139929682016,0.008603076450526714,0.007215807680040598,0.005668476223945618,0.0047816624864935875,0.0060575054958462715,0.005104861222207546,0.00698899757117033,0.012817972339689732,0.00803171657025814,0.008457384072244167,0.010121694765985012,0.005783479660749435,0.008941750042140484,0.00843377597630024,0.005502461921423674,0.003586583072319627,0.004475696478039026,0.0041513871401548386,0.0031363158486783504,0.008788703940808773,0.00466550188139081,0.003718134481459856
BKR,7,2026-04-07 15:15:00+00:00,11:15,0.0036654046270996332,up,0.003830293193459511,0.002307406859472394,-0.001542844227515161,-0.00010711888899095356,-0.00018333514162804931,-0.001949509372934699,-0.004864558577537537,-0.0008518053800798953,-0.0023743794299662113,-0.0026490050368010998,-0.00112620007712394,-0.0011758706532418728,-0.0006860299035906792,-0.0002562774170655757,0.0010983654065057635,-2.8929973268532194e-05,0.0019295461243018508,0.001987513154745102,-0.00010055284656118602,-0.0017362500075250864,0.0006120059988461435,-0.0025452720001339912,-0.001402445137500763,0.00246795522980392,-0.0007095160544849932,0.0036654046270996332
WTW,7,2026-04-07 15:15:00+00:00,11:15,0.0036125993356108665,up,0.003148449119180441,0.00705496221780777,0.006498005241155624,0.006261827424168587,0.007715919055044651,0.0061462027952075005,0.004488174803555012,0.004941669292747974,0.004053106997162104,-0.0004361140890978277,0.001465370412915945,0.0035293286200612783,0.002434126101434231,0.001555130467750132,0.0009389554033987224,0.0008794568129815161,0.003388168988749385,0.0026497829239815474,0.002650958951562643,0.004129991866648197,0.00262849242426455,1.2671873264480382e-05,-0.0015757709043100476,0.0019656214863061905,0.00011579944839468226,0.0036125993356108665
MOS,7,2026-04-07 15:15:00+00:00,11:15,0.003591621294617653,up,0.002342095598578453,0.004514211788773537,0.0031761645805090666,0.006312836427241564,0.004183682147413492,0.003787943162024021,-0.001174155855551362,-0.0012248599668964744,-0.0028203544206917286,-0.0037783351726830006,-0.00024049841158557683,0.0018706105183809996,0.0014977771788835526,0.002014896832406521,0.003238247474655509,0.002360842190682888,0.0034257739316672087,0.003632865846157074,0.001976283034309745,0.0008768183761276305,0.001602016855031252,7.354722765740007e-05,0.00024874144583009183,0.0037993097212165594,0.002252820646390319,0.003591621294617653
XOM,7,2026-04-07 15:15:00+00:00,11:15,0.0035666043404489756,up,0.0046305544674396515,0.0100423414260149,0.00816777441650629,0.009572098031640053,0.00935681164264679,0.006993947084993124,0.005383816547691822,0.007284208666533232,0.005457580089569092,0.004171243868768215,0.005636785179376602,0.003716439940035343,-0.0027454865630716085,-0.000660762598272413,9.615789167582989e-05,-0.0006396589451469481,-0.0062731411308050156,-0.0049318973906338215,-0.003838626202195883,-0.0036206981167197227,-0.0026754532009363174,-0.002350801834836602,0.00193029607180506,0.004864892456680536,0.005421217530965805,0.0035666043404489756
MPWR,7,2026-04-07 15:15:00+00:00,11:15,0.0035521008539944887,up,0.00153973582200706,-0.005062825046479702,-0.0024341950193047523,-0.0012248256243765354,0.0013958631316199899,-0.0013785262126475573,-0.002646492328494787,0.00012185986997792497,-0.004941900260746479,-0.001292561530135572,-0.000281147746136412,-0.0013383602490648627,-0.001502692117355764,-0.0023259874433279037,-0.0010757989948615432,-0.002829961711540818,-0.001953922212123871,-0.001340735238045454,-0.0030006514862179756,-0.0005606166087090969,-0.0030676480382680893,-0.00570258591324091,-0.003737367456778884,-0.002037015976384282,-0.0009862318402156234,0.0035521008539944887
BLDR,7,2026-04-07 15:15:00+00:00,11:15,0.003459822852164507,up,0.0058029284700751305,0.014618313871324062,0.005786535330116749,0.01245243102312088,0.014626368880271912,0.008960211649537086,-0.00026777206221595407,0.0020527150481939316,0.005592069122940302,-0.0012319328961893916,0.000573907804209739,0.0010240908013656735,0.0015181797789409757,0.0013382997130975127,0.00016554820467717946,-0.002156565897166729,-0.0007283330196514726,-0.001668756827712059,-0.0020676003769040108,-0.0057641915045678616,-0.0059741479344666,-0.009121888317167759,-0.008597543463110924,-0.0009038976859301329,-0.0048011611215770245,0.003459822852164507
NDSN,7,2026-04-07 15:15:00+00:00,11:15,0.003427930409088731,up,0.0019367613131180406,0.004481129348278046,0.006244315300136805,0.006784829776734114,0.008679152466356754,0.006452699191868305,0.0040238178335130215,0.004594648722559214,0.0019274171208962798,0.0030511512886732817,0.0042215078137815,0.006150621455162764,0.0040696412324905396,0.004605533555150032,0.003961661830544472,0.0027199401520192623,0.004707525484263897,0.003130069002509117,0.0029210064094513655,0.0020500472746789455,0.0013129952130839229,-0.000371857633581385,-0.0009696516790427268,0.0018607372185215354,0.0007931656436994672,0.003427930409088731
MCHP,7,2026-04-07 15:15:00+00:00,11:15,0.003419009270146489,up,-0.011514272540807724,-0.005846594925969839,-0.003966762684285641,-0.0031546561513096094,-0.003050002735108137,-0.0030790255405008793,-0.007824242115020752,-0.00663674296811223,-0.00819311011582613,-0.009870530106127262,-0.006524873897433281,-0.005260060075670481,-0.005881741642951965,-0.003188362345099449,-0.0033272658474743366,-0.003294527530670166,-0.0009541214676573873,-0.0025170559529215097,-0.005603807978332043,-0.0043058316223323345,-0.004288273397833109,-0.005125470459461212,-0.00521851284429431,0.0020485620480030775,0.0016689454205334187,0.003419009270146489
AMGN,7,2026-04-07 15:15:00+00:00,11:15,0.0034118162002414465,up,-0.005761154927313328,-0.002156573347747326,-0.0048566157929599285,-0.003411384765058756,-0.0025814403779804707,-0.005692705512046814,-0.006834833882749081,-0.006365665700286627,-0.008235609158873558,-0.008283275179564953,-0.004752790555357933,-0.003595310030505061,-0.0029160482808947563,-0.0021399068646132946,-0.003166292794048786,-0.0016047207172960043,7.446356903528795e-06,-0.001708777155727148,-0.0026872511953115463,-0.0007370641105808318,0.0002701125049497932,-0.0025993378367275,-0.0032310527749359608,-0.0006304392009042203,-0.0026112066116183996,0.0034118162002414465
VLTO,7,2026-04-07 15:15:00+00:00,11:15,0.003374387975782156,up,-0.00016948499251157045,0.0011992612853646278,0.0006775435176678002,0.0011016963981091976,0.004879985935986042,0.004224724601954222,0.002182965399697423,0.002959923120215535,0.0030757421627640724,0.002940604230388999,0.0038348555099219084,0.004374817945063114,0.0041876668110489845,0.0033243559300899506,0.004395194351673126,0.0031879062298685312,0.0038519056979566813,0.003998101223260164,0.0034729521721601486,0.004187338519841433,0.004742384422570467,0.0031603830866515636,0.0024125135969370604,0.005142115987837315,0.0034352103248238564,0.003374387975782156
CRL,7,2026-04-07 15:15:00+00:00,11:15,0.003310921834781766,up,0.0025567878037691116,0.0018725136760622263,-0.0016620882088318467,-0.0006421495345421135,0.0010551514569669962,-0.0016787807689979672,-0.0046110693365335464,-0.003041692776605487,-0.0043876077979803085,-0.002838175045326352,-0.0008764322847127914,-0.0017628212226554751,-0.003323525423184037,-0.0024058653507381678,-0.0015840050764381886,-0.002969050547108054,0.0007392390398308635,-0.00013517764455173165,-0.0025339340791106224,-0.00024292960006278008,-0.0016386467032134533,-0.001108471187762916,0.0007831088732928038,0.0034267909359186888,-8.3640064985957e-05,0.003310921834781766
SNA,7,2026-04-07 15:15:00+00:00,11:15,0.0032913796603679657,up,0.0017996510723605752,0.0045632533729076385,0.003139916341751814,0.004617109429091215,0.0071960859932005405,0.005300976801663637,0.0036764908581972122,0.0026841992512345314,0.0018462167354300618,0.00284445658326149,0.0039001405239105225,0.005002652760595083,0.004539827816188335,0.004823399242013693,0.003205494489520788,0.003793178591877222,0.004164737183600664,0.0039015430957078934,0.0010844250209629536,0.0010026944801211357,0.003304840298369527,0.0006010672077536583,0.00043324215221218765,0.0033931140787899494,0.0023959462996572256,0.0032913796603679657
CTSH,7,2026-04-07 15:15:00+00:00,11:15,0.003287393832579255,up,-0.0017475595232099295,0.0007904167869128287,-0.004118629265576601,-0.0017845628317445517,-0.005572945810854435,-0.005868152249604464,-0.008797768503427505,-0.005754743702709675,-0.007719303481280804,-0.007971965707838535,-0.005641474388539791,-0.0032216468825936317,-0.0023914899211376905,-0.00017846036644186825,2.3823004084988497e-06,-0.00168657919857651,0.001415547914803028,0.00024108917568810284,-0.001630202867090702,-0.002517575630918145,-0.0004109478904865682,-0.0029199121054261923,-0.002676199423149228,0.0015509544173255563,-0.0026387081015855074,0.003287393832579255
RL,7,2026-04-07 15:15:00+00:00,11:15,0.003154772100970149,up,-0.0017040164675563574,-0.0002398903452558443,-0.0024671799037605524,0.0018561433535069227,0.002357358578592539,0.00320208678022027,-0.0023161342833191156,-0.001487403642386198,-0.004578538704663515,-0.005599822849035263,-0.0035446693655103445,-0.0033992945682257414,-0.004556306637823582,-0.005035595968365669,-0.0037478585727512836,-0.006044791545718908,-0.0033336656633764505,-0.004181752447038889,-0.007043675519526005,-0.006554168649017811,-0.002504602773115039,-0.0035474076867103577,-0.0027822498232126236,-0.0001671066856943071,-0.0009269456495530903,0.003154772100970149
DPZ,7,2026-04-07 15:15:00+00:00,11:15,0.0031173790339380503,up,-0.0015171272680163383,-0.0023176437243819237,-0.003518474055454135,-0.0012815357185900211,-0.0009120344184339046,-0.0026441949885338545,-0.003600635100156069,-0.004342569503933191,-0.005312495864927769,-0.004800810478627682,-0.0028078584000468254,-0.0008943611173890531,-0.002073590876534581,-0.0018144717905670404,-0.0028733343351632357,-0.00341405114158988,-0.0016770431539043784,-0.0014620780711993575,-0.005083873867988586,-0.00462349783629179,-0.001201413106173277,-0.005414276383817196,-0.004288527183234692,-0.0022253054194152355,-0.0037103076465427876,0.0031173790339380503
BAC,7,2026-04-07 15:15:00+00:00,11:15,0.003102397546172142,up,-0.008021402172744274,-0.006692229304462671,-0.008838189765810966,-0.006515554152429104,-0.005793937481939793,-0.006791292689740658,-0.007306420244276524,-0.004301520995795727,-0.004580766428261995,-0.003912486135959625,-0.00217996328137815,-0.002596241654828191,-0.002232898259535432,-0.0013444707728922367,0.00011660593736451119,-0.0008471084292978048,0.0011505187721922994,0.0036296341568231583,0.002907260786741972,0.0007192952907644212,0.0012837122194468975,-6.605139060411602e-05,0.00045644608326256275,0.004024433437734842,0.003841319354251027,0.003102397546172142
OTIS,7,2026-04-07 15:15:00+00:00,11:15,0.0030863210558891296,up,0.001474289339967072,0.0023812574800103903,0.002034848090261221,0.004346444271504879,0.0073511069640517235,0.005437267944216728,0.003081041621044278,0.004070719704031944,0.004910423420369625,0.003474026918411255,0.005788348149508238,0.005803058389574289,0.00640567671507597,0.006016270723193884,0.0058151548728346825,0.004965954925864935,0.005810823757201433,0.005616629961878061,0.005091620609164238,0.004890536889433861,0.0052538057789206505,0.0033596062567085028,0.0035553991328924894,0.0059143854305148125,0.003414320992305875,0.0030863210558891296
IDXX,7,2026-04-07 15:15:00+00:00,11:15,0.0030567175708711147,up,-0.0020699386950582266,-0.0010215201182290912,-0.0025919489562511444,-0.00020688827498815954,-0.001207967521622777,-0.0022160259541124105,-0.004463549237698317,-0.005001788027584553,-0.007281290367245674,-0.005907496437430382,-0.002139586489647627,-0.0005232788971625268,-0.0015423718141391873,-0.001439854851923883,-0.001141877262853086,-0.002974045230075717,0.0014623455936089158,0.0012279165675863624,0.001557426992803812,0.00101399514824152,0.0008209293009713292,-0.0006652314332313836,-0.001053209532983601,0.0024182056076824665,0.0004676402313634753,0.0030567175708711147
CBOE,7,2026-04-07 15:15:00+00:00,11:15,0.002944266889244318,up,0.001684539602138102,0.002546741161495447,0.0017097739037126303,0.0046736570075154305,0.004457660485059023,0.0032259339932352304,0.0018606901867315173,0.0031248782761394978,0.0038609039038419724,0.004307290073484182,0.009581408463418484,0.009835068136453629,0.008715190924704075,0.009076765738427639,0.0072270650416612625,0.005731621291488409,0.008429894223809242,0.0063418312929570675,0.004433300346136093,0.004549346398562193,0.003899802453815937,0.0013930796412751079,0.0010272032814100385,0.0051854997873306274,0.0035984560381621122,0.002944266889244318
HAS,7,2026-04-07 15:15:00+00:00,11:15,0.0029378305189311504,up,-0.0014008430298417807,0.0018221589270979166,-0.0016917280154302716,0.0004165351565461606,-0.0014029545709490776,-0.002040083520114422,-0.007407193537801504,-0.0070859519764781,-0.007168692536652088,-0.0063911615870893,-0.005858414340764284,-0.004028499126434326,-0.0037688480224460363,-0.002000831300392747,-0.002150536747649312,-0.001689222757704556,0.00031837582355365157,-3.9827853470342234e-05,0.0001922717783600092,0.0006979034515097737,0.0011152744991704822,-0.0010424407664686441,-0.00246667698957026,0.00226242421194911,0.00011731615086318925,0.0029378305189311504
AIG,7,2026-04-07 15:15:00+00:00,11:15,0.002908039838075638,up,-0.0009740444947965443,0.0007689459016546607,0.00015632757276762277,0.0026107209268957376,0.005534735973924398,0.003580168355256319,7.456947059836239e-05,0.0028359347488731146,0.001977216685190797,0.0018110695527866483,0.00382368266582489,0.004076401237398386,0.004111061803996563,0.0049561806954443455,0.00432598264887929,0.0036327005364000797,0.005090055987238884,0.004530885722488165,0.004615874029695988,0.0033500257413834333,0.003529187059029937,0.0019082665676251054,0.0020345954690128565,0.005696521140635014,0.0036250301636755466,0.002908039838075638
COP,7,2026-04-07 15:15:00+00:00,11:15,0.002863244852051139,up,-0.006034260615706444,0.0008998544071801007,0.00011295053991489112,0.001064872252754867,0.0019601345993578434,0.00277263973839581,0.001548144849948585,-0.000648344459477812,-0.002938260789960623,-0.004120593890547752,-0.001265978324227035,-0.0023437170311808586,-0.0035022690426558256,-0.003545071929693222,-0.0023094487842172384,-0.0008371651638299227,-0.00303048943169415,-2.135578506567981e-05,0.001388635253533721,0.0017263505142182112,-0.001104011433199048,-0.0012311493046581745,-0.002138806041330099,0.0012414209777489305,7.134383486118168e-05,0.002863244852051139
ESS,7,2026-04-07 15:15:00+00:00,11:15,0.0028266527224332094,up,0.0012333362828940153,0.0036963666789233685,0.003808872774243355,0.005601821001619101,0.008174741640686989,0.006850128527730703,0.005292622838169336,0.004753574728965759,0.004994288086891174,0.005158131010830402,0.006791486404836178,0.007613272871822119,0.007385400123894215,0.0068553597666323185,0.007195959333330393,0.007053448352962732,0.00665262620896101,0.006863183341920376,0.0057264589704573154,0.006650389637798071,0.005090105347335339,0.00426564970985055,0.00264018215239048,0.0033798287622630596,0.003243672428652644,0.0028266527224332094
FICO,7,2026-04-07 15:15:00+00:00,11:15,0.002806552918627858,up,-0.0006643973174504936,-0.0023687921930104494,-0.0030773491598665714,0.00010889905388467014,-0.002305443864315748,-0.004407883621752262,-0.004997285548597574,-0.003437123727053404,-0.005385478958487511,-0.002391219139099121,-7.954873581184074e-06,0.0016918517649173737,0.0006098117446526885,0.0025404493790119886,0.00041415003943257034,-0.0012005878379568458,0.004364454187452793,0.0032921745441854,0.003596849972382188,0.000672219495754689,-0.0026860360521823168,-0.004020405933260918,-0.0034610535949468613,5.9349022194510326e-05,0.0003543981583788991,0.002806552918627858
IR,7,2026-04-07 15:15:00+00:00,11:15,0.002763677854090929,up,0.0020256899297237396,0.0030434958171099424,0.0014407526468858123,0.003080219030380249,0.0033229689579457045,0.0005608300562016666,-0.002668695989996195,0.0007036459282971919,-0.0003718749212566763,-0.0008592233061790466,0.0014271953841671348,0.0019614743068814278,0.0019365233602002263,0.0024947840720415115,0.0027913195081055164,0.0027127498760819435,0.003632215317338705,0.00540769100189209,0.003001886885613203,0.002051197225227952,0.0011970358900725842,-0.00038902490632608533,-6.49380890536122e-05,0.004449866712093353,0.000950984307564795,0.002763677854090929
HWM,7,2026-04-07 15:15:00+00:00,11:15,0.0027090362273156643,up,-0.0029329820536077023,-0.0008259021560661495,-0.0034305069129914045,-0.000199765432626009,-0.00043733842903748155,-0.0027011395432054996,-0.005032727960497141,-0.0025469157844781876,-0.0035314958076924086,-0.0012421143474057317,0.0013850651448592544,0.0015571470139548182,0.0004686840402428061,0.00033819812233559787,0.0007015141891315579,-0.00017991458298638463,0.0014040900859981775,0.001808446948416531,0.0014519646065309644,0.002285777125507593,0.0007540537044405937,-0.0023790416307747364,-0.0010510319843888283,0.0031799597200006247,0.0005518444813787937,0.0027090362273156643
EPAM,7,2026-04-07 15:15:00+00:00,11:15,0.0026833706069737673,up,0.0007743229507468641,0.005012619774788618,0.0029005163814872503,0.001138120424002409,-0.003667206037789583,-0.002092130482196808,-0.005159504245966673,-0.007338374387472868,-0.005266023799777031,-0.006259300746023655,-0.002262846799567342,-0.0031952743884176016,-0.0023804702796041965,-0.0023668312933295965,0.0016868730308488011,0.0019644154235720634,0.0016939284978434443,0.0008690698887221515,-0.001075645675882697,-0.0012240171199664474,-0.000936577096581459,-0.0040412647649645805,-0.0021046206820756197,0.00028685558936558664,-0.0030867166351526976,0.0026833706069737673
FITB,7,2026-04-07 15:15:00+00:00,11:15,0.0026686496566981077,up,-0.00458527309820056,0.0005742636858485639,-0.001468735164962709,0.000809576828032732,0.0003023050958290696,0.0008022675174288452,-0.0015642917715013027,-0.0002532182552386075,-0.00018533355614636093,-0.0012575252912938595,2.044141001533717e-05,-0.0012446988839656115,-0.0003661708324216306,-0.0001010865526041016,0.0009752609767019749,0.00029717592406086624,0.0025449383538216352,0.002725637285038829,0.002956558484584093,0.0025994027964770794,0.002391809830442071,0.0003678999200928956,0.001096711726859212,0.0036911650095134974,0.0020980550907552242,0.0026686496566981077
IBM,7,2026-04-07 15:15:00+00:00,11:15,0.002653916599228978,up,-0.001622864161618054,-0.0014260043390095234,-0.0035529043525457382,-0.0016118761850520968,-0.003186488524079323,-0.005013841670006514,-0.005360333248972893,-0.004602725617587566,-0.004955881275236607,-0.0030372526962310076,-0.0016738215927034616,0.00014656450366601348,-0.000490942329633981,-0.0016390978125855327,-0.0008311941055580974,-0.0013318366836756468,0.001476304023526609,0.0008847969002090394,7.419886242132634e-05,0.0005507872556336224,-0.000678295036777854,8.815928595140576e-05,-0.0013863472267985344,0.002473851665854454,0.0006197793991304934,0.002653916599228978
VTR,7,2026-04-07 15:15:00+00:00,11:15,0.0025950006674975157,up,-0.00014733556599821895,0.0010871237609535456,0.001559554599225521,0.0034351195208728313,0.005812893621623516,0.004394597839564085,0.003135919338092208,0.0026995136868208647,0.004424962215125561,0.0040084123611450195,0.004776976071298122,0.005823191720992327,0.005607941187918186,0.004663718398660421,0.00534598995000124,0.0045620473101735115,0.004751240834593773,0.005368845071643591,0.003719016909599304,0.004245809279382229,0.004477571230381727,0.001981432316824794,0.002706787781789899,0.004245580639690161,0.003486861474812031,0.0025950006674975157
REGN,7,2026-04-07 15:15:00+00:00,11:15,0.0025494620203971863,up,-0.004667469300329685,-0.004230617545545101,-0.005333349574357271,-0.0009472910896874964,0.00013195100473240018,-0.0011378334602341056,-0.0033718878403306007,-0.004678842145949602,-0.00816898699849844,-0.00597193231806159,-0.0032826384995132685,-0.0018358835950493813,-0.0017015609191730618,-0.002444226061925292,-0.0019607669673860073,-0.003325672121718526,5.608581705018878e-05,0.002221308182924986,0.001106557552702725,-8.841491944622248e-05,-0.0011149471392855048,-0.004059013444930315,-0.004535097628831863,-0.002413993701338768,-0.002456098794937134,0.0025494620203971863
CSX,7,2026-04-07 15:15:00+00:00,11:15,0.00254420330747962,up,-0.0005285324878059328,0.0022594600450247526,0.0010518317576497793,0.0028427322395145893,0.003751215757802129,0.0025189300067722797,0.0009370647603645921,0.0004473667358979583,-0.00016827459330670536,-0.003910743165761232,-0.0009312963811680675,-0.0040413085371255875,-0.003418656997382641,-0.004633960779756308,0.000933868286665529,0.0004024069639854133,-0.002162073738873005,-0.0012043706374242902,-0.00019421937759034336,-5.083082942292094e-05,0.0002455466310493648,0.0009140618494711816,-0.001127636875025928,0.002487648744136095,0.003043838543817401,0.00254420330747962
DOV,7,2026-04-07 15:15:00+00:00,11:15,0.0025035927537828684,up,-0.0026051599998027086,-0.0013557362835854292,-0.000788662931881845,2.8473632482928224e-05,0.0018942723982036114,0.0008524850127287209,-0.002176861744374037,-0.001934288302436471,-0.0029572988860309124,-0.0009849220514297485,0.0004014542791992426,0.00038221824797801673,-0.0004278958076611161,0.00039169276715256274,0.0006263017421588302,0.0004966228152625263,0.00312061863951385,0.002510194666683674,0.00034787922049872577,0.000996224582195282,0.001332759391516447,0.0004867975367233157,-0.00042615149868652225,0.001810818794183433,0.0005767786642536521,0.0025035927537828684
NKE,7,2026-04-07 15:15:00+00:00,11:15,0.0024973179679363966,up,-0.0047550746239721775,0.003204347798600793,-0.0011474700877442956,0.003887665458023548,-0.0009474146063439548,0.001252299640327692,-0.004681868478655815,-0.0021421636920422316,-0.0014469875022768974,-0.005968747194856405,-0.0034541033674031496,-0.004530008882284164,-0.004655554424971342,-0.0013951510190963745,-0.000689815147779882,-0.0021066085901111364,-0.004209997598081827,0.00080617651110515,-0.0011208164505660534,-0.004113319795578718,-0.001165394438430667,-0.002284434624016285,-0.0008506975718773901,0.005757342092692852,0.003513411385938525,0.0024973179679363966
TFC,7,2026-04-07 15:15:00+00:00,11:15,0.0024954169057309628,up,-0.0024298338685184717,-0.0007484322413802147,-0.0018913944950327277,0.00011253672710154206,0.0008361999643966556,7.58707828936167e-05,8.211635577026755e-05,-0.0008791388245299459,-0.0007523461245000362,-1.2151967894169502e-05,0.0020086418371647596,0.001425533788278699,-2.3421602236339822e-05,0.0009481775923632085,0.0020670744124799967,0.0015521171735599637,0.0011350217973813415,0.001044953241944313,0.001109441975131631,0.0019164744298905134,0.001877490314655006,0.00020642642630264163,-0.00011697079025907442,0.0039016217924654484,0.0028515064623206854,0.0024954169057309628
PEG,7,2026-04-07 15:15:00+00:00,11:15,0.00246494566090405,up,0.001438469858840108,0.003150122705847025,0.0025789723731577396,0.003808053210377693,0.005693249870091677,0.003748431336134672,0.0024383116979151964,0.0018799265380948782,0.0031974853482097387,0.002611600561067462,0.0032942413818091154,0.004508627112954855,0.004769615828990936,0.0042198640294373035,0.0054820142686367035,0.00431807991117239,0.005288814660161734,0.004677539691329002,0.004160045646131039,0.004523657262325287,0.005450199358165264,0.003338409122079611,0.0032463932875543833,0.004607262555509806,0.0025118221528828144,0.00246494566090405
FFIV,7,2026-04-07 15:15:00+00:00,11:15,0.0024393771309405565,up,0.002716515213251114,0.003200867911800742,0.0029854001477360725,0.005263006314635277,0.0033855088986456394,0.0018192854477092624,-0.00016250427870545536,0.0019209417514503002,0.0016688014147803187,-0.00038277849671430886,0.001784567255526781,0.003183287102729082,0.002098559169098735,0.0033731278963387012,0.002573385601863265,0.0009997846791520715,0.0033237978350371122,0.002129094675183296,0.0033115451224148273,0.001847379608079791,0.0007956200279295444,-0.001990174874663353,-0.002523719798773527,0.0029186452738940716,0.0007505775429308414,0.0024393771309405565
WST,7,2026-04-07 15:15:00+00:00,11:15,0.002406930550932884,up,-0.00022891160915605724,-0.00032704451587051153,0.00015014802920632064,0.00180897768586874,0.0036142785102128983,0.0024456041865050793,-0.0014986485475674272,0.0010456389281898737,0.0006168477702885866,0.001992272911593318,0.0043627917766571045,0.006167261861264706,0.0062421285547316074,0.006109621841460466,0.00704185152426362,0.007068316917866468,0.005746033508330584,0.005870596040040255,0.0038053938187658787,0.004428699612617493,0.0037174804601818323,0.001437852974049747,0.00200273422524333,0.003970066085457802,0.002421991666778922,0.002406930550932884
VRSK,7,2026-04-07 15:15:00+00:00,11:15,0.002383667277172208,up,0.00037488018278963864,0.0013369660591706634,-0.0008115387754514813,0.0010065247770398855,-0.002540864748880267,-0.004626079928129911,-0.005550189409404993,-0.004041744861751795,-0.0026266772765666246,-0.0022938658948987722,-0.0026326789520680904,-0.0017745516961440444,-0.0025704142171889544,-0.0026760855689644814,-0.003244611667469144,-0.0016831462271511555,-0.0014546257443726063,-0.001359531655907631,-0.0028581186197698116,-0.0018322018440812826,-0.0017876130295917392,-0.0040171449072659016,-0.0014916984364390373,0.0026827570982277393,0.0003701293608173728,0.002383667277172208
CMI,7,2026-04-07 15:15:00+00:00,11:15,0.00230047176592052,up,-0.003934657201170921,-0.003749851370230317,-0.006538047920912504,-0.002673551207408309,-0.0017691149841994047,-0.0019110573921352625,-0.005444802343845367,-0.004428456071764231,-0.007251137867569923,-0.004158068913966417,-0.002791390987113118,-0.0004728571802843362,-0.001360280904918909,-0.0006574763101525605,-0.0006755004869773984,-0.0023109382018446922,-0.0005751613061875105,-0.0009876780677586794,-0.0015836465172469616,-0.0037204434629529715,-0.004630334209650755,-0.006106057204306126,-0.004517980385571718,-0.00034974294248968363,-0.002718762494623661,0.00230047176592052
ROST,7,2026-04-07 15:15:00+00:00,11:15,0.0021867002360522747,up,0.0010807308135554194,0.0023398352786898613,-0.00031157160992734134,0.0015972158871591091,0.001986102433875203,-0.0006017220439389348,-0.001835947041399777,-0.0027524607721716166,-0.004540693946182728,-0.0018826464656740427,5.9721955040004104e-05,0.0008236498688347638,-0.0021718370262533426,-0.0029632707592099905,-0.0031440374441444874,-0.003729757387191057,-0.001024385099299252,0.00034788771881721914,-0.0014061316614970565,-0.0014812471345067024,-0.002151293447241187,-0.00593906082212925,-0.002874391619116068,-0.00034672144101932645,-0.0018876019166782498,0.0021867002360522747
VRSN,7,2026-04-07 15:15:00+00:00,11:15,0.0020715168211609125,up,0.0026299364399164915,-0.00018975442799273878,-0.004481367766857147,-0.0011282744817435741,-0.002854234306141734,-0.00634391512721777,-0.010272874496877193,-0.0031584338285028934,-0.006731793284416199,-0.005025977734476328,0.0017626001499593258,0.006171762477606535,0.00565287284553051,0.007258388679474592,0.003619502065703273,-0.00011869909940287471,0.006639786530286074,0.00100010319147259,-0.0010305587202310562,-0.0006607176037505269,-0.0009990567341446877,-0.0020722008775919676,0.0005751855787821114,0.0015711241867393255,-0.0025826238561421633,0.0020715168211609125
BEN,7,2026-04-07 15:15:00+00:00,11:15,0.0020441689994186163,up,0.001587147475220263,0.004748838488012552,0.00023972464259713888,0.0029213889501988888,0.0030074960086494684,-0.00034492649137973785,-0.004205656237900257,-0.0008585102623328567,-0.0009730470483191311,-0.0006005070172250271,0.00144042051397264,0.0036759376525878906,0.004343701992183924,0.005400583613663912,0.0042924582958221436,0.002718303119763732,0.006968571804463863,0.0047949329018592834,0.00447323452681303,0.003305149730294943,0.0041642338037490845,0.0017831915756687522,0.0024262787774205208,0.0059623513370752335,0.005228019785135984,0.0020441689994186163
SNPS,7,2026-04-07 15:15:00+00:00,11:15,0.002031236421316862,up,-0.002149053616449237,0.00013018515892326832,-0.005035073030740023,-0.002356638666242361,-0.005112915299832821,-0.0072852205485105515,-0.008485323749482632,-0.006346906069666147,-0.005177905783057213,-0.004155277274549007,-0.001731526106595993,-0.0005641604075208306,-0.00027239808696322143,-0.0004599388048518449,-0.002843931782990694,-0.002038228325545788,0.002208084100857377,0.0009993271669372916,-0.0016499711200594902,-0.0019159786170348525,0.0003331026528030634,-0.0018004082376137376,0.0012596462620422244,0.0029999588150531054,0.0012174956500530243,0.002031236421316862
BXP,7,2026-04-07 15:15:00+00:00,11:15,0.0020085240248590708,up,-0.0047367289662361145,-0.0015730414306744933,-0.000715577625669539,4.3270418245811015e-05,-0.0013815299607813358,-0.001467385794967413,-0.006542193703353405,-0.007784821558743715,-0.007044347934424877,-0.008631168864667416,-0.009605907835066319,-0.00675711827352643,-0.007218339946120977,-0.006278784945607185,-0.00545200752094388,-0.007521944586187601,-0.0045866165310144424,-0.0029218033887445927,-0.0027767550200223923,-0.0036543593741953373,-0.0014808219857513905,-0.003534565679728985,-0.0035549383610486984,0.00279655447229743,0.0005235131247900426,0.0020085240248590708
KEYS,7,2026-04-07 15:15:00+00:00,11:15,0.001849447493441403,up,0.002437220187857747,0.0035734025295823812,0.0031074914149940014,0.004055737052112818,0.0021652269642800093,0.002031519776210189,0.0009944392368197441,0.002175782574340701,0.002142425626516342,0.0031289048492908478,0.004097409546375275,0.0050355722196400166,0.0025552231818437576,0.0036760340444743633,-4.23997116740793e-05,-0.0005439753876999021,0.0010028110118582845,0.0008893660851754248,0.002545684576034546,0.001635403255932033,0.0008520173723809421,-0.001961498288437724,-0.0002668759261723608,0.0039771925657987595,-0.002497422741726041,0.001849447493441403
LULU,7,2026-04-07 15:15:00+00:00,11:15,0.0017638214631006122,up,-0.004624674096703529,-0.0027203725185245275,-0.007440175861120224,-0.007128200959414244,-0.007037571165710688,-0.007418270222842693,-0.007964012213051319,-0.0077016036957502365,-0.008365081623196602,-0.005139017011970282,-0.004145578481256962,-0.0029250693041831255,-0.0022802529856562614,-0.0033107998315244913,-0.003604412544518709,-0.004361831583082676,-0.001837160438299179,-0.0015928364591673017,-0.002160189440473914,-0.0020551246125251055,-0.003247822169214487,-0.004910971503704786,-0.003913207445293665,-0.0029186599422246218,-0.005872846115380526,0.0017638214631006122
ULTA,7,2026-04-07 15:15:00+00:00,11:15,0.0017338577890768647,up,-0.0021489306818693876,-0.00036115929833613336,-0.002859518164768815,0.000581936037633568,0.002012823009863496,0.00037987754330970347,-0.0010239132679998875,-0.0019858763553202152,-0.005727972835302353,-0.004894225392490625,-0.002988225780427456,-0.00128796452190727,-0.002219992922618985,-0.002394173527136445,-0.0021441057324409485,-0.003705518553033471,-0.0028340164572000504,-0.001686573727056384,-0.0029791707638651133,-0.002880494575947523,-0.0026126564480364323,-0.004913990385830402,-0.0052888598293066025,-0.002686011139303446,-0.003209260758012533,0.0017338577890768647
LIN,7,2026-04-07 15:15:00+00:00,11:15,0.001714429585263133,up,-0.007414696738123894,-0.004413967952132225,-0.005442753899842501,-0.0028634422924369574,-0.0017776068998500705,-0.003581020049750805,-0.005657244008034468,-0.0069310786202549934,-0.0091068921610713,-0.009148257784545422,-0.005476702935993671,-0.004513619467616081,-0.004812486004084349,-0.005495504941791296,-0.00410905946046114,-0.0035763762425631285,-0.0023435107432305813,-0.0029262141324579716,-0.0014046860160306096,-0.0014779126504436135,-0.0016635078936815262,-0.004668178968131542,-0.004700814839452505,-0.0025534366723150015,-0.0020930583123117685,0.001714429585263133
MCD,7,2026-04-07 15:15:00+00:00,11:15,0.0017115798546001315,up,0.002156920498237014,0.006471459288150072,0.004933079704642296,0.005069469101727009,0.005544659681618214,0.0029366426169872284,0.0015801521949470043,0.0013932237634435296,-0.00028135126922279596,-0.0033441802952438593,-0.0008743727812543511,-0.0004308751958888024,-0.0012387237511575222,-0.0013973627937957644,-0.003803625702857971,-0.003664451651275158,0.00012379327381495386,-0.0013890775153413415,-0.0015428488841280341,-0.0007499514031223953,-0.0007302082958631217,-0.0030642240308225155,-0.004971507005393505,-0.0037487647496163845,-0.0033375921193510294,0.0017115798546001315
ALGN,7,2026-04-07 15:15:00+00:00,11:15,0.0017098694806918502,up,0.005550466012209654,0.006510022096335888,0.002726326696574688,0.00314313848502934,-0.002259568078443408,-0.001955443061888218,-0.002402165438979864,-0.003307915758341551,-0.004103383515030146,-0.0021271537989377975,0.001043519820086658,0.002201433526352048,-0.0004153596528340131,0.00021818939421791583,0.0003180768107995391,-0.0007629410247318447,0.003914006054401398,0.0014841249212622643,0.0020456411875784397,-0.0007677756948396564,-0.0008659031009301543,-0.002800964517518878,-0.002571946009993553,0.0008472615154460073,-0.0018651392310857773,0.0017098694806918502
META,7,2026-04-07 15:15:00+00:00,11:15,0.0016510793939232826,up,-0.0041281683370471,-0.009390070103108883,-0.010002659633755684,-0.006763860117644072,-0.006518702954053879,-0.010625793598592281,-0.011732261627912521,-0.011155088432133198,-0.014911605976521969,-0.010548703372478485,-0.006507258862257004,-0.006907882634550333,-0.00727644469588995,-0.006332053802907467,-0.006191276013851166,-0.0071611180901527405,-0.00667957030236721,-0.010154803283512592,-0.007486309390515089,-0.007411586586385965,-0.008894004859030247,-0.013658242300152779,-0.010274556465446949,-0.0054437220096588135,-0.001371576334349811,0.0016510793939232826
BIIB,7,2026-04-07 15:15:00+00:00,11:15,0.0016107624396681786,up,-0.003910776227712631,-0.0007372551481239498,-0.006528528407216072,-0.005518172401934862,-0.007732742000371218,-0.00966552458703518,-0.013329019770026207,-0.008650096133351326,-0.008235049434006214,-0.006169832311570644,-0.001282878452911973,-0.0013234346406534314,-0.0007396445143967867,-0.0011766426032409072,-0.00015945127233862877,-0.0023170853964984417,-0.0009466171031817794,0.000603438587859273,-0.0025839272420853376,-0.001808997942134738,-0.002492386382073164,-0.004848017357289791,-0.005565650295466185,-0.002352543408051133,-0.004358760546892881,0.0016107624396681786
AIZ,7,2026-04-07 15:15:00+00:00,11:15,0.0015652062138542533,up,0.0009853227529674768,0.005095052532851696,0.0025462699122726917,0.005312934517860413,0.0041009169071912766,0.0032918311189860106,0.0009401663555763662,0.0017522459384053946,0.0016666195588186383,0.000851270800922066,0.0024974027182906866,0.0029082519467920065,0.0028110092971473932,0.003000733908265829,0.002650346839800477,0.0020011619199067354,0.004412547685205936,0.003740863874554634,0.0036001724656671286,0.0023539254907518625,0.0023503268603235483,0.0007871913840062916,-0.0012256941990926862,0.0022239452227950096,-0.00016616974608041346,0.0015652062138542533
APD,7,2026-04-07 15:15:00+00:00,11:15,0.0015280484221875668,up,-0.0002724871737882495,-0.0015084099723026156,-0.0006857372354716063,0.002809750847518444,0.005235875491052866,0.0034060198813676834,0.0019012866541743279,0.0013074763119220734,-0.0012687380658462644,-0.0011438168585300446,0.001467398600652814,0.002364889020100236,0.002343159867450595,0.001757990918122232,0.0014769862173125148,6.431132351281121e-05,0.0008252848638221622,0.0004294729442335665,0.0004630513140000403,0.0018211444839835167,-5.811329901916906e-05,-0.0014197285054251552,-0.0013486914103850722,0.001554913935251534,-0.00043161382200196385,0.0015280484221875668
AME,7,2026-04-07 15:15:00+00:00,11:15,0.001485729357227683,up,-0.0020560401026159525,-0.0004125302657485008,-0.0011325202649459243,0.0016929986886680126,0.0018004830926656723,-0.00012652215082198381,-0.001738759339787066,-0.0008739572949707508,-0.0023059439845383167,-0.0010375462006777525,0.0003413149679545313,0.000579080602619797,0.00030886635067872703,0.001792529714293778,0.001202751649543643,0.0001834737922763452,0.003003547666594386,0.0017158492701128125,0.0012803273275494576,0.0007848478853702545,-0.00029940373497083783,-0.0018374992068856955,-0.002902749227359891,0.0008758154581300914,-0.0004159553209319711,0.001485729357227683
EXPD,7,2026-04-07 15:15:00+00:00,11:15,0.0014323252253234386,up,-0.004224782809615135,-0.002903908723965287,-0.0026479680091142654,-0.00013728885096497834,0.0012741280952468514,-0.0004053640295751393,-0.002577959792688489,-0.0018527805805206299,-0.0012109590461477637,-0.0016902266070246696,0.000180957984412089,0.0012289212318137288,0.0008402703097090125,0.0008957401150837541,0.0014239759184420109,0.0006570249679498374,0.0021962823811918497,0.0020531928166747093,0.0013211704790592194,0.0011142102302983403,0.00018616544548422098,-0.0021621144842356443,-0.0018205831293016672,0.0009007927146740258,0.0004576448700390756,0.0014323252253234386
WRB,7,2026-04-07 15:15:00+00:00,11:15,0.0013951141154393554,up,-0.0019649877212941647,-0.0005196245620027184,-0.0019766383338719606,0.00015057853306643665,0.0013730493374168873,-0.00021241368085611612,-0.00211424776352942,-0.0016152121825143695,-0.0007288948399946094,-0.002658555982634425,-0.0009030044893734157,-0.000995313748717308,-0.0014004219556227326,-0.00030392935150302947,0.00027278924244455993,0.0001918203051900491,0.002329379552975297,0.002366027794778347,0.002596052596345544,0.003194002900272608,0.0032366502564400434,0.0014765510568395257,0.0012894413666799664,0.004528013523668051,0.0020259071607142687,0.0013951141154393554
OXY,7,2026-04-07 15:15:00+00:00,11:15,0.0013912280555814505,up,0.008540601469576359,0.01659957692027092,0.014577362686395645,0.01502473745495081,0.013312100432813168,0.01386246457695961,0.010512923821806908,0.009442707523703575,0.010591140016913414,0.007223048247396946,0.007744938135147095,0.004224319010972977,-0.0011241076281294227,0.0004636293451767415,0.005469714757055044,0.0050422740168869495,-0.0018789363093674183,0.0017147996695712209,0.0028826892375946045,0.0029777062591165304,0.002120833145454526,0.00355889112688601,0.006635789759457111,0.004689033143222332,0.001372592174448073,0.0013912280555814505
SWK,7,2026-04-07 15:15:00+00:00,11:15,0.0013672049390152097,up,0.0020306752994656563,0.010636246763169765,0.006031922996044159,0.007552881725132465,0.0018410893389955163,-0.0009298351360484958,-0.004608888644725084,-0.007548687048256397,-0.006378995254635811,-0.009432877413928509,-0.010019723325967789,-0.007074323017150164,-0.0036874606739729643,-0.004495002795010805,-0.005534398835152388,-0.004842556547373533,-0.003853778587654233,-0.004552007187157869,-0.004036235623061657,-0.0059871794655919075,-0.005286462604999542,-0.004676983691751957,-0.004324716050177813,-0.00039097285480238497,-0.0036170613020658493,0.0013672049390152097
GRMN,7,2026-04-07 15:15:00+00:00,11:15,0.0013442754279822111,up,0.00119584403000772,0.0016143227694556117,-0.00016622632392682135,-0.00046179225319065154,-0.0028670786414295435,-0.004663151688873768,-0.006668245419859886,-0.0061409566551446915,-0.00802891980856657,-0.0069091785699129105,-0.0044316784478724,-0.001986098475754261,-0.003868865082040429,-0.00425537396222353,-0.0030618340242654085,-0.004027845337986946,-0.0003360600967425853,-0.0006178206531330943,-0.001785885076969862,-0.0007342008175328374,-0.0018641309579834342,-0.004463377874344587,-0.003990751691162586,-0.00018178035679738969,-0.0016300324350595474,0.0013442754279822111
REG,7,2026-04-07 15:15:00+00:00,11:15,0.0012849768390879035,up,-0.0015733657637611032,0.0006858590058982372,0.000977791496552527,0.003772666212171316,0.004526107106357813,0.0021939522121101618,-0.00011612601520027965,-0.000561825348995626,0.0017631823429837823,0.0006175535963848233,0.0030083395540714264,0.0035402108915150166,0.0040868245996534824,0.0034278936218470335,0.00316315027885139,0.002884558867663145,0.003391101723536849,0.002652906347066164,0.002212824998423457,0.0030456981621682644,0.001947658834978938,-0.0009588886750862002,-0.0012558290036395192,0.0015759101370349526,0.0006388251786120236,0.0012849768390879035
BLK,7,2026-04-07 15:15:00+00:00,11:15,0.0012794856447726488,up,-0.005099033005535603,-0.003652644343674183,-0.005782122258096933,-0.0024935940746217966,-0.0017707122024148703,-0.0033592204563319683,-0.0045609986409544945,-0.0038716087583452463,-0.006239408627152443,-0.003928449936211109,-0.001189114642329514,-0.0005338125629350543,0.00042103705345653,0.0010727464687079191,0.0008411533781327307,-0.0010639020474627614,0.0014635674888268113,0.0018740934319794178,0.002101061400026083,0.0007166321738623083,-0.0005874381749890745,-0.001354698557406664,-0.002007256494835019,0.0008593850070610642,-0.0008909953758120537,0.0012794856447726488
ACN,7,2026-04-07 15:15:00+00:00,11:15,0.0012046045158058405,up,-0.0037533657159656286,-0.001075828098692,-0.0038030839059501886,-0.001526184263639152,-0.0060005271807312965,-0.005927124060690403,-0.005879872478544712,-0.003178649116307497,-0.002892489545047283,-0.0035515811759978533,-0.002838947344571352,-0.0015388757456094027,-0.00030536772101186216,-0.0015951803652569652,-0.0019842139445245266,-0.0030181356705725193,0.0004351317184045911,-0.0012906166957691312,-0.0003724742855411023,-0.002645549364387989,-0.003965077921748161,-0.0049695903435349464,-0.0038281588349491358,-0.00281119835563004,-0.0017811430152505636,0.0012046045158058405
CLUSD,7,2026-04-07 15:15:00+00:00,11:15,0.0011449971934780478,up,0.006643927190452814,0.00809743907302618,0.010028189979493618,0.013346335850656033,0.008566126227378845,0.007244196254760027,0.006143504288047552,0.005749837961047888,0.007967918179929256,0.007637550123035908,0.008239783346652985,0.010520887561142445,0.009779596701264381,0.009456826373934746,0.010892692022025585,0.011994046159088612,0.0069382283836603165,0.005365084391087294,0.00526769133284688,0.003122519701719284,0.007773358374834061,0.010093502700328827,0.007714345585554838,0.0016746299806982279,0.0010799034498631954,0.0011449971934780478
LNT,7,2026-04-07 15:15:00+00:00,11:15,0.0011429329169914126,up,-0.0003162875073030591,0.0013310449430719018,0.0016718823462724686,0.00325395748950541,0.004703851416707039,0.0029129276517778635,0.0017602774314582348,0.0007595854112878442,0.002232029102742672,0.0008834336185827851,0.0024303479585796595,0.00390404905192554,0.0028814771212637424,0.0024232969153672457,0.0021522243041545153,0.001636840170249343,0.0014669304946437478,0.0013193093473091722,0.0006090875831432641,0.0026827966794371605,0.0013350234366953373,-0.0017398637719452381,-0.0017660936573520303,0.0010516654001548886,0.00017521163681522012,0.0011429329169914126
CNP,7,2026-04-07 15:15:00+00:00,11:15,0.0011423721443861723,up,0.00027042606961913407,0.003048898186534643,0.0013706847093999386,0.003466433146968484,0.003256691386923194,0.0012682130327448249,0.0014436295023187995,-0.0013722333824262023,0.0018944869516417384,0.0008174593094736338,0.0022892439737915993,0.0018984642811119556,6.26267574261874e-05,-0.0005996893160045147,0.0009910688968375325,0.00019336369587108493,5.6085646065184847e-05,0.0012092108372598886,0.0010275529930368066,0.001471942407079041,0.00022697039821650833,-0.0006824699812568724,-0.0025065091904252768,0.003739376785233617,0.0039030862972140312,0.0011423721443861723
TEL,7,2026-04-07 15:15:00+00:00,11:15,0.0011002767132595181,up,-0.00309760426171124,-0.002036134712398052,-0.0027077265549451113,0.0006658139172941446,-0.0010068229166790843,-0.0025374130345880985,-0.004933073651045561,-0.0027659249026328325,-0.001900145085528493,-0.004280293360352516,-0.0017475048080086708,-0.00260237162001431,-0.003012190805748105,-0.001506367581896484,-0.0010294757084921002,-0.000895454955752939,8.415000047534704e-05,-0.0014351115096360445,-0.0017551768105477095,-0.0015249982243403792,-0.0016152060125023127,-0.0033977078273892403,-0.0022593855392187834,0.001714655663818121,0.00035009015118703246,0.0011002767132595181
EW,7,2026-04-07 15:15:00+00:00,11:15,0.001042040647007525,up,-0.0036179565358906984,-3.8774091080995277e-05,-0.002772892825305462,0.0009117975132539868,-0.0009027784690260887,-0.0013413639971986413,-0.004429490305483341,-0.002972640097141266,-0.001229429035447538,-0.0025559477508068085,-0.0006660347571596503,0.000745940487831831,0.0010763014433905482,0.002870074240490794,0.0031392513774335384,0.000929512083530426,0.0028834431432187557,0.0016151368618011475,0.000856146973092109,1.1286960216239095e-05,0.00094995042309165,-0.0005278792232275009,-0.0007259075064212084,0.0025844976771622896,0.0009565390064381063,0.001042040647007525
CME,7,2026-04-07 15:15:00+00:00,11:15,0.0010387314250692725,up,-0.003504826920107007,-0.0026107425801455975,-0.003108568023890257,0.0007706317119300365,0.0029244222678244114,0.00067263247910887,-0.000895934586878866,7.976228516781703e-05,-0.0021259537898004055,-0.0004758395371027291,0.0016728033078834414,0.0026545263826847076,0.004627957474440336,0.0038164276629686356,0.003697641659528017,0.000227317214012146,6.500435119960457e-05,-0.000527098192833364,-0.0023905597627162933,-0.0008730122935958207,-0.0016227260930463672,-0.004402325954288244,-0.0035468540154397488,-0.0004329597868490964,0.00011804930545622483,0.0010387314250692725
VMC,7,2026-04-07 15:15:00+00:00,11:15,0.001025667297653854,up,-0.003891079453751445,-0.004405500367283821,-0.0052984305657446384,-0.0033107460476458073,-0.005152801983058453,-0.009027527645230293,-0.01401388831436634,-0.010626380331814289,-0.012006239034235477,-0.013085971586406231,-0.009043043479323387,-0.0064591821283102036,-0.005259013269096613,-0.006987876258790493,-0.010628770105540752,-0.009150444529950619,-0.0067312647588551044,-0.006284728180617094,-0.0060624610632658005,-0.007984490133821964,-0.008179280906915665,-0.012328552082180977,-0.009845350868999958,-0.005596316885203123,-0.005052126012742519,0.001025667297653854
STE,7,2026-04-07 15:15:00+00:00,11:15,0.0009055978152900934,up,0.0011472259648144245,0.00410782964900136,0.002291905926540494,0.003239249112084508,0.0034551385324448347,0.0015621582278981805,-0.0008534970111213624,-2.6607958716340363e-05,-0.001122458023019135,-0.0011206361232325435,-0.0006609951960854232,-0.000349824083968997,-0.0013724665623158216,2.3751559638185427e-05,0.00016306877660099417,-0.0004794138658326119,0.0024642215576022863,0.0011519344989210367,0.0009484934853389859,0.0009102910407818854,0.001167296664789319,-0.0006341423140838742,-0.001272316905669868,0.0013608045410364866,0.0009940520394593477,0.0009055978152900934
MTB,7,2026-04-07 15:15:00+00:00,11:15,0.0008531556813977659,up,-0.002552642719820142,-0.00019268502364866436,-0.00016328025958500803,0.002214593579992652,0.002382929204031825,0.0005127440672367811,-0.0019455085275694728,-0.0016184081323444843,-0.0029724512714892626,-0.0023185638710856438,-0.0006607751129195094,-0.0016898390604183078,-0.0011003118706867099,-0.0011450108140707016,-0.0010850075632333755,-0.0021339973900467157,0.001218060147948563,-4.6891549573047087e-05,0.0003205803513992578,-0.0003346755402162671,-0.0007283568265847862,-0.0027452269569039345,-0.0016535185277462006,0.0012333968188613653,0.0010370316449552774,0.0008531556813977659
MAR,7,2026-04-07 15:15:00+00:00,11:15,0.0008215361158363521,up,-0.004817963112145662,-0.004201795440167189,-0.005649040453135967,-0.0022403623443096876,-0.0027383456472307444,-0.005449419841170311,-0.006373756565153599,-0.006949375383555889,-0.00876736082136631,-0.008596448227763176,-0.006466434337198734,-0.005006861872971058,-0.006878750864416361,-0.007463464513421059,-0.006450866349041462,-0.007840245962142944,-0.006865198258310556,-0.005974872503429651,-0.007136588916182518,-0.00543931545689702,-0.003887063590809703,-0.008879100903868675,-0.008824128657579422,-0.005642416421324015,-0.007318019866943359,0.0008215361158363521
DXCM,7,2026-04-07 15:15:00+00:00,11:15,0.00078220060095191,up,-0.005977705121040344,-0.0031919782049953938,-0.010268189013004303,-0.009768564254045486,-0.01245069969445467,-0.01302295457571745,-0.016747893765568733,-0.013330895453691483,-0.013162404298782349,-0.01225796528160572,-0.011362344957888126,-0.00823176559060812,-0.004744918551295996,-0.0012529471423476934,-0.0029724829364567995,-0.006258969195187092,-9.156487794825807e-05,-0.0010756660485640168,-0.002201442839577794,-0.003818253753706813,-0.0032987245358526707,-0.005524618085473776,-0.004184754565358162,-0.0014105318114161491,-0.0058997864834964275,0.00078220060095191
EME,7,2026-04-07 15:15:00+00:00,11:15,0.0007296722033061087,up,0.00011679378076223657,0.00022241074475459754,-0.002607154194265604,0.0035678211133927107,0.001808825647458434,-0.0007216866360977292,-0.0033580788876861334,-0.0019368217326700687,-0.0037683448754251003,-0.00106136838439852,-0.0004101939557585865,0.0008860481902956963,-0.00012747936125379056,0.00024388049496337771,-0.002918364480137825,-0.003108344040811062,-0.0037655283231288195,-0.0033086349721997976,-0.0025332265067845583,-0.003959500230848789,-0.0024691764265298843,-0.0023855939507484436,-0.0013017531018704176,0.003010684624314308,-0.00019490164413582534,0.0007296722033061087
TAP,7,2026-04-07 15:15:00+00:00,11:15,0.0006971462280489504,up,-0.0048411027528345585,-0.002068009227514267,-0.0026359085459262133,0.0016499925404787064,0.001734784571453929,-0.0026489675510674715,-0.0036149772349745035,-0.0041959527879953384,-0.006126466207206249,-0.0027820048853754997,0.0002607489877846092,0.0009880912257358432,0.0016300731804221869,0.001049129874445498,-0.0009236973710358143,-0.002774536842480302,0.0007995606865733862,-0.00023604051966685802,-0.0012403904693201184,-0.00013432429113890976,-0.0020145708695054054,-0.0055069210939109325,-0.005845695734024048,-3.6336012271931395e-05,-0.0016193990595638752,0.0006971462280489504
LRCX,7,2026-04-07 15:15:00+00:00,11:15,0.0006857736734673381,up,-0.014650321565568447,-0.019504684954881668,-0.020868880674242973,-0.021619852632284164,-0.02648923546075821,-0.025607479736208916,-0.02699907496571541,-0.0220378078520298,-0.022266896441578865,-0.014695266261696815,-0.008820237591862679,-0.00753816170617938,-0.007347304839640856,-0.008550751954317093,-0.01156883779913187,-0.014007301069796085,-0.014587131328880787,-0.013294337317347527,-0.013883612118661404,-0.013281521387398243,-0.016175653785467148,-0.018886394798755646,-0.02279670163989067,-0.01230586040765047,-0.014104864560067654,0.0006857736734673381
PFG,7,2026-04-07 15:15:00+00:00,11:15,0.0005613916437141597,up,-0.0033415392972528934,-0.0009027498308569193,-0.002322342712432146,0.0008488298044539988,0.0011968930484727025,0.0010747385676950216,-0.004596344195306301,-0.002259216969832778,-0.0030515112448483706,-0.005142904818058014,-0.004021019674837589,-0.0032718218863010406,-0.0036043724976480007,-0.002947548869997263,3.593108704080805e-05,-0.001989808864891529,-0.0006146153900772333,-0.0017879253719002008,-0.001896252972073853,-0.002190830186009407,-0.0024751985911279917,-0.002703815931454301,-0.002950458787381649,0.002138658193871379,-4.535426342044957e-05,0.0005613916437141597
PANW,7,2026-04-07 15:15:00+00:00,11:15,0.000536986393854022,up,-0.007246349938213825,-0.007315612398087978,-0.011864864267408848,-0.005928747821599245,-0.00632972689345479,-0.006579304113984108,-0.010242417454719543,-0.006969154346734285,-0.007541208062320948,-0.007184323389083147,-0.002575703663751483,-0.00041066028643399477,0.00037002729368396103,-0.002601241460070014,-0.0034039774909615517,-0.0036884520668536425,-0.0015995490830391645,-0.0022833626717329025,-0.00353584554977715,-0.00568251870572567,-0.006439368240535259,-0.006588246673345566,-0.00387076404877007,0.0017302463529631495,-0.0010933357989415526,0.000536986393854022
UNP,7,2026-04-07 15:15:00+00:00,11:15,0.0005265081999823451,up,-0.0024619719479233027,-0.0004605586582329124,-0.0006789271719753742,0.0012346473522484303,0.003049679333344102,0.0015979710733518004,-0.00025829600053839386,-5.1990587962791324e-05,-0.0005689127719961107,-0.0007785081397742033,0.0008015261264517903,0.0004354978445917368,0.0007069724379107356,0.0011854516342282295,0.0011768301483243704,0.0006824095617048442,0.0015827601309865713,0.0008718437165953219,0.0010181344114243984,0.002896431367844343,0.0001834667200455442,-0.00044934151810593903,-0.0017916371580213308,0.00012640684144571424,-0.0013340195873752236,0.0005265081999823451
GL,7,2026-04-07 15:15:00+00:00,11:15,0.0005135542014613748,up,-0.004124498460441828,-0.0006770375766791403,-0.0009034288232214749,0.0023259453009814024,0.0031064734794199467,0.0016740785213187337,-0.0009121637558564544,0.0006184102967381477,0.000582273059990257,-0.00021346320863813162,0.0019671847112476826,0.0025604283437132835,0.0019662510603666306,0.0019968817941844463,0.0026478401850908995,0.0012450296198949218,0.003067757934331894,0.002948104403913021,0.00255402154289186,0.0011619095457717776,0.0005833955947309732,-0.00025011575780808926,-0.0015087769133970141,0.0006086552748456597,0.00037644998519681394,0.0005135542014613748
UHS,7,2026-04-07 15:15:00+00:00,11:15,0.0004671619972214103,up,-0.0011303180363029242,0.002128632040694356,0.00033104856265708804,0.0017905104905366898,0.0027448858600109816,0.00075827183900401,-0.0019112882437184453,-0.0012768949382007122,0.00044832174899056554,-0.001711954246275127,0.00036379380617290735,0.002245454117655754,0.0006596739985980093,0.0019334078533574939,0.001498364727012813,0.0015472507802769542,0.003382051596418023,0.0040054465644061565,0.0026510695461183786,0.001639879890717566,0.001340586575679481,-0.00020246964413672686,-0.0018226668471470475,0.0014314519939944148,-0.0010443063220009208,0.0004671619972214103
XYZ,7,2026-04-07 15:15:00+00:00,11:15,0.0004113392496947199,up,-0.009453507140278816,-0.007033078465610743,-0.013221335597336292,-0.010405688546597958,-0.012778458185493946,-0.01236666738986969,-0.015101638622581959,-0.009097795002162457,-0.010244612582027912,-0.011793524958193302,-0.007827534340322018,-0.0059415376745164394,-0.0054114083759486675,-0.0023474316112697124,-0.0016832499532029033,-0.004615403711795807,-0.0010322005255147815,-0.0022289110347628593,-0.003370048711076379,-0.005455722566694021,-0.005825242027640343,-0.009845159947872162,-0.009351755492389202,-0.001280936528928578,-0.0027483447920531034,0.0004113392496947199
ATO,7,2026-04-07 15:15:00+00:00,11:15,0.0003607174148783088,up,-0.0025983122177422047,-0.00025532112340442836,-1.2220627468195744e-05,0.0022521652281284332,0.0027960902079939842,0.001782438950613141,-0.0011281082406640053,-0.0005800098297186196,0.0009757356601767242,-0.00038011258584447205,0.0013467328390106559,0.0026899059303104877,0.002114088274538517,0.0020904061384499073,0.0023016766645014286,0.0022531577851623297,0.003786238841712475,0.0032283738255500793,0.0024233341682702303,0.001592409797012806,0.00030023421277292073,-0.0021866688039153814,-0.002897868165746331,0.00016762519953772426,0.0005199230508878827,0.0003607174148783088
HII,7,2026-04-07 15:15:00+00:00,11:15,0.00030329590663313866,up,-0.001270696404390037,0.0033183943014591932,-0.0007587395957671106,0.0035019097849726677,0.003362029092386365,0.0011406218400225043,-0.0009229956776835024,0.0010449556866660714,-0.002579235704615712,-0.002583847614005208,-0.0015708974096924067,0.00047399758477695286,0.000220625355723314,0.0016866247169673443,-0.0008765437523834407,-0.0007196039659902453,0.00021042738808318973,-0.0006911331438459456,-0.0035547688603401184,-0.003517700359225273,-0.006499336566776037,-0.004216245841234922,-0.0019367438508197665,0.0023338079918175936,0.0009317938820458949,0.00030329590663313866
CSCO,7,2026-04-07 15:15:00+00:00,11:15,0.00027413677889853716,up,-0.0010743229649960995,0.00041207895264960825,-0.0024695387110114098,-0.0008285667281597853,-0.0010404724162071943,-0.0016890321858227253,-0.00626742048189044,-0.005004677921533585,-0.003945333883166313,-0.002668177941814065,-0.00041738891741260886,0.0003212094306945801,-0.002639549085870385,-0.0007518426864407957,-0.00011351516150170937,-0.00105714937672019,0.00019907376554328948,-0.0002703167556319386,-0.0018827124731615186,-0.0023387090768665075,-0.003618618007749319,-0.004844400566071272,-0.005060053896158934,0.0005669410456903279,-0.002197316847741604,0.00027413677889853716
KO,7,2026-04-07 15:15:00+00:00,11:15,0.0002296610618941486,up,0.0016196214128285646,0.004155866336077452,0.003027256578207016,0.001760207931511104,0.008267716504633427,0.00651271129027009,0.004149825312197208,0.0002813971368595958,0.0014216353883966804,0.0003465925401542336,0.0028779159765690565,0.006891835015267134,0.0009239860228262842,0.0036472596693784,0.0048006135039031506,0.0012203189544379711,0.003713890677317977,0.0020381954964250326,0.0017153244698420167,0.0018617111491039395,0.0020956401713192463,0.003110197139903903,0.0011508666211739182,0.005936065223067999,0.0026643630117177963,0.0002296610618941486
DE,7,2026-04-07 15:15:00+00:00,11:15,0.00022255083604250103,up,-0.0024077193811535835,-0.0027559627778828144,-0.002760264091193676,-0.0011480955872684717,0.0011805091053247452,0.0012468956410884857,-0.0013955754693597555,-0.002111472887918353,-0.002877234946936369,-0.0018285028636455536,0.00025220582028850913,0.00043018325231969357,0.000527096155565232,0.0012399859260767698,0.0014281048206612468,0.00036092239315621555,0.0005138693377375603,0.0011033081682398915,0.0008023938280530274,0.0010186905274167657,0.0006295705679804087,-0.0011060828110203147,-0.0005797251942567527,0.002269814256578684,0.000140824617119506,0.00022255083604250103
CRM,7,2026-04-07 15:15:00+00:00,11:15,0.00017080255202017725,up,0.0021910215727984905,0.0016834180569276214,-0.0004174380737822503,0.003218073630705476,-0.0003982972411904484,-0.0006691497983410954,-0.0020722176413983107,-0.00022208668815437704,-0.0032484023831784725,-0.0033569165971130133,-8.144186722347513e-05,0.002163511235266924,0.0026772033888846636,0.002280090469866991,0.00010466552339494228,-0.000515530991833657,0.0032316602300852537,0.002959167817607522,0.0017463499680161476,0.00034682752448134124,9.92138811852783e-05,-0.003416353138163686,-0.0032401655334979296,-0.001435173791833222,-0.0025490119587630033,0.00017080255202017725
DG,7,2026-04-07 15:15:00+00:00,11:15,0.00015989664825610816,up,-0.0035934594925493,-0.000694317976012826,-0.006866971496492624,-0.00041744057671166956,-0.0040898374281823635,-0.006600983440876007,-0.008822829462587833,-0.004944230895489454,-0.004485209006816149,-0.005809191148728132,-0.0012579072499647737,-0.0006394968368113041,0.0010742426384240389,0.0005688112578354776,-0.0006019341526553035,0.0002938552643172443,0.00027539549046196043,0.0016531039727851748,-0.0001486324763391167,-0.003018103539943695,-0.002501020673662424,-0.004020888824015856,-0.0012595546431839466,0.0002609294024296105,0.00010306883632438257,0.00015989664825610816
GDDY,7,2026-04-07 15:15:00+00:00,11:15,0.0001473602169426158,up,-0.0007876702584326267,0.0037177340127527714,-0.005016431678086519,-0.0014458905206993222,-0.00523288082331419,-0.007289279252290726,-0.006965968292206526,-0.003967031370848417,0.0032735373824834824,0.001958330860361457,0.002134472830221057,0.00386540568433702,0.007316218223422766,0.009218499064445496,0.008244205266237259,0.00450300145894289,0.007504052482545376,0.0070099118165671825,0.003476311219856143,0.004028073512017727,0.0014952191850170493,-0.0008258410962298512,-0.0015056022675707936,0.0026475111953914165,-0.0031462847255170345,0.0001473602169426158
XEL,7,2026-04-07 15:15:00+00:00,11:15,0.0001226257300004363,up,-0.0017160708084702492,-0.0008349890122190118,-0.0020763103384524584,-0.00025740463752299547,0.0008898995001800358,-0.0006734109483659267,-0.002227993682026863,-0.0018298195209354162,-0.0013447488890960813,-0.0020867129787802696,0.0003942494804505259,0.0005040402757003903,-0.00030724803218618035,0.00048421096289530396,0.00013756257249042392,-0.0005974211380816996,-0.0004673680814448744,-0.0006203761440701783,-0.0008323260699398816,-0.00022161526430863887,-0.0011749222176149487,-0.004688039422035217,-0.0037405090406537056,-0.00024589765234850347,-0.0007272688671946526,0.0001226257300004363
HLT,7,2026-04-07 15:15:00+00:00,11:15,0.00011159318819409236,up,-0.0011695531429722905,0.001438937964849174,0.0027706993278115988,0.0029845689423382282,0.0031362043228000402,0.002015054691582918,-5.664389755111188e-05,0.0018101342720910907,-0.0009315786301158369,-0.0023353740107268095,0.00029734912095591426,-0.0003542181511875242,0.001067278441041708,0.0011651457753032446,0.0008645031484775245,-3.6568781069945544e-05,0.002596805803477764,0.0006966578075662255,0.0003475263074506074,0.0009187458781525493,0.0004474023880902678,-0.002183161210268736,-0.003931393381208181,-0.0015952337998896837,-0.003307434730231762,0.00011159318819409236
GEV,7,2026-04-07 15:15:00+00:00,11:15,0.00011046181316487491,up,-0.009508374147117138,-0.008287174627184868,-0.010966973379254341,-0.006829916499555111,-0.006465503480285406,-0.00867767259478569,-0.011153568513691425,-0.006245477590709925,-0.009439308196306229,-0.004381329286843538,-0.0048595876432955265,-0.004468056373298168,-0.006481357850134373,-0.005756118800491095,-0.006457364186644554,-0.008317175321280956,-0.006758187431842089,-0.007675331551581621,-0.005188452545553446,-0.006757898256182671,-0.008735482580959797,-0.009354840964078903,-0.007473380770534277,-0.003227273700758815,-0.004945530090481043,0.00011046181316487491
ANET,7,2026-04-07 15:15:00+00:00,11:15,0.00010143886902369559,up,-0.011225405149161816,-0.014179635792970657,-0.017736636102199554,-0.012844969518482685,-0.013283280655741692,-0.018734393641352654,-0.02352728135883808,-0.01765061542391777,-0.01548619382083416,-0.013198214583098888,-0.007571493275463581,-0.005865870974957943,-0.004338157828897238,-0.007606064435094595,-0.006736161187291145,-0.010277722030878067,-0.005455877166241407,-0.004447173792868853,-0.006690020672976971,-0.006742668338119984,-0.0076332115568220615,-0.011905679479241371,-0.009890913031995296,-0.005379898473620415,-0.0077294474467635155,0.00010143886902369559
AES,7,2026-04-07 15:15:00+00:00,11:15,0.00010103711247211322,up,-0.00016668392345309258,0.000533902901224792,-2.8833474061684683e-05,-9.52567788772285e-05,0.0008760269265621901,0.00030049061751924455,-0.000523537106346339,-0.0013360176235437393,-0.0015775463543832302,-0.001771067618392408,0.0004954735049977899,8.869767771102488e-05,-0.00043994298903271556,0.00028936873422935605,6.806423334637657e-05,-0.0008794796885922551,0.0014334432780742645,0.0014683216577395797,0.001301027718000114,0.0014413150493055582,0.0016383799957111478,-0.0001845896040322259,-0.0006640770589001477,0.000947296095546335,-0.0010157853830605745,0.00010103711247211322
EA,7,2026-04-07 15:15:00+00:00,11:15,5.190643423702568e-05,up,-0.0035254491958767176,-0.0028096786700189114,-0.0012575326254591346,-0.0008007618016563356,0.0024660187773406506,0.0012419953709468246,3.521556573105045e-05,-0.002874018857255578,-0.002108876360580325,5.948045145487413e-05,0.001024171942844987,3.217450648662634e-05,-3.54804506059736e-05,4.998135409550741e-05,-0.0001694259699434042,0.00010302495502401143,0.0006543908384628594,0.0013012973358854651,0.0007842862978577614,0.001423605135641992,-0.00032593857031315565,-0.0010621404508128762,-0.0014423136599361897,-0.0012179567711427808,-0.0007495028548873961,5.190643423702568e-05
PM,7,2026-04-07 15:15:00+00:00,11:15,2.0229050278430805e-05,up,0.0004971080925315619,0.004504567012190819,0.00012091294047422707,0.001005625119432807,0.0032886310946196318,0.0004455413727555424,-0.0009391239727847278,0.0022012614645063877,0.00018826145969796926,0.00026697292923927307,0.0033566406928002834,0.0024950499646365643,0.0011563017033040524,0.002050243318080902,-0.0007479218184016645,-0.000962700811214745,0.0011275693541392684,0.0021303556859493256,0.0018217915203422308,0.001329462043941021,0.0029727930668741465,0.002916468307375908,0.005304353777319193,0.004748529754579067,0.0015991679392755032,2.0229050278430805e-05
PNR,7,2026-04-07 15:15:00+00:00,11:15,-1.0159543307963759e-05,down,-0.004213542211800814,-0.0027038862463086843,-0.004893803503364325,-0.002624219050630927,-0.0020590161439031363,-0.002985291415825486,-0.005536666605621576,-0.004211570136249065,-0.0038491312880069017,-0.0036813553888350725,-0.00046816535177640617,-0.0005985397729091346,-0.00040057237492874265,-1.5247315786837135e-05,0.0005106191383674741,-0.0012322450056672096,-0.001058391761034727,-0.0012597336899489164,-0.0013215942308306694,-0.0007172421319410205,-0.0006298258667811751,-0.0025837195571511984,-0.0035675805993378162,0.0007939732749946415,-0.0010839313035830855,-1.0159543307963759e-05
GPN,7,2026-04-07 15:15:00+00:00,11:15,-2.0126079107285477e-05,down,-0.004967267159372568,0.0030664633959531784,-0.0046834624372422695,0.0009614250739105046,-0.006492991931736469,-0.005707732867449522,-0.010996071621775627,-0.00981552992016077,-0.008146435022354126,-0.012646322138607502,-0.011890380643308163,-0.010111657902598381,-0.0036615889985114336,-0.002057806821539998,-0.004932524170726538,-0.008106086403131485,-0.0031631451565772295,-0.0036799050867557526,-0.004424348473548889,-0.007290855050086975,-0.007137952372431755,-0.00880275759845972,-0.009905444458127022,-0.004572461359202862,-0.008483938872814178,-2.0126079107285477e-05
TMO,7,2026-04-07 15:15:00+00:00,11:15,-3.077575092902407e-05,down,-0.0057005854323506355,-0.005112508311867714,-0.005508333910256624,-0.0031806863844394684,-0.004234933760017157,-0.005534416064620018,-0.0065030683763325214,-0.006726359017193317,-0.00872490368783474,-0.008506692945957184,-0.004363023675978184,-0.0033583189360797405,-0.0037115782033652067,-0.004018994513899088,-0.0030274083837866783,-0.003994950093328953,-0.0010815293062478304,-0.0005163529422134161,-0.0024730453733354807,-0.0022330780047923326,-0.0022729102056473494,-0.004810445476323366,-0.005637393798679113,-0.0035393780563026667,-0.004652124829590321,-3.077575092902407e-05
APTV,7,2026-04-07 15:15:00+00:00,11:15,-3.202976586180739e-05,down,-0.007236617151647806,-0.0007736561819911003,-0.004188699182122946,-0.0003734753408934921,-0.005721711553633213,-0.00699481088668108,-0.011790583841502666,-0.009814138524234295,-0.01035298965871334,-0.013689874671399593,-0.009854613803327084,-0.00872702244669199,-0.006147927138954401,-0.004100825171917677,-0.007307035848498344,-0.007907678373157978,-0.006715312600135803,-0.005932987201958895,-0.007567879743874073,-0.008964297361671925,-0.007648381404578686,-0.010396745055913925,-0.009609577246010303,-0.005049332045018673,-0.00861235149204731,-3.202976586180739e-05
CPAY,7,2026-04-07 15:15:00+00:00,11:15,-0.0001898998161777854,down,0.0017861630767583847,0.0055336602963507175,0.004420774523168802,0.004830679390579462,0.0034543622750788927,0.0027699130587279797,-0.00046998372999951243,0.0023871937301009893,0.002833970822393894,0.0013999704970046878,0.0042030466720461845,0.004220403730869293,0.004189019091427326,0.0068993521854281425,0.0036710684653371572,0.002765907673165202,0.006573246791958809,0.004446971695870161,0.002915792167186737,0.0012057400308549404,0.0004724516475107521,-0.0020531334448605776,-0.0031937784515321255,0.0020144935697317123,-0.0003132396668661386,-0.0001898998161777854
UAL,7,2026-04-07 15:15:00+00:00,11:15,-0.00019121843797620386,down,-0.005397340282797813,-0.0007893802830949426,-0.0060305409133434296,-0.0013760701986029744,-0.011354203335940838,-0.010050151497125626,-0.016803128644824028,-0.010699089616537094,-0.011839215643703938,-0.010963845998048782,-0.007707113400101662,-0.009608013555407524,-0.007999549619853497,-0.0035078516229987144,-0.003007640363648534,-0.003002491779625416,-0.00321103073656559,-0.0047190566547214985,-0.0062750536017119884,-0.006015828810632229,-0.003298662370070815,-0.007253983058035374,-0.008558850735425949,0.001914299908094108,-0.0017155789537355304,-0.00019121843797620386
ES,7,2026-04-07 15:15:00+00:00,11:15,-0.00019937918114010245,down,-0.0026134427171200514,-0.0016555215697735548,-0.0018498492427170277,0.0005586069310083985,0.0028962455689907074,0.0016005714423954487,0.0003193969023413956,-0.00027478960691951215,-0.0007127933204174042,-0.0014441775856539607,0.000668622087687254,0.0011769812554121017,0.00041841462370939553,0.0006534838466905057,0.00024331265012733638,-0.0004792297550011426,0.0008617194253019989,0.0004567002470139414,0.0013107804115861654,0.0011420244118198752,0.0003280332311987877,-0.0017900336533784866,-0.0005966664757579565,0.0016929529374465346,0.0006329441675916314,-0.00019937918114010245
CMS,7,2026-04-07 15:15:00+00:00,11:15,-0.0002670890826266259,down,-0.0016966074472293258,0.00016758832498453557,-0.0009097268339246511,0.0012623266084119678,0.0026320982724428177,-0.000248367345193401,-0.0021799954120069742,-0.001609710161574185,-0.00019470379629638046,-0.0006094160489737988,0.0018855276284739375,0.0019701439887285233,0.0014166416367515922,0.001370066893287003,0.0005861670942977071,-0.00025205028941854835,0.0003208194684702903,0.0001954886974999681,0.00035662989830598235,0.0014088395982980728,0.0001324010663665831,-0.003542373888194561,-0.0036089669447392225,-0.0008525657467544079,-0.0030712985899299383,-0.0002670890826266259
CINF,7,2026-04-07 15:15:00+00:00,11:15,-0.0003610798448789865,down,0.0010221025440841913,0.0030252558644860983,0.0011018591467291117,0.0036025741137564182,0.0045767612755298615,0.0025848133955150843,0.0005029413150623441,0.001555858994834125,0.002383183455094695,0.0019162927055731416,0.003345079720020294,0.0035140474792569876,0.003315221518278122,0.0030139535665512085,0.003141213208436966,0.0027627747040241957,0.003650491125881672,0.002500352682545781,0.0018688039854168892,0.0015222846996039152,0.0005726651288568974,-0.0015408049803227186,-0.0027600626926869154,0.0001408124517183751,-0.0024519204162061214,-0.0003610798448789865
STT,7,2026-04-07 15:15:00+00:00,11:15,-0.000367903703590855,down,-0.0008369736024178565,0.002029415685683489,0.0009018572745844722,0.0036932106595486403,8.963832806330174e-05,-0.002942057093605399,-0.0024362190160900354,-0.0017015356570482254,-0.002462445991113782,-0.00319497543387115,-0.0010891662677749991,-4.6578486944781616e-05,-0.0010747109772637486,-0.002590603893622756,-0.0014502143021672964,-0.002366973552852869,-0.0011142073199152946,0.00037160859210416675,-0.0014106049202382565,0.0001517802884336561,-0.003576738992705941,-0.004928284790366888,-0.005024967715144157,-0.0017049966845661402,-0.002832375932484865,-0.000367903703590855
FTNT,7,2026-04-07 15:15:00+00:00,11:15,-0.00037745482404716313,down,-0.005798118654638529,-0.0047988672740757465,-0.00805162638425827,-0.00541570084169507,-0.0053248293697834015,-0.008387576788663864,-0.010881352238357067,-0.007433699443936348,-0.006466054357588291,-0.005438670050352812,-0.004110720474272966,-0.004627802409231663,-0.003843313781544566,-0.0024479718413203955,-0.001548612373881042,-0.003487642854452133,-0.0007608496816828847,-0.0013255944941192865,-0.0018201519269496202,-0.0024942809250205755,-0.003273078938946128,-0.005198428872972727,-0.005563206970691681,-0.0011625769548118114,-0.001633465406484902,-0.00037745482404716313
INVH,7,2026-04-07 15:15:00+00:00,11:15,-0.0004304975154809654,down,-0.002954398049041629,-0.0001934249885380268,-0.000899330188985914,0.00018723402172327042,0.0013060789788141847,-0.0010076743783429265,-0.0022732699289917946,-5.6412343838019297e-05,-0.000637992168776691,-5.405261617852375e-05,0.0013704352313652635,0.0025863987393677235,0.001616774476133287,0.0017650523222982883,0.0020485776476562023,0.0014137200778350234,0.0020052853506058455,0.0023990541230887175,0.0022210844326764345,0.00193329481408,0.001220250385813415,-0.0011292226845398545,-0.001334969187155366,0.001178833656013012,0.0008187866769731045,-0.0004304975154809654
BSX,7,2026-04-07 15:15:00+00:00,11:15,-0.0004745593178085983,down,-0.009464063681662083,-0.009221010841429234,-0.014082889072597027,-0.013181935995817184,-0.009353301487863064,-0.010229911655187607,-0.017112527042627335,-0.014818357303738594,-0.014559363946318626,-0.015565050765872002,-0.012814047746360302,-0.010747120715677738,-0.008850159123539925,-0.009471546858549118,-0.009468154050409794,-0.009855644777417183,-0.006009860895574093,-0.008073222823441029,-0.005821649916470051,-0.007378005422651768,-0.006713289301842451,-0.008828583173453808,-0.005269012413918972,0.0002923879656009376,0.0002957633405458182,-0.0004745593178085983
PH,7,2026-04-07 15:15:00+00:00,11:15,-0.0004770594241563231,down,-0.0031550570856779814,-0.002366006840020418,-0.004278716165572405,0.00031222891993820667,0.00010879891488002613,-0.0022267817985266447,-0.003686889773234725,-0.0038445659447461367,-0.006448510102927685,-0.0038706157356500626,-0.0014522228157147765,-0.0008381871739402413,-0.0002899123355746269,0.0004897042526863515,-0.0013763455208390951,-0.00254106055945158,-0.0007313508540391922,0.00021049872157163918,-0.0011779948836192489,-0.0024880864657461643,-0.004025417845696211,-0.004586825612932444,-0.005982076283544302,-0.000957864336669445,-0.003316860646009445,-0.0004770594241563231
L,7,2026-04-07 15:15:00+00:00,11:15,-0.0004770802042912692,down,-0.0014298197347670794,0.0019075451418757439,0.0028998954221606255,0.0027247287798672915,0.005228368099778891,0.004066715482622385,0.004894822370260954,0.0015054563991725445,0.0025872846599668264,0.0008805487887002528,0.00176584895234555,0.002120418008416891,0.001327578560449183,0.0016392843099310994,0.0015072200912982225,0.0011920222314074636,0.0020931309554725885,0.001101196277886629,0.0007007101667113602,-4.640492988983169e-05,-1.1131438441225328e-05,-0.002395238261669874,-0.002313099103048444,0.0005784899112768471,-0.0005885711871087551,-0.0004770802042912692
EMR,7,2026-04-07 15:15:00+00:00,11:15,-0.0005113775841891766,down,-0.006598025560379028,-0.005443111062049866,-0.00762900011613965,-0.0038519268855452538,-0.003995437640696764,-0.0036673403810709715,-0.0074450550600886345,-0.004902361426502466,-0.004022279754281044,-0.005115842912346125,-0.004447118379175663,-0.0030466734897345304,-0.0011835662880912423,-0.0021296516060829163,-0.002843651454895735,-0.003344865282997489,-0.0012488956563174725,-0.0006491385283879936,-0.001714254729449749,-0.0016102869994938374,-0.003146216506138444,-0.005172636825591326,-0.006349925417453051,-0.001248981454409659,-0.0031794270034879446,-0.0005113775841891766
JBHT,7,2026-04-07 15:15:00+00:00,11:15,-0.0005433250335045159,down,-0.0012743680272251368,0.0012842072173953056,-0.000562971574254334,0.0026737358421087265,0.0010234086075797677,-0.0004736457485705614,-0.005308718420565128,-0.001864536665380001,-0.0027030999772250652,-0.003470078809186816,-0.0007327775238081813,0.0004415469302330166,5.871597022633068e-05,0.0010307534830644727,0.0008423711406067014,-4.256024112692103e-05,0.0024344848934561014,0.00018914435349870473,0.0008594314567744732,0.00010215323709417135,-0.00025381441810168326,-0.0032667769119143486,-0.0037308610044419765,0.0011268923990428448,-0.001227343687787652,-0.0005433250335045159
DGX,7,2026-04-07 15:15:00+00:00,11:15,-0.0005534538649953902,down,-0.00214144354686141,-0.00015759280358906835,-0.00013492503785528243,0.0012762908590957522,0.001803286955691874,0.001085263560526073,-0.00042299076449126005,-0.0004143763508182019,-0.0007918548653833568,-0.0015672737499698997,-7.609009480802342e-05,-0.00012111704563722014,-0.0005241849576123059,-0.00021909037604928017,0.00039608252700418234,-0.0008205174235627055,0.0018154012504965067,0.002520464826375246,0.0016157025238499045,0.00020750088151544333,-0.0015875675017014146,-0.002539340639486909,-0.00422766525298357,-0.0016466911183670163,-0.002231961814686656,-0.0005534538649953902
O,7,2026-04-07 15:15:00+00:00,11:15,-0.0005746589740738273,down,-0.0029637066181749105,-0.0007742484449408948,-0.0011913685593754053,-0.0009609349071979523,0.0009180803899653256,7.022918453003513e-06,-0.00156190968118608,-1.091512240236625e-05,0.000328528112731874,-0.0016951425932347775,0.0010830563260242343,0.00016020068142097443,-0.0005516483797691762,-0.0006554382853209972,0.0001901191280921921,-0.0004406945372465998,0.0014127504546195269,0.0020619947463274,0.002175722736865282,0.0022344638127833605,0.002231030957773328,0.0003787665336858481,0.0006018784479238093,0.0007833287236280739,-0.001987809780985117,-0.0005746589740738273
FDX,7,2026-04-07 15:15:00+00:00,11:15,-0.0005847911816090345,down,-0.004706565756350756,-0.00380492745898664,-0.003932911902666092,-0.0014278664020821452,-0.0003895813715644181,-0.0028799152933061123,-0.004395151510834694,-0.00405506044626236,-0.005492465104907751,-0.004719953052699566,-0.002715330570936203,-0.0010589694138616323,-0.0007190993055701256,-0.0013507865369319916,-0.0017178592970594764,-0.002786642638966441,-0.0011162807932123542,-0.0016732884105294943,-0.0018437786493450403,-0.002179492497816682,-0.002525297226384282,-0.005423060152679682,-0.005864726845175028,-0.002651213901117444,-0.0033483500592410564,-0.0005847911816090345
AMZN,7,2026-04-07 15:15:00+00:00,11:15,-0.0006101359031163156,down,-0.008952837437391281,-0.009171951562166214,-0.016366155818104744,-0.01276607159525156,-0.015562101267278194,-0.01593196950852871,-0.015909094363451004,-0.011018133722245693,-0.014179764315485954,-0.010573972947895527,-0.00938353966921568,-0.009910687804222107,-0.011528898030519485,-0.012103497050702572,-0.009573203511536121,-0.009795987978577614,-0.006167806684970856,-0.007404630538076162,-0.004916210658848286,-0.006936272606253624,-0.00908722449094057,-0.011924379505217075,-0.009340320713818073,-0.006200805772095919,-0.004488272592425346,-0.0006101359031163156
SYF,7,2026-04-07 15:15:00+00:00,11:15,-0.0006355972145684063,down,-0.0055517954751849174,-0.004739530384540558,-0.006468246225267649,-0.0036645575892180204,-0.002763341646641493,-0.0032172768842428923,-0.007664539851248264,-0.005461165681481361,-0.006598974112421274,-0.0067854528315365314,-0.004823076073080301,-0.00465004937723279,-0.0035471925511956215,-0.0029165379237383604,-0.0019248317694291472,-0.0038184893783181906,-7.410354010062292e-05,-0.00040760476258583367,-0.0018913672538474202,-0.002325549488887191,-0.0034925758372992277,-0.004245069343596697,-0.004838739987462759,0.0002278762694913894,-0.0020348357502371073,-0.0006355972145684063
GCUSD,7,2026-04-07 15:15:00+00:00,11:15,-0.0006356489029712975,down,-0.00509854219853878,-0.003154242178425193,-0.006669372785836458,-0.002745520556345582,-0.001544778817333281,-0.004647064954042435,-0.004359573591500521,-0.003851806279271841,-0.006740514189004898,-0.004678037483245134,-0.0024861209094524384,-0.00154255295637995,-0.0022466203663498163,-0.002324986271560192,-0.002810161327943206,-0.003336023073643446,-0.002804463729262352,-0.001414959435351193,-0.0024493231903761625,-0.0034262784756720066,-0.004413542337715626,-0.00593526428565383,-0.006356068421155214,-0.003106360789388418,-0.005198183469474316,-0.0006356489029712975
CAH,7,2026-04-07 15:15:00+00:00,11:15,-0.00065048155374825,down,-0.006019339431077242,-0.002128469292074442,-0.0029176680836826563,-0.0018325148848816752,-0.0013105490943416953,-0.0028598990757018328,-0.004786827135831118,-0.004133334383368492,-0.004874700680375099,-0.0036270495038479567,-0.0006164632504805923,-0.0012331574689596891,-0.0011676880531013012,-0.00044267295743338764,-0.0011446783319115639,-0.0013862611958757043,0.0017288911622017622,0.0007743391906842589,-0.00013329373905435205,-0.0002600644074846059,-0.0008233230910263956,-0.0030188511591404676,-0.0037895229179412127,-0.0010716706747189164,-0.0012497688876464963,-0.00065048155374825
ERIE,7,2026-04-07 15:15:00+00:00,11:15,-0.0006507601938210428,down,0.004157891497015953,0.006674835458397865,0.0044037229381501675,0.0072432272136211395,0.007466035895049572,0.005584985949099064,0.002821684116497636,0.003715620841830969,0.0021595994476228952,0.001222724560648203,0.0039519513957202435,0.007121772971004248,0.003715737024322152,0.003931255545467138,0.0025880918838083744,0.0018254793249070644,0.004113432485610247,0.004164762329310179,0.003941663075238466,0.004186486825346947,0.002924893982708454,0.0029806694947183132,0.0017377997282892466,0.0042557744309306145,6.807641329942271e-05,-0.0006507601938210428
ZBH,7,2026-04-07 15:15:00+00:00,11:15,-0.0006677829078398645,down,-0.0034439354203641415,-0.0030165419448167086,-0.0027126057539135218,-0.001434287172742188,0.00015855110541451722,-0.0013977892231196165,-0.004549708217382431,-0.00397948082536459,-0.002816752763465047,-0.0038284440524876118,-0.0025101574137806892,-0.0021504401229321957,-0.002272214274853468,-0.001268577529117465,0.00023662447347305715,-0.0007272996590472758,0.0009438343113288283,0.0010644173016771674,0.00028401523013599217,0.0008997636614367366,0.000423519522882998,-0.0011376779293641448,-0.0016509421402588487,0.0015566246584057808,9.198160114465281e-06,-0.0006677829078398645
MLM,7,2026-04-07 15:15:00+00:00,11:15,-0.0006862254813313484,down,0.0030526260379701853,0.002437239745631814,0.004065509419888258,0.0052117533050477505,0.006752510089427233,0.0034510865807533264,0.001605331664904952,0.0015346406726166606,-0.003421804867684841,-0.001735332771204412,-0.0005852996255271137,0.0018578899325802922,0.0012592546408995986,6.935099372640252e-05,-0.000733961584046483,-0.00015196394815575331,0.0019380884477868676,0.0016556521877646446,0.0003160296764690429,-0.000717527698725462,-0.0019496537279337645,-0.002518903696909547,-0.0024747736752033234,-0.00022102582443039864,-0.002960189711302519,-0.0006862254813313484
COR,7,2026-04-07 15:15:00+00:00,11:15,-0.0006958336452953517,down,-0.0063430494628846645,-0.003136606188490987,-0.0014310115948319435,0.000393103837268427,0.002878580940887332,0.0008341025095432997,-0.0008545014425180852,-0.0020621074363589287,-0.0018247299594804645,-0.0009819295955821872,0.0009719855152070522,2.0064555428689346e-05,-0.0007126220152713358,-0.00030114411492832005,-0.000969781365711242,-0.0014965373557060957,-0.0002462274569552392,0.00021396399824880064,-0.0006552920676767826,0.00018015014939010143,0.0009910668013617396,-0.0013102022930979729,-0.0026490315794944763,1.6802383470349014e-05,-0.002372739603742957,-0.0006958336452953517
ETN,7,2026-04-07 15:15:00+00:00,11:15,-0.000710856169462204,down,-0.0029860760550945997,-0.0036929117050021887,-0.005392733030021191,-0.0018388008465990424,-0.002103704959154129,-0.004316281992942095,-0.006317040417343378,-0.005213508382439613,-0.006414706818759441,-0.004703421611338854,-0.002242420567199588,-0.002054754178971052,-0.0023147582542151213,-0.002932224189862609,-0.003292528446763754,-0.002734486712142825,-0.0018117889994755387,-0.0018852358916774392,-0.001615492394194007,-0.002557571977376938,-0.001628060475923121,-0.004338441416621208,-0.004751224536448717,-0.00041405638330616057,-0.0025589484721422195,-0.000710856169462204
TKO,7,2026-04-07 15:15:00+00:00,11:15,-0.0007247149478644133,down,0.004692071117460728,0.005006114486604929,0.003391325706616044,0.003630137536674738,0.00037199820508249104,-0.0004745018668472767,-0.004085581749677658,-0.001948790391907096,-0.0044495342299342155,-0.0036588835064321756,-0.003825379768386483,-0.0021681238431483507,-0.003380347741767764,-0.005863938480615616,-0.007627701852470636,-0.00734623521566391,-0.005987088195979595,-0.004763020668178797,-0.006909450516104698,-0.00416575139388442,-0.004918053280562162,-0.006264298688620329,-0.005013562738895416,-0.0029656547121703625,-0.00488217081874609,-0.0007247149478644133
DTE,7,2026-04-07 15:15:00+00:00,11:15,-0.0007456967141479254,down,-7.712137448834255e-05,0.0023144586011767387,0.0003994895960204303,0.003021435346454382,0.005207340698689222,0.0023373058065772057,0.0002720013726502657,0.0008438683580607176,0.002223006682470441,0.0008363198139704764,0.0014486530562862754,0.00260852905921638,0.0025800946168601513,0.002212816383689642,0.0023691735696047544,0.001415217760950327,0.002744872123003006,0.0031611337326467037,0.0019315237877890468,0.0021004932932555676,0.001314155524596572,-0.0003134572471026331,-0.00123825971968472,0.0005532752256840467,-0.0004903603112325072,-0.0007456967141479254
HON,7,2026-04-07 15:15:00+00:00,11:15,-0.0007728125201538205,down,-0.0013099557254463434,0.0009156841551885009,-0.00026574215735308826,-0.0008471157634630799,-0.0005720506305806339,-0.0026220730505883694,-0.0045213657431304455,-0.005515136756002903,-0.006512030493468046,-0.0061960075981915,-0.00416230084374547,-0.004140906967222691,-0.005583074409514666,-0.0058271619491279125,-0.006749465595930815,-0.006258812267333269,-0.005559355486184359,-0.005036426708102226,-0.005195732228457928,-0.0037101043853908777,-0.003986500669270754,-0.005541082005947828,-0.0053428467363119125,-0.004112401511520147,-0.004376674070954323,-0.0007728125201538205
FISV,7,2026-04-07 15:15:00+00:00,11:15,-0.0007917102775536478,down,-0.007748662494122982,-0.005654946435242891,-0.006602969020605087,-0.005592223256826401,-0.00682784104719758,-0.0066850678995251656,-0.00953621231019497,-0.00728167500346899,-0.008592512458562851,-0.00909695029258728,-0.005370790138840675,-0.0031768486369401217,-0.0025563978124409914,-9.347682498628274e-05,0.0004863574868068099,-0.0023358985781669617,0.00010628301970427856,-0.0005752592696808279,-0.0015942608006298542,-0.0012185117229819298,-0.0013123647077009082,-0.005981455557048321,-0.006150679662823677,-0.000647618027869612,-0.00443085515871644,-0.0007917102775536478
EVRG,7,2026-04-07 15:15:00+00:00,11:15,-0.000858605548273772,down,-0.003612129483371973,-0.002510226331651211,-0.00263283122330904,-0.0009053279645740986,-0.00011736305168597028,-0.002495678374543786,-0.003735557897016406,-0.0031669875606894493,-0.002838271902874112,-0.00278175575658679,-0.00012688915012404323,9.688458521850407e-05,-0.000724397599697113,-0.00042041775304824114,-0.0007935696048662066,-0.0017617532284930348,-0.0005721443449147046,-0.0011829221621155739,-0.0012103361077606678,-0.00047598680248484015,-0.0014241604367271066,-0.005358687601983547,-0.0042560407891869545,-0.0009303232654929161,-0.0007341245072893798,-0.000858605548273772
IEX,7,2026-04-07 15:15:00+00:00,11:15,-0.0008719782344996929,down,-0.001308039529249072,0.0019295333186164498,0.0007028569816611707,0.0030950719956308603,0.0014975278172641993,0.0004388411180116236,-0.0023895232006907463,-0.0007237753015942872,-0.0022990352008491755,-0.0018855443922802806,-0.0008751452551223338,0.00036280506174080074,8.9973647845909e-05,0.0005933363572694361,-0.0003018940915353596,-0.0014728758251294494,0.00040914869168773293,0.0010508894920349121,-0.00023359988699667156,-0.000781373877543956,-0.0020293148700147867,-0.0027711805887520313,-0.003822208847850561,-1.3297443729243241e-05,-0.0017403067322447896,-0.0008719782344996929
URI,7,2026-04-07 15:15:00+00:00,11:15,-0.0008750947890803218,down,-0.00267629511654377,-0.0021400386467576027,-0.004031496122479439,-0.00023857451742514968,0.0004184118006378412,-9.923813195200637e-05,-0.003125463379547,-0.002532909158617258,-0.005430797580629587,-0.005801036953926086,-0.003361090086400509,-0.0016873445129022002,-0.0026242288295179605,-0.002520153298974037,-0.0014861378585919738,-0.002717080991715193,-0.0015551296528428793,-0.0011939608957618475,-0.0026211158838123083,-0.002632338320836425,-0.0030680904164910316,-0.0036448512692004442,-0.004858740139752626,-0.0014507115120068192,-0.004234354477375746,-0.0008750947890803218
WELL,7,2026-04-07 15:15:00+00:00,11:15,-0.0009046246414072812,down,-0.001761663006618619,0.0004625980509445071,0.0002485344302840531,0.002002906519919634,0.003048163605853915,0.002635099459439516,0.0011795751051977277,0.002717420691624284,0.0019789396319538355,0.0007446878589689732,0.0016927886754274368,0.0016206034924834967,0.0024510296061635017,0.0017580933636054397,0.0009438042179681361,0.0016546970000490546,0.003204107517376542,0.002741023898124695,0.0027329009026288986,0.002518352819606662,0.0010068286210298538,-0.0010832558618858457,-0.002800007350742817,-0.0005420565139502287,-0.0003502369800116867,-0.0009046246414072812
WFC,7,2026-04-07 15:15:00+00:00,11:15,-0.0009072001557797194,down,-0.005517828278243542,-0.0011056014336645603,-0.004053459037095308,-0.0011832232121378183,-0.000457901245681569,-0.0005131657235324383,-0.0035351477563381195,-0.0022013820707798004,-0.0036713622976094484,-0.005128774326294661,-0.0021909186616539955,-0.0025461185723543167,-0.003524219384416938,-0.0018353424966335297,-0.00010393083357485011,-0.0010988368885591626,-0.0005804509855806828,-0.0022577864583581686,-0.0012986398069187999,-0.00038527726428583264,-0.0014769627014175057,-0.0019782227464020252,-0.0038161661941558123,-0.00018172994896303862,-0.0015657962067052722,-0.0009072001557797194
EQIX,7,2026-04-07 15:15:00+00:00,11:15,-0.0009495997801423073,down,0.003047437174245715,0.00010359236330259591,-0.00012317989603616297,-6.398386904038489e-05,0.003909050486981869,0.0017438343493267894,-0.0006930128438398242,0.0006300702807493508,-0.0030628882814198732,-0.0013933648588135839,0.0012982498155906796,0.0028467033989727497,0.0009422111907042563,0.000994709669612348,0.0005065249861218035,-5.716956366086379e-05,0.001715968712233007,0.0008093590731732547,-0.00041599138057790697,0.0006768860039301217,-0.0015745687996968627,-0.0048674726858735085,-0.003495042212307453,-0.003072032006457448,-0.0070295678451657295,-0.0009495997801423073
ISRG,7,2026-04-07 15:15:00+00:00,11:15,-0.0009747762815095484,down,-0.007063488941639662,-0.004102120641618967,-0.005847342777997255,-0.0013563658576458693,-0.0026356137823313475,-0.00575619749724865,-0.005937040783464909,-0.004375092219561338,-0.005039163399487734,-0.006660060957074165,-0.0030864195432513952,-0.002845452167093754,-0.0030190544202923775,-0.003913737367838621,-0.004960932768881321,-0.005090957973152399,-0.004165796097368002,-0.0037165877874940634,-0.004526109434664249,-0.0037101106718182564,-0.0038182802964001894,-0.005675819236785173,-0.005812822375446558,-0.0026159598492085934,-0.0039218454621732235,-0.0009747762815095484
NTRS,7,2026-04-07 15:15:00+00:00,11:15,-0.0009936315473169088,down,-0.001696246676146984,0.0007080386276356876,-0.0017334388103336096,0.001154600759036839,-0.0002472175983712077,-0.0021404826547950506,-0.0044977180659770966,-0.002932731993496418,-0.004650333896279335,-0.003120557637885213,-0.0019958463963121176,0.0005078866379335523,3.998573811259121e-05,0.0004195928340777755,-0.00030892956419847906,-0.0011560780694708228,-0.00020906062854919583,-0.00013629530440084636,-0.0015396344242617488,-0.0010847564553841949,-0.0015135100111365318,-0.0032791164703667164,-0.0023338457103818655,0.0017818257911130786,-0.0005092103965580463,-0.0009936315473169088
MA,7,2026-04-07 15:15:00+00:00,11:15,-0.001014484791085124,down,-0.007160969544202089,-0.0047634015791118145,-0.005834976211190224,-0.0025316134560853243,-0.0020006883423775434,-0.003997911233454943,-0.004883476998656988,-0.005508333910256624,-0.007213765289634466,-0.005882524885237217,-0.002592194825410843,-0.002431133296340704,-0.0021489798091351986,-0.003124317154288292,-0.00231363857164979,-0.0026027881540358067,1.105146475310903e-05,-0.0010252922074869275,-0.0017287866212427616,-0.0010335880797356367,-0.0006926010828465223,-0.00215105339884758,-0.004192147869616747,-0.00075688207289204,-0.002619832055643201,-0.001014484791085124
NI,7,2026-04-07 15:15:00+00:00,11:15,-0.0010229465551674366,down,-0.002735213376581669,0.0011631613597273827,0.0011546853929758072,0.003034984925761819,0.0047154719941318035,0.0033879359252750874,0.00019065085507463664,-0.00010418661986477673,0.001676249667070806,0.0012855434324592352,0.0036504026502370834,0.003304735291749239,0.0015016174875199795,0.002346189459785819,0.0012400088598951697,0.001257813535630703,0.002497313776984811,0.002751494525000453,0.0023821701761335135,0.0033183088526129723,0.0023208260536193848,-0.0014282910851761699,-0.0016576772322878242,0.0012750733876600862,-0.0007031024433672428,-0.0010229465551674366
PFE,7,2026-04-07 15:15:00+00:00,11:15,-0.0010251806816086173,down,-0.018132003024220467,-0.009881829842925072,-0.015447087585926056,-0.010028025135397911,-0.007287963293492794,-0.0075803715735673904,-0.008768962696194649,-0.012656076811254025,-0.01229489129036665,-0.014345821924507618,-0.009807159192860126,-0.007262808736413717,-0.003671778831630945,-0.0032987261656671762,-0.0058403401635587215,-0.006017020903527737,-0.0036190676037222147,-0.0024390502367168665,-0.002690998837351799,-0.003974422812461853,-0.006055824924260378,-0.009889689274132252,-0.00797356478869915,-0.0058976393193006516,-0.005347561091184616,-0.0010251806816086173
AJG,7,2026-04-07 15:15:00+00:00,11:15,-0.0010288411285728216,down,-0.0033378899097442627,-0.001226346823386848,-0.0033067408949136734,-0.001968804746866226,-0.002354312688112259,-0.003457666840404272,-0.0060280668549239635,-0.003833204973489046,-0.005328225903213024,-0.004105019848793745,-0.002248169621452689,-0.0021659519989043474,-0.00211289431899786,-0.0007357263821177185,-0.0023680459707975388,-0.002600202104076743,-0.0012783263809978962,-0.0018608947284519672,-0.0027401200495660305,-0.003263193881139159,-0.0029821584466844797,-0.004357885103672743,-0.003281788434833288,-0.0012753051705658436,-0.0017900461098179221,-0.0010288411285728216
AXON,7,2026-04-07 15:15:00+00:00,11:15,-0.0011029915185645223,down,-0.0027045265305787325,-0.002835298189893365,-0.011338543146848679,-0.0070001473650336266,-0.019538579508662224,-0.020261846482753754,-0.022763313725590706,-0.01914607733488083,-0.012584521435201168,-0.013383964076638222,-0.010106978006660938,-0.008506453596055508,-0.007824772968888283,-0.020503535866737366,-0.02262905426323414,-0.022262120619416237,-0.028374217450618744,-0.01728142984211445,-0.029018310829997063,-0.01679929345846176,-0.016356710344552994,-0.009721347130835056,-0.004423053003847599,0.005904480814933777,-0.00659978948533535,-0.0011029915185645223
STZ,7,2026-04-07 15:15:00+00:00,11:15,-0.0011076329974457622,down,-0.005015876609832048,-0.0017045448767021298,-0.00631950655952096,-0.005027887877076864,-0.003453094745054841,-0.00481724226847291,-0.005548279732465744,-0.005695318337529898,-0.0060533517971634865,-0.006528048776090145,-0.004254899453371763,-0.004192839376628399,-0.004971952643245459,-0.004100393038243055,-0.005412181839346886,-0.005905488971620798,-0.003451338969171047,-0.0037227689754217863,-0.0033553249668329954,-0.0022579976357519627,-0.002650666516274214,-0.0023813708685338497,-0.0029827929101884365,0.000410489272326231,-0.00035616333479993045,-0.0011076329974457622
FRT,7,2026-04-07 15:15:00+00:00,11:15,-0.0011089082108810544,down,-0.0011349403066560626,0.0015107165090739727,0.0014495255891233683,0.0015350367175415158,0.004931987263262272,0.0034118788316845894,0.002478361828252673,0.001179825747385621,0.0026980647817254066,0.0010440468322485685,0.0023363446816802025,0.0019176496425643563,0.002520110923796892,0.0015820569824427366,0.002112532267346978,0.0011499339016154408,0.0017637086566537619,0.002099556615576148,0.0019048982067033648,0.0019079438643530011,0.0010367310605943203,-0.001288161613047123,-0.0018873160006478429,0.0007066486869007349,-0.0001589547173352912,-0.0011089082108810544
MSCI,7,2026-04-07 15:15:00+00:00,11:15,-0.0011520709376782179,down,-0.0032441068906337023,-0.0013191443867981434,-0.002523490460589528,-2.911201590904966e-06,-8.735633309697732e-05,-0.0012891612714156508,-0.0038539650849997997,-0.004823517985641956,-0.006567445583641529,-0.005213318392634392,-0.0032249747309833765,-0.0015293908072635531,-0.0016250743065029383,-0.0011290800757706165,-0.001823699101805687,-0.0025968020781874657,-0.0005153249949216843,-0.0008805114775896072,-0.0009159466717392206,-0.0021706533152610064,-0.00372047396376729,-0.004935063421726227,-0.004549211822450161,-0.0022984244860708714,-0.003555790288373828,-0.0011520709376782179
TTWO,7,2026-04-07 15:15:00+00:00,11:15,-0.0011529219336807728,down,-0.0015799785032868385,-0.0017841283697634935,-0.0023968254681676626,-0.0017742840573191643,-0.005078099202364683,-0.004314625635743141,-0.005864224396646023,-0.0037720913533121347,-0.004820784088224173,-0.004338082391768694,-0.005786215420812368,-0.0032016329932957888,-0.0045703393407166,-0.005791924428194761,-0.005082038696855307,-0.006341098342090845,-0.0025046351365745068,-0.0019394727423787117,-0.004735487513244152,-0.0031031935941427946,-0.0038249059580266476,-0.004439271055161953,-0.004107832908630371,-0.003581306664273143,-0.006092000752687454,-0.0011529219336807728
KKR,7,2026-04-07 15:15:00+00:00,11:15,-0.0011756954481825233,down,-0.005012029781937599,-0.0026388862170279026,-0.0049932473339140415,-0.002326966030523181,-0.0025482128839939833,-0.003937141038477421,-0.00961429625749588,-0.00728888064622879,-0.0061221010982990265,-0.006644710898399353,-0.005356385372579098,-0.003776717698201537,-0.004243809264153242,-0.0011380156502127647,-0.00018734541663434356,-0.0026463877875357866,0.000680354714859277,-0.001398651977069676,-0.000584913941565901,-0.002353691030293703,-0.0014679341111332178,-0.0027348557487130165,-0.004704346880316734,0.0017670646775513887,0.0017758579924702644,-0.0011756954481825233
TPR,7,2026-04-07 15:15:00+00:00,11:15,-0.0012198153417557478,down,0.000960271805524826,0.0033954104874283075,3.241876402171329e-05,0.0016850639367476106,-0.0004789821105077863,-0.002280205488204956,-0.009346453472971916,-0.006671762093901634,-0.009620968252420425,-0.008060488849878311,-0.007971753366291523,-0.006797583773732185,-0.005455027334392071,-0.007826179265975952,-0.006931012962013483,-0.00640572514384985,-0.003755651181563735,-0.004619504790753126,-0.0036724726669490337,-0.0042400723323225975,-0.004441036377102137,-0.0061149620451033115,-0.004653263837099075,-0.0004420743207447231,-0.003369447775185108,-0.0012198153417557478
ALL,7,2026-04-07 15:15:00+00:00,11:15,-0.0012374838115647435,down,-0.005769968498498201,-0.003665533848106861,-0.003241131315007806,-0.00344974547624588,-0.0029227901250123978,-0.003025617217645049,-0.006478628143668175,-0.006113068200647831,-0.005159967113286257,-0.003974486608058214,-0.002808559453114867,-0.0012842187425121665,-0.0024228128604590893,-0.002323081251233816,-0.002470201812684536,-0.003007482970133424,0.000970936962403357,-0.0002631635870784521,1.6091518773464486e-05,-0.00031628189026378095,-0.0017941162222996354,-0.0041962298564612865,-0.005105847958475351,-0.0032169283367693424,-0.004622511565685272,-0.0012374838115647435
ZBRA,7,2026-04-07 15:15:00+00:00,11:15,-0.0012394824298098683,down,-0.0029595347587019205,-0.0005695204599760473,-0.0036408277228474617,-0.0006872108206152916,-0.004507357254624367,-0.003717395942658186,-0.005454506725072861,-0.004722437355667353,-0.005113937892019749,-0.004422902129590511,-0.0024850601330399513,-0.0026787472888827324,-0.0027525718323886395,-0.0012680108193308115,-0.002104747574776411,-0.0016706825699657202,0.0004700668796431273,-0.0021287051495164633,-0.003642360446974635,-0.003566241357475519,-0.0031269534956663847,-0.0058555398136377335,-0.0049741691909730434,0.0004506718832999468,-0.0019075581803917885,-0.0012394824298098683
DHR,7,2026-04-07 15:15:00+00:00,11:15,-0.0012546528596431017,down,-0.0025140130892395973,-0.0010563575197011232,-0.003774530254304409,-0.002186912577599287,-0.0037953078281134367,-0.005382074508816004,-0.006359465420246124,-0.004828071687370539,-0.005421249195933342,-0.00433753477409482,-0.003556623123586178,-0.0011816552141681314,-0.0017966048326343298,-0.0028454416897147894,-0.005092638079077005,-0.005064278841018677,-0.002488965867087245,-0.0024690330028533936,-0.0028168936260044575,-0.0021517775021493435,-0.00281018135137856,-0.003881514072418213,-0.00301383133046329,0.00133441889192909,-0.00036174795241095126,-0.0012546528596431017
SWKS,7,2026-04-07 15:15:00+00:00,11:15,-0.001256968709640205,down,-0.0042832521721720695,0.0037206702399998903,-0.0025273547507822514,0.0011913079069927335,-0.002485902514308691,-0.003732360666617751,-0.010233333334326744,-0.0075096869841217995,-0.008773856796324253,-0.011592375114560127,-0.012276100926101208,-0.008933395147323608,-0.0019446745282039046,-0.0018613641150295734,-0.0032718346919864416,-0.005587547551840544,-0.003231501206755638,-0.005685786250978708,-0.005103176459670067,-0.008740082383155823,-0.009541450999677181,-0.01152921374887228,-0.011982250027358532,-0.005634863395243883,-0.008081350475549698,-0.001256968709640205
MGM,7,2026-04-07 15:15:00+00:00,11:15,-0.0012806865852326155,down,-0.002847847994416952,-0.003152764169499278,-0.00638609379529953,-0.0053171985782682896,-0.005288463551551104,-0.009737945161759853,-0.014809459447860718,-0.015285737812519073,-0.012670336291193962,-0.012004788033664227,-0.00985398143529892,-0.006047594826668501,-0.004501073621213436,-0.0036186175420880318,-0.003946821670979261,-0.0052448296919465065,-0.0019773030653595924,-0.003162824548780918,-0.0044555943459272385,-0.005308321677148342,-0.004596150945872068,-0.007631216663867235,-0.007873286493122578,-0.002634582109749317,-0.007387859281152487,-0.0012806865852326155
DLR,7,2026-04-07 15:15:00+00:00,11:15,-0.0012867315672338009,down,-0.0021124770864844322,-0.0004950833972543478,-0.002973305294290185,-0.00017610267968848348,0.0007775001577101648,0.0005553716910071671,-0.0014081959379836917,0.000780214904807508,0.002063691383227706,0.0005784463719464839,0.0009223499801009893,0.002312441123649478,0.0018139421008527279,0.00158190808724612,0.0005280214827507734,-0.0001516342454124242,0.002946809632703662,0.001780632883310318,0.0011972020147368312,0.0023939430247992277,0.0005040121031925082,-0.0015368849271908402,-0.0019923050422221422,0.0019122405210509896,0.0008088226313702762,-0.0012867315672338009
LMT,7,2026-04-07 15:15:00+00:00,11:15,-0.0013812209945172071,down,-0.002534510800614953,-0.002117624506354332,-0.0029548753518611193,-0.0008251486578956246,-0.00043296246440149844,-0.0021403003484010696,-0.0043490733951330185,-0.004327293951064348,-0.006622549146413803,-0.004763402976095676,-0.002076404634863138,-0.0011705721262842417,-0.0025738966651260853,-0.002555652754381299,-0.003494520904496312,-0.003500929567962885,-0.0018253412563353777,-0.002211263868957758,-0.0026964314747601748,-0.0025909803807735443,-0.003528317203745246,-0.005549099761992693,-0.005351923871785402,-0.002678537741303444,-0.004615585785359144,-0.0013812209945172071
NSC,7,2026-04-07 15:15:00+00:00,11:15,-0.0013941898941993713,down,0.0006382895517162979,9.11824099603109e-05,0.001200782018713653,0.00399750517681241,0.006997495889663696,0.0050919754430651665,0.0034285360015928745,0.0034416262060403824,0.0025648956652730703,0.0016190416645258665,0.004971859976649284,0.004483679309487343,0.0038325965870171785,0.003416236490011215,0.0019376268610358238,0.0015795663930475712,0.002001872519031167,0.002213163999840617,0.0018809058237820864,0.002178124850615859,0.001927219214849174,-0.0015327871078625321,-0.0021695513278245926,0.0008056855876930058,-0.0006576070445589721,-0.0013941898941993713
GWW,7,2026-04-07 15:15:00+00:00,11:15,-0.0014137381222099066,down,-0.002545522293075919,-0.0006002686568535864,-0.0022084969095885754,0.0013744295574724674,0.0027377770747989416,0.0008342696237377822,0.0006617627223022282,0.0010284041054546833,-0.00041516052442602813,-0.0003526862128637731,0.0020609579514712095,0.0022473763674497604,0.0015836595557630062,0.0017170325154438615,0.0006126557127572596,-0.0011098027462139726,0.0009202761575579643,4.816650107386522e-05,0.00033632045960985124,0.0001959256042027846,-0.0015049647772684693,-0.0018801824189722538,-0.0024257421027868986,0.00024561805184930563,-0.0022345627658069134,-0.0014137381222099066
TDG,7,2026-04-07 15:15:00+00:00,11:15,-0.0014270828105509281,down,-0.005544869229197502,-0.0028061980847269297,-0.004562882706522942,-0.001655292115174234,-0.0015776308719068766,-0.004285936243832111,-0.003974983002990484,-0.0041259657591581345,-0.006690619047731161,-0.006547922268509865,-0.0027921958826482296,-0.0012611878337338567,-0.0025205882266163826,-0.0019636154174804688,-0.002112210961058736,-0.003966393414884806,-0.0005565406172536314,-0.00016105678514577448,-0.0001536249474156648,-0.0009949766099452972,-8.549055201001465e-05,-0.0020050709135830402,-0.004555555060505867,-0.0017086492152884603,-0.0044685713946819305,-0.0014270828105509281
ITW,7,2026-04-07 15:15:00+00:00,11:15,-0.0014369660057127476,down,-0.005838224198669195,-0.004516259301453829,-0.00491078058257699,-0.003834774252027273,0.0003826444153673947,-0.0019450376275926828,-0.005112826824188232,-0.0027671849820762873,-0.0037376482505351305,-0.003161790780723095,-0.000810390105471015,-0.0010064810048788786,-0.002743579214438796,-0.0030365732964128256,-0.0038984648417681456,-0.0032786226365715265,-0.0013390083331614733,-0.0030426273588091135,-0.0036225311923772097,-0.005991999991238117,-0.005667504388839006,-0.0077825370244681835,-0.007053891196846962,-0.0030390832107514143,-0.0045086476020514965,-0.0014369660057127476
ROP,7,2026-04-07 15:15:00+00:00,11:15,-0.0014502807753160596,down,-0.0025842299219220877,-0.0032523267436772585,-0.0032911510206758976,-0.0007902253419160843,0.000515062129124999,-0.0017394514288753271,-0.002418138086795807,-0.0022735230159014463,-0.0027743412647396326,-0.003857126459479332,-0.002326275920495391,-0.0011611621594056487,-0.0013142091920599341,-0.0017724839271977544,-0.0013619739329442382,-0.002695678733289242,-0.0017329164547845721,-0.0013294365489855409,-0.0018609506078064442,-0.0014407910639420152,-0.001013431348837912,-0.003120947163552046,-0.003895238973200321,-0.0008994193631224334,-0.002765832468867302,-0.0014502807753160596
PLD,7,2026-04-07 15:15:00+00:00,11:15,-0.0014532225904986262,down,-0.004241198301315308,-0.00378948962315917,-0.005406857468187809,-0.0019042619969695807,0.0010542910313233733,0.0016231985064223409,-0.0012632316211238503,-0.002014030469581485,-0.0016607068246230483,-0.003666228847578168,-0.002468343824148178,-0.000973828078713268,-8.943350621848367e-06,-0.0008759364136494696,-0.0005528934416361153,-0.00012098663137294352,-0.00019040332699660212,-0.00033220858313143253,3.978626773459837e-05,-7.624865247635171e-05,-0.0014095488004386425,-0.0030940009746700525,-0.0027070536743849516,0.0014282872434705496,-0.0017913586925715208,-0.0014532225904986262
NDAQ,7,2026-04-07 15:15:00+00:00,11:15,-0.0014621014706790447,down,-0.003929423168301582,-5.784063978353515e-05,-0.002880667569115758,0.00016950875578913838,-0.000149317886098288,-0.0009200716740451753,-0.004817058332264423,-0.002577894600108266,-0.004325956106185913,-0.00610271655023098,-0.0057246568612754345,-0.0034939683973789215,-0.0026763032656162977,-0.0015661896904930472,3.202465450158343e-05,-0.0024558573495596647,-0.0004183760320302099,-0.0016881879419088364,-0.002722633071243763,-0.00258384901098907,-0.0018406326416879892,-0.0031262990087270737,-0.003213128773495555,0.0012210995191708207,-0.0021075874101370573,-0.0014621014706790447
RMD,7,2026-04-07 15:15:00+00:00,11:15,-0.0015410095220431685,down,-6.033303725416772e-05,0.002955070463940501,0.00031418062280863523,0.002965368563309312,0.0011896435171365738,-0.0013933428563177586,-0.003589509055018425,-0.001718258368782699,-0.003423798829317093,-0.0028398465365171432,-0.0032027484849095345,-0.003292960114777088,-0.003552983747795224,-0.0017483577830716968,-0.0029468012508004904,-0.0023507364094257355,0.0017376559553667903,0.000990748987533152,0.0010413487907499075,0.0009811294730752707,0.0007702581351622939,-0.001364304916933179,-0.0001944071555044502,0.002667426597326994,-0.0009120148606598377,-0.0015410095220431685
UDR,7,2026-04-07 15:15:00+00:00,11:15,-0.0015531531535089016,down,-0.0039568254724144936,0.002119767712429166,-2.4916083930293098e-05,0.0014366452815011144,0.0020541453268378973,0.0028731883503496647,0.0018685756949707866,0.0023381072096526623,0.0010768752545118332,0.0009452805970795453,0.002516299718990922,-5.619086368824355e-05,-0.0009104372584261,-0.001889483886770904,-0.00017805832612793893,-0.00023272429825738072,0.0008458136580884457,0.0008256029686890543,6.170326741994359e-06,-8.864799019647762e-05,-0.000666408974211663,-0.003051422769203782,-0.003673762083053589,-9.499348379904404e-06,-0.0023392962757498026,-0.0015531531535089016
RVTY,7,2026-04-07 15:15:00+00:00,11:15,-0.0015899839345365763,down,-0.0005004292470403016,0.003117187647148967,-0.00253809941932559,-0.0007152235484682024,0.002706436440348625,-0.0007952600135467947,-0.005222814157605171,-0.005229125265032053,-0.004890265874564648,-0.007073207292705774,-0.009791083633899689,-0.00783461518585682,-0.004705007188022137,-0.006409496534615755,-0.0056243278086185455,-0.005600066855549812,-0.002277642721310258,-0.004310651682317257,-0.0027088895440101624,-0.0027528456412255764,-0.0025834848638623953,-0.003843876300379634,-0.006096819415688515,-0.0013317213160917163,-0.0030114371329545975,-0.0015899839345365763
ORLY,7,2026-04-07 15:15:00+00:00,11:15,-0.0015923912869766355,down,-0.00608862517401576,-0.0027542526368051767,-0.0036765956319868565,-0.0029069657903164625,-0.00052712915930897,-0.0006399975973181427,-0.004525377415120602,-0.0035496640484780073,-0.004059894941747189,-0.004845879040658474,-0.0032800587359815836,-0.002532215788960457,-0.0020460744854062796,-0.0009986571967601776,0.0007742318557575345,-0.0011422820389270782,0.000837943924125284,-0.0002605185145512223,0.0004716076946351677,0.00010083586676046252,0.00017868709983304143,-0.002349273767322302,-0.0025217700749635696,0.0016241439152508974,-0.00033675835584290326,-0.0015923912869766355
COIN,7,2026-04-07 15:15:00+00:00,11:15,-0.0016168191796168685,down,-0.008574236184358597,-0.011954064480960369,-0.01916850358247757,-0.012383269146084785,-0.02104726992547512,-0.019353080540895462,-0.023490535095334053,-0.02102036401629448,-0.017224382609128952,-0.01282919105142355,-0.0072627286426723,-0.004531714599579573,-0.008972011506557465,-0.008306070230901241,-0.007492086384445429,-0.009435426443815231,-0.004307002294808626,-0.002142374636605382,-0.0037604786921292543,-0.005909923929721117,-0.008406153880059719,-0.0118030346930027,-0.008094863034784794,-0.0008793908054940403,-0.007871760986745358,-0.0016168191796168685
CTRA,7,2026-04-07 15:15:00+00:00,11:15,-0.001630052924156189,down,-0.0012917073909193277,0.005805244203656912,0.004774677567183971,0.005639666225761175,0.005664576310664415,0.0048073637299239635,0.001606703270226717,0.0006496428977698088,0.0015646176179870963,-0.0010396639117971063,0.001863642013631761,-0.00047151511535048485,-0.0033479027915745974,-0.0033712920267134905,-0.000645364576485008,-0.0008752597495913506,-0.001479373313486576,-0.0005505163571797311,-0.0007128461729735136,-0.001310814986936748,0.00015171858831308782,-0.0021883652079850435,-0.0027402101550251245,0.00024060466967057437,-0.00182823627255857,-0.001630052924156189
RTX,7,2026-04-07 15:15:00+00:00,11:15,-0.0016361826565116644,down,-0.0046304198913276196,-0.0015679708449169993,-0.00290560070425272,-0.0016724418383091688,-8.035898645175621e-05,-0.001438428065739572,-0.0028258925303816795,-0.0018348500598222017,-0.0017558378167450428,-0.0025459988974034786,-0.00040762900607660413,-0.0006199311465024948,-0.0012154316063970327,-0.002162334742024541,-0.0036433355417102575,-0.003239196492359042,-0.001120830187574029,-0.0029719669837504625,-0.002245986368507147,-0.0016136260237544775,-0.0020722136832773685,-0.003944950643926859,-0.004390826914459467,-0.002799453679472208,-0.002566382521763444,-0.0016361826565116644
BG,7,2026-04-07 15:15:00+00:00,11:15,-0.00164501101244241,down,-0.0015780619578436017,-0.0021327997092157602,2.2617961803916842e-05,0.0011597630800679326,0.0014390380820259452,-0.0009677527123130858,-0.0028249495662748814,-0.0016973339952528477,-0.0024410858750343323,-0.0036345685366541147,-0.0018364422721788287,-0.00177843461278826,-0.0036272790748625994,-0.004159662872552872,-0.003265578532591462,-0.005365587770938873,-0.004178495146334171,-0.0043410006910562515,-0.0049437833949923515,-0.0038501496892422438,-0.0062525104731321335,-0.008233620785176754,-0.007719832472503185,-0.0042160130105912685,-0.005272313486784697,-0.00164501101244241
MTD,7,2026-04-07 15:15:00+00:00,11:15,-0.0016495510935783386,down,-0.0032264944165945053,-0.0013120225630700588,-0.005365681368857622,-0.0019530151039361954,-0.0027258656919002533,-0.004867045674473047,-0.005353003740310669,-0.005634714849293232,-0.007855706848204136,-0.007687038742005825,-0.0035383165813982487,-0.0029773490969091654,-0.0037064007483422756,-0.003941014874726534,-0.004520587157458067,-0.00496695376932621,-0.00216683023609221,-0.0022559300996363163,-0.002818297129124403,-0.0037110927514731884,-0.004013807512819767,-0.005284985993057489,-0.006282349582761526,-0.003282329300418496,-0.004190444014966488,-0.0016495510935783386
COST,7,2026-04-07 15:15:00+00:00,11:15,-0.0017230294179171324,down,-0.006788437720388174,-0.006396542768925428,-0.004996052011847496,-0.0020835185423493385,0.0008843250689096749,-0.0013752252561971545,-0.001624065451323986,-0.002722236793488264,-0.004597265738993883,-0.004332532174885273,-0.0009438859997317195,-0.0016328847268596292,-0.0014602950541302562,-0.0016686136368662119,-0.0020197550766170025,-0.0026784767396748066,-0.001607584417797625,-0.0021020821295678616,-0.001014492940157652,-0.0011843789834529161,-0.0009578214958310127,-0.0036464836448431015,-0.005569251719862223,-0.003740191226825118,-0.004274790640920401,-0.0017230294179171324
J,7,2026-04-07 15:15:00+00:00,11:15,-0.0018050340004265308,down,0.002542273374274373,0.004655368626117706,0.00389643176458776,0.006405303254723549,0.007318034302443266,0.006845054682344198,0.0050145103596150875,0.003942269366234541,0.005235837772488594,0.003545634914189577,0.0038964052218943834,0.004533124156296253,0.003512323834002018,0.0015801731497049332,0.002926583169028163,0.0012737270444631577,0.0024902441073209047,0.0018442787695676088,0.00038336750003509223,0.0013736040564253926,-0.0009099400485865772,-0.0019217440858483315,-0.0031803229358047247,-0.0007157495128922164,-0.0021253221202641726,-0.0018050340004265308
AVB,7,2026-04-07 15:15:00+00:00,11:15,-0.0018136318540200591,down,-0.004209066741168499,-0.0008859697263687849,-0.0021941743325442076,-3.9189242670545354e-05,0.0016392841935157776,-0.0005889872554689646,-0.004103381186723709,-0.001568782376125455,-0.001095949555747211,-0.002457323484122753,-0.0001320128794759512,0.0013763613533228636,0.0010698729893192649,0.0005730906268581748,0.0008767666877247393,0.00036754723987542093,0.001528480788692832,0.0007891341811046004,0.00017303659114986658,-0.00016061955830082297,-0.0009286638232879341,-0.0030611949041485786,-0.0046228873543441296,-0.0013154457556083798,-0.00027002065326087177,-0.0018136318540200591
TROW,7,2026-04-07 15:15:00+00:00,11:15,-0.0018291823798790574,down,-0.005886467639356852,-0.0010664582950994372,-0.001710214070044458,-0.001939423498697579,-0.004369671922177076,-0.004065926186740398,-0.010128962807357311,-0.008934334851801395,-0.009378785267472267,-0.009515450336039066,-0.009065122343599796,-0.00864225160330534,-0.005726605653762817,-0.004148244392126799,-0.005344006698578596,-0.006068238988518715,-0.0017027630237862468,-0.0019212468760088086,-0.002587041351944208,-0.0028191402088850737,-0.002482697367668152,-0.002015849109739065,-0.002195844193920493,0.002130518900230527,0.0006052898825146258,-0.0018291823798790574
NWS,7,2026-04-07 15:15:00+00:00,11:15,-0.0018785888096317649,down,-0.0003090921090915799,0.0019065297674387693,0.0003468833747319877,0.0026859992649406195,0.0016930453712120652,0.00028864573687314987,-0.0017676065908744931,-0.0001753941032802686,-0.00021711626322939992,0.0005223774933256209,0.002165373181924224,0.0025118908379226923,0.0014098670799285173,0.0015823066933080554,0.0009972212137654424,0.0008140553836710751,0.0020393142476677895,0.0016797258285805583,0.001321935560554266,0.0016684409929439425,0.0006695070187561214,-0.000788154371548444,-0.0018924475880339742,0.0006543869385495782,-0.0019293416989967227,-0.0018785888096317649
AZO,7,2026-04-07 15:15:00+00:00,11:15,-0.0018827344756573439,down,-0.0035226251929998398,-0.0007231741328723729,-0.004531881771981716,-0.0017419123323634267,-0.0005182480090297759,-0.0034818074200302362,-0.0029370877891778946,-0.0032630679197609425,-0.005308852065354586,-0.004567816853523254,-0.0020827811677008867,-0.0014063019771128893,-0.002214898355305195,-0.00362117076292634,-0.003635319648310542,-0.004338537342846394,-0.00288760825060308,-0.0015941212186589837,-0.0018289792351424694,-0.0017557574901729822,-0.0016908751567825675,-0.003503523301333189,-0.005553750786930323,-0.0026934004854410887,-0.004390912130475044,-0.0018827344756573439
STLD,7,2026-04-07 15:15:00+00:00,11:15,-0.0018915744731202722,down,-0.003786585759371519,-0.0027681004721671343,-0.0035532854963093996,-0.0033257619943469763,-0.003012640867382288,-0.004901466425508261,-0.0040642269887030125,-0.0030898540280759335,-0.006505735218524933,-0.006596782710403204,-0.002064896048977971,-0.0018405248410999775,-0.0015108248917385936,9.158329339697957e-05,-0.0010097040794789791,-0.0020180484279990196,-5.011038956581615e-05,0.0013877663295716047,-0.0014617493143305182,-0.00030903462902642787,-0.0022579545620828867,-0.00470680370926857,-0.006182763259857893,-0.0024225511588156223,-0.005468593444675207,-0.0018915744731202722
PNC,7,2026-04-07 15:15:00+00:00,11:15,-0.0018949642544612288,down,-0.007935428991913795,-0.0045339185744524,-0.005852801259607077,-0.0033035827800631523,-0.0018676953623071313,-0.00428328150883317,-0.006348151247948408,-0.005916023161262274,-0.007571997586637735,-0.007914670743048191,-0.005848312750458717,-0.006257742177695036,-0.006724613253027201,-0.005876614712178707,-0.0056235333904623985,-0.006306132301688194,-0.004593728110194206,-0.005147954449057579,-0.004278994165360928,-0.00463525764644146,-0.004942993633449078,-0.006619197316467762,-0.007022490259259939,-0.0044065210968256,-0.0034953474532812834,-0.0018949642544612288
BRK-B,7,2026-04-07 15:15:00+00:00,11:15,-0.001896239467896521,down,-0.006792454980313778,-0.006165634375065565,-0.006867231335490942,-0.004105092957615852,-0.003017426235601306,-0.004025348462164402,-0.005770984571427107,-0.007131505757570267,-0.00807446800172329,-0.0069860173389315605,-0.005571635905653238,-0.0048736222088336945,-0.005517883691936731,-0.005501406267285347,-0.004955238196998835,-0.005155676975846291,-0.004789151716977358,-0.004542685113847256,-0.0036675843875855207,-0.00368272396735847,-0.003483687061816454,-0.005323887802660465,-0.0059704286977648735,-0.0038975386414676905,-0.004613770171999931,-0.001896239467896521
TRV,7,2026-04-07 15:15:00+00:00,11:15,-0.0018964264309033751,down,0.002170809544622898,0.0021285375114530325,0.0015659682685509324,0.004181691911071539,0.004346976522356272,0.0026663439348340034,0.0006405224557965994,0.0007499593775719404,0.0010788632789626718,0.0020100437104701996,0.0027605020441114902,0.003421121509745717,0.002149368869140744,0.002315320074558258,0.0015044028405100107,0.0005532222567126155,0.0025535800959914923,0.0023638764396309853,0.001903233933262527,0.001965334638953209,0.0010477380128577352,-0.0026336314622312784,-0.003500667866319418,2.6559060643194243e-05,-0.0028001931495964527,-0.0018964264309033751
MET,7,2026-04-07 15:15:00+00:00,11:15,-0.0019435668364167213,down,-0.0028215828351676464,0.0012437338009476662,-0.00037889767554588616,0.0038884959649294615,0.0019572169985622168,-0.0007731050718575716,-0.0061082858592271805,-0.0034194488544017076,-0.0052219876088202,-0.0064411466009914875,-0.00489047123119235,-0.0030785109847784042,-0.0016757799312472343,-0.0006453710375353694,-0.0011142002185806632,-0.0037675495259463787,-0.001379694091156125,-0.0008722658385522664,-0.0019408221123740077,-0.0023887772113084793,-0.0027805238496512175,-0.0040916018187999725,-0.0033539561554789543,-0.0006253590108826756,-0.004041916225105524,-0.0019435668364167213
TDY,7,2026-04-07 15:15:00+00:00,11:15,-0.0019604263361543417,down,-0.004402600694447756,-0.0009122907067649066,-0.0028562231454998255,-0.0004127126303501427,-0.0010910811834037304,-0.0019198991358280182,-0.005686493590474129,-0.005124091170728207,-0.006523265969008207,-0.0047895647585392,-0.002332701114937663,-0.0016181491082534194,-0.0020991400815546513,-0.0021841307170689106,-0.0029192136134952307,-0.004242666531354189,-0.0012863929150626063,-0.0019822665490210056,-0.0026025124825537205,-0.0036354500334709883,-0.004559661261737347,-0.005352139472961426,-0.005706417374312878,-0.0018577126320451498,-0.005421928130090237,-0.0019604263361543417
FOXA,7,2026-04-07 15:15:00+00:00,11:15,-0.001977421110495925,down,-0.004483480472117662,-0.0034325863234698772,-0.0034886521752923727,-0.0014260229654610157,-0.0008209611987695098,-0.0016960024368017912,-0.0035013235174119473,-0.0040441835299134254,-0.00391958886757493,-0.004847899544984102,-0.0022052882704883814,-0.0017513766651973128,-0.0011652178363874555,-0.001968891592696309,-0.001732073025777936,-0.0036313775926828384,-0.00106506934389472,-0.0025504091754555702,-0.0018225278472527862,-0.0004243177827447653,-0.003441025735810399,-0.004712398629635572,-0.005485278554260731,-0.00209313933737576,-0.00293000228703022,-0.001977421110495925
WM,7,2026-04-07 15:15:00+00:00,11:15,-0.002059878082945943,down,-0.005618943367153406,-0.004244035109877586,-0.004041809123009443,-0.001772508374415338,0.0003906967758666724,-0.0028476486913859844,-0.0036532911472022533,-0.0037761335261166096,-0.005793334916234016,-0.004959416575729847,-0.0028685268480330706,-0.0025308015756309032,-0.0031126774847507477,-0.003084450261667371,-0.003882856573909521,-0.004659197758883238,-0.004800078459084034,-0.004450025036931038,-0.004160854034125805,-0.003028162755072117,-0.004249947611242533,-0.006286746356636286,-0.005470805335789919,-0.002037928206846118,-0.002727780258283019,-0.002059878082945943
CL,7,2026-04-07 15:15:00+00:00,11:15,-0.002078103367239237,down,-0.002115043345838785,4.5531698560807854e-05,-0.000856820959597826,0.001908135018311441,0.002781621180474758,0.0015959844458848238,-0.0011136112734675407,-0.0008636075654067099,-0.0020962851122021675,-0.003246006090193987,-0.0009780506370589137,5.841459278599359e-05,-0.0008617209387011826,-0.0013196638319641352,-0.0005336859612725675,-0.0016370908124372363,-0.000883803644683212,-0.0011850238079205155,-7.047070539556444e-05,0.00044276731205172837,4.144656122662127e-05,-0.0015639073681086302,-0.0020835932809859514,0.0014147498877719045,-0.00065286282915622,-0.002078103367239237
HUBB,7,2026-04-07 15:15:00+00:00,11:15,-0.002079734578728676,down,-0.0024462915025651455,-0.0007036873139441013,-0.0032285607885569334,0.00011633752001216635,-0.00022472845739685,-0.0012156118173152208,-0.003971463069319725,-0.004443435929715633,-0.006751969922333956,-0.007126904092729092,-0.004482514690607786,-0.003240271471440792,-0.002357505029067397,-0.001373757841065526,-0.0023534202482551336,-0.0029587033204734325,-0.0010391627438366413,-0.0010208107996731997,-0.0011353116715326905,-0.0027632450219243765,-0.0037122126668691635,-0.004951188340783119,-0.005086386110633612,-0.00031545120873488486,-0.004024182911962271,-0.002079734578728676
TXT,7,2026-04-07 15:15:00+00:00,11:15,-0.002086870139464736,down,-0.0005559813580475748,0.0009449318749830127,-0.0002188629296142608,-0.00031984300585463643,0.0027738180942833424,-0.00022266882297117263,-0.002897412283346057,-0.00539762619882822,-0.007285005878657103,-0.009273054078221321,-0.008872104808688164,-0.007961834780871868,-0.00980121735483408,-0.010624474845826626,-0.008036118000745773,-0.00975451897829771,-0.008242315612733364,-0.007673261687159538,-0.007067069411277771,-0.006702944170683622,-0.005785930436104536,-0.006915936712175608,-0.007053046952933073,-0.0016649388708174229,-0.003597442526370287,-0.002086870139464736
ALB,7,2026-04-07 15:15:00+00:00,11:15,-0.00209133792668581,down,-0.0011899902019649744,0.0015081193996593356,-0.002507630502805114,-0.0038349227979779243,-0.005504714325070381,-0.007989853620529175,-0.010780422016978264,-0.006464153993874788,-0.008861934766173363,-0.004283376503735781,-0.0012447431217879057,0.0002810039441101253,-0.003351166844367981,-0.0029654833488166332,-0.004765091929584742,-0.0067131067626178265,-0.006143643520772457,-0.004856941755861044,-0.009025984443724155,-0.005511022638529539,-0.00862827431410551,-0.010998444631695747,-0.008695038966834545,-0.0018758957739919424,-0.004385141655802727,-0.00209133792668581
RSG,7,2026-04-07 15:15:00+00:00,11:15,-0.0021077757701277733,down,-0.003297079587355256,-0.0025510387495160103,-0.0014494069619104266,0.0005188611685298383,0.002087846864014864,-0.0003484775370452553,-0.0016276190290227532,-0.0027737237978726625,-0.0032647824846208096,-0.002424872014671564,-0.00029863964300602674,-0.000581749074626714,-0.0002794959582388401,-0.001348554389551282,-0.001539036980830133,-0.001959201181307435,-0.0008429144509136677,-0.0008333470905199647,-0.0007115884218364954,-0.0005243717459961772,-0.0015115386340767145,-0.003777772653847933,-0.0033115455880761147,-0.0008649931405670941,-0.003050160827115178,-0.0021077757701277733
C,7,2026-04-07 15:15:00+00:00,11:15,-0.002157456474378705,down,-0.012372164987027645,-0.0056810020469129086,-0.009672442451119423,-0.005436051171272993,-0.003945663571357727,-0.005195154342800379,-0.008154534734785557,-0.006036822218447924,-0.007867187261581421,-0.008382003754377365,-0.006163261365145445,-0.006534095853567123,-0.006054251454770565,-0.0045980722643435,-0.003120730398222804,-0.002981634112074971,-0.002508161822333932,-0.0025140487123280764,-0.0033125001937150955,-0.00192575016990304,-0.003934686537832022,-0.006204643752425909,-0.00630555022507906,-0.0024433485232293606,-0.0038356140721589327,-0.002157456474378705
JBL,7,2026-04-07 15:15:00+00:00,11:15,-0.0021628309041261673,down,-0.001248083310201764,-0.0025722270365804434,-0.005337375681847334,-0.004712027031928301,-0.0040656570345163345,-0.006350385025143623,-0.008828619495034218,-0.006657626945525408,-0.011186945252120495,-0.007449075113981962,-0.006542558316141367,-0.004371856339275837,-0.006498764269053936,-0.0049706120043993,-0.009024448692798615,-0.010758265852928162,-0.00823831744492054,-0.008473190478980541,-0.008636536076664925,-0.007895584218204021,-0.007322973571717739,-0.009677639231085777,-0.007411282043904066,-0.0019225693540647626,-0.007700069807469845,-0.0021628309041261673
VTRS,7,2026-04-07 15:15:00+00:00,11:15,-0.002175292931497097,down,-0.01116249430924654,-0.0029242169111967087,-0.007061835844069719,-0.004131180699914694,-0.007503817323595285,-0.008132334798574448,-0.010236700065433979,-0.005921458825469017,-0.007332917768508196,-0.008650701493024826,-0.003830738365650177,-0.003673884551972151,-0.003844771534204483,-0.001957913162186742,-0.0030646761879324913,-0.0023855729959905148,0.00137062999419868,-0.001484666601754725,-0.004185223951935768,-0.0023880598600953817,-0.0014046706492081285,-0.005299864336848259,-0.004771704785525799,0.0017572049982845783,-0.0024376949295401573,-0.002175292931497097
WBD,7,2026-04-07 15:15:00+00:00,11:15,-0.0022015892900526524,down,-0.001254524220712483,0.0010392018593847752,-0.0028063699137419462,-0.0018033756641671062,-0.0013785171322524548,-0.00361973256804049,-0.0029499230440706015,-0.002234941814094782,-0.00281939166598022,-0.002944815205410123,-0.0030876831151545048,-0.0040521323680877686,-0.0037014642730355263,-0.003225533291697502,-0.0021942483726888895,-0.002181100659072399,-0.0034726220183074474,-0.004082036204636097,-0.005054713226854801,-0.003409970086067915,-0.002733953297138214,-0.004425692837685347,-0.0038230412174016237,-0.002440763870254159,-0.003231082111597061,-0.0022015892900526524
CFG,7,2026-04-07 15:15:00+00:00,11:15,-0.002234939718618989,down,-0.004878656007349491,-0.0014930396573618054,-0.0029914150945842266,-0.0017466414719820023,-0.002158212009817362,-0.00333237717859447,-0.006049786228686571,-0.004633257165551186,-0.004725093487650156,-0.004876334685832262,-0.0035118521191179752,-0.003607139689847827,-0.003047577105462551,-0.003048037178814411,-0.0027512265369296074,-0.0029628966003656387,-0.0014469048473984003,-0.002444653073325753,-0.0025987362023442984,-0.002374341944232583,-0.0026091174222528934,-0.004430083557963371,-0.004426933359354734,-0.0021677089389413595,-0.00408171908929944,-0.002234939718618989
ED,7,2026-04-07 15:15:00+00:00,11:15,-0.0022422359324991703,down,-0.00342227378860116,-0.0018354796338826418,-0.0013824754860252142,-0.00013609563757199794,0.0026211414951831102,0.0008603676687926054,-0.0007781338063068688,-0.0021289691794663668,-0.0006760339019820094,-0.0004440992488525808,0.001965647330507636,0.0022376435808837414,0.0019386688945814967,0.00017821969231590629,0.0007219251710921526,0.0010184183483943343,0.0012199681950733066,0.001016643363982439,0.0005437458748929203,0.000872813630849123,0.00036834427737630904,-0.0034050673712044954,-0.0037332619540393353,-0.0017132142093032598,-0.0029051038436591625,-0.0022422359324991703
IQV,7,2026-04-07 15:15:00+00:00,11:15,-0.0022427821531891823,down,-0.00046030146768316627,0.0002589047944638878,-0.005807074252516031,-0.0036489879712462425,-0.0038876538164913654,-0.00497415941208601,-0.009083344601094723,-0.0060880002565681934,-0.006609040778130293,-0.007736431900411844,-0.007522535976022482,-0.008927036076784134,-0.009857218712568283,-0.00938455294817686,-0.007026758044958115,-0.009207470342516899,-0.0044213226065039635,-0.0038210463244467974,-0.005783002823591232,-0.005457102321088314,-0.004745036829262972,-0.006860664580017328,-0.0047331699170172215,-0.001300486852414906,-0.0029052095487713814,-0.0022427821531891823
VST,7,2026-04-07 15:15:00+00:00,11:15,-0.002263577189296484,down,-0.007540694437921047,-0.0059903208166360855,-0.011873863637447357,-0.008103667758405209,-0.010035584680736065,-0.011871705763041973,-0.012972828932106495,-0.01016979943960905,-0.00995106901973486,-0.010582877323031425,-0.007411446422338486,-0.004829143173992634,-0.005009382963180542,-0.005548274144530296,-0.006314699072390795,-0.007162222173064947,-0.003439217107370496,-0.004901943728327751,-0.004817113745957613,-0.006277650129050016,-0.00780509365722537,-0.009032740257680416,-0.007240059319883585,-0.00043641304364427924,-0.0014979675179347396,-0.002263577189296484
IP,7,2026-04-07 15:15:00+00:00,11:15,-0.0022989928256720304,down,-0.0076176999136805534,-0.0013315374962985516,0.004842187277972698,0.00255307974293828,0.0034116359893232584,0.0015172811690717936,-0.0010072141885757446,-0.0026090566534549,-0.001235427800565958,-0.008655351586639881,-0.00494132237508893,-0.00473927753046155,-0.005410278681665659,-0.005174956750124693,-0.004242379684001207,-0.004289323929697275,-0.0029167868196964264,-0.0037575233727693558,-0.005099231377243996,-0.0042038108222186565,-0.0038920282386243343,-0.004560206551104784,-0.0033784687984734774,-0.0016001067124307156,-0.0037165319081395864,-0.0022989928256720304
BBY,7,2026-04-07 15:15:00+00:00,11:15,-0.002320230705663562,down,-0.0011202021269127727,0.002438322640955448,-0.006556780077517033,-0.005769662093371153,-0.008498727343976498,-0.009263921529054642,-0.010395640507340431,-0.010860188864171505,-0.010790006257593632,-0.013549868948757648,-0.013318222016096115,-0.010532654821872711,-0.008907202631235123,-0.006710804998874664,-0.006267909426242113,-0.008360344916582108,-0.005448015406727791,-0.00653211772441864,-0.00786012876778841,-0.009109805338084698,-0.006756962276995182,-0.00791752990335226,-0.009783501736819744,-0.0054345703683793545,-0.009711052291095257,-0.002320230705663562
DHI,7,2026-04-07 15:15:00+00:00,11:15,-0.002338897669687867,down,-0.0017402644734829664,-0.0006685781991109252,-0.002952737733721733,-0.0013760300353169441,-0.004430245142430067,-0.006148439832031727,-0.013066651299595833,-0.010295983403921127,-0.010486145503818989,-0.012082694098353386,-0.01053862739354372,-0.01113895233720541,-0.00838442798703909,-0.007162213325500488,-0.010312197729945183,-0.010201331228017807,-0.006555237807333469,-0.007647154852747917,-0.007760410662740469,-0.009905862621963024,-0.010891379788517952,-0.0141328489407897,-0.012476207688450813,-0.0059191277250647545,-0.007873070426285267,-0.002338897669687867
Q,7,2026-04-07 15:15:00+00:00,11:15,-0.0023457191418856382,down,-0.001564867445267737,-0.00026830777642317116,-0.0014160086866468191,-0.0023339868057519197,-0.0045084101147949696,-0.002399006625637412,-0.006039296742528677,-0.00486215902492404,-0.007698836270719767,-0.005379693582653999,-0.0031486020889133215,-0.003732796059921384,-0.00446543050929904,-0.006025323644280434,-0.002257182728499174,-0.002726167906075716,-0.004783171694725752,-0.005590425804257393,-0.007443989161401987,-0.006801826413720846,-0.006347956135869026,-0.009328587912023067,-0.006445290986448526,-0.0006694925832562149,-0.0030992343090474606,-0.0023457191418856382
SBUX,7,2026-04-07 15:15:00+00:00,11:15,-0.0023487391881644726,down,-0.007642097771167755,-0.005468001589179039,-0.00833364762365818,-0.005890693981200457,-0.0038533890619874,-0.0034975348971784115,-0.00647808937355876,-0.007932038977742195,-0.010110302828252316,-0.008824039250612259,-0.005355831701308489,-0.0057082269340753555,-0.006529989652335644,-0.003575551323592663,-0.003374222433194518,-0.004873115103691816,-0.004130088724195957,-0.005695457570254803,-0.003077744971960783,-0.0015114167472347617,-0.005245567765086889,-0.004829585552215576,-0.007754283957183361,-0.0030653909780085087,-0.004538944456726313,-0.0023487391881644726
FDS,7,2026-04-07 15:15:00+00:00,11:15,-0.002381492406129837,down,-0.00019710735068656504,0.0003215988981537521,-0.004017901606857777,-0.00046353728976100683,-0.001997915795072913,-0.0026527787558734417,-0.00525206234306097,-0.004025198984891176,-0.009093912318348885,-0.005364978685975075,-0.004838708788156509,-0.0034088660031557083,-0.00563840800896287,-0.00592845631763339,-0.006573495455086231,-0.008249265141785145,-0.0036870180629193783,-0.003701756475493312,-0.004469272680580616,-0.0029081637039780617,-0.002129259519279003,-0.0049734353087842464,-0.004259022884070873,-0.0013049078406766057,-0.002247823867946863,-0.002381492406129837
SPG,7,2026-04-07 15:15:00+00:00,11:15,-0.0024038555566221476,down,0.0005787910195067525,0.002958413679152727,0.0011220001615583897,0.00359405018389225,0.004932984244078398,0.004116644151508808,0.0007080414798110723,0.0015208969125524163,0.0013800020096823573,0.0017790019046515226,0.0006616729078814387,0.0032148153986781836,0.0022937350440770388,0.0010951039148494601,-0.0009475153055973351,0.00022680778056383133,0.000863215362187475,0.0011968591716140509,0.00011520033876877278,0.0019040826009586453,9.213152225129306e-05,-0.0012163317296653986,-0.0032080565579235554,-0.000987149658612907,-0.0020966154988855124,-0.0024038555566221476
BK,7,2026-04-07 15:15:00+00:00,11:15,-0.0024200822226703167,down,-0.007229277398437262,-0.005003383848816156,-0.00700739910826087,-0.0023315614089369774,-0.0008265101350843906,-0.0037252192851155996,-0.0057401591911911964,-0.004338761325925589,-0.004240456502884626,-0.004979729652404785,-0.0038146921433508396,-0.0025933003053069115,-0.00282982736825943,-0.002729203552007675,-0.001492187613621354,-0.003010521875694394,-0.0007522566011175513,-0.00015432534564752132,-0.0006128227105364203,-0.0005211820243857801,-0.002584050176665187,-0.004308551084250212,-0.004312973469495773,-1.1998472473351285e-05,-0.0016985377296805382,-0.0024200822226703167
DECK,7,2026-04-07 15:15:00+00:00,11:15,-0.0024767578579485416,down,-0.0019541201181709766,0.000918531441129744,-0.003269638866186142,-0.0019740229472517967,-0.0038839534390717745,-0.004943348001688719,-0.007502241525799036,-0.006822936702519655,-0.008324168622493744,-0.007260859478265047,-0.006745402701199055,-0.006211092229932547,-0.003975102212280035,-0.002364023122936487,-0.005559997633099556,-0.005328346975147724,-0.003140803659334779,-0.006223929114639759,-0.00795699656009674,-0.0070536332204937935,-0.008874538354575634,-0.009680797345936298,-0.010003706440329552,-0.0029482224490493536,-0.0075377547182142735,-0.0024767578579485416
PNW,7,2026-04-07 15:15:00+00:00,11:15,-0.002490455750375986,down,0.0006424419698305428,0.0008802948868833482,0.0012727441499009728,0.0010801744647324085,0.004619135521352291,0.002684317296370864,0.0015537291765213013,-0.0006860978319309652,0.0017472364706918597,0.0007285987376235425,0.0018111097160726786,0.001505979453213513,0.0007695041131228209,0.0003348973405081779,-2.3826716642361134e-05,7.615624781465158e-05,0.0007129698060452938,0.0011608717031776905,0.0010905895614996552,0.0009021286969073117,0.00022941376664675772,-0.0010529046412557364,-0.0019848779775202274,4.3760348489740863e-05,-0.001221510930918157,-0.002490455750375986
MSI,7,2026-04-07 15:15:00+00:00,11:15,-0.0025246809236705303,down,-0.005494171753525734,-0.00047923976671881974,-0.002402642974629998,0.000507367483805865,-0.0015959948068484664,-0.0032118787057697773,-0.004983230493962765,-0.003886338323354721,-0.004229891113936901,-0.0027386555448174477,-0.0008557168184779584,-0.0005884563433937728,-0.001381030073389411,-0.0019666205625981092,-0.0032982814591377974,-0.0032603174913674593,-0.003948757890611887,-0.003590320935472846,-0.004603376146405935,-0.0038903984241187572,-0.0032159872353076935,-0.004902157466858625,-0.00505802733823657,-0.0013060980709269643,-0.00343565596267581,-0.0025246809236705303
NVR,7,2026-04-07 15:15:00+00:00,11:15,-0.0025315561797469854,down,0.0053853681311011314,0.004464908968657255,0.0048606847412884235,0.006042672321200371,0.008405680768191814,0.004413699731230736,0.00040055677527561784,0.0029547212179750204,-0.001996468985453248,-0.003476400626823306,-0.0011063436977565289,-0.0004903489607386291,-0.0022564453538507223,-0.0038673619274049997,-0.0034841846209019423,-0.003361119655892253,-0.0022034505382180214,-0.0011524707078933716,-0.002849449636414647,-0.0007426591473631561,-0.002795390086248517,-0.004720356315374374,-0.0036914546508342028,-0.0014458709629252553,-0.005755370482802391,-0.0025315561797469854
EXE,7,2026-04-07 15:15:00+00:00,11:15,-0.002537860069423914,down,-0.003402030561119318,-0.001746009336784482,-0.0036459171678870916,-0.001306863152422011,-0.0029611338395625353,-0.0031879814341664314,-0.008505529724061489,-0.007713009137660265,-0.007643078453838825,-0.00894251000136137,-0.006238321773707867,-0.0052785975858569145,-0.005694572348147631,-0.00372103089466691,-0.0041505941189825535,-0.0030233818106353283,-0.002028618473559618,-0.0035201276186853647,-0.00437886081635952,-0.0044175791554152966,-0.005060753785073757,-0.0046416171826422215,-0.004497950430959463,-7.693659426877275e-06,-0.003927178215235472,-0.002537860069423914
AON,7,2026-04-07 15:15:00+00:00,11:15,-0.0025560357607901096,down,-0.003754771314561367,-0.001897779875434935,-0.004159547388553619,-0.001659742440097034,-0.002032496267929673,-0.004091671667993069,-0.006004666909575462,-0.006038780324161053,-0.008133826777338982,-0.008948377333581448,-0.00668972497805953,-0.004252403508871794,-0.005681578069925308,-0.005822510924190283,-0.006570350378751755,-0.007012515794485807,-0.006130471359938383,-0.004537440836429596,-0.005721370689570904,-0.005205840803682804,-0.004085049498826265,-0.007746843155473471,-0.007888824678957462,-0.004606189671903849,-0.0055436259135603905,-0.0025560357607901096
AXP,7,2026-04-07 15:15:00+00:00,11:15,-0.002578389598056674,down,0.003350140294060111,0.0028989112470299006,0.0034473196137696505,0.0044790999963879585,0.0025365285109728575,0.001365970354527235,-0.00016204259009100497,0.0002708267420530319,-0.001699438551440835,-0.0022270719055086374,-0.0007157951476983726,5.381688606576063e-05,-0.00023985801090020686,-0.0006017578998580575,-0.00034671160392463207,-0.0032096796203404665,-0.0007898735930211842,-0.00272195297293365,-0.003177154576405883,-0.0034926028456538916,-0.0024319179356098175,-0.005226212088018656,-0.005524992477148771,-0.00256175734102726,-0.004186278209090233,-0.002578389598056674
NOC,7,2026-04-07 15:15:00+00:00,11:15,-0.002591302851215005,down,-0.002811499172821641,-0.0014099113177508116,-0.001471203751862049,-0.0006510786479339004,0.0008310718112625182,-0.0005735327140428126,-0.002674184972420335,-0.00231043784879148,-0.004827964585274458,-0.003179723396897316,-0.000695240858476609,-0.0004238115216139704,8.620349399279803e-05,-1.475746466894634e-05,-0.001204554340802133,-0.001443397020921111,-0.00029166671447455883,-0.0006261546513997018,-0.002722624922171235,-0.0027808204758912325,-0.0037653774488717318,-0.004385066218674183,-0.003667565993964672,-0.0016846557846292853,-0.0039786421693861485,-0.002591302851215005
ORCL,7,2026-04-07 15:15:00+00:00,11:15,-0.0025923745706677437,down,-0.009611215442419052,-0.010921802371740341,-0.013167032040655613,-0.010824797675013542,-0.012067190371453762,-0.012257392518222332,-0.012495167553424835,-0.013307501561939716,-0.012295039370656013,-0.012111389078199863,-0.00675576739013195,-0.007434191182255745,-0.005266775842756033,-0.005412715952843428,-0.006528858095407486,-0.009922481141984463,-0.006646484136581421,-0.005910488311201334,-0.004239153116941452,-0.005174612160772085,-0.008460688404738903,-0.011379924602806568,-0.009499537758529186,-0.00502341752871871,-0.006240841466933489,-0.0025923745706677437
RF,7,2026-04-07 15:15:00+00:00,11:15,-0.0026265732012689114,down,-0.007220957428216934,-0.0007274665986187756,-0.0035623544827103615,-0.0015915819676592946,-0.001575171365402639,-0.0009997421875596046,-0.00351539789699018,-0.0034672911278903484,-0.005886017810553312,-0.007486111018806696,-0.005005791317671537,-0.006580714602023363,-0.005523855797946453,-0.004376033786684275,-0.0038333928678184748,-0.0032708512153476477,-0.0036264851223677397,-0.004911091178655624,-0.003661730792373419,-0.002997025614604354,-0.0035660811699926853,-0.005939919035881758,-0.006171248387545347,-0.0022477286402136087,-0.002269540447741747,-0.0026265732012689114
CPT,7,2026-04-07 15:15:00+00:00,11:15,-0.00268142600543797,down,-7.961953087942675e-06,0.0031451901886612177,0.0011778960470110178,0.002491697669029236,0.005032392684370279,0.0026982014533132315,0.0013755755499005318,0.00045503710862249136,0.0015489560319110751,0.001358260284177959,0.0029544117860496044,0.0026196339167654514,0.0033494471572339535,0.002220666967332363,0.0019345582695677876,0.00014801634824834764,0.0002949080371763557,0.001271029468625784,0.0008642528555355966,0.0004775314300786704,-0.0009708766592666507,-0.0034321860875934362,-0.0032244171015918255,-0.00012132690608268604,-0.001550172339193523,-0.00268142600543797
HIG,7,2026-04-07 15:15:00+00:00,11:15,-0.002734383102506399,down,-0.003864658297970891,-0.0009594188304618001,-0.0015070880763232708,-7.24571873433888e-05,0.0023316312581300735,0.0004813781415577978,-0.00037902360782027245,-0.0017841903027147055,-0.0011327298125252128,-0.001611886196769774,0.0006648165872320533,-0.00036999816074967384,-0.0014063047710806131,-0.001652160077355802,-0.0018255221657454967,-0.0026558744721114635,-0.0012549561215564609,-0.000667958811391145,-0.001180861028842628,-0.0006078133592382073,-0.002654999727383256,-0.003447757102549076,-0.003924418706446886,-0.001580220996402204,-0.003604525001719594,-0.002734383102506399
LVS,7,2026-04-07 15:15:00+00:00,11:15,-0.0027754458133131266,down,-0.004298135172575712,-0.001643675030209124,-0.002898687729611993,-0.000577069295104593,-0.0006267373682931066,-0.0017142696306109428,-0.004537648521363735,-0.004521979950368404,-0.004156632348895073,-0.00374719500541687,-0.0029033448081463575,-0.002620296785607934,-0.0019004348432645202,-0.001974084647372365,-0.0010770453372970223,-0.00355366594158113,-0.0008059771498665214,-0.001757657853886485,-0.0021158538293093443,-0.002676649484783411,-0.003236096818000078,-0.005392565857619047,-0.005275658331811428,-0.0023409368004649878,-0.004399399273097515,-0.0027754458133131266
ROL,7,2026-04-07 15:15:00+00:00,11:15,-0.0027863550931215286,down,-0.006380901671946049,-0.0027827017474919558,-0.001970129320397973,-0.0016054196748882532,-0.0012594363652169704,-0.0002395382762188092,-0.0033750610891729593,-0.004896159283816814,-0.0031180931255221367,-0.005320501513779163,-0.003927961923182011,-0.0034270419273525476,-0.0035727310460060835,-0.001554413465783,-0.0032869246788322926,-0.004471766762435436,-0.002918453188613057,-0.003325881203636527,-0.0017795935273170471,-0.002195034408941865,-0.00041203037835657597,-0.0017713562119752169,-0.0024447832256555557,0.0004363961925264448,-0.0014872124884277582,-0.0027863550931215286
GD,7,2026-04-07 15:15:00+00:00,11:15,-0.002825993113219738,down,-8.91783565748483e-05,0.001197192119434476,0.0015723223332315683,0.0021969880908727646,0.005007285159081221,0.002864818088710308,0.0008719237521290779,0.0007234110962599516,-0.001372438040561974,-0.001068734098225832,0.0003712417674250901,0.000709261919837445,0.0009360952535644174,0.0008128120098263025,-0.001206073327921331,-0.002089745132252574,-0.0022798501886427402,-0.0016233139904215932,-0.0021865288726985455,-0.0019974722526967525,-0.001267852378077805,-0.003964121453464031,-0.004643530584871769,-0.001960786757990718,-0.0031699142418801785,-0.002825993113219738
APH,7,2026-04-07 15:15:00+00:00,11:15,-0.0028413899708539248,down,-0.010098272003233433,-0.006891725584864616,-0.009917027316987514,-0.007750671822577715,-0.0066725630313158035,-0.009296922013163567,-0.010634798556566238,-0.00823978427797556,-0.008606065064668655,-0.008847465738654137,-0.006029095035046339,-0.006753101944923401,-0.005366308614611626,-0.004419450182467699,-0.004559519700706005,-0.006178610492497683,-0.003473748918622732,-0.003382307244464755,-0.004256038460880518,-0.005421769339591265,-0.00613141804933548,-0.00881892628967762,-0.007761179003864527,-0.0033851901534944773,-0.003346496494486928,-0.0028413899708539248
XYL,7,2026-04-07 15:15:00+00:00,11:15,-0.002849673619493842,down,-0.010605432093143463,-0.005808779038488865,-0.00830991379916668,-0.0046230400912463665,-0.003430574666708708,-0.005546932108700275,-0.007913968525826931,-0.006318684201687574,-0.0054375478066504,-0.006354696583002806,-0.004351663403213024,-0.0034501408226788044,-0.0033636034931987524,-0.003257126547396183,-0.002003060420975089,-0.0030138518195599318,0.0003525984357111156,-0.0003348045574966818,-0.0008750380366109312,-0.0010495218448340893,-0.0023843999952077866,-0.004499333444982767,-0.005572414491325617,-0.00041689822683110833,-0.002262564143165946,-0.002849673619493842
NWSA,7,2026-04-07 15:15:00+00:00,11:15,-0.002856302773579955,down,-0.0023227459751069546,-0.000703616882674396,-0.0009939218871295452,-0.000416452152421698,-3.53177820215933e-05,-0.0016898546600714326,-0.0032685936894267797,-0.002849150914698839,-0.0023797079920768738,-0.0027448772452771664,-0.0011821954976767302,-0.0002746536338236183,-0.0008315916056744754,-0.0012145100627094507,-0.0003804410225711763,-0.0016757887788116932,0.0004368168883956969,-0.00015690641885157675,-0.0001507447159383446,-4.2364263208582997e-07,-0.0004672463401220739,-0.0022164536640048027,-0.00248513650149107,-0.0005257029552012682,-0.0025241367984563112,-0.002856302773579955
MDT,7,2026-04-07 15:15:00+00:00,11:15,-0.0028576103504747152,down,-0.004038996994495392,-0.0010430284310132265,-0.0020725352223962545,0.00023954108473844826,0.0005690952530130744,-0.0012632787693291903,-0.0038996641524136066,-0.000926509324926883,-0.00180843158159405,-0.0005329980631358922,0.0002036362566286698,0.0002646230277605355,-0.00017198557907249779,-9.149817196885124e-05,0.0011979046976193786,-4.0138849726645276e-05,0.0014214159455150366,0.000753600150346756,0.0012068653013557196,0.0011301214108243585,0.0007378343725576997,-0.0015648738481104374,-0.0013442322378978133,7.349528459599242e-05,-0.005001716315746307,-0.0028576103504747152
CHTR,7,2026-04-07 15:15:00+00:00,11:15,-0.0028743697330355644,down,-0.001182552077807486,0.0014962013810873032,-0.0019816975109279156,-0.000659365497995168,-0.002823743037879467,-0.004839196335524321,-0.006778870243579149,-0.004649326205253601,-0.0040696291252970695,-0.002230724785476923,0.00024661674979142845,7.006530358921736e-05,-0.0014448199653998017,0.0014673435362055898,0.00036301728687249124,-0.0012258008355274796,0.002583528170362115,0.002837653737515211,0.0008134602685458958,0.0006256478372961283,-0.0014691186370328069,-0.00455787917599082,-0.004296112805604935,-0.0006930551026016474,-0.0024937381967902184,-0.0028743697330355644
PPL,7,2026-04-07 15:15:00+00:00,11:15,-0.0028916660230606794,down,-0.0012783578131347895,-0.00019008683739230037,-0.0014914142666384578,0.000926005479414016,0.001976346829906106,-0.0008302570204250515,-0.003068210557103157,-0.004138217773288488,-0.004079332575201988,-0.0037569666747003794,-0.0027396799996495247,-0.0017049004090949893,-0.002670072950422764,-0.002711318666115403,-0.003066049423068762,-0.0026358384639024734,-0.0022100433707237244,-0.0024516035337001085,-0.000881744606886059,-0.0006091631366871297,-0.0010791673557832837,-0.003563051810488105,-0.00209398684091866,-0.0006633137818425894,-0.001789758913218975,-0.0028916660230606794
DELL,7,2026-04-07 15:15:00+00:00,11:15,-0.002902163891121745,down,-0.010985895991325378,-0.011024369858205318,-0.017536237835884094,-0.015744945034384727,-0.014983167871832848,-0.017367320135235786,-0.021000899374485016,-0.016271045431494713,-0.015301789157092571,-0.011131109669804573,-0.009367398917675018,-0.008191289380192757,-0.007354724686592817,-0.007939345203340054,-0.00929349660873413,-0.008970535360276699,-0.0038268305361270905,-0.0036132382228970528,-0.005680774338543415,-0.008299047127366066,-0.010420691221952438,-0.013464936055243015,-0.01391651388257742,-0.006940191611647606,-0.009528199210762978,-0.002902163891121745
HSY,7,2026-04-07 15:15:00+00:00,11:15,-0.0029138086829334497,down,-0.0061928704380989075,-0.0039577120915055275,-0.004734215326607227,-0.004401098005473614,-0.004230908118188381,-0.00626970874145627,-0.009835169650614262,-0.008450445719063282,-0.00863950327038765,-0.00695161335170269,-0.005025194492191076,-0.004807364661246538,-0.004582261200994253,-0.004533959552645683,-0.0038876638282090425,-0.004256243351846933,-0.001414799364283681,-0.0018403589492663741,-0.0018142774933949113,-0.002171609550714493,-0.004003529436886311,-0.004925621207803488,-0.005275346338748932,-0.002675106981769204,-0.00451085576787591,-0.0029138086829334497
PHM,7,2026-04-07 15:15:00+00:00,11:15,-0.002942008199170232,down,-0.002702221507206559,-0.001488049398176372,-0.0023182418663054705,-0.0012712801108136773,-0.0019758145790547132,-0.0051158107817173,-0.007422001101076603,-0.007377720437943935,-0.007831181399524212,-0.007928816601634026,-0.005014074966311455,-0.00458937045186758,-0.002106529427692294,-0.0026235387194901705,-0.002881629392504692,-0.0020309328101575375,-0.0001237424003193155,0.001334155211225152,-0.0007047190447337925,-0.0011415054323151708,-0.0007655693334527314,-0.002234793733805418,-0.002832448109984398,0.0004219312977511436,-0.003654475323855877,-0.002942008199170232
EBAY,7,2026-04-07 15:15:00+00:00,11:15,-0.0029507135041058064,down,-0.004043067339807749,-0.00209501339122653,-0.0051156897097826,0.00015707468264736235,0.001670412253588438,0.0010526394471526146,-0.00029939255909994245,-0.0013526068069040775,-0.006282570771872997,-0.005118130706250668,-0.0020949849858880043,-0.0022654396016150713,-0.0010953304590657353,-0.0004046857648063451,-0.0006148948450572789,-0.0016672282945364714,0.00015195262676570565,-0.0015166241209954023,-0.0017588960472494364,6.205587851582095e-06,-0.0021692693699151278,-0.003826605621725321,-0.0051967850886285305,-3.8965205021668226e-05,-0.0022108007688075304,-0.0029507135041058064
PWR,7,2026-04-07 15:15:00+00:00,11:15,-0.002978953765705228,down,-0.00503532774746418,-0.00326625001616776,-0.005714875645935535,-0.0029875796753913164,-0.0037911999970674515,-0.004750323481857777,-0.008446749299764633,-0.0073320865631103516,-0.007784045767039061,-0.0072446707636117935,-0.004897991195321083,-0.005591223482042551,-0.005651554558426142,-0.0031041190959513187,-0.004665862303227186,-0.006486403290182352,-0.004173011984676123,-0.0035302266478538513,-0.00420548627153039,-0.0057318611070513725,-0.006763664539903402,-0.00780929159373045,-0.007886327803134918,-0.004518250934779644,-0.0049550714902579784,-0.002978953765705228
JCI,7,2026-04-07 15:15:00+00:00,11:15,-0.0030043970327824354,down,-0.007652833592146635,-0.003977060317993164,-0.0076173944398760796,-0.006101055536419153,-0.005978480447083712,-0.00596278440207243,-0.00857880711555481,-0.007502987515181303,-0.008049498312175274,-0.007569783367216587,-0.006872011348605156,-0.005626511760056019,-0.004331958945840597,-0.003539399243891239,-0.0051624407060444355,-0.005643611773848534,-0.0029409907292574644,-0.004238947760313749,-0.0029301634058356285,-0.004053131677210331,-0.002860104897990823,-0.005367620848119259,-0.005898837000131607,-0.0018163910135626793,-0.005031935404986143,-0.0030043970327824354
PKG,7,2026-04-07 15:15:00+00:00,11:15,-0.0030191191472113132,down,-0.004799150861799717,-0.002296896418556571,-0.0036880788393318653,-0.0023808178957551718,-0.001247544540092349,-0.002697917865589261,-0.005926891230046749,-0.0050476170144975185,-0.006317555904388428,-0.004695363808423281,-0.003309529973194003,-0.004568065050989389,-0.0049825385212898254,-0.004461289383471012,-0.0029773360583931208,-0.003196020843461156,-0.0025206878781318665,-0.0023944939021021128,-0.003991585224866867,-0.002137677278369665,-0.004008659161627293,-0.005681854672729969,-0.005940460134297609,-0.004076538607478142,-0.005823836196213961,-0.0030191191472113132
POOL,7,2026-04-07 15:15:00+00:00,11:15,-0.003031253581866622,down,-0.005045135505497456,-0.003404298797249794,-0.003743140259757638,-0.002509342972189188,-0.0021155946888029575,-0.003231491195037961,-0.007113912142813206,-0.006318259984254837,-0.009422043338418007,-0.00799483060836792,-0.008692864328622818,-0.007208324037492275,-0.00875556468963623,-0.007793305907398462,-0.006032838951796293,-0.006731242872774601,-0.0030914319213479757,-0.0036994011607021093,-0.005259048659354448,-0.0038632615469396114,-0.005578719079494476,-0.006677705328911543,-0.008173028938472271,-0.005341996904462576,-0.0067663975059986115,-0.003031253581866622
MCO,7,2026-04-07 15:15:00+00:00,11:15,-0.0030611087568104267,down,-0.00815369188785553,-0.008816737681627274,-0.006501468364149332,-0.0030255515594035387,-0.005752940662205219,-0.008671988733112812,-0.007982144132256508,-0.009315426461398602,-0.010691555216908455,-0.01050297636538744,-0.0076369633898139,-0.0053973267786204815,-0.006353497039526701,-0.007554900366812944,-0.007944939658045769,-0.008809423074126244,-0.005781186744570732,-0.00426444923505187,-0.005740311462432146,-0.006366376765072346,-0.004353000316768885,-0.007487509865313768,-0.006567980628460646,-0.004653126932680607,-0.005563424900174141,-0.0030611087568104267
COF,7,2026-04-07 15:15:00+00:00,11:15,-0.003062522504478693,down,-0.004796850029379129,-0.0028850948438048363,-0.0037224390543997288,-0.00218027550727129,-0.001875261659733951,-0.002584513509646058,-0.0038831790443509817,-0.0001358296867692843,-0.001696353661827743,-0.000948053493630141,0.0002504310687072575,-0.0003951913386117667,-0.000784203177317977,-0.0005030687316320837,3.7984300433890894e-05,-0.0009190522832795978,-0.0016183307161554694,-0.0004920508363284171,-0.0030019793193787336,-0.0029172205831855536,-0.004379575606435537,-0.006033938843756914,-0.004611294250935316,-0.0022232031915336847,-0.0036665492225438356,-0.003062522504478693
CBRE,7,2026-04-07 15:15:00+00:00,11:15,-0.003076952649280429,down,-0.006762017495930195,-0.004209660924971104,-0.005892070941627026,-0.004762789234519005,-0.003754576202481985,-0.005321907810866833,-0.008585166186094284,-0.007621993310749531,-0.00675993924960494,-0.007786927744746208,-0.004764885175973177,-0.004960639402270317,-0.004946945235133171,-0.004163141828030348,-0.004285884089767933,-0.0055057755671441555,-0.0020508747547864914,-0.0035746924113482237,-0.0029602893628180027,-0.003713601501658559,-0.0037549473345279694,-0.005212116986513138,-0.00625263387337327,-0.0011319267796352506,-0.0038103635888546705,-0.003076952649280429
MRSH,7,2026-04-07 15:15:00+00:00,11:15,-0.0031012375839054585,down,-0.005683609284460545,-0.003199428552761674,-0.004314446821808815,-0.0025474715512245893,-0.0016899168258532882,-0.004830195102840662,-0.007186295464634895,-0.006113596726208925,-0.007463390007615089,-0.006575958337634802,-0.005572680849581957,-0.0046241190284490585,-0.005665842909365892,-0.006397974211722612,-0.006332408171147108,-0.006916230544447899,-0.005395703949034214,-0.004732014145702124,-0.005746643524616957,-0.005345386452972889,-0.004966904409229755,-0.007166783791035414,-0.006796552333980799,-0.0053712353110313416,-0.006511336658149958,-0.0031012375839054585
AKAM,7,2026-04-07 15:15:00+00:00,11:15,-0.003116691019386053,down,-0.01251695305109024,-0.007136336527764797,-0.013320695608854294,-0.010809407569468021,-0.010960024781525135,-0.012146164663136005,-0.014206595718860626,-0.011854954995214939,-0.011129331775009632,-0.013386756181716919,-0.010782310739159584,-0.011045507155358791,-0.008217422291636467,-0.0062347170896828175,-0.006407597102224827,-0.005891382694244385,-0.0065775844268500805,-0.004669687245041132,-0.00887607503682375,-0.009651567786931992,-0.007337144576013088,-0.008601528592407703,-0.0067210206761956215,-0.005710055120289326,-0.006640175357460976,-0.003116691019386053
LHX,7,2026-04-07 15:15:00+00:00,11:15,-0.0031276606023311615,down,-0.0040153320878744125,-0.0015895739197731018,-0.0032294848933815956,0.0006469248328357935,0.0027684711385518312,0.0010742850136011839,-0.00022941528004594147,-0.0003614583401940763,-0.0016426575602963567,-0.0021627377718687057,-0.0010872397106140852,4.068863927386701e-05,-0.0012832281645387411,-0.002230175770819187,-0.0022542031947523355,-0.0033864842262119055,-0.003189696464687586,-0.002764876000583172,-0.003700541565194726,-0.002596455393359065,-0.002164258621633053,-0.004725121892988682,-0.004608272574841976,-0.0022605224512517452,-0.0036386572755873203,-0.0031276606023311615
SPGI,7,2026-04-07 15:15:00+00:00,11:15,-0.00314918695949018,down,-0.00823860801756382,-0.010050741024315357,-0.007615146227180958,-0.005320154130458832,-0.005749967880547047,-0.00877408031374216,-0.010500996373593807,-0.01151031069457531,-0.014297096990048885,-0.012668357230722904,-0.008958520367741585,-0.007559637073427439,-0.007788516581058502,-0.0075140660628676414,-0.009380193427205086,-0.010398516431450844,-0.0091276029124856,-0.007761815562844276,-0.00925291795283556,-0.009334644302725792,-0.007975749671459198,-0.009469223208725452,-0.010199520736932755,-0.007327679544687271,-0.007362776901572943,-0.00314918695949018
EXC,7,2026-04-07 15:15:00+00:00,11:15,-0.0031611088197678328,down,-0.0026808942202478647,0.002483618212863803,0.0009941960452124476,0.0016348493518307805,0.0010491645662114024,0.00021217315224930644,-0.0015538111329078674,-0.0025470596738159657,-0.0017121299169957638,-0.0011267147492617369,0.00018693502352107316,6.9123059802223e-05,-0.0010892896680161357,-0.0004445442173164338,-0.0004520198854152113,-0.0014696231810376048,0.00038483369280584157,0.0003363416763022542,-7.976009510457516e-05,9.683636744739488e-05,-0.0013918104814365506,-0.003421313129365444,-0.0038427026011049747,0.00046062516048550606,-0.001789057976566255,-0.0031611088197678328
ICE,7,2026-04-07 15:15:00+00:00,11:15,-0.003178069833666086,down,-0.007142418529838324,-0.003349566599354148,-0.0038159098476171494,-0.0012711066519841552,-0.0005774247110821307,-0.0033703341614454985,-0.006147683132439852,-0.0055491202510893345,-0.0063438317738473415,-0.00698603643104434,-0.004974286071956158,-0.0032867146655917168,-0.004491260740906,-0.004513135179877281,-0.003073000116273761,-0.004549119155853987,-0.003736962331458926,-0.003023061901330948,-0.0030699879862368107,-0.0026676454581320286,-0.00280543090775609,-0.004577993415296078,-0.005311573389917612,-0.0027977838180959225,-0.0018235051538795233,-0.003178069833666086
QCOM,7,2026-04-07 15:15:00+00:00,11:15,-0.0032325510401278734,down,-0.00300430110655725,-0.00044510726002044976,-0.002959455130621791,-0.00015344898565672338,-0.003224376356229186,-0.005895818583667278,-0.010300012305378914,-0.009911246597766876,-0.010415805503726006,-0.011581681668758392,-0.0073312800377607346,-0.008794081397354603,-0.005986490752547979,-0.006299460306763649,-0.005967315286397934,-0.0070112477988004684,-0.0066354661248624325,-0.00745505653321743,-0.0065924981608986855,-0.00856855884194374,-0.007485538255423307,-0.0073370421305298805,-0.005406058859080076,-0.0019256470259279013,-0.0028822370804846287,-0.0032325510401278734
NXPI,7,2026-04-07 15:15:00+00:00,11:15,-0.003253943519666791,down,0.001308246748521924,0.0013058404438197613,-0.0005282378406263888,0.001996548380702734,-0.0008320093038491905,-0.002611466683447361,-0.006074343807995319,-0.003161082975566387,-0.006849939469248056,-0.005385651718825102,-0.0054418048821389675,-0.004554328043013811,-0.005627874284982681,-0.009090449661016464,-0.008945527486503124,-0.009434519335627556,-0.006830303929746151,-0.005182059947401285,-0.006585444789379835,-0.004972420167177916,-0.005774440243840218,-0.007511311676353216,-0.007314191199839115,-0.0037876644637435675,-0.006622584071010351,-0.003253943519666791
AVY,7,2026-04-07 15:15:00+00:00,11:15,-0.003269361797720194,down,-0.0012944097397848964,0.0026875885669142008,-0.00035049801226705313,0.0009673428721725941,0.00014045830175746232,-0.0021645331289619207,-0.005181013140827417,-0.006396912503987551,-0.008164924569427967,-0.009510590694844723,-0.008312759920954704,-0.00919986143708229,-0.009842274710536003,-0.011373032815754414,-0.009427916258573532,-0.011178648099303246,-0.007875005714595318,-0.006322747562080622,-0.007588377688080072,-0.006976823788136244,-0.005056359805166721,-0.0066778939217329025,-0.004706891253590584,0.0002679673780221492,-0.002398670418187976,-0.003269361797720194
FTV,7,2026-04-07 15:15:00+00:00,11:15,-0.003295626724138856,down,-0.0043297335505485535,-0.0004400949110276997,-0.0032723320182412863,-0.0005314264562912285,-0.0007808384252712131,-0.0019614507909864187,-0.003433895530179143,-0.0031945500522851944,-0.0034296605736017227,-0.0034900838509202003,-0.0017736799782142043,-0.001087934011593461,-0.0015724829863756895,-0.0014274329878389835,0.00028096057940274477,-0.0025367308408021927,0.00056104437680915,-4.802392140845768e-06,-0.0006692525348626077,-0.0022353501990437508,-0.0029385334346443415,-0.005396129097789526,-0.005490685813128948,-0.0023346133530139923,-0.0048958007246255875,-0.003295626724138856
PCAR,7,2026-04-07 15:15:00+00:00,11:15,-0.0033107097260653973,down,-0.003981886897236109,-0.0024410749319940805,-0.003027148311957717,-0.001497135846875608,0.0013852567644789815,-0.0009822784923017025,-0.0028255879878997803,-0.0027938992716372013,-0.004272786434739828,-0.0033272618893533945,-0.0020634206011891365,-0.001477966201491654,-0.0025082190986722708,-0.0029234804678708315,-0.002247939584776759,-0.0033313652966171503,-0.002180194715037942,-0.002348145004361868,-0.003338687587529421,-0.0029276509303599596,-0.003830856643617153,-0.00641567911952734,-0.006444992497563362,-0.002400345401838422,-0.003718428313732147,-0.0033107097260653973
CTVA,7,2026-04-07 15:15:00+00:00,11:15,-0.0033470457419753075,down,-0.0041443645022809505,-0.0033700531348586082,-0.004184366669505835,-0.0008892752812243998,-0.0007161154644563794,-0.003932965453714132,-0.00455107819288969,-0.003970637451857328,-0.005624252371490002,-0.004787641577422619,-0.0029689129441976547,-0.001368824508972466,-0.0018491912633180618,-0.0020164730958640575,-0.003225792432203889,-0.004158343654125929,-0.0028249118477106094,-0.0028394160326570272,-0.002790026133880019,-0.0018195630982518196,-0.00298748048953712,-0.006266552954912186,-0.005868890788406134,-0.0029287778306752443,-0.0030945383477956057,-0.0033470457419753075
MAA,7,2026-04-07 15:15:00+00:00,11:15,-0.003393316175788641,down,-0.0026625487953424454,-0.0013095159083604813,-0.0015628573019057512,0.00021946434571873397,0.002375410869717598,0.0003072636609431356,-0.001448027091100812,-0.0009526114445179701,-6.578338798135519e-05,-0.0003179608902428299,0.00242025894112885,0.0017378689954057336,0.0014702548505738378,-0.00011141896538902074,-0.00022475869627669454,-0.0006875339895486832,0.0006541948532685637,0.0008623984176665545,-6.577115709660575e-05,0.0005502412095665932,-0.001175172976218164,-0.0038826828822493553,-0.0047906204126775265,-0.0009856619872152805,-0.0025507055688649416,-0.003393316175788641
BKNG,7,2026-04-07 15:15:00+00:00,11:15,-0.0034303986467421055,down,-0.009775597602128983,-0.006551594939082861,-0.013086655177175999,-0.00997366663068533,-0.012943548150360584,-0.014324127696454525,-0.01577746868133545,-0.014066574163734913,-0.013203272596001625,-0.008304042741656303,-0.006958073005080223,-0.00638859486207366,-0.0059487284161150455,-0.00650092912837863,-0.0068834563717246056,-0.00691208615899086,-0.004255837760865688,-0.004967567045241594,-0.006948679219931364,-0.008159304969012737,-0.00808736588805914,-0.011906235478818417,-0.010994914919137955,-0.007031472399830818,-0.007223961409181356,-0.0034303986467421055
DLTR,7,2026-04-07 15:15:00+00:00,11:15,-0.0034465151838958263,down,-0.007242096122354269,-0.0007900510681793094,-0.0070048049092292786,-0.001979827182367444,-0.004815955646336079,-0.0072303954511880875,-0.009261158294975758,-0.005718034226447344,-0.004367835819721222,-0.00553141487762332,3.61127094947733e-05,-0.0007993291947059333,0.0036943114828318357,0.0028053470887243748,0.002754394430667162,0.0022973711602389812,0.0017358991317451,0.002498944755643606,-0.001569389714859426,-0.0027560037560760975,-0.0027420606929808855,-0.003331428160890937,-0.0034456676803529263,-0.002318052342161536,-0.005029965657740831,-0.0034465151838958263
PLTR,7,2026-04-07 15:15:00+00:00,11:15,-0.003537873737514019,down,-0.011099759489297867,-0.01556402537971735,-0.025377627462148666,-0.021604474633932114,-0.02521749958395958,-0.02726810798048973,-0.02701684832572937,-0.021335406228899956,-0.01838786154985428,-0.016070710495114326,-0.010735485702753067,-0.007448150776326656,-0.007313592825084925,-0.007955103181302547,-0.008995184674859047,-0.008752509951591492,-0.004122573882341385,-0.0043373932130634785,-0.0072660623118281364,-0.00867775734513998,-0.008924662135541439,-0.013868645764887333,-0.01022917591035366,-0.005102117080241442,-0.00686698267236352,-0.003537873737514019
AEE,7,2026-04-07 15:15:00+00:00,11:15,-0.0035606548190116882,down,-0.003505649045109749,-0.003921594005078077,-0.002371510723605752,-0.0009641039068810642,0.0013379915617406368,-4.115143383387476e-06,-0.0016556911868974566,-0.0032969163730740547,-0.0019026472000405192,-0.0027268165722489357,-0.0004914798773825169,0.00042129051871597767,-0.00010835702414624393,-0.0007061526994220912,-0.0009774278150871396,-0.00102330616209656,2.5097477191593498e-05,-0.0003108522214461118,-0.0014051139587536454,-0.0010454482398927212,-0.0018392169149592519,-0.004998435731977224,-0.0061783986166119576,-0.001960631925612688,-0.0034968112595379353,-0.0035606548190116882
BF-B,7,2026-04-07 15:15:00+00:00,11:15,-0.0035964588169008493,down,-0.0019441115437075496,0.00218784948810935,0.000443667930085212,0.004038909915834665,0.0023573010694235563,0.0011614181566983461,-0.003355307737365365,-0.0034530775155872107,-0.004122421145439148,-0.006550760008394718,-0.006071669980883598,-0.003337366972118616,-0.003942330367863178,-0.0013866251101717353,-0.0014540745178237557,-0.002075019059702754,-0.00039399167872034013,-0.001835905248299241,-0.0031101133208721876,-0.001993324374780059,-0.005286251660436392,-0.005851745139807463,-0.005763833876699209,-0.0014061068650335073,-0.0036555747501552105,-0.0035964588169008493
RJF,7,2026-04-07 15:15:00+00:00,11:15,-0.0036867340095341206,down,-0.0026958331000059843,0.0011575849493965507,-0.002067668829113245,-0.00110420654527843,-0.0007084449753165245,-0.0024457129184156656,-0.005896499380469322,-0.006048856768757105,-0.006353641394525766,-0.00913247186690569,-0.008491004817187786,-0.006892846431583166,-0.007902946323156357,-0.009226437658071518,-0.005567794665694237,-0.007153200916945934,-0.005572896916419268,-0.006144792307168245,-0.007780552376061678,-0.00638451986014843,-0.006362008396536112,-0.007377699948847294,-0.007177878636866808,-0.003812310053035617,-0.008186355233192444,-0.0036867340095341206
TYL,7,2026-04-07 15:15:00+00:00,11:15,-0.003687996882945299,down,0.0010021855123341084,0.006448345724493265,-0.00034613849129527807,0.0023676420096307993,-0.0015567565569654107,-0.004776231478899717,-0.006373598240315914,-0.003986614290624857,-0.0030910433270037174,-0.0037047958467155695,-0.0007863921928219497,1.743917164276354e-05,-0.001521000056527555,0.0010344702750444412,-0.002471423475071788,-0.001718268496915698,0.00022797280689701438,-0.0013383557088673115,-0.00016913888975977898,-0.0020618580747395754,1.2414408956828993e-05,-0.0028393608517944813,0.00014196256233844906,0.0015360760735347867,-0.0013794529950246215,-0.003687996882945299
AWK,7,2026-04-07 15:15:00+00:00,11:15,-0.0037016181740909815,down,-0.0024475965183228254,-0.001435306970961392,-0.001296078902669251,0.00016668990429025143,0.002613534452393651,0.0010608889861032367,0.00026978517416864634,-0.0011473007034510374,-0.001954201376065612,-0.0017607961781322956,0.00043636190821416676,0.0004355916171334684,-0.0009686925914138556,-0.0006150113767944276,-0.0005899536772631109,-0.002018068917095661,-0.001948274322785437,-0.0018589338287711143,-0.0015878690173849463,-0.001373198931105435,-0.0023437936324626207,-0.003697794396430254,-0.004797902423888445,-0.0024032697547227144,-0.004466724582016468,-0.0037016181740909815
WEC,7,2026-04-07 15:15:00+00:00,11:15,-0.003726488910615444,down,-0.0042221201583743095,-0.0037706801667809486,-0.0036315792240202427,-0.0025360919535160065,-9.140811744146049e-05,-0.002849693177267909,-0.005094446707516909,-0.004361972212791443,-0.0036391778849065304,-0.0028072483837604523,-0.0005256084841676056,0.0007767356000840664,0.0003750113246496767,-0.0006166455568745732,-0.0012154922587797046,-0.0012770802713930607,-0.0005464822752401233,-0.0011775436578318477,-0.0024883756414055824,-0.0018308740109205246,-0.002169837476685643,-0.006447513587772846,-0.005952974781394005,-0.0030450173653662205,-0.004252760671079159,-0.003726488910615444
IFF,7,2026-04-07 15:15:00+00:00,11:15,-0.0037287320010364056,down,0.0025391639210283756,0.011291390284895897,0.00465702498331666,0.006908899173140526,0.006091873627156019,0.002016526646912098,-0.0021151581313461065,-0.00453621381893754,-0.007159886881709099,-0.01235591247677803,-0.01399181503802538,-0.010476651601493359,-0.01019223127514124,-0.008645906113088131,-0.007047518156468868,-0.008313555270433426,-0.007161895744502544,-0.007161350920796394,-0.006826122757047415,-0.0066337077878415585,-0.007051878143101931,-0.007978689856827259,-0.006907511968165636,-0.001911765430122614,-0.004325790796428919,-0.0037287320010364056
HOOD,7,2026-04-07 15:15:00+00:00,11:15,-0.003756000893190503,down,-0.011630956083536148,-0.011672275140881538,-0.01585525833070278,-0.015187520533800125,-0.016481850296258926,-0.014584343880414963,-0.019022272899746895,-0.014734572730958462,-0.018012937158346176,-0.017218200489878654,-0.01417490653693676,-0.011318275704979897,-0.0025480296462774277,-0.006034554447978735,-0.00807844940572977,-0.010432332754135132,-0.004781452007591724,-0.007371211424469948,-0.00633227126672864,-0.004742462653666735,-0.008700935170054436,-0.014030586928129196,-0.015568736009299755,-0.005395506042987108,-0.006868191063404083,-0.003756000893190503
EQR,7,2026-04-07 15:15:00+00:00,11:15,-0.0038560088723897934,down,-0.006601838394999504,-0.0027115647681057453,-0.005565005354583263,-0.0031226177234202623,-0.0012215189635753632,-0.003987183794379234,-0.005907190963625908,-0.0052410694770514965,-0.004917377606034279,-0.005776332225650549,-0.003198063699528575,-0.003710942342877388,-0.0030804972629994154,-0.0040345643647015095,-0.003631085390225053,-0.004975194577127695,-0.002113871742039919,-0.0028393492102622986,-0.0024098148569464684,-0.0017907817382365465,-0.004322195891290903,-0.007538053207099438,-0.007135690189898014,-0.0045182965695858,-0.0051094237715005875,-0.0038560088723897934
MCK,7,2026-04-07 15:15:00+00:00,11:15,-0.003874521702528,down,-0.0031369447242468596,-0.0025053848512470722,-0.003274394664913416,-0.00069671671371907,-0.0007562905666418374,-0.003633775981143117,-0.0051316795870661736,-0.005111718084663153,-0.005948565434664488,-0.005024811252951622,-0.0035846440587192774,-0.0019419103628024459,-0.0016247470630332828,-0.0012368388706818223,-0.0026284833438694477,-0.0032674442045390606,-0.0007362105534411967,-0.0006696133059449494,-0.0019286270253360271,-0.002413906157016754,-0.004538240842521191,-0.0052553098648786545,-0.00613063108175993,-0.003689432516694069,-0.0066058449447155,-0.003874521702528
PRU,7,2026-04-07 15:15:00+00:00,11:15,-0.0038934743497520685,down,-0.005101984832435846,-0.002778626512736082,-0.004271830432116985,-0.0026061520911753178,-0.0008674297714605927,-0.002096384996548295,-0.004758893046528101,-0.003559587989002466,-0.004720945842564106,-0.004935573786497116,-0.0035789653193205595,-0.0029758773744106293,-0.001945020630955696,-0.002505641197785735,-0.0011784253874793649,-0.0030375777278095484,-0.0008447524742223322,-0.0027745680417865515,-0.002399062504991889,-0.00265831733122468,-0.004018718376755714,-0.005808264948427677,-0.006474218796938658,-0.0022073385771363974,-0.004596845246851444,-0.0038934743497520685
STX,7,2026-04-07 15:15:00+00:00,11:15,-0.003946763463318348,down,-0.01481069065630436,-0.015234450809657574,-0.02207658626139164,-0.012895559892058372,-0.021393895149230957,-0.024079155176877975,-0.02580639161169529,-0.01292151678353548,-0.01257032435387373,-0.008951688185334206,-0.006563063245266676,-0.006937252823263407,-0.007242728024721146,-0.005020608194172382,-0.007585201878100634,-0.00808984600007534,-0.008709046989679337,-0.010069712996482849,-0.013394356705248356,-0.015605086460709572,-0.017364876344799995,-0.021297207102179527,-0.022105246782302856,-0.014231475070118904,-0.012497765012085438,-0.003946763463318348
CVS,7,2026-04-07 15:15:00+00:00,11:15,-0.003999942913651466,down,-0.005929911974817514,-0.004639036953449249,-0.008160898461937904,-0.005318830721080303,-0.006169219501316547,-0.005594473797827959,-0.010527699254453182,-0.01008958462625742,-0.013592296279966831,-0.007902557961642742,-0.004583492875099182,-0.0029166482854634523,-0.0014823030214756727,-0.0002610697702039033,0.0021763802506029606,-0.0007275970419868827,-0.001058143563568592,-0.002736320486292243,-0.005113265477120876,-0.004160625860095024,-0.007725754287093878,-0.007370866369456053,-0.013636353425681591,-0.005986866075545549,-0.009459124878048897,-0.003999942913651466
F,7,2026-04-07 15:15:00+00:00,11:15,-0.004014034755527973,down,-0.012074638158082962,0.007365568540990353,-0.006962709594517946,-0.0060487729497253895,-0.00645240256562829,-0.009882249869406223,-0.010982098989188671,-0.009624446742236614,-0.00699853990226984,-0.0013967580161988735,0.0038636624813079834,0.0029157157987356186,0.002758929505944252,0.004602932371199131,0.004903859458863735,0.00798889435827732,0.009189050644636154,0.006570575758814812,0.0026486299466341734,0.003170456038787961,0.002867940114811063,0.0014648628421127796,-0.004813714884221554,-0.0004608346789609641,-0.0041406708769500256,-0.004014034755527973
IRM,7,2026-04-07 15:15:00+00:00,11:15,-0.004021115601062775,down,-0.004681190475821495,-0.002232328522950411,-0.002919575432315469,-0.0017277030274271965,0.0001403505593771115,-0.0019093453884124756,-0.0038292750250548124,-0.003942960873246193,-0.006560170091688633,-0.00808232743293047,-0.008524364791810513,-0.007683806121349335,-0.007837059907615185,-0.009274293668568134,-0.004349317401647568,-0.006835880223661661,-0.00618350924924016,-0.006614572834223509,-0.007258772384375334,-0.006014020182192326,-0.007965299300849438,-0.00923521164804697,-0.009744789451360703,-0.003791141789406538,-0.005857713520526886,-0.004021115601062775
TSN,7,2026-04-07 15:15:00+00:00,11:15,-0.004040543921291828,down,-0.0004538537177722901,0.003233051160350442,0.0018168565584346652,0.0016121674561873078,0.003180989995598793,5.1906587032135576e-05,-0.002005959628149867,-0.004283165093511343,-0.0037133030127733946,-0.00510026142001152,-0.004840613808482885,-0.002482820302248001,-0.0024831369519233704,-0.00298208836466074,-0.0028578839264810085,-0.003025406738743186,-0.0014195455005392432,-0.002643708372488618,-0.0027382022235542536,-0.0019419360905885696,-0.002981842029839754,-0.004500819835811853,-0.005305322352796793,-0.001792156952433288,-0.00465505663305521,-0.004040543921291828
ABNB,7,2026-04-07 15:15:00+00:00,11:15,-0.004105790518224239,down,-0.005424852017313242,-0.0014059700770303607,-0.008912291377782822,-0.004041033796966076,-0.007752054370939732,-0.010086758062243462,-0.012958730570971966,-0.010264264419674873,-0.00940108485519886,-0.008770865388214588,-0.0067441221326589584,-0.006992415525019169,-0.0036101394798606634,-0.00326558412052691,-0.004054440185427666,-0.0052399649284780025,-0.0018923577154055238,-0.0035899009089916945,-0.004469599109143019,-0.007154293358325958,-0.008346266113221645,-0.010158559307456017,-0.008743330836296082,-0.0047243498265743256,-0.00900499802082777,-0.004105790518224239
AFL,7,2026-04-07 15:15:00+00:00,11:15,-0.00411632563918829,down,-0.004246133379638195,-0.0026929655577987432,-0.002257541986182332,-0.0020546361338347197,0.0024350278545171022,0.0003366529999766499,-0.0021811816841363907,-0.0015977711882442236,-0.002046603709459305,-0.0019498876063153148,0.00025482632918283343,-0.00032777286833152175,-0.0010260852286592126,-0.0010701792780309916,-0.0019141142256557941,-0.001721665496006608,-0.0015888410853222013,-0.001173187280073762,-0.0011506284354254603,0.00027020942070521414,-0.0015338866505771875,-0.0035884641110897064,-0.0035588215105235577,-0.0015214483719319105,-0.0025795914698392153,-0.00411632563918829
EFX,7,2026-04-07 15:15:00+00:00,11:15,-0.004182677716016769,down,-0.001740161911584437,-0.0005089219193905592,-0.0048567005433142185,-0.0033888204488903284,-0.006368950940668583,-0.007227104157209396,-0.008777477778494358,-0.007073235232383013,-0.005143734626471996,-0.005009098909795284,-0.0047884066589176655,-0.004087572917342186,-0.004435523878782988,-0.0037851082161068916,-0.00530649907886982,-0.0075111244805157185,-0.002993972972035408,-0.0031760528218001127,-0.004972110502421856,-0.004614527802914381,-0.005966349970549345,-0.008450095541775227,-0.008565474301576614,-0.005806074012070894,-0.007626183331012726,-0.004182677716016769
MSFT,7,2026-04-07 15:15:00+00:00,11:15,-0.004195959307253361,down,-0.010969776660203934,-0.012575256638228893,-0.013777676038444042,-0.013057917356491089,-0.015612589195370674,-0.0215463824570179,-0.019089268520474434,-0.01744290255010128,-0.015644697472453117,-0.014211246743798256,-0.011849642731249332,-0.013461556285619736,-0.011080688796937466,-0.013906530104577541,-0.012227495200932026,-0.010580048896372318,-0.013224205933511257,-0.012491815723478794,-0.010593601502478123,-0.01002017967402935,-0.012146806344389915,-0.01735910400748253,-0.016859713941812515,-0.016638340428471565,-0.01137008611112833,-0.004195959307253361
EG,7,2026-04-07 15:15:00+00:00,11:15,-0.004238168243318796,down,-0.0008262734627351165,0.0023505697026848793,-0.0009303055121563375,0.0019078145269304514,0.0031197371426969767,0.0010902221547439694,-0.001547039719298482,-0.0011288076639175415,-0.0027933951932936907,-0.0034464856144040823,-0.002217523055151105,-0.0011428134748712182,-0.002055536722764373,-0.0018730612937361002,-0.0022409113589674234,-0.0031186265405267477,-0.0017859782092273235,-0.002617249498143792,-0.0029589857440441847,-0.004050754476338625,-0.004782749805599451,-0.005576034542173147,-0.006377695593982935,-0.002810501027852297,-0.0049021365121006966,-0.004238168243318796
TXN,7,2026-04-07 15:15:00+00:00,11:15,-0.004269541706889868,down,-0.005892329849302769,-0.00493023032322526,-0.006431004032492638,-0.004784801043570042,-0.005100665148347616,-0.0069589316844940186,-0.007708491291850805,-0.007084323093295097,-0.007244087290018797,-0.006510699167847633,-0.005700020585209131,-0.005731469951570034,-0.00619844812899828,-0.006496642716228962,-0.006427430082112551,-0.0069169169291853905,-0.006124849431216717,-0.006351458374410868,-0.006710343528538942,-0.0062894998118281364,-0.007742810063064098,-0.009984456934034824,-0.008980916813015938,-0.007060651201754808,-0.006989296060055494,-0.004269541706889868
AEP,7,2026-04-07 15:15:00+00:00,11:15,-0.004274140112102032,down,-0.00459095137193799,-0.00273462594486773,-0.0031483268830925226,-0.0027810356114059687,0.0006235801265574992,-0.0013931054854765534,-0.00469231465831399,-0.004066155757755041,-0.003378970082849264,-0.0031446816865354776,-0.00195995531976223,-0.0010143803665414453,-0.0018531581154093146,-0.0008570541976951063,-0.0023936068173497915,-0.0020586047321558,-0.0024363507982343435,-0.002293467754498124,-0.0016786947380751371,-0.002228500321507454,-0.00276719918474555,-0.006462584715336561,-0.006925929803401232,-0.002647060202434659,-0.004039607010781765,-0.004274140112102032
KR,7,2026-04-07 15:15:00+00:00,11:15,-0.004276778548955917,down,-0.004797039553523064,0.0009550798567943275,0.0008154612733051181,0.0028035554569214582,0.002280104672536254,-0.0006273706094361842,-0.004765869118273258,-0.005198074039071798,-0.00590179767459631,-0.006204376928508282,-0.004307881463319063,-0.0030741149093955755,-0.003436775878071785,-0.003369999583810568,-0.003190133022144437,-0.0043822117149829865,-0.0025728456676006317,-0.0033487926702946424,-0.0034122478682547808,-0.002831575460731983,-0.004440042190253735,-0.005836916621774435,-0.007410635240375996,-0.005192568991333246,-0.005312308203428984,-0.004276778548955917
BDX,7,2026-04-07 15:15:00+00:00,11:15,-0.004280863795429468,down,-0.0050908541306853294,-0.004064646549522877,-0.005371822509914637,-0.003009673673659563,-0.0016328676138073206,-0.003700746688991785,-0.0063977669924497604,-0.006420872174203396,-0.005561987869441509,-0.0058593242429196835,-0.003720995504409075,-0.0022782583255320787,-0.003360617905855179,-0.0025006388314068317,-0.003886191872879863,-0.003599567571654916,-0.002755457069724798,-0.0036359988152980804,-0.00425706198439002,-0.00409324886277318,-0.004801702685654163,-0.006630600895732641,-0.008228315971791744,-0.004128965549170971,-0.007592237088829279,-0.004280863795429468
GS,7,2026-04-07 15:15:00+00:00,11:15,-0.004284253343939781,down,-0.008738975040614605,-0.008649833500385284,-0.011058660224080086,-0.0055147078819572926,-0.005135642364621162,-0.007905082777142525,-0.009604181163012981,-0.007545690517872572,-0.009532148018479347,-0.007460060063749552,-0.004410832189023495,-0.0036850653123110533,-0.0030850819312036037,-0.003076615510508418,-0.003156235907226801,-0.00420481339097023,-0.002801769645884633,-0.0039951433427631855,-0.00473624374717474,-0.004588591866195202,-0.006393236108124256,-0.00847296416759491,-0.008099117316305637,-0.004791047424077988,-0.007608998101204634,-0.004284253343939781
DD,7,2026-04-07 15:15:00+00:00,11:15,-0.004330008290708065,down,-0.010033930651843548,-0.00586081063374877,-0.006404307205229998,-0.004100710619240999,-0.004031732212752104,-0.006172790192067623,-0.008935926482081413,-0.010297560133039951,-0.0118287717923522,-0.011942241340875626,-0.010451779700815678,-0.009852925315499306,-0.008225731551647186,-0.006572407204657793,-0.009412521496415138,-0.010650956071913242,-0.006409389898180962,-0.00769773917272687,-0.00800621323287487,-0.00839006807655096,-0.00586707703769207,-0.009659782983362675,-0.010533283464610577,-0.005093476269394159,-0.006789118982851505,-0.004330008290708065
TT,7,2026-04-07 15:15:00+00:00,11:15,-0.004362366162240505,down,-0.009756960906088352,-0.008872908540070057,-0.010058014653623104,-0.005763083230704069,-0.005361161194741726,-0.007261811755597591,-0.010452060028910637,-0.012853913940489292,-0.015194148756563663,-0.01192752830684185,-0.007921847514808178,-0.006756292190402746,-0.0077383145689964294,-0.0059588816948235035,-0.008332415483891964,-0.007888887077569962,-0.004623419139534235,-0.0056111677549779415,-0.006469873245805502,-0.006751551758497953,-0.007412024307996035,-0.00820201262831688,-0.0071741677820682526,-0.002686241874471307,-0.005937662906944752,-0.004362366162240505
VICI,7,2026-04-07 15:15:00+00:00,11:15,-0.004381794482469559,down,-0.006363013293594122,-0.0006125154322944582,-0.002890648553147912,-0.001126391813158989,-0.00021421033306978643,0.00032598443794995546,-0.0032177334651350975,-0.004225033335387707,-0.003516871714964509,-0.004702717065811157,-0.0021414270158857107,-0.0038251772057265043,-0.003658941714093089,-0.0038680320139974356,-0.002303588902577758,-0.0026366806123405695,-0.002125231083482504,-0.0014992608921602368,-0.0015019195852801204,-0.0007598133524879813,-0.001185391447506845,-0.004148148465901613,-0.0039093694649636745,-0.00016724885790608823,-0.0031428050715476274,-0.004381794482469559
DOW,7,2026-04-07 15:15:00+00:00,11:15,-0.004398543853312731,down,0.002097857417538762,0.0024026192259043455,-0.00521673820912838,-0.003277953015640378,-0.008033385500311852,-0.009787466377019882,-0.012488650158047676,-0.010608053766191006,-0.009775087237358093,-0.009152419865131378,-0.007407276891171932,-0.005990815814584494,-0.007490096613764763,-0.0069643789902329445,-0.004625384695827961,-0.006684410385787487,-0.008885480463504791,-0.00910142157226801,-0.008070793002843857,-0.009254681877791882,-0.009265279397368431,-0.011560614220798016,-0.011872287839651108,-0.006133596412837505,-0.006758735049515963,-0.004398543853312731
VZ,7,2026-04-07 15:15:00+00:00,11:15,-0.00442427396774292,down,-0.0016423518536612391,-0.0006656518089585006,-0.0020189699716866016,-0.002102210884913802,-0.0009478947031311691,-0.0022200061939656734,-0.002573452889919281,-0.0019167633727192879,-0.0012171618873253465,-0.0008203387842513621,-0.00127119617536664,-0.0013288602931424975,-0.0036416647490113974,-0.0025559370405972004,-0.0023049700539559126,-0.0027019681874662638,-0.0018566771177574992,-0.003006440820172429,-0.003384720766916871,-0.0029799621552228928,-0.0025286844465881586,-0.0038389249239116907,-0.004521569237112999,-0.0031357083935290575,-0.005216650664806366,-0.00442427396774292
ACGL,7,2026-04-07 15:15:00+00:00,11:15,-0.0044656782411038876,down,-0.002182363998144865,-0.0018603620119392872,-0.0014412881573662162,-9.867005428532138e-05,0.0022756154648959637,0.00018866996106225997,-0.0011997588444501162,-0.0018916255794465542,-0.0019258923130109906,-0.00244235061109066,-0.0007065873360261321,-0.0006601013010367751,-0.0015099099837243557,-0.0017267988296225667,-0.0015723902033641934,-0.0024147259537130594,-0.0014299011090770364,-0.0011397157795727253,-0.001189410570077598,-0.0008402446401305497,-0.0017771816346794367,-0.003733328077942133,-0.003749364987015724,-0.002306816866621375,-0.004140512552112341,-0.0044656782411038876
MMM,7,2026-04-07 15:15:00+00:00,11:15,-0.004538859706372023,down,-0.005532081704586744,-0.0003788080648519099,-0.002798709785565734,-0.0025198895018547773,-0.000543763570021838,-0.0033748596906661987,-0.005229003261774778,-0.005675473716109991,-0.00574062904343009,-0.009111985564231873,-0.007205553352832794,-0.006396828684955835,-0.005918675102293491,-0.006652466487139463,-0.006360726896673441,-0.007383422460407019,-0.005869370885193348,-0.006045914720743895,-0.005904231686145067,-0.005570146255195141,-0.00482717901468277,-0.007382231764495373,-0.007510562427341938,-0.005771330092102289,-0.005774923134595156,-0.004538859706372023
PGR,7,2026-04-07 15:15:00+00:00,11:15,-0.004555809311568737,down,-0.0011405417462810874,0.0006816706154495478,0.0005771736614406109,0.0013153626350685954,0.0005901178228668869,-0.002163150580599904,-0.003053170396015048,-0.0026974589563906193,-0.0030073754023760557,-0.0033103155437856913,-0.0028888373635709286,-0.0022279799450188875,-0.0022924996446818113,-0.0027115626726299524,-0.0026312447153031826,-0.0033607075456529856,-0.0013865740038454533,-0.001416521379724145,-0.0019798807334154844,-0.002326270332559943,-0.004228836391121149,-0.005217782221734524,-0.006265214644372463,-0.003335110144689679,-0.004760630428791046,-0.004555809311568737
HPE,7,2026-04-07 15:15:00+00:00,11:15,-0.00456367339938879,down,-0.012995761819183826,-0.008273285813629627,-0.010336197912693024,-0.007871481589972973,-0.006364427972584963,-0.007919009774923325,-0.009725880809128284,-0.00943406019359827,-0.010945566929876804,-0.013922781683504581,-0.008556997403502464,-0.00995604321360588,-0.010127768851816654,-0.008548160083591938,-0.006041425745934248,-0.006898884195834398,-0.006278906483203173,-0.0086373221129179,-0.007428858429193497,-0.006369732785969973,-0.008507262915372849,-0.011771677061915398,-0.010577090084552765,-0.005161822773516178,-0.004970351699739695,-0.00456367339938879
ALLE,7,2026-04-07 15:15:00+00:00,11:15,-0.0045929248444736,down,-0.0022100654896348715,-0.0006951795658096671,-0.0032944902777671814,-0.003378999186679721,-0.00517571484670043,-0.006153274793177843,-0.010685843415558338,-0.01020946353673935,-0.010291611775755882,-0.011395801790058613,-0.009812683798372746,-0.010172376409173012,-0.011211199685931206,-0.011554982513189316,-0.010752957314252853,-0.01420865673571825,-0.007691127248108387,-0.008334405720233917,-0.009670582599937916,-0.009804331697523594,-0.011029188521206379,-0.01327094342559576,-0.013057844713330269,-0.0069297803565859795,-0.009520560503005981,-0.0045929248444736
BRO,7,2026-04-07 15:15:00+00:00,11:15,-0.004664006642997265,down,-0.0033510441426187754,-0.0015276663471013308,-0.005297478288412094,-0.0036421208642423153,-0.005437864921987057,-0.006555031519383192,-0.009375907480716705,-0.007923439145088196,-0.008920419029891491,-0.008411276154220104,-0.008903698064386845,-0.006813707295805216,-0.005614250432699919,-0.003774079028517008,-0.00492279464378953,-0.005828273482620716,-0.005498560611158609,-0.005812868941575289,-0.006745982449501753,-0.006312364246696234,-0.006093139760196209,-0.008308290503919125,-0.00872605200856924,-0.003993048798292875,-0.0045952522195875645,-0.004664006642997265
JKHY,7,2026-04-07 15:15:00+00:00,11:15,-0.004678233526647091,down,-0.0027393957134336233,-0.0010438847821205854,-0.002631123410537839,-0.0011229286901652813,-0.00432325154542923,-0.004077550023794174,-0.0073537095449864864,-0.005394561216235161,-0.005714168772101402,-0.004202980548143387,-0.0018079549772664905,0.0002848706499207765,0.0006939541781321168,0.0003147645911667496,-0.000122745506814681,-0.002757153008133173,-0.00015201570931822062,3.539610042935237e-05,-0.0016898696776479483,-0.0013921771897003055,-0.0022580663207918406,-0.004607653245329857,-0.005694680847227573,-0.001041142619214952,-0.005324634723365307,-0.004678233526647091
ROK,7,2026-04-07 15:15:00+00:00,11:15,-0.004694127477705479,down,-0.00424029678106308,-0.004723264370113611,-0.00619470002129674,-0.0029672603122889996,-0.0039459639228880405,-0.006132632493972778,-0.009133461862802505,-0.007005084306001663,-0.00872937124222517,-0.006746096536517143,-0.0059873973950743675,-0.005034994333982468,-0.004126603249460459,-0.003874002955853939,-0.005153548438102007,-0.0065845162607729435,-0.004819218069314957,-0.005495018791407347,-0.00770703237503767,-0.008449390530586243,-0.007158076390624046,-0.010855856351554394,-0.00962618924677372,-0.004833812825381756,-0.007121655624359846,-0.004694127477705479
CRWD,7,2026-04-07 15:15:00+00:00,11:15,-0.004718394484370947,down,-0.009877682663500309,-0.010648055002093315,-0.014193457551300526,-0.01113301794975996,-0.014482744038105011,-0.018162952736020088,-0.019498422741889954,-0.015109633095562458,-0.01663459837436676,-0.014045354910194874,-0.009299368597567081,-0.00942285731434822,-0.007298031821846962,-0.008115186356008053,-0.010227731429040432,-0.009968196041882038,-0.008409588597714901,-0.010096024721860886,-0.011099508963525295,-0.014717211946845055,-0.013481482863426208,-0.014131167903542519,-0.008562716655433178,-0.005654835607856512,-0.003995496779680252,-0.004718394484370947
NOW,7,2026-04-07 15:15:00+00:00,11:15,-0.004794302862137556,down,-0.006694940850138664,-0.00047959116636775434,-0.012919288128614426,-0.006945570465177298,-0.012677272781729698,-0.012633833102881908,-0.01687007211148739,-0.012584367766976357,-0.015207413583993912,-0.008696150965988636,-0.0058478498831391335,-0.005738674197345972,-0.0028724761214107275,-0.002161932410672307,-0.0041480883955955505,-0.0022067492827773094,-0.002592753851786256,-0.0022176692727953196,-0.005123600829392672,-0.005186320748180151,-0.003169712144881487,-0.0054795024916529655,-0.001643887022510171,0.0003739819803740829,-0.002511584898456931,-0.004794302862137556
ADM,7,2026-04-07 15:15:00+00:00,11:15,-0.004862964618951082,down,0.0018232783768326044,0.003844968508929014,0.0032326485961675644,0.0016892865533009171,0.003144889371469617,0.00037123876973055303,-0.0031820128206163645,-0.003617569338530302,-0.004085503984242678,-0.007363460026681423,-0.007182936184108257,-0.006511112675070763,-0.006308448035269976,-0.00476257037371397,-0.006012491416186094,-0.008021132089197636,-0.006982305087149143,-0.0075842286460101604,-0.0076095531694591045,-0.008005180396139622,-0.007788975723087788,-0.008083355613052845,-0.007139487657696009,-0.004716512747108936,-0.00693938322365284,-0.004862964618951082
YUM,7,2026-04-07 15:15:00+00:00,11:15,-0.004912726581096649,down,-0.001851759385317564,0.0006389865302480757,-0.0003578364267013967,0.0002815006591845304,0.0026865797117352486,0.0010544218821451068,-0.0004142893012613058,-0.0020765289664268494,-0.002024322282522917,0.00021009631745982915,0.002341680694371462,0.0011896851938217878,0.000534295744728297,-1.1700707545969635e-05,0.00019587192218750715,-7.23759294487536e-05,0.00040062901098281145,6.539788591908291e-05,-0.0006139786564745009,-0.001117486390285194,-0.002161171054467559,-0.0040154652670025826,-0.004701291210949421,-0.002469831146299839,-0.006376761943101883,-0.004912726581096649
MRK,7,2026-04-07 15:15:00+00:00,11:15,-0.004921252839267254,down,-0.007637340109795332,-0.005061805248260498,-0.01035035215318203,-0.003649424994364381,-0.005784578621387482,-0.009878819808363914,-0.013126486912369728,-0.009508977644145489,-0.010371949523687363,-0.010907557792961597,-0.005531747359782457,-0.006637818180024624,-0.006231159437447786,-0.00414496473968029,-0.004498529713600874,-0.005161203444004059,-0.004991264548152685,-0.004938517231494188,-0.005798425059765577,-0.006183733697980642,-0.006999435368925333,-0.007430958095937967,-0.006266580428928137,-0.0031719286926090717,-0.005718955770134926,-0.004921252839267254
WDAY,7,2026-04-07 15:15:00+00:00,11:15,-0.00497718108817935,down,-0.009458933025598526,-0.004964257590472698,-0.012162390165030956,-0.009537887759506702,-0.012560862116515636,-0.013871329836547375,-0.016237998381257057,-0.013168388046324253,-0.011439758352935314,-0.011410754173994064,-0.010448118671774864,-0.00827706977725029,-0.008159023709595203,-0.006449304521083832,-0.00659099780023098,-0.008627200499176979,-0.005847131367772818,-0.0061731175519526005,-0.007859708741307259,-0.008736950345337391,-0.008684482425451279,-0.009851629845798016,-0.00904447864741087,-0.006853777915239334,-0.007110216189175844,-0.00497718108817935
CLX,7,2026-04-07 15:15:00+00:00,11:15,-0.004998575896024704,down,-0.005689925514161587,-0.0033605536445975304,-0.007517353631556034,-0.0037648743018507957,-0.004712574649602175,-0.004712364170700312,-0.009273837320506573,-0.0076918755657970905,-0.008051333017647266,-0.00988001935184002,-0.009357976727187634,-0.007386581506580114,-0.0063244253396987915,-0.004300470929592848,-0.005197197664529085,-0.005267443601042032,-0.002521572168916464,-0.004258221480995417,-0.005948965437710285,-0.006240192800760269,-0.007481126580387354,-0.007992559112608433,-0.008303644135594368,-0.0036386686842888594,-0.008867858909070492,-0.004998575896024704
PODD,7,2026-04-07 15:15:00+00:00,11:15,-0.005016495008021593,down,-0.006936094723641872,-0.00337853841483593,-0.00513182720169425,-0.0035064569674432278,-0.005836952477693558,-0.006599731277674437,-0.008921056985855103,-0.0066942572593688965,-0.006173271220177412,-0.0066877854987978935,-0.0063435533083975315,-0.0059905629605054855,-0.005900094751268625,-0.00471879169344902,-0.004401809070259333,-0.006835590582340956,-0.004277300089597702,-0.006083684507757425,-0.007519801612943411,-0.007731073535978794,-0.008211028762161732,-0.009104571305215359,-0.010383812710642815,-0.008247644640505314,-0.008322267793118954,-0.005016495008021593
WMT,7,2026-04-07 15:15:00+00:00,11:15,-0.0051165116019546986,down,-0.004935556557029486,-0.0015735805500298738,-0.006356016267091036,-0.006185911130160093,-0.006672440562397242,-0.009512113407254219,-0.011814170517027378,-0.013170977123081684,-0.01193129364401102,-0.01407333742827177,-0.009082093834877014,-0.009879915975034237,-0.01018443237990141,-0.008648786693811417,-0.01127995178103447,-0.010408586822450161,-0.012820283882319927,-0.013907602056860924,-0.011207499541342258,-0.011898523196578026,-0.01049772184342146,-0.012235944159328938,-0.008576425723731518,-0.006525280419737101,-0.00632383581250906,-0.0051165116019546986
WYNN,7,2026-04-07 15:15:00+00:00,11:15,-0.005169276148080826,down,-0.003602888435125351,-0.001136919716373086,-0.004856738727539778,-0.004333527758717537,-0.00536989513784647,-0.004335140343755484,-0.008777834475040436,-0.009284479543566704,-0.00986969843506813,-0.009945865720510483,-0.010600615292787552,-0.008473407477140427,-0.007034255191683769,-0.004851095844060183,-0.008264421485364437,-0.007229597773402929,-0.003951574210077524,-0.005799929611384869,-0.006577035877853632,-0.007135943043977022,-0.005385862663388252,-0.005915145855396986,-0.007090690545737743,-0.0029460517689585686,-0.007053779903799295,-0.005169276148080826
APP,7,2026-04-07 15:15:00+00:00,11:15,-0.005266175139695406,down,-0.012907818891108036,-0.013843967579305172,-0.02382616512477398,-0.01456501241773367,-0.02284575253725052,-0.02278907783329487,-0.025191575288772583,-0.020112711936235428,-0.015542532317340374,-0.0188413318246603,-0.013553681783378124,-0.010278986766934395,-0.00880520511418581,-0.02691493183374405,-0.02695455029606819,-0.031895142048597336,-0.034776121377944946,-0.021481020376086235,-0.034435149282217026,-0.0270072128623724,-0.021718256175518036,-0.016494465991854668,-0.008717449381947517,0.0007748620118945837,-0.008522477000951767,-0.005266175139695406
WY,7,2026-04-07 15:15:00+00:00,11:15,-0.0053136893548071384,down,-0.01482976321130991,-0.006899838335812092,-0.006882795132696629,-0.006742721423506737,-0.006890606135129929,-0.007916449569165707,-0.010455206967890263,-0.01004248857498169,-0.010632568039000034,-0.01400594413280487,-0.010750369168817997,-0.008555304259061813,-0.007257167715579271,-0.006648787297308445,-0.006893995217978954,-0.007811063434928656,-0.006463487632572651,-0.00598450843244791,-0.006827337667346001,-0.005603065248578787,-0.005294364877045155,-0.007963821291923523,-0.006902528461068869,-0.0032748188823461533,-0.004547643940895796,-0.0053136893548071384
ADSK,7,2026-04-07 15:15:00+00:00,11:15,-0.005357805173844099,down,-0.0029458641074597836,0.0005730445845983922,-0.0052327062003314495,-0.004156851209700108,-0.009163224138319492,-0.010110930539667606,-0.013285081833600998,-0.008707620203495026,-0.009793712757527828,-0.00836159847676754,-0.00579994497820735,-0.004456136841326952,-0.004247973673045635,-0.005916906520724297,-0.007235234137624502,-0.006875134538859129,-0.002419049385935068,-0.0023469121661037207,-0.004815444350242615,-0.003949648234993219,-0.0037890535313636065,-0.00650476710870862,-0.007551053538918495,-0.003618246875703335,-0.005961534567177296,-0.005357805173844099
EXR,7,2026-04-07 15:15:00+00:00,11:15,-0.005384288262575865,down,-0.0027762972749769688,-0.0012911898083984852,-0.0039931111969053745,-0.0030066200997680426,-0.0018554989947006106,-0.003248196095228195,-0.006825360935181379,-0.008067772723734379,-0.008467121981084347,-0.009320909157395363,-0.007846567779779434,-0.008125344291329384,-0.007675396744161844,-0.00966628547757864,-0.007526938803493977,-0.008944607339799404,-0.007551264949142933,-0.006733429618179798,-0.00748468330129981,-0.007657088339328766,-0.008014851249754429,-0.01026461087167263,-0.010040869005024433,-0.006049469579011202,-0.008316421881318092,-0.005384288262575865
MAS,7,2026-04-07 15:15:00+00:00,11:15,-0.005389918573200703,down,-0.006024207454174757,-0.0030027322936803102,-0.006776237394660711,-0.0035321107134222984,-0.0052229780703783035,-0.0053732022643089294,-0.007292463909834623,-0.007601529825478792,-0.0078803775832057,-0.009316839277744293,-0.007082310505211353,-0.007436779793351889,-0.00597647437825799,-0.004129883833229542,-0.0038868950214236975,-0.006127262953668833,-0.0034636480268090963,-0.005581154953688383,-0.006380657199770212,-0.006639398168772459,-0.00580688426271081,-0.007697589695453644,-0.009122912771999836,-0.004852876532822847,-0.00682793790474534,-0.005389918573200703
DUK,7,2026-04-07 15:15:00+00:00,11:15,-0.00550170848146081,down,-0.0034017786383628845,0.0032112242188304663,0.0029348169919103384,0.002731384476646781,0.005452051758766174,0.0022833519615232944,0.0010369573719799519,-0.0018561923643574119,-0.001716818893328309,-0.004844732116907835,-0.0019071238348260522,-0.0015412501525133848,-0.0032365000806748867,-0.003481164574623108,-0.0038242836017161608,-0.003197537735104561,-0.004282692447304726,-0.004402552265673876,-0.0027880272828042507,-0.002721408847719431,-0.004473515786230564,-0.0069929733872413635,-0.007675433065742254,-0.004311116877943277,-0.005231861956417561,-0.00550170848146081
FAST,7,2026-04-07 15:15:00+00:00,11:15,-0.005509657319635153,down,-0.012489217333495617,-0.007686598226428032,-0.006576420273631811,-0.00561009394004941,-0.0031776591204106808,-0.005458223167806864,-0.007233429700136185,-0.008020291104912758,-0.008865085430443287,-0.009562468156218529,-0.00801945198327303,-0.00752112315967679,-0.008003265596926212,-0.006550501100718975,-0.007302640937268734,-0.008250279352068901,-0.006843738257884979,-0.00672484515234828,-0.007727915421128273,-0.008168874308466911,-0.007314210757613182,-0.01032242737710476,-0.009986858814954758,-0.006660156883299351,-0.008052235469222069,-0.005509657319635153
GPC,7,2026-04-07 15:15:00+00:00,11:15,-0.005594157613813877,down,-0.0008322720532305539,0.0015263115055859089,0.0028540014754980803,0.0019731244537979364,0.00469930237159133,0.001829960267059505,-0.001757402322255075,-0.0016664955765008926,-0.002312989206984639,-0.003755743382498622,-0.0025105541571974754,-0.003097073407843709,-0.0032321412581950426,-0.004039112478494644,-0.0025615771301090717,-0.003945405129343271,-0.003337619826197624,-0.003742473665624857,-0.003682793816551566,-0.003593083471059799,-0.004917232319712639,-0.007137362379580736,-0.0062352390959858894,-0.002243600320070982,-0.005116593092679977,-0.005594157613813877
D,7,2026-04-07 15:15:00+00:00,11:15,-0.005710255354642868,down,-0.003918889444321394,-0.0037724957801401615,-0.0050465199165046215,-0.002948351204395294,-0.0017555616796016693,-0.003120673354715109,-0.005262393970042467,-0.004447873216122389,-0.004052609205245972,-0.004177618771791458,-0.0027429659385234118,-0.0024969775695353746,-0.0035198212135583162,-0.004431425128132105,-0.004378155339509249,-0.005232437048107386,-0.0031546351965516806,-0.0032858839258551598,-0.0023098995443433523,-0.001814144430682063,-0.0028750973287969828,-0.005915818735957146,-0.006552489008754492,-0.004426330793648958,-0.0073738014325499535,-0.005710255354642868
TGT,7,2026-04-07 15:15:00+00:00,11:15,-0.005779401399195194,down,-0.0048965937457978725,-0.001565075945109129,-0.005165325477719307,-0.0008878769585862756,-0.0019632342737168074,-0.006013999693095684,-0.009141502901911736,-0.006081902887672186,-0.005585972219705582,-0.007978307083249092,-0.0034258035011589527,-0.0018806966254487634,-0.0021748500876128674,-0.0008611400262452662,-0.002227186458185315,-0.002248597564175725,-0.0020867963321506977,-0.001989520387724042,-0.0027721698861569166,-0.005047744605690241,-0.004993469454348087,-0.005385685712099075,-0.00285282707773149,-0.0018632402643561363,-0.004176456481218338,-0.005779401399195194
SYK,7,2026-04-07 15:15:00+00:00,11:15,-0.005794869270175695,down,-0.00690069142729044,-0.0054848045110702515,-0.005810033064335585,-0.004018877167254686,-0.004060595296323299,-0.006903469562530518,-0.009008733555674553,-0.00767802819609642,-0.008620209991931915,-0.007310408167541027,-0.005319735500961542,-0.003619101596996188,-0.004010876640677452,-0.003769761184230447,-0.004267675336450338,-0.005041077733039856,-0.0031986581161618233,-0.00417212164029479,-0.004302458371967077,-0.004237033426761627,-0.0038627684116363525,-0.006076592020690441,-0.006043924018740654,-0.002632065676152706,-0.0061239334754645824,-0.005794869270175695
CPRT,7,2026-04-07 15:15:00+00:00,11:15,-0.005795185919851065,down,-0.0004669073096010834,0.0031292501371353865,-0.0007203930290415883,-0.00028919181204400957,-0.0014225078048184514,-0.0011904663406312466,-0.0032665550243109465,-0.0023208202328532934,-0.0024398798123002052,-0.002979904878884554,-0.0028339221607893705,-0.0034881136380136013,-0.004922602791339159,-0.004449548665434122,-0.004238656256347895,-0.004796499852091074,-0.005015167873352766,-0.0054210214875638485,-0.00511702848598361,-0.004823781084269285,-0.0034861015155911446,-0.0049405223689973354,-0.007612775545567274,-0.0033734673634171486,-0.005008834879845381,-0.005795185919851065
PG,7,2026-04-07 15:15:00+00:00,11:15,-0.005875644274055958,down,-0.005235453601926565,-0.0017663172911852598,-0.0035835423041135073,-0.0018369135214015841,-0.0003586284292396158,-0.002979351207613945,-0.0038898997008800507,-0.0053070648573338985,-0.0059683131985366344,-0.007455487735569477,-0.005416968371719122,-0.004998626187443733,-0.0050043705850839615,-0.0055349236354231834,-0.005368156358599663,-0.005249033682048321,-0.005477491300553083,-0.0065766130574047565,-0.0038745973724871874,-0.0040628681890666485,-0.004705480299890041,-0.007355036213994026,-0.007404143922030926,-0.0055209919810295105,-0.006612644996494055,-0.005875644274055958
BX,7,2026-04-07 15:15:00+00:00,11:15,-0.005961993243545294,down,-0.010606607422232628,-0.00842690747231245,-0.010480175726115704,-0.007852067239582539,-0.008821245282888412,-0.008375930599868298,-0.01113015878945589,-0.009758098982274532,-0.008034627884626389,-0.011951114982366562,-0.009352875873446465,-0.008585833944380283,-0.00817675981670618,-0.006150535773485899,-0.006693834904581308,-0.006007389165461063,-0.004515836481004953,-0.006035575643181801,-0.007684217765927315,-0.008233963511884212,-0.009300099685788155,-0.0099765220656991,-0.009251021780073643,-0.005696974694728851,-0.0067045907489955425,-0.005961993243545294
SATS,7,2026-04-07 15:15:00+00:00,11:15,-0.0060026985593140125,down,-0.011568141169846058,-0.016722390428185463,-0.020380062982439995,-0.01317000761628151,-0.015609880909323692,-0.017165055498480797,-0.02004666067659855,-0.011044299229979515,-0.01322490256279707,-0.011762404814362526,-0.005901542026549578,-0.0070810867473483086,-0.0030772231984883547,-0.0039770170114934444,-0.003993947058916092,-0.0046320585533976555,-0.0038027726113796234,-0.004783584736287594,-0.0075370920822024345,-0.0076912385411560535,-0.00926905032247305,-0.009906960651278496,-0.011019304394721985,-0.005707515869289637,-0.007886082865297794,-0.0060026985593140125
SRE,7,2026-04-07 15:15:00+00:00,11:15,-0.00611100485548377,down,-0.0036229570396244526,-0.0018352027982473373,-0.0039996011182665825,-0.0011825964320451021,-0.0004473628068808466,-0.0033890996128320694,-0.006214852910488844,-0.005171031691133976,-0.006161765661090612,-0.007544939871877432,-0.005259755067527294,-0.004217234905809164,-0.004331121686846018,-0.004117401782423258,-0.003648079466074705,-0.005061549600213766,-0.004172523505985737,-0.00449476158246398,-0.00444902665913105,-0.003998836502432823,-0.004906838294118643,-0.008420278318226337,-0.008100584149360657,-0.005213565658777952,-0.007161349058151245,-0.00611100485548377
CVX,7,2026-04-07 15:15:00+00:00,11:15,-0.006175819784402847,down,-0.006661506835371256,-0.004143102094531059,-0.005216195248067379,-0.005159737542271614,-0.0014050517929717898,-0.0034669300075620413,-0.006073747295886278,-0.008647909387946129,-0.008992839604616165,-0.00688837980851531,-0.0023933332413434982,-0.0027783631812781096,-0.004391662310808897,-0.003822815604507923,-0.004223082214593887,-0.0042873406782746315,-0.002443840494379401,-0.002867252565920353,-0.001682684407569468,-0.0029101420659571886,-0.004895811900496483,-0.008122287690639496,-0.0069777448661625385,-0.004723535384982824,-0.006350093521177769,-0.006175819784402847
CDW,7,2026-04-07 15:15:00+00:00,11:15,-0.00628520967438817,down,-0.0027830980252474546,-0.001802846323698759,-0.0037733486387878656,-0.0016814019763842225,-0.004152799025177956,-0.006773284636437893,-0.009202470071613789,-0.006704074330627918,-0.005285569466650486,-0.006567457690834999,-0.0035717226564884186,-0.003604660741984844,-0.0043411157093942165,-0.004596560727804899,-0.00374195771291852,-0.005349982995539904,-0.002851997734978795,-0.0037173861637711525,-0.004269696772098541,-0.004703572019934654,-0.006041229702532291,-0.00978618673980236,-0.008890019729733467,-0.004304100759327412,-0.0070676058530807495,-0.00628520967438817
AMT,7,2026-04-07 15:15:00+00:00,11:15,-0.006395477335900068,down,-0.005926666781306267,-0.003096864325925708,-0.004536941181868315,-0.003592582419514656,-0.004665036220103502,-0.006710466463118792,-0.00857358705252409,-0.007761593442410231,-0.0091244550421834,-0.009805445559322834,-0.006312558893114328,-0.005622706841677427,-0.006696285679936409,-0.007535634562373161,-0.006824471987783909,-0.006940313149243593,-0.00726637989282608,-0.005173575598746538,-0.007122530601918697,-0.006790373008698225,-0.0073226215317845345,-0.009368108585476875,-0.00970279611647129,-0.00698069715872407,-0.008271954022347927,-0.006395477335900068
HBAN,7,2026-04-07 15:15:00+00:00,11:15,-0.006729269400238991,down,-0.012757831253111362,-0.008369232527911663,-0.011212283745408058,-0.008323573507368565,-0.008973847143352032,-0.009753440506756306,-0.011940459720790386,-0.011039536446332932,-0.013218643143773079,-0.01092437095940113,-0.010617652907967567,-0.009072015061974525,-0.009409467689692974,-0.009182745590806007,-0.010268105193972588,-0.010015523992478848,-0.0075090257450938225,-0.009476208128035069,-0.010131320916116238,-0.00952134933322668,-0.009185174480080605,-0.011504814960062504,-0.011525540612637997,-0.006626291200518608,-0.007412584498524666,-0.006729269400238991
BR,7,2026-04-07 15:15:00+00:00,11:15,-0.0067567890509963036,down,-0.004921554122120142,-0.0013124478282406926,-0.0065012238919734955,-0.004555921070277691,-0.008834702894091606,-0.007595438044518232,-0.009833652526140213,-0.00854127760976553,-0.008936692960560322,-0.010533240623772144,-0.0090647516772151,-0.009846048429608345,-0.010698304511606693,-0.011871764436364174,-0.011583846993744373,-0.011069084517657757,-0.009146297350525856,-0.00803794339299202,-0.008239250630140305,-0.008393651805818081,-0.00698070228099823,-0.008700164034962654,-0.006351702846586704,-0.007383330725133419,-0.010599829256534576,-0.0067567890509963036
IT,7,2026-04-07 15:15:00+00:00,11:15,-0.006823575124144554,down,-0.005811345297843218,0.0021095911506563425,-0.005392483435571194,-0.008142760954797268,-0.011916177347302437,-0.012179204262793064,-0.014052679762244225,-0.014095986261963844,-0.01465319562703371,-0.017378898337483406,-0.014333103783428669,-0.014310029335319996,-0.012500377371907234,-0.010903076268732548,-0.014947946183383465,-0.014808676205575466,-0.01250873040407896,-0.01419593021273613,-0.01551542617380619,-0.014167246408760548,-0.009790802374482155,-0.012615667656064034,-0.011237382888793945,-0.00978795625269413,-0.014606248587369919,-0.006823575124144554
T,7,2026-04-07 15:15:00+00:00,11:15,-0.006847115233540535,down,-0.002041606931015849,-0.0004248060577083379,-0.0035156409721821547,-0.0033010835759341717,-0.004938961938023567,-0.008325139991939068,-0.007090074010193348,-0.006061084568500519,-0.006059190724045038,-0.004543331917375326,-0.004477112554013729,-0.005700378213077784,-0.008212077431380749,-0.007788184564560652,-0.006921654567122459,-0.007642753422260284,-0.0070718578062951565,-0.008096914738416672,-0.007455532439053059,-0.0069549791514873505,-0.0072949728928506374,-0.00792132131755352,-0.009946200996637344,-0.006179070565849543,-0.007256882730871439,-0.006847115233540535
TRMB,7,2026-04-07 15:15:00+00:00,11:15,-0.006863676477223635,down,-0.0020057586953043938,0.003929931670427322,-0.0005733884172514081,0.0026330491527915,-0.0010148320579901338,-0.0037668561562895775,-0.008791335858404636,-0.011051910929381847,-0.010637185536324978,-0.015108290128409863,-0.01737092062830925,-0.011844875290989876,-0.009931416250765324,-0.013277645222842693,-0.016188163310289383,-0.016913551837205887,-0.014641120098531246,-0.013265935704112053,-0.008230021223425865,-0.011720119044184685,-0.00822600070387125,-0.008966629393398762,-0.00904089491814375,-0.006681288592517376,-0.013105176389217377,-0.006863676477223635
CARR,7,2026-04-07 15:15:00+00:00,11:15,-0.006875087507069111,down,-0.010174527764320374,-0.0037771740462630987,-0.0055981785990297794,-0.0034839725121855736,-0.004208854399621487,-0.004117466043680906,-0.006455678958445787,-0.005635808687657118,-0.007211458403617144,-0.01047024130821228,-0.009118747897446156,-0.007690186146646738,-0.007154186721891165,-0.006920326966792345,-0.0052438839338719845,-0.0075418041087687016,-0.00588499940931797,-0.007620957680046558,-0.00772520387545228,-0.0072104413993656635,-0.00817921757698059,-0.010650716722011566,-0.012143819592893124,-0.00763905793428421,-0.008990061469376087,-0.006875087507069111
LDOS,7,2026-04-07 15:15:00+00:00,11:15,-0.006923766806721687,down,-0.0017675756243988872,0.0012992414413020015,-0.000314086937578395,0.00067628372926265,0.000915503827854991,-0.0009324343409389257,-0.0029749341774731874,-0.003712848061695695,-0.0024729459546506405,-0.00137147749774158,0.0017124509904533625,0.0017717477167025208,0.0008268312667496502,0.0015737587818875909,-0.00018620843184180558,-0.0006389137706719339,0.0004761491436511278,0.0007063047378323972,-0.0001842302008299157,-0.0006786641315557063,-0.0010691629722714424,-0.0025449604727327824,-0.0018783301347866654,0.0001609142345841974,-0.0049246735870838165,-0.006923766806721687
VRTX,7,2026-04-07 15:15:00+00:00,11:15,-0.006994990631937981,down,-0.006219510920345783,-0.007861068472266197,-0.00886598415672779,-0.0051481230184435844,-0.0032545907888561487,-0.0082715954631567,-0.007205475587397814,-0.013583037070930004,-0.012154754251241684,-0.011417719535529613,-0.008777143433690071,-0.0077132428996264935,-0.007889543659985065,-0.008804785087704659,-0.010310293175280094,-0.01092536561191082,-0.007621742784976959,-0.007363806013017893,-0.011366595514118671,-0.010718264617025852,-0.002820310415700078,-0.003927747718989849,-0.002740726573392749,0.0002979976707138121,-0.0023024901747703552,-0.006994990631937981
DRI,7,2026-04-07 15:15:00+00:00,11:15,-0.007038960698992014,down,-0.0026218444108963013,-0.0015001245774328709,-0.002176920184865594,-0.0008976600947789848,-0.0025481267366558313,-0.004690953996032476,-0.006038774270564318,-0.005410220939666033,-0.007831331342458725,-0.008507190272212029,-0.007644245866686106,-0.007181245367974043,-0.008599097840487957,-0.008570175617933273,-0.008888361975550652,-0.009746795520186424,-0.007756175473332405,-0.006597037892788649,-0.008965602144598961,-0.006971901282668114,-0.008383793756365776,-0.010001935064792633,-0.009510529227554798,-0.007687530480325222,-0.00910841953009367,-0.007038960698992014
WSM,7,2026-04-07 15:15:00+00:00,11:15,-0.007048388011753559,down,-0.0036499130073934793,-0.0020152812357991934,-0.0068644261918962,-0.0048231217078864574,-0.008254490792751312,-0.008536594919860363,-0.013446972705423832,-0.01234124880284071,-0.012717396020889282,-0.010602411814033985,-0.00949555728584528,-0.008990843780338764,-0.00794480461627245,-0.010918102227151394,-0.010877113789319992,-0.012288294732570648,-0.00895746611058712,-0.009489924646914005,-0.010880286805331707,-0.009667156264185905,-0.010654600337147713,-0.01127371471375227,-0.010641539469361305,-0.006546608172357082,-0.007795547600835562,-0.007048388011753559
CHD,7,2026-04-07 15:15:00+00:00,11:15,-0.00711221806704998,down,-0.0014767830725759268,0.00042608767398633063,-0.0033348831348121166,-0.002636888064444065,-0.0018239928176626563,-0.003887344151735306,-0.006507035810500383,-0.00837385281920433,-0.009022803977131844,-0.007281025871634483,-0.0059450650587677956,-0.005337892100214958,-0.005305672530084848,-0.004487232305109501,-0.006038224324584007,-0.005781818181276321,-0.004644844215363264,-0.005461718887090683,-0.002803327050060034,-0.002768336795270443,-0.005382421892136335,-0.007080229930579662,-0.009440816938877106,-0.005778172519057989,-0.007325317710638046,-0.00711221806704998
MO,7,2026-04-07 15:15:00+00:00,11:15,-0.00735852075740695,down,-0.0058021037839353085,-0.003568073967471719,-0.005534202326089144,-0.004512206185609102,-0.004596181213855743,-0.006251964718103409,-0.008317756466567516,-0.007796094752848148,-0.009298745542764664,-0.009209670126438141,-0.007270726840943098,-0.0065741208381950855,-0.007718290667980909,-0.006646865978837013,-0.005435469094663858,-0.007612104527652264,-0.007438240572810173,-0.006617609411478043,-0.006737731862813234,-0.004622953943908215,-0.0071620759554207325,-0.008692641742527485,-0.009518989361822605,-0.00565664516761899,-0.007810539565980434,-0.00735852075740695
A,7,2026-04-07 15:15:00+00:00,11:15,-0.0073896911926567554,down,-0.006546587683260441,-0.005878035444766283,-0.00652500381693244,-0.004883436486124992,-0.004693521652370691,-0.006149320863187313,-0.007382325828075409,-0.010005170479416847,-0.010883225128054619,-0.01378574501723051,-0.011836624704301357,-0.010533230379223824,-0.010780701413750648,-0.011362931691110134,-0.009113040752708912,-0.01179362554103136,-0.008829903788864613,-0.007187971845269203,-0.00925621297210455,-0.008571987971663475,-0.008661173284053802,-0.010261846706271172,-0.010192058980464935,-0.006522019859403372,-0.008655625395476818,-0.0073896911926567554
ETR,7,2026-04-07 15:15:00+00:00,11:15,-0.0074381441809237,down,-0.0024072977248579264,-0.0024644075892865658,-0.003040839219465852,-0.0011121203424409032,0.00033720768988132477,-0.0013395495479926467,-0.0017608639318495989,-0.003810855560004711,-0.002974504604935646,-0.0039057061076164246,-0.0032079697120934725,-0.0026473768521100283,-0.002560677472501993,-0.003535435302183032,-0.0033839221578091383,-0.003997124265879393,-0.003977562766522169,-0.0033979497384279966,-0.0034790458157658577,-0.0032721934840083122,-0.00462343730032444,-0.006920235231518745,-0.006360567640513182,-0.003629963845014572,-0.004991344176232815,-0.0074381441809237
HPQ,7,2026-04-07 15:15:00+00:00,11:15,-0.00746774161234498,down,-0.011786160990595818,-0.005587614141404629,-0.0008357490878552198,2.9835042369086295e-05,0.0003411107463762164,0.0017502161208540201,-0.0020848228596150875,-0.003949625417590141,-0.005617374088615179,-0.005986771080642939,-0.005637764930725098,-0.0054763383232057095,-0.002665353938937187,-0.0012246952392160892,-0.0028093100991100073,-0.004367106594145298,-0.004397854674607515,-0.00481186481192708,-0.003862554905936122,-0.007177527528256178,-0.005905801896005869,-0.008317622356116772,-0.0064538451842963696,-0.005374083295464516,-0.008963621221482754,-0.00746774161234498
NFLX,7,2026-04-07 15:15:00+00:00,11:15,-0.0075350236147642136,down,-0.008285459131002426,-0.0044511971063911915,-0.010564735159277916,-0.009441669099032879,-0.012107374146580696,-0.013032239861786366,-0.012984508648514748,-0.01107461005449295,-0.010804226621985435,-0.012297662906348705,-0.011890754103660583,-0.012678548693656921,-0.013687941245734692,-0.013205127790570259,-0.011615927331149578,-0.012351850979030132,-0.011589919216930866,-0.011525116860866547,-0.011634576134383678,-0.010812906548380852,-0.010636826045811176,-0.012966224923729897,-0.012769646942615509,-0.010186736471951008,-0.00891568697988987,-0.0075350236147642136
CCL,7,2026-04-07 15:15:00+00:00,11:15,-0.007568336091935635,down,-0.028408439829945564,-0.01622428372502327,-0.022764423862099648,-0.02077198401093483,-0.020781882107257843,-0.021596744656562805,-0.02463442273437977,-0.024094227701425552,-0.0249878391623497,-0.025609245523810387,-0.020864099264144897,-0.01876654289662838,-0.010344288311898708,-0.010610619559884071,-0.013355349190533161,-0.014637182466685772,-0.009531199932098389,-0.010042848065495491,-0.010479128919541836,-0.012752131558954716,-0.015080335550010204,-0.017741605639457703,-0.015338235534727573,-0.007338961586356163,-0.008379597216844559,-0.007568336091935635
CB,7,2026-04-07 15:15:00+00:00,11:15,-0.0076899537816643715,down,-0.006833638995885849,-0.00533793680369854,-0.005033497232943773,-0.0039301179349422455,-0.001682802103459835,-0.0034221892710775137,-0.00645399559289217,-0.006443022284656763,-0.008120398037135601,-0.007478245068341494,-0.007419902365654707,-0.007047063205391169,-0.0062088859267532825,-0.007145348470658064,-0.00655157258734107,-0.007572829257696867,-0.006460529752075672,-0.006221078336238861,-0.007040682714432478,-0.006763625890016556,-0.006373047363013029,-0.009065059944987297,-0.00955756101757288,-0.005546438042074442,-0.00822882354259491,-0.0076899537816643715
EXPE,7,2026-04-07 15:15:00+00:00,11:15,-0.007698234170675278,down,-0.0032395548187196255,-6.741096149198711e-05,-0.003523319261148572,-0.0013247036840766668,-0.005567231681197882,-0.005753050092607737,-0.008321508765220642,-0.006597641855478287,-0.00607719412073493,-0.0040045687928795815,-0.003291455563157797,-0.004416230600327253,-0.006291158031672239,-0.004159651696681976,-0.004983711987733841,-0.006668552290648222,-0.0016429813113063574,-0.0018234825693070889,-0.0021150570828467607,-0.0023256191052496433,-0.0051993196830153465,-0.0072826603427529335,-0.007411577273160219,-0.005139824002981186,-0.008480608463287354,-0.007698234170675278
KMI,7,2026-04-07 15:15:00+00:00,11:15,-0.007803323213011026,down,-0.002327173948287964,0.0010507660917937756,-0.0004721045261248946,-4.264627204975113e-05,0.0009269724250771105,0.0008049373282119632,-0.0006436529220081866,-0.002051298739388585,-0.002901544328778982,-0.0037141696084290743,-0.002789449179545045,-0.0045943851582705975,-0.006588573567569256,-0.006526635028421879,-0.004793742671608925,-0.005933032836765051,-0.005875235889106989,-0.005803652107715607,-0.005524036940187216,-0.0042437417432665825,-0.0043853758834302425,-0.00635422533378005,-0.006638328544795513,-0.005036930087953806,-0.00945980753749609,-0.007803323213011026
KDP,7,2026-04-07 15:15:00+00:00,11:15,-0.007886216044425964,down,-0.016160843893885612,-0.0054036714136600494,-0.009497854858636856,-0.00843536201864481,-0.004920114763081074,-0.005760055035352707,-0.007457271218299866,-0.008900853805243969,-0.007024630904197693,-0.01006638165563345,-0.006635444238781929,-0.0072977240197360516,-0.00811493955552578,-0.007445774506777525,-0.006639319472014904,-0.006115573458373547,-0.006204139441251755,-0.0077596441842615604,-0.007451830431818962,-0.005795322358608246,-0.0047982558608055115,-0.005060827359557152,-0.008134529925882816,-0.0030327707063406706,-0.003895564004778862,-0.007886216044425964
GLW,7,2026-04-07 15:15:00+00:00,11:15,-0.007995836436748505,down,-0.015423002652823925,-0.019253429025411606,-0.020986149087548256,-0.015963036566972733,-0.014995706267654896,-0.018657183274626732,-0.0206255242228508,-0.015165121294558048,-0.016428500413894653,-0.012020617723464966,-0.008600934408605099,-0.006948702037334442,-0.009533138014376163,-0.009852727875113487,-0.008602188900113106,-0.010051955468952656,-0.008778257295489311,-0.009949799627065659,-0.009830803610384464,-0.01132518146187067,-0.01583673432469368,-0.017055390402674675,-0.02185889333486557,-0.015992259606719017,-0.015277128666639328,-0.007995836436748505
PTC,7,2026-04-07 15:15:00+00:00,11:15,-0.008003861643373966,down,-0.004885680042207241,0.0004427378298714757,-0.004959619138389826,-0.0021474985405802727,-0.0029921196401119232,-0.005592892877757549,-0.006655380129814148,-0.006473342888057232,-0.007788816932588816,-0.00919960718601942,-0.009497095830738544,-0.00825505331158638,-0.008857663720846176,-0.010565842501819134,-0.008571768179535866,-0.010756419040262699,-0.007904238067567348,-0.007565055973827839,-0.009198518469929695,-0.0076330360025167465,-0.0071741025894880295,-0.010623369365930557,-0.00867445394396782,-0.005795826204121113,-0.009863235987722874,-0.008003861643373966
AOS,7,2026-04-07 15:15:00+00:00,11:15,-0.008021103218197823,down,-0.0058771660551428795,-0.0025116396136581898,-0.006081357132643461,-0.004240717738866806,-0.0031829222571104765,-0.005877343006432056,-0.007548737805336714,-0.009754019789397717,-0.011628747917711735,-0.014265306293964386,-0.014549373649060726,-0.01295082550495863,-0.012096361257135868,-0.013066727668046951,-0.011860208585858345,-0.012229636311531067,-0.010285085067152977,-0.00973927229642868,-0.009623047895729542,-0.010025757364928722,-0.008628405630588531,-0.010829309932887554,-0.012130402959883213,-0.007503661792725325,-0.009722867049276829,-0.008021103218197823
KHC,7,2026-04-07 15:15:00+00:00,11:15,-0.008162949234247208,down,-0.015500742010772228,-0.010754439048469067,-0.01050612423568964,-0.009247730486094952,-0.006252150051295757,-0.00829408597201109,-0.009768274612724781,-0.012146927416324615,-0.013508539646863937,-0.016907956451177597,-0.011949663050472736,-0.013565591536462307,-0.012083505280315876,-0.01121026836335659,-0.009226473048329353,-0.008462214842438698,-0.009544102475047112,-0.011797595769166946,-0.012071524746716022,-0.008567435666918755,-0.009208778850734234,-0.009370586834847927,-0.01092516165226698,-0.007511064875870943,-0.006799658294767141,-0.008162949234247208
CRH,7,2026-04-07 15:15:00+00:00,11:15,-0.008191756904125214,down,-0.010534713976085186,-0.007955946028232574,-0.010737333446741104,-0.008757920935750008,-0.009474040940403938,-0.009272916242480278,-0.011732651852071285,-0.00850458350032568,-0.008254249580204487,-0.00896022655069828,-0.006385955959558487,-0.00751804793253541,-0.006521891802549362,-0.005815120413899422,-0.005868003703653812,-0.007457247469574213,-0.005637106020003557,-0.006845181807875633,-0.008380277082324028,-0.007928861305117607,-0.00772342411801219,-0.009621212258934975,-0.01031180564314127,-0.006062307395040989,-0.009153950959444046,-0.008191756904125214
DDOG,7,2026-04-07 15:15:00+00:00,11:15,-0.008445744402706623,down,-0.015552031807601452,-0.013458731584250927,-0.023791445419192314,-0.015750763937830925,-0.01954289898276329,-0.02196134813129902,-0.02453928254544735,-0.018611177802085876,-0.01545911468565464,-0.012384941801428795,-0.00643276097252965,-0.005955848377197981,-0.0027712825685739517,-0.0019346687477082014,-0.0041159363463521,-0.005570294801145792,-0.004607962444424629,-0.0028689519967883825,-0.009472965262830257,-0.007654097862541676,-0.006372823379933834,-0.009996364824473858,-0.00649771373718977,-0.0061037419363856316,-0.012252124026417732,-0.008445744402706623
LYB,7,2026-04-07 15:15:00+00:00,11:15,-0.00863171461969614,down,-0.009778198786079884,-0.003188453847542405,-0.004058155231177807,-0.002165147103369236,-0.00288571254350245,-0.004388564266264439,-0.007091782987117767,-0.004557802341878414,-0.007445764262229204,-0.006728487089276314,-0.007077526301145554,-0.007138259708881378,-0.00465414859354496,-0.0030497959814965725,-0.0033796350471675396,-0.0028449930250644684,-0.0064954375848174095,-0.009401435032486916,-0.008527684025466442,-0.011203871108591557,-0.008796288631856441,-0.01329414639621973,-0.013170995749533176,-0.008768201805651188,-0.010111031122505665,-0.00863171461969614
ADP,7,2026-04-07 15:15:00+00:00,11:15,-0.008721865713596344,down,-0.008209441788494587,-0.006487625651061535,-0.0067930989898741245,-0.005317792296409607,-0.006772738881409168,-0.008600544184446335,-0.011319339275360107,-0.010511878877878189,-0.008888689801096916,-0.00785317737609148,-0.0069208089262247086,-0.007593550253659487,-0.006607718765735626,-0.005830009933561087,-0.005239734426140785,-0.005275214556604624,-0.0032304776832461357,-0.003215873846784234,-0.004589047748595476,-0.004483905155211687,-0.005208426620811224,-0.006478684488683939,-0.00862052384763956,-0.00640336936339736,-0.008312956430017948,-0.008721865713596344
DIS,7,2026-04-07 15:15:00+00:00,11:15,-0.008726290427148342,down,-0.0050233653746545315,-0.001941728056408465,-0.00449969619512558,-0.0026564893778413534,-5.931402847636491e-05,-0.0013383228797465563,-0.002839472144842148,-0.005810607690364122,-0.0058138989843428135,-0.006008691154420376,-0.0052833859808743,-0.005015415605157614,-0.005278327036648989,-0.0051833633333444595,-0.004749462474137545,-0.00503210024908185,-0.005640757270157337,-0.005571852903813124,-0.004833458922803402,-0.004887913819402456,-0.004947651643306017,-0.007315330673009157,-0.00890402588993311,-0.005442556459456682,-0.00843510776758194,-0.008726290427148342
COO,7,2026-04-07 15:15:00+00:00,11:15,-0.008799528703093529,down,-0.0029953336343169212,0.0029428645502775908,-0.0012943954207003117,0.0007689918857067823,-0.0021371885668486357,-0.004756043665111065,-0.008474932052195072,-0.011328509077429771,-0.012466946616768837,-0.016898270696401596,-0.016756627708673477,-0.014673590660095215,-0.014602800831198692,-0.013943353667855263,-0.012638255022466183,-0.012704906053841114,-0.011812131851911545,-0.010711654089391232,-0.010579295456409454,-0.010440666228532791,-0.009980764240026474,-0.010809451341629028,-0.010112101212143898,-0.005308183841407299,-0.00972285307943821,-0.008799528703093529
SO,7,2026-04-07 15:15:00+00:00,11:15,-0.008933004923164845,down,-0.008279899135231972,-0.002430147957056761,-0.003731120377779007,-0.0022524078376591206,-0.001851614797487855,-0.0046112448908388615,-0.007340131793171167,-0.007616845890879631,-0.00782692339271307,-0.009209142066538334,-0.007777546998113394,-0.0069007775746285915,-0.008630892261862755,-0.007586123887449503,-0.006750777829438448,-0.008018841035664082,-0.0067726364359259605,-0.007596383802592754,-0.006603901740163565,-0.005336684174835682,-0.006636918522417545,-0.009787124581634998,-0.009939517825841904,-0.008082101121544838,-0.009891330264508724,-0.008933004923164845
EL,7,2026-04-07 15:15:00+00:00,11:15,-0.008983015082776546,down,-0.010550051927566528,-0.0008384076063521206,-0.011496525257825851,-0.007146069779992104,-0.012346846982836723,-0.013280533254146576,-0.02277710847556591,-0.019954783841967583,-0.016793539747595787,-0.0195927694439888,-0.015491112135350704,-0.012284469790756702,-0.006144558545202017,-0.005915261339396238,-0.0077680619433522224,-0.01200192328542471,-0.008562928065657616,-0.007034404203295708,-0.008626767434179783,-0.008544277399778366,-0.009563830681145191,-0.011681468226015568,-0.012898866087198257,-0.004792481195181608,-0.010595458559691906,-0.008983015082776546
IVZ,7,2026-04-07 15:15:00+00:00,11:15,-0.009120838716626167,down,-0.016100909560918808,-0.0073009999468922615,-0.012468235567212105,-0.010637106373906136,-0.01695970632135868,-0.01866578310728073,-0.021920695900917053,-0.013215025886893272,-0.01349885854870081,-0.008724925108253956,-0.003950470592826605,-0.007008221931755543,-0.006773367524147034,-0.0021319256629794836,-0.0025467004161328077,-0.002596763428300619,-0.0001308486971538514,-0.0008497069356963038,-0.004046395421028137,-0.008486256003379822,-0.0114574721083045,-0.01142971497029066,-0.007805791217833757,-0.0024846058804541826,-0.0071871159598231316,-0.009120838716626167
BALL,7,2026-04-07 15:15:00+00:00,11:15,-0.009176178835332394,down,-0.008587612770497799,-0.004756629467010498,-0.006621847860515118,-0.005066287238150835,-0.005723325535655022,-0.008323033340275288,-0.00994302611798048,-0.012728208675980568,-0.014765935018658638,-0.0175519697368145,-0.017056887969374657,-0.01551767811179161,-0.014598828740417957,-0.014855166897177696,-0.012458930723369122,-0.014446252956986427,-0.01248488575220108,-0.011639655567705631,-0.011876569129526615,-0.013047370128333569,-0.012601971626281738,-0.015004931017756462,-0.01565970480442047,-0.0104600815102458,-0.012160947546362877,-0.009176178835332394
KMB,7,2026-04-07 15:15:00+00:00,11:15,-0.009215321391820908,down,-0.007985793054103851,3.873869718518108e-05,-0.008144705556333065,-0.007656855508685112,-0.006674502044916153,-0.006298077292740345,-0.008160782046616077,-0.008991247043013573,-0.009802773594856262,-0.00892480369657278,-0.006869845557957888,-0.00725341634824872,-0.006814589258283377,-0.006360675673931837,-0.008840804919600487,-0.009453590027987957,-0.00597749138250947,-0.00814436748623848,-0.008091336116194725,-0.007944692857563496,-0.006826045922935009,-0.007783324457705021,-0.007213433738797903,-0.00407367805019021,-0.007489386014640331,-0.009215321391820908
NTAP,7,2026-04-07 15:15:00+00:00,11:15,-0.009216946549713612,down,-0.0018984080525115132,0.005342865362763405,-0.004244531039148569,-0.0018184080254286528,-0.00818673986941576,-0.008310593664646149,-0.009252098388969898,-0.009106448851525784,-0.009080824442207813,-0.011558004654943943,-0.007867459207773209,-0.00895031075924635,-0.008678480051457882,-0.006604268681257963,-0.009698673151433468,-0.009504173882305622,-0.007991909980773926,-0.010253680869936943,-0.011033186689019203,-0.014084327034652233,-0.009694462642073631,-0.010764186270534992,-0.010303517803549767,-0.0073777963407337666,-0.00914557185024023,-0.009216946549713612
PPG,7,2026-04-07 15:15:00+00:00,11:15,-0.009242934174835682,down,-0.0021995273418724537,0.005198975559324026,-0.002102028811350465,0.0012925511691719294,-0.0010429087560623884,-0.003872951725497842,-0.007653032895177603,-0.006290055345743895,-0.009348533116281033,-0.011927803047001362,-0.007542810402810574,-0.008760560303926468,-0.009072879329323769,-0.005224057473242283,-0.007836439646780491,-0.0034611027222126722,-0.006607940886169672,-0.007996833883225918,-0.008053073659539223,-0.010800324380397797,-0.00768259447067976,-0.0093880295753479,-0.008181295357644558,-0.004038680344820023,-0.008170005865395069,-0.009242934174835682
SCHW,7,2026-04-07 15:15:00+00:00,11:15,-0.009390600025653839,down,-0.009494801051914692,-0.008334803394973278,-0.011261587962508202,-0.008258994668722153,-0.005049651954323053,-0.00620747497305274,-0.007956353016197681,-0.009111631661653519,-0.011031449772417545,-0.01079779863357544,-0.009354503825306892,-0.009570169262588024,-0.00989178940653801,-0.007042293902486563,-0.005779351107776165,-0.007395101711153984,-0.007041113451123238,-0.007514224387705326,-0.005584389436990023,-0.005136438645422459,-0.0071730464696884155,-0.006868176162242889,-0.008640706539154053,-0.006242585834115744,-0.007894929498434067,-0.009390600025653839
MDLZ,7,2026-04-07 15:15:00+00:00,11:15,-0.009403719566762447,down,-0.007986311800777912,-0.0019359501311555505,-0.0017879869556054473,-0.00278376042842865,-0.0008328865515068173,-0.0024833441711962223,-0.005757724866271019,-0.008258272893726826,-0.007052646018564701,-0.010837560519576073,-0.008961814455688,-0.009234604425728321,-0.011189568787813187,-0.009063363075256348,-0.007664357777684927,-0.008410098031163216,-0.00890039186924696,-0.01085745170712471,-0.01023581251502037,-0.009754451923072338,-0.010690352879464626,-0.011213397607207298,-0.013125299476087093,-0.008313479833304882,-0.009760940447449684,-0.009403719566762447
NRG,7,2026-04-07 15:15:00+00:00,11:15,-0.009450118988752365,down,-0.005670382175594568,-0.003485280554741621,-0.006867102812975645,-0.0040176366455852985,-0.006478101015090942,-0.009507092647254467,-0.011518651619553566,-0.009594128467142582,-0.011071464978158474,-0.010588392615318298,-0.008512568660080433,-0.008364117704331875,-0.008415843360126019,-0.008315800689160824,-0.010021375492215157,-0.012638194486498833,-0.008426385000348091,-0.009484427981078625,-0.010363640263676643,-0.011203293688595295,-0.01247955672442913,-0.013802153058350086,-0.013888318091630936,-0.009859646670520306,-0.01213362067937851,-0.009450118988752365
GILD,7,2026-04-07 15:15:00+00:00,11:15,-0.00949610210955143,down,-0.008429525420069695,-0.002484555821865797,-0.00648913998156786,-0.006335785146802664,-0.005601086653769016,-0.006348527502268553,-0.01009474415332079,-0.009311472065746784,-0.009455602616071701,-0.010944304056465626,-0.00820405874401331,-0.008267631754279137,-0.009850230067968369,-0.00981982797384262,-0.01012430526316166,-0.010920431464910507,-0.007445483468472958,-0.010586920194327831,-0.009520656429231167,-0.0083927595987916,-0.008041579276323318,-0.010582725517451763,-0.011333935894072056,-0.007463482674211264,-0.009822369553148746,-0.00949610210955143
ABT,7,2026-04-07 15:15:00+00:00,11:15,-0.009645208716392517,down,-0.002358341356739402,0.00011537369573488832,-0.0031662762630730867,-0.0020423769019544125,-0.0001900750503409654,-0.0021634558215737343,-0.004067797679454088,-0.005961686838418245,-0.004830223508179188,-0.005706742871552706,-0.005061711650341749,-0.004877049010246992,-0.00504643376916647,-0.005313989706337452,-0.005609959829598665,-0.005846239626407623,-0.006213081069290638,-0.006699877325445414,-0.006253061816096306,-0.005016050301492214,-0.006213898304849863,-0.009124072268605232,-0.008739818818867207,-0.008175423368811607,-0.009460512548685074,-0.009645208716392517
SOLV,7,2026-04-07 15:15:00+00:00,11:15,-0.009684083051979542,down,-0.0043366351164877415,0.0008699057507328689,-0.004154813475906849,-0.001977623673155904,-0.00428073899820447,-0.006757934112101793,-0.00906633585691452,-0.008823219686746597,-0.009897705167531967,-0.01140583585947752,-0.0110118817538023,-0.009711737744510174,-0.009461081586778164,-0.009350059553980827,-0.008616854436695576,-0.009421640075743198,-0.006315288599580526,-0.006559724919497967,-0.007852313108742237,-0.008579199202358723,-0.009061501361429691,-0.011573486030101776,-0.012366394512355328,-0.007214657962322235,-0.010694322176277637,-0.009684083051979542
UPS,7,2026-04-07 15:15:00+00:00,11:15,-0.009693964384496212,down,-0.00890105776488781,-0.0044467272236943245,-0.008680155500769615,-0.006982753984630108,-0.006908987648785114,-0.0065299831330776215,-0.009014039300382137,-0.009346933104097843,-0.011795058846473694,-0.010831720195710659,-0.00938605610281229,-0.009378296323120594,-0.01031483430415392,-0.009824104607105255,-0.009941528551280499,-0.010817741975188255,-0.008485997095704079,-0.009685453027486801,-0.010739683173596859,-0.00947652943432331,-0.008376827463507652,-0.011082282289862633,-0.011325712315738201,-0.008008998818695545,-0.010262896306812763,-0.009693964384496212
SJM,7,2026-04-07 15:15:00+00:00,11:15,-0.009703078307211399,down,-0.0012624157825484872,0.0019314888631924987,-0.0012643770314753056,-0.0009135021246038377,-0.002662128070369363,-0.00484225619584322,-0.006764238700270653,-0.007743367925286293,-0.008796688169240952,-0.00790976919233799,-0.0060329437255859375,-0.0050409892573952675,-0.006112357601523399,-0.004533642902970314,-0.003790617687627673,-0.005814785603433847,-0.005671138409525156,-0.005263717379420996,-0.004274093080312014,-0.0024408851750195026,-0.006011479068547487,-0.006536297965794802,-0.00993069726973772,-0.005506002344191074,-0.009233333170413971,-0.009703078307211399
PAYX,7,2026-04-07 15:15:00+00:00,11:15,-0.010033824481070042,down,-0.007744225207716227,-0.004594642668962479,-0.00725430715829134,-0.005088922567665577,-0.007286286912858486,-0.009609970264136791,-0.012572954408824444,-0.011169267818331718,-0.008977022022008896,-0.008751451037824154,-0.008248220197856426,-0.007637740112841129,-0.007469791918992996,-0.005340855568647385,-0.0036335173062980175,-0.005130104720592499,-0.002181397518143058,-0.002926315413787961,-0.004664961714297533,-0.0058891852386295795,-0.006787089630961418,-0.007722496520727873,-0.009123222902417183,-0.0053471047431230545,-0.009446930140256882,-0.010033824481070042
APO,7,2026-04-07 15:15:00+00:00,11:15,-0.01012569572776556,down,-0.007805804722011089,-0.004328008275479078,-0.006317355670034885,-0.0058092703111469746,-0.007607190404087305,-0.00735118892043829,-0.00971089955419302,-0.008912667632102966,-0.005902748089283705,-0.010851328261196613,-0.009607259184122086,-0.009573376737535,-0.009684194810688496,-0.007975265383720398,-0.007031705230474472,-0.00859138835221529,-0.006533263251185417,-0.008114032447338104,-0.008397980593144894,-0.00908078346401453,-0.010542928241193295,-0.010294992476701736,-0.010544498451054096,-0.007232379633933306,-0.00932550523430109,-0.01012569572776556
PEP,7,2026-04-07 15:15:00+00:00,11:15,-0.010369506664574146,down,-0.0049696373753249645,0.0006305159186013043,-0.0035668557975441217,-0.0032431273721158504,-0.0027682508807629347,-0.0035408767871558666,-0.005889813881367445,-0.007163333240896463,-0.007317893207073212,-0.00953725166618824,-0.005649016238749027,-0.0048681627959012985,-0.006910123862326145,-0.007265704683959484,-0.009329784661531448,-0.010672601871192455,-0.010089496150612831,-0.00796014629304409,-0.009317226707935333,-0.008435450494289398,-0.008251385763287544,-0.011060439050197601,-0.008817988447844982,-0.009490440599620342,-0.011265487410128117,-0.010369506664574146
NEM,7,2026-04-07 15:15:00+00:00,11:15,-0.010402140207588673,down,-0.0090304771438241,-0.010382885113358498,-0.013961197808384895,-0.007406887598335743,-0.008656647987663746,-0.008985350839793682,-0.01144996378570795,-0.010105122812092304,-0.012895905412733555,-0.009344115853309631,-0.006514749024063349,-0.007408400997519493,-0.00580925028771162,-0.0064748902805149555,-0.007079312577843666,-0.006698273122310638,-0.005841539241373539,-0.006244412157684565,-0.008715740405023098,-0.01117644365876913,-0.013862750492990017,-0.015626952052116394,-0.01506985817104578,-0.012637048959732056,-0.016116196289658546,-0.010402140207588673
NEE,7,2026-04-07 15:15:00+00:00,11:15,-0.010957341641187668,down,-0.008373929187655449,-0.004814594518393278,-0.007258846424520016,-0.005639197770506144,-0.004647138062864542,-0.006056598387658596,-0.008450169116258621,-0.011007249355316162,-0.011123741045594215,-0.01135675422847271,-0.010110278613865376,-0.010515250265598297,-0.011340556666254997,-0.009051536209881306,-0.009501590393483639,-0.010504327714443207,-0.012179955840110779,-0.011889954097568989,-0.010302038863301277,-0.007984451949596405,-0.010301783680915833,-0.010670403018593788,-0.01413780078291893,-0.010775546543300152,-0.011639678850769997,-0.010957341641187668
TPL,7,2026-04-07 15:15:00+00:00,11:15,-0.010967137292027473,down,-0.0016938078915700316,0.005880485754460096,0.002610984491184354,0.004166536033153534,-0.002025297377258539,-0.0035266014747321606,-0.005472035612910986,-0.002698606578633189,-0.004293046426028013,-0.0051046088337898254,4.471453576115891e-05,-0.00211861333809793,-0.005484854336827993,-0.005485011264681816,-0.0071490854024887085,-0.004268986638635397,-0.0050317938439548016,-0.006472105626016855,-0.0060116383247077465,-0.00829042587429285,-0.008464721031486988,-0.007436370011419058,-0.008109260350465775,-0.007403765805065632,-0.01414283737540245,-0.010967137292027473
WMB,7,2026-04-07 15:15:00+00:00,11:15,-0.011631058529019356,down,-0.004404822364449501,0.0003766697191167623,-0.0033730799332261086,-0.005297643132507801,-0.006759110372513533,-0.009092849679291248,-0.010528437793254852,-0.012470999732613564,-0.011811894364655018,-0.009880509227514267,-0.009344920516014099,-0.009066494181752205,-0.00820188783109188,-0.006900569889694452,-0.007093841675668955,-0.009777205064892769,-0.011132602579891682,-0.011159699410200119,-0.009826784953474998,-0.007309560663998127,-0.008390265516936779,-0.00909986812621355,-0.012555652298033237,-0.01315211784094572,-0.0142830153927207,-0.011631058529019356
AMP,7,2026-04-07 15:15:00+00:00,11:15,-0.011694863438606262,down,-0.006470733322203159,-0.008342902176082134,-0.008188215084373951,-0.005560013931244612,-0.0077766673639416695,-0.010413148440420628,-0.011025452986359596,-0.014448991976678371,-0.015256470069289207,-0.012592687271535397,-0.006608199328184128,-0.004378561861813068,-0.00631893053650856,-0.005277751944959164,-0.008511350490152836,-0.00833950936794281,-0.00571472430601716,-0.00550082279369235,-0.00566764734685421,-0.006900455802679062,-0.006930038798600435,-0.00785437785089016,-0.008872751146554947,-8.454181079287082e-05,-0.0060783070512115955,-0.011694863438606262
KEY,7,2026-04-07 15:15:00+00:00,11:15,-0.011860894039273262,down,-0.011975843459367752,-0.008819462731480598,-0.011726172640919685,-0.01298134122043848,-0.012681249529123306,-0.013304011896252632,-0.01202453300356865,-0.014475622214376926,-0.01561057474464178,-0.017503630369901657,-0.014613345265388489,-0.01426638662815094,-0.015368254855275154,-0.014793493784964085,-0.013143855147063732,-0.014151857234537601,-0.013414799235761166,-0.015543409623205662,-0.0145786227658391,-0.010533182881772518,-0.010632481426000595,-0.012256739661097527,-0.013095767237246037,-0.010334509424865246,-0.011715631000697613,-0.011860894039273262
OKE,7,2026-04-07 15:15:00+00:00,11:15,-0.011919297277927399,down,-0.008191391825675964,-0.006317188031971455,-0.00606643408536911,-0.004115711897611618,-0.002215387998148799,-0.0063888453878462315,-0.01307991798967123,-0.010195587761700153,-0.009627069346606731,-0.011277200654149055,-0.008657904341816902,-0.00953786913305521,-0.010355748236179352,-0.008972644805908203,-0.008033799938857555,-0.009505382739007473,-0.008043775334954262,-0.01079737301915884,-0.00879794079810381,-0.009950966574251652,-0.015479281544685364,-0.017543960362672806,-0.019286464899778366,-0.014089557342231274,-0.014474812895059586,-0.011919297277927399
ZTS,7,2026-04-07 15:15:00+00:00,11:15,-0.012252847664058208,down,-0.007387586869299412,-0.005299999378621578,-0.007336890324950218,-0.006141942925751209,-0.00590774929150939,-0.008055450394749641,-0.011472227983176708,-0.01111584436148405,-0.012028065510094166,-0.013821314089000225,-0.010939222760498524,-0.009714188054203987,-0.010443945415318012,-0.011236093007028103,-0.009705756790935993,-0.01269499771296978,-0.009247351437807083,-0.008111896924674511,-0.010080057196319103,-0.010315763764083385,-0.010743184015154839,-0.012465931475162506,-0.012079386971890926,-0.009629995562136173,-0.01268570963293314,-0.012252847664058208
CMCSA,7,2026-04-07 15:15:00+00:00,11:15,-0.012768297456204891,down,-0.00835648737847805,-0.005836925935000181,-0.007404517848044634,-0.005935369059443474,-0.0045175449922680855,-0.007102479226887226,-0.008799394592642784,-0.008083830587565899,-0.007369250990450382,-0.013328815810382366,-0.013191166333854198,-0.01328175887465477,-0.013184243813157082,-0.013057899661362171,-0.011261853389441967,-0.012570747174322605,-0.011604455299675465,-0.012624004855751991,-0.011958286166191101,-0.010665306821465492,-0.01159452274441719,-0.012781811878085136,-0.013724524527788162,-0.012798824347555637,-0.01301160454750061,-0.012768297456204891
INCY,7,2026-04-07 15:15:00+00:00,11:15,-0.012897931970655918,down,-0.004227513447403908,-0.00383820035494864,-0.005967352539300919,-0.00603023124858737,-0.004996578209102154,-0.006042765453457832,-0.00858345441520214,-0.012219012714922428,-0.016332458704710007,-0.015534326434135437,-0.01491085160523653,-0.015321808867156506,-0.015828384086489677,-0.015571311116218567,-0.013995361514389515,-0.016736572608351707,-0.016608186066150665,-0.01550583727657795,-0.015073547139763832,-0.014149649068713188,-0.015451810322701931,-0.016769254580140114,-0.018315190449357033,-0.013221364468336105,-0.01525965053588152,-0.012897931970655918
ARES,7,2026-04-07 15:15:00+00:00,11:15,-0.013047022745013237,down,-0.0009431885555386543,0.0033249554689973593,-0.0024927137419581413,-0.002699937205761671,-0.004216642584651709,-0.0027070166543126106,-0.007085678167641163,-0.004605525638908148,-0.00455261068418622,-0.005302934907376766,-0.004989339970052242,-0.006653514690697193,-0.008379768580198288,-0.005603546742349863,-0.006192201282829046,-0.009364871308207512,-0.006656774785369635,-0.008722440339624882,-0.010763307102024555,-0.009918633848428726,-0.010367113165557384,-0.009767460636794567,-0.008750958368182182,-0.008245567791163921,-0.012598504312336445,-0.013047022745013237
NCLH,7,2026-04-07 15:15:00+00:00,11:15,-0.013463650830090046,down,-0.02190329134464264,-0.012954176403582096,-0.02035975269973278,-0.018392853438854218,-0.01884332112967968,-0.021294986829161644,-0.022459281608462334,-0.024356236681342125,-0.030561743304133415,-0.028107695281505585,-0.025425676256418228,-0.02387353777885437,-0.02346920222043991,-0.015149925835430622,-0.020820418372750282,-0.02252238616347313,-0.01834816485643387,-0.017769958823919296,-0.01884191296994686,-0.020491749048233032,-0.02385258488357067,-0.02926376275718212,-0.023962415754795074,-0.014526608400046825,-0.019899137318134308,-0.013463650830090046
CPB,7,2026-04-07 15:15:00+00:00,11:15,-0.014625247567892075,down,-0.01738470420241356,-0.009551579132676125,-0.011410819366574287,-0.0117031279951334,-0.015841878950595856,-0.018114127218723297,-0.01894776150584221,-0.02030499093234539,-0.023114880546927452,-0.0229234229773283,-0.020976509898900986,-0.018610039725899696,-0.02253289334475994,-0.01611259952187538,-0.015411823987960815,-0.015386197715997696,-0.017298391088843346,-0.01468441542237997,-0.019429197534918785,-0.018285347148776054,-0.017556628212332726,-0.020714743062853813,-0.017503952607512474,-0.015267405658960342,-0.018668856471776962,-0.014625247567892075
CTAS,7,2026-04-07 15:15:00+00:00,11:15,-0.014674062840640545,down,-0.004873599391430616,-0.00019488853286020458,-0.004290374927222729,-0.003378276014700532,-0.0055396100506186485,-0.006850090809166431,-0.00952841155230999,-0.007605869323015213,-0.007281057070940733,-0.008634134195744991,-0.008421783335506916,-0.007466758601367474,-0.008457544259727001,-0.009938971139490604,-0.014393274672329426,-0.014844761230051517,-0.01201531570404768,-0.010250618681311607,-0.009496974758803844,-0.009037503972649574,-0.008391077630221844,-0.011670882813632488,-0.010167638771235943,-0.008538610301911831,-0.012916992418467999,-0.014674062840640545
INTU,7,2026-04-07 15:15:00+00:00,11:15,-0.015349592082202435,down,-0.010975902900099754,-0.007343294098973274,-0.01616763137280941,-0.013290098868310452,-0.019438279792666435,-0.022599857300519943,-0.021359045058488846,-0.017879974097013474,-0.016741901636123657,-0.020113330334424973,-0.017443712800741196,-0.016866140067577362,-0.015786191448569298,-0.024742277339100838,-0.03475206717848778,-0.03628963232040405,-0.02809816412627697,-0.020210808143019676,-0.027005689218640327,-0.029081501066684723,-0.03125669062137604,-0.02484205551445484,-0.02370588108897209,-0.01728149689733982,-0.01880827732384205,-0.015349592082202435
GEN,7,2026-04-07 15:15:00+00:00,11:15,-0.015440501272678375,down,-0.011153907515108585,-0.006253971252590418,-0.009190377779304981,-0.008990335278213024,-0.012712697498500347,-0.012562175281345844,-0.014381106942892075,-0.014225713908672333,-0.013136082328855991,-0.016562622040510178,-0.015242073684930801,-0.012810828164219856,-0.012339810840785503,-0.009709115140140057,-0.015396620146930218,-0.01667429506778717,-0.010384165681898594,-0.01145784743130207,-0.012734032236039639,-0.012902578338980675,-0.013117877766489983,-0.016311388462781906,-0.017594078555703163,-0.014428249560296535,-0.016818391159176826,-0.015440501272678375
TTD,7,2026-04-07 15:15:00+00:00,11:15,-0.01916271075606346,down,-0.021565044298768044,-0.012724081054329872,-0.023323383182287216,-0.023223331198096275,-0.028928076848387718,-0.0327439084649086,-0.037480734288692474,-0.03285405412316322,-0.029612544924020767,-0.02830744907259941,-0.023833828046917915,-0.02242235466837883,-0.023663759231567383,-0.02014324441552162,-0.01936330646276474,-0.024562077596783638,-0.017942018806934357,-0.02120327763259411,-0.024092016741633415,-0.024683937430381775,-0.031911563128232956,-0.03539574518799782,-0.03383668139576912,-0.022054089233279228,-0.032429203391075134,-0.01916271075606346
GNRC,7,2026-04-07 15:15:00+00:00,11:15,-0.019443335011601448,down,-0.004488962236791849,-0.011125625111162663,-0.010720268823206425,-0.011335001327097416,-0.0172518752515316,-0.01259785145521164,-0.014235226437449455,-0.014636621810495853,-0.016082148998975754,-0.011124713346362114,-0.012591912411153316,-0.00967516377568245,-0.0144207077100873,-0.01607135683298111,-0.017234383150935173,-0.021182727068662643,-0.017445646226406097,-0.014913493767380714,-0.018443826586008072,-0.016106490045785904,-0.011080821044743061,-0.015395686030387878,-0.016369471326470375,-0.01397401001304388,-0.021843576803803444,-0.019443335011601448
KVUE,7,2026-04-07 15:15:00+00:00,11:15,-0.02048494480550289,down,-0.011443004943430424,-0.0043528638780117035,-0.005444447044283152,-0.007823430001735687,-0.006892343983054161,-0.007582115009427071,-0.009142604656517506,-0.012317060492932796,-0.015050489455461502,-0.015484878793358803,-0.013228701427578926,-0.012720063328742981,-0.011891089379787445,-0.012315924279391766,-0.015705013647675514,-0.016179103404283524,-0.01589699275791645,-0.015966737642884254,-0.01567361317574978,-0.014169959351420403,-0.01292305439710617,-0.01603989489376545,-0.01776837185025215,-0.01503837015479803,-0.01848917454481125,-0.02048494480550289
HRL,7,2026-04-07 15:15:00+00:00,11:15,-0.021138612180948257,down,-0.013753875158727169,-0.009939653798937798,-0.012297688983380795,-0.01626078225672245,-0.017935199663043022,-0.01780429482460022,-0.02122035250067711,-0.020421486347913742,-0.017635345458984375,-0.020781071856617928,-0.02016933262348175,-0.01793057657778263,-0.016105925664305687,-0.017637860029935837,-0.016932222992181778,-0.019797613844275475,-0.01458865124732256,-0.014457043260335922,-0.018680667504668236,-0.0164239052683115,-0.02134113758802414,-0.022409649565815926,-0.022547710686922073,-0.019617030397057533,-0.022944092750549316,-0.021138612180948257
PCG,7,2026-04-07 15:15:00+00:00,11:15,-0.024805821478366852,down,-0.012481988407671452,-0.008393528871238232,-0.006443834863603115,-0.00862864963710308,-0.007817774079740047,-0.010717575438320637,-0.01216104906052351,-0.017268307507038116,-0.02001180499792099,-0.023455537855625153,-0.021657226607203484,-0.02000056952238083,-0.021551571786403656,-0.019548309966921806,-0.022714968770742416,-0.02397005259990692,-0.023165130987763405,-0.023091495037078857,-0.023239681497216225,-0.021716410294175148,-0.02074725367128849,-0.023431820794939995,-0.024550605565309525,-0.02346842922270298,-0.02449139580130577,-0.024805821478366852
HST,7,2026-04-07 15:15:00+00:00,11:15,-0.02714194357395172,down,-0.005507148336619139,-0.006519608199596405,-0.011250398121774197,-0.013783542439341545,-0.015180361457169056,-0.014269952662289143,-0.01672893576323986,-0.018107520416378975,-0.017373213544487953,-0.017348438501358032,-0.018884699791669846,-0.01617245376110077,-0.018339114263653755,-0.01877814531326294,-0.01799388974905014,-0.018964005634188652,-0.018751537427306175,-0.02014925144612789,-0.022247642278671265,-0.020680256187915802,-0.024711742997169495,-0.02511625923216343,-0.024846909567713737,-0.022265832871198654,-0.024868598207831383,-0.02714194357395172
SMCI,7,2026-04-07 15:15:00+00:00,11:15,-0.02784537710249424,down,-0.024525238201022148,-0.026393359526991844,-0.03152875974774361,-0.03502415865659714,-0.035243768244981766,-0.038693904876708984,-0.0406264066696167,-0.03650292009115219,-0.04036936163902283,-0.03688604384660721,-0.036522768437862396,-0.030010145157575607,-0.027446161955595016,-0.025466877967119217,-0.025765186175704002,-0.02882799506187439,-0.023998809978365898,-0.02622409723699093,-0.028764206916093826,-0.029295410960912704,-0.03917715698480606,-0.0394311249256134,-0.03813471645116806,-0.027015499770641327,-0.033021461218595505,-0.02784537710249424
KIM,7,2026-04-07 15:15:00+00:00,11:15,-0.031063858419656754,down,-0.003911384381353855,-0.0013974610483273864,-0.004820822738111019,-0.005807226523756981,-0.005339953117072582,-0.007668840233236551,-0.011517681181430817,-0.011822644621133804,-0.008473106659948826,-0.010999704711139202,-0.008821455761790276,-0.007707042153924704,-0.007877730764448643,-0.009357018396258354,-0.008655399084091187,-0.009957495145499706,-0.005905486177653074,-0.006775620859116316,-0.008991673588752747,-0.007637927774339914,-0.016468357294797897,-0.017568670213222504,-0.024855321273207664,-0.022617576643824577,-0.030339796096086502,-0.031063858419656754
