symbol,step,as_of_ts,slot_label,predicted_full_day_return,predicted_direction,pred_log_return_h00,pred_log_return_h01,pred_log_return_h02,pred_log_return_h03,pred_log_return_h04,pred_log_return_h05,pred_log_return_h06,pred_log_return_h07,pred_log_return_h08,pred_log_return_h09,pred_log_return_h10,pred_log_return_h11,pred_log_return_h12,pred_log_return_h13,pred_log_return_h14,pred_log_return_h15,pred_log_return_h16,pred_log_return_h17,pred_log_return_h18,pred_log_return_h19,pred_log_return_h20,pred_log_return_h21,pred_log_return_h22,pred_log_return_h23,pred_log_return_h24,pred_log_return_h25
PSKY,5,2026-04-07 14:45:00+00:00,10:45,0.08506259322166443,up,0.05406869947910309,0.1006375327706337,0.047831855714321136,0.048092279583215714,0.05764246731996536,0.06372855603694916,0.06232729181647301,0.06170756742358208,0.05675725266337395,0.05434751138091087,0.06985804438591003,0.07488787174224854,0.07303158938884735,0.07403356581926346,0.08265051990747452,0.07471970468759537,0.07729195803403854,0.07443463802337646,0.07432836294174194,0.07184283435344696,0.07201220840215683,0.06941912323236465,0.07208623737096786,0.07677853852510452,0.07378768175840378,0.08506259322166443
GOOGL,5,2026-04-07 14:45:00+00:00,10:45,0.0427241213619709,up,0.015773586928844452,0.007792477961629629,0.007125230971723795,0.006555979605764151,0.003603423712775111,0.0016071127029135823,0.010505134239792824,0.012807536870241165,0.01600990816950798,0.017130712047219276,0.016353683546185493,0.026392808184027672,0.02525038830935955,0.024626241996884346,0.028108034282922745,0.027827054262161255,0.030338147655129433,0.028776895254850388,0.030011285096406937,0.028429245576262474,0.023097923025488853,0.023909443989396095,0.026368210092186928,0.02693847194314003,0.02687959000468254,0.0427241213619709
UNH,5,2026-04-07 14:45:00+00:00,10:45,0.03822702914476395,up,0.0032126479782164097,-0.007994134910404682,-0.009371386840939522,0.002015748992562294,-0.0035374355502426624,-0.002413909649476409,-0.0054668826051056385,0.0001457698381273076,-0.004032743629068136,0.005041232332587242,0.015007241629064083,0.011730488389730453,0.014282568357884884,0.01834835298359394,0.014583379030227661,0.011147658340632915,0.014852750115096569,0.013013671152293682,0.01208016462624073,0.009211095049977303,0.012561297975480556,0.01142663974314928,0.01486918143928051,0.017987895756959915,0.02143743634223938,0.03822702914476395
GE,5,2026-04-07 14:45:00+00:00,10:45,0.03763936460018158,up,0.017871109768748283,0.015163330361247063,0.018157197162508965,0.018889635801315308,0.017273589968681335,0.01762848161160946,0.01847928576171398,0.02397712506353855,0.021711423993110657,0.02145361714065075,0.02330080047249794,0.029740389436483383,0.028078213334083557,0.029759248718619347,0.030374180525541306,0.027982881292700768,0.029691623523831367,0.031100638210773468,0.02991170808672905,0.025817258283495903,0.02532423473894596,0.024201413616538048,0.022507764399051666,0.02509303204715252,0.02481091581285,0.03763936460018158
ELV,5,2026-04-07 14:45:00+00:00,10:45,0.032745007425546646,up,0.00016023393254727125,-0.006422579754143953,-0.009791169315576553,-0.0037854299880564213,-0.005500699393451214,-0.00823644082993269,-0.010338012129068375,-0.0047517698258161545,-0.0024843018036335707,0.0010399550665169954,0.009311973117291927,0.011012260802090168,0.01913028210401535,0.020871946588158607,0.017154796048998833,0.013674206100404263,0.021958770230412483,0.017557581886649132,0.014289368875324726,0.01385914720594883,0.01571868732571602,0.0149292703717947,0.01783154532313347,0.0233104657381773,0.02403555065393448,0.032745007425546646
CVNA,5,2026-04-07 14:45:00+00:00,10:45,0.029715275391936302,up,0.0016322840237990022,-0.0021356067154556513,-0.0006066709174774587,0.0036053634248673916,-0.004013850819319487,-0.0008102551801130176,-0.004470046143978834,0.0028223420958966017,-0.0005499185062944889,0.002740651834756136,0.005538663361221552,0.004647070541977882,0.00044136703945696354,0.00592042924836278,0.005081491079181433,0.0029566967859864235,0.00774743827059865,0.006853304337710142,0.00792323611676693,0.008048242889344692,0.005599237512797117,0.007543674670159817,0.004979694727808237,0.013275153934955597,0.012153604067862034,0.029715275391936302
AVGO,5,2026-04-07 14:45:00+00:00,10:45,0.026914073154330254,up,-0.003638501511886716,-0.01898849382996559,-0.02508610673248768,-0.01545080915093422,-0.01614059880375862,-0.023677710443735123,-0.019797058776021004,-0.012065901421010494,-0.00807967409491539,-0.007083815988153219,-0.0008018570370040834,0.0013598998775705695,0.00867543090134859,0.013414219953119755,0.016862373799085617,0.011874215677380562,0.0191593449562788,0.016863679513335228,0.01824597828090191,0.01908128522336483,0.011819207109510899,0.009444166906177998,0.010164093226194382,0.012196462601423264,0.016746696084737778,0.026914073154330254
INTC,5,2026-04-07 14:45:00+00:00,10:45,0.02685890905559063,up,0.013496563769876957,-0.0056998757645487785,-0.010610352270305157,-0.0016938340850174427,0.0006545526557601988,0.00261995499022305,-0.002012645360082388,0.008526014164090157,-0.0005686493241228163,0.001058070221915841,0.010424405336380005,0.018221180886030197,0.027139537036418915,0.021097350865602493,0.022280948236584663,0.019150782376527786,0.014928800985217094,0.01687527820467949,0.019770873710513115,0.016680292785167694,0.011626798659563065,0.0033385255374014378,0.008338888175785542,0.013192811980843544,0.018541989848017693,0.02685890905559063
HD,5,2026-04-07 14:45:00+00:00,10:45,0.02554052695631981,up,0.003217951627448201,0.004442255944013596,-0.0018807417945936322,0.0026128950994461775,0.002225399948656559,-0.0018378442618995905,-0.004499323200434446,0.0017552243079990149,0.00026719976449385285,0.0012539991876110435,0.005308803636580706,0.0065430086106061935,0.007293118629604578,0.007323411758989096,0.006068825256079435,0.004889559466391802,0.01186392828822136,0.0097450390458107,0.010990547947585583,0.009955919347703457,0.011199284344911575,0.006515843328088522,0.008824784308671951,0.012416712008416653,0.013100067153573036,0.02554052695631981
GOOG,5,2026-04-07 14:45:00+00:00,10:45,0.025354325771331787,up,0.005062602926045656,-0.002636674093082547,-0.007060724776238203,-0.0032146808225661516,-0.007132803555577993,-0.009075755253434181,-0.004454607609659433,-0.0036333962343633175,-0.001547929015941918,0.0016260748961940408,0.0038682979065924883,0.008237176574766636,0.008320537395775318,0.007947966456413269,0.0083234254270792,0.008563224226236343,0.013023711740970612,0.011439714580774307,0.011390961706638336,0.010101174004375935,0.00728711299598217,0.0054671866819262505,0.00698353024199605,0.007411913014948368,0.011469286866486073,0.025354325771331787
WDC,5,2026-04-07 14:45:00+00:00,10:45,0.024315807968378067,up,0.0028238780796527863,-0.008855742402374744,-0.009615818038582802,-0.004573540762066841,-0.008874560706317425,-0.00936996191740036,-0.008727007545530796,-0.0009222315275110304,-0.0034432876855134964,0.004030479118227959,0.0126967066898942,0.012567102909088135,0.014845945872366428,0.01468589436262846,0.017812540754675865,0.014366176910698414,0.01581432856619358,0.012552757747471333,0.013800683431327343,0.010036703199148178,0.009496862068772316,0.0004750048101413995,0.002546789590269327,0.006319379433989525,0.009646378457546234,0.024315807968378067
TER,5,2026-04-07 14:45:00+00:00,10:45,0.021654896438121796,up,-0.006054006051272154,-0.01135665737092495,-0.014774132519960403,-0.009888903237879276,-0.010835180059075356,-0.0097265699878335,-0.013348163105547428,-0.009670063853263855,-0.007068461272865534,-0.003163811517879367,0.0007998629589565098,0.0033561736345291138,0.010015553794801235,0.01445868518203497,0.01354354340583086,0.005554351955652237,0.013784927316009998,0.011084947735071182,0.0086306007578969,0.007498844061046839,0.0034702534321695566,-0.00021134836424607784,0.0018341164104640484,0.010386679321527481,0.01319267600774765,0.021654896438121796
LITE,5,2026-04-07 14:45:00+00:00,10:45,0.01999172568321228,up,-0.0013469308614730835,-0.016514774411916733,-0.01596878655254841,-0.0035944869741797447,-0.007815729826688766,-0.016234779730439186,-0.015642980113625526,-0.00752855371683836,-0.010772163979709148,-0.004078902769833803,0.004323531873524189,0.007322391495108604,0.007649610284715891,0.007065131328999996,0.00705322902649641,0.004174952860921621,0.005646940320730209,-0.00475732097402215,-0.0011871906463056803,-0.001118875457905233,-0.004244089126586914,-0.011455332860350609,-0.008470467291772366,-0.004443821031600237,0.00407997565343976,0.01999172568321228
HUM,5,2026-04-07 14:45:00+00:00,10:45,0.019145356491208076,up,0.008693336509168148,0.0021107676438987255,-0.00264168344438076,0.0022579743526875973,0.0038297579158097506,0.0006346291629597545,0.0028989980928599834,0.0071624452248215675,0.009228650480508804,0.014890040270984173,0.015602714382112026,0.01833157241344452,0.018128080293536186,0.018138118088245392,0.015222069807350636,0.014164488762617111,0.020137572661042213,0.0148585494607687,0.015105519443750381,0.015541089698672295,0.013822697103023529,0.006469385232776403,0.014556672424077988,0.021080438047647476,0.020110037177801132,0.019145356491208076
BA,5,2026-04-07 14:45:00+00:00,10:45,0.01878727413713932,up,0.0049820514395833015,0.004923908971250057,0.0032208487391471863,0.00753276702016592,0.005629074294120073,0.0052954815328121185,-0.0012118085287511349,0.005096328444778919,0.0018120554741472006,0.005955692380666733,0.008653338998556137,0.010677671059966087,0.010255508124828339,0.009301695972681046,0.010591479018330574,0.009920112788677216,0.013351334258913994,0.011623910628259182,0.011762122623622417,0.011432128958404064,0.00957606639713049,0.006950415205210447,0.01061099860817194,0.01464172825217247,0.015275038778781891,0.01878727413713932
ON,5,2026-04-07 14:45:00+00:00,10:45,0.01756421849131584,up,-0.000585344445426017,0.00523525383323431,0.0017590937204658985,0.007726299110800028,0.004489947576075792,0.003495684126392007,-0.002388958353549242,0.0007154131890274584,-0.0015157109592109919,-0.0019308585906401277,0.0003465940826572478,0.003934357315301895,0.0053210933692753315,0.006454349495470524,0.006280803121626377,0.0050176470540463924,0.008591429330408573,0.007345966529101133,0.006690713111311197,0.006833541207015514,0.007535721641033888,0.006542723625898361,0.009302371181547642,0.016684817150235176,0.013519743457436562,0.01756421849131584
AMD,5,2026-04-07 14:45:00+00:00,10:45,0.017390422523021698,up,-0.00848537776619196,-0.013669843785464764,-0.017729494720697403,-0.01242335420101881,-0.014651622623205185,-0.015925925225019455,-0.016480157151818275,-0.01253169309347868,-0.017425447702407837,-0.013576218858361244,-0.007207794114947319,-0.0064151352271437645,-0.009663303382694721,-0.007907955907285213,-0.010650324635207653,-0.012832105159759521,-0.00949802901595831,-0.006506665609776974,-0.009631885215640068,-0.005971916019916534,-0.007466196548193693,-0.008326206356287003,-0.006447282619774342,0.0023496162611991167,0.005871878005564213,0.017390422523021698
SNDK,5,2026-04-07 14:45:00+00:00,10:45,0.01675635762512684,up,0.007751736789941788,-0.005666510201990604,-0.004085648339241743,0.007593666203320026,0.0023336471058428288,-0.0080298176035285,-0.010456904768943787,-0.0030679977498948574,-0.008381920866668224,0.0020434153266251087,0.006207855883985758,0.008118459023535252,0.005927909165620804,0.0009818339021876454,0.0023521254770457745,0.00037381993024609983,-0.001991000259295106,-0.006529630161821842,-0.001820598030462861,0.0034656142815947533,-0.005237021949142218,-0.013944779522716999,-0.011620571836829185,-0.0062492298893630505,-0.00010822355397976935,0.01675635762512684
ADBE,5,2026-04-07 14:45:00+00:00,10:45,0.01538806688040495,up,0.00812284555286169,0.01139870472252369,0.010875335894525051,0.01594294048845768,0.01254735141992569,0.011031526140868664,0.006952833384275436,0.009833038784563541,0.007949079386889935,0.008054862730205059,0.01356283389031887,0.013286754488945007,0.012125518172979355,0.009512052871286869,0.01065027341246605,0.011107005178928375,0.014178507961332798,0.012083431705832481,0.012187966145575047,0.010117451660335064,0.010453574359416962,0.010382586158812046,0.009131609462201595,0.013472768478095531,0.011151693761348724,0.01538806688040495
EQT,5,2026-04-07 14:45:00+00:00,10:45,0.015121344476938248,up,0.0026072415057569742,0.002713995287194848,0.003844741964712739,0.0062218159437179565,0.004258792381733656,0.0031480377074331045,0.0010672578355297446,0.003107805037871003,0.0024073419626802206,0.0021811050828546286,0.006366475019603968,0.008554038591682911,0.008141998201608658,0.00948865432292223,0.008430387824773788,0.00890602171421051,0.011425437405705452,0.01024534646421671,0.01115502044558525,0.010697507299482822,0.012188425287604332,0.009188210591673851,0.01085619442164898,0.01572917215526104,0.011701672337949276,0.015121344476938248
BAX,5,2026-04-07 14:45:00+00:00,10:45,0.014636268839240074,up,0.0016749972710385919,0.005541573744267225,0.0018348091980442405,0.005794531665742397,0.0013219722313806415,0.0010480722412467003,-0.003585976082831621,0.0014644190669059753,0.0033181174658238888,0.0035172603093087673,0.011315127834677696,0.011322692036628723,0.01482265256345272,0.017467787489295006,0.012077758088707924,0.013514108024537563,0.017252027988433838,0.01608586683869362,0.014416755177080631,0.013671381399035454,0.013309083878993988,0.010194892063736916,0.010417088866233826,0.017643839120864868,0.013660584576427937,0.014636268839240074
CI,5,2026-04-07 14:45:00+00:00,10:45,0.013897290453314781,up,0.0018979955930262804,-0.0013418917078524828,-0.0030188686214387417,-0.0011114695807918906,-0.0013145377160981297,-0.0042813438922166824,-0.010064046829938889,-0.006821506656706333,-0.007648587226867676,-0.005121319089084864,-0.0008108125766739249,0.0018771749455481768,0.002459423616528511,0.0026632968802005053,-0.001971515826880932,-0.0004258416302036494,0.005200723186135292,0.00043709948658943176,0.002254307735711336,0.0020224638283252716,0.0009611309505999088,-0.0015891382936388254,0.0014457942452281713,0.007339708972722292,0.005320457741618156,0.013897290453314781
LLY,5,2026-04-07 14:45:00+00:00,10:45,0.013890715315937996,up,-0.0045768930576741695,-0.00856544729322195,-0.009697118774056435,-0.0029736775904893875,-0.0046700178645551205,-0.006335134152323008,-0.009152939543128014,-0.003381179878488183,-0.007119170855730772,-0.0021370595786720514,0.001154001452960074,0.0015839309198781848,0.00170623988378793,0.0023691498208791018,0.0009475215338170528,0.0009936634451150894,0.0011438465444371104,0.0011549001792445779,-0.0002117565309163183,0.000705570331774652,0.0016861234325915575,0.0017558716936036944,0.0052220262587070465,0.008023622445762157,0.007025669328868389,0.013890715315937996
LUV,5,2026-04-07 14:45:00+00:00,10:45,0.013724088668823242,up,0.0025855626445263624,0.010215554386377335,0.010957068763673306,0.012028430588543415,0.008600358851253986,0.00831542443484068,0.00218711094930768,0.0039479294791817665,0.0026551068294793367,0.0031630347948521376,0.0024302778765559196,0.004619062412530184,0.005214424803853035,0.0073297168128192425,0.008638063445687294,0.0069528305903077126,0.01009356789290905,0.006941806059330702,0.007874670438468456,0.00663401186466217,0.007173971738666296,0.004829023964703083,0.007280721794813871,0.011002416722476482,0.007701873313635588,0.013724088668823242
CNC,5,2026-04-07 14:45:00+00:00,10:45,0.01322910562157631,up,0.0027269939891994,-0.0004449980624485761,-0.0029275412671267986,0.0012396159581840038,-0.0028478452004492283,-0.00044923045788891613,-0.003621800569817424,-0.0022962859366089106,-0.0039017817471176386,-0.00034730511833913624,0.006702888291329145,0.008473524823784828,0.004568400792777538,0.010632275603711605,0.010308894328773022,0.00803693663328886,0.008943714201450348,0.00930982269346714,0.006148006301373243,0.003756629303097725,0.005375811830163002,0.0034734823275357485,0.005869464948773384,0.018476149067282677,0.0140018779784441,0.01322910562157631
ODFL,5,2026-04-07 14:45:00+00:00,10:45,0.012512477114796638,up,-0.00733927171677351,-0.007132017053663731,-0.010172367095947266,-0.004990680608898401,-0.007105114404112101,-0.010020852088928223,-0.012460269965231419,-0.008833776228129864,-0.009423782117664814,-0.008207309059798717,-0.0077581643126904964,-0.003928101621568203,-0.004381920211017132,-0.004014669917523861,-0.00666765496134758,-0.007053369656205177,-0.004379243589937687,-0.005804794374853373,-0.0063036056235432625,-0.007870577275753021,-0.00768548808991909,-0.005807576235383749,-0.000671533343847841,0.004888990893959999,0.006571602076292038,0.012512477114796638
MRNA,5,2026-04-07 14:45:00+00:00,10:45,0.012284921482205391,up,-0.011795233935117722,-0.003328303573653102,-0.00645729573443532,-0.008073394186794758,-0.007981515489518642,-0.008800538256764412,-0.010492395609617233,-0.005984046030789614,-0.004283727612346411,-0.008405753411352634,-0.004997273441404104,-0.004724307917058468,-0.0014039012603461742,0.0023197184782475233,0.002978784032166004,0.004111305810511112,0.004831718746572733,0.0065751043148338795,0.004403732251375914,0.003608993487432599,0.006653886754065752,0.002980917226523161,0.002414114074781537,0.008663088083267212,0.009812552481889725,0.012284921482205391
CSGP,5,2026-04-07 14:45:00+00:00,10:45,0.012133745476603508,up,0.003696393221616745,0.012690750882029533,0.007486753165721893,0.011890187859535217,0.006936610210686922,0.005800258368253708,-0.000293889082968235,0.0015479864086955786,0.002259174594655633,0.0014211054658517241,0.002223619259893894,0.0007887303945608437,0.0029662055894732475,0.005718651227653027,0.0056573147885501385,0.004590983968228102,0.006899372674524784,0.0051710037514567375,0.0077823917381465435,0.005500668194144964,0.009782422333955765,0.006975596304982901,0.006110845133662224,0.00777684710919857,0.00538399675861001,0.012133745476603508
TJX,5,2026-04-07 14:45:00+00:00,10:45,0.011993459425866604,up,0.003060270333662629,0.005392007529735565,0.0026228909846395254,0.005797562655061483,0.0051484969444572926,0.0032734835986047983,-0.0005983335431665182,0.002252667909488082,0.0014851216692477465,0.0019181853858754039,0.005320098716765642,0.007599168457090855,0.0076654404401779175,0.007283515762537718,0.006216588895767927,0.0063712336122989655,0.008424228988587856,0.006924790795892477,0.0076802801340818405,0.0069333408027887344,0.007428907789289951,0.00509305763989687,0.0069455853663384914,0.010450312867760658,0.007458357606083155,0.011993459425866604
LH,5,2026-04-07 14:45:00+00:00,10:45,0.011978039517998695,up,0.00428192550316453,0.005425550509244204,0.005408158991485834,0.007143162656575441,0.004385612439364195,0.0005029721651226282,-0.003001317847520113,-0.0005540158599615097,-0.00010034845035988837,-0.0007968863355927169,0.0014502151170745492,0.004034940153360367,0.005377710796892643,0.005218131467700005,0.0021321536041796207,0.002579721389338374,0.005459148902446032,0.003627561265602708,0.002510987687855959,0.0044620465487241745,0.004060216713696718,0.0017387171974405646,0.004092044197022915,0.007689856458455324,0.004933173768222332,0.011978039517998695
CIEN,5,2026-04-07 14:45:00+00:00,10:45,0.011861147359013557,up,-0.013866213150322437,-0.023180309683084488,-0.023810742422938347,-0.013033690862357616,-0.014214563183486462,-0.018484562635421753,-0.018471991643309593,-0.01647106371819973,-0.011356364004313946,-0.008989881724119186,-0.006132893729954958,-0.0021340157836675644,-0.0014863343676552176,-0.0017110526096075773,-0.0042887236922979355,-0.007538904435932636,-0.005956492852419615,-0.007629743777215481,-0.014220870099961758,-0.0150614557787776,-0.006228714250028133,-0.006082572974264622,-0.003324430203065276,0.0007645903970114887,0.003209935501217842,0.011861147359013557
COHR,5,2026-04-07 14:45:00+00:00,10:45,0.011561593040823936,up,-0.005451044533401728,-0.010377797298133373,-0.01244520116597414,-0.008223709650337696,-0.011416000314056873,-0.012906007468700409,-0.0154794966802001,-0.006114754360169172,-0.00825873576104641,-0.0016234144568443298,0.007542122155427933,0.011583042331039906,0.009810569696128368,0.007320541888475418,0.007458031177520752,0.005020471755415201,0.005147718358784914,0.002319951308891177,0.003889572573825717,0.0028961782809346914,-0.0008194693364202976,-0.0038685216568410397,-0.004909889306873083,0.0008412047754973173,0.0019031941192224622,0.011561593040823936
MU,5,2026-04-07 14:45:00+00:00,10:45,0.011551505886018276,up,-0.004559346940368414,-0.013115659356117249,-0.017637524753808975,-0.01087458897382021,-0.017846934497356415,-0.021978750824928284,-0.020837629213929176,-0.0177188478410244,-0.016884954646229744,-0.01399922277778387,-0.007279477082192898,-0.00559558579698205,-0.0011254287092015147,-0.00452609546482563,-0.0024957635905593634,-0.005598593503236771,-0.005921551492065191,-0.00601983442902565,-0.010115167126059532,-0.0056601171381771564,-0.010720765218138695,-0.01450312603265047,-0.01344189140945673,-0.009174574166536331,-0.003390341764315963,0.011551505886018276
PSX,5,2026-04-07 14:45:00+00:00,10:45,0.011338360607624054,up,-0.00047302880557253957,0.005339546594768763,0.00410588551312685,0.0044073560275137424,0.004208453930914402,0.003144122427329421,0.003385368501767516,-0.0003639480273704976,0.002163686789572239,0.005249214358627796,0.004220786038786173,0.0020728411618620157,-0.002256032545119524,0.0025937205646187067,0.0006338060484267771,0.002177750924602151,0.000568735005799681,0.001231845119036734,0.0011456439970061183,0.002876827260479331,0.004211976658552885,0.0028797124978154898,0.003683396615087986,0.00842362828552723,0.00988463219255209,0.011338360607624054
APA,5,2026-04-07 14:45:00+00:00,10:45,0.011329635046422482,up,0.013282581232488155,0.019066032022237778,0.017553195357322693,0.017751287668943405,0.016176633536815643,0.01707015372812748,0.014950752258300781,0.013913684524595737,0.015016526915133,0.01186642050743103,0.013368031941354275,0.012256188318133354,0.009284022264182568,0.009089863859117031,0.014782418496906757,0.013516549952328205,0.011737887747585773,0.011973310261964798,0.012276384979486465,0.012314682826399803,0.012568985112011433,0.012620527297258377,0.014064465649425983,0.015925398096442223,0.014782771468162537,0.011329635046422482
CEG,5,2026-04-07 14:45:00+00:00,10:45,0.011320778168737888,up,-0.0038675516843795776,-0.002985837636515498,-0.009268167428672314,-0.009449123404920101,-0.01447216048836708,-0.01478195283561945,-0.023425552994012833,-0.017758766189217567,-0.016303956508636475,-0.012449761852622032,-0.006704320199787617,-0.0037285222206264734,-0.001815831521525979,-0.005033346824347973,-0.010003693401813507,-0.008616418577730656,-0.0065311528742313385,-0.006969778332859278,-0.0077386596240103245,-0.008150502108037472,-0.00739959254860878,-0.011175201274454594,-0.01124655082821846,-0.00270001869648695,-0.0077869766391813755,0.011320778168737888
MKC,5,2026-04-07 14:45:00+00:00,10:45,0.010459463112056255,up,0.00462830625474453,0.007155987434089184,0.0033987045753747225,0.0043248990550637245,0.003702882444486022,0.0033964465837925673,0.0006469573127105832,0.0031518680043518543,0.004004301503300667,0.003955756314098835,0.0033992433454841375,0.005383290816098452,0.004704109393060207,0.005341906100511551,0.006360865663737059,0.004079259932041168,0.0067873564548790455,0.008110560476779938,0.008013098500669003,0.007290559820830822,0.008494597859680653,0.008727068081498146,0.008475727401673794,0.011778040789067745,0.009887275286018848,0.010459463112056255
TYL,5,2026-04-07 14:45:00+00:00,10:45,0.010030858218669891,up,0.0009108951780945063,0.004152397159487009,-0.0011381538351997733,0.0011769518023356795,4.72057108709123e-05,-0.0032432707957923412,-0.004651115275919437,-0.002838741522282362,-0.004206885118037462,-0.0033287759870290756,-0.0007035929593257606,0.0006474894471466541,0.0007814979180693626,0.002832400379702449,0.0010765347396954894,0.0006817446555942297,0.0027346741408109665,0.001407458446919918,0.0008162961457856,0.00014000084775034338,0.0019794811960309744,5.2860938012599945e-05,0.0009435476385988295,0.004395005758851767,0.005392751656472683,0.010030858218669891
AMAT,5,2026-04-07 14:45:00+00:00,10:45,0.010019997134804726,up,-0.007201396394520998,-0.009653070941567421,-0.011778173968195915,-0.008354753255844116,-0.00826376024633646,-0.008768097497522831,-0.010925600305199623,-0.008039755746722221,-0.009465315379202366,-0.00847636442631483,-0.004077667370438576,-0.0040423977188766,-0.0020036797504872084,-0.005060297437012196,-0.00482048699632287,-0.006476215552538633,-0.005323191173374653,-0.006662420928478241,-0.005863124504685402,-0.0046294196508824825,-0.0033672067802399397,-0.008382607251405716,-0.006204870529472828,-0.0004896391765214503,-0.004020706284791231,0.010019997134804726
LEN,5,2026-04-07 14:45:00+00:00,10:45,0.009942872449755669,up,0.003466550726443529,0.010558643378317356,0.006985084153711796,0.007435564883053303,0.008043314330279827,0.004422734025865793,-0.0010667965980246663,0.0029494413174688816,0.004194873850792646,0.0019793061073869467,0.0016996848862618208,0.003451679367572069,0.00900696124881506,0.008258145302534103,0.005188362207263708,0.005432530306279659,0.00977282878011465,0.006925002206116915,0.010463408194482327,0.009102343581616879,0.0099801542237401,0.007019388489425182,0.006946696899831295,0.012023036368191242,0.008287704549729824,0.009942872449755669
RCL,5,2026-04-07 14:45:00+00:00,10:45,0.00991005264222622,up,-0.0016117561608552933,0.0013673810753971338,-0.0032544415444135666,-0.0006339098908938468,-0.002561128931120038,-0.004703303333371878,-0.010165981017053127,-0.0038501108065247536,-0.009544488973915577,-0.0037011955864727497,-0.0001041089344653301,0.0003682906099129468,-0.0026156697422266006,-0.000529357697814703,-0.0035018364433199167,-0.004344194661825895,0.0004319220024626702,0.00031929949182085693,-0.0013167375000193715,-0.004777752794325352,-0.004606897477060556,-0.00824342854321003,-0.006303451955318451,0.0006428953493013978,-0.0016608798177912831,0.00991005264222622
NKE,5,2026-04-07 14:45:00+00:00,10:45,0.009786134585738182,up,-0.004084846470504999,0.009057311341166496,0.003127054078504443,0.006616624537855387,0.0005726916715502739,0.002436224836856127,-0.002609030343592167,0.0011351308785378933,0.0015040300786495209,-0.0034045486245304346,-0.0008217024151235819,-0.004032172728329897,-0.003422441426664591,0.00047755043487995863,0.001801184960640967,0.0014390748692676425,-0.002327454974874854,0.002959666308015585,-0.0004351217357907444,-0.0015467556659132242,0.002544029848650098,0.0030613914132118225,0.006407313048839569,0.012925363145768642,0.011744382791221142,0.009786134585738182
DAL,5,2026-04-07 14:45:00+00:00,10:45,0.009707207791507244,up,0.00510436063632369,0.0068815601989626884,0.007231166120618582,0.010640745051205158,0.0023891618475317955,0.002987425308674574,0.0008362408261746168,0.002193332416936755,-0.00020557492098305374,-0.0003650203871075064,-0.0017850497970357537,-0.0010586425196379423,0.0013741926522925496,0.003383275819942355,0.006350877229124308,0.004688698798418045,0.006356712896376848,0.0022899361792951822,0.003493944648653269,0.0040298812091350555,0.0023588326293975115,-0.0015652512665838003,0.002683603437617421,0.007481267210096121,0.007010691799223423,0.009707207791507244
DG,5,2026-04-07 14:45:00+00:00,10:45,0.009700042195618153,up,-0.002950987545773387,0.001703597605228424,-0.004110484849661589,0.0025306479074060917,-0.0032948192674666643,-0.004016272258013487,-0.006611835211515427,-0.0025183255784213543,-0.0047398158349096775,-0.005423147697001696,-0.0028748379554599524,-0.00412924075499177,-0.0012550849933177233,0.0006771613843739033,-6.251057493500412e-05,-0.0013427695957943797,-0.0015832121716812253,-0.0005273750284686685,-0.0022763246670365334,-0.004090913571417332,1.649592195462901e-05,-0.00016473820141982287,0.005795635282993317,0.006669288035482168,0.008735702373087406,0.009700042195618153
MPC,5,2026-04-07 14:45:00+00:00,10:45,0.009587768465280533,up,-0.006426219828426838,-0.003531697206199169,-0.00644565187394619,-0.001058220281265676,-0.00041582947596907616,-0.0014916866784915328,-0.00413338141515851,-0.0028860727325081825,-0.005043865647166967,-0.0036017815582454205,0.0011408168356865644,0.0019397148862481117,0.0017359668854624033,0.000747141195461154,0.0023029784206300974,-0.0004902562941424549,0.0020679375156760216,0.0025796997360885143,0.00224651163443923,0.0008641747990623116,0.0022101248614490032,-0.0003553675196599215,0.00021241753711365163,0.0027124956250190735,0.002907762536779046,0.009587768465280533
SLB,5,2026-04-07 14:45:00+00:00,10:45,0.009581861086189747,up,0.004936074838042259,0.00785200297832489,0.009071401320397854,0.007568304426968098,0.00738365575671196,0.008706104010343552,0.005952946841716766,0.006430244073271751,0.001840095268562436,0.0028577586635947227,0.004540512803941965,0.007145423907786608,0.006679090671241283,0.0056186458095908165,0.007686274591833353,0.00651814928278327,0.006444144062697887,0.007814448326826096,0.007477262523025274,0.0066571529023349285,0.006934895645827055,0.00647726422175765,0.00661891745403409,0.009677242487668991,0.007006343454122543,0.009581861086189747
SHW,5,2026-04-07 14:45:00+00:00,10:45,0.009315882809460163,up,0.0009306322899647057,0.0034768469631671906,0.00415595481172204,0.003474203869700432,0.003991659730672836,0.0036749548744410276,0.0020374285522848368,0.0032830864656716585,0.000564185029361397,0.00017188792116940022,0.0026818793267011642,0.003511662594974041,0.0061989217065274715,0.009030903689563274,0.006813421379774809,0.004563688766211271,0.006578759290277958,0.0060531701892614365,0.0032977480441331863,0.005424124654382467,0.0033543012104928493,0.0004038283368572593,-0.0005420283414423466,0.002265119692310691,0.0031687761656939983,0.009315882809460163
LULU,5,2026-04-07 14:45:00+00:00,10:45,0.008565929718315601,up,-0.00035846902756020427,0.0013004036154597998,-0.0028337270487099886,-0.0007842555060051382,0.00033001339761540294,-0.0013674533693119884,-0.003061190014705062,-0.0025669399183243513,-0.002514876890927553,-0.0018974841805174947,-0.0008183196187019348,-0.0002438281662762165,0.0015754385385662317,0.0013541708467528224,0.0017817756161093712,0.0022042281925678253,0.004130848683416843,0.00445536058396101,0.003420225577428937,0.003035224275663495,0.0023206023033708334,0.0018540023593232036,0.0027468688786029816,0.005354025866836309,0.002504538046196103,0.008565929718315601
DXCM,5,2026-04-07 14:45:00+00:00,10:45,0.008544716984033585,up,0.0036087145563215017,0.005228206515312195,0.0015413266373798251,0.003940098453313112,-0.0007790368981659412,-0.003107925411313772,-0.005331458989530802,-0.002648197812959552,-0.0022811449598520994,-0.0019008141243830323,0.00016457430319860578,0.0034099689219146967,0.0032018928322941065,0.004768614657223225,0.0049302829429507256,0.0032775418367236853,0.0066265990026295185,0.005409023258835077,0.005063085351139307,0.0033708878327161074,0.006062761880457401,0.004092646297067404,0.003541718004271388,0.009686337783932686,0.0029769055545330048,0.008544716984033585
PYPL,5,2026-04-07 14:45:00+00:00,10:45,0.008509630337357521,up,-0.0003850263310596347,0.0014217938296496868,0.001193146570585668,0.006531751714646816,0.002235228195786476,0.0004828377568628639,-0.0006150414701551199,0.002495889086276293,-0.000892787822522223,0.0004315472033340484,0.0008930350886657834,0.002898803213611245,0.001533004455268383,0.005104738753288984,0.004500565119087696,0.004029859323054552,0.005645484197884798,0.0023892722092568874,0.004206859972327948,0.0037228453438729048,0.0031807704363018274,-0.0011477150255814195,0.0013938129413872957,0.00497343810275197,0.0030261564534157515,0.008509630337357521
WAT,5,2026-04-07 14:45:00+00:00,10:45,0.008340651169419289,up,0.003868188476189971,0.0044671278446912766,0.005471447482705116,0.006098908372223377,0.0036062151193618774,0.002431795932352543,0.0007924213423393667,0.002988823689520359,0.0011617522686719894,0.0008477777591906488,0.0043007321655750275,0.003897411283105612,0.0037539813201874495,0.005090896040201187,0.0031735089141875505,0.0037074293941259384,0.006709418259561062,0.005498410202562809,0.00442138034850359,0.005569525994360447,0.0044328598305583,0.0018412279896438122,0.0010640873806551099,0.003998794127255678,0.0033919657580554485,0.008340651169419289
CF,5,2026-04-07 14:45:00+00:00,10:45,0.008224185556173325,up,-0.002211646642535925,0.003249455476179719,0.002056028926745057,0.005340838339179754,0.005526372697204351,0.004256727173924446,-0.0029077730141580105,-0.007196757011115551,-0.011140677146613598,-0.007718343753367662,0.0024059750139713287,-0.002762284828349948,-0.0014826945262029767,-0.00041151168989017606,0.00010884998482652009,0.0008852480095811188,0.0015365733997896314,0.000626214372459799,0.002642878098413348,0.0027807261794805527,0.0005357636255212128,-0.005539266392588615,-0.0047811949625611305,-0.0030590519309043884,-0.0013333988608792424,0.008224185556173325
FOX,5,2026-04-07 14:45:00+00:00,10:45,0.008175550028681755,up,0.004345831926912069,0.003250414738431573,0.004700683988630772,0.007238613907247782,0.007154110819101334,0.006767539773136377,0.006982950493693352,0.0059382300823926926,0.008264469914138317,0.007041893899440765,0.008549013175070286,0.008851947262883186,0.0056687272153794765,0.006412826012820005,0.008210261352360249,0.007621279917657375,0.008599580265581608,0.008865616284310818,0.008741370402276516,0.009651281870901585,0.009854160249233246,0.009965444914996624,0.008768822997808456,0.010784097947180271,0.009207423776388168,0.008175550028681755
BLDR,5,2026-04-07 14:45:00+00:00,10:45,0.007959678769111633,up,0.008652301505208015,0.01692715659737587,0.007702033035457134,0.015643736347556114,0.01962585374712944,0.013066090643405914,0.0032871353905647993,0.005668348632752895,0.008866469375789165,0.0026738063897937536,0.0029490627348423004,0.0035708153154700994,0.0030754159670323133,0.005121717695146799,0.0035623738076537848,0.0007421729969792068,0.0019459309987723827,0.0016070784768089652,0.0005618925206363201,-0.002246942836791277,-0.003070243401452899,-0.005618578288704157,-0.003920947667211294,0.003674630541354418,0.0005595306283794343,0.007959678769111633
FANG,5,2026-04-07 14:45:00+00:00,10:45,0.007791939657181501,up,-0.004374571144580841,-0.005120605695992708,-0.0047579919919371605,-0.001939629320986569,-0.0006476245471276343,-0.002538769505918026,-0.002572192344814539,0.00015823404828552157,-0.0020160297863185406,-0.0006149995606392622,0.0032417825423181057,0.004579451400786638,0.004211633466184139,0.0037872588727623224,0.005042768083512783,0.0010542424861341715,0.006541968323290348,0.006674249656498432,0.0042767091654241085,0.005695395637303591,0.004861262161284685,0.0029370521660894156,0.0013049178523942828,0.003315706504508853,0.0033424219582229853,0.007791939657181501
TRGP,5,2026-04-07 14:45:00+00:00,10:45,0.007783765438944101,up,-0.0006320696556940675,-0.00013135872723069042,-0.003546604188159108,-0.0005405337433330715,-0.0013506438117474318,-0.0011397515190765262,-0.002307779621332884,0.0025630653835833073,0.0032743695192039013,0.006976977922022343,0.011258533224463463,0.009695538319647312,0.009034989401698112,0.01002881396561861,0.007657990325242281,0.009576481766998768,0.008676163852214813,0.009604343213140965,0.008236081339418888,0.009775550104677677,0.008856773376464844,0.0072547453455626965,0.005157005973160267,0.009313389658927917,0.005783151835203171,0.007783765438944101
DOC,5,2026-04-07 14:45:00+00:00,10:45,0.0074163880199193954,up,0.010731984861195087,0.013080019503831863,0.010086976923048496,0.00914215948432684,0.00650284206494689,0.00268611591309309,-0.0004626877198461443,0.0017581352731212974,-0.0008630666416138411,0.00568769546225667,0.013720649294555187,0.012457768432796001,0.015348218381404877,0.01503793429583311,0.011441435664892197,0.011932474561035633,0.015856850892305374,0.016347736120224,0.01462184265255928,0.016112521290779114,0.012574213556945324,0.009864137507975101,0.007639480289071798,0.015276504680514336,0.008089745417237282,0.0074163880199193954
FSLR,5,2026-04-07 14:45:00+00:00,10:45,0.007329068146646023,up,-0.0001687391777522862,-0.001116260769777,0.00010298966662958264,0.003277836600318551,0.0016129157738760114,0.0018645748496055603,-0.003707422176375985,-0.0012905445182695985,-0.00638948567211628,-0.005882349330931902,-0.003548665903508663,-0.001760849030688405,-0.002914146054536104,-0.003986132796853781,-0.0044932677410542965,-0.006307843141257763,-0.004192168824374676,-0.0030621809419244528,-0.006335084326565266,-0.004398207645863295,-0.0034986534155905247,-0.004606720060110092,-0.0018353075720369816,0.003276376286521554,0.002722868463024497,0.007329068146646023
EIX,5,2026-04-07 14:45:00+00:00,10:45,0.007274917792528868,up,0.0015160455368459225,0.005169309210032225,0.0028684227727353573,0.005849351640790701,0.0073402938432991505,0.004489479586482048,0.0048100147396326065,0.008779538795351982,0.004806009586900473,0.005658508278429508,0.012191317044198513,0.00518891541287303,0.008758125826716423,0.0063855769112706184,0.008207597769796848,0.00668646115809679,0.0067486269399523735,0.0007472304860129952,0.004881226923316717,0.004605612251907587,0.00506544066593051,-0.000893144984729588,-8.470348984701559e-05,0.0015613880241289735,0.0026014172472059727,0.007274917792528868
V,5,2026-04-07 14:45:00+00:00,10:45,0.0069953626953065395,up,0.003629799699410796,0.003799871075898409,0.004034970421344042,0.005211076233536005,0.003782849060371518,0.0021971536334604025,0.0012165881926193833,0.0019544486422091722,0.00031343408045358956,-0.0023607830516994,0.0006999545730650425,0.0034701982513070107,0.002208624966442585,0.0026965076103806496,0.004970434121787548,0.00429399311542511,0.005080349277704954,0.005876407027244568,0.005679967347532511,0.004381347447633743,0.004580652341246605,0.0020148237235844135,0.0002201991155743599,0.0023171824868768454,0.0022906444501131773,0.0069953626953065395
MPWR,5,2026-04-07 14:45:00+00:00,10:45,0.006868469528853893,up,0.005930282175540924,0.002420699456706643,0.0039223842322826385,0.005794791039079428,0.007444479502737522,0.004487070254981518,0.0015705698169767857,0.0027149273082613945,-0.001480238395743072,0.0007718491833657026,0.0031832177191972733,0.0041956850327551365,0.0032284145709127188,0.002530967118218541,0.0021757211070507765,0.00027019644039683044,0.00285915844142437,0.0021913645323365927,0.002004920272156596,0.004201097413897514,0.0015266604023054242,-0.0009306873544119298,0.0011882378021255136,0.0038962133694440126,0.0020388802513480186,0.006868469528853893
VLO,5,2026-04-07 14:45:00+00:00,10:45,0.00681518716737628,up,-0.00513332849368453,-0.003268531057983637,-0.010670521296560764,-0.004656937904655933,-0.006640949752181768,-0.007750044576823711,-0.009034953080117702,-0.0038451228756457567,-0.004256167449057102,0.0020463650580495596,0.00727575458586216,0.005531497299671173,0.0001486446417402476,0.0024826936423778534,0.00439197663217783,0.003428374184295535,0.004390350077301264,0.007456926163285971,0.004572334233671427,0.005282295402139425,0.003163941903039813,0.0015083762118592858,-0.001483768573962152,0.004130475223064423,0.0032726482022553682,0.00681518716737628
BXP,5,2026-04-07 14:45:00+00:00,10:45,0.006666757632046938,up,0.0005874275229871273,0.0016793243121355772,0.002020054729655385,0.00452382629737258,0.004115872085094452,0.0035806598607450724,0.0012565874494612217,0.001286958227865398,0.004524599760770798,0.005245729349553585,0.005345246288925409,0.006866856943815947,0.0064947581849992275,0.0060318089090287685,0.006965810898691416,0.005903440527617931,0.00692592840641737,0.00761890783905983,0.00741217378526926,0.007849936373531818,0.006939716637134552,0.006161797326058149,0.004974845796823502,0.008841433562338352,0.006619852501899004,0.006666757632046938
CTSH,5,2026-04-07 14:45:00+00:00,10:45,0.006609214004129171,up,-0.0022776012774556875,0.0014797928743064404,-0.003175544086843729,-0.00016503912047483027,-0.0023437035270035267,-0.0031851190142333508,-0.006909919437021017,-0.004410071764141321,-0.005602096673101187,-0.005113646388053894,-0.0021879731211811304,-0.00033021296258084476,0.0003652223967947066,0.002900609979405999,0.002329060807824135,0.0022384272888302803,0.0036259829066693783,0.002449125749990344,0.0027644161600619555,0.002253323094919324,0.003708922304213047,0.0015150178223848343,0.0006662468076683581,0.0059203170239925385,0.0012057502754032612,0.006609214004129171
JPM,5,2026-04-07 14:45:00+00:00,10:45,0.006520372815430164,up,-0.0013805124908685684,-0.0026483656838536263,-0.003620395204052329,-0.0006571088451892138,-3.709972952492535e-05,-0.0013861171901226044,-0.002256587380543351,-0.0024566645734012127,-0.0039047449827194214,-0.002373376628383994,0.0005075277877040207,0.002004887443035841,0.003388287266716361,0.000979593489319086,0.0024663088843226433,0.0005722541827708483,0.0031799536664038897,0.0019356581615284085,0.0016893630381673574,0.0019272365607321262,0.0026786259841173887,-0.000744366436265409,0.001838089432567358,0.0035160118713974953,0.0023017560597509146,0.006520372815430164
ACN,5,2026-04-07 14:45:00+00:00,10:45,0.0063894218765199184,up,-0.0029376368038356304,0.0003217959019821137,-0.0034908459056168795,-0.00031202935497276485,-0.003963836934417486,-0.0036585761699825525,-0.0037006293423473835,-0.0020273213740438223,-0.0013493289006873965,-0.001199478399939835,-0.00044045504182577133,0.0008985481108538806,0.0031024853233247995,0.0006627379916608334,-0.001310625346377492,-0.0016354077961295843,0.002503219060599804,0.00027889394550584257,0.0014072839403524995,-0.00013912320719100535,-0.0009551296243444085,-0.001855758368037641,-0.0009999752510339022,0.001106059062294662,0.002094693947583437,0.0063894218765199184
MCD,5,2026-04-07 14:45:00+00:00,10:45,0.0063021439127624035,up,0.0045735822059214115,0.007476926315575838,0.007995218969881535,0.007364720571786165,0.008852444589138031,0.005925976205617189,0.004937953781336546,0.004976259078830481,0.004203470423817635,0.002200623042881489,0.005394142586737871,0.004893748089671135,0.007493032142519951,0.0091503681614995,0.006775637622922659,0.004600378219038248,0.006689476314932108,0.004653760232031345,0.0033237694296985865,0.004902532324194908,0.004090196918696165,0.0006350204930640757,0.0005800553481094539,0.0029305145144462585,0.004784151911735535,0.0063021439127624035
FICO,5,2026-04-07 14:45:00+00:00,10:45,0.006291577592492104,up,0.00019802969472948462,0.00025402996107004583,-0.0020214582327753305,0.0009729388984851539,0.00024020248383749276,-0.002212187275290489,-0.004111635498702526,-0.002197873080149293,-0.005083379801362753,-0.002626802073791623,0.0008446574211120605,0.001956773456186056,9.633685840526596e-05,0.0006344630965031683,-0.0009831616189330816,-0.0011204148177057505,0.004099508747458458,0.0024448458570986986,0.002426405204460025,0.0008827398996800184,-0.0017420779913663864,-0.0041212765499949455,-0.0028812685050070286,0.0007901553763076663,0.0024224042426794767,0.006291577592492104
JNJ,5,2026-04-07 14:45:00+00:00,10:45,0.006141571793705225,up,-0.0007359635201282799,0.002438913332298398,-0.00029187629115767777,0.0035790479741990566,0.00022586359409615397,-0.0013869598042219877,-0.002619859529659152,-0.0014131249627098441,-0.0032042874954640865,-0.0017431700835004449,0.001376887084916234,0.0033178485464304686,0.0019848740193992853,0.002348479814827442,0.0034247853327542543,0.002900250256061554,0.0074984002858400345,0.0030175303108990192,0.0049974992871284485,0.005360838025808334,0.0041236793622374535,0.0010492464061826468,0.002175728790462017,0.005480250809341669,0.005560832563787699,0.006141571793705225
CHRW,5,2026-04-07 14:45:00+00:00,10:45,0.006026162765920162,up,0.0007398319430649281,0.0037346042227,0.000526642135810107,0.002610707189887762,0.0010327183408662677,0.0003569613618310541,-0.002821185626089573,-0.0019520694622769952,-0.0033654198050498962,-0.004459443036466837,-0.0029416210018098354,-0.0009987418306991458,-0.0011557956459000707,-0.00018793839262798429,-0.001448092283681035,-0.001742148888297379,0.0005346385296434164,6.727417348884046e-05,-0.0007807592628523707,-0.0005182627937756479,-0.0011078515090048313,-0.00010866734373848885,0.001994075020775199,0.00571918860077858,0.003530980320647359,0.006026162765920162
FE,5,2026-04-07 14:45:00+00:00,10:45,0.005992599297314882,up,-0.00033570462255738676,0.0013691331259906292,0.0004052146978210658,0.0037061627954244614,0.006212207954376936,0.004578534048050642,0.002693014685064554,0.002181085292249918,0.0036341631785035133,0.002999988617375493,0.00456313556060195,0.004596401005983353,0.0045244875364005566,0.0036699401680380106,0.004178058821707964,0.0034443067852407694,0.005476545076817274,0.006092664320021868,0.006300853565335274,0.0072043780237436295,0.00701357563957572,0.005584537051618099,0.006473231595009565,0.008336523547768593,0.0061499071307480335,0.005992599297314882
TECH,5,2026-04-07 14:45:00+00:00,10:45,0.005972437094897032,up,0.0010285807074978948,0.006262710317969322,0.005753735080361366,0.007823824882507324,0.003914110362529755,0.005703411530703306,0.0028683338314294815,0.0006964803324081004,0.0003324771241750568,0.0003983433707617223,-0.0020935116335749626,-0.002556504448875785,-0.0036475458182394505,-0.0005978442495688796,0.0026392973959445953,0.0009381783893331885,0.001493535004556179,0.0004466442042030394,-0.0011511108605191112,0.001756090554408729,0.0017455177148804069,-0.0007784079061821103,3.457130878814496e-05,0.0054976302199065685,0.0032896921038627625,0.005972437094897032
EOG,5,2026-04-07 14:45:00+00:00,10:45,0.005908813327550888,up,-0.0029372957069426775,-0.001589984050951898,-0.0026208795607089996,0.0019122519297525287,0.004740647040307522,0.0007538082427345216,-0.0014126902678981423,0.000267328810878098,-0.0019610440358519554,-0.0023212593514472246,0.003251612652093172,0.005904908757656813,0.005458727944642305,0.004945850465446711,0.006630331743508577,0.003657118882983923,0.005173330195248127,0.005880835000425577,0.0059967064298689365,0.006948384921997786,0.006352440919727087,0.0031060820911079645,0.0035994267091155052,0.005908208433538675,0.003796108765527606,0.005908813327550888
VRT,5,2026-04-07 14:45:00+00:00,10:45,0.005787538830190897,up,-0.007927183993160725,-0.009335151873528957,-0.011070281267166138,-0.009699584916234016,-0.009241146966814995,-0.008307102136313915,-0.014265870675444603,-0.008300894871354103,-0.013284998014569283,-0.004806587938219309,-0.0008843583636917174,0.0016405804781243205,0.0006475330446846783,-0.0003448643838055432,-0.0022697076201438904,-0.003534748451784253,-0.0014627148630097508,-0.004895417019724846,-0.005192962940782309,-0.008341643027961254,-0.010499492287635803,-0.01544738095253706,-0.012014687061309814,-0.003667981829494238,-0.0029026789125055075,0.005787538830190897
APTV,5,2026-04-07 14:45:00+00:00,10:45,0.005726952571421862,up,-0.00605331314727664,0.0021715813782066107,-0.000338264973834157,0.0029757374431937933,-0.003119896864518523,-0.0016156092751771212,-0.009958144277334213,-0.008099209517240524,-0.0059648966416716576,-0.011661109514534473,-0.010792826302349567,-0.00806414894759655,-0.001677816966548562,-0.0014473036862909794,-0.004632886033505201,-0.005125839728862047,-0.001972302794456482,-0.0032661072909832,-0.003736060345545411,-0.005536342971026897,-0.0030029313638806343,-0.004793984349817038,-0.002500768518075347,0.004001379478722811,0.001400219975039363,0.005726952571421862
DVN,5,2026-04-07 14:45:00+00:00,10:45,0.005695164669305086,up,0.0022180043160915375,0.0080399876460433,0.011380565352737904,0.011508760042488575,0.013994061388075352,0.014182867482304573,0.01200779527425766,0.009571212343871593,0.010187942534685135,0.006431616842746735,0.0071534281596541405,0.005814837291836739,0.0015746572753414512,0.001253171474672854,0.005756719969213009,0.0038081626407802105,0.00212742923758924,0.0036797174252569675,0.003539795521646738,0.004749026149511337,0.0047263395972549915,0.006044494919478893,0.006951678544282913,0.007714652456343174,0.006116049364209175,0.005695164669305086
USB,5,2026-04-07 14:45:00+00:00,10:45,0.005624446552246809,up,-0.0001007026294246316,0.002824768191203475,0.0010350021766498685,0.003971317317336798,0.0022930020932108164,0.003034694353118539,-0.0009046223713085055,0.0009797231759876013,0.002171451225876808,0.002469367813318968,0.004441123455762863,0.0033564388286322355,0.0029808981344103813,0.0028366867918521166,0.00426661130040884,0.002873260760679841,0.005161656532436609,0.0046964967623353004,0.004607235547155142,0.005235536955296993,0.004584135953336954,0.004536251071840525,0.0035148193128407,0.00647121574729681,0.004489482380449772,0.005624446552246809
FFIV,5,2026-04-07 14:45:00+00:00,10:45,0.005561851430684328,up,0.0038971523754298687,0.0038980101235210896,0.004381339997053146,0.005942493677139282,0.004739827010780573,0.0036685492377728224,0.0009102014009840786,0.0019172783941030502,0.001315004308708012,0.0008450436871498823,0.002852913923561573,0.004097286146134138,0.0028884923085570335,0.005238222889602184,0.0034952685236930847,0.001874070498161018,0.00451664486899972,0.0032080207020044327,0.004060158506035805,0.0023801850620657206,0.0017651293892413378,-0.0005221604951657355,-0.00048561475705355406,0.0028616462368518114,0.00296170637011528,0.005561851430684328
CCI,5,2026-04-07 14:45:00+00:00,10:45,0.005530999042093754,up,-0.001397663843818009,-5.455163773149252e-05,-0.0014413309982046485,0.0008365102112293243,-0.0004604346468113363,-0.0020729657262563705,-0.005819528829306364,-0.002464702818542719,-0.0009161113994196057,-0.0012872510123997927,-0.0008392584277316928,0.0017283037304878235,0.0019945388194173574,0.004402343649417162,0.00041587359737604856,0.0008615799597464502,0.00419752299785614,0.00223582168109715,0.005283363629132509,0.0020818307530134916,0.003159908577799797,0.0008743407088331878,-0.00010101092630065978,0.005832890048623085,0.003405814291909337,0.005530999042093754
ALGN,5,2026-04-07 14:45:00+00:00,10:45,0.005450716242194176,up,0.008727041073143482,0.007956452667713165,0.006028345786035061,0.006581303663551807,0.0026291722897440195,0.0019199303351342678,0.001294267363846302,-0.00035475523327477276,-0.0003412635996937752,-0.00043732786434702575,0.002833520295098424,0.0006520322640426457,-0.001060909009538591,0.0006694365874864161,0.0006971111870370805,0.000347526918631047,0.003038657596334815,0.0025993348099291325,0.0016906553646549582,0.001777352299541235,0.0025365673936903477,0.0010242952266708016,0.0027933460660278797,0.0038672671653330326,0.002547404495999217,0.005450716242194176
CMG,5,2026-04-07 14:45:00+00:00,10:45,0.0053781382739543915,up,-0.008893519639968872,-0.005788777489215136,-0.004946799948811531,-0.0041566104628145695,-0.00649643037468195,-0.006953814532607794,-0.012655625119805336,-0.010828349739313126,-0.00880986824631691,-0.008428351022303104,-0.008668007329106331,-0.0037650808226317167,-0.0006567985401488841,0.0015220828354358673,-0.0010336121777072549,-0.0021557537838816643,0.0013566217385232449,0.0006787457969039679,-0.0005233762203715742,-0.0014816423645243049,-0.0005757375038228929,-0.0011779600754380226,-0.0014883182011544704,0.005530745722353458,0.0022785267792642117,0.0053781382739543915
FISV,5,2026-04-07 14:45:00+00:00,10:45,0.005246495362371206,up,-0.006508306134492159,-0.0025390866212546825,-0.004702086094766855,-0.0027830754406750202,-0.004893335048109293,-0.004408329725265503,-0.00816915463656187,-0.006577016320079565,-0.006664959713816643,-0.007139050867408514,-0.0034916577860713005,-0.0009761117398738861,0.0005980671267025173,0.0018964100163429976,0.001917207264341414,0.00015619443729519844,0.0032324399799108505,0.0015219063498079777,0.0016750629292801023,0.0014497750671580434,0.0023307902738451958,-0.0018875227542594075,-0.0009268526337109506,0.004411585163325071,0.0014834071043878794,0.005246495362371206
TSLA,5,2026-04-07 14:45:00+00:00,10:45,0.0051934071816504,up,-0.012222787365317345,-0.017007414251565933,-0.022714121267199516,-0.01952408254146576,-0.021188749000430107,-0.022411741316318512,-0.02281777933239937,-0.023326512426137924,-0.02515849843621254,-0.024265659973025322,-0.02241981402039528,-0.019524026662111282,-0.018971236422657967,-0.016059206798672676,-0.016625933349132538,-0.018004408106207848,-0.017278283834457397,-0.015617343597114086,-0.018072471022605896,-0.015505500137805939,-0.01771676540374756,-0.020859159529209137,-0.021885158494114876,-0.013389340601861477,-0.009828989394009113,0.0051934071816504
BSX,5,2026-04-07 14:45:00+00:00,10:45,0.005163825582712889,up,-0.005425711628049612,-0.00196092389523983,-0.006984609179198742,-0.004316390957683325,-0.0038183117285370827,-0.004051338415592909,-0.00994367990642786,-0.006897258572280407,-0.006376207340508699,-0.007672369945794344,-0.007288152351975441,-0.004780301358550787,-0.002639771904796362,-0.0020924529526382685,-0.0019519184716045856,-0.001870896085165441,-0.0008890433819033206,-0.002258846303448081,-9.223238157574087e-05,0.0005180416628718376,0.0015370399923995137,-0.0007349090301431715,0.0017862434033304453,0.0042237876914441586,0.004434807226061821,0.005163825582712889
HAS,5,2026-04-07 14:45:00+00:00,10:45,0.005025068763643503,up,0.00041235785465687513,0.002489764941856265,0.004418905358761549,0.004317919723689556,0.004233963787555695,0.003781655104830861,-0.0010911829303950071,0.0009011774091050029,0.0012094354024156928,0.0015962806064635515,0.002095984760671854,0.002936684526503086,0.002802611095830798,0.003663647687062621,0.004582691937685013,0.00322297727689147,0.004443595185875893,0.004216715693473816,0.003303196746855974,0.004155305214226246,0.003395001171156764,0.0021485856268554926,0.001091749407351017,0.0023348843678832054,0.0013442737981677055,0.005025068763643503
AAPL,5,2026-04-07 14:45:00+00:00,10:45,0.004929783754050732,up,-0.005938593298196793,-0.008247601799666882,-0.012622173875570297,-0.01038184855133295,-0.012728141620755196,-0.014637631364166737,-0.014414530247449875,-0.0095253586769104,-0.013188662938773632,-0.009601661004126072,-0.00598599249497056,-0.001895313966087997,-0.004579453729093075,-0.005861193872988224,-0.001135527272708714,-0.0031062543857842684,-0.0050593651831150055,-0.005242535378783941,-0.006345915142446756,-0.0048022083938121796,-0.008815033361315727,-0.010454869829118252,-0.009402372874319553,-0.004002298228442669,-0.004906442016363144,0.004929783754050732
ZBRA,5,2026-04-07 14:45:00+00:00,10:45,0.0049088625237345695,up,-0.002024582587182522,-9.266646520700306e-05,-0.0017417238559573889,0.0005910384934395552,-0.001742582069709897,-0.001730622025206685,-0.0043395040556788445,-0.0029029864817857742,-0.0032337321899831295,-0.0035775788128376007,-0.0012830685591325164,-0.0008575308020226657,0.0005832008318975568,0.0010188472224399447,0.00021338192163966596,5.7169403589796275e-05,0.0029700449667871,0.0020257877185940742,0.0010777631541714072,0.000631579605396837,0.0005928273312747478,-0.0028372230008244514,-0.0021040593273937702,0.004503563977777958,0.002743459539487958,0.0049088625237345695
AMGN,5,2026-04-07 14:45:00+00:00,10:45,0.004824782721698284,up,-0.004229665733873844,-0.0029091674368828535,-0.0065778642892837524,-0.003743679029867053,-0.0014460395323112607,-0.004983363673090935,-0.006973595824092627,-0.004786601290106773,-0.00580810010433197,-0.0040708137676119804,-0.0007762837340123951,-0.00029789586551487446,0.0007486182148568332,0.0006095906719565392,-0.0011749709956347942,-0.00029474927578121424,0.0028020211029797792,0.0011668286751955748,0.0008327868417836726,0.0016206251457333565,0.0024525269400328398,-9.633064473746344e-05,-0.0025073594879359007,0.0013472328428179026,0.00046564507647417486,0.004824782721698284
ALLE,5,2026-04-07 14:45:00+00:00,10:45,0.004818637389689684,up,-0.0012444795574992895,0.0007917952607385814,9.534402488498017e-05,0.0016746764304116368,0.0019299674313515425,2.9625589377246797e-05,-0.002866544295102358,-0.0034225014969706535,-0.00312239327467978,-0.00040176493348553777,0.000993164605461061,0.0016977129271253943,0.0006449292995966971,0.0011945610167458653,0.0009191306889988482,-8.667836664244533e-05,0.002265767427161336,0.00013368105283007026,0.00011056841321988031,0.0008364446694031358,0.00022846439969725907,-0.0011534556979313493,0.0003169473202433437,0.0021374186035245657,0.0009944331832230091,0.004818637389689684
UAL,5,2026-04-07 14:45:00+00:00,10:45,0.004724788945168257,up,-0.005557792726904154,-0.0002319641353096813,-0.005112207029014826,-0.0014630680670961738,-0.01061907410621643,-0.009344884194433689,-0.0143937012180686,-0.010661573149263859,-0.010705283842980862,-0.009824300184845924,-0.008157624863088131,-0.00847893487662077,-0.006366102956235409,-0.002530537312850356,-0.0038187617901712656,-0.004467335529625416,-0.0025459672324359417,-0.0038845762610435486,-0.00512267230078578,-0.004431864246726036,-0.0020667349454015493,-0.005220528692007065,-0.00500427046790719,0.003849073313176632,0.003111518919467926,0.004724788945168257
WTW,5,2026-04-07 14:45:00+00:00,10:45,0.0046451156958937645,up,0.004400133620947599,0.008538578636944294,0.007757889572530985,0.007548842113465071,0.010151178576052189,0.008373522199690342,0.006460975855588913,0.008050826378166676,0.006869898177683353,0.0021376414224505424,0.005003197118639946,0.006274255458265543,0.00502304220572114,0.004714014939963818,0.003728087292984128,0.0033835198264569044,0.005414796993136406,0.0046013277024030685,0.004056001082062721,0.005459525156766176,0.0048130592331290245,0.0022628027945756912,0.0005589473294094205,0.0024995876010507345,0.0008373568416573107,0.0046451156958937645
IBKR,5,2026-04-07 14:45:00+00:00,10:45,0.004631275776773691,up,-0.00527995266020298,-0.001896783709526062,-0.005702901631593704,-0.003984567243605852,-0.006808064877986908,-0.005729051772505045,-0.013673502951860428,-0.009943464770913124,-0.010530822910368443,-0.011248765513300896,-0.008218287490308285,-0.007896692492067814,-0.004575529135763645,-0.004450787790119648,-0.007445832248777151,-0.005909287370741367,-0.0013919059420004487,-0.0028971503488719463,-0.001104324241168797,-0.0028952222783118486,-0.001721518230624497,-0.0030572807881981134,-0.0027975132688879967,0.002202903851866722,0.0008215535199269652,0.004631275776773691
GDDY,5,2026-04-07 14:45:00+00:00,10:45,0.004543905146420002,up,0.001559963682666421,0.004425981547683477,-0.0014482391998171806,0.003030022606253624,-0.00029096906655468047,-0.0006852283258922398,-0.0018604358192533255,0.0024249705020338297,0.009483383037149906,0.005765558686107397,0.0061993831768631935,0.00688527338206768,0.008682033978402615,0.010335760191082954,0.00787363015115261,0.005571317858994007,0.008101122453808784,0.007681899704039097,0.00526928436011076,0.005062120966613293,0.0043432824313640594,0.005036999937146902,0.0033861880656331778,0.007078411988914013,0.0036951510701328516,0.004543905146420002
FCX,5,2026-04-07 14:45:00+00:00,10:45,0.00454349722713232,up,-0.003900635289028287,-0.005643416196107864,-0.009345156140625477,-0.006472249049693346,-0.010290177538990974,-0.007751006633043289,-0.008906004950404167,-0.0024523732718080282,-0.009136717766523361,-0.006210054270923138,-0.004663914442062378,-0.003484111512079835,-0.003266140352934599,-0.0029209228232502937,-0.00042205912177450955,-0.0015715945046395063,0.0007954764878377318,0.0005509079783223569,-0.0006290555465966463,-0.0035354183055460453,-0.003468865528702736,-0.0067016868852078915,-0.004728137515485287,0.0022936163004487753,-0.00353977526538074,0.00454349722713232
COIN,5,2026-04-07 14:45:00+00:00,10:45,0.004454475827515125,up,-0.004197516478598118,-0.008046714588999748,-0.012875093147158623,-0.00662557128816843,-0.013845663517713547,-0.01317133940756321,-0.01773286797106266,-0.015291114337742329,-0.011644297279417515,-0.006617133505642414,-0.0031334536615759134,-0.0004935518954880536,-0.004805312026292086,-0.00370669923722744,-0.00313841481693089,-0.004852254409343004,0.0009605924133211374,0.0009474747348576784,0.0011758605251088738,-0.0010010721161961555,-0.004961315076798201,-0.00897141918540001,-0.005371809005737305,0.0038497766945511103,-0.004014547448605299,0.004454475827515125
DASH,5,2026-04-07 14:45:00+00:00,10:45,0.004392136353999376,up,-0.0027969542425125837,-6.003793896525167e-05,-0.00663961935788393,-0.001994737423956394,-0.003755602752789855,-0.005387383978813887,-0.009162010625004768,-0.004523471929132938,-0.006267798598855734,-0.0037729088217020035,-0.002471301471814513,0.001104801893234253,7.920272037154064e-05,0.0018098257714882493,0.0010804940247908235,-0.001522953505627811,0.004150691907852888,0.002728709252551198,0.0015160901239141822,-0.0015215219464153051,-0.0029593012295663357,-0.0046770041808485985,-0.002998167183250189,0.0027916054241359234,-0.000658145290799439,0.004392136353999376
LYV,5,2026-04-07 14:45:00+00:00,10:45,0.004329980816692114,up,-0.0009278799989260733,0.0012024816824123263,-0.0016243132995441556,0.0004847072414122522,-0.000331415532855317,-0.0018839518306776881,-0.004788953810930252,-0.002607970964163542,-0.003867716994136572,-0.0037818383425474167,-0.0011958114337176085,0.0008395822369493544,0.0006760185933671892,0.001956402324140072,-0.00010349151853006333,0.0003611084830481559,0.0031638166401535273,0.0017872097669169307,0.0005413615144789219,-0.00039869477041065693,0.0005360954091884196,0.0008890010649338365,0.0018205075757578015,0.006438554730266333,0.0011997497640550137,0.004329980816692114
RL,5,2026-04-07 14:45:00+00:00,10:45,0.004275732208043337,up,-0.0005698422901332378,-0.0001410760305589065,-0.0014115876983851194,0.0031846766360104084,0.000976237584836781,0.001529925037175417,-0.0034579848870635033,-0.002934144577011466,-0.005864965729415417,-0.0070916758850216866,-0.004098470788449049,-0.0034507736563682556,-0.005903567653149366,-0.005721148569136858,-0.004983631893992424,-0.007648772560060024,-0.0036802543327212334,-0.0032756070140749216,-0.007681685965508223,-0.006411674898117781,-0.0028437490109354258,-0.004044452682137489,-0.0025612565223127604,0.0017566244350746274,-2.1693795133614913e-05,0.004275732208043337
CAT,5,2026-04-07 14:45:00+00:00,10:45,0.004222143441438675,up,-0.003045981051400304,-0.004202358424663544,-0.007016570772975683,-0.0009853886440396309,-0.0030108278151601553,-0.00437067961320281,-0.007409803103655577,-0.0034954380244016647,-0.004972971044480801,-0.0007378322770819068,0.0006244225660338998,0.0009325683349743485,0.000542079156730324,0.0015081425663083792,-0.0003765953006222844,-0.00041180322295986116,0.0033495596144348383,0.001102915732190013,0.0017437688075006008,-0.0010058259358629584,-0.0009328000596724451,-0.001972433179616928,-0.0006802426651120186,0.003848358290269971,0.0021811334881931543,0.004222143441438675
GEHC,5,2026-04-07 14:45:00+00:00,10:45,0.004209219012409449,up,-0.007453279569745064,-0.0053428723476827145,-0.008643978275358677,-0.006511639803647995,-0.00839072372764349,-0.009886178188025951,-0.014459334313869476,-0.013294392265379429,-0.01576458290219307,-0.01686151511967182,-0.015647616237401962,-0.011013132520020008,-0.0071815503761172295,-0.005442542489618063,-0.0070740715600550175,-0.008250652812421322,-0.003198307706043124,-0.002311078133061528,-0.0016042604111135006,-0.003330690786242485,-0.00258278613910079,-0.004790539387613535,-0.0033272195141762495,0.0017677495488896966,-0.0022006758954375982,0.004209219012409449
XYZ,5,2026-04-07 14:45:00+00:00,10:45,0.00419153505936265,up,-0.006502888631075621,-0.002564487047493458,-0.0060644312761723995,-0.004442807286977768,-0.006557168904691935,-0.005679906811565161,-0.00987057201564312,-0.006454827263951302,-0.007000942714512348,-0.006657784339040518,-0.002903573913499713,-0.001151860924437642,-0.0003447018680162728,0.0017117742681875825,0.0009446693584322929,-0.0014569904888048768,0.0017326620873063803,-0.0002334678138140589,0.0007252804934978485,-5.8543591876514256e-05,-0.0007633462082594633,-0.004156777169555426,-0.003795620985329151,0.0005892619374208152,-0.000500842637848109,0.00419153505936265
IR,5,2026-04-07 14:45:00+00:00,10:45,0.004096331540495157,up,-2.906303052441217e-05,0.0022900050971657038,-0.0004664631560444832,0.002008345676586032,0.00025754261878319085,-0.0008640838204883039,-0.005282429978251457,-0.0017290093237534165,-0.0010879687033593655,-0.00047807235387153924,0.0009109851089306176,0.0029190268833190203,0.001966593088582158,0.0031411219388246536,0.004222002811729908,0.004068608395755291,0.005183455999940634,0.004830169025808573,0.0041068908758461475,0.00325401802547276,0.002853394951671362,0.0008877457585185766,0.0012252251617610455,0.006043716333806515,0.0027424797881394625,0.004096331540495157
GEV,5,2026-04-07 14:45:00+00:00,10:45,0.003908972255885601,up,-0.0066169314086437225,-0.007583567872643471,-0.008061395026743412,-0.003932433668524027,-0.0039854454807937145,-0.0043931808322668076,-0.005207148380577564,-0.0035705144982784986,-0.006165983155369759,-0.0037984750233590603,-0.0014858045615255833,-0.0016374270198866725,-0.0023437358904629946,-0.002648513065651059,-0.003229917958378792,-0.004037567414343357,-0.0026957173831760883,-0.0043731629848480225,-0.0022220986429601908,-0.0019991372246295214,-0.0037390224169939756,-0.004704057238996029,-0.0033797016367316246,-0.0007111175800673664,-0.0019802588503807783,0.003908972255885601
BAC,5,2026-04-07 14:45:00+00:00,10:45,0.0036642667837440968,up,-0.006577599328011274,-0.005347234196960926,-0.006198833230882883,-0.004454425536096096,-0.003823887789621949,-0.004208837635815144,-0.0053831059485673904,-0.0038722085300832987,-0.0034918857272714376,-0.002076348988339305,-0.0021550843957811594,-0.0020926459692418575,-0.0012297864304855466,-0.0002476535737514496,0.0003150806878693402,1.0984149412252009e-06,0.0011697510490193963,0.00376548757776618,0.0028020686004310846,0.0009020258439704776,0.0019495196174830198,0.0011839964427053928,0.0017665456980466843,0.0042223199270665646,0.004189704079180956,0.0036642667837440968
HAL,5,2026-04-07 14:45:00+00:00,10:45,0.0036554953549057245,up,-0.0026415539905428886,-0.0044703553430736065,-0.006684703752398491,-0.005214379169046879,-0.010975305922329426,-0.01275025773793459,-0.01483149640262127,-0.014606519602239132,-0.015906669199466705,-0.012509332038462162,-0.011393081396818161,-0.00842235330492258,-0.006895171012729406,-0.007622595876455307,-0.005028869025409222,-0.005384501535445452,-0.007526802364736795,-0.006257157307118177,-0.008224854245781898,-0.008789444342255592,-0.008002073504030704,-0.00896892137825489,-0.0033889212645590305,0.0023764921352267265,0.00029018265195190907,0.0036554953549057245
EXE,5,2026-04-07 14:45:00+00:00,10:45,0.003568966407328844,up,0.0004302823217585683,4.051469295518473e-05,-0.0020001456141471863,0.0008040546672418714,-6.588967517018318e-05,-0.0013569560833275318,-0.007010004483163357,-0.004599706269800663,-0.006664846558123827,-0.007558099459856749,-0.003437139093875885,-0.002022497821599245,-0.002819016110152006,-0.0010762078454717994,-0.0012893348466604948,0.0006449666107073426,0.0028745816089212894,0.0009612534777261317,0.001162216067314148,0.0005659773014485836,0.0006247014389373362,8.015513594727963e-05,0.00028096410096623003,0.005229095462709665,0.0018392967758700252,0.003568966407328844
ARE,5,2026-04-07 14:45:00+00:00,10:45,0.003554009832441807,up,0.0016773208044469357,0.005441482178866863,0.004919722210615873,0.006221094634383917,0.003859862918034196,0.001608789199963212,0.00042744033271446824,0.0008413839968852699,0.0033409881871193647,0.0028309933841228485,0.004017853178083897,0.0034178297501057386,0.0034893208649009466,0.0026988389436155558,0.00447455421090126,0.0037096417509019375,0.00386279565282166,0.004865324590355158,0.004216039087623358,0.004883109126240015,0.005401781760156155,0.005904803518205881,0.0038218789268285036,0.007555822376161814,0.004935570526868105,0.003554009832441807
VLTO,5,2026-04-07 14:45:00+00:00,10:45,0.0035208261106163263,up,-0.0007837709854356945,0.0008064678986556828,0.0006082798936404288,0.0015746221179142594,0.0049280100502073765,0.00342488382011652,0.0010470121633261442,0.0009514990961179137,0.0017224326729774475,0.0019487871322780848,0.003017662325873971,0.003477920778095722,0.0026978920213878155,0.0020238521974533796,0.003870493732392788,0.0027882910799235106,0.003650193102657795,0.0042182873003184795,0.0038720429874956608,0.003955936059355736,0.004798250272870064,0.0030277729965746403,0.0019106116378679872,0.004423691425472498,0.0032391634304076433,0.0035208261106163263
IT,5,2026-04-07 14:45:00+00:00,10:45,0.0035046967677772045,up,-0.004783409647643566,0.0024150076787918806,-0.003317830618470907,-0.003603136632591486,-0.006116436794400215,-0.005740695632994175,-0.010026940144598484,-0.009711709804832935,-0.013150909915566444,-0.014521211385726929,-0.013166145421564579,-0.012660804204642773,-0.011999661102890968,-0.01238666009157896,-0.013100098818540573,-0.013576650992035866,-0.01006999984383583,-0.012437366880476475,-0.01183940377086401,-0.012421141378581524,-0.008028979413211346,-0.00966040138155222,-0.005953116808086634,-0.0022867280058562756,-0.0036277773324400187,0.0035046967677772045
BBY,5,2026-04-07 14:45:00+00:00,10:45,0.003382302587851882,up,0.0032432698644697666,0.0034101882483810186,-0.0011413365136831999,0.0015615232987329364,-0.00177015142980963,-0.0033055932726711035,-0.006214329041540623,-0.0062781088054180145,-0.00799744762480259,-0.008182249963283539,-0.007339954376220703,-0.0032189618796110153,-0.0007758283754810691,0.0002741839562077075,-0.0013320797588676214,-0.002573958598077297,-0.001058444264344871,-0.0020643325988203287,-0.0015320531092584133,-0.0028699375689029694,-3.478997678030282e-05,-0.0019148063147440553,-0.0011218634899705648,0.0018890815554186702,-0.0019786925986409187,0.003382302587851882
XOM,5,2026-04-07 14:45:00+00:00,10:45,0.0032463856041431427,up,-0.006166763138025999,-0.0037414960097521544,-0.003728993469849229,-0.0009916463168337941,-0.002009729389101267,-0.0031107293907552958,-0.006869368255138397,-0.006194924470037222,-0.00652680778875947,-0.007909344509243965,-0.005820851773023605,-0.0057448167353868484,-0.009272687137126923,-0.007116883527487516,-0.005901971831917763,-0.0070207808166742325,-0.009464165195822716,-0.007317857351154089,-0.005600144620984793,-0.006275326479226351,-0.005137582775205374,-0.0069878725335001945,-0.004240656737238169,0.00038660754216834903,0.001232659793458879,0.0032463856041431427
ADI,5,2026-04-07 14:45:00+00:00,10:45,0.0029878076165914536,up,-0.005239181220531464,-0.003478385740891099,-0.005360063165426254,-0.0021165988873690367,-0.0036486757453531027,-0.005051901564002037,-0.006870342884212732,-0.0058168405666947365,-0.007163462694734335,-0.007384062744677067,-0.0029961459804326296,-0.0018914287211373448,-0.0023832048755139112,-0.0024242892395704985,-0.002616248093545437,-0.004938923288136721,-0.004591620992869139,-0.0025827602948993444,-0.003982714377343655,-0.0034645721316337585,-0.0006590299890376627,-0.004285012371838093,-0.005124787334352732,-0.0016718812985345721,-0.002535079838708043,0.0029878076165914536
SBAC,5,2026-04-07 14:45:00+00:00,10:45,0.002919449470937252,up,-0.0008189064683392644,-0.0017228878568857908,-0.003835381707176566,0.0024493876844644547,-0.002857660176232457,-0.005020751617848873,-0.008995283395051956,-0.005999141372740269,-0.012185966596007347,-0.013433681800961494,-0.012383352033793926,-0.011835790239274502,-0.015071414411067963,-0.014763292856514454,-0.015374499373137951,-0.011276809498667717,-0.011430890299379826,-0.00970375444740057,-0.004926825407892466,-0.005390160717070103,-0.0056251720525324345,-0.005736797582358122,-0.004202496260404587,0.0014079023385420442,-0.000535752100404352,0.002919449470937252
VMC,5,2026-04-07 14:45:00+00:00,10:45,0.00264363712631166,up,-0.0030421833507716656,-0.0021418025717139244,-0.0031081405468285084,-0.0006970436661504209,-0.0003913380787707865,-0.004077994264662266,-0.00840513501316309,-0.005173518322408199,-0.007226651068776846,-0.0077635725028812885,-0.0042345658876001835,-0.0032237947452813387,-0.002220075810328126,-0.003985255025327206,-0.006499126087874174,-0.004761429503560066,-0.0037231906317174435,-0.0035127291921526194,-0.004140079487115145,-0.005074983462691307,-0.006081280764192343,-0.009477212093770504,-0.008155335672199726,-0.003656818065792322,-0.0028697680681943893,0.00264363712631166
DOV,5,2026-04-07 14:45:00+00:00,10:45,0.0025959473568946123,up,-0.0020809124689549208,-0.0009197330800816417,0.0003075765853282064,0.0011078724637627602,0.0030641991179436445,0.002002464374527335,-0.00014486002328339964,-0.0006144825601950288,-0.0017631629016250372,0.00026457622880116105,0.001585196703672409,0.0021343757398426533,0.0018562489422038198,0.0019793123938143253,0.0020205830223858356,0.00181238551158458,0.004076287150382996,0.004225254990160465,0.0021646555978804827,0.002707737497985363,0.002380698686465621,0.0011119454866275191,-0.00026142748538404703,0.0020494130440056324,0.001068499288521707,0.0025959473568946123
ESS,5,2026-04-07 14:45:00+00:00,10:45,0.0025953357107937336,up,-0.0013088741106912494,0.0011538313701748848,0.0018312792526558042,0.0043867495842278,0.0068428171798586845,0.004844401963055134,0.0035619151312857866,0.004407968837767839,0.0044673774391412735,0.005395469255745411,0.007462549954652786,0.007701670750975609,0.008000168949365616,0.007138091139495373,0.006645574700087309,0.007412364706397057,0.006141232792288065,0.006831659935414791,0.0050256443209946156,0.006810780614614487,0.004435146227478981,0.0036492380313575268,0.0026244998443871737,0.003086283802986145,0.002330524381250143,0.0025953357107937336
BKNG,5,2026-04-07 14:45:00+00:00,10:45,0.002464374527335167,up,-0.003847904736176133,0.0008701623883098364,-0.004391366150230169,-0.0008716316078789532,-0.0038133771158754826,-0.004575252067297697,-0.010600240901112556,-0.00786302424967289,-0.00784338265657425,-0.005598492920398712,-0.004866942297667265,-0.006151359993964434,-0.003863882040604949,-0.004043438471853733,-0.004568097181618214,-0.005768256261944771,-0.0032832277938723564,-0.003560856683179736,-0.004462140146642923,-0.006656020879745483,-0.005166302900761366,-0.00784217193722725,-0.006709082517772913,-0.0009258455829694867,-0.0013712323270738125,0.002464374527335167
FIX,5,2026-04-07 14:45:00+00:00,10:45,0.002457150723785162,up,0.002405273262411356,-0.0030648710671812296,-0.000823934911750257,-0.0003972648992203176,0.003304924350231886,0.0010951103176921606,-0.0010750112123787403,0.0012693462194874883,-0.0030123121105134487,-0.0003811894275713712,0.002312618074938655,0.001934440922923386,0.002786202821880579,0.0032265447080135345,0.0018956614658236504,-4.494234235608019e-05,0.002318026963621378,-0.0002733612200245261,-0.0010322092566639185,-0.0029260453302413225,-0.004432047251611948,-0.004905492998659611,-0.004536456894129515,-0.0027550787199288607,-0.002511732978746295,0.002457150723785162
ROST,5,2026-04-07 14:45:00+00:00,10:45,0.0023643216118216515,up,0.0001413671561749652,0.0022560737561434507,-0.0012897441629320383,0.0026179507840424776,0.00016714679077267647,-0.0012237797491252422,-0.004405138082802296,-0.002051842398941517,-0.004459848627448082,-0.0029911911115050316,-0.0002469776081852615,-0.00013613251212518662,-0.0007663730066269636,-0.0010501730721443892,-0.003677596338093281,-0.003989893943071365,-0.002019783714786172,-0.0008391575538553298,-0.002576889470219612,-0.002077922923490405,-0.002469545230269432,-0.004900154657661915,-0.0037213803734630346,6.501703319372609e-05,-0.002190053230151534,0.0023643216118216515
ULTA,5,2026-04-07 14:45:00+00:00,10:45,0.002361529739573598,up,-0.001140866312198341,0.0008371258736588061,-0.0006829134072177112,0.0018552312394604087,0.0028507793322205544,0.00038691723602823913,-0.001267255051061511,-0.0014659531880170107,-0.005075664725154638,-0.0048093306832015514,-0.002250096993520856,-0.0006252792663872242,-0.0020791569259017706,-0.002094636205583811,-0.0020125743467360735,-0.0034931295085698366,-0.002575267804786563,-0.0012676605256274343,-0.0023499943781644106,-0.0024491639342159033,-0.002797021297737956,-0.0049248128198087215,-0.0052086892537772655,-0.0020609088242053986,-0.0036034754011780024,0.002361529739573598
NSC,5,2026-04-07 14:45:00+00:00,10:45,0.0023442318197339773,up,0.0009532542317174375,0.0003485622291918844,0.0019928240217268467,0.0038006703834980726,0.006361143197864294,0.004883983172476292,0.0038305139169096947,0.002954723546281457,0.0013726474717259407,0.00042625312926247716,0.004172096960246563,0.004145621322095394,0.004746911581605673,0.0038752828259021044,0.0020486977882683277,0.001587618375197053,0.0033947755582630634,0.004118090961128473,0.0035002895165234804,0.0036888406611979008,0.002504912903532386,0.0004585026472341269,-0.00011968324542976916,0.003780449740588665,0.0019759158603847027,0.0023442318197339773
TEL,5,2026-04-07 14:45:00+00:00,10:45,0.0022925108205527067,up,-0.00384074030444026,-0.002305918373167515,-0.002928716130554676,0.0004573925107251853,-0.0008877923828549683,-0.0021742607932537794,-0.005163629539310932,-0.0032924613915383816,-0.0033037113025784492,-0.00414104200899601,-0.0017143010627478361,-0.00273003033362329,-0.0014285458019003272,-0.0006431742222048342,-0.0004068670968990773,-0.00022480339976027608,0.001901954528875649,0.00039147186907939613,-0.0009558094898238778,-0.0005083015421405435,-0.0013335514813661575,-0.003799798898398876,-0.0022415551356971264,0.001975869759917259,0.0006951148970983922,0.0022925108205527067
OTIS,5,2026-04-07 14:45:00+00:00,10:45,0.0022853687405586243,up,0.0012103316839784384,0.003377425018697977,0.0031520442571491003,0.004277830012142658,0.00759929371997714,0.0059090834110975266,0.0037066747900098562,0.004599775653332472,0.005651236977428198,0.004858933389186859,0.006754678674042225,0.006572382990270853,0.006951397284865379,0.0056812274269759655,0.006288763135671616,0.005318962503224611,0.006385152228176594,0.006080531980842352,0.005948909092694521,0.005279573146253824,0.005413038656115532,0.0034437566064298153,0.002830320503562689,0.004131184425204992,0.0027704250533133745,0.0022853687405586243
APD,5,2026-04-07 14:45:00+00:00,10:45,0.0022462650667876005,up,0.0007190597243607044,-0.00047622621059417725,0.0007700182031840086,0.0032141918782144785,0.004995458759367466,0.004178914241492748,0.0029480226803570986,0.0025191695895045996,0.0005474276258610189,-0.00010145355918211862,0.0031150367576628923,0.004258845467120409,0.004134406801313162,0.0030454276129603386,0.0020331537816673517,0.0011057223891839385,0.0019524040399119258,0.001943596638739109,0.001322555122897029,0.0017372254515066743,0.000688658794388175,-0.0011393221793696284,-0.001185907400213182,0.0023463191464543343,0.0002506501623429358,0.0022462650667876005
CRM,5,2026-04-07 14:45:00+00:00,10:45,0.002227769698947668,up,0.003986547701060772,0.005094635300338268,0.0007831904222257435,0.003927513025701046,-0.001358414301648736,-0.0024051989894360304,-0.007276754826307297,-0.002273798221722245,0.0003939999733120203,0.0015142703196033835,0.0033078950364142656,0.0024162603076547384,0.0020039016380906105,-2.8455440769903362e-05,-0.0028549039270728827,-0.0021166312508285046,0.0071554468013346195,0.003743412671610713,0.002527207136154175,0.0021786820143461227,0.002476463792845607,-0.0022579177748411894,0.0017968438332900405,0.001455878373235464,0.0006137268501333892,0.002227769698947668
MTB,5,2026-04-07 14:45:00+00:00,10:45,0.002221041126176715,up,-0.0026224420871585608,-0.00025953707518056035,-0.00023910812160465866,0.002058961894363165,0.003184087108820677,0.0016843662597239017,0.00022578987409360707,0.000252748402999714,-0.0007463705842383206,-2.633409712871071e-05,0.00200820155441761,0.0017281300388276577,0.0019851720426231623,0.0018460230203345418,0.0011494251666590571,0.000744506367482245,0.002570950658991933,0.001449309871532023,0.0011919833486899734,0.0013203026028349996,0.0005618873983621597,-0.0016312485095113516,-0.0016066196840256453,0.0012375673977658153,0.0009238203638233244,0.002221041126176715
META,5,2026-04-07 14:45:00+00:00,10:45,0.002219165675342083,up,-0.005690206307917833,-0.009557408280670643,-0.008949355222284794,-0.005832402501255274,-0.005794879514724016,-0.009343094192445278,-0.0104412492364645,-0.010455272160470486,-0.013633606024086475,-0.008858445100486279,-0.004467786755412817,-0.004855654668062925,-0.00545046292245388,-0.0058126142248511314,-0.005211080424487591,-0.005423423368483782,-0.006429324857890606,-0.009014700539410114,-0.006687271408736706,-0.0068426975049078465,-0.00839670654386282,-0.013225148431956768,-0.0115127582103014,-0.007509996648877859,-0.002981852740049362,0.002219165675342083
LII,5,2026-04-07 14:45:00+00:00,10:45,0.0022170403972268105,up,-0.004388805013149977,0.0012641454814001918,-0.002151462249457836,0.0004321332962717861,-0.0012294744374230504,-0.002990409731864929,-0.004381474573165178,-0.0024176703300327063,-0.004794336389750242,-0.006750144064426422,-0.0034743223804980516,-0.001373334089294076,-0.0032858974300324917,-0.0031417743302881718,-0.0033010051120072603,-0.0038555047940462828,-0.0014835208421573043,-0.0012879236601293087,-0.0028278992976993322,-0.0030844081193208694,-0.0018525272607803345,-0.003614171175286174,-0.0036316122859716415,0.0003224935207981616,-0.0016263852594420314,0.0022170403972268105
HWM,5,2026-04-07 14:45:00+00:00,10:45,0.002100482117384672,up,-0.0005810529692098498,0.0010724643943831325,-0.0019775372929871082,0.0020171310752630234,0.0005943257128819823,-0.00167377688921988,-0.0026433381717652082,-0.001224593841470778,-0.0020847937557846308,-0.0015684156678617,-0.00010529874271014705,0.0018553411355242133,0.0014373795129358768,0.00019509064441081136,0.001857675495557487,0.0001326041528955102,0.0020079987589269876,0.0009405144373886287,9.252550808014348e-05,0.0011555735254660249,0.0006999487522989511,-0.002516614506021142,-0.0016375831328332424,0.002212725579738617,-0.0004646892484743148,0.002100482117384672
CRL,5,2026-04-07 14:45:00+00:00,10:45,0.0020502526313066483,up,0.003001908306032419,0.0020128111355006695,-0.0012654040474444628,0.0008140800055116415,0.0019006025977432728,0.0005306008388288319,-0.0034745102748274803,-0.002749380888417363,-0.001975384773686528,-0.0006719587836414576,0.001563978847116232,0.000801241141743958,-0.0016391464741900563,-0.0007827194640412927,-0.00014494750939775258,-0.0006439231801778078,0.0023735682480037212,0.001728373346850276,-0.0014668029034510255,0.0004311137890908867,-0.00034993502777069807,0.0004589096934068948,0.0020819674246013165,0.004391474649310112,0.0010954723693430424,0.0020502526313066483
CNP,5,2026-04-07 14:45:00+00:00,10:45,0.0020413296297192574,up,-0.0002870215685106814,0.0022176504135131836,7.503161032218486e-05,0.0027210628613829613,0.0037530679255723953,0.0016563027165830135,0.0011987315956503153,-0.0007935242028906941,0.002246075076982379,0.0017980935517698526,0.0027995561249554157,0.002351214410737157,0.0009643833618611097,0.00011379004718037322,0.0012001272989436984,0.0004560253582894802,0.0017113136127591133,0.0020019446965306997,0.0017279359744861722,0.0024334208574146032,0.0012874456588178873,0.0012626355746760964,-0.0005932917119935155,0.0046774595975875854,0.005076196510344744,0.0020413296297192574
ANET,5,2026-04-07 14:45:00+00:00,10:45,0.002038398524746299,up,-0.01130746491253376,-0.016119329258799553,-0.01943051442503929,-0.0159993264824152,-0.01709064468741417,-0.021376624703407288,-0.023934349417686462,-0.01810312643647194,-0.017717234790325165,-0.014524322934448719,-0.008554035797715187,-0.005255807191133499,-0.0034207040444016457,-0.006562143098562956,-0.007487524766474962,-0.009651699103415012,-0.00354024488478899,-0.003527117893099785,-0.005046145059168339,-0.006872589234262705,-0.007964431308209896,-0.010103330947458744,-0.010440714657306671,-0.0059762978926301,-0.0075788237154483795,0.002038398524746299
CME,5,2026-04-07 14:45:00+00:00,10:45,0.0019958335906267166,up,-0.002997172763571143,-0.002495554741472006,-0.0018254737369716167,0.0017566477181389928,0.00343742105178535,0.0007727909833192825,-0.0009782888228073716,0.00014168303459882736,-0.0032430586870759726,-0.0012048077769577503,0.0010216303635388613,0.001617901143617928,0.004199639428406954,0.0042400239035487175,0.0036772345192730427,0.0001266019098693505,0.0012706570560112596,0.0005667181103490293,-0.0014010125305503607,-0.0006586872041225433,-0.0008796529727987945,-0.0038435072638094425,-0.0039316206239163876,0.0008192268433049321,-0.00012787547893822193,0.0019958335906267166
TSCO,5,2026-04-07 14:45:00+00:00,10:45,0.0019280447158962488,up,-0.006009189877659082,0.0017825105460360646,0.002110767876729369,0.005626780912280083,0.0006350982002913952,-0.0006034085527062416,-0.007277705240994692,-0.005462863948196173,-0.002327067544683814,-0.00615377351641655,-0.003711029654368758,-0.0009484161273576319,0.0025260555557906628,0.004659308586269617,-0.0005655798013322055,-0.0009386074962094426,0.0017963440623134375,0.0006763172568753362,0.0017232465324923396,-0.0008290691766887903,-0.004109688103199005,-0.00923116598278284,-0.006843253038823605,-0.0020610985811799765,-0.0026032982859760523,0.0019280447158962488
ECL,5,2026-04-07 14:45:00+00:00,10:45,0.001903013908304274,up,0.0015989573439583182,0.0018597032176330686,0.0010299747809767723,0.0005844918196089566,0.001491795526817441,-0.0005147965857759118,-0.0026636936236172915,-0.002502264454960823,-0.004498228430747986,-0.004281260073184967,-0.0027175878640264273,-0.0006382958381436765,-0.0031365719623863697,-0.004238442052155733,-0.005488570313900709,-0.0055337632074952126,-0.005627409089356661,-0.0038247990887612104,-0.005522930528968573,-0.0038614755030721426,-0.004293895326554775,-0.006721922662109137,-0.006301576271653175,-0.003104066476225853,-0.005846182815730572,0.001903013908304274
ADM,5,2026-04-07 14:45:00+00:00,10:45,0.0017315201694145799,up,0.00015004770830273628,0.0029724217019975185,0.002416265197098255,0.005134420469403267,0.005121984984725714,0.002153092762455344,-0.0007979499059729278,-9.290580783272162e-05,-0.0014397650957107544,-0.003121965564787388,-0.0016805855557322502,-0.0010346402414143085,-0.0006454804679378867,0.0010802376782521605,-0.0012288172729313374,-0.0021935831755399704,0.00015085430641192943,-0.0002303204091731459,8.037517545744777e-05,-0.0012611612910404801,-0.001044099684804678,-0.002802378498017788,-0.0006209205603227019,0.0018884871387854218,0.0006846946780569851,0.0017315201694145799
BIIB,5,2026-04-07 14:45:00+00:00,10:45,0.001723338384181261,up,-0.0023796427994966507,0.0003950811515096575,-0.005161995068192482,-0.004547324497252703,-0.005383212119340897,-0.007662620861083269,-0.009596521966159344,-0.008070801384747028,-0.00561214704066515,-0.005002846475690603,-0.0007399221649393439,-0.0003022729652002454,-0.0006771759944967926,-0.0005463039269670844,-0.0008076934027485549,-0.002671876922249794,-0.001006950857117772,0.0010062465444207191,-0.0016005740035325289,-0.0008786793332546949,-0.0032233139500021935,-0.005143251270055771,-0.0046866280026733875,-0.0002368948917137459,-0.0050095804035663605,0.001723338384181261
CSX,5,2026-04-07 14:45:00+00:00,10:45,0.001705224858596921,up,-0.00010245875455439091,0.0018358462257310748,0.00020027651044074446,0.0018956806743517518,0.0024126367643475533,0.0025541791692376137,0.0017414159374311566,0.0012669296702370048,0.0007333120447583497,-0.0011922460980713367,0.0014801668003201485,-0.0010242147836834192,-0.0016121109947562218,-0.003720696084201336,0.0009291223250329494,0.000702736375387758,-0.0014424932887777686,-0.0006550755933858454,1.9037681340705603e-05,0.0011031446047127247,0.0004169493622612208,0.0006585243972949684,-0.0016401478787884116,0.002348794834688306,0.0014917056541889906,0.001705224858596921
LRCX,5,2026-04-07 14:45:00+00:00,10:45,0.0016108639538288116,up,-0.009124673902988434,-0.013024347834289074,-0.016114354133605957,-0.016895750537514687,-0.019692450761795044,-0.02110408991575241,-0.022228669375181198,-0.018427010625600815,-0.017221486195921898,-0.011764228343963623,-0.008438381366431713,-0.005731100682169199,-0.007138440851122141,-0.008059853687882423,-0.010656156577169895,-0.013258432038128376,-0.010251430794596672,-0.009226009249687195,-0.009476524777710438,-0.008317235857248306,-0.009897652082145214,-0.011665962636470795,-0.014920857734978199,-0.006779029034078121,-0.011014209128916264,0.0016108639538288116
WAB,5,2026-04-07 14:45:00+00:00,10:45,0.0015504088951274753,up,-0.0012722575338557363,0.0011199985165148973,6.517585279652849e-05,0.0006012226804159582,0.0014161368599161506,0.001173423952423036,-0.0022514488082379103,0.000768778205383569,0.00014290018589235842,0.0012612702557817101,0.0035373144783079624,0.004038030747324228,0.003730528987944126,0.0049741934053599834,0.004204155877232552,0.003730622585862875,0.00401464244350791,0.004662458319216967,0.002838998334482312,0.0029779623728245497,0.00107211759313941,-2.3403279556077905e-05,0.00022726913448423147,0.003228164743632078,0.0008773253648541868,0.0015504088951274753
ROL,5,2026-04-07 14:45:00+00:00,10:45,0.0015411388594657183,up,-0.005900256801396608,-0.0008320612832903862,-0.0009165732190012932,0.002151855267584324,0.0018144610803574324,0.000791759230196476,-0.0018457386177033186,-0.001770812552422285,0.0010272294748574495,0.000569141237065196,0.0016734355594962835,0.0005842630052939057,0.0004979035002179444,0.000956940813921392,0.0009040808072313666,7.187300070654601e-05,0.0012371011544018984,0.0013373714173212647,0.0022837063297629356,0.002172162989154458,0.004180360585451126,0.0027388143353164196,0.002651889342814684,0.004156441893428564,0.004163067322224379,0.0015411388594657183
SNPS,5,2026-04-07 14:45:00+00:00,10:45,0.001455030171200633,up,-0.0032466971315443516,-0.0017043243860825896,-0.005154894664883614,-0.00239329831674695,-0.005769283510744572,-0.007164927199482918,-0.008838028647005558,-0.007110775914043188,-0.008132127113640308,-0.007955667562782764,-0.0057666408829391,-0.0033862830605357885,-0.00260485103353858,-0.003324107499793172,-0.004742833785712719,-0.004676080774515867,-0.0008163911988958716,-0.0005623200559057295,-0.003456628182902932,-0.004473509266972542,-0.0011611573863774538,-0.0033553666435182095,9.35722709982656e-05,0.001563394209370017,0.0009175164741463959,0.001455030171200633
GM,5,2026-04-07 14:45:00+00:00,10:45,0.001432994264177978,up,0.0026019257493317127,0.005381828639656305,0.0015776919899508357,0.0033043783623725176,0.004107637330889702,0.005202239844948053,0.0018945438787341118,0.002171517116948962,0.0004001333436463028,-0.0011246827198192477,-0.0009441183647140861,-0.0016829508822411299,0.0017931611509993672,-0.001078979461453855,-0.0018818061798810959,-0.0015430970815941691,0.002004070673137903,0.0010399118764325976,-0.0015473031671717763,-0.0008312094141729176,-0.0007039618212729692,-0.0012907800264656544,0.0010935302125290036,0.0023035539779812098,0.0004079168720636517,0.001432994264177978
AIG,5,2026-04-07 14:45:00+00:00,10:45,0.0014216434210538864,up,-0.0008851499296724796,0.000849312637001276,0.00037401309236884117,0.0028789984062314034,0.005111257079988718,0.003079247660934925,0.00010780998854897916,0.0009143608622252941,0.0015306168934330344,0.0004988805740140378,0.003209079382941127,0.004358701873570681,0.0034574291203171015,0.003678338136523962,0.004264472518116236,0.0032798817846924067,0.004605469293892384,0.004580746870487928,0.0034282314591109753,0.0022303855512291193,0.00204676017165184,0.0009333750349469483,0.000605198962148279,0.0036865598522126675,0.001958821900188923,0.0014216434210538864
DLTR,5,2026-04-07 14:45:00+00:00,10:45,0.0013889831025153399,up,-0.00433147931471467,0.0009612814174033701,-0.0053706965409219265,0.0014184595784172416,-0.0015646119136363268,-0.003025664482265711,-0.006913959048688412,-0.002819677349179983,-0.0019672876223921776,-0.002223524497821927,0.0032274352852255106,0.0022783176973462105,0.005635854322463274,0.004353445488959551,0.0050958492793142796,0.005200933665037155,0.0031839937437325716,0.00485202157869935,0.001077463966794312,-7.784338959027082e-05,0.00048996158875525,-0.0016494843875989318,-0.0006336591904982924,-0.0007325195474550128,-0.0007236248347908258,0.0013889831025153399
GCUSD,5,2026-04-07 14:45:00+00:00,10:45,0.0013867249945178628,up,-0.0031831050291657448,-0.0016628633020445704,-0.0041896747425198555,-0.0007721608853898942,0.00042448053136467934,-0.002042540581896901,-0.0027293425519019365,-0.002056090859696269,-0.005291463807225227,-0.003636874258518219,-0.000650303321890533,-0.00037958024768158793,-0.00022164304391480982,-9.571994451107457e-05,-0.0007664434961043298,-0.0007028657710179687,0.0004560444504022598,0.000563667737878859,0.0002372354647377506,-0.0007417675806209445,-0.001667373231612146,-0.0038931111339479685,-0.004011865705251694,-0.0015239812200888991,-0.003259453922510147,0.0013867249945178628
MA,5,2026-04-07 14:45:00+00:00,10:45,0.0013767495984211564,up,-0.00551217794418335,-0.0037038724403828382,-0.004423459526151419,-0.0017768245888873935,-0.0010808302322402596,-0.002591600874438882,-0.0028928956016898155,-0.0031428986694663763,-0.004851591307669878,-0.004403855185955763,-0.0014294410357251763,-0.00014128306065686047,-0.00012672635784838349,-0.0019352077506482601,-0.0005398582434281707,-0.0008290230762213469,0.0005604852922260761,0.0007344933692365885,0.0010388154769316316,0.0004101947124581784,0.0011626789346337318,-0.0023001767694950104,-0.0021553668193519115,0.0008172880625352263,-0.0014698791783303022,0.0013767495984211564
PSA,5,2026-04-07 14:45:00+00:00,10:45,0.0013642736012116075,up,0.0001630611950531602,0.001475689117796719,0.0007423346978612244,0.0030937225092202425,0.005892833229154348,0.004894949495792389,0.00337150483392179,0.0024325065314769745,0.003392779501155019,0.0015985644422471523,0.0046289656311273575,0.005622451193630695,0.006439832039177418,0.0051232934929430485,0.003849825356155634,0.0013121868250891566,0.004989644046872854,0.0028448710218071938,0.0028366558253765106,0.00256300438195467,0.0018517625285312533,0.00047479974455200136,-0.0013155280612409115,0.0037622523959726095,0.0011927791638299823,0.0013642736012116075
AME,5,2026-04-07 14:45:00+00:00,10:45,0.0013586797285825014,up,-0.0024196531157940626,-0.0013328675413504243,-0.0021869558840990067,0.0008371879230253398,0.0011001458624377847,-0.00017297208250965923,-0.00234153401106596,-0.0019811103120446205,-0.0025301717687398195,-0.0022622118704020977,7.623388228239492e-05,0.00018274434842169285,0.00023467362916562706,0.0008517705136910081,0.0003178379556629807,-0.0005203235778026283,0.001805042033083737,0.0008685106877237558,0.00044027098920196295,-0.00031457762815989554,-0.001187772722914815,-0.0030090853106230497,-0.0036297484766691923,0.0005145207978785038,-0.001059926231391728,0.0013586797285825014
ABBV,5,2026-04-07 14:45:00+00:00,10:45,0.001347047509625554,up,0.0008186404011212289,-0.0029776215087622404,-0.004056483507156372,-0.001514849136583507,-0.0034986084792762995,-0.005812569055706263,-0.00929174292832613,-0.00745363300666213,-0.01030687801539898,-0.006136714015156031,-0.004967790562659502,-0.0024309756699949503,-0.00871423538774252,-0.006991230417042971,-0.005875534377992153,-0.007732186932116747,-0.004343520849943161,-0.003287478117272258,-0.005915770307183266,-0.0014436396304517984,-0.0031022680923342705,-0.005502486135810614,-0.003959232475608587,-0.0007531943265348673,-0.0015593593707308173,0.001347047509625554
SBUX,5,2026-04-07 14:45:00+00:00,10:45,0.001256115734577179,up,-0.0063454871997237206,-0.005932176485657692,-0.006498896516859531,-0.003919279668480158,-0.0028917337767779827,-0.002835074905306101,-0.007769616786390543,-0.0055205547250807285,-0.005597487557679415,-0.004695264622569084,-0.0038182749412953854,-0.003401009598746896,-0.0027866491582244635,-0.0016813618130981922,-0.0004472719447221607,-0.0019763584714382887,-0.0014594115782529116,-0.0016141233500093222,-0.0006728662992827594,-0.00039673762512393296,-0.0009322600672021508,-0.002101004123687744,-0.0035038033965975046,2.2790445655118674e-05,-0.0019354765536263585,0.001256115734577179
AIZ,5,2026-04-07 14:45:00+00:00,10:45,0.0012463877210393548,up,0.0005483094719238579,0.0038177738897502422,0.0013116280315443873,0.004430950619280338,0.004098112694919109,0.0028007766231894493,0.0004966534906998277,0.0009756810031831264,0.0017024306580424309,-0.0003863927267957479,0.0014427471905946732,0.0019386749481782317,0.0015416608657687902,0.0022052410058677197,0.0019112922018393874,0.0014450092567130923,0.003727860050275922,0.002138492651283741,0.0023612044751644135,0.0008429771405644715,0.0008608563803136349,-0.0008508512401022017,-0.002226008102297783,0.0019470822298899293,-0.0010754769900813699,0.0012463877210393548
Q,5,2026-04-07 14:45:00+00:00,10:45,0.0012295199558138847,up,0.00020893961482215673,-0.00019371314556337893,-0.0018484805477783084,-0.0017827431438490748,-0.003042824799194932,-0.00230788323096931,-0.006323731038719416,-0.00656660832464695,-0.007729235105216503,-0.008228202350437641,-0.005943860858678818,-0.006044449284672737,-0.007530407980084419,-0.008559586480259895,-0.003414734033867717,-0.004365335218608379,-0.006104201544076204,-0.005257443059235811,-0.008803533390164375,-0.008068334311246872,-0.005825518164783716,-0.007115336135029793,-0.004490602295845747,0.003253235714510083,0.00020839611534029245,0.0012295199558138847
NDSN,5,2026-04-07 14:45:00+00:00,10:45,0.001216870965436101,up,0.0013684519799426198,0.004017384257167578,0.005712360609322786,0.006053674500435591,0.008363143540918827,0.006354738958179951,0.0033918069675564766,0.0031803215388208628,0.0014791260473430157,0.0017528184689581394,0.0027362911496311426,0.00454398849979043,0.002942335791885853,0.0036826827563345432,0.002546626143157482,0.0018714346224442124,0.003470810130238533,0.002114248927682638,0.002577939536422491,0.0013245755108073354,0.0012881987495347857,-0.0005327417165972292,-0.0016294323140755296,0.0018655748572200537,-4.077347693964839e-05,0.001216870965436101
CDNS,5,2026-04-07 14:45:00+00:00,10:45,0.001215413329191506,up,0.0002093082293868065,0.0018820898840203881,-0.0004235433298163116,0.0017310293624177575,-0.005092271137982607,-0.008046883158385754,-0.011822719126939774,-0.008959434926509857,-0.00877344235777855,-0.01041872426867485,-0.007299723569303751,-0.0026830576825886965,-0.0021833039354532957,-0.004241879563778639,-0.006798691116273403,-0.005604161880910397,-0.0017974221846088767,-0.001606986508704722,-0.001727479393593967,-0.0023775058798491955,-0.0024084399919956923,-0.007171897683292627,-0.0060912747867405415,-0.002115308539941907,-0.004184534307569265,0.001215413329191506
FTNT,5,2026-04-07 14:45:00+00:00,10:45,0.0012004367308691144,up,-0.004426754079759121,-0.0028180228546261787,-0.004921195097267628,-0.001909396261908114,-0.001968981698155403,-0.003416646970435977,-0.005854649469256401,-0.003677484579384327,-0.0032449651043862104,-0.002501829992979765,-0.0012684273533523083,-0.0008474034257233143,-0.0005961082642897964,0.00033576038549654186,0.001699294662103057,0.0011954046785831451,0.00257540843449533,0.002197470050305128,0.0020406139083206654,0.0006240561488084495,0.0014130036579445004,0.00041258177952840924,0.00010535626643104479,0.003911313600838184,0.0015536980936303735,0.0012004367308691144
EW,5,2026-04-07 14:45:00+00:00,10:45,0.001198797719553113,up,-0.0013244004221633077,0.0019116841722279787,-0.0009642149670980871,0.0019168872386217117,0.0004516543122008443,-0.0003909441002178937,-0.0028909938409924507,-0.0012347368756309152,0.0008203841862268746,-0.0009614996961317956,0.000685774371959269,0.0019467683741822839,0.0024159851018339396,0.0034469529055058956,0.0027986280620098114,0.002177372109144926,0.003258800134062767,0.0026634493842720985,0.002059836173430085,0.0021008418407291174,0.002710444387048483,0.001479591359384358,0.0008790528518147767,0.0024275160394608974,0.00026607303880155087,0.001198797719553113
VTR,5,2026-04-07 14:45:00+00:00,10:45,0.0011613673996180296,up,-0.002989751985296607,-0.0020935421343892813,-0.0025780065916478634,0.0009042921592481434,0.0022002849727869034,-0.0002758676710072905,-0.0011280281469225883,-0.0013309185160323977,-0.0005527202738448977,-0.0008714032592251897,0.0015731315361335874,0.0015227408148348331,0.001955329906195402,0.0013456454034894705,0.0009745852439664304,0.0002445364953018725,0.001230410998687148,0.0012973069678992033,0.0003628545382525772,0.0017710522515699267,0.00032681712764315307,-0.0027070362120866776,-0.00207412033341825,0.0003602535871323198,-0.00019565517141018063,0.0011613673996180296
CLUSD,5,2026-04-07 14:45:00+00:00,10:45,0.0011541132116690278,up,0.003270289860665798,0.009079519659280777,0.004542013630270958,0.012206342071294785,0.009163948707282543,0.007979868911206722,0.004097871482372284,0.005730024538934231,0.006540256552398205,0.0043953787535429,0.003226645290851593,0.005934976972639561,0.007804600987583399,0.006802746094763279,0.00696462532505393,0.005023154430091381,0.006411192938685417,0.0030980983283370733,0.003608978120610118,0.0016147576970979571,0.004664027132093906,0.005960476119071245,0.0052588633261621,0.0026722094044089317,0.002635819837450981,0.0011541132116690278
PM,5,2026-04-07 14:45:00+00:00,10:45,0.001113019185140729,up,-0.0006971629336476326,0.0007545796688646078,-0.001389364362694323,0.0007194215431809425,0.00143997382838279,-0.0015163831412792206,-0.0030191305559128523,-0.0003599947376642376,-0.003399558598175645,-0.0017774344887584448,0.001152759650722146,0.00014388879935722798,0.0008463901467621326,0.0007630865438841283,-0.0003003128513228148,-0.0002547975745983422,0.0010436589363962412,0.0023616475518792868,0.00020916681387461722,0.00033444029395468533,0.0010302700102329254,0.0003495230048429221,0.0025052865967154503,0.003907861653715372,0.0004511635925155133,0.001113019185140729
WRB,5,2026-04-07 14:45:00+00:00,10:45,0.0011046663857996464,up,-0.0029699960723519325,-0.0008439215016551316,-0.0010811089305207133,0.0003789121692534536,0.0024206452071666718,0.0016732721123844385,-0.0002681794867385179,-0.0004695268871728331,-0.000690049200784415,-0.0017016888596117496,3.657659544842318e-05,-4.860547778662294e-05,0.0003280719101894647,0.0006619017804041505,0.0008220045710913837,5.846915883012116e-05,0.0022522886283695698,0.001965128118172288,0.002577175386250019,0.003834550967440009,0.003269983921200037,0.0013654740760102868,0.0010606361320242286,0.0024134800769388676,0.0004536006017588079,0.0011046663857996464
DTE,5,2026-04-07 14:45:00+00:00,10:45,0.001098664361052215,up,0.00042129517532885075,0.0028336273971945047,0.0008572356891818345,0.004246658179908991,0.005466013681143522,0.0030855543445795774,0.001258860807865858,0.0028584168758243322,0.0037623969838023186,0.0020012862514704466,0.003680526278913021,0.004804024938493967,0.004585690330713987,0.004417522344738245,0.004111111164093018,0.003475356847047806,0.004287562798708677,0.004075318109244108,0.0029437742196023464,0.0032771683763712645,0.002716087270528078,0.0013838885352015495,5.9131001762580127e-05,0.001663902890868485,0.00043309968896210194,0.001098664361052215
DVA,5,2026-04-07 14:45:00+00:00,10:45,0.0010856840526685119,up,-0.0017263925401493907,-0.0005668838857673109,-0.0005895571666769683,0.001572387176565826,0.0026325781363993883,0.0005186402122490108,0.00013864705397281796,-0.0004192836640868336,0.0009157550521194935,-0.0005742552457377315,0.0008445815183222294,0.002435500966385007,0.002190105617046356,0.0013632802292704582,0.00224860617890954,0.0008405164699070156,0.003091944847255945,0.0027957060374319553,0.002115801675245166,0.001705622998997569,0.0008847433491609991,-0.000556959246750921,-0.0020736847072839737,0.0007781537715345621,0.000135512906126678,0.0010856840526685119
SNA,5,2026-04-07 14:45:00+00:00,10:45,0.0010042968206107616,up,0.0004889562260359526,0.0026926458813250065,0.0016503201331943274,0.0031169839203357697,0.004862143192440271,0.003280890639871359,0.0015370079781860113,0.0010486736427992582,0.001170700998045504,0.002696879440918565,0.002492249943315983,0.004109653178602457,0.0032993482891470194,0.0037878903094679117,0.002552381483837962,0.002653822535648942,0.0032067468855530024,0.0030556463170796633,0.0008056309306994081,-4.5206463255453855e-05,0.0018543046899139881,-0.00047824825742281973,-0.0006712134927511215,0.0018147289520129561,0.0008501787087880075,0.0010042968206107616
DPZ,5,2026-04-07 14:45:00+00:00,10:45,0.0010000484762713313,up,-0.0006276883650571108,-0.0008733851136639714,-0.0013738702982664108,0.00018124889174941927,-0.0003076745488215238,-0.002089373767375946,-0.003068722551688552,-0.003088051453232765,-0.0051178280264139175,-0.004565833602100611,-0.0028511183336377144,-0.0013972279848530889,-0.00203303387388587,-0.001839622389525175,-0.0026027795393019915,-0.003233261639252305,-0.0009670712752267718,-0.000862455228343606,-0.004120534751564264,-0.0038560093380510807,-0.0007173091289587319,-0.005124768707901239,-0.00395585922524333,-0.0017928046872839332,-0.0027472483925521374,0.0010000484762713313
REGN,5,2026-04-07 14:45:00+00:00,10:45,0.0008815212640911341,up,-0.0031694530043751,-0.0016160400118678808,-0.0027925509493798018,0.000127268853248097,0.0007989344303496182,-0.0012493501417338848,-0.0023550502955913544,-0.003640076844021678,-0.006920074112713337,-0.005598013289272785,-0.002947059227153659,-0.001992652891203761,-0.0024055379908531904,-0.0029434021562337875,-0.002480250783264637,-0.003912648651748896,-0.0007868318352848291,0.00025615180493332446,-0.0004979465156793594,-0.0013706076424568892,-0.0026444275863468647,-0.004763161297887564,-0.005573580041527748,-0.0029459113720804453,-0.004201674368232489,0.0008815212640911341
PEG,5,2026-04-07 14:45:00+00:00,10:45,0.0008700290927663445,up,-0.0016282224096357822,-0.0010714262025430799,-0.002212591702118516,0.0007334919646382332,0.0031924245413392782,0.0016884144861251116,0.0006013952661305666,0.00029186467872932553,0.0009886680636554956,0.00010573919280432165,0.0015812248457223177,0.0018905011238530278,0.00207126303575933,0.0012683517998084426,0.0014047125587239861,0.0008727762615308166,0.002537261927500367,0.0015244086971506476,0.001297586364671588,0.001799080753698945,0.001610965235158801,-0.00023351944400928915,-0.0006788818282075226,0.0016173521289601922,0.0006469670915976167,0.0008700290927663445
BMY,5,2026-04-07 14:45:00+00:00,10:45,0.0008567594923079014,up,-0.0026860989164561033,0.00037808273918926716,0.0015246934490278363,0.001643763273023069,0.0014926758594810963,0.0028207574505358934,-0.00019650788453873247,-0.0019229927565902472,-0.005226156208664179,-0.008075660094618797,-0.0042346143163740635,-0.0005642608157359064,-0.0019164286786690354,0.0002198894217144698,0.001109749311581254,0.0006096191355027258,0.0003725003625731915,-0.0005609045620076358,-0.0017079561948776245,-0.0014240475138649344,-0.0015963040059432387,-0.004807614721357822,-0.004659320693463087,-0.0009925431804731488,-0.004693213384598494,0.0008567594923079014
IBM,5,2026-04-07 14:45:00+00:00,10:45,0.0008043316192924976,up,-0.0032643296290189028,9.295639029005542e-05,-0.0022616577334702015,0.00040772900683805346,-0.0006153927533887327,-0.003103407332673669,-0.0046354322694242,-0.003364110831171274,-0.0032966111321002245,-0.0033937671687453985,-0.0008290262194350362,0.00014298275345936418,-0.0005078886169940233,-0.0017275881255045533,-0.0019253554055467248,-0.002809571335092187,-0.0022522881627082825,-0.0006976541480980814,-0.0018690925789996982,-0.0011142557486891747,-0.0018732150783762336,-0.0022041848860681057,-0.0031452684197574854,-0.0015002608997747302,-0.002619080012664199,0.0008043316192924976
SATS,5,2026-04-07 14:45:00+00:00,10:45,0.0007828076486475766,up,-0.008641021326184273,-0.006941657513380051,-0.012869383208453655,-0.006594045087695122,-0.010910999961197376,-0.01215406134724617,-0.01251455768942833,-0.00869380496442318,-0.00787834171205759,-0.007913077250123024,-0.003133215242996812,-0.004349828232079744,-0.0009536771685816348,-0.00037201165105216205,-0.00022375273692887276,-0.0009178461041301489,5.061701449449174e-05,-0.00014360596833284944,-0.001838651136495173,-0.002403057413175702,-0.0025393697433173656,-0.00509200943633914,-0.00359550304710865,0.0007256065728142858,0.0009332868503406644,0.0007828076486475766
CBOE,5,2026-04-07 14:45:00+00:00,10:45,0.0007669742335565388,up,0.0009365913574583828,0.0021225251257419586,0.001801426988095045,0.004669598303735256,0.005613910965621471,0.00412075687199831,0.0023823590017855167,0.0032041596714407206,0.00303555722348392,0.004252428188920021,0.0069563742727041245,0.007561980746686459,0.006334882229566574,0.006846697069704533,0.004483185242861509,0.0041682966984808445,0.00688068987801671,0.005080467090010643,0.0028999510686844587,0.0031105370726436377,0.0036294187884777784,0.0007728798082098365,0.0006593401776626706,0.004531179554760456,0.0018696860643103719,0.0007669742335565388
RMD,5,2026-04-07 14:45:00+00:00,10:45,0.0007608334999531507,up,5.335865353117697e-05,0.0017884153639897704,9.994558786274865e-05,0.0024933796375989914,0.001136717270128429,-0.0012125596404075623,-0.0031552365981042385,-0.0017985410522669554,-0.0016012992709875107,-0.0006851563812233508,0.0005342496442608535,0.0006142714410088956,-0.0011990180937573314,0.001155202742666006,6.370287155732512e-05,0.0007793622207827866,0.004463844001293182,0.0022234455682337284,0.002949655754491687,0.0028760554268956184,0.003277449170127511,0.0004477619077078998,0.0030480746645480394,0.005152643658220768,0.0023844786919653416,0.0007608334999531507
TAP,5,2026-04-07 14:45:00+00:00,10:45,0.0007484607631340623,up,-0.0022366305347532034,0.0001795253629097715,0.0003181880456395447,0.003537544049322605,0.0034570754505693913,-0.00044499183422885835,-0.002596448641270399,-0.0024750602897256613,-0.0031720735132694244,0.00011738335888367146,0.001957918517291546,0.003570609027519822,0.0038289609365165234,0.0029471819289028645,0.0008436129428446293,-0.0002843380207195878,0.0020562850404530764,0.0009502997854724526,0.0003819268604274839,0.0014875439228489995,0.0003061974421143532,-0.0034061733167618513,-0.0033371583558619022,0.0012390040792524815,-0.0004055083845742047,0.0007484607631340623
PLTR,5,2026-04-07 14:45:00+00:00,10:45,0.000743500713724643,up,-0.010876861400902271,-0.012251985259354115,-0.02123020775616169,-0.018031876534223557,-0.022827109321951866,-0.02385948970913887,-0.02351030707359314,-0.01992548257112503,-0.01754188910126686,-0.01439568493515253,-0.010597152635455132,-0.006165065336972475,-0.004453508649021387,-0.0044898828491568565,-0.006702442653477192,-0.0069999685510993,-0.002119146753102541,-0.0028373817913234234,-0.005153559148311615,-0.005450606811791658,-0.0067752450704574585,-0.009055704809725285,-0.009167916141450405,-0.005202671978622675,-0.006337173283100128,0.000743500713724643
MLM,5,2026-04-07 14:45:00+00:00,10:45,0.0007145617273636162,up,0.0005866328137926757,0.003984273411333561,0.00197934010066092,0.003471074625849724,0.003068232676014304,0.0009001181460916996,-0.001267936429940164,-0.0007492846343666315,-0.0037436694838106632,-0.002554507227614522,-0.0014513239730149508,0.0011802592780441046,0.00011448632722022012,0.0003129722608719021,-0.0012231514556333423,-0.001342737814411521,0.0013512438163161278,0.001180325634777546,0.0002754846354946494,0.0007221817504614592,0.0005556978867389262,0.0004163540434092283,-0.00013593367475550622,0.0013180102687329054,-0.0006016467232257128,0.0007145617273636162
STE,5,2026-04-07 14:45:00+00:00,10:45,0.0006977485027164221,up,0.0017958227545022964,0.005622061900794506,0.004837929271161556,0.005573936738073826,0.006334506440907717,0.004116862080991268,0.0029415066819638014,0.002362223342061043,0.0012865153839811683,0.0015194474253803492,0.0032971396576613188,0.0031536761671304703,0.002479293616488576,0.0023743421770632267,0.0022031543776392937,0.0014385601971298456,0.0028093033470213413,0.0024325225967913866,0.0028052146080881357,0.0021234408486634493,0.0012504708720371127,-0.000508004508446902,-0.0009182931971736252,0.0019499805057421327,0.0005089382757432759,0.0006977485027164221
TPL,5,2026-04-07 14:45:00+00:00,10:45,0.0006884003523737192,up,-0.004287991672754288,0.001868369639851153,-0.0025495029985904694,0.0010310718789696693,-0.004947694484144449,-0.005335081368684769,-0.00677988538518548,-0.0035727228969335556,-0.0031666571740061045,-0.003864266211166978,0.00065886095399037,0.0006594299338757992,0.0002972744405269623,0.00043300617835484445,-0.00012087108916603029,-0.0013637760421261191,0.001689178985543549,0.001203893101774156,0.0003718937514349818,-0.0015102046309038997,-0.0020927251316607,-0.0020050539169460535,-0.002247369149699807,0.0004544009279925376,-0.0026994349900633097,0.0006884003523737192
BEN,5,2026-04-07 14:45:00+00:00,10:45,0.0006700847879983485,up,-0.00013075026799924672,0.0028009358793497086,-0.001119959750212729,0.0015521682798862457,0.0008669798262417316,-0.0020765832159668207,-0.004794292151927948,-0.002315111691132188,-0.0018441942520439625,-0.0031662520486861467,-0.0009844180895015597,0.0025613554753363132,0.002460010815411806,0.003483375534415245,0.0030990729574114084,0.0017693220870569348,0.0038822994101792574,0.0033154000993818045,0.0027353973127901554,0.0031638769432902336,0.003208984388038516,0.001718595391139388,0.00088540930300951,0.004815081600099802,0.0029392801225185394,0.0006700847879983485
WMT,5,2026-04-07 14:45:00+00:00,10:45,0.0006688082357868552,up,-0.0008820171933621168,-0.003942482639104128,-0.00990794226527214,-0.0069255824200809,-0.009738735854625702,-0.01228746771812439,-0.014426168985664845,-0.013284914195537567,-0.012338679283857346,-0.011303724721074104,-0.006557508837431669,-0.004693459719419479,-0.00646118214353919,-0.002860983833670616,-0.003645695745944977,-0.003637835616245866,-0.0019427939550951123,-0.0034283464774489403,-0.003678135108202696,-0.003693698439747095,-0.003306449158117175,-0.006948783993721008,-0.003639387199655175,1.4115579688223079e-05,-0.000782395713031292,0.0006688082357868552
MS,5,2026-04-07 14:45:00+00:00,10:45,0.0006498180446214974,up,-0.0039013868663460016,-7.68207319197245e-05,-0.0036182738840579987,0.00019072623399551958,-0.0021700586657971144,-0.003379727713763714,-0.009885480627417564,-0.0031256938818842173,-0.004238247871398926,-0.003789444686844945,0.0003699679218698293,0.001607741229236126,0.0014668686781078577,0.0012718396028503776,0.0022168916184455156,0.00022456530132330954,0.0018725632689893246,0.0016007779631763697,-7.372995605692267e-05,-6.671306618954986e-05,-0.0007044182857498527,-0.003855727147310972,-0.0020577842369675636,0.002249570330604911,0.003411573590710759,0.0006498180446214974
CHTR,5,2026-04-07 14:45:00+00:00,10:45,0.0006458286661654711,up,-0.002190688857808709,0.0009995324071496725,-0.002197667257860303,-0.0006897111888974905,-0.0029757816810160875,-0.005041133612394333,-0.006154897157102823,-0.004683222621679306,-0.002622036263346672,-0.0018146700458601117,0.0007901723147369921,0.0014052054611966014,0.0005044961581006646,0.0014243919868022203,0.000608013360761106,-0.00015974996495060623,0.00379617465659976,0.004571051802486181,0.0026249485090374947,0.0028713520150631666,0.0024730453733354807,-0.0004567679716274142,4.2699281038949266e-05,0.004178352188318968,0.00019013973360415548,0.0006458286661654711
ATO,5,2026-04-07 14:45:00+00:00,10:45,0.000642511819023639,up,-0.0022303536534309387,0.0006475304835475981,0.0006164187216199934,0.003747704904526472,0.004297276493161917,0.0028107736725360155,0.00046858502901159227,0.0016167829744517803,0.003286323742941022,0.0009887530468404293,0.002435344737023115,0.004258346743881702,0.004298522602766752,0.0029608544427901506,0.0030527536291629076,0.002204703399911523,0.005023905076086521,0.0037888302467763424,0.00260950718075037,0.0031145536340773106,0.0008570154896005988,-0.000281686894595623,-0.001517525757662952,0.0012309064622968435,0.0009299454395659268,0.000642511819023639
MTD,5,2026-04-07 14:45:00+00:00,10:45,0.0006352094933390617,up,-0.0040057748556137085,-0.0010959201026707888,-0.004292039666324854,-0.0002901794505305588,-0.0009425428579561412,-0.0028702181298285723,-0.003553233575075865,-0.0030511184595525265,-0.005280729848891497,-0.0031186644919216633,-0.0010658532846719027,-0.0002465371217112988,-0.0001906400138977915,0.000382042519049719,-0.00047193278442136943,-0.000520916364621371,0.0015641528880223632,0.0012182544451206923,0.0007922815275378525,-0.00043297946103848517,-0.0020958040840923786,-0.0029023713432252407,-0.003615941386669874,-0.00036819407250732183,-0.0022519337944686413,0.0006352094933390617
PFG,5,2026-04-07 14:45:00+00:00,10:45,0.0006242461386136711,up,-0.004362028557807207,-0.002358062192797661,-0.0026047932915389538,-0.00011263140913797542,0.0006323471898213029,-4.869292752118781e-05,-0.005698417313396931,-0.0032553107012063265,-0.0030992208048701286,-0.004054381977766752,-0.001982984598726034,-0.00039953546365723014,-3.820741767412983e-06,0.0012378988321870565,0.002130169188603759,0.000772305647842586,0.0027994413394480944,0.0017464705742895603,0.0002395692135905847,0.00017925970314536244,2.898315324273426e-05,-0.0018802696140483022,-0.0019496823661029339,0.0022696061059832573,0.0012310491874814034,0.0006242461386136711
KEYS,5,2026-04-07 14:45:00+00:00,10:45,0.0005669740494340658,up,0.0036359375808387995,0.006189961452037096,0.005111570470035076,0.0058601852506399155,0.004430533852428198,0.00408449862152338,0.001997989369556308,0.002801021561026573,0.0036869312170892954,0.0033090526703745127,0.005017866380512714,0.00560971163213253,0.0036481558345258236,0.004824389237910509,0.0009378192480653524,0.0003498548758216202,0.0034712105989456177,0.0023762385826557875,0.004036989063024521,0.0030519680585712194,0.0036225502844899893,0.0011458647204563022,0.001578030758537352,0.004610135219991207,-0.0010415056021884084,0.0005669740494340658
MCHP,5,2026-04-07 14:45:00+00:00,10:45,0.0005568278138525784,up,-0.010760263539850712,-0.007057554554194212,-0.010066606104373932,-0.008549068123102188,-0.010118011385202408,-0.009724175557494164,-0.013094699010252953,-0.011314673349261284,-0.012626193463802338,-0.012428774498403072,-0.009428342804312706,-0.007469220086932182,-0.007072418462485075,-0.005252918228507042,-0.005105682648718357,-0.005692890379577875,-0.0033204536885023117,-0.004405900835990906,-0.007302815560251474,-0.005974079482257366,-0.006650893483310938,-0.006126549560576677,-0.006932256743311882,-0.001215372234582901,-0.0020537786185741425,0.0005568278138525784
REG,5,2026-04-07 14:45:00+00:00,10:45,0.0005371753359213471,up,-0.0025334027595818043,-2.065124317596201e-05,4.512218583840877e-05,0.0036719907075166702,0.003843771992251277,0.001538530457764864,-0.0002475835499353707,-0.00011932933557545766,0.0016244323924183846,0.0006594325532205403,0.003262914717197418,0.004273080267012119,0.004260818939656019,0.003947923891246319,0.003517209319397807,0.0030705449171364307,0.004056257661432028,0.002555434126406908,0.0022335434332489967,0.002620842307806015,0.0017583051230758429,-0.0005702892667613924,-0.0010485310340300202,0.0007071615546010435,-0.0002261868357891217,0.0005371753359213471
ES,5,2026-04-07 14:45:00+00:00,10:45,0.0005194966215640306,up,-0.0023428858257830143,-0.0010871983831748366,-0.001092327176593244,0.001160801388323307,0.003783236490562558,0.0026663453318178654,0.0014496518997475505,5.383900133892894e-05,-0.0008469946915283799,-0.0017400290817022324,0.0007880875491537154,0.001412811572663486,0.0014516774099320173,0.0010304065654054284,0.0005281874327920377,-0.00012105668429285288,0.0016297496622428298,0.0016680725384503603,0.0013619210803881288,0.0006075066048651934,0.00041555301868356764,-0.001827579690143466,1.0057368854177184e-05,0.0014494024217128754,0.0006255219341255724,0.0005194966215640306
DE,5,2026-04-07 14:45:00+00:00,10:45,0.0004694333765655756,up,-0.0029230343643575907,-0.0024533390533179045,-0.0026582689024508,-0.0008630392840132117,0.0011500371620059013,0.0010815823916345835,-0.0016479708719998598,-0.0017238217405974865,-0.003022077027708292,-0.0018419621046632528,-0.00016762717859819531,0.00040674861520528793,-2.375350595684722e-05,0.0005899211973883212,0.0007954729371704161,0.0001919704518513754,0.0008966868626885116,0.0011418827343732119,0.0010240382980555296,0.00031949422555044293,0.00033233524300158024,-0.00125076191034168,-0.0009750740136951208,0.002529297024011612,-0.0002867568109650165,0.0004694333765655756
EQIX,5,2026-04-07 14:45:00+00:00,10:45,0.0004215369699522853,up,0.0020524535793811083,-0.00031367529300041497,-0.0018319153459742665,-0.00032394882873632014,0.0032883279491215944,0.0010319597786292434,-0.0006801277049817145,0.00012921188317704946,-0.0034597355406731367,-0.0009240916115231812,0.001413290505297482,0.0027217958122491837,0.001049631042405963,0.0011568455956876278,0.0005725300288759172,1.2588302524818573e-05,0.0012940522283315659,0.00094203109620139,0.0001867522078100592,0.0009600288467481732,-0.0020357852336019278,-0.0048302458599209785,-0.003931490704417229,-0.002061250852420926,-0.006155895534902811,0.0004215369699522853
HCA,5,2026-04-07 14:45:00+00:00,10:45,0.0004019357729703188,up,-0.0026047523133456707,-0.0014286998193711042,-0.0008789009298197925,0.0013307940680533648,0.0015698641072958708,0.0010744539322331548,-0.0009606769890524447,-0.0019349065842106938,-0.0028357873670756817,-0.000746093806810677,0.0008104172884486616,0.001474369433708489,0.0019645430147647858,0.0006404262967407703,0.0008768594707362354,0.0015056341653689742,0.0034298948012292385,0.00386056094430387,0.0028224349953234196,0.0025585677940398455,0.0018967612413689494,-0.0008482796256430447,-0.0028642432298511267,-0.0006715379422530532,-0.00042908929754048586,0.0004019357729703188
EA,5,2026-04-07 14:45:00+00:00,10:45,0.0003776890807785094,up,-0.0036390218883752823,-0.0024302243255078793,-0.0012556732399389148,-0.00048222890472970903,0.0023922056425362825,0.0012443449813872576,0.00017585972091183066,-0.002736592898145318,-0.0020724511705338955,3.636076144175604e-05,0.0010087589034810662,4.803714546142146e-06,-6.25329848844558e-05,0.0003843749000225216,-0.00026853775489144027,4.975882347935112e-06,0.0006052051321603358,0.001246569911018014,0.0006127338274382055,0.0013429141836240888,-0.0003122292982880026,-0.0011777393519878387,-0.0013747235061600804,-0.001093154540285468,-0.0008795989560894668,0.0003776890807785094
GRMN,5,2026-04-07 14:45:00+00:00,10:45,0.00030316392076201737,up,0.0011014780029654503,0.0032666134648025036,0.0019223171984776855,0.002727992832660675,0.000745411729440093,-0.0017333588330075145,-0.004826450254768133,-0.004258883185684681,-0.006451870314776897,-0.0063689835369586945,-0.004301609471440315,-0.0029494238551706076,-0.0037125118542462587,-0.004636114463210106,-0.004318712744861841,-0.005298658739775419,-0.0022403325419873,-0.0017865067347884178,-0.0033053443767130375,-0.0028346898034214973,-0.004209547303617001,-0.005552952643483877,-0.004610029049217701,-0.0022338025737553835,-0.002522422932088375,0.00030316392076201737
INVH,5,2026-04-07 14:45:00+00:00,10:45,0.0002529430203139782,up,-0.002274187281727791,-1.3901206330046989e-05,-0.0005633175023831427,0.00031979152117855847,0.0021235733292996883,0.0003593549190554768,-0.0006676074117422104,0.0010448588291183114,0.0010293505620211363,0.00108365248888731,0.0023250493686646223,0.003205288900062442,0.00269860727712512,0.00273839826695621,0.0027738732751458883,0.0020918874070048332,0.002120119985193014,0.001910204766318202,0.0021392384078353643,0.0017916857032105327,0.0017640771111473441,-0.0003497294965200126,-0.0008552948129363358,0.0017966433661058545,0.0010129339061677456,0.0002529430203139782
GL,5,2026-04-07 14:45:00+00:00,10:45,0.0002410144661553204,up,-0.0034716001246124506,-0.00033378630178049207,-0.0003852226654998958,0.002470362465828657,0.0034099132753908634,0.0014924349961802363,-0.0008849311852827668,0.0007641315460205078,0.001980183180421591,0.0008531545754522085,0.0029404289089143276,0.004418342839926481,0.003950081765651703,0.003732936456799507,0.003841965924948454,0.0028668970335274935,0.004471121355891228,0.003593450179323554,0.002728576073423028,0.002136476803570986,0.001409161719493568,4.937865742249414e-05,-0.0009439170244149864,0.0009779965039342642,0.0007293474045582116,0.0002410144661553204
EXPD,5,2026-04-07 14:45:00+00:00,10:45,0.00023389224952552468,up,-0.003695232793688774,-0.002194332657381892,-0.002054736251011491,0.0006441278383135796,0.0018268573330715299,-0.0008651191019453108,-0.002663335530087352,-0.0022132869344204664,-0.0012935941340401769,-0.0014999523991718888,4.631762931239791e-05,0.0016747618792578578,0.0014725475339218974,0.0017114561051130295,0.0017357729375362396,0.0004818705783691257,0.0029374235309660435,0.0022642172407358885,0.0014565212186425924,0.0008432317990809679,-8.123084990074858e-05,-0.0018151664407923818,-0.002639017067849636,8.514154615113512e-05,-0.00014228567306417972,0.00023389224952552468
CMI,5,2026-04-07 14:45:00+00:00,10:45,0.0001570737804286182,up,-0.003055459586903453,-0.0027939274441450834,-0.005720054265111685,-0.0020740265026688576,-0.002813448430970311,-0.002246410120278597,-0.005314970854669809,-0.005393364001065493,-0.00750539917498827,-0.005439280532300472,-0.004394987598061562,-0.00188721576705575,-0.002753439825028181,-0.0023323839996010065,-0.0024863595608621836,-0.0038416171446442604,-0.0022341208532452583,-0.0026885808911174536,-0.0032335850410163403,-0.005488506052643061,-0.0047948905266821384,-0.005763445980846882,-0.005784010514616966,-0.0013267644681036472,-0.004727867431938648,0.0001570737804286182
ABNB,5,2026-04-07 14:45:00+00:00,10:45,9.402282739756629e-05,up,-0.0011842919047921896,0.000696894305292517,-0.003917157184332609,-3.425370960030705e-05,-0.003771402407437563,-0.00639108894392848,-0.009850366041064262,-0.005941819399595261,-0.006154231261461973,-0.005783857777714729,-0.003283340483903885,-0.002636666176840663,0.0014068428426980972,0.0006809462211094797,0.0011735449079424143,-0.00029683258617296815,0.003875636961311102,0.0013587643625214696,0.0009826814057305455,0.0008104458102025092,-0.0008754020091146231,-0.0022028288803994656,-0.0013867331435903907,0.0020373016595840454,-0.001735629397444427,9.402282739756629e-05
TXT,5,2026-04-07 14:45:00+00:00,10:45,9.238533675670624e-05,up,0.0011134699452668428,0.0014202924212440848,0.0010413150303065777,0.00198372732847929,0.003975933417677879,0.0014729649992659688,0.00032156589441001415,-0.0008097828249447048,-0.0006034908583387733,-0.000532367848791182,0.0008274965803138912,0.0023560733534395695,0.00035141449188813567,-0.000299125793389976,0.0006409339257515967,-0.00065733736846596,0.0012380157131701708,9.087438229471445e-05,-0.0007058172486722469,0.0005202722386457026,-0.00027516824775375426,-0.0022718494292348623,-0.002755019348114729,0.0011329459957778454,-0.0006002206937409937,9.238533675670624e-05
COP,5,2026-04-07 14:45:00+00:00,10:45,6.480156298493966e-05,up,-0.007410428486764431,-0.0010503396624699235,-0.001849717111326754,-0.0006935226265341043,0.0014398718485608697,0.00029777473537251353,-0.0013322640443220735,-0.0030007273890078068,-0.004558848682790995,-0.006623550783842802,-0.0037871208041906357,-0.004340863320976496,-0.0062173837795853615,-0.004874333273619413,-0.0035865490790456533,-0.0034131212159991264,-0.005238962359726429,-0.0037190427538007498,-0.0016825939528644085,-0.0011544424341991544,-0.004843206610530615,-0.004285409580916166,-0.0065725757740437984,-0.0021154098212718964,-0.004349106457084417,6.480156298493966e-05
QCOM,5,2026-04-07 14:45:00+00:00,10:45,2.8751754143740982e-05,up,-0.0006923059117980301,-0.0024154430720955133,-0.0059843105264008045,-0.0027303150855004787,-0.006239225622266531,-0.009855259209871292,-0.010090494528412819,-0.007569518871605396,-0.008659614250063896,-0.005895373877137899,-0.003124372800812125,-0.0026932882610708475,-0.0008163604652509093,-0.0008135727257467806,-0.0007165035931393504,-0.0021374307107180357,0.0018802369013428688,0.00025691991322673857,0.0012134535936638713,-0.0008530642953701317,-0.0009555771248415112,-0.004125866107642651,-0.0016804019687697291,0.0019281746353954077,0.0003327966551296413,2.8751754143740982e-05
BG,5,2026-04-07 14:45:00+00:00,10:45,1.2981752661289647e-05,up,-0.000751377665437758,-0.000667309039272368,6.293433216342237e-06,0.002905424451455474,0.002787431236356497,0.0004607577866408974,-0.0016505260718986392,-0.00014229632506612688,0.0002981721190735698,-0.0010673308279365301,-0.00017423229292035103,0.001431957702152431,0.0002784745011013001,-0.0018493635579943657,-0.00027085962938144803,-0.002384886844083667,-0.00019243289716541767,-0.00037517480086535215,-0.0017592419171705842,4.701519355876371e-05,-0.0028002969920635223,-0.004706482402980328,-0.004821191541850567,-0.0007794295670464635,-0.0022639876697212458,1.2981752661289647e-05
PNR,5,2026-04-07 14:45:00+00:00,10:45,-1.2439748388715088e-05,down,-0.001874609268270433,-0.0009672928135842085,-0.0024615698494017124,-0.0008912988705560565,0.0006282872636802495,-0.0003003999881912023,-0.0028462326154112816,-0.001143570407293737,-0.0012135986471548676,-0.0005368239362724125,0.0015970139065757394,0.0021805360447615385,0.0027477042749524117,0.002142197685316205,0.002609653864055872,0.0013525261310860515,0.00324272527359426,0.0026366475503891706,0.002144849393516779,0.0028398314025253057,0.0025082265492528677,0.001054480206221342,7.379346789093688e-05,0.003369595855474472,7.658569302293472e-06,-1.2439748388715088e-05
AES,5,2026-04-07 14:45:00+00:00,10:45,-5.68485411349684e-05,down,-0.0006797537789680064,0.0008299252949655056,0.00043207776616327465,0.0004732689412776381,0.0008765412494540215,0.00011176125553902239,-0.000614524760749191,-0.0007904284866526723,-0.0009622048237361014,-0.0009120246395468712,0.0012123844353482127,0.0005778930499218404,0.00023807460092939436,0.0002715454320423305,0.00032435983303003013,-0.0005962157738395035,0.0014808453852310777,0.0012571169063448906,0.0004910178831778467,0.000770735030528158,0.0009483417961746454,-0.00027716884505935013,6.244482938200235e-05,0.001070390222594142,-0.0002014204947045073,-5.68485411349684e-05
LNT,5,2026-04-07 14:45:00+00:00,10:45,-7.118890061974525e-05,down,-0.0022337359841912985,-0.0005006740684621036,-0.0008829073049128056,0.002500993199646473,0.0036196401342749596,0.0017598600825294852,0.0003203122178092599,0.0002589804644230753,0.001067879842594266,0.000414838083088398,0.0024859532713890076,0.0040522171184420586,0.0025826424825936556,0.002035516779869795,0.0018412540666759014,0.0006800940609537065,0.0014456986682489514,0.0007860811310820282,2.2157862986205146e-05,0.0013950743013992906,0.000222737857257016,-0.0023803790099918842,-0.0022593485191464424,-0.0007355850539170206,-0.0016480210470035672,-7.118890061974525e-05
TMO,5,2026-04-07 14:45:00+00:00,10:45,-7.426561933243647e-05,down,-0.0049695768393576145,-0.003949739038944244,-0.0045484937727451324,-0.0017295851139351726,-0.0012445662869140506,-0.002799278823658824,-0.004076539538800716,-0.003962979186326265,-0.00687601650133729,-0.005027430132031441,-0.0022753665689378977,-0.0011368835112079978,-0.0015644123777747154,-0.002113391412422061,-0.0019179037772119045,-0.0024782861582934856,0.0007721645524725318,0.000493503175675869,0.0001215601951116696,-0.00023159691772889346,2.0432482415344566e-05,-0.002393505536019802,-0.003344036405906081,-0.0017819545464590192,-0.0021763283293694258,-7.426561933243647e-05
FITB,5,2026-04-07 14:45:00+00:00,10:45,-0.00018644203373696655,down,-0.004693859256803989,-0.00017881429812405258,-0.0014389040879905224,-0.0001607610029168427,0.00039375340566039085,0.0006930542876943946,-0.002622509840875864,-0.0016137900529429317,0.00017184943135362118,1.0431473128846847e-05,0.0015884339809417725,-0.00029465139959938824,-0.0010755117982625961,-0.001041143899783492,0.0003351483610458672,-0.0005563192535191774,0.0018138557206839323,0.0007159581873565912,0.0007474828162230551,7.221841951832175e-05,-0.00012395335943438113,-0.0016023986972868443,-0.0015434700762853026,0.0016773584065958858,-0.0009097191505134106,-0.00018644203373696655
RTX,5,2026-04-07 14:45:00+00:00,10:45,-0.0002005650312639773,down,-0.006588122341781855,-0.0018162067281082273,-0.003470220835879445,-0.001532485242933035,-0.0008050994947552681,-0.002372167771682143,-0.0036721641663461924,-0.003081361297518015,-0.004014658275991678,-0.0033284970559179783,-2.1760670279036276e-06,-0.00039063519216142595,-0.0008902819827198982,-0.0007502093212679029,-0.0006798826507292688,-0.0013181401882320642,0.000898752361536026,-0.00012368914030957967,-0.0013712850632146,-0.00021909076895099133,-0.0015317266806960106,-0.002935255179181695,-0.0043778796680271626,-0.0010802235919982195,-0.000650645699352026,-0.0002005650312639773
WST,5,2026-04-07 14:45:00+00:00,10:45,-0.00021416226809378713,down,-8.241432078648359e-05,0.0005803927197121084,0.0016855137655511498,0.0032186706084758043,0.006309906020760536,0.0047249761410057545,0.003240611869841814,0.003010560292750597,0.0034277315717190504,0.004099639132618904,0.005841659381985664,0.006395838223397732,0.006506199017167091,0.005917833652347326,0.005800186190754175,0.006140034645795822,0.004553645383566618,0.004045671783387661,0.0031474540010094643,0.0038731445092707872,0.0029735006392002106,0.001368457218632102,0.0002790136495605111,0.0015201789792627096,0.00048315752064809203,-0.00021416226809378713
IDXX,5,2026-04-07 14:45:00+00:00,10:45,-0.00025176050257869065,down,-0.0012181581696495414,-0.00015440794231835753,-0.0016464329091832042,-2.792004306684248e-05,-0.0014835549518465996,-0.002301656175404787,-0.004639468155801296,-0.0037406119517982006,-0.007044108118861914,-0.004140011966228485,-0.0008400962688028812,6.266620039241388e-05,-4.672872455557808e-05,0.000667596235871315,0.00024033657973632216,-0.0011890650494024158,0.0008619377040304244,0.0019419528543949127,0.001449067727662623,-0.0006888880743645132,-0.0011987020261585712,-0.0024804749991744757,-0.002917310455814004,2.0464882254600525e-05,-0.0011176251573488116,-0.00025176050257869065
FDX,5,2026-04-07 14:45:00+00:00,10:45,-0.00028265974833630025,down,-0.004122446291148663,-0.003384266747161746,-0.003732158336788416,-0.0013121733209118247,-0.0010190554894506931,-0.0035248268395662308,-0.004981711972504854,-0.004219197202473879,-0.006389965768903494,-0.004608063958585262,-0.002527509815990925,-0.0012170547852292657,-0.0007631593034602702,-0.0010818287264555693,-0.001910768449306488,-0.0030760804656893015,-0.0006567435339093208,-0.0007601261022500694,-0.00156988890375942,-0.0018243980593979359,-0.0026276216376572847,-0.005117527209222317,-0.004933440126478672,-0.0019877220038324594,-0.003240602556616068,-0.00028265974833630025
ZBH,5,2026-04-07 14:45:00+00:00,10:45,-0.00029721608734689653,down,-0.0028386523481458426,-0.0015775050269439816,-0.002651162212714553,-6.0867590946145356e-05,0.0008079643594101071,-0.0017006685957312584,-0.005545523017644882,-0.004108513239771128,-0.003755287267267704,-0.0033812241163104773,-0.0025679690297693014,-0.0018720818916335702,-0.0018690467113628983,-2.3878343199612573e-05,0.002068047411739826,0.00047966797137632966,0.002455186564475298,0.0023250242229551077,0.0007566537824459374,0.00143343023955822,-3.36901139235124e-05,-0.0016483658691868186,-0.0016566307749599218,0.0013023755745962262,0.00017137981194537133,-0.00029721608734689653
TFC,5,2026-04-07 14:45:00+00:00,10:45,-0.000305194960674271,down,-0.002714356407523155,-0.0005800833459943533,-0.0024259276688098907,0.0001082416347344406,0.0022636293433606625,0.0015884647145867348,-0.00037623700336553156,0.00020461152598727494,0.0009596126619726419,0.0013465897645801306,0.002490568906068802,0.000755871064029634,0.00014318234752863646,-0.001056081149727106,-0.00039464610745199025,-0.0009626080864109099,-0.0001615344372112304,-0.0018178417813032866,-0.002398442244157195,-0.0010186071740463376,-0.0006470294902101159,-0.0013884580694139004,-0.0015675583854317665,0.0009606885723769665,-0.0002743823570199311,-0.000305194960674271
LOW,5,2026-04-07 14:45:00+00:00,10:45,-0.0003096841974183917,down,-0.0024515020195394754,0.002271312987431884,-0.00019483998767100275,-0.0008056622464209795,-0.002628480549901724,-0.003853932023048401,-0.006926248781383038,-0.005225529428571463,-0.00712639931589365,-0.006239455193281174,-0.004268787335604429,-0.002877154154703021,-0.004653908312320709,-0.0051520103588700294,-0.003967995289713144,-0.005646992474794388,-0.003416924737393856,-0.0025934597942978144,-0.00282581290230155,-0.0020294170826673508,-0.0020621544681489468,-0.0037382901646196842,-0.005060959607362747,-0.0035023842938244343,-0.004326752386987209,-0.0003096841974183917
TRV,5,2026-04-07 14:45:00+00:00,10:45,-0.000351232971297577,down,0.0025061622727662325,0.0018042150186374784,0.0015770442551001906,0.0043592797592282295,0.004597910679876804,0.0034342531580477953,0.001679863315075636,0.001993956044316292,0.0007628377061337233,0.0010180408135056496,0.0025453364942222834,0.003207678208127618,0.002485946984961629,0.001804180326871574,0.0010400532046332955,-4.98707449878566e-05,0.002070458373054862,0.0016402387991547585,0.001575393253006041,0.0014484854182228446,0.0004710222710855305,-0.002275543287396431,-0.002872165059670806,0.0017187021439895034,-0.0006847753538750112,-0.000351232971297577
LMT,5,2026-04-07 14:45:00+00:00,10:45,-0.0003576925955712795,down,-0.003634238615632057,-0.003205151529982686,-0.0033169128000736237,-0.0011876545613631606,0.0002042687265202403,-0.0012710454175248742,-0.003088667755946517,-0.0029518690425902605,-0.005552629940211773,-0.0037844888865947723,-0.0009560974431224167,-0.00046847984776832163,-0.001150112017057836,-0.0013041318161413074,-0.0017229994991794229,-0.002217039931565523,-0.0002030091272899881,-0.00038754104753024876,-0.0020439422223716974,-0.0018571290420368314,-0.001837553340010345,-0.0038338336162269115,-0.0041131372563540936,-0.0011844525579363108,-0.003305405844002962,-0.0003576925955712795
SWKS,5,2026-04-07 14:45:00+00:00,10:45,-0.0004226005694363266,down,-0.006661801133304834,-0.0011545192683115602,-0.006427121348679066,-0.0034265401773154736,-0.006690844427794218,-0.007063684985041618,-0.011772220022976398,-0.010540716350078583,-0.011065678671002388,-0.010613841935992241,-0.010716010816395283,-0.0083320876583457,-0.005628760438412428,-0.003562957514077425,-0.006232225801795721,-0.007498767226934433,-0.00428617000579834,-0.005967515520751476,-0.007516256533563137,-0.007581419311463833,-0.008402222767472267,-0.010369526222348213,-0.010881957598030567,-0.0054307798855006695,-0.008716853335499763,-0.0004226005694363266
DGX,5,2026-04-07 14:45:00+00:00,10:45,-0.0005097883404232562,down,-0.0033432969357818365,-0.0010599498637020588,-0.00020887974824290723,0.001962155569344759,0.0036025578156113625,0.002809755504131317,0.0023538859095424414,0.0015132632106542587,0.0011699639726430178,0.00040501749026589096,0.0027131352107971907,0.0023456374183297157,0.002776308683678508,0.0016718024853616953,0.0013328295899555087,0.0010382382897660136,0.003003089688718319,0.002347498433664441,0.0018619791371747851,0.0017732433043420315,0.00048565195174887776,-0.0011724219657480717,-0.0024607328232377768,-0.00019685983716044575,-0.0007467521936632693,-0.0005097883404232562
UHS,5,2026-04-07 14:45:00+00:00,10:45,-0.0005532164941541851,down,-0.0017024560365825891,0.0017065097345039248,0.00015690445434302092,0.0012328417506068945,0.0007767303613945842,-0.0008875934290699661,-0.00348881003446877,-0.0020227960776537657,-0.00022611077292822301,-0.0015828146133571863,-0.0001347425568383187,0.0024829083122313023,0.0015742819523438811,0.0019889825489372015,0.0016782550374045968,0.0005162668530829251,0.00343921291641891,0.003828770248219371,0.0024481641594320536,0.0016578793292865157,0.0010063276859000325,-0.0008304466027766466,-0.0023683798499405384,0.0006488150102086365,-0.0013106551486998796,-0.0005532164941541851
CAG,5,2026-04-07 14:45:00+00:00,10:45,-0.0005563485901802778,down,-0.002126670442521572,0.001168737537227571,-0.00042881572153419256,-0.0011165747418999672,-0.0023348999675363302,-0.002754784421995282,-0.004339844454079866,-0.0026842402294278145,-0.000726698839571327,-0.0025260676629841328,-0.0019377277931198478,-0.0008772016153670847,-0.0017654075054451823,-0.0003633775340858847,0.001213169191032648,0.0006624796660616994,0.0021944050677120686,0.002130355918779969,0.0012701620580628514,0.0018834453076124191,0.002080773003399372,-7.727435149718076e-05,-0.0003344675060361624,0.005589656997472048,0.002328940201550722,-0.0005563485901802778
CL,5,2026-04-07 14:45:00+00:00,10:45,-0.0005839131190441549,down,-0.0006102829938754439,0.0024103585164994,0.0006212149164639413,0.0031982806976884604,0.003648998448625207,0.0022682901471853256,0.00029277463909238577,0.001300161355175078,0.0004970724694430828,-0.0005767542752437294,0.0008861682144924998,0.002071569673717022,0.0021073713432997465,0.0006971441907808185,0.0014305474469438195,0.0008893129997886717,0.001119642169214785,0.0012171973939985037,0.0016784498002380133,0.002495516324415803,0.0024787483271211386,0.0003831084177363664,-0.0001287596969632432,0.0030090580694377422,0.0003376263193786144,-0.0005839131190441549
CPAY,5,2026-04-07 14:45:00+00:00,10:45,-0.0006011083605699241,down,0.0007991639431566,0.004720656666904688,0.002022809349000454,0.004565885756164789,0.004382430575788021,0.0038406418170779943,0.00032705944613553584,0.0020287162624299526,0.0019876917358487844,0.0009697747882455587,0.0037982799112796783,0.003912073560059071,0.004276509862393141,0.006120787933468819,0.0039304094389081,0.0029166587628424168,0.006316338200122118,0.004577695857733488,0.0032716786954551935,0.002199288224801421,0.0017075133509933949,-0.0009446277399547398,-0.001972563797608018,0.002869372721761465,0.0010534711182117462,-0.0006011083605699241
HLT,5,2026-04-07 14:45:00+00:00,10:45,-0.0006143381469883025,down,-0.0015819198451936245,-0.0008092318894341588,0.0006157160387374461,0.002275330713018775,0.00264812633395195,0.001623575109988451,-0.00023212922678794712,0.0003345116274431348,-0.0019006869988515973,-0.0028431180398911238,-0.0003777968231588602,-0.00028764770831912756,-2.787678204185795e-05,-0.0013159639202058315,8.877414802554995e-05,-0.002087678061798215,0.0014079173561185598,-0.00046953759738244116,2.8640955861192197e-05,-0.0002103006117977202,0.00014924690185580403,-0.002908671973273158,-0.004169481806457043,-0.0005923864082433283,-0.0018383950227871537,-0.0006143381469883025
STT,5,2026-04-07 14:45:00+00:00,10:45,-0.0006185807287693024,down,-0.0019402566831558943,0.0007402595947496593,-0.0007627041777595878,0.0031599511858075857,0.0003335847577545792,-0.002999043557792902,-0.0023099747486412525,-0.0015149357495829463,-0.0015122342156246305,-0.0017600730061531067,0.0009694972541183233,0.0008494111243635416,0.00010539702634559944,-0.0010163472034037113,0.0002469343598932028,-0.0011794912861660123,0.0009774792706593871,0.0010362023022025824,0.0005416324711404741,0.0008632121607661247,-0.0028229684103280306,-0.005622676573693752,-0.005412361118942499,-0.0021276772022247314,-0.0025991436559706926,-0.0006185807287693024
SYY,5,2026-04-07 14:45:00+00:00,10:45,-0.0006291551981121302,down,-0.002415710361674428,0.0005523991421796381,-0.004761175252497196,-0.0055095357820391655,-0.0018758939113467932,-0.004607046488672495,-0.008588978089392185,-0.007403791882097721,-0.003342723473906517,-0.001385791227221489,-0.001158604514785111,0.002888604998588562,0.0012365656439214945,0.00043486474896781147,-8.367350528715178e-05,-0.0027547485660761595,-0.0008850730373524129,-0.0034944110084325075,-0.00620407797396183,-0.004583439789712429,-0.005108294542878866,-0.004325147718191147,-0.0069095054641366005,-0.003028350416570902,-0.00589379109442234,-0.0006291551981121302
HII,5,2026-04-07 14:45:00+00:00,10:45,-0.0006701428792439401,down,-0.00213540717959404,0.0033257603645324707,-0.0021475336980074644,0.0007076744805090129,3.903856850229204e-05,-0.0019427741644904017,-0.0037817254196852446,-0.0013621199177578092,-0.0037662058603018522,-0.0029706591740250587,-0.0016091607976704836,0.0002183203905588016,-0.001100859371945262,0.0018902791198343039,-0.002698346273973584,-0.0032581789419054985,-0.0012305401032790542,-0.0007877418538555503,-0.0027068383060395718,-0.006004474125802517,-0.008715860545635223,-0.00606208061799407,-0.006460557691752911,0.002102109370753169,0.0009518687729723752,-0.0006701428792439401
KR,5,2026-04-07 14:45:00+00:00,10:45,-0.0006750253378413618,down,-0.0053069633431732655,0.0006015224498696625,-0.0013807890936732292,0.0016345519106835127,0.0001845751394284889,-0.0037270665634423494,-0.007404380943626165,-0.006559062283486128,-0.00746991066262126,-0.006453408859670162,-0.004912971518933773,-0.002940441481769085,-0.003127702511847019,-0.002583358669653535,-0.0023451901506632566,-0.0037859000731259584,-0.0021668849512934685,-0.003224102547392249,-0.003660748479887843,-0.0028116367757320404,-0.0045585669577121735,-0.0066565172746777534,-0.008561791852116585,-0.003384605748578906,-0.004433327820152044,-0.0006750253378413618
AZO,5,2026-04-07 14:45:00+00:00,10:45,-0.0006836846005171537,down,-0.0010996870696544647,0.0006750438478775322,-0.0016418760642409325,0.0009762182598933578,0.003567222971469164,0.0002987415646202862,0.0006692589959129691,-1.6516822142875753e-05,-0.00186617998406291,-0.002558111445978284,0.00041413219878450036,0.00047703878954052925,-0.0008579023415222764,-0.002097459277138114,-0.0024086700286716223,-0.0029273524414747953,-0.0015383968129754066,-0.0008784885867498815,-0.0004920621286146343,-0.00032556368387304246,-0.000683767138980329,-0.002115444280207157,-0.003546071471646428,-0.0009039846481755376,-0.002550193341448903,-0.0006836846005171537
VST,5,2026-04-07 14:45:00+00:00,10:45,-0.0007220790139399469,down,-0.004281084518879652,-0.002865083049982786,-0.007972804829478264,-0.004910964053124189,-0.0069147138856351376,-0.007512995507568121,-0.009769282303750515,-0.005716993473470211,-0.004846513736993074,-0.005227609071880579,-0.0029013564344495535,-0.0028652132023125887,-0.00205929740332067,-0.002885643392801285,-0.0026060522068291903,-0.0029682517051696777,-0.0008665613713674247,-0.0010747401975095272,-0.002918343525379896,-0.0031629062723368406,-0.004499908071011305,-0.006744067184627056,-0.004574685823172331,-3.3490949135739356e-05,-0.00022206084395293146,-0.0007220790139399469
AON,5,2026-04-07 14:45:00+00:00,10:45,-0.0007372184190899134,down,-0.0032149769831448793,-0.0010185801656916738,-0.0042968024499714375,-0.001238324330188334,-0.001080887159332633,-0.0031681759282946587,-0.005076569505035877,-0.004005136899650097,-0.005789542105048895,-0.0056618028320372105,-0.0025860865134745836,-0.0018494861433282495,-0.0023056583013385534,-0.0019527318654581904,-0.002527430420741439,-0.003442254615947604,-0.0022957022301852703,-0.0011429274454712868,-0.0032463206443935633,-0.0023374990560114384,-0.002447487786412239,-0.005270728841423988,-0.005990009754896164,-0.0026546563021838665,-0.004254929255694151,-0.0007372184190899134
NUE,5,2026-04-07 14:45:00+00:00,10:45,-0.0007376019493676722,down,-0.006101042963564396,-0.003834396367892623,-0.007411395665258169,-0.0030864246655255556,-0.004213786218315363,-0.006136918906122446,-0.008246132172644138,-0.00602005748078227,-0.006113988347351551,-0.005099295172840357,0.00013085949467495084,0.00024487468181177974,0.00152503396384418,0.0006323587731458247,0.00046987112727947533,-0.0023595273960381746,0.00010803548502735794,0.0017776767490431666,-0.001419376814737916,-4.2120966099901125e-05,-0.0023582924623042345,-0.005000845063477755,-0.005055093206465244,-0.0004610127944033593,-0.003400619840249419,-0.0007376019493676722
JBHT,5,2026-04-07 14:45:00+00:00,10:45,-0.0007492300937883556,down,-0.0013380524469539523,0.0006909666699357331,-0.00047621826524846256,0.0035912361927330494,0.0014668464427813888,0.0008534425287507474,-0.0027098956052213907,-0.00044015550520271063,-0.0009954286506399512,-0.0022933988366276026,1.376345880998997e-05,0.001015980145893991,-7.270550122484565e-05,0.0006937289144843817,0.0012751432368531823,0.0006622936925850809,0.0024572310503572226,-0.0002385399566264823,0.0001725757756503299,-0.0006655211909674108,-0.0005613586981780827,-0.0024417266249656677,-0.0032078654039651155,0.0004188062157481909,-0.0017304382054135203,-0.0007492300937883556
UDR,5,2026-04-07 14:45:00+00:00,10:45,-0.0007711315993219614,down,-0.0038044790271669626,0.001468462054617703,-0.000537218467798084,0.002191192237660289,0.002433548215776682,0.0028001463506370783,0.001756482059136033,0.00238798838108778,0.0003062930190935731,0.0008277485612779856,0.0031785957980901003,0.000967355677857995,0.0005888447049073875,-0.0006672085146419704,0.0005709524848498404,0.0003965107607655227,0.002305276459082961,0.0015212016878649592,0.0014133061049506068,0.00083384127356112,-0.00018522798200137913,-0.003590329084545374,-0.0033107344061136246,-0.0005530883790925145,-0.0030330466106534004,-0.0007711315993219614
AXP,5,2026-04-07 14:45:00+00:00,10:45,-0.0007721349247731268,down,0.002385161817073822,0.002528558485209942,0.002955279778689146,0.004782896488904953,0.0031773936934769154,0.0024688332341611385,0.0011670012027025223,0.0017321535851806402,3.535243740770966e-05,-0.000887135392986238,0.0009310279856435955,0.0008390589500777423,0.0008048596791923046,0.0003523516934365034,-0.0006719775847159326,-0.0019507313845679164,0.00047427735989913344,-0.0014852819731459022,-0.0011083900462836027,-0.00224110996350646,-0.0012706640409305692,-0.0044322628527879715,-0.005511535797268152,-0.0015891670482233167,-0.0036580676678568125,-0.0007721349247731268
XEL,5,2026-04-07 14:45:00+00:00,10:45,-0.0007916882168501616,down,-0.002443174831569195,-0.002354831900447607,-0.003909183666110039,-0.0006348617025651038,1.6265054000541568e-05,-0.0020515196956694126,-0.003443408291786909,-0.0022503721993416548,-0.0025287517346441746,-0.0021417434327304363,0.00036760998773388565,0.0004290379292797297,-0.0006856034742668271,-0.00010421090701129287,-0.000408428895752877,-0.0017546891467645764,-0.0002825519477482885,-0.0011163968592882156,-0.00116238824557513,-0.000900279963389039,-0.0019278288818895817,-0.005161235574632883,-0.004407752305269241,-0.001862018252722919,-0.0018817649688571692,-0.0007916882168501616
BLK,5,2026-04-07 14:45:00+00:00,10:45,-0.0007983405375853181,down,-0.0057675885036587715,-0.003955269698053598,-0.006308752112090588,-0.003163974964991212,-0.0025478992611169815,-0.004027515649795532,-0.004991777241230011,-0.005184125620871782,-0.006553251296281815,-0.004443279467523098,-0.0026411022990942,-0.0013548819115385413,-0.0012587917735800147,-0.000656312913633883,-0.0009496881393715739,-0.0017781317001208663,0.00034713491913862526,-2.3339709514402784e-05,-0.0008801364456303418,-0.0014609717763960361,-0.0033112799283117056,-0.0035132349003106356,-0.003721492365002632,0.00011372094741091132,-0.0026450909208506346,-0.0007983405375853181
ERIE,5,2026-04-07 14:45:00+00:00,10:45,-0.0008106961031444371,down,0.004928417969495058,0.008568565361201763,0.0069589815102517605,0.00808169599622488,0.008765696547925472,0.006623683962970972,0.004049777053296566,0.004492226522415876,0.0033984568435698748,0.0016491570277139544,0.004197816364467144,0.007339884527027607,0.0039449124597013,0.0035733359400182962,0.002778492635115981,0.0024438099935650826,0.004248127806931734,0.004483203869313002,0.003623523749411106,0.0042784735560417175,0.0031367468181997538,0.002567155286669731,0.0018649949925020337,0.005409271456301212,-0.00013795134145766497,-0.0008106961031444371
TDG,5,2026-04-07 14:45:00+00:00,10:45,-0.0008200086303986609,down,-0.004915939178317785,-0.001370159676298499,-0.004178356379270554,-0.0012257301714271307,-0.001104924245737493,-0.003264385275542736,-0.0032978125382214785,-0.003885077778249979,-0.006281450390815735,-0.0051329596899449825,-0.002570805139839649,-0.0007686704630032182,-0.0016365405172109604,-0.0020766034722328186,-0.002014108933508396,-0.0035994385834783316,-0.00037760596023872495,0.0005128866760060191,-0.0001424529473297298,-0.001257473835721612,-0.0010789679363369942,-0.003108132863417268,-0.004711957648396492,-0.0021539495792239904,-0.0038469890132546425,-0.0008200086303986609
SYF,5,2026-04-07 14:45:00+00:00,10:45,-0.0008364060195162892,down,-0.006727709900587797,-0.005385956261307001,-0.006772624794393778,-0.0036700719501823187,-0.00330124469473958,-0.004121867474168539,-0.007681428920477629,-0.006062532775104046,-0.006045829504728317,-0.0056995972990989685,-0.00394282303750515,-0.0032564594876021147,-0.0039063612930476665,-0.003249944420531392,-0.0018674095626920462,-0.003448499133810401,-0.0009230058058165014,-0.0005988999037072062,-0.001961419126018882,-0.002720239805057645,-0.0031783084850758314,-0.005037455819547176,-0.0045012435875833035,-0.00036300066858530045,-0.0008111962815746665,-0.0008364060195162892
DHI,5,2026-04-07 14:45:00+00:00,10:45,-0.0008744723745621741,down,-0.00033973570680245757,0.0014790440909564495,-0.0030294249299913645,-0.0008731639245525002,-0.0032808103132992983,-0.005124006886035204,-0.009949940256774426,-0.007330199703574181,-0.007201428059488535,-0.006150508765131235,-0.004809785168617964,-0.003709197975695133,-0.0037367292679846287,-0.0019178339280188084,-0.004817630164325237,-0.0036886404268443584,0.001198380021378398,-0.0010433937422931194,-0.0032490324229002,-0.0029846641700714827,-0.0014302014606073499,-0.003077471861615777,-0.0034215834457427263,0.0003440982836764306,-0.005019174423068762,-0.0008744723745621741
TDY,5,2026-04-07 14:45:00+00:00,10:45,-0.0009015724644996226,down,-0.0038123636040836573,-0.0011608878849074244,-0.0032515749335289,-3.844958882837091e-06,-0.0006553191342391074,-0.0009076432907022536,-0.005209780298173428,-0.004602096974849701,-0.006451244466006756,-0.0048171645030379295,-0.002770167775452137,-0.0019986634142696857,-0.0022583683021366596,-0.0019492094870656729,-0.0024141755420714617,-0.0037250607274472713,-0.0008657037396915257,-0.0015598612371832132,-0.0017248272197321057,-0.0032079333905130625,-0.003088697325438261,-0.004809298552572727,-0.005350853316485882,-0.001414912287145853,-0.0043384600430727005,-0.0009015724644996226
RSG,5,2026-04-07 14:45:00+00:00,10:45,-0.0009035906405188143,down,-0.004715869203209877,-0.002828907687216997,-0.0018814944196492434,0.0003628241247497499,0.0016752047231420875,-0.000981094315648079,-0.0023774937726557255,-0.0024813893251121044,-0.003932971972972155,-0.0024999775923788548,-0.000505303789395839,-0.00048110721400007606,1.4593424566555768e-05,-0.000877890910487622,-0.0016738696722313762,-0.0017712472472339869,-0.0005508408066816628,-0.0007432810962200165,-0.00016121080261655152,0.0005178360152058303,-0.00029062540852464736,-0.002677742624655366,-0.0025044246576726437,-0.0005650085513480008,-0.002334214048460126,-0.0009035906405188143
STLD,5,2026-04-07 14:45:00+00:00,10:45,-0.000905131921172142,down,-0.002052613068372011,-0.000297151185804978,-0.002964111976325512,-0.0020730881951749325,-0.0020056625362485647,-0.003505236702039838,-0.003082064213231206,-0.001853311900049448,-0.0043508377857506275,-0.004241386894136667,-0.0012462029699236155,-0.0009043093887157738,0.0002222068578703329,0.0006435546674765646,-0.0009033467504195869,-0.0019711684435606003,0.0013256736565381289,0.0021415671799331903,-0.0007926290272735059,0.0016382798785343766,-0.0014827667037025094,-0.0030414678622037172,-0.004150466527789831,-0.00018214029842056334,-0.0038142602425068617,-0.000905131921172142
HPQ,5,2026-04-07 14:45:00+00:00,10:45,-0.0009101009927690029,down,-0.0037065392825752497,0.0018293722532689571,0.0005566619802266359,0.004091932903975248,0.002027834765613079,0.00520135834813118,0.002710270695388317,0.001820106292143464,-0.000646452943328768,-0.004553880542516708,-0.003255906980484724,-0.0016010742401704192,-0.0020494828931987286,0.000556200451683253,-0.0011131089413538575,-0.0007898790063336492,-0.0023838975466787815,-0.0017487371806055307,-0.001515019335784018,-0.0009164948714897037,0.0017203622264787555,-0.0014102163258939981,0.0009376241359859705,0.0022346298210322857,-0.00021486498008016497,-0.0009101009927690029
ALL,5,2026-04-07 14:45:00+00:00,10:45,-0.0009235319448634982,down,-0.004926546476781368,-0.003252101130783558,-0.0016125604743137956,-0.002221781527623534,-0.0011206568451598287,-0.0018437118269503117,-0.0047904374077916145,-0.003946409560739994,-0.003957874141633511,-0.0024092337116599083,-0.0017546367598697543,9.945171041181311e-05,-0.0004907852853648365,-0.0011517739621922374,-0.001400456647388637,-0.002011673292145133,0.0013857668964192271,0.0009807429742068052,7.851244299672544e-05,0.0005782024236395955,0.00014599419955629855,-0.0006631289725191891,-0.0020544002763926983,-0.00041395335574634373,-0.0032255835831165314,-0.0009235319448634982
COST,5,2026-04-07 14:45:00+00:00,10:45,-0.0009266802808269858,down,-0.00780582195147872,-0.006602175999432802,-0.005950707942247391,-0.0027979558799415827,0.00013251465861685574,-0.0019622088875621557,-0.0014287184458225965,-0.0031492705456912518,-0.004961381200700998,-0.003968412522226572,-0.0008926294394768775,-0.0023991090711206198,-0.0015458633424714208,-0.0015242714434862137,-0.001922041759826243,-0.0023435032926499844,-0.00027987928478978574,-0.0016589404549449682,-0.0009589958353899419,-0.0009316310752183199,-0.0009301875834353268,-0.0030036296229809523,-0.004566065035760403,-0.0022368496283888817,-0.003378436900675297,-0.0009266802808269858
CMS,5,2026-04-07 14:45:00+00:00,10:45,-0.0009977404261007905,down,-0.0026632421649992466,-0.0013016504235565662,-0.0032783998176455498,0.0005389692378230393,0.0009279812802560627,-0.0017899294616654515,-0.003795600263401866,-0.002819791669026017,-0.0027370702009648085,-0.0021449525374919176,-0.0002679195604287088,0.000552386452909559,-0.00034306998713873327,-0.000302133965305984,-0.0008514313376508653,-0.0014732035342603922,-0.0005231861141510308,-0.0013722702860832214,-0.001565375248901546,-0.0015064910985529423,-0.001971244113519788,-0.004943761508911848,-0.005068350117653608,-0.0025758352130651474,-0.0042150793597102165,-0.0009977404261007905
CSCO,5,2026-04-07 14:45:00+00:00,10:45,-0.0010046460665762424,down,-0.00034555347519926727,0.001262915087863803,-0.0006747950683347881,0.0009520755847916007,0.0027102886233478785,8.130092464853078e-05,-0.004594781436026096,-0.003355291672050953,-0.0028366795741021633,-0.00280202878639102,-0.0007136310450732708,0.0005271575064398348,-0.002528939861804247,1.2375596270430833e-05,-1.677490581641905e-05,-0.0006509025697596371,0.0003108624368906021,-0.00012660562060773373,-0.0019779407884925604,-0.0019439078168943524,-0.0023360163904726505,-0.003888264298439026,-0.004655131138861179,-0.0005752569995820522,-0.0034364673774689436,-0.0010046460665762424
NWS,5,2026-04-07 14:45:00+00:00,10:45,-0.0010129042202606797,down,0.0007670177728869021,0.0017787511460483074,0.0009150549303740263,0.003242264734581113,0.0022322179283946753,0.001799297984689474,8.390006405534223e-05,0.0009265771950595081,0.0003669171128422022,0.0007231885683722794,0.0026264656335115433,0.0031219732481986284,0.0017747165402397513,0.001164599321782589,0.0011602857848629355,0.0011438436340540648,0.002603670582175255,0.0017720566829666495,0.0019037019228562713,0.0021625158842653036,0.0010107241105288267,-0.00010693598596844822,-0.0012316686334088445,0.0013268551556393504,-0.0020035975612699986,-0.0010129042202606797
ISRG,5,2026-04-07 14:45:00+00:00,10:45,-0.0010449669789522886,down,-0.006541493348777294,-0.003898855997249484,-0.005607930943369865,-0.0010184596758335829,-0.0029313669074326754,-0.0056969961151480675,-0.005524215288460255,-0.004555413033813238,-0.0050264447927474976,-0.006038318388164043,-0.0032767029479146004,-0.0022313306108117104,-0.002948739333078265,-0.0039344169199466705,-0.005169855430722237,-0.004959858488291502,-0.0037560337223112583,-0.0026915851049125195,-0.004161070100963116,-0.004147668834775686,-0.004759777337312698,-0.006636333651840687,-0.006288088858127594,-0.0033623978961259127,-0.004902045242488384,-0.0010449669789522886
ROP,5,2026-04-07 14:45:00+00:00,10:45,-0.0010535332839936018,down,-0.0033289259299635887,-0.0035272850655019283,-0.003433430101722479,-0.001124843372963369,0.0011258021695539355,-0.0011456217616796494,-0.0022490955889225006,-0.00199438096024096,-0.0028350823558866978,-0.00422256626188755,-0.002333998214453459,-0.001617134315893054,-0.0016236471710726619,-0.0018854298396036029,-0.001995790284126997,-0.0031808284111320972,-0.0016463542124256492,-0.001053148414939642,-0.0017741650808602571,-0.0016251890920102596,-0.001218377728946507,-0.003527919063344598,-0.004133261274546385,-0.0012647239491343498,-0.002954545198008418,-0.0010535332839936018
MSCI,5,2026-04-07 14:45:00+00:00,10:45,-0.0010620251996442676,down,-0.0014946397859603167,0.0010990755399689078,0.000522520043887198,0.0021965326741337776,0.002362938830628991,0.0018666331889107823,-0.000907663896214217,-0.0015205976087599993,-0.0018188804388046265,-0.0016630708705633879,-0.0006605389644391835,0.0005992818041704595,0.0010409861570224166,0.0006121218320913613,0.00024301267694681883,-0.00014873254986014217,0.0005437928484752774,0.0005331688444130123,0.0003033967223018408,-0.0006641165819019079,-0.0019477579044178128,-0.002816690830513835,-0.003417981555685401,-0.0010544622782617807,-0.00252918410114944,-0.0010620251996442676
STZ,5,2026-04-07 14:45:00+00:00,10:45,-0.0010726373875513673,down,-0.003344491124153137,-0.0007338752038776875,-0.00388868129812181,-0.0028980111237615347,-0.0002653853443916887,-0.0031688720919191837,-0.0043802340514957905,-0.005061313509941101,-0.0046923174522817135,-0.0058813137002289295,-0.0045194425620138645,-0.0038715172559022903,-0.0053438120521605015,-0.004139237105846405,-0.00302330800332129,-0.0031689228489995003,-0.0016318249981850386,-0.0014623013557866216,-0.0030184907373040915,-0.0006929705268703401,-0.0009050098597072065,-0.0016515685711055994,-0.002432366134598851,0.00030510526266880333,-0.0012980649480596185,-0.0010726373875513673
HSY,5,2026-04-07 14:45:00+00:00,10:45,-0.0010858916211873293,down,-0.0033563256729394197,-0.0014641996240243316,-0.00165613426361233,-0.0018478770507499576,-0.00013036750897299498,-0.0030059032142162323,-0.005709987133741379,-0.005156966857612133,-0.005765413865447044,-0.003720197593793273,-0.0029501160606741905,-0.0022054025903344154,-0.002913524629548192,-0.0029247752390801907,-0.0023875050246715546,-0.00348174711689353,-0.0005735540762543678,-0.00038604094879701734,-0.0013295593671500683,-0.0012405265588313341,-0.0027016832027584314,-0.0032281933818012476,-0.003087380900979042,-0.0006210744031704962,-0.002561289118602872,-0.0010858916211873293
ALB,5,2026-04-07 14:45:00+00:00,10:45,-0.0010862193303182721,down,-0.0017082635313272476,0.001186536275781691,-0.005167472641915083,-0.004178115166723728,-0.005105489864945412,-0.007305081468075514,-0.011222959496080875,-0.007594994734972715,-0.008395202457904816,-0.005514100193977356,-0.0035897395573556423,-0.0023394818417727947,-0.0035661477595567703,-0.0034879352897405624,-0.005298673175275326,-0.0077525293454527855,-0.00554997380822897,-0.003791928756982088,-0.007527830079197884,-0.005929006263613701,-0.009455577470362186,-0.010968022979795933,-0.009696978144347668,-0.0015859996201470494,-0.0045434641651809216,-0.0010862193303182721
J,5,2026-04-07 14:45:00+00:00,10:45,-0.0010995946358889341,down,0.002531670033931732,0.005144255701452494,0.0038076776545494795,0.005878859665244818,0.007794590201228857,0.006294884718954563,0.004908284172415733,0.004050291609019041,0.005166283808648586,0.0033946973271667957,0.004309836775064468,0.0044752564281225204,0.002767302328720689,0.0014382784720510244,0.00234727724455297,0.0010691339848563075,0.0026352787390351295,0.0016644656425341964,0.0014462106628343463,0.0014829376013949513,-0.0007491270662285388,-0.0022265694569796324,-0.003989496733993292,-0.0011311729904264212,-0.0018019123235717416,-0.0010995946358889341
L,5,2026-04-07 14:45:00+00:00,10:45,-0.0011074176291003823,down,-0.0014501127880066633,0.0009919761214405298,0.0016360818408429623,0.0019223205745220184,0.004750460386276245,0.003827638691291213,0.0019273401703685522,0.001223942032083869,0.0024274997413158417,-1.3904918887419626e-06,0.001445811940357089,0.0020100807305425406,0.0013470301637426019,0.0016121524386107922,0.0017373160226270556,0.0015782380942255259,0.0020310652907937765,0.0006235074833966792,0.0004881496133748442,-0.00046888249926269054,-0.000268022995442152,-0.0016084627714008093,-0.0018184493528679013,-0.0003359518595971167,-0.0011360463686287403,-0.0011074176291003823
CAH,5,2026-04-07 14:45:00+00:00,10:45,-0.0011485842987895012,down,-0.004381759557873011,-0.0018579463940113783,-0.002597600920125842,-0.0005564822931773961,0.000541934568900615,-0.0008991752984002233,-0.002940938575193286,-0.002631227485835552,-0.0035307423677295446,-0.0028123026713728905,-0.00031734342337585986,-0.0009568218956701458,-0.001150722848251462,-0.0008929568575695157,-0.0009399212431162596,-0.0020828319247812033,0.00041322168544866145,0.0006539185415022075,0.00021678218035958707,-0.0006145525840111077,-0.0012879844289273024,-0.003695536172017455,-0.004146859981119633,-0.0014513198984786868,-0.001093924744054675,-0.0011485842987895012
FDS,5,2026-04-07 14:45:00+00:00,10:45,-0.001163393259048462,down,0.0029269892256706953,0.0030476341489702463,-5.422171307145618e-05,0.0031410048250108957,0.0032516231294721365,0.0022693872451782227,0.0008171722292900085,0.00046044689952395856,-0.003557752352207899,-0.0013121768133714795,-0.0025635731872171164,3.648210258688778e-05,-0.0010870086262002587,-0.0026530646719038486,-0.0036861542612314224,-0.004344820976257324,-0.00044449284905567765,-0.0018491224618628621,-0.0018655047751963139,-0.0007374845445156097,-0.0015176971210166812,-0.0037170920986682177,-0.0014862384414300323,-4.664859716285719e-06,-0.0005207560607232153,-0.001163393259048462
UNP,5,2026-04-07 14:45:00+00:00,10:45,-0.001208244008012116,down,-0.002204995835199952,4.822493428946473e-05,-0.0013812014367431402,0.0002494061482138932,0.001480604289099574,1.1266856745351106e-05,-0.001864067162387073,-0.0007585535058751702,-0.00041345777572132647,-0.00019851561228279024,0.0010834054555743933,0.0009561475599184632,0.000343179126502946,0.0007173027843236923,0.000625652086455375,-0.00014697723963763565,0.0006699531804770231,0.0009003519080579281,0.0006911478121764958,0.0011104604927822948,-0.0009808049071580172,-0.0017513242783024907,-0.0032894934993237257,-0.000457864924101159,-0.002915475517511368,-0.001208244008012116
ITW,5,2026-04-07 14:45:00+00:00,10:45,-0.0012350622564554214,down,-0.00034351693466305733,-0.0008886934956535697,0.00023063525441102684,0.0006953211850486696,0.0019186822464689612,-0.00017625662439968437,-0.00218556122854352,-0.0011647447245195508,-0.0009180779452435672,-0.0006362941931001842,0.0013199137756600976,0.0023879059590399265,0.0010645086877048016,0.0008078719838522375,0.0005926190060563385,0.0004237430985085666,0.002285761060193181,0.002678768942132592,0.0005026045255362988,0.0011080073891207576,-0.0018384886207059026,-0.0038521140813827515,-0.0031058944296091795,0.00030948236235417426,-0.0031653426121920347,-0.0012350622564554214
PNC,5,2026-04-07 14:45:00+00:00,10:45,-0.001254676841199398,down,-0.006804045755416155,-0.004023976158350706,-0.005245117004960775,-0.0024543043691664934,-0.0007176892249844968,-0.00328120612539351,-0.005032053682953119,-0.005535135045647621,-0.0062514073215425014,-0.007030143402516842,-0.0052724131383001804,-0.00580460112541914,-0.005744608584791422,-0.004964702762663364,-0.004403137136250734,-0.00466921366751194,-0.0019408100051805377,-0.002575839404016733,-0.002259613247588277,-0.0031951076816767454,-0.003203714732080698,-0.004866986069828272,-0.0060485973954200745,-0.002596379490569234,-0.00226601492613554,-0.001254676841199398
WM,5,2026-04-07 14:45:00+00:00,10:45,-0.0012914068065583706,down,-0.004492827225476503,-0.0022174001205712557,-0.001193406293168664,0.00015663016529288143,0.0016613982152193785,-7.624118006788194e-05,-0.0018714931793510914,-0.0015797007363289595,-0.0032821004278957844,-0.0019461506744846702,0.00081489363219589,0.0005720692570321262,0.00015586036897730082,-0.00018016586545854807,-0.0011461148969829082,-0.001821457059122622,-0.0018970868550240993,-0.001962603535503149,-1.7441723684896715e-05,-2.2555577743332833e-06,-0.0005121642025187612,-0.003029874060302973,-0.0023926275316625834,-0.001002090168185532,-0.0022552513983100653,-0.0012914068065583706
GPN,5,2026-04-07 14:45:00+00:00,10:45,-0.0013010211987420917,down,-0.003945147152990103,0.004587224684655666,-8.554044370612246e-07,0.0035143091809004545,-0.0010777892312034965,-0.0009393999935127795,-0.009019831195473671,-0.007616350427269936,-0.006725394632667303,-0.01150685828179121,-0.010653332807123661,-0.008696060627698898,-0.0026474460028111935,-0.001661379006691277,-0.0044095478951931,-0.006477963179349899,-0.0021902010776102543,-0.0042845625430345535,-0.0032778091263026,-0.006400204263627529,-0.00471572857350111,-0.004659562837332487,-0.004297954495996237,-0.0025749884080141783,-0.005966509226709604,-0.0013010211987420917
CVS,5,2026-04-07 14:45:00+00:00,10:45,-0.0013081742217764258,down,-0.0017992311622947454,-0.004598888568580151,-0.0076812803745269775,-0.004084991756826639,0.0028197052888572216,3.4893550036940724e-05,-0.008067801594734192,-0.005596910137683153,-0.007789861876517534,-0.004096475895494223,-0.001229482120834291,0.0030072235967963934,0.004612566437572241,0.007340079173445702,0.007796339225023985,0.004527152981609106,0.005058309528976679,0.004528627265244722,-0.0014692990807816386,-0.0009006683831103146,-0.003552611218765378,-0.004051832482218742,-0.010407672263681889,-0.001025308039970696,-0.006027055438607931,-0.0013081742217764258
TMUS,5,2026-04-07 14:45:00+00:00,10:45,-0.0013118794886395335,down,-1.1446900316514075e-07,0.001814614748582244,0.0017565760063007474,0.0033610870596021414,0.004974700044840574,0.00212417496368289,0.0017108296742662787,0.0035071871243417263,0.004440262448042631,0.0019977858755737543,0.0021852387581020594,0.0019271018682047725,0.0012066084891557693,0.0011537536047399044,0.0019446719670668244,0.0017516069347038865,0.001182999461889267,0.0014477137010544538,0.0009660880314186215,4.340022132964805e-05,-0.0004019955522380769,-0.0004375962889753282,-0.0013427704107016325,-0.00018323841504752636,-0.0010345019400119781,-0.0013118794886395335
GWW,5,2026-04-07 14:45:00+00:00,10:45,-0.0013411060208454728,down,-0.003182868007570505,-0.0012311487225815654,-0.003152000717818737,0.0007861842168495059,0.002060174709185958,0.000476703979074955,-0.00012723304098472,9.888490603771061e-05,-0.0012172918068245053,-5.852292451891117e-05,0.0017447544960305095,0.0015118273440748453,0.0012073415564373136,0.00153829506598413,0.00039093545638024807,-0.0004271877114661038,0.00103897659573704,0.00036675986484624445,0.0001801767502911389,-0.0002811073209159076,-0.0013903373619541526,-0.0018443104345351458,-0.003521017963066697,-0.0004414802242536098,-0.0024010140914469957,-0.0013411060208454728
IEX,5,2026-04-07 14:45:00+00:00,10:45,-0.0013564027613028884,down,-0.0005298664327710867,0.0024208789691329002,0.0005411218153312802,0.002385287545621395,0.0027703186497092247,0.0017321986379101872,-0.0009544558706693351,0.0003997325256932527,0.0005437562940642238,-0.0010508301202207804,-0.00019866600632667542,0.0010529484134167433,0.0005880165263079107,0.0011922441190108657,0.0007010663975961506,-0.0002108102198690176,0.0015876659890636802,0.0014830371364951134,0.0005008762236684561,-0.0005792136071249843,-0.0015061817830428481,-0.0022635816130787134,-0.0044436207972466946,-0.0006738818483427167,-0.0022217005025595427,-0.0013564027613028884
ORLY,5,2026-04-07 14:45:00+00:00,10:45,-0.0013757538981735706,down,-0.0031406558118760586,0.00017833826132118702,-3.9434431528206915e-05,0.000864061526954174,0.003272044938057661,0.0022230828180909157,-0.0005632464308291674,0.00015432151849381626,7.418554014293477e-05,-0.0006223911186680198,8.990191417979077e-05,0.0012671815929934382,0.00047865280066616833,0.0010009008692577481,0.0029912118334323168,0.001041779643855989,0.002386571140959859,0.001349111320450902,0.0017514529172331095,0.0025125008542090654,0.0023982059210538864,0.00031503746868111193,-0.00019164473633281887,0.0021478175185620785,-0.0003254031471442431,-0.0013757538981735706
MCO,5,2026-04-07 14:45:00+00:00,10:45,-0.0014035896165296435,down,-0.0037799940910190344,-0.001452804310247302,-0.0018858214607462287,0.0010585737181827426,-0.001066685887053609,-0.003324741031974554,-0.003865560982376337,-0.004396137315779924,-0.005234262906014919,-0.005450577940791845,-0.0019393102265894413,-0.0011317430762574077,-0.0026063285768032074,-0.004683570470660925,-0.004667522385716438,-0.005065434612333775,-0.0034359777346253395,-0.0026116310618817806,-0.0036300732754170895,-0.0033083618618547916,-0.002495979890227318,-0.005124369636178017,-0.003620573552325368,-0.0013291439972817898,-0.0025775721296668053,-0.0014035896165296435
WFC,5,2026-04-07 14:45:00+00:00,10:45,-0.001410569646395743,down,-0.005007390398532152,-0.0013466795207932591,-0.004293201956897974,-0.0013635578798130155,-0.00010746687621576712,-0.00029718023142777383,-0.002707026433199644,-0.0014492125483229756,-0.002231214428320527,-0.004036145284771919,-0.0008200401207432151,-0.0014529585605487227,-0.0012710419250652194,-9.647823026170954e-05,3.148437826894224e-05,-0.0007208184106275439,-0.0005385112017393112,-0.00250567146576941,-0.0014060200192034245,-0.00045407970901578665,-0.0007734764367341995,-0.0020318140741437674,-0.003909875638782978,-0.0009963787160813808,-0.0025949375703930855,-0.001410569646395743
MSFT,5,2026-04-07 14:45:00+00:00,10:45,-0.0014197963755577803,down,-0.007827118039131165,-0.009646373800933361,-0.011889535933732986,-0.009392098523676395,-0.011277545243501663,-0.015227190218865871,-0.015970425680279732,-0.015305077657103539,-0.014042343012988567,-0.012971424497663975,-0.010305468924343586,-0.010021030902862549,-0.00924449972808361,-0.011199834756553173,-0.009810118936002254,-0.008585743606090546,-0.009440905414521694,-0.0085414107888937,-0.008141343481838703,-0.007913494482636452,-0.00801024492830038,-0.013012866489589214,-0.01020845491439104,-0.008513193577528,-0.0056379749439656734,-0.0014197963755577803
VRSK,5,2026-04-07 14:45:00+00:00,10:45,-0.0014354027807712555,down,-7.79535184847191e-07,0.0009892733069136739,-0.0014443623367697,0.0007420743349939585,-0.0020224128384143114,-0.003964297007769346,-0.005763438530266285,-0.003391199978068471,-0.003787407884374261,-0.004039102233946323,-0.002773658139631152,-0.001587669481523335,-0.0028217732906341553,-0.0029671406373381615,-0.0035889651626348495,-0.003655635053291917,-0.004084822256118059,-0.002310546115040779,-0.003523413557559252,-0.0036207891535013914,-0.0045029837638139725,-0.00494722044095397,-0.0035721142776310444,-0.0005115580279380083,-0.0027719386853277683,-0.0014354027807712555
TSN,5,2026-04-07 14:45:00+00:00,10:45,-0.0014742444036528468,down,8.161830191966146e-05,0.004167590755969286,0.0026690401136875153,0.00303734396584332,0.004059677943587303,0.001339479349553585,0.00025799276772886515,-0.0011585642350837588,-0.0003460987063590437,-0.0008280867477878928,0.000985874212346971,0.0019589955918490887,0.002077587880194187,0.0017942129634320736,0.001576881855726242,0.0011209886288270354,0.0017836319748312235,0.001563363242894411,0.001700978958979249,0.0027382117696106434,0.0018118220614269376,0.0004853316058870405,-0.0005797988851554692,0.0016862766351550817,-0.0018100931774824858,-0.0014742444036528468
PH,5,2026-04-07 14:45:00+00:00,10:45,-0.0015074698021635413,down,-0.003933812491595745,-0.0025294942315667868,-0.005262389779090881,-0.001615552813746035,-0.0012321899412199855,-0.00369268492795527,-0.0058622583746910095,-0.0047960346564650536,-0.008289482444524765,-0.005959988106042147,-0.003609535051509738,-0.002845842856913805,-0.003104525851085782,-0.0029153688810765743,-0.0037563687656074762,-0.004970898851752281,-0.0027022543363273144,-0.0027612047269940376,-0.00293911574408412,-0.004446900449693203,-0.005270328838378191,-0.006260548252612352,-0.0075712683610618114,-0.0028314609080553055,-0.006075406447052956,-0.0015074698021635413
KO,5,2026-04-07 14:45:00+00:00,10:45,-0.0015538528095930815,down,0.0006207724800333381,0.0032351049594581127,0.0028467180673033,0.003778940299525857,0.006761090364307165,0.003725983900949359,6.152734567876905e-05,0.00014328854740597308,0.0005295483861118555,-4.848802927881479e-05,0.0022709693294018507,0.0013098977506160736,-0.0009114995482377708,0.000770981831010431,0.0005677092121914029,0.0010844405042007565,0.0002593147219158709,0.0005594755057245493,0.0004603657580446452,0.0007301211007870734,0.0002487976453267038,-1.711831646389328e-05,-0.0006154534057714045,0.0009923843899741769,-0.0020865797996520996,-0.0015538528095930815
AVB,5,2026-04-07 14:45:00+00:00,10:45,-0.0015823274152353406,down,-0.0030497254338115454,-0.0003754065546672791,-0.000102608697488904,0.002554511884227395,0.005013588350266218,0.0016085195820778608,-0.0019738497212529182,-7.265916792675853e-05,0.0006324442219920456,-3.6865330912405625e-06,0.0031179541256278753,0.004218359012156725,0.003739065956324339,0.003665458643808961,0.002895053941756487,0.0019488655962049961,0.0029769449029117823,0.002101898891851306,0.0016166134737432003,0.0011814956087619066,0.0005762357614003122,-0.0020926983561366796,-0.0030207799281924963,-0.000605059030931443,0.00012130512186558917,-0.0015823274152353406
NI,5,2026-04-07 14:45:00+00:00,10:45,-0.0015996865695342422,down,-0.003871731925755739,-0.0005671199760399759,-0.0014687548391520977,-0.0003665948170237243,0.0009445145260542631,0.00022143097885418683,-0.0017938058590516448,-0.0016634396743029356,-1.7763512005330995e-05,-0.00020193991076666862,0.0020022252574563026,0.0019200240494683385,-0.000209493373404257,0.001360022695735097,0.000736745772883296,0.0001707764167804271,0.0011723496718332171,0.0016566133126616478,0.0009201782522723079,0.0020429533906280994,0.0009480334119871259,-0.0017665117047727108,-0.0027646804228425026,-7.154371269280091e-05,-0.0023575476370751858,-0.0015996865695342422
MAR,5,2026-04-07 14:45:00+00:00,10:45,-0.0016588140279054642,down,-0.004620633088052273,-0.0038385263178497553,-0.005046401172876358,-0.0022623466793447733,-0.0010340433800593019,-0.003770853392779827,-0.00480456929653883,-0.005197552498430014,-0.00657296646386385,-0.0070344144478440285,-0.0047376640141010284,-0.003529095556586981,-0.0047345636412501335,-0.005669360049068928,-0.005328617990016937,-0.006319029256701469,-0.004162056837230921,-0.003524480853229761,-0.004451687913388014,-0.0034909553360193968,-0.002423627767711878,-0.006733308080583811,-0.006740781478583813,-0.004433509428054094,-0.005557517521083355,-0.0016588140279054642
HOOD,5,2026-04-07 14:45:00+00:00,10:45,-0.0016726476605981588,down,-0.010419199243187904,-0.007352587766945362,-0.015934238210320473,-0.012630914337933064,-0.012366672977805138,-0.010364976711571217,-0.016149725764989853,-0.01431221142411232,-0.016494007781147957,-0.014802984893321991,-0.01208702102303505,-0.007521844934672117,-0.0011949569452553988,-0.0035517201758921146,-0.005587342660874128,-0.007078466471284628,-0.0014643020695075393,-0.0033933527301996946,-0.0035974245984107256,-0.002365563530474901,-0.006438296753913164,-0.0107898423448205,-0.012917736545205116,-0.0039057263638824224,-0.0059204911813139915,-0.0016726476605981588
FOXA,5,2026-04-07 14:45:00+00:00,10:45,-0.00168176693841815,down,-0.0026895031332969666,0.0005950077320449054,0.0006733761983923614,0.001238546334207058,0.002444087527692318,0.0015915463445708156,0.0013635854702442884,6.67724889353849e-05,0.00035487039713189006,-0.0018414647784084082,0.0005104136653244495,0.0010212993947789073,0.000505827134475112,0.0009024442988447845,0.0011568318586796522,-0.00048395153135061264,0.00015454611275345087,0.0003599929914344102,-0.0006739706732332706,0.00027695632888935506,-0.0011991370702162385,-0.0030683057848364115,-0.00441642664372921,-0.0014408058486878872,-0.0024602478370070457,-0.00168176693841815
LVS,5,2026-04-07 14:45:00+00:00,10:45,-0.0017277715960517526,down,-0.003994181286543608,-0.001637772424146533,-0.0025009426753968,-0.00010626098810462281,0.0009728320874273777,-0.0001902310032164678,-0.0033420929685235023,-0.003011499997228384,-0.002920866012573242,-0.002805321477353573,-0.001570835360325873,-0.0016199881210923195,-0.0009400907438248396,-0.0014157978584989905,-0.0014618296409025788,-0.002919412450864911,0.00046839044080115855,-0.00041149769094772637,-0.0010061563225463033,-0.0010565960546955466,-0.002037357073277235,-0.0036638816818594933,-0.003998792730271816,-0.0027010447811335325,-0.0034145612735301256,-0.0017277715960517526
STX,5,2026-04-07 14:45:00+00:00,10:45,-0.0017400381620973349,down,-0.013557950966060162,-0.013931131921708584,-0.01958625763654709,-0.011991332285106182,-0.019599024206399918,-0.02307376265525818,-0.024771742522716522,-0.01131149847060442,-0.011124834418296814,-0.007857806980609894,-0.005982508882880211,-0.0055153630673885345,-0.004645641893148422,-0.003167294431477785,-0.005137514788657427,-0.005716125480830669,-0.006684023886919022,-0.008039823733270168,-0.011901110410690308,-0.013084638863801956,-0.01487799547612667,-0.019794926047325134,-0.021436549723148346,-0.014055847190320492,-0.012517992407083511,-0.0017400381620973349
EBAY,5,2026-04-07 14:45:00+00:00,10:45,-0.0017706818180158734,down,-0.004869949538260698,-0.0010765527840703726,-0.0025640311650931835,0.0005294080474413931,0.0020433678291738033,0.0014743058709427714,-0.0013922600774094462,-0.0010659316321834922,-0.005833740346133709,-0.005106077995151281,-0.0019472070271149278,-0.0014721454354003072,-0.000928792345803231,-0.0007287281332537532,-0.00043160165660083294,-0.0016469969414174557,0.0003236191696487367,-0.00039389883750118315,-0.0011747876415029168,-0.00046878421562723815,-0.0021485425531864166,-0.0026397043839097023,-0.0027433785144239664,0.0012201658682897687,-0.000838517677038908,-0.0017706818180158734
PPL,5,2026-04-07 14:45:00+00:00,10:45,-0.0018147332593798637,down,-0.0019461086485534906,-0.0009958915179595351,-0.002482549985870719,0.0011168420314788818,0.00249870284460485,-0.0006552860722877085,-0.0033567326609045267,-0.004285197239369154,-0.004803918302059174,-0.004125234205275774,-0.0030198106542229652,-0.001932879793457687,-0.0019671423360705376,-0.0021383657585829496,-0.0024417107924818993,-0.002548912074416876,-0.0010290683712810278,-0.001597965252585709,-0.0008666349458508193,-0.00044903295929543674,-0.00018160082981921732,-0.003077892819419503,-0.0016052658902481198,9.034667527885176e-06,-0.0012283145915716887,-0.0018147332593798637
ORCL,5,2026-04-07 14:45:00+00:00,10:45,-0.0018196111777797341,down,-0.013736297376453876,-0.013157011941075325,-0.016237998381257057,-0.014311622828245163,-0.011336245574057102,-0.010887128300964832,-0.01438882201910019,-0.013022794388234615,-0.013154004700481892,-0.012392518110573292,-0.007301981560885906,-0.007778548169881105,-0.0061052106320858,-0.00585213815793395,-0.00807554554194212,-0.00877788383513689,-0.0060797142796218395,-0.0069076321087777615,-0.005081320181488991,-0.007111756131052971,-0.006156940944492817,-0.009419077076017857,-0.008228526450693607,-0.002923723077401519,-0.0058113341219723225,-0.0018196111777797341
O,5,2026-04-07 14:45:00+00:00,10:45,-0.001824474660679698,down,-0.005304684862494469,-0.0029873440507799387,-0.003226190572604537,-0.002048570429906249,0.0009770586621016264,-0.00018044748867396265,-0.0015154595021158457,-0.0018646763637661934,-0.0017165824538096786,-0.002618269296362996,-0.00015180621994659305,-0.0014604340540245175,-0.0017362992512062192,-0.002328178146854043,-0.002544826129451394,-0.003064144868403673,-0.001215562573634088,-0.0006301631219685078,-0.0003322721750009805,-0.0006118181045167148,-0.0005672270199283957,-0.0024025358725339174,-0.002573122037574649,-0.0013569069560617208,-0.002339219441637397,-0.001824474660679698
KKR,5,2026-04-07 14:45:00+00:00,10:45,-0.0018284484976902604,down,-0.005021499935537577,-0.004059820435941219,-0.006226284429430962,-0.003016797360032797,-0.003907616250216961,-0.005086813122034073,-0.010846053250133991,-0.007518828846514225,-0.006908038165420294,-0.007785498630255461,-0.006296166684478521,-0.005216522607952356,-0.005118136294186115,-0.0026694040279835463,-0.001790675800293684,-0.004215695429593325,-0.0011117598041892052,-0.0019367557251825929,-0.0023622908629477024,-0.0035679691936820745,-0.0024915903341025114,-0.003847479820251465,-0.0068383063189685345,0.0001733213575789705,-0.0020910738967359066,-0.0018284484976902604
EME,5,2026-04-07 14:45:00+00:00,10:45,-0.001846288563683629,down,-0.0009042455349117517,0.0014078383101150393,-0.003250088542699814,0.0023146995808929205,-0.0003526389191392809,-0.0012173571158200502,-0.003324741730466485,-0.0009812603238970041,-0.002463210141286254,3.494956763461232e-05,0.0010116500779986382,0.0028532291762530804,0.0006850612699054182,0.000133313616970554,-0.002557651372626424,-0.002439545001834631,-0.0029862469527870417,-0.0037815214600414038,-0.002252527279779315,-0.004143739119172096,-0.0021292848978191614,-0.0037294405046850443,-0.0018254303140565753,0.0007285832543857396,-0.0012432080693542957,-0.001846288563683629
OXY,5,2026-04-07 14:45:00+00:00,10:45,-0.00185260025318712,down,0.001625816454179585,0.0012262952513992786,-0.0005266304942779243,0.0019448339007794857,0.0003098989836871624,-0.0003237299679312855,-0.0039255209267139435,-0.004569824319332838,-0.0041233692318201065,-0.005572557915002108,-0.004348122980445623,-0.005771013908088207,-0.008802497759461403,-0.007860299199819565,-0.0035050436854362488,-0.0054927244782447815,-0.006033678539097309,-0.0053453887812793255,-0.0044916169717907906,-0.003928112797439098,-0.004032401833683252,-0.0052624656818807125,-0.0052879308350384235,-0.0011626414489001036,-0.002512790961191058,-0.00185260025318712
EL,5,2026-04-07 14:45:00+00:00,10:45,-0.0018801388796418905,down,-0.007828539237380028,0.00420750118792057,-0.002361782593652606,-0.0027864582370966673,-0.0068015530705451965,-0.00558210164308548,-0.01955181360244751,-0.01736951246857643,-0.014631582424044609,-0.01815655827522278,-0.016017671674489975,-0.011957787908613682,-0.007706273812800646,-0.006792271044105291,-0.009338864125311375,-0.012353485450148582,-0.009680330753326416,-0.007256828248500824,-0.008258264511823654,-0.009083345532417297,-0.009028799831867218,-0.009697921574115753,-0.008899282664060593,-0.002289419062435627,-0.005430868826806545,-0.0018801388796418905
BKR,5,2026-04-07 14:45:00+00:00,10:45,-0.001886017736978829,down,-0.000424826517701149,-0.0007329544168896973,-0.005578187294304371,-0.004291406832635403,-0.007180775515735149,-0.007059818133711815,-0.010746427811682224,-0.006607349030673504,-0.007016877178102732,-0.006425844039767981,-0.0054045929573476315,-0.004298088606446981,-0.00366961513645947,-0.00327574135735631,-0.002518665511161089,-0.00399656081572175,-0.002349566202610731,-0.0017696161521598697,-0.004229466896504164,-0.006289916578680277,-0.0061175101436674595,-0.007641807664185762,-0.007698106113821268,-0.003725510323420167,-0.007974876090884209,-0.001886017736978829
LIN,5,2026-04-07 14:45:00+00:00,10:45,-0.0019055260345339775,down,-0.007705040276050568,-0.00416287686675787,-0.005911082495003939,-0.002902104053646326,-0.0009756390936672688,-0.0036318607162684202,-0.0047514596953988075,-0.007189568597823381,-0.008850340731441975,-0.00820795726031065,-0.005668184719979763,-0.005366147495806217,-0.005041211377829313,-0.00491633266210556,-0.003851386019960046,-0.004568055272102356,-0.0015834055375307798,-0.0022526064421981573,-0.002288391813635826,-0.002532356884330511,-0.0023525585420429707,-0.004985957406461239,-0.006613072473555803,-0.004668825771659613,-0.004329834599047899,-0.0019055260345339775
TTWO,5,2026-04-07 14:45:00+00:00,10:45,-0.0019145032856613398,down,-0.002648682100698352,-0.002217243891209364,-0.0022830709349364042,-0.001273004338145256,-0.0017219745786860585,-0.0035955545026808977,-0.005297554191201925,-0.00360666261985898,-0.004033082164824009,-0.005245890002697706,-0.003630102379247546,-0.002360663376748562,-0.0035524158738553524,-0.003939087502658367,-0.003871734719723463,-0.0038886982947587967,-0.0014445005217567086,-6.32091032457538e-05,-0.003070517210289836,-0.0021190757397562265,-0.0026842982042580843,-0.0029867482371628284,-0.004591630306094885,-0.003232309827581048,-0.004584630019962788,-0.0019145032856613398
CINF,5,2026-04-07 14:45:00+00:00,10:45,-0.0019237229134887457,down,0.00021055799152236432,0.003158582141622901,0.0006397272809408605,0.0037691225297749043,0.004344568122178316,0.002571831224486232,0.00030379905365407467,0.0012940269662067294,0.0020757548045367002,0.0010082542430609465,0.0024367475416511297,0.0026198469568043947,0.00269578886218369,0.0024422158021479845,0.0020354515872895718,0.0020166148897260427,0.0034287802409380674,0.0017163314623758197,0.0013169226003810763,0.0007822820916771889,-0.000802729104179889,-0.0018622680800035596,-0.004118015058338642,-0.0007647895836271346,-0.004206693731248379,-0.0019237229134887457
TROW,5,2026-04-07 14:45:00+00:00,10:45,-0.001947786775417626,down,-0.0049457913264632225,-0.004850464873015881,-0.005273046903312206,-0.0050211031921207905,-0.002713938243687153,-0.003738457802683115,-0.009159884415566921,-0.008965272456407547,-0.009009918197989464,-0.009423560462892056,-0.007442291360348463,-0.007224403787404299,-0.006475792266428471,-0.004525043070316315,-0.003903311677277088,-0.0057676443830132484,-0.003421412082388997,-0.003829699009656906,-0.0032929040025919676,-0.003784247674047947,-0.001962902257218957,-0.0034944561775773764,-0.0040231868624687195,-0.0010233473731204867,-0.0015719938091933727,-0.001947786775417626
OMC,5,2026-04-07 14:45:00+00:00,10:45,-0.001979998778551817,down,-0.0005085067823529243,0.0012175478041172028,7.30778047000058e-05,0.0028428586665540934,0.002134994138032198,0.00032283563632518053,-0.00017596164252609015,-0.0027983475010842085,-0.0018421831773594022,-0.002252573613077402,-0.00047138219815678895,0.003441903041675687,0.0006955281714908779,0.0015628546243533492,0.0018276668852195144,-0.0015698879724368453,0.002059414517134428,0.0007646883022971451,0.00033544772304594517,-7.078338239807636e-05,-0.0013279811246320605,-0.004467799328267574,-0.004804049152880907,-0.00030253935256041586,-0.004117860458791256,-0.001979998778551817
AJG,5,2026-04-07 14:45:00+00:00,10:45,-0.0020151128992438316,down,-0.0027020859997719526,-0.000964216364081949,-0.002663705497980118,-0.0007289000204764307,-0.0019244898576289415,-0.0035727801732718945,-0.006227338220924139,-0.0040062423795461655,-0.005494009703397751,-0.004221133887767792,-0.002586943097412586,-0.0024822757113724947,-0.002549424534663558,-0.0017749887192621827,-0.0022378377616405487,-0.0028791502118110657,-0.0013326741755008698,-0.0014999295817688107,-0.002252299804240465,-0.003073030849918723,-0.0029802299104630947,-0.004734221380203962,-0.004655694123357534,-0.0018000807613134384,-0.0036579982843250036,-0.0020151128992438316
EXC,5,2026-04-07 14:45:00+00:00,10:45,-0.002026590285822749,down,-0.0032292448449879885,0.00116926955524832,8.655116835143417e-05,0.0019026773516088724,0.0028709496837109327,0.0015920549631118774,6.832822691649199e-05,3.8262398447841406e-05,0.00045428192242980003,0.0003133743302896619,0.0027495292015373707,0.0021948423236608505,0.0009333556517958641,0.0010903425281867385,9.459193097427487e-05,-0.0001601829717401415,0.001206011394970119,0.0012882063165307045,0.0007897361647337675,0.002059750258922577,0.0007377337897196412,-0.0012134022545069456,-0.0019747712649405003,0.00118336733430624,-0.0005131693324074149,-0.002026590285822749
RF,5,2026-04-07 14:45:00+00:00,10:45,-0.0020533765200525522,down,-0.004092036746442318,-0.000481187627883628,-0.001332893967628479,-0.0003443437453825027,0.00019206464639864862,0.00012636389874387532,-0.0026389022823423147,-0.0029322090558707714,-0.003951507154852152,-0.00397185143083334,-0.001281323260627687,-0.0026079420931637287,-0.002278547966852784,-0.0021419976837933064,-0.0011351379798725247,-0.0018085869960486889,-0.0020272668916732073,-0.002207461278885603,-0.0023632796946913004,-0.0009998774621635675,-0.0018853610381484032,-0.003711666679009795,-0.003835109993815422,-0.0008041408145800233,-0.0021365631837397814,-0.0020533765200525522
CRWD,5,2026-04-07 14:45:00+00:00,10:45,-0.002080724574625492,down,-0.006801380310207605,-0.00867251493036747,-0.012814261950552464,-0.008050873875617981,-0.012296018190681934,-0.014935518614947796,-0.017316553741693497,-0.011210973374545574,-0.012115180492401123,-0.01023735012859106,-0.007069401443004608,-0.0051489779725670815,-0.003669887548312545,-0.004608611576259136,-0.006741267628967762,-0.007089200895279646,-0.0047082556411623955,-0.007484781555831432,-0.008423267863690853,-0.01122361235320568,-0.01027868501842022,-0.009525281377136707,-0.002345632528886199,-0.0004968747380189598,-0.0004879020852968097,-0.002080724574625492
TXN,5,2026-04-07 14:45:00+00:00,10:45,-0.0021061303559690714,down,-0.004220876842737198,-0.0021939713042229414,-0.003922017756849527,-0.003079553134739399,-0.0038137766532599926,-0.00575850298628211,-0.006438372191041708,-0.005263962782919407,-0.006162839010357857,-0.005989317782223225,-0.004483393393456936,-0.00394505076110363,-0.004409635905176401,-0.004993585869669914,-0.004743458703160286,-0.004937644582241774,-0.004649268463253975,-0.0034217273350805044,-0.005480398889631033,-0.004723307676613331,-0.005360562354326248,-0.00700622471049428,-0.006998500786721706,-0.0039316401816904545,-0.004796652588993311,-0.0021061303559690714
MNST,5,2026-04-07 14:45:00+00:00,10:45,-0.0021114982664585114,down,0.00034165222314186394,0.0030621278565376997,0.0017874259501695633,0.0025628190487623215,0.006044221110641956,0.003162760054692626,-0.000832564604934305,-0.0012307636206969619,-6.878643034724519e-05,-0.0022456746082752943,0.00019203877309337258,0.0016612098552286625,-0.0004052315198350698,0.0013308781199157238,-0.00035165302688255906,-0.0013026760425418615,0.001883031101897359,0.0019251176854595542,0.00033817507210187614,0.0010532414307817817,0.000731597829144448,9.95205991785042e-05,-0.001969392877072096,0.0016785480547696352,-0.0004891185672022402,-0.0021114982664585114
HUBB,5,2026-04-07 14:45:00+00:00,10:45,-0.0021177937742322683,down,-0.0009016605326905847,0.0007963330135680735,-0.001384281786158681,0.0012416072422638535,0.00027959997532889247,-0.0009397833491675556,-0.0036397173535078764,-0.003701976267620921,-0.0054475488141179085,-0.0060045174323022366,-0.003709112759679556,-0.0021991743706166744,-0.0017137782415375113,-0.0010179753880947828,-0.0018751824973151088,-0.002448625862598419,0.0001307464699493721,-0.000757141038775444,-0.0005171200609765947,-0.0027850745245814323,-0.00335307652130723,-0.004603599198162556,-0.004899214021861553,-7.88184188422747e-05,-0.0037230991292744875,-0.0021177937742322683
AMCR,5,2026-04-07 14:45:00+00:00,10:45,-0.0021265556570142508,down,-0.00566257955506444,-0.0006992860580794513,-0.001425594906322658,-0.000674950482789427,-0.0015289555303752422,-0.0037618600763380527,-0.006459124386310577,-0.007614238187670708,-0.007317588198930025,-0.007779686711728573,-0.008181553333997726,-0.006684489082545042,-0.005196438170969486,-0.005299858748912811,-0.0055707604624331,-0.005175941623747349,-0.004069542977958918,-0.005921539850533009,-0.00268361228518188,-0.003164704190567136,-0.0021640167105942965,-0.003423901740461588,-0.0030114257242530584,0.000217053311644122,-0.0020048378501087427,-0.0021265556570142508
PNW,5,2026-04-07 14:45:00+00:00,10:45,-0.0021271659061312675,down,-0.0006664065876975656,0.0003011173103004694,-0.00033369287848472595,0.0005437497748062015,0.003953300416469574,0.0025275570806115866,0.0013015986187383533,8.830989827401936e-05,0.002259686356410384,0.0002698978059925139,0.0018929458456113935,0.0021662251092493534,0.0015666305553168058,0.0012295885244384408,0.000431220221798867,0.0006524066557176411,0.0013050615089014173,0.0009952549589797854,0.0010365934576839209,0.000996441813185811,0.00036643026396632195,-0.001561186509206891,-0.0020359857007861137,-0.0005610011867247522,-0.001533697359263897,-0.0021271659061312675
NVR,5,2026-04-07 14:45:00+00:00,10:45,-0.002262860769405961,down,0.0014085453003644943,0.004512416664510965,0.0005759451305493712,0.0028096565511077642,0.0014245443744584918,-0.0015309939626604319,-0.0025778210256248713,-0.001901229377835989,-0.004137742333114147,-0.0029860909562557936,-0.0015761946560814977,0.000470357364974916,-0.0008762446814216673,-0.0009137986926361918,-0.0021047580521553755,-0.0027261872310191393,-0.0005108217592351139,-0.0001652752107474953,-0.0010697250254452229,0.0001730077201500535,-0.0009535412536934018,-0.0015560451429337263,-0.0031823008321225643,-0.001639306079596281,-0.004785757511854172,-0.002262860769405961
DD,5,2026-04-07 14:45:00+00:00,10:45,-0.0023028303403407335,down,-0.006552115548402071,-0.003987845499068499,-0.004349524155259132,-0.0016879569739103317,-0.0025777576956897974,-0.004998823162168264,-0.008506030775606632,-0.007225253619253635,-0.008100975304841995,-0.006032303906977177,-0.0048918589018285275,-0.0037389916833490133,-0.003552487352862954,-0.0029569482430815697,-0.004727729596197605,-0.005933100823312998,-0.0020101661793887615,-0.004339335020631552,-0.0053673856891691685,-0.004573616199195385,-0.004097135737538338,-0.007180767599493265,-0.006592596881091595,-0.002539415145292878,-0.004794971086084843,-0.0023028303403407335
PGR,5,2026-04-07 14:45:00+00:00,10:45,-0.0023095763754099607,down,-0.0042932042852044106,-0.002523444127291441,-0.0021105357445776463,-0.0010910910787060857,-0.0005780905485153198,-0.0040331375785171986,-0.005300615914165974,-0.004880769643932581,-0.004346130415797234,-0.005201953928917646,-0.003802273888140917,-0.003248642198741436,-0.003839867888018489,-0.003279907861724496,-0.003335842862725258,-0.004147988278418779,-0.0016488688997924328,-0.001566799939610064,-0.002243421971797943,-0.0026442604139447212,-0.003472118405625224,-0.004948761779814959,-0.005624363664537668,-0.0027989372611045837,-0.0030909189954400063,-0.0023095763754099607
NWSA,5,2026-04-07 14:45:00+00:00,10:45,-0.002364233136177063,down,4.147173967794515e-05,0.00027333194157108665,0.0011580769205465913,0.0010133838513866067,0.0013771959347650409,-0.0012280655791983008,-0.002067574765533209,-0.002219568006694317,-0.001354652107693255,-0.0017958348616957664,-0.00045698878238908947,0.00045785409747622907,-0.0006582833593711257,-0.0005419420776888728,-0.00010777439456433058,-0.00046138797188177705,0.001340678776614368,0.0004904691595584154,0.0009229241986759007,0.0006498855073004961,0.00017868679424282163,-0.0012910832883790135,-0.0015541022876277566,-5.354068707674742e-05,-0.002879271749407053,-0.002364233136177063
SW,5,2026-04-07 14:45:00+00:00,10:45,-0.002389963949099183,down,-0.004822849296033382,0.0009933236287906766,0.00021987735817674547,0.0031114828307181597,-0.0006199954077601433,-0.0017658984288573265,-0.006413360591977835,-0.0063696205615997314,-0.00483182817697525,-0.007446574978530407,-0.0057357619516551495,-0.0050530508160591125,-0.0058470675721764565,-0.005121627822518349,-0.004820475820451975,-0.003905894700437784,-0.0028824005275964737,-0.003238954348489642,-0.003953536972403526,-0.003039861563593149,-0.0010245717130601406,-0.002896510297432542,-0.0011916715884581208,0.0026004763785749674,-0.0010826006764546037,-0.002389963949099183
EVRG,5,2026-04-07 14:45:00+00:00,10:45,-0.0023988457396626472,down,-0.005142727866768837,-0.0035637470427900553,-0.004516524728387594,-0.00136189057957381,-0.0010017824824899435,-0.003202233463525772,-0.004815172404050827,-0.0032111809123307467,-0.003528277389705181,-0.003183929016813636,-0.0003336776571813971,-0.0003325881261844188,-0.0012986778747290373,-0.00048754841554909945,-0.001403158181346953,-0.0032984947320073843,-0.0011822651140391827,-0.001491992617957294,-0.0016949379350990057,-0.001493758289143443,-0.002576981671154499,-0.0059598213993012905,-0.00493032019585371,-0.0024796267971396446,-0.0028083459474146366,-0.0023988457396626472
DECK,5,2026-04-07 14:45:00+00:00,10:45,-0.0024116151034832,down,-0.0009958738228306174,0.0024507229682058096,-0.0017698440933600068,-0.00019444336066953838,-0.0024421990383416414,-0.0027070045471191406,-0.006338211242109537,-0.004948887508362532,-0.006184487137943506,-0.007305588107556105,-0.006267905235290527,-0.004915477242320776,-0.0025937692262232304,-0.001472826232202351,-0.003874249290674925,-0.004266927484422922,-0.0024964124895632267,-0.004672798328101635,-0.006063489243388176,-0.0071617732755839825,-0.0061638085171580315,-0.006180677097290754,-0.007380846422165632,-0.0012280440423637629,-0.005609131883829832,-0.0024116151034832
MRSH,5,2026-04-07 14:45:00+00:00,10:45,-0.002443396719172597,down,-0.004415855277329683,-0.0009978075977414846,-0.0019685898441821337,-0.0006507736397907138,0.0006305771530605853,-0.0017720555188134313,-0.0034218747168779373,-0.004063926637172699,-0.0057385871186852455,-0.003970882389694452,-0.0019292072393000126,-0.0006693966570310295,-0.0016712681390345097,-0.0025778375566005707,-0.002771252067759633,-0.0032222371082752943,-0.002433034824207425,-0.0021077939309179783,-0.0031892419792711735,-0.0027701526414602995,-0.0034543215297162533,-0.005955430679023266,-0.005328124854713678,-0.0032800654880702496,-0.003639581147581339,-0.002443396719172597
TPR,5,2026-04-07 14:45:00+00:00,10:45,-0.002457435941323638,down,-0.004502824041992426,-0.0014305789954960346,-0.005310633685439825,-0.0043864864856004715,-0.0065937405452132225,-0.006594995968043804,-0.011475035920739174,-0.009417667053639889,-0.009431547485291958,-0.010431609116494656,-0.009077861905097961,-0.006811004132032394,-0.004949360154569149,-0.005506847985088825,-0.006790445651859045,-0.0056905741803348064,-0.0034801664296537638,-0.0033408612944185734,-0.00425639096647501,-0.004828185774385929,-0.0057003735564649105,-0.006228790618479252,-0.005031595006585121,-0.0003072838007938117,-0.003657315857708454,-0.002457435941323638
AEE,5,2026-04-07 14:45:00+00:00,10:45,-0.002485990757122636,down,-0.0030477314721792936,-0.0010262101422995329,-5.918739589105826e-06,0.0034585418179631233,0.004075150471180677,0.003283727215602994,0.002962643513455987,0.0006260067457333207,0.0017283285269513726,0.0012859415728598833,0.003879786003381014,0.004306359216570854,0.003941838629543781,0.0020291833207011223,0.001302222372032702,0.0015103762270882726,0.0020755769219249487,0.001333817606791854,0.0003989165124949068,0.0007198572275228798,-0.0001953965547727421,-0.0023226956836879253,-0.0027025549206882715,-0.0011523455614224076,-0.001846942468546331,-0.002485990757122636
HSIC,5,2026-04-07 14:45:00+00:00,10:45,-0.0025141872465610504,down,0.0010706712491810322,0.0008770893327891827,-0.0007336924318224192,-0.0003934859996661544,0.0006277121137827635,-0.0017230170778930187,-0.004753579385578632,-0.004472681321203709,-0.006793878972530365,-0.008677954785525799,-0.0072183567099273205,-0.007970686070621014,-0.008024493232369423,-0.007324539590626955,-0.005926401820033789,-0.007682398427277803,-0.0058389282785356045,-0.004367981571704149,-0.005314479116350412,-0.0068297493271529675,-0.005925413221120834,-0.00685997074469924,-0.005998636595904827,-0.0010222865967079997,-0.003124697832390666,-0.0025141872465610504
ED,5,2026-04-07 14:45:00+00:00,10:45,-0.0025166391860693693,down,-0.004439055919647217,-0.0025182014796882868,-0.0022981534712016582,-0.0002840851084329188,0.002110630739480257,0.0008742953068576753,-0.0014222846366465092,-0.001274250214919448,-0.00021960848243907094,-2.418594158370979e-05,0.002252140548080206,0.002758098766207695,0.002556329593062401,0.0008248314843513072,0.000920747930649668,0.0011451879981905222,0.0016318176640197635,0.0006773181376047432,0.00060653017135337,0.0005365360993891954,8.721232006791979e-05,-0.0026807268150150776,-0.0031297735404223204,-0.0023591513745486736,-0.0034702452830970287,-0.0025166391860693693
TGT,5,2026-04-07 14:45:00+00:00,10:45,-0.0025206550490111113,down,-0.0037369246128946543,0.00427012424916029,-0.0004817431326955557,0.0017090517794713378,-5.012697874917649e-05,-0.0023880412336438894,-0.00577839370816946,-0.004105864092707634,-0.004687934648245573,-0.008643709123134613,-0.0035097934305667877,-0.0019337328849360347,-0.002072706585749984,-0.0011266042711213231,-0.0016227331943809986,-0.000569326221011579,-0.0022564269602298737,-0.0019563157111406326,-0.00297736469656229,-0.0038890636060386896,-0.002503026742488146,-0.00426357751712203,-0.000583269284106791,0.00036278145853430033,-0.0015310681192204356,-0.0025206550490111113
BF-B,5,2026-04-07 14:45:00+00:00,10:45,-0.002531451405957341,down,-9.125767974182963e-06,0.004528835881501436,0.002590707503259182,0.005188378039747477,0.0015901819569990039,0.0008707116357982159,-0.0036724465899169445,-0.0031138896010816097,-0.003454600926488638,-0.005636164918541908,-0.004686753731220961,-0.002155677415430546,-0.003029326908290386,-0.001355397398583591,-0.0005946245510131121,-0.0010995081393048167,-3.4337008401053026e-05,-0.0005581981386058033,-0.0019207281293347478,-0.0008622154127806425,-0.0038167163729667664,-0.004485506564378738,-0.004399703349918127,9.533392585581169e-05,-0.0021750133018940687,-0.002531451405957341
JBL,5,2026-04-07 14:45:00+00:00,10:45,-0.00254082097671926,down,-0.0011209278600290418,0.00010155518975807354,-0.0034106255043298006,-0.0026150911580771208,-0.0014155862154439092,-0.003167738439515233,-0.006534507032483816,-0.003576979273930192,-0.007830941118299961,-0.004034940619021654,-0.0032902059610933065,-0.002185433404520154,-0.004511277191340923,-0.003164033405482769,-0.006671491079032421,-0.0077454280108213425,-0.005172957666218281,-0.006190704181790352,-0.005748101510107517,-0.005215426906943321,-0.004979831166565418,-0.006682584062218666,-0.005795737728476524,-0.0016527508851140738,-0.007577441167086363,-0.00254082097671926
COR,5,2026-04-07 14:45:00+00:00,10:45,-0.00254619587212801,down,-0.00602409802377224,-0.0028321442659944296,-0.0017429449362680316,-0.0011947135208174586,0.0013502974761649966,-0.0008392180898226798,-0.0022762673906981945,-0.002804347313940525,-0.0030994184780865908,-0.002902827225625515,-0.0016486733220517635,-0.0016799250151962042,-0.0023469310253858566,-0.0018119912128895521,-0.002424685750156641,-0.00329809682443738,-0.002690569031983614,-0.0015296022174879909,-0.0019455843139439821,-0.0014900872483849525,-0.002074651187285781,-0.004106865264475346,-0.0036847107112407684,-0.0016529797576367855,-0.003666194621473551,-0.00254619587212801
WDAY,5,2026-04-07 14:45:00+00:00,10:45,-0.0026137856766581535,down,-0.004888014402240515,-0.0013187624281272292,-0.00827035866677761,-0.00445012841373682,-0.010135188698768616,-0.010259244590997696,-0.014076429419219494,-0.010842139832675457,-0.009689356200397015,-0.008010008372366428,-0.007827145047485828,-0.0054509611800313,-0.004491523373872042,-0.0038662112783640623,-0.004496926907449961,-0.006019483786076307,-0.003109172685071826,-0.0030974384862929583,-0.004609139636158943,-0.005235765594989061,-0.005936963949352503,-0.007783356122672558,-0.008599973283708096,-0.005947524681687355,-0.006950881332159042,-0.0026137856766581535
PCAR,5,2026-04-07 14:45:00+00:00,10:45,-0.0026195652317255735,down,-0.0036156242713332176,-0.001223846455104649,-0.002616144949570298,-0.0012061820598319173,0.0017472575418651104,-0.0002493347565177828,-0.0019530561985448003,-0.0019797326531261206,-0.002085106447339058,-0.001496137585490942,0.0014547724276781082,0.0012793123023584485,0.0011002805549651384,-0.000543460831977427,0.00041386415250599384,-0.0003843939339276403,0.0005447468138299882,0.00018760544480755925,-0.0008500688709318638,-0.0003021341981366277,-0.001401335233822465,-0.0033971802331507206,-0.005014045629650354,-0.0006201511132530868,-0.002378384815528989,-0.0026195652317255735
NXPI,5,2026-04-07 14:45:00+00:00,10:45,-0.002641625003889203,down,0.0016477436292916536,0.003267878433689475,0.0007066427497193217,0.00276181916706264,0.0015087464125826955,-0.00012733342009596527,-0.0026471696328371763,-0.0013809886295348406,-0.0032659403514117002,-0.0028355568647384644,-0.0029730750247836113,-0.00044366472866386175,-0.0031590803992003202,-0.0037632931489497423,-0.0050299703143537045,-0.004020640626549721,-0.001409070799127221,-0.0011427521239966154,-0.002948369365185499,-0.0006506699719466269,-0.0019128521671518683,-0.0027871266938745975,-0.004120704252272844,-0.0012820025440305471,-0.0031925227958709,-0.002641625003889203
CTRA,5,2026-04-07 14:45:00+00:00,10:45,-0.0026806448586285114,down,-0.0006485269987024367,0.0038843629881739616,0.0040260800160467625,0.004456819500774145,0.003779585240408778,0.004256867803633213,0.002513140207156539,-0.000190180420759134,-7.905144593678415e-05,-0.0020496316719800234,0.0010466596577316523,-0.0005975459353066981,-0.0030065816827118397,-0.0030726452823728323,0.0004629145551007241,-0.0013305674074217677,-0.0013807707000523806,-0.001474976073950529,-0.0012875444954261184,-0.001399140222929418,6.931241659913212e-05,-0.0024840952828526497,-0.0038887308910489082,-0.00039635339635424316,-0.004231486935168505,-0.0026806448586285114
WELL,5,2026-04-07 14:45:00+00:00,10:45,-0.002714195055887103,down,-0.00401418237015605,-0.0016062440117821097,-0.003024822100996971,0.00015949732915032655,0.002060013823211193,-5.6319942814297974e-05,-0.0002794228494167328,-0.0002960432320833206,-0.0012454433599486947,-0.0020694739650934935,-0.0008654451812617481,-0.0018162005580961704,-0.0014291901607066393,-0.0017333213472738862,-0.0025306211318820715,-0.0029720868915319443,-0.0014692695112898946,-0.0014055928913876414,-0.0008117606630548835,-0.0011830962030217052,-0.003466362599283457,-0.004793982952833176,-0.006134779658168554,-0.003645408432930708,-0.004624598193913698,-0.002714195055887103
DLR,5,2026-04-07 14:45:00+00:00,10:45,-0.0027204102370887995,down,-0.0024488833732903004,-0.0013968260027468204,-0.0038343763444572687,-0.0003387048782315105,-0.0003804097941610962,-0.0011219823500141501,-0.0017975295195356011,-0.00017006722919177264,0.0003547845990397036,-0.0007043970399536192,0.00010961018415400758,0.0010448222747072577,0.0009094580891542137,0.0008752897847443819,2.7460180717753246e-05,-0.0010694850934669375,0.0020540764089673758,0.0012762716505676508,0.0006276865024119616,0.0008383236709050834,-0.0014438056387007236,-0.003354068845510483,-0.0037435083650052547,0.0009754087077453732,-0.0009854307863861322,-0.0027204102370887995
MSI,5,2026-04-07 14:45:00+00:00,10:45,-0.002745809732005,down,-0.0028943128418177366,0.0006320835091173649,-0.00021955928241368383,0.0015659363707527518,-0.00022932011052034795,-0.0016829194501042366,-0.003121844260022044,-0.0024193371646106243,-0.002451638225466013,-0.0019949697889387608,0.00031656702049076557,0.0008041735272854567,-0.0001977595966309309,7.153660408221185e-05,-0.0020716895814985037,-0.0020249972585588694,-0.0025517786853015423,-0.001251141307875514,-0.00310877850279212,-0.0029821922071278095,-0.0018249802524223924,-0.0037845876067876816,-0.0033495924435555935,0.0001894947054097429,-0.003507692599669099,-0.002745809732005
AWK,5,2026-04-07 14:45:00+00:00,10:45,-0.0027947011403739452,down,-0.0033849838655442,-0.0014896625652909279,-0.0017585107125341892,0.00031114951707422733,0.00207843747921288,0.0003780986007768661,-0.001336041372269392,-0.0024512270465493202,-0.003291859058663249,-0.0029545763973146677,-0.0008683108608238399,-0.00024221399507950991,-0.0007739862776361406,-0.0011907955631613731,-0.001817203126847744,-0.0036103050224483013,-0.002233433537185192,-0.0025503390934318304,-0.002197196939960122,-0.0015509107615798712,-0.003114066319540143,-0.0046789939515292645,-0.005046704784035683,-0.0028399487491697073,-0.004325524903833866,-0.0027947011403739452
MCK,5,2026-04-07 14:45:00+00:00,10:45,-0.0028174594044685364,down,-0.004132805857807398,-0.003360356669872999,-0.003696458414196968,-0.0015455676475539804,-0.0007773517863824964,-0.0029705767519772053,-0.004983775317668915,-0.005987392272800207,-0.006442883983254433,-0.005410840734839439,-0.0034822041634470224,-0.002836925908923149,-0.0032774952705949545,-0.002917482517659664,-0.0028501751367002726,-0.0038310280069708824,-0.001752951880916953,-0.0023835375905036926,-0.002665360923856497,-0.0031508987303823233,-0.004888867028057575,-0.006225948221981525,-0.007637009955942631,-0.004315567202866077,-0.006419458892196417,-0.0028174594044685364
GS,5,2026-04-07 14:45:00+00:00,10:45,-0.0028225351125001907,down,-0.006366704124957323,-0.0063534448854625225,-0.008129230700433254,-0.00332824420183897,-0.004417205695062876,-0.006019505672156811,-0.008041039109230042,-0.005486697424203157,-0.007132903207093477,-0.005645419005304575,-0.003420766908675432,-0.0020896936766803265,-0.0017923681298270822,-0.0016854951390996575,-0.0019455309957265854,-0.0029144592117518187,-0.0009937987197190523,-0.0019734452944248915,-0.0020644066389650106,-0.0035347561351954937,-0.004285243805497885,-0.005265300162136555,-0.004326012916862965,-0.0015968650113791227,-0.003836012678220868,-0.0028225351125001907
NTRS,5,2026-04-07 14:45:00+00:00,10:45,-0.0028418307192623615,down,-0.0037957928143441677,-0.0006112776463851333,-0.003333372063934803,-0.0003263263206463307,-0.0005828706198371947,-0.0031424302142113447,-0.00571226654574275,-0.004158292431384325,-0.005464666523039341,-0.003994795028120279,-0.0018598848255351186,-0.0008866828866302967,-0.0012315320782363415,-0.0008492546039633453,-0.0017969990149140358,-0.0027719077188521624,-0.00146984972525388,-0.0016918081091716886,-0.002329409122467041,-0.0020190421491861343,-0.0026935322675853968,-0.004350006114691496,-0.004132761154323816,-0.0014506912557408214,-0.003727864008396864,-0.0028418307192623615
NDAQ,5,2026-04-07 14:45:00+00:00,10:45,-0.0028474871069192886,down,-0.004697691183537245,-0.0011060568504035473,-0.002902231877669692,-0.0007739611901342869,0.0003159824700560421,-0.001438251114450395,-0.00510166771709919,-0.003538275370374322,-0.005686660762876272,-0.006915131118148565,-0.006440595258027315,-0.003762246575206518,-0.0038361670449376106,-0.0022950530983507633,-0.0008304624352604151,-0.0034099856857210398,-0.0013472865102812648,-0.002419724827632308,-0.003593378234654665,-0.0036724486853927374,-0.002547452924773097,-0.0037739756517112255,-0.003792015602812171,0.0003964586358051747,-0.0033018707763403654,-0.0028474871069192886
NOC,5,2026-04-07 14:45:00+00:00,10:45,-0.0028793606907129288,down,-0.0048103234730660915,-0.002217412693426013,-0.0029910937882959843,-0.000832565885502845,-4.194284701952711e-05,-0.0015060779405757785,-0.003989293240010738,-0.004442143719643354,-0.007052358239889145,-0.004807577468454838,-0.0031294894870370626,-0.0031252936460077763,-0.002741569187492132,-0.0026922416873276234,-0.003228900022804737,-0.0038825448136776686,-0.0017308166716247797,-0.0022055048029869795,-0.0027454872615635395,-0.0025942549109458923,-0.003941782284528017,-0.004674907308071852,-0.005222654901444912,-0.0023539357353001833,-0.004550223238766193,-0.0028793606907129288
MET,5,2026-04-07 14:45:00+00:00,10:45,-0.002913031494244933,down,-0.006029373034834862,-0.0038471645675599575,-0.004725390113890171,-0.0031937474850565195,-0.0038468101993203163,-0.00447231438010931,-0.008862601593136787,-0.005909126717597246,-0.006330563221126795,-0.005282270256429911,-0.0037730128969997168,-0.004025447182357311,-0.0036809800658375025,-0.0036030563060194254,-0.003630710067227483,-0.005050742998719215,-0.002806202508509159,-0.002732905326411128,-0.003013228764757514,-0.0031055971048772335,-0.00447857566177845,-0.007518051192164421,-0.0070572420954704285,-0.0031866116914898157,-0.004997990094125271,-0.002913031494244933
BRK-B,5,2026-04-07 14:45:00+00:00,10:45,-0.0029165796004235744,down,-0.005038429517298937,-0.005923010408878326,-0.006819235626608133,-0.004255641717463732,-0.002241414738819003,-0.003183448687195778,-0.004913321230560541,-0.00661088339984417,-0.007701727095991373,-0.006988419685512781,-0.005629113409668207,-0.00557491322979331,-0.0052414629608392715,-0.006031735334545374,-0.005440922453999519,-0.005773186683654785,-0.005824961233884096,-0.005320328287780285,-0.004281620029360056,-0.00438627740368247,-0.004823610652238131,-0.006053768564015627,-0.00752478651702404,-0.004399423487484455,-0.00636767502874136,-0.0029165796004235744
AVY,5,2026-04-07 14:45:00+00:00,10:45,-0.0029199153650552034,down,0.0003180946223437786,0.0037054638378322124,0.002419116673991084,0.0025460857432335615,0.004015286453068256,0.001673389575444162,-0.001922126510180533,-0.0015199974877759814,-0.0014192027738317847,-0.0019175773486495018,0.0004304019967094064,0.0010803020559251308,0.00013099824718665332,0.0007200429681688547,-0.000646126689389348,-0.0006443324964493513,-0.000507647986523807,-0.0011223781621083617,-0.0007401434704661369,-0.0010119493817910552,-0.00011602616723394021,-0.0018859324045479298,-0.0019084707600995898,0.00023291673278436065,-0.0017642400925979018,-0.0029199153650552034
FAST,5,2026-04-07 14:45:00+00:00,10:45,-0.00294498261064291,down,-0.007675441447645426,-0.0045284670777618885,-0.003806157037615776,-0.001986304996535182,0.0001664415467530489,-0.002867369679734111,-0.004261427093297243,-0.004689777735620737,-0.00510491942986846,-0.0036945624742656946,-0.002366820117458701,-0.0022297799587249756,-0.003685190575197339,-0.003670033998787403,-0.0037136413156986237,-0.004764706827700138,-0.0036752994637936354,-0.004518628586083651,-0.004470208194106817,-0.004541590344160795,-0.004941626451909542,-0.007748071104288101,-0.007022082805633545,-0.0026306293439120054,-0.004211058374494314,-0.00294498261064291
AFL,5,2026-04-07 14:45:00+00:00,10:45,-0.0029946512077003717,down,-0.00554092088714242,-0.00515783904120326,-0.004025578498840332,-0.0033256858587265015,0.0022298351395875216,0.00011638908472377807,-0.0025593400932848454,-0.00212021148763597,-0.0022867696825414896,-0.001652008038945496,-1.9718754629138857e-05,-0.0009252727613784373,-0.0011146586621180177,-0.0012947749346494675,-0.0021233349107205868,-0.0015031289076432586,-0.0013941120123490691,-0.0017310766270384192,-0.001137087820097804,-0.00038668332854285836,-0.0022205214481800795,-0.004339616745710373,-0.004514017142355442,-0.0019420443568378687,-0.0030775030609220266,-0.0029946512077003717
FRT,5,2026-04-07 14:45:00+00:00,10:45,-0.003010957036167383,down,-0.002038834849372506,0.0008685633656568825,0.0008177155395969748,0.001327535486780107,0.003923571668565273,0.0020659314468503,0.000921364058740437,4.8204223276115954e-05,0.0016113381134346128,-4.048281334689818e-05,0.0018630457343533635,0.0011038535740226507,0.0012956904247403145,0.0003628828562796116,0.0002459936367813498,1.431619057257194e-05,0.000686498882714659,0.0005160716245882213,0.00013409103848971426,-0.00020304773352108896,-0.0014985803281888366,-0.0023815359454602003,-0.0031759687699377537,-0.0012495536357164383,-0.0022500548511743546,-0.003010957036167383
BDX,5,2026-04-07 14:45:00+00:00,10:45,-0.0030153437983244658,down,-0.003980623092502356,-0.0026273601688444614,-0.00403489638119936,-0.002016725018620491,-0.0011451287427917123,-0.0031989107374101877,-0.006110815331339836,-0.004366750828921795,-0.0031445587519556284,-0.003483004868030548,-0.0016652808990329504,-0.0010562390089035034,-0.0016621467657387257,-0.0012514216359704733,-0.001864176825620234,-0.0024438570253551006,-0.0007017086609266698,-0.0005680012982338667,-0.0016448631649836898,-0.0017947531305253506,-0.001513028983026743,-0.0037616207264363766,-0.004734944552183151,-0.0014487006701529026,-0.004181338474154472,-0.0030153437983244658
PLD,5,2026-04-07 14:45:00+00:00,10:45,-0.0030451028142124414,down,-0.0055208816193044186,-0.0036236601881682873,-0.005678880028426647,-0.002014545490965247,-0.0006637673359364271,-0.0016044878866523504,-0.0045102969743311405,-0.002696318319067359,-0.0022708862088620663,-0.0033758110366761684,-0.0010414590360596776,-0.0008101733401417732,-0.0005783138913102448,-0.0007211162592284381,-0.0006948432419449091,-0.00030270067509263754,0.00040494304266758263,0.000496286025736481,9.988320380216464e-05,-0.0006106485379859805,-0.0022632163017988205,-0.0032075459603220224,-0.003800956765189767,0.00038846410461701453,-0.002512889914214611,-0.0030451028142124414
CHD,5,2026-04-07 14:45:00+00:00,10:45,-0.0030528726056218147,down,-0.0031675875652581453,-0.00020269838569220155,-0.002821201691403985,-0.0009731797617860138,-0.0016298491973429918,-0.004580154083669186,-0.007367097772657871,-0.005609759595245123,-0.00652514910325408,-0.0048719653859734535,-0.001980357337743044,-0.000783272203989327,-0.00189473875798285,0.0002796280896291137,0.00014035834465175867,-0.00043702233233489096,0.0013254686491563916,2.441562173771672e-05,0.0015616129385307431,0.0006679948419332504,-0.000771224033087492,-0.0027188193053007126,-0.00168670027051121,0.0007032413268461823,-0.0007783762994222343,-0.0030528726056218147
IP,5,2026-04-07 14:45:00+00:00,10:45,-0.0030555275734514,down,-0.007241194136440754,-0.0028042583726346493,-0.0018772516632452607,-0.0029070426244288683,-0.003055497072637081,-0.0030573385301977396,-0.006283739116042852,-0.005679917987436056,-0.006514716427773237,-0.008161166682839394,-0.0053372071124613285,-0.005283542443066835,-0.005059700924903154,-0.004981353413313627,-0.004061759915202856,-0.004790567792952061,-0.0029076302889734507,-0.0030396769288927317,-0.00474382983520627,-0.004486524499952793,-0.0026331827975809574,-0.00592633243650198,-0.004114428069442511,-0.0016259984113276005,-0.003773260861635208,-0.0030555275734514
MOS,5,2026-04-07 14:45:00+00:00,10:45,-0.0031023554038256407,down,0.0017977230018004775,0.005810019560158253,0.00043867912609130144,0.004075105767697096,0.0016310851788148284,-0.0012597033055499196,-0.0050248270854353905,-0.002955379895865917,-0.004950087983161211,-0.0049310773611068726,-0.0021652427967637777,-0.001132817706093192,-0.0002709663240239024,0.0003946480865124613,0.0008341924985870719,-0.0008401612285524607,-0.0012649015989154577,-0.0002896588121075183,-0.0015523760812357068,-0.0007866891683079302,-0.0011666950304061174,-0.0047189341858029366,-0.0035535930655896664,1.9003964553121477e-05,-0.0022339674178510904,-0.0031023554038256407
URI,5,2026-04-07 14:45:00+00:00,10:45,-0.0031042415648698807,down,-0.002651846967637539,-0.001781970844604075,-0.00396266533061862,-0.00027964578475803137,-0.001306136604398489,-0.00179283379111439,-0.004637842066586018,-0.0038874999154359102,-0.006061458494514227,-0.005358540453016758,-0.003409757511690259,-0.001666541094891727,-0.0023691270034760237,-0.0013562688836827874,-0.0015758791705593467,-0.002709105145186186,-0.001143935020081699,-0.0017473158659413457,-0.0024786244612187147,-0.004683462902903557,-0.005454454571008682,-0.006448597181588411,-0.006305646151304245,-0.0022388857323676348,-0.005709146149456501,-0.0031042415648698807
MMM,5,2026-04-07 14:45:00+00:00,10:45,-0.0031051477417349815,down,-0.0018441058928146958,0.0017434394685551524,-0.0012895123800262809,0.0005758166662417352,0.0019470718689262867,-0.0010508616687729955,-0.002327702008187771,-0.0014931265031918883,-0.0010804383782669902,-0.0044031767174601555,-0.0027820079121738672,-0.0014605831820517778,-0.0017239608569070697,-0.0028505006339401007,-0.0017108309548348188,-0.003207213943824172,-0.0016762532759457827,-0.002475037472322583,-0.0021022639703005552,-0.0020606275647878647,-0.0018909547943621874,-0.003761834464967251,-0.0035801278427243233,-0.0015205921372398734,-0.003874043235555291,-0.0031051477417349815
VRSN,5,2026-04-07 14:45:00+00:00,10:45,-0.0031743075232952833,down,-0.0017548967152833939,-0.002759065479040146,-0.006127471569925547,-0.003941560164093971,-0.00563299935311079,-0.00952843762934208,-0.013925215229392052,-0.010664908215403557,-0.011685135774314404,-0.010886094532907009,-0.0091032013297081,-0.008353532291948795,-0.008381489664316177,-0.007272275630384684,-0.009178549982607365,-0.010901612229645252,-0.005885597784072161,-0.00991657841950655,-0.008843832649290562,-0.008287874050438404,-0.008032860234379768,-0.01225750707089901,-0.010940337553620338,-0.006139583420008421,-0.009146098978817463,-0.0031743075232952833
F,5,2026-04-07 14:45:00+00:00,10:45,-0.0031891758553683758,down,-0.011853757314383984,0.006701888982206583,-0.006618593819439411,-0.006429538130760193,-0.007559631485491991,-0.010146785527467728,-0.012331238016486168,-0.008553799241781235,-0.005836093798279762,-0.0014258131850510836,0.003620902542024851,0.0027141019236296415,0.003819255856797099,0.0050016422756016254,0.0066336109302937984,0.008954641409218311,0.01003097090870142,0.007312725763767958,0.003088288940489292,0.004166480153799057,0.0030268938280642033,0.0008550545899197459,-0.0041618747636675835,0.0012074612313881516,-0.0024582429323345423,-0.0031891758553683758
AMZN,5,2026-04-07 14:45:00+00:00,10:45,-0.003207868430763483,down,-0.010577298700809479,-0.00911854300647974,-0.012275961227715015,-0.012141219340264797,-0.01536426693201065,-0.017192315310239792,-0.017494000494480133,-0.01391955278813839,-0.01568826101720333,-0.012972015887498856,-0.00937892496585846,-0.009873981587588787,-0.01192541979253292,-0.01252715103328228,-0.01016255933791399,-0.009308195672929287,-0.0069994027726352215,-0.006735969800502062,-0.005650922190397978,-0.006800319068133831,-0.008432557806372643,-0.011235466226935387,-0.010207904502749443,-0.007623836863785982,-0.004580243956297636,-0.003207868430763483
FTV,5,2026-04-07 14:45:00+00:00,10:45,-0.00332373077981174,down,-0.0050416248850524426,-0.0018853619694709778,-0.004321643617004156,-0.001946758944541216,-0.0021032560616731644,-0.0029884278774261475,-0.005301276687532663,-0.004430366680026054,-0.0042668296955525875,-0.0038575800135731697,-0.0018597962334752083,-0.0010643989080563188,-0.0010834041750058532,-0.0014867123682051897,5.761950887972489e-06,-0.0022805905900895596,0.0011448642471805215,0.00019127296400256455,-0.0005107587785460055,-0.0014130339259281754,-0.0025766086764633656,-0.0051931701600551605,-0.005800558719784021,-0.0021838422399014235,-0.0038738143630325794,-0.00332373077981174
GD,5,2026-04-07 14:45:00+00:00,10:45,-0.003323751036077738,down,0.0008221919415518641,0.0024689463898539543,0.002048489870503545,0.0024101505987346172,0.004754290916025639,0.0022572248708456755,0.0013407568912953138,0.0008803068776614964,-0.00016282612341456115,0.0004290152864996344,0.0013114026514813304,0.0016903509385883808,0.0016769500216469169,0.001956002088263631,0.00018402017303742468,-0.0007450641714967787,0.00027735301409848034,-0.0009476553532294929,-0.0010653971694409847,-0.0009482071618549526,-0.0019685192964971066,-0.00284026307053864,-0.0026510930620133877,-0.0009528199443593621,-0.0029121122788637877,-0.003323751036077738
AXON,5,2026-04-07 14:45:00+00:00,10:45,-0.0033612335100769997,down,-0.002060397295281291,-0.0020414511673152447,-0.012034912593662739,-0.00761645520105958,-0.018287520855665207,-0.01921979896724224,-0.021319938823580742,-0.01702994480729103,-0.012205647304654121,-0.012371116317808628,-0.008729273453354836,-0.0076996642164886,-0.008074826560914516,-0.020436611026525497,-0.023306619375944138,-0.021885119378566742,-0.0290980227291584,-0.018819043412804604,-0.029166165739297867,-0.01781654916703701,-0.017269836738705635,-0.01095912978053093,-0.0065954700112342834,0.002721370430663228,-0.009452982805669308,-0.0033612335100769997
COF,5,2026-04-07 14:45:00+00:00,10:45,-0.003388957818970084,down,-0.0038876247126609087,-0.0019283464644104242,-0.003307939972728491,-0.0014182219747453928,-0.0030779268126934767,-0.0038776653818786144,-0.00515854312106967,-0.00243070675060153,-0.0032093923073261976,-0.00345413270406425,-0.002414044924080372,-0.0017255187267437577,-0.0033484327141195536,-0.002426701597869396,-0.0005621895543299615,-0.001629785867407918,-0.002456025220453739,-0.002138296375051141,-0.004180546384304762,-0.0039601572789251804,-0.005042949225753546,-0.006547765340656042,-0.005361713003367186,-0.00324051221832633,-0.005258023738861084,-0.003388957818970084
CFG,5,2026-04-07 14:45:00+00:00,10:45,-0.0034256756771355867,down,-0.006182247307151556,-0.0036837798543274403,-0.004370002541691065,-0.0030384818091988564,-0.00203743577003479,-0.002984787803143263,-0.004485536366701126,-0.00442665908485651,-0.004616961814463139,-0.004864002112299204,-0.003223633859306574,-0.0032594306394457817,-0.00392275582998991,-0.004363359417766333,-0.0036665990483015776,-0.003830345580354333,-0.002150158630684018,-0.003416861407458782,-0.00410908367484808,-0.003287737723439932,-0.003822512459009886,-0.0057190521620213985,-0.005523639265447855,-0.003568416927009821,-0.005292384419590235,-0.0034256756771355867
HON,5,2026-04-07 14:45:00+00:00,10:45,-0.003439606400206685,down,-0.006739789620041847,-0.0021147653460502625,-0.003996474202722311,-0.0019637588411569595,-0.001651199534535408,-0.0036528639029711485,-0.0055258129723370075,-0.005657394882291555,-0.006952668074518442,-0.005291016306728125,-0.003579059150069952,-0.004339931067079306,-0.005238113459199667,-0.005518051795661449,-0.0059660798870027065,-0.006309386808425188,-0.004834589082747698,-0.004495922476053238,-0.0033372617326676846,-0.0031994248274713755,-0.0035391412675380707,-0.0051771169528365135,-0.005787729751318693,-0.004451366141438484,-0.004393131006509066,-0.003439606400206685
PKG,5,2026-04-07 14:45:00+00:00,10:45,-0.003447285620495677,down,-0.002144564175978303,-0.0002887217269744724,-8.14450831967406e-05,-0.0003103719209320843,0.0013951875735074282,0.00039870847831480205,-0.0026743097696453333,-0.0032240243162959814,-0.003909459337592125,-0.004241212736815214,-0.003565616440027952,-0.0023624238092452288,-0.0034491128753870726,-0.0031588582787662745,-0.002327952766790986,-0.002365805907174945,-0.000577914877794683,-0.0012023013550788164,-0.003093709936365485,-0.0018892551306635141,-0.0026383432559669018,-0.00429178262129426,-0.005225647706538439,-0.0033430454786866903,-0.005633298773318529,-0.003447285620495677
ACGL,5,2026-04-07 14:45:00+00:00,10:45,-0.0034487685188651085,down,-0.0012298820074647665,0.0015974607085809112,0.0011144118616357446,0.001462128828279674,0.0030501559376716614,0.00018788312445394695,-0.002055036136880517,-0.0020651931408792734,-0.0022280490957200527,-0.0019070238340646029,-8.355893078260124e-05,-0.00047278861165978014,-0.0005748954135924578,-0.0012704245746135712,-0.000607516907621175,-0.0014607839984819293,-0.0007128587458282709,-0.0009134079446084797,-0.0011079873656854033,-0.0004480069037526846,-0.0019841992761939764,-0.004203141666948795,-0.004150139167904854,-0.0017701952019706368,-0.002942733932286501,-0.0034487685188651085
PHM,5,2026-04-07 14:45:00+00:00,10:45,-0.0034892167896032333,down,-0.0013700079871341586,0.0013279702980071306,-0.0019111048895865679,-0.0005886777071282268,0.0020629456266760826,-0.0011112604988738894,-0.0036094135139137506,-0.0004967207205481827,-0.001866252743639052,-0.003192001488059759,-0.002295948099344969,-0.0012444315943866968,0.0006430058274418116,-0.0007013941649347544,-0.0008217934519052505,-0.0011074438225477934,0.00014795453171245754,-0.0004635399964172393,-0.0008505244040861726,-0.000439702533185482,-7.681916031287983e-05,-0.0028208710718899965,-0.002933758543804288,-0.0007514198077842593,-0.004939700942486525,-0.0034892167896032333
INTU,5,2026-04-07 14:45:00+00:00,10:45,-0.0034995677415281534,down,-0.006278377957642078,-0.0038777112495154142,-0.010906771756708622,-0.008277484215795994,-0.011929742060601711,-0.013837886042892933,-0.01565534621477127,-0.011003976687788963,-0.01231287606060505,-0.010431169532239437,-0.007575192488729954,-0.008455971255898476,-0.0022391427773982286,-0.008479701355099678,-0.013753615319728851,-0.013558408245444298,-0.007792333606630564,-0.007619228679686785,-0.011561993509531021,-0.017180806025862694,-0.014350690878927708,-0.01255609467625618,-0.013525049202144146,-0.011499494314193726,-0.01373481284826994,-0.0034995677415281534
POOL,5,2026-04-07 14:45:00+00:00,10:45,-0.0035221492871642113,down,-0.0019431388936936855,0.0003545154759194702,-0.00034246942959725857,-1.722691740724258e-05,-0.0008081863634288311,-0.001734319026581943,-0.005670690443366766,-0.004296029917895794,-0.00527233025059104,-0.004641320556402206,-0.005294504575431347,-0.004004769492894411,-0.005453149788081646,-0.003934857901185751,-0.0036066428292542696,-0.0036869009491056204,-0.0007193716010078788,-0.0016929622506722808,-0.0030617048032581806,-0.002291734330356121,-0.0036057382822036743,-0.004990199580788612,-0.006771942134946585,-0.004029134754091501,-0.005419358145445585,-0.0035221492871642113
VTRS,5,2026-04-07 14:45:00+00:00,10:45,-0.0035609398037195206,down,-0.014914220198988914,-0.007370246574282646,-0.009962347336113453,-0.008556614629924297,-0.010938725434243679,-0.01280843373388052,-0.013519126921892166,-0.01129104197025299,-0.01008851919323206,-0.008250651881098747,-0.0035043777897953987,-0.0037615213077515364,-0.0034907753579318523,-0.0026670333463698626,-0.004516421351581812,-0.0024148321244865656,0.00030072819208726287,-0.0021674346644431353,-0.005161801353096962,-0.00249489932321012,-0.003021061886101961,-0.006902515888214111,-0.0073464480228722095,-0.0008103609434328973,-0.003995233215391636,-0.0035609398037195206
WBD,5,2026-04-07 14:45:00+00:00,10:45,-0.0035933752078562975,down,-0.004613254684954882,-0.0034513988066464663,-0.006702891550958157,-0.003756878664717078,-0.004346519708633423,-0.005547484382987022,-0.004989772569388151,-0.004861348774284124,-0.005856039468199015,-0.006064069923013449,-0.004171818029135466,-0.004742227029055357,-0.004297357983887196,-0.004023813176900148,-0.004080680664628744,-0.002963402308523655,-0.0031939090695232153,-0.003903352189809084,-0.004120436497032642,-0.002536623040214181,-0.0033914418891072273,-0.004536409396678209,-0.004297252278774977,-0.0028662823606282473,-0.004074816592037678,-0.0035933752078562975
AEP,5,2026-04-07 14:45:00+00:00,10:45,-0.0035993114579468966,down,-0.0033016980160027742,-0.0016868769889697433,-0.00254675280302763,-0.0003313158522360027,0.0026590912602841854,0.0011781231733039021,-0.0007179816020652652,0.00034195109037682414,7.489304698538035e-05,0.0005459468229673803,0.001625841367058456,0.002429212676361203,0.0018341031391173601,0.0005302989738993347,-0.0002647257351782173,9.467397831031121e-06,-0.0005891266628168523,-0.0003589989501051605,0.00018931417434941977,-0.0003108091768808663,-0.0015100337332114577,-0.0037235247436910868,-0.004141839686781168,-0.0024696008767932653,-0.004221833776682615,-0.0035993114579468966
MDT,5,2026-04-07 14:45:00+00:00,10:45,-0.0036769676953554153,down,-0.003703693626448512,-0.0014106802409514785,-0.0018003751756623387,0.00011235385318286717,-0.00023699167650192976,-0.002138732001185417,-0.004775898065418005,-0.0012905474286526442,-0.002315859543159604,-0.002168438397347927,-0.0007620325195603073,-0.00041703166789375246,-0.0012304575648158789,-0.001529550994746387,0.0006164722726680338,-0.001033804495818913,0.0005554638337343931,-0.0002151545777451247,0.0006602182984352112,0.0005234601558186114,6.568252865690738e-05,-0.001854594680480659,-0.0031861320603638887,-0.0002859952801372856,-0.005507227033376694,-0.0036769676953554153
BK,5,2026-04-07 14:45:00+00:00,10:45,-0.0036892362404614687,down,-0.009184718132019043,-0.007240297272801399,-0.008362636901438236,-0.004515926819294691,-0.003249991685152054,-0.005916790571063757,-0.00772870983928442,-0.00689261220395565,-0.005438164807856083,-0.006688348948955536,-0.004676187410950661,-0.004169214051216841,-0.004197000991553068,-0.004205421078950167,-0.0028395422268658876,-0.004430651664733887,-0.002075477736070752,-0.0020030636806041002,-0.0028537544421851635,-0.002453417982906103,-0.004531180020421743,-0.006507009267807007,-0.007492017932236195,-0.0027464001905173063,-0.003363250521942973,-0.0036892362404614687
PWR,5,2026-04-07 14:45:00+00:00,10:45,-0.003709444310516119,down,-0.0030281096696853638,-0.001966403564438224,-0.0038858302868902683,-0.0019783959724009037,-0.003745352616533637,-0.003778614802286029,-0.007418936118483543,-0.007200658321380615,-0.0073902239091694355,-0.0066159493289887905,-0.005077355075627565,-0.004701812285929918,-0.0050863283686339855,-0.002814133185893297,-0.003280924167484045,-0.0056917001493275166,-0.0038467810954898596,-0.0036803579423576593,-0.003921735566109419,-0.0064585222862660885,-0.00593211967498064,-0.007483460009098053,-0.007343270815908909,-0.003922194242477417,-0.005206023342907429,-0.003709444310516119
APH,5,2026-04-07 14:45:00+00:00,10:45,-0.0037275999784469604,down,-0.008493908680975437,-0.004130122251808643,-0.007265729364007711,-0.00603852141648531,-0.006268290802836418,-0.008098565973341465,-0.010134326294064522,-0.006735131610184908,-0.007553138770163059,-0.007068668957799673,-0.0038165138103067875,-0.005221597850322723,-0.003693381790071726,-0.004604406654834747,-0.004845364484935999,-0.005700946319848299,-0.003181958105415106,-0.0029604597948491573,-0.003637041198089719,-0.004853689577430487,-0.006541811395436525,-0.009026075713336468,-0.007982210256159306,-0.003469840856269002,-0.00374079798348248,-0.0037275999784469604
WEC,5,2026-04-07 14:45:00+00:00,10:45,-0.003772880882024765,down,-0.004937958437949419,-0.004258428234606981,-0.004036393482238054,-0.002382976235821843,-0.0007500634528696537,-0.0030028591863811016,-0.004932593088597059,-0.0038929639849811792,-0.0035008629783988,-0.0034729919862002134,-0.0006707337452098727,0.001104589900933206,-3.3268192055402324e-05,-0.00029786399682052433,-0.0012338950764387846,-0.0011155745014548302,0.0003263786493334919,-0.0011005514534190297,-0.001164213172160089,-0.001186594134196639,-0.0020642715971916914,-0.00534091517329216,-0.0056489151902496815,-0.0035578629467636347,-0.005170729476958513,-0.003772880882024765
GIS,5,2026-04-07 14:45:00+00:00,10:45,-0.003780508879572153,down,-0.0023999607656151056,4.299465217627585e-05,-0.00036015326622873545,-0.0004148159932810813,0.000548307434655726,-0.0017511656042188406,-0.004162649158388376,-0.0052198199555277824,-0.004639090038836002,-0.006291030440479517,-0.005797998979687691,-0.005745827220380306,-0.007364536635577679,-0.006628715433180332,-0.005179317202419043,-0.004872968420386314,-0.005906985606998205,-0.00631196703761816,-0.0045646196231245995,-0.0032399867195636034,-0.0027915455866605043,-0.00396717106923461,-0.0025124023668468,-0.002570750890299678,-0.005342032760381699,-0.003780508879572153
IRM,5,2026-04-07 14:45:00+00:00,10:45,-0.003783394815400243,down,-0.0034221881069242954,-0.0006977847660891712,-4.3181265937164426e-05,3.686937998281792e-05,0.000772689119912684,-0.0011359617346897721,-0.0034248584415763617,-0.0033760236110538244,-0.003285623388364911,-0.0036867817398160696,-0.002952815731987357,-0.0016418021405115724,-0.0017736530862748623,-0.001100262743420899,0.00021006252791266888,-0.0021298518404364586,-0.0005844717379659414,-0.0012283873511478305,-0.0021391590125858784,-0.0029084652196615934,-0.005945487879216671,-0.006053207442164421,-0.00815342366695404,-0.002857734216377139,-0.004534081555902958,-0.003783394815400243
VZ,5,2026-04-07 14:45:00+00:00,10:45,-0.0038359886966645718,down,-0.003421136410906911,-0.0036424503196030855,-0.0049064550548791885,-0.004395617637783289,-0.003581300377845764,-0.004401233978569508,-0.005938438698649406,-0.005262803751975298,-0.004436502233147621,-0.004623218905180693,-0.004495206288993359,-0.004734992980957031,-0.0065490263514220715,-0.006272538565099239,-0.004949824418872595,-0.005855968687683344,-0.004686963278800249,-0.005980838555842638,-0.006609285715967417,-0.004905770532786846,-0.004015583544969559,-0.0062192585319280624,-0.0061141750775277615,-0.0034361223224550486,-0.005283157341182232,-0.0038359886966645718
ICE,5,2026-04-07 14:45:00+00:00,10:45,-0.0038376355078071356,down,-0.006368419621139765,-0.003683722810819745,-0.004101728554815054,-0.0013975249603390694,-0.0008918919484131038,-0.0029192701913416386,-0.0052899462170898914,-0.004443690646439791,-0.0049425880424678326,-0.005582669284194708,-0.003933934960514307,-0.002940571866929531,-0.00430789589881897,-0.0035750241950154305,-0.0024709708523005247,-0.004316157195717096,-0.0035981652326881886,-0.0030968424398452044,-0.003283314872533083,-0.0027743130922317505,-0.0027612661942839622,-0.004480076488107443,-0.005801572930067778,-0.0028022106271237135,-0.0024437494575977325,-0.0038376355078071356
CBRE,5,2026-04-07 14:45:00+00:00,10:45,-0.0038581150583922863,down,-0.003816330572590232,-0.0018369831377640367,-0.0030658370815217495,-0.002747735008597374,-0.0027474479284137487,-0.0044769770465791225,-0.007940317504107952,-0.006629633251577616,-0.007236791774630547,-0.006914705038070679,-0.004247832577675581,-0.0028044329956173897,-0.00417098356410861,-0.003173412522301078,-0.0029522599652409554,-0.0047516366466879845,-0.0008978198748081923,-0.0028962120413780212,-0.003205655375495553,-0.004054469056427479,-0.003873360576108098,-0.005645250901579857,-0.006210594903677702,-0.0005387570708990097,-0.004046950023621321,-0.0038581150583922863
EG,5,2026-04-07 14:45:00+00:00,10:45,-0.0038800749462097883,down,-0.0024783227127045393,0.0010426505468785763,-0.001914811902679503,0.0006579930777661502,0.0014217578573152423,-0.00041988020529970527,-0.0028959286864846945,-0.002758764661848545,-0.004252797923982143,-0.0037957390304654837,-0.0036357503850013018,-0.002168548060581088,-0.003148214891552925,-0.0022727390751242638,-0.002863493748009205,-0.0035530782770365477,-0.001975854393094778,-0.002792207058519125,-0.0033612072002142668,-0.004104623571038246,-0.004610932897776365,-0.005384461954236031,-0.006771384738385677,-0.002904033986851573,-0.005024696700274944,-0.0038800749462097883
RJF,5,2026-04-07 14:45:00+00:00,10:45,-0.0038826651871204376,down,-4.910475399810821e-05,0.002162353368476033,0.0007177939405664802,0.0013815639540553093,0.0020892610773444176,0.000688407919369638,-0.003695800667628646,-0.004322477150708437,-0.002550005679950118,-0.0036950260400772095,-0.0018288911087438464,-0.0016837194561958313,-0.003670718055218458,-0.0037591271102428436,-0.0027937169652432203,-0.003443961264565587,-0.0014434453332796693,-0.002880458254367113,-0.004304658621549606,-0.0033638442400842905,-0.0037964838556945324,-0.004782184958457947,-0.007230923045426607,-0.003090551355853677,-0.006419522687792778,-0.0038826651871204376
NVDA,5,2026-04-07 14:45:00+00:00,10:45,-0.003938902169466019,down,-0.004730653949081898,-0.00517158443108201,-0.01246817596256733,-0.01136784441769123,-0.013064305298030376,-0.0149238845333457,-0.014286854304373264,-0.010525448247790337,-0.011241021566092968,-0.010216312482953072,-0.005963637959212065,-0.007025677710771561,-0.009186974726617336,-0.008752278052270412,-0.007874605245888233,-0.00824489165097475,-0.010727381333708763,-0.009130369871854782,-0.009925632737576962,-0.010276771150529385,-0.01108588371425867,-0.01285355631262064,-0.010694585740566254,-0.008354020304977894,-0.005987395998090506,-0.003938902169466019
HIG,5,2026-04-07 14:45:00+00:00,10:45,-0.0039529395289719105,down,-0.004185219295322895,-0.0019704424776136875,-0.0024804528802633286,-0.0007640510448254645,0.0013777978019788861,-0.0006351277115754783,-0.0022885212674736977,-0.0032265197951346636,-0.002298599574714899,-0.003566548228263855,-0.0017893571639433503,-0.0025184822734445333,-0.003541617887094617,-0.0035883139353245497,-0.0030006729066371918,-0.0034419922158122063,-0.0020214521791785955,-0.002291720826178789,-0.0018237142357975245,-0.001599957700818777,-0.0030590633396059275,-0.004087869077920914,-0.004764459561556578,-0.0028834210243076086,-0.0053444248624145985,-0.0039529395289719105
MAA,5,2026-04-07 14:45:00+00:00,10:45,-0.004059236031025648,down,-0.0012183194048702717,0.0010648304596543312,-0.0003095172578468919,0.0018501245649531484,0.003840477904304862,0.0011392139131203294,0.000897743389941752,0.0004468087572604418,0.0015936499694362283,0.0013023163191974163,0.002834881888702512,0.002625460037961602,0.002666577696800232,0.0007556014461442828,0.0007344273617491126,0.00038113835034891963,0.0024549318477511406,0.0021490752696990967,0.0006061549065634608,0.0011579161509871483,-0.000497498782351613,-0.002731784712523222,-0.0035657917615026236,-0.0008312363061122596,-0.0033012162894010544,-0.004059236031025648
HBAN,5,2026-04-07 14:45:00+00:00,10:45,-0.0040709637105464935,down,-0.008276565000414848,-0.007251924369484186,-0.008417909033596516,-0.007387090008705854,-0.007850834168493748,-0.008595307357609272,-0.01128760538995266,-0.010576456785202026,-0.009952947497367859,-0.008320053108036518,-0.00783730298280716,-0.0065020169131457806,-0.006355066783726215,-0.006880804896354675,-0.0076171113178133965,-0.007807624991983175,-0.005996533669531345,-0.007801487110555172,-0.007838818244636059,-0.006615315563976765,-0.007590565364807844,-0.009341689758002758,-0.00889087375253439,-0.0038863702211529016,-0.005848832428455353,-0.0040709637105464935
PG,5,2026-04-07 14:45:00+00:00,10:45,-0.004091251641511917,down,-0.0028172240126878023,0.00037286648876033723,-0.001667311997152865,0.00040127619286067784,0.0005856564384885132,-0.0019530239515006542,-0.002729148603975773,-0.003368224250152707,-0.003182564629241824,-0.004364656750112772,-0.0026662941090762615,-0.002702009864151478,-0.0029857810586690903,-0.003768746042624116,-0.002878837985917926,-0.0033843088895082474,-0.003345331409946084,-0.004022302106022835,-0.0027401649858802557,-0.002234126441180706,-0.002777203917503357,-0.005043034441769123,-0.005135643761605024,-0.0025322139263153076,-0.003783555468544364,-0.004091251641511917
PANW,5,2026-04-07 14:45:00+00:00,10:45,-0.004140264820307493,down,-0.008554564788937569,-0.008194929920136929,-0.012468271888792515,-0.007249713409692049,-0.009147092700004578,-0.009978163987398148,-0.013685080222785473,-0.010658735409379005,-0.011061490513384342,-0.009354444220662117,-0.0075591569766402245,-0.005422837100923061,-0.004729724023491144,-0.0059414575807750225,-0.006399169564247131,-0.007585423532873392,-0.0055701532401144505,-0.006792366970330477,-0.008319607004523277,-0.008779282681643963,-0.009329963475465775,-0.010830805636942387,-0.008427795022726059,-0.0025449914392083883,-0.0061264242976903915,-0.004140264820307493
SPG,5,2026-04-07 14:45:00+00:00,10:45,-0.004170263186097145,down,0.00016544658865313977,0.001465067733079195,0.0003287782019469887,0.0016170020680874586,0.0024561379104852676,0.001924689393490553,-0.0011222852626815438,-0.0011834228644147515,-0.001104208524338901,-0.0012064457405358553,-0.0014528752071782947,0.00040117150638252497,-0.000268057978246361,-0.001280818716622889,-0.002622624859213829,-0.0030363621190190315,-0.00199062074534595,-0.0018630212871357799,-0.001894747489131987,-0.0013849618844687939,-0.0030738618224859238,-0.00447341101244092,-0.006391395814716816,-0.0036110221408307552,-0.006525912322103977,-0.004170263186097145
DUK,5,2026-04-07 14:45:00+00:00,10:45,-0.004185575991868973,down,-0.002717722440138459,0.0008250849787145853,0.0011902246624231339,0.001662454684264958,0.005453967954963446,0.003779598046094179,0.0025888339150696993,-0.001985456794500351,-0.0026425677351653576,-0.005364015698432922,-0.002247128402814269,-0.0023855266626924276,-0.0040112328715622425,-0.0043433853425085545,-0.003987658768892288,-0.003968704957515001,-0.004177547991275787,-0.003447143826633692,-0.002802113303914666,-0.002650769194588065,-0.004258044064044952,-0.006518196314573288,-0.007140206638723612,-0.003935142885893583,-0.0039225248619914055,-0.004185575991868973
TT,5,2026-04-07 14:45:00+00:00,10:45,-0.0042418669909238815,down,-0.009889786131680012,-0.008938385173678398,-0.009005695581436157,-0.00541492085903883,-0.004281200468540192,-0.006051818840205669,-0.009068691171705723,-0.01214358489960432,-0.014297355897724628,-0.011714191175997257,-0.008763251826167107,-0.00792869832366705,-0.009355021640658379,-0.009496902115643024,-0.01041125413030386,-0.009444057941436768,-0.0074512287974357605,-0.007875975221395493,-0.00748852314427495,-0.009211328811943531,-0.009431219659745693,-0.0090282978489995,-0.009586621075868607,-0.00592289213091135,-0.007309603039175272,-0.0042418669909238815
WMB,5,2026-04-07 14:45:00+00:00,10:45,-0.0042730369605124,down,-0.0020846016705036163,-0.00024713031598366797,-0.0028602778911590576,-0.0022995644249022007,-0.003010667162016034,-0.005703563801944256,-0.00933457724750042,-0.008399223908782005,-0.010283546522259712,-0.005985418800264597,-0.005238671787083149,-0.003308703424409032,-0.0015331713948398829,-0.0009891027584671974,9.520218736724928e-05,-0.002761454787105322,-0.0022910935804247856,-0.001948289223946631,-0.002983369631692767,-0.0016999031649902463,-0.0029804701916873455,-0.004309417679905891,-0.0060564326122403145,-0.005163502413779497,-0.0068091657012701035,-0.0042730369605124
KLAC,5,2026-04-07 14:45:00+00:00,10:45,-0.004293660633265972,down,0.0011803274974226952,-0.0007356781279668212,-0.0007592290639877319,0.0007260083802975714,0.0011819273931905627,-0.0002509355254005641,-0.0003048697835765779,0.0015381501289084554,-0.0024717156775295734,-0.001326817087829113,2.9349866963457316e-05,0.0012247600825503469,-0.0006349911564029753,-0.0011712692212313414,-0.002373640425503254,-0.0016078767366707325,-0.0012766517465934157,-0.0034773305524140596,-0.001161911292001605,0.0028936758171766996,-0.0035775569267570972,-0.007038934156298637,-0.007418496068567038,-0.0030094825197011232,-0.007856788113713264,-0.004293660633265972
DRI,5,2026-04-07 14:45:00+00:00,10:45,-0.004294854588806629,down,-0.0003521838807500899,-0.0007260498823598027,-0.0005334679735824466,0.0007066273828968406,-0.0006112797418609262,-0.003079575952142477,-0.004105575382709503,-0.0032792817801237106,-0.0038986874278634787,-0.00434080371633172,-0.0034558733459562063,-0.004257763735949993,-0.005545379128307104,-0.004924882669001818,-0.005444758106023073,-0.006092975381761789,-0.004668287001550198,-0.0038714478723704815,-0.005622727330774069,-0.004416614305227995,-0.005441658198833466,-0.006081665866076946,-0.005417431239038706,-0.0035733289550989866,-0.004293167497962713,-0.004294854588806629
TRMB,5,2026-04-07 14:45:00+00:00,10:45,-0.004295144230127335,down,0.0012545845238491893,0.006635803263634443,0.0010081793880090117,0.004082462750375271,0.0005289510008879006,-0.0021994065027683973,-0.0036586758214980364,-0.0064243716187775135,-0.006163378246128559,-0.009654437191784382,-0.012771107256412506,-0.010162572376430035,-0.008192761801183224,-0.00883033499121666,-0.0070260572247207165,-0.007905911654233932,-0.00601476663723588,-0.006355361081659794,-0.005378887988626957,-0.006960118189454079,-0.004797038156539202,-0.006384100764989853,-0.006524092052131891,-0.0023707174696028233,-0.007385659031569958,-0.004295144230127335
WY,5,2026-04-07 14:45:00+00:00,10:45,-0.004309417214244604,down,-0.010344428941607475,-0.004206473473459482,-0.0051755947060883045,-0.004927446134388447,-0.003626472782343626,-0.0053739831782877445,-0.007205652538686991,-0.00573353236541152,-0.007701100781559944,-0.009852707386016846,-0.008991862647235394,-0.007329363841563463,-0.00602175435051322,-0.004908566363155842,-0.003803107887506485,-0.005986964795738459,-0.004234259948134422,-0.005145545583218336,-0.005113590508699417,-0.004801114555448294,-0.004124785773456097,-0.006526728626340628,-0.006466786377131939,-0.0025398125872015953,-0.004367134068161249,-0.004309417214244604
CLX,5,2026-04-07 14:45:00+00:00,10:45,-0.004344646353274584,down,-0.002481740200892091,-0.0009142266353592277,-0.0011479102540761232,0.0005131789366714656,0.0021910544019192457,-0.0007380841416306794,-0.003588309045881033,-0.0021772640757262707,-0.0020027796272188425,-0.0015871061477810144,-0.00026322706253267825,-0.0010905475355684757,-0.0011618294520303607,-0.0014240455348044634,-0.0014702188782393932,-0.0018889998318627477,-0.001439034822396934,-0.0015308165457099676,-0.0017637223936617374,-0.0009156241430900991,-0.002590571064502001,-0.003919100854545832,-0.004774731118232012,-0.0021160466130822897,-0.005136329215019941,-0.004344646353274584
PPG,5,2026-04-07 14:45:00+00:00,10:45,-0.004360330291092396,down,-0.00020754085562657565,0.0027201573830097914,-0.000646647356916219,0.0003822696744464338,-0.001664728857576847,-0.002657369477674365,-0.008549747988581657,-0.008022991009056568,-0.010221068747341633,-0.010965338908135891,-0.010323763824999332,-0.009634563699364662,-0.009542376734316349,-0.005728869698941708,-0.008394046686589718,-0.0065832361578941345,-0.005574542563408613,-0.006643489934504032,-0.005972474347800016,-0.0071694874204695225,-0.006309850607067347,-0.006727633997797966,-0.006250274367630482,-0.002104090293869376,-0.005601100157946348,-0.004360330291092396
C,5,2026-04-07 14:45:00+00:00,10:45,-0.004360560793429613,down,-0.007113859988749027,-0.005328027065843344,-0.007439384702593088,-0.004431215114891529,-0.003938403446227312,-0.004390857648104429,-0.009009188041090965,-0.00643807090818882,-0.008403553627431393,-0.007820762693881989,-0.005057633388787508,-0.006057925056666136,-0.006136338692158461,-0.005861862096935511,-0.004062516614794731,-0.005171087570488453,-0.003917349502444267,-0.004211748950183392,-0.005349982529878616,-0.004636894445866346,-0.0059996857307851315,-0.007994838058948517,-0.007353984285145998,-0.004540687892585993,-0.005489125847816467,-0.004360560793429613
CTVA,5,2026-04-07 14:45:00+00:00,10:45,-0.004366140812635422,down,-0.00526700122281909,-0.003672138787806034,-0.004523409530520439,-0.0009784087305888534,-0.0007687354809604585,-0.004004303831607103,-0.005915655288845301,-0.004587080329656601,-0.007095335051417351,-0.006372461561113596,-0.0037616149056702852,-0.0025872725527733564,-0.002983993152156472,-0.0028093683067709208,-0.0030228395480662584,-0.0047666216269135475,-0.003953653387725353,-0.003284660866484046,-0.002644345397129655,-0.002493439242243767,-0.003236707067117095,-0.005940339993685484,-0.0061914026737213135,-0.003540382022038102,-0.005432095378637314,-0.004366140812635422
D,5,2026-04-07 14:45:00+00:00,10:45,-0.004388551227748394,down,-0.004304717294871807,-0.0035385724622756243,-0.005805144086480141,-0.002610793337225914,-0.0023438783828169107,-0.0035621279384940863,-0.0059386733919382095,-0.004399851430207491,-0.004785061348229647,-0.004572226200252771,-0.0025713995564728975,-0.0030253962613642216,-0.00359744462184608,-0.004149957560002804,-0.004276275169104338,-0.005549211986362934,-0.0032506531570106745,-0.0029566448647528887,-0.0028462139889597893,-0.003000288736075163,-0.00402092607691884,-0.0066856206394732,-0.00635334849357605,-0.004171381238847971,-0.007421593181788921,-0.004388551227748394
SPGI,5,2026-04-07 14:45:00+00:00,10:45,-0.004432545974850655,down,-0.009049754589796066,-0.009536167606711388,-0.008613481186330318,-0.004585587419569492,-0.004673362709581852,-0.007169111166149378,-0.009763245470821857,-0.010707640089094639,-0.011721731163561344,-0.01071773562580347,-0.008478619158267975,-0.007795006036758423,-0.006566167343407869,-0.00686952518299222,-0.006910960655659437,-0.008462115190923214,-0.005352274980396032,-0.005604345351457596,-0.005999364890158176,-0.006762738339602947,-0.008116660639643669,-0.00881043542176485,-0.00885339081287384,-0.004798285663127899,-0.006190334912389517,-0.004432545974850655
JCI,5,2026-04-07 14:45:00+00:00,10:45,-0.004453294910490513,down,-0.00790668185800314,-0.0050938911736011505,-0.006527160760015249,-0.004434076137840748,-0.005443884059786797,-0.006974334828555584,-0.010965367779135704,-0.008632746525108814,-0.008579331450164318,-0.007317838259041309,-0.005945136770606041,-0.005128382705152035,-0.0047670891508460045,-0.004297574050724506,-0.005247024353593588,-0.004961409140378237,-0.0031068718526512384,-0.0034976513125002384,-0.003835855284705758,-0.005302118603140116,-0.004778609611093998,-0.007223384454846382,-0.008257065899670124,-0.00346460216678679,-0.006182661280035973,-0.004453294910490513
CPT,5,2026-04-07 14:45:00+00:00,10:45,-0.004465767648071051,down,-0.002404980594292283,0.0010993939358741045,-0.001237067044712603,0.0010823059128597379,0.0020231136586517096,-0.00019117176998406649,-0.0007566686253994703,-0.0011015741620212793,-0.0003836444520857185,-0.001444533932954073,0.0005887211300432682,0.0007734907558187842,0.0014925658470019698,0.0001334054977633059,-0.0005929840845055878,-0.0017950952751562,-0.0019028839888051152,-0.0012860293500125408,-0.0015671135624870658,-0.0015451243380084634,-0.0030998853035271168,-0.0058465199545025826,-0.005794541444629431,-0.0030921385623514652,-0.004285361617803574,-0.004465767648071051
FIS,5,2026-04-07 14:45:00+00:00,10:45,-0.0046280305832624435,down,-0.008751889690756798,-0.003982719965279102,-0.0038493226747959852,-0.00442504370585084,-0.006515783723443747,-0.007772607263177633,-0.010272258892655373,-0.010186241939663887,-0.0068353815004229546,-0.006369585171341896,-0.004478584975004196,-0.0038132115732878447,-0.0045858207158744335,-0.0016755647957324982,-0.0037281340919435024,-0.005850442219525576,-0.0008456045761704445,-0.0011076510418206453,-0.0038427540566772223,-0.003432817757129669,-0.0032934790942817926,-0.004824906121939421,-0.0061582596972584724,-0.002836010418832302,-0.006158731412142515,-0.0046280305832624435
PRU,5,2026-04-07 14:45:00+00:00,10:45,-0.004715825896710157,down,-0.00551803270354867,-0.003518704092130065,-0.004539129324257374,-0.002880412619560957,-0.0010144433472305536,-0.0032828967086970806,-0.0058556171134114265,-0.005001198500394821,-0.005012862849980593,-0.005012499634176493,-0.002938426099717617,-0.002562900772318244,-0.0028380986768752337,-0.002628785092383623,-0.0015434582019224763,-0.0037609313149005175,-0.0014346475945785642,-0.0023239038418978453,-0.0032204517628997564,-0.0032049515284597874,-0.004466967657208443,-0.006657307967543602,-0.007403723429888487,-0.004007302224636078,-0.005746145267039537,-0.004715825896710157
JKHY,5,2026-04-07 14:45:00+00:00,10:45,-0.004715932998806238,down,-0.003061552532017231,-0.0013121323427185416,-0.0014627290656790137,0.00026456417981535196,-0.0004989562439732254,-0.002943631261587143,-0.005281372927129269,-0.003985768649727106,-0.00502025568857789,-0.00434867711737752,-0.002700574230402708,-0.0005335363675840199,-0.00036620761966332793,-2.6542318664724007e-05,-0.00042792860767804086,-0.0018514097901061177,0.00024264950479846448,-0.0009110447717830539,-0.0018566693179309368,-0.002727943705394864,-0.003923217300325632,-0.00514698401093483,-0.006231566891074181,-0.0024541227612644434,-0.0063974689692258835,-0.004715932998806238
VICI,5,2026-04-07 14:45:00+00:00,10:45,-0.004726449493318796,down,-0.005282858852297068,-0.0007026777020655572,-0.002709058579057455,0.001316286507062614,0.0006266948184929788,-0.0004868256801273674,-0.003176559926941991,-0.004954564850777388,-0.0037264139391481876,-0.005289454013109207,-0.002284542191773653,-0.003280314151197672,-0.003019561292603612,-0.003756997175514698,-0.003600155236199498,-0.0034582996740937233,-0.003524849424138665,-0.0025963550433516502,-0.002805831842124462,-0.0024154477287083864,-0.0030617238953709602,-0.006164258345961571,-0.006522687152028084,-0.0026587815955281258,-0.004295643884688616,-0.004726449493318796
BRO,5,2026-04-07 14:45:00+00:00,10:45,-0.004739506635814905,down,-0.003089398145675659,-0.00136879354249686,-0.004337563645094633,-0.0017826930852606893,-0.003208952257409692,-0.0045359693467617035,-0.008486711420118809,-0.007130859419703484,-0.007917551323771477,-0.008933666162192822,-0.009635074995458126,-0.00670752115547657,-0.007410832680761814,-0.004983799997717142,-0.00524743739515543,-0.007077329326421022,-0.006011623423546553,-0.007687701843678951,-0.007204438094049692,-0.006443562917411327,-0.0059447758831083775,-0.00756266200914979,-0.00825672596693039,-0.004120153374969959,-0.005884081125259399,-0.004739506635814905
EMR,5,2026-04-07 14:45:00+00:00,10:45,-0.004757386166602373,down,-0.008197671733796597,-0.006104737985879183,-0.008144265040755272,-0.0054177348501980305,-0.005628096405416727,-0.00554113183170557,-0.009530249051749706,-0.007143472321331501,-0.005616293288767338,-0.006981203332543373,-0.00542445620521903,-0.004267964977771044,-0.003137631341814995,-0.003161216154694557,-0.003929422236979008,-0.00446233619004488,-0.0028848114889115095,-0.0021486408077180386,-0.003677335800603032,-0.0038692462258040905,-0.0065347421914339066,-0.007915472611784935,-0.008771061897277832,-0.004158683121204376,-0.006577376741915941,-0.004757386166602373
GPC,5,2026-04-07 14:45:00+00:00,10:45,-0.004768144339323044,down,-0.0005766006070189178,0.0022987599950283766,0.004096532706171274,0.003015312133356929,0.006892499979585409,0.0032985524740070105,0.0004260355490259826,-0.0003170093987137079,-0.0004073265299666673,-0.0014519121032208204,-0.000982642755843699,-0.0007975345943123102,-0.0010566345881670713,-0.0012651883298531175,-0.0009553894633427262,-0.0020680793095380068,-0.0018820244586095214,-0.0022609825246036053,-0.002338711405172944,-0.0018088985234498978,-0.0034740488044917583,-0.005113309249281883,-0.005240039434283972,-0.0014128541806712747,-0.004149876069277525,-0.004768144339323044
EFX,5,2026-04-07 14:45:00+00:00,10:45,-0.004768194630742073,down,-0.002135020913556218,-1.384261850034818e-06,-0.0033427816815674305,-9.753465565154329e-05,-0.0031386136543005705,-0.004328631330281496,-0.006882575806230307,-0.005310807377099991,-0.004353167489171028,-0.004927283152937889,-0.003911816980689764,-0.0033940563444048166,-0.003383756149560213,-0.004308185074478388,-0.0029185814782977104,-0.004508168902248144,-0.0026429803110659122,-0.0023961998522281647,-0.003712634788826108,-0.003909118939191103,-0.005853511393070221,-0.00789205078035593,-0.008072352036833763,-0.004858002532273531,-0.006427629850804806,-0.004768194630742073
EPAM,5,2026-04-07 14:45:00+00:00,10:45,-0.004831562750041485,down,0.0036972900852560997,0.008077703416347504,0.006659890525043011,0.006095078773796558,0.0011526080779731274,0.0017681086901575327,-0.001978435320779681,-0.004783736541867256,-0.0038102988619357347,-0.00810567382723093,-0.0039759427309036255,-0.004995719995349646,-0.006738574244081974,-0.005181948654353619,-0.0035013321321457624,-0.004569280426949263,-0.005530797876417637,-0.0049459077417850494,-0.00571840675547719,-0.006275032181292772,-0.007089335471391678,-0.008450144901871681,-0.005611305125057697,-0.0038107053842395544,-0.0065811071544885635,-0.004831562750041485
RVTY,5,2026-04-07 14:45:00+00:00,10:45,-0.004834876395761967,down,-0.004648277536034584,-0.002482071053236723,-0.004072601441293955,-0.0030192495323717594,-0.0015540418680757284,-0.003561427118256688,-0.007430484052747488,-0.008739239536225796,-0.010315734893083572,-0.012915699742734432,-0.013744962401688099,-0.012100905179977417,-0.011951745487749577,-0.012170134112238884,-0.00952511839568615,-0.011253767646849155,-0.008909899741411209,-0.008577188476920128,-0.009976822882890701,-0.008034024387598038,-0.007883857004344463,-0.00878039188683033,-0.010227074846625328,-0.004671504255384207,-0.005721691995859146,-0.004834876395761967
DELL,5,2026-04-07 14:45:00+00:00,10:45,-0.004850114695727825,down,-0.012516251765191555,-0.013315130956470966,-0.021153174340724945,-0.019559593871235847,-0.01871449127793312,-0.021979721263051033,-0.024181397631764412,-0.019332028925418854,-0.017918437719345093,-0.012018532492220402,-0.009018334560096264,-0.006380017846822739,-0.007456004153937101,-0.00955964159220457,-0.009498144499957561,-0.010716594755649567,-0.006158353760838509,-0.005713246297091246,-0.007541710510849953,-0.007677324581891298,-0.011220186948776245,-0.014476366341114044,-0.015898102894425392,-0.009237367659807205,-0.011340529657900333,-0.004850114695727825
DHR,5,2026-04-07 14:45:00+00:00,10:45,-0.004854020196944475,down,-0.0033650214318186045,-0.0007137799984775484,-0.003022645367309451,-0.0010113102616742253,-0.0016339896246790886,-0.00369728053919971,-0.00504644587635994,-0.0042218612506985664,-0.004786059260368347,-0.005652924999594688,-0.0036176627036184072,-0.004002714995294809,-0.004234922584146261,-0.0050991433672606945,-0.005811640992760658,-0.005132525693625212,-0.0046568503603339195,-0.004159119911491871,-0.00463003059849143,-0.0036418817471712828,-0.004400990903377533,-0.005488633643835783,-0.006300002336502075,-0.0037127819377928972,-0.004820148926228285,-0.004854020196944475
ADSK,5,2026-04-07 14:45:00+00:00,10:45,-0.004896725993603468,down,-0.0015579282771795988,0.0022177048958837986,-0.002479475922882557,-0.0008422434912063181,-0.004728332627564669,-0.0063925208523869514,-0.008039737120270729,-0.007026407402008772,-0.007097046356648207,-0.005756505765020847,-0.004871215671300888,-0.003183977212756872,-0.004704057704657316,-0.005519219674170017,-0.005919205024838448,-0.005415023770183325,-0.0006270735757425427,-0.0014001094968989491,-0.0033797482028603554,-0.0017016142373904586,-0.002552043879404664,-0.0045843953266739845,-0.004705013241618872,-0.0021554389968514442,-0.005096056032925844,-0.004896725993603468
A,5,2026-04-07 14:45:00+00:00,10:45,-0.004971460904926062,down,-0.0027816349174827337,-0.002025504596531391,-0.0018663036171346903,-0.00038014829624444246,0.0005477547529153526,-0.0009120673639699817,-0.0031390914227813482,-0.004863949026912451,-0.006024010479450226,-0.008948433212935925,-0.00808782409876585,-0.005970042664557695,-0.006726415827870369,-0.008691933006048203,-0.006240034010261297,-0.008149604313075542,-0.007148465607315302,-0.0059995222836732864,-0.00790421012789011,-0.006031865254044533,-0.0054211183451116085,-0.0071923090144991875,-0.006611507385969162,-0.0035659850109368563,-0.005521799437701702,-0.004971460904926062
MO,5,2026-04-07 14:45:00+00:00,10:45,-0.004993510898202658,down,-0.006369331385940313,-0.005639052949845791,-0.00648037064820528,-0.005291996523737907,-0.005233643110841513,-0.005963577423244715,-0.007636288180947304,-0.00630342960357666,-0.007858234457671642,-0.00767726032063365,-0.0060796793550252914,-0.005086288787424564,-0.006085386965423822,-0.0062062181532382965,-0.004749896936118603,-0.00681990385055542,-0.005905614234507084,-0.00528480252251029,-0.005506905261427164,-0.003829783760011196,-0.004521587863564491,-0.0068282438442111015,-0.00700913742184639,-0.004245755262672901,-0.005835609510540962,-0.004993510898202658
CB,5,2026-04-07 14:45:00+00:00,10:45,-0.005011866334825754,down,-0.0059914737939834595,-0.004963933955878019,-0.003729376709088683,-0.002801167778670788,-0.0009821092244237661,-0.0025103783700615168,-0.005185025278478861,-0.0050819432362914085,-0.0071223280392587185,-0.0062937005423009396,-0.005795389413833618,-0.005423771217465401,-0.005089533515274525,-0.006071907933801413,-0.0058791241608560085,-0.006687135901302099,-0.005058258306235075,-0.005079752765595913,-0.005668402649462223,-0.005637685302644968,-0.006450648885220289,-0.009919853881001472,-0.009238232858479023,-0.005759147461503744,-0.007967706769704819,-0.005011866334825754
ROK,5,2026-04-07 14:45:00+00:00,10:45,-0.005058943293988705,down,-0.0028440100140869617,-0.003551413305103779,-0.005659632384777069,-0.002767779864370823,-0.0021382744889706373,-0.004543766845017672,-0.007368799764662981,-0.006060205865651369,-0.008033839985728264,-0.00565395737066865,-0.005502588115632534,-0.004380158148705959,-0.0038734683766961098,-0.0032126258593052626,-0.004314102232456207,-0.005297259893268347,-0.0031493990682065487,-0.004527863580733538,-0.00641868868842721,-0.007653060834854841,-0.006101970560848713,-0.009181712754070759,-0.008352046832442284,-0.003899392206221819,-0.0071944561786949635,-0.005058943293988705
KMI,5,2026-04-07 14:45:00+00:00,10:45,-0.005113610997796059,down,-0.0025278255343437195,0.0017151781357824802,-0.00046147676766850054,-0.0008330856799148023,-5.27247175341472e-06,0.00011491371697047725,-0.0006083904299885035,-0.00017636694246903062,-0.0008633729885332286,-0.0028455036226660013,-0.0006692456663586199,-0.001888178288936615,-0.003938139881938696,-0.004727347753942013,-0.0028661310207098722,-0.004129986744374037,-0.0032083846163004637,-0.002400099765509367,-0.0035509467124938965,-0.0018093730323016644,-0.003530926536768675,-0.0055298651568591595,-0.006425901781767607,-0.0035523874685168266,-0.007595803122967482,-0.005113610997796059
BALL,5,2026-04-07 14:45:00+00:00,10:45,-0.005133523605763912,down,-0.0019623136613518,-0.0009096249123103917,-0.0013628075830638409,0.0002561385917942971,0.0014777523465454578,-0.0006205509416759014,-0.0008560623973608017,-0.00263763964176178,-0.0025353366509079933,-0.0031585004180669785,-0.0028002357576042414,-0.001576572540216148,-0.0023962801788002253,-0.002542970236390829,-0.002681031124666333,-0.004434086382389069,-0.0024895474780350924,-0.004403922241181135,-0.004394946154206991,-0.004568022675812244,-0.005634656175971031,-0.00787140429019928,-0.008948830887675285,-0.005238470155745745,-0.0066188727505505085,-0.005133523605763912
LHX,5,2026-04-07 14:45:00+00:00,10:45,-0.005141709465533495,down,-0.0029897806234657764,-0.0004386579676065594,-0.0003434109967201948,0.001458305399864912,0.004516676068305969,0.0022375115659087896,0.0006692780298180878,0.00022498051112052053,-0.0016262632561847568,-6.980330363148823e-05,3.785166336456314e-05,0.0008339183405041695,-9.614715236239135e-05,0.0003915547567885369,-0.0012312688631936908,-0.0025678148958832026,-0.002112578134983778,-0.003485312918201089,-0.0036840923130512238,-0.003216539276763797,-0.002704587997868657,-0.005053496453911066,-0.005067576188594103,-0.003361885203048587,-0.0050853099673986435,-0.005141709465533495
SWK,5,2026-04-07 14:45:00+00:00,10:45,-0.0051528350450098515,down,-0.004965091589838266,-0.00015149005048442632,-0.0036441057454794645,-0.0031839853618294,-0.0060352422297000885,-0.0077884080819785595,-0.00980649795383215,-0.009518450126051903,-0.011143499054014683,-0.012241276912391186,-0.012390166521072388,-0.010638709180057049,-0.008591449819505215,-0.008438272401690483,-0.00744370324537158,-0.009633919224143028,-0.00757361575961113,-0.007530450355261564,-0.007645107340067625,-0.0075828819535672665,-0.006972150877118111,-0.00931723602116108,-0.009275831282138824,-0.004507431760430336,-0.007130299229174852,-0.0051528350450098515
PODD,5,2026-04-07 14:45:00+00:00,10:45,-0.005153370089828968,down,-0.004650036338716745,-0.00028048548847436905,-0.0019460549810901284,-0.0015929769724607468,-0.0026043225079774857,-0.003527988214045763,-0.005018551833927631,-0.0048300400376319885,-0.0042433529160916805,-0.005687729921191931,-0.005010652355849743,-0.0037016263231635094,-0.0026913227047771215,-0.002241103444248438,-0.003130905097350478,-0.003999659325927496,-0.0007222826825454831,-0.0028031838592141867,-0.004195487592369318,-0.003832534421235323,-0.004238664638251066,-0.005271752364933491,-0.0068314289674162865,-0.0047561307437717915,-0.006336023565381765,-0.005153370089828968
YUM,5,2026-04-07 14:45:00+00:00,10:45,-0.005186951253563166,down,-0.0005665161297656596,0.002065426902845502,0.001173758995719254,0.002101028570905328,0.0033491693902760744,0.0023215780965983868,0.00017157518595922738,-0.001263902522623539,-0.0010695181554183364,0.0006873851525597274,0.0030701630748808384,0.0017638865392655134,0.0013593086041510105,0.0009217440965585411,0.0002373542811255902,0.00018675581668503582,0.0013861670158803463,0.0008500394178554416,-2.4537481294828467e-05,-0.00044471703586168587,-0.00039501083665527403,-0.0034147233236581087,-0.004737367387861013,-0.0025602674577385187,-0.007074142340570688,-0.005186951253563166
LDOS,5,2026-04-07 14:45:00+00:00,10:45,-0.0052000731229782104,down,-0.00188835512381047,0.0005997397820465267,0.00048267183592543006,0.0019961460493505,0.002536593470722437,0.001242387923412025,-0.0009106926154345274,-0.0015028018970042467,-0.0007134589832276106,-0.0001739546423777938,0.0010790721280500293,0.002668411936610937,0.00126074836589396,0.0012102543842047453,0.00082229363033548,-5.772800068370998e-05,0.0006366776069626212,0.0002909419999923557,-0.0007435167208313942,-0.0004316671984270215,-0.0012684654211625457,-0.0027840854600071907,-0.005101495888084173,-0.0018113788682967424,-0.0067715817131102085,-0.0052000731229782104
MGM,5,2026-04-07 14:45:00+00:00,10:45,-0.005236666649580002,down,-0.004350861068814993,-0.004805427044630051,-0.007666393183171749,-0.006014040671288967,-0.007094805594533682,-0.010958738625049591,-0.015428571030497551,-0.01674482598900795,-0.01388374250382185,-0.01475609466433525,-0.012701963074505329,-0.00794021226465702,-0.0072864387184381485,-0.007569962181150913,-0.0074966782703995705,-0.008201424963772297,-0.005865835584700108,-0.005984412506222725,-0.007629623636603355,-0.007971354760229588,-0.007488359231501818,-0.011203222908079624,-0.01059182733297348,-0.005270055029541254,-0.010904362425208092,-0.005236666649580002
EXR,5,2026-04-07 14:45:00+00:00,10:45,-0.0053068725392222404,down,-0.002358711324632168,0.00036306033143773675,-0.002659795107319951,-0.0007201176485978067,-0.0004452928842511028,-0.001820799196138978,-0.005416641477495432,-0.004807902500033379,-0.004334139637649059,-0.0051903147250413895,-0.003009161911904812,-0.002706687431782484,-0.003444573376327753,-0.0033948849886655807,-0.0032581661362200975,-0.004608975723385811,-0.0010536499321460724,-0.0027557252906262875,-0.0016854845453053713,-0.003137950785458088,-0.004078828729689121,-0.00649337749928236,-0.007609535939991474,-0.005536730866879225,-0.007480371743440628,-0.0053068725392222404
WSM,5,2026-04-07 14:45:00+00:00,10:45,-0.005339507479220629,down,-0.0018576639704406261,-0.0012213116278871894,-0.0028533609583973885,-0.002368503250181675,-0.006070815958082676,-0.0055724577978253365,-0.010111612267792225,-0.008887055329978466,-0.010449274443089962,-0.010796446353197098,-0.010965194553136826,-0.009201237931847572,-0.008909383788704872,-0.010663769207894802,-0.011842302978038788,-0.013256299309432507,-0.00976735819131136,-0.009575060568749905,-0.011457222513854504,-0.009585720486938953,-0.010854339227080345,-0.010586143471300602,-0.010934986174106598,-0.0062598842196166515,-0.00869322381913662,-0.005339507479220629
BR,5,2026-04-07 14:45:00+00:00,10:45,-0.005393852945417166,down,-0.0035171560011804104,0.0006730150198563933,-0.0038003239315003157,-0.0019067663233727217,-0.0056801228784024715,-0.0051970346830785275,-0.00812359806150198,-0.006263942923396826,-0.0061583248898386955,-0.0071600875817239285,-0.005784381181001663,-0.0060693686828017235,-0.006587912794202566,-0.006830493453890085,-0.007515819277614355,-0.007364696357399225,-0.005121003370732069,-0.004326666705310345,-0.006128677166998386,-0.005029990337789059,-0.004302912391722202,-0.0046049016527831554,-0.003914728295058012,-0.005220246501266956,-0.007095292676240206,-0.005393852945417166
KDP,5,2026-04-07 14:45:00+00:00,10:45,-0.005457666702568531,down,-0.007951055653393269,-0.003022471209987998,-0.0064681051298975945,-0.0049827503971755505,-0.0054254173301160336,-0.007211762480437756,-0.008517649956047535,-0.007876084186136723,-0.008747757412493229,-0.009008885361254215,-0.006603490561246872,-0.007394059095531702,-0.00635990034788847,-0.005274263676255941,-0.005366074852645397,-0.0047113923355937,-0.0051461998373270035,-0.005406820680946112,-0.0059913271106779575,-0.0032605337910354137,-0.004591247066855431,-0.006590461824089289,-0.006155241746455431,-0.002619957784190774,-0.004852366633713245,-0.005457666702568531
XYL,5,2026-04-07 14:45:00+00:00,10:45,-0.005459763575345278,down,-0.010300415568053722,-0.006529286969453096,-0.008683000691235065,-0.005043489392846823,-0.003508220659568906,-0.006866453681141138,-0.008386461064219475,-0.0076394639909267426,-0.007260793820023537,-0.008516843430697918,-0.00663712015375495,-0.005407809745520353,-0.005704653449356556,-0.005140984430909157,-0.004673381336033344,-0.00577847845852375,-0.0022417858708649874,-0.002942736027762294,-0.0035218328703194857,-0.0031522696372121572,-0.004824161529541016,-0.007778386119753122,-0.008094619028270245,-0.0034254174679517746,-0.004466916434466839,-0.005459763575345278
MDLZ,5,2026-04-07 14:45:00+00:00,10:45,-0.005719637498259544,down,-0.001305516343563795,0.0017679135780781507,0.002206436125561595,0.0019586978014558554,0.001611512154340744,0.00014015883789397776,-0.0031029090750962496,-0.004481327719986439,-0.0039027181919664145,-0.006041145417839289,-0.003687123069539666,-0.0036926409229636192,-0.005088676232844591,-0.0039137499406933784,-0.002573201898485422,-0.004148794338107109,-0.00399794802069664,-0.004828844219446182,-0.005769847426563501,-0.004569238517433405,-0.0058638411574065685,-0.007228020112961531,-0.009007889777421951,-0.005505571607500315,-0.007010200992226601,-0.005719637498259544
IFF,5,2026-04-07 14:45:00+00:00,10:45,-0.005727861542254686,down,-0.002634391887113452,0.002554740756750107,-0.0013140421360731125,-0.0018434800440445542,-0.0002888638118747622,-0.004023955203592777,-0.006777601316571236,-0.009518440812826157,-0.01259448379278183,-0.01580888219177723,-0.015140176750719547,-0.01282790582627058,-0.011730062775313854,-0.012214885093271732,-0.010081127285957336,-0.011748498305678368,-0.009790318086743355,-0.008755470626056194,-0.009767034091055393,-0.01032266579568386,-0.009459827095270157,-0.011457736603915691,-0.010923939757049084,-0.006205304060131311,-0.0075501808896660805,-0.005727861542254686
AKAM,5,2026-04-07 14:45:00+00:00,10:45,-0.005752669181674719,down,-0.010603378526866436,-0.0095684714615345,-0.012246058322489262,-0.009996447712182999,-0.010686762630939484,-0.011817890219390392,-0.015032141469419003,-0.013990714214742184,-0.01316488441079855,-0.01352563314139843,-0.010479990392923355,-0.008683391846716404,-0.007856639102101326,-0.0065367938950657845,-0.006160123739391565,-0.008263485506176949,-0.006467259023338556,-0.006654257886111736,-0.007934710942208767,-0.01063386257737875,-0.012992478907108307,-0.015427647158503532,-0.013570697978138924,-0.009262597188353539,-0.008612234145402908,-0.005752669181674719
DDOG,5,2026-04-07 14:45:00+00:00,10:45,-0.005817213095724583,down,-0.015644343569874763,-0.014619557186961174,-0.022841108962893486,-0.016265414655208588,-0.021675128489732742,-0.02382783591747284,-0.025225920602679253,-0.01844429224729538,-0.016340788453817368,-0.013707568868994713,-0.008926366455852985,-0.0076536498963832855,-0.004418975207954645,-0.004967783577740192,-0.003184187924489379,-0.005790436174720526,-0.005156620871275663,-0.003451941767707467,-0.010025383904576302,-0.008112319745123386,-0.006986553315073252,-0.008936409838497639,-0.005589142441749573,-0.005372862331569195,-0.011124941520392895,-0.005817213095724583
T,5,2026-04-07 14:45:00+00:00,10:45,-0.005839188117533922,down,-0.0033220984041690826,-0.0022007538937032223,-0.004803102929145098,-0.004237005952745676,-0.006507568992674351,-0.00872710533440113,-0.007187193259596825,-0.007179019972681999,-0.006514679174870253,-0.005147316958755255,-0.00512482225894928,-0.0062390579842031,-0.008451003581285477,-0.007604743354022503,-0.006829264108091593,-0.007048065308481455,-0.006614561192691326,-0.007818412035703659,-0.007213733159005642,-0.006290530785918236,-0.006571340840309858,-0.007341060321778059,-0.00903064664453268,-0.005448342766612768,-0.007239084225147963,-0.005839188117533922
MAS,5,2026-04-07 14:45:00+00:00,10:45,-0.005882455501705408,down,-0.004510907456278801,-0.0006922866450622678,-0.0030326764099299908,-0.002531078876927495,-0.004766223952174187,-0.00587488804012537,-0.008381913416087627,-0.007887797430157661,-0.006654082331806421,-0.006345076020807028,-0.004732918925583363,-0.004674253985285759,-0.004379058722406626,-0.003843011101707816,-0.0026065504644066095,-0.0036395832430571318,-0.0025098188780248165,-0.0039773136377334595,-0.004246140364557505,-0.00425328966230154,-0.004377020988613367,-0.007412929553538561,-0.00966071616858244,-0.005127090495079756,-0.006786261685192585,-0.005882455501705408
EQR,5,2026-04-07 14:45:00+00:00,10:45,-0.0058824741281569,down,-0.006963817402720451,-0.0038517573848366737,-0.006306336261332035,-0.003545920131728053,-0.002257273532450199,-0.004712395835667849,-0.006300262175500393,-0.0063923681154847145,-0.0058014290407299995,-0.00586327351629734,-0.0033320654183626175,-0.0037237645592540503,-0.003927338402718306,-0.004170098342001438,-0.003953529521822929,-0.005534063093364239,-0.002529455814510584,-0.003462104592472315,-0.0033675492741167545,-0.002804148243740201,-0.004908472299575806,-0.007551610469818115,-0.007414931431412697,-0.005874820984899998,-0.006575023289769888,-0.0058824741281569
CPRT,5,2026-04-07 14:45:00+00:00,10:45,-0.005973363760858774,down,-0.0013335238909348845,0.0023622505832463503,-0.0004461026401259005,-0.0006086941575631499,-0.0012594766449183226,-0.0010346857598051429,-0.0020121459383517504,-0.0019107750849798322,-0.0017457021167501807,-0.0017335725715383887,-0.001606265315786004,-0.0021094316616654396,-0.0047002919018268585,-0.004413233604282141,-0.0036843351554125547,-0.0034302789717912674,-0.0030041239224374294,-0.003272668458521366,-0.0036830573808401823,-0.003041991498321295,-0.0031283891294151545,-0.004845052491873503,-0.007419321220368147,-0.002707225736230612,-0.004533575847744942,-0.005973363760858774
SRE,5,2026-04-07 14:45:00+00:00,10:45,-0.005999594461172819,down,-0.0039963554590940475,-0.001989905256778002,-0.004604951944202185,-0.001283173798583448,-0.0003737121296580881,-0.0035189217887818813,-0.006266441196203232,-0.005092533305287361,-0.006092646159231663,-0.006731997709721327,-0.004103426821529865,-0.0041149454191327095,-0.004703323822468519,-0.0040879319421947,-0.0037554996088147163,-0.005418045911937952,-0.0038382697384804487,-0.0040893093682825565,-0.004231302533298731,-0.003826533444225788,-0.00443662516772747,-0.007824115455150604,-0.008113071322441101,-0.00551114184781909,-0.007062550168484449,-0.005999594461172819
BX,5,2026-04-07 14:45:00+00:00,10:45,-0.0061659482307732105,down,-0.009277351200580597,-0.0068269590847194195,-0.00912183616310358,-0.005859294440597296,-0.0076581258326768875,-0.007232768926769495,-0.009412468411028385,-0.00880381464958191,-0.0073258522897958755,-0.010683819651603699,-0.007767788600176573,-0.008233954198658466,-0.008565414696931839,-0.007221349980682135,-0.006614369340240955,-0.005861570127308369,-0.004119278397411108,-0.005542187951505184,-0.006642436143010855,-0.00848434679210186,-0.007896394468843937,-0.009533925913274288,-0.008942819200456142,-0.004797407891601324,-0.007284699473530054,-0.0061659482307732105
CDW,5,2026-04-07 14:45:00+00:00,10:45,-0.006170495413243771,down,-0.0015248456038534641,-6.17963814875111e-05,-0.0017935362411662936,-0.00021176008158363402,-0.0012567759258672595,-0.003695663996040821,-0.00631684809923172,-0.004255523439496756,-0.0030226390808820724,-0.004521658178418875,-0.002337039913982153,-0.002662228886038065,-0.004415696486830711,-0.004366912879049778,-0.0030487454496324062,-0.004428866319358349,-0.002422899706289172,-0.0024462384171783924,-0.0021894352976232767,-0.0028479495085775852,-0.003967699129134417,-0.0074363392777740955,-0.006864324677735567,-0.0030316708143800497,-0.006147893611341715,-0.006170495413243771
CCL,5,2026-04-07 14:45:00+00:00,10:45,-0.006177126429975033,down,-0.024820571765303612,-0.01425968762487173,-0.020991208031773567,-0.017763905227184296,-0.019977111369371414,-0.021275926381349564,-0.023045610636472702,-0.022142458707094193,-0.02396259643137455,-0.021791057661175728,-0.018277570605278015,-0.01589886099100113,-0.008435526862740517,-0.008630034513771534,-0.00823032483458519,-0.009961157105863094,-0.0055686612613499165,-0.008399756625294685,-0.007214263081550598,-0.010229543782770634,-0.012220055796205997,-0.014663984067738056,-0.010651998221874237,-0.004716115538030863,-0.0046402025036513805,-0.006177126429975033
AMT,5,2026-04-07 14:45:00+00:00,10:45,-0.00617941515520215,down,-0.005939963739365339,-0.0029972142074257135,-0.005168467294424772,-0.003951829858124256,-0.0048500471748411655,-0.007008069194853306,-0.008359840139746666,-0.007271233480423689,-0.008948703296482563,-0.007948776707053185,-0.005111592821776867,-0.00395491486415267,-0.0057489024475216866,-0.005917100701481104,-0.005627758800983429,-0.005822712555527687,-0.005578778218477964,-0.004615982994437218,-0.0059517985209822655,-0.005519588943570852,-0.005850351415574551,-0.00841112993657589,-0.009427187964320183,-0.005611896514892578,-0.008006821386516094,-0.00617941515520215
PTC,5,2026-04-07 14:45:00+00:00,10:45,-0.006187256425619125,down,0.0005903896526433527,0.0038457047194242477,0.0008453312912024558,0.0027265488170087337,0.0031175813637673855,0.0009354052599519491,-0.0007012552814558148,-0.0006060145678929985,-0.0005654549458995461,-0.0016821450553834438,-0.0005168665666133165,0.0006367949536070228,-0.0009586235391907394,-0.0016037338646128774,-0.0029502762481570244,-0.0029192150104790926,-0.0014512795023620129,-0.0021614418365061283,-0.0029945136047899723,-0.0025264446157962084,-0.0024817592930048704,-0.005853972397744656,-0.006452212575823069,-0.0027734111063182354,-0.006308371666818857,-0.006187256425619125
AOS,5,2026-04-07 14:45:00+00:00,10:45,-0.006439634598791599,down,-0.004253622144460678,-0.000638021039776504,-0.004488817881792784,-0.0030102713499218225,-0.002398821758106351,-0.005722986534237862,-0.007616960443556309,-0.009638345800340176,-0.011230180971324444,-0.013498935848474503,-0.013061164878308773,-0.012349403463304043,-0.01198562327772379,-0.012612942606210709,-0.010306366719305515,-0.010717581026256084,-0.009649558924138546,-0.008640485815703869,-0.009015914984047413,-0.009320158511400223,-0.007757909595966339,-0.009864947758615017,-0.010104244574904442,-0.006136462092399597,-0.00869198888540268,-0.006439634598791599
CARR,5,2026-04-07 14:45:00+00:00,10:45,-0.006480391602963209,down,-0.008768824860453606,-0.0029544318094849586,-0.004830268677324057,-0.004046245943754911,-0.0031828400678932667,-0.0035142695996910334,-0.006024811416864395,-0.005926846526563168,-0.007654269691556692,-0.011053573340177536,-0.008928491733968258,-0.0073340279050171375,-0.007424130570143461,-0.006862372159957886,-0.005314497742801905,-0.007219492923468351,-0.005891893059015274,-0.007853589951992035,-0.008036709390580654,-0.007083164993673563,-0.00762869231402874,-0.00969832856208086,-0.010843762196600437,-0.007710126228630543,-0.008816182613372803,-0.006480391602963209
ETR,5,2026-04-07 14:45:00+00:00,10:45,-0.006746303755789995,down,-0.005294072907418013,-0.004813060630112886,-0.005944251082837582,-0.0022929927799850702,0.0007216637022793293,-0.001321249408647418,-0.0009625728707760572,-0.004394399467855692,-0.0037994266021996737,-0.0030957490671426058,-0.0011493085185065866,-0.0019079558551311493,-0.001867093495093286,-0.0025377925485372543,-0.0032272690441459417,-0.003595297457650304,-0.0037978049367666245,-0.003938190173357725,-0.004342361818999052,-0.004117919132113457,-0.005498647224158049,-0.007557502947747707,-0.006841999012976885,-0.005096179433166981,-0.0056641423143446445,-0.006746303755789995
EXPE,5,2026-04-07 14:45:00+00:00,10:45,-0.006782514043152332,down,-0.0025034283753484488,-0.0002063355641439557,-0.003960759844630957,-0.0033240756019949913,-0.004664677195250988,-0.00655221426859498,-0.008561269380152225,-0.006166771054267883,-0.005614820402115583,-0.004542358685284853,-0.003682307433336973,-0.003924813587218523,-0.005729254335165024,-0.003510761074721813,-0.004616234917193651,-0.005224502645432949,-0.0004253039078321308,-0.0007146279094740748,-0.0017628989880904555,-0.0021956353448331356,-0.0036660959012806416,-0.0060268878005445,-0.005709449760615826,-0.0023871436715126038,-0.007118568755686283,-0.006782514043152332
GEN,5,2026-04-07 14:45:00+00:00,10:45,-0.006838028319180012,down,-0.011913148686289787,-0.008979425765573978,-0.009726346470415592,-0.009756550192832947,-0.012489568442106247,-0.011781514622271061,-0.013548670336604118,-0.013157476671040058,-0.01176166720688343,-0.013519489206373692,-0.014342840760946274,-0.010791612789034843,-0.009980252012610435,-0.00810953974723816,-0.008558879606425762,-0.0108258705586195,-0.007415845524519682,-0.0071385507471859455,-0.007614756468683481,-0.00773229543119669,-0.007954436354339123,-0.010254940018057823,-0.01110064797103405,-0.006674299482256174,-0.008944401517510414,-0.006838028319180012
UBER,5,2026-04-07 14:45:00+00:00,10:45,-0.007047918625175953,down,-0.00011636072304099798,0.0032799686305224895,-5.390674414229579e-05,0.0028272829949855804,4.071717194165103e-05,-0.0034042985644191504,-0.008752299472689629,-0.008209286257624626,-0.00935836136341095,-0.010503127239644527,-0.009499682113528252,-0.007496409583836794,-0.007048042956739664,-0.006795896217226982,-0.00641667190939188,-0.007780762389302254,-0.006076782941818237,-0.00719520915299654,-0.006950468756258488,-0.005993991158902645,-0.0072662103921175,-0.008550145663321018,-0.008236397989094257,-0.005196315702050924,-0.00694706104695797,-0.007047918625175953
VRTX,5,2026-04-07 14:45:00+00:00,10:45,-0.007081529591232538,down,-0.0057083056308329105,-0.006156513467431068,-0.007489710580557585,-0.004960400052368641,-0.0029600278940051794,-0.007699348032474518,-0.008218827657401562,-0.013049407862126827,-0.013872799463570118,-0.012303884141147137,-0.007720000110566616,-0.007416349370032549,-0.008081333711743355,-0.00924100074917078,-0.011028328910470009,-0.011674595065414906,-0.007295390125364065,-0.006857960484921932,-0.012346291914582253,-0.010062153451144695,-0.0030904316809028387,-0.0034476493019610643,-0.0020652927923947573,0.0009392339852638543,-0.0021490564104169607,-0.007081529591232538
NFLX,5,2026-04-07 14:45:00+00:00,10:45,-0.007215811405330896,down,-0.007755895145237446,-0.004074430093169212,-0.010499387979507446,-0.008854160085320473,-0.011975224129855633,-0.01299683004617691,-0.013210318051278591,-0.011281203478574753,-0.01024557277560234,-0.010941516607999802,-0.010773839429020882,-0.011734236031770706,-0.012801675125956535,-0.011786170303821564,-0.010862387716770172,-0.011207126080989838,-0.009899736382067204,-0.009652648121118546,-0.010029162280261517,-0.009292315691709518,-0.008836675435304642,-0.010658228769898415,-0.010470797307789326,-0.007618574891239405,-0.006923029199242592,-0.007215811405330896
HPE,5,2026-04-07 14:45:00+00:00,10:45,-0.0072639258578419685,down,-0.017153538763523102,-0.010109216906130314,-0.012358590960502625,-0.010639875195920467,-0.008313453756272793,-0.00971843209117651,-0.012040983885526657,-0.011721447110176086,-0.012146699242293835,-0.01459195464849472,-0.01183342095464468,-0.01148027554154396,-0.01079599466174841,-0.009837863966822624,-0.008091555908322334,-0.009374001994729042,-0.008431373164057732,-0.009611580520868301,-0.008955998346209526,-0.008374464698135853,-0.009441879577934742,-0.011257425881922245,-0.013144992291927338,-0.006540288683027029,-0.006282659247517586,-0.0072639258578419685
DOW,5,2026-04-07 14:45:00+00:00,10:45,-0.0073358588851988316,down,0.0026663660537451506,0.0035148723982274532,-0.002261512214317918,-0.0008597232517786324,-0.007113834377378225,-0.008397778496146202,-0.009494439698755741,-0.008971949107944965,-0.0064371442422270775,-0.006813414860516787,-0.006211469415575266,-0.007993316277861595,-0.009817552752792835,-0.00964798592031002,-0.007573820650577545,-0.010265029035508633,-0.011035812087357044,-0.010111740790307522,-0.010879937559366226,-0.010020564310252666,-0.011365626938641071,-0.014906579628586769,-0.015444755554199219,-0.00970955565571785,-0.012037206441164017,-0.0073358588851988316
CVX,5,2026-04-07 14:45:00+00:00,10:45,-0.007382158190011978,down,-0.009983034804463387,-0.011016406118869781,-0.012011400423943996,-0.009601703844964504,-0.0053201597183942795,-0.008760145865380764,-0.010225743055343628,-0.010496832430362701,-0.01091991551220417,-0.01082637719810009,-0.006809651385992765,-0.006881075911223888,-0.008129323832690716,-0.009053903631865978,-0.008323820307850838,-0.009421806782484055,-0.0051306914538145065,-0.006091237999498844,-0.00542892562225461,-0.006041768006980419,-0.006863410584628582,-0.010151148773729801,-0.011087270453572273,-0.008703586645424366,-0.010959013365209103,-0.007382158190011978
GLW,5,2026-04-07 14:45:00+00:00,10:45,-0.007462893147021532,down,-0.011531726457178593,-0.01692431978881359,-0.01919722557067871,-0.014823773875832558,-0.01351302582770586,-0.018196145072579384,-0.020401837304234505,-0.014414609409868717,-0.015812886878848076,-0.011775098741054535,-0.008766974322497845,-0.00646405341103673,-0.007549488916993141,-0.007816821336746216,-0.00600937195122242,-0.007936886511743069,-0.00835439469665289,-0.009687290526926517,-0.008946513757109642,-0.009820602834224701,-0.015165576711297035,-0.0177963487803936,-0.021745067089796066,-0.014909835532307625,-0.01346583478152752,-0.007462893147021532
ETN,5,2026-04-07 14:45:00+00:00,10:45,-0.007577017415314913,down,-0.003912006504833698,-0.00416079256683588,-0.007190194446593523,-0.0035504279658198357,-0.005775793921202421,-0.008432398550212383,-0.01147404219955206,-0.008407584391534328,-0.008588500320911407,-0.007887742482125759,-0.005423279479146004,-0.004586962051689625,-0.0039145322516560555,-0.0044846562668681145,-0.005303589627146721,-0.004464869387447834,-0.0029503146652132273,-0.004898218438029289,-0.003771861083805561,-0.005447939038276672,-0.005169481970369816,-0.0080150431022048,-0.007744878530502319,-0.00326942908577621,-0.008882476948201656,-0.007577017415314913
APO,5,2026-04-07 14:45:00+00:00,10:45,-0.007635780610144138,down,-0.005065459292382002,-0.0024718083441257477,-0.003101738402619958,-0.0024048995692282915,-0.0047946469858288765,-0.006952045019716024,-0.00882004015147686,-0.007785874418914318,-0.004028704948723316,-0.007721052970737219,-0.006062959786504507,-0.0058440291322767735,-0.0059021227061748505,-0.0031416851561516523,-0.0020845483522862196,-0.0042155650444328785,-0.0035365456715226173,-0.004118641838431358,-0.005256437696516514,-0.005320699419826269,-0.004873534198850393,-0.006074991077184677,-0.006708432920277119,-0.004789542406797409,-0.007145409006625414,-0.007635780610144138
AMP,5,2026-04-07 14:45:00+00:00,10:45,-0.007883891463279724,down,-0.006229798775166273,-0.007785535417497158,-0.007829548791050911,-0.005355895031243563,-0.010650710202753544,-0.014065571129322052,-0.013914191164076328,-0.019165555015206337,-0.019221244379878044,-0.0152049595490098,-0.009407630190253258,-0.008436083793640137,-0.010172778740525246,-0.010011785663664341,-0.014305554330348969,-0.012264248915016651,-0.011558236554265022,-0.010297015309333801,-0.010416979901492596,-0.014663571491837502,-0.015319299884140491,-0.014708452858030796,-0.013467676937580109,-0.006485297344624996,-0.012447711080312729,-0.007883891463279724
KMB,5,2026-04-07 14:45:00+00:00,10:45,-0.008016186766326427,down,-0.0072568804025650024,-0.001762491767294705,-0.005365521647036076,-0.003668765304610133,-0.0024236198514699936,-0.0044709378853440285,-0.007828527130186558,-0.006675728131085634,-0.00800178200006485,-0.008886193856596947,-0.006002508103847504,-0.00679059000685811,-0.005852086469531059,-0.006568287964910269,-0.008869628421962261,-0.008810291066765785,-0.007024372462183237,-0.008172113448381424,-0.006469569634646177,-0.006283982656896114,-0.005768809467554092,-0.008586962707340717,-0.007999295368790627,-0.007582163438200951,-0.008450707420706749,-0.008016186766326427
SYK,5,2026-04-07 14:45:00+00:00,10:45,-0.008039633743464947,down,-0.006983943283557892,-0.0049271490424871445,-0.006578489206731319,-0.003991562873125076,-0.0032774482388049364,-0.0065847462974488735,-0.008650324307382107,-0.007976382970809937,-0.00874166190624237,-0.007863919250667095,-0.0071593946777284145,-0.0067304037511348724,-0.007122425828129053,-0.007200587075203657,-0.007034085690975189,-0.007848897948861122,-0.005726986099034548,-0.007108695339411497,-0.007170449011027813,-0.007706946227699518,-0.00829397514462471,-0.010500381700694561,-0.011124219745397568,-0.007368487771600485,-0.010126691311597824,-0.008039633743464947
WYNN,5,2026-04-07 14:45:00+00:00,10:45,-0.008046095259487629,down,-0.005630822852253914,-0.0024762002285569906,-0.004047553986310959,-0.004876904189586639,-0.0030225503724068403,-0.006940664257854223,-0.01020737737417221,-0.011282742023468018,-0.01271039992570877,-0.015680642798542976,-0.013924366794526577,-0.013618020340800285,-0.014950951561331749,-0.014524516649544239,-0.012614128179848194,-0.013005669228732586,-0.010868542827665806,-0.011121605522930622,-0.009891273453831673,-0.010292676277458668,-0.009627426974475384,-0.01141794677823782,-0.011930501088500023,-0.0067435759119689465,-0.010490687564015388,-0.008046095259487629
NRG,5,2026-04-07 14:45:00+00:00,10:45,-0.00811232440173626,down,-0.006593943573534489,-0.004128878936171532,-0.007172564975917339,-0.004083280451595783,-0.006255035288631916,-0.009821326471865177,-0.011592675000429153,-0.00989574659615755,-0.010273948311805725,-0.009153766557574272,-0.008447077125310898,-0.007471597287803888,-0.007401780690997839,-0.008527047000825405,-0.008208965882658958,-0.010349860414862633,-0.0069408235140144825,-0.008537511341273785,-0.00821057241410017,-0.008445046842098236,-0.009525670669972897,-0.010361679829657078,-0.011332341469824314,-0.006989568937569857,-0.009964391589164734,-0.00811232440173626
OKE,5,2026-04-07 14:45:00+00:00,10:45,-0.008214610628783703,down,-0.00824252050369978,-0.007049908861517906,-0.005889139138162136,-0.0030956589616835117,-0.0011447453871369362,-0.0037258227821439505,-0.011653111316263676,-0.010233708657324314,-0.00943220779299736,-0.010787157341837883,-0.008847925812005997,-0.008848307654261589,-0.01068184059113264,-0.008545195683836937,-0.007143212016671896,-0.008112980052828789,-0.006929336115717888,-0.009579003788530827,-0.008809943683445454,-0.008749309927225113,-0.010919090360403061,-0.011217190884053707,-0.012780269607901573,-0.009889721870422363,-0.010726076550781727,-0.008214610628783703
PFE,5,2026-04-07 14:45:00+00:00,10:45,-0.008222777396440506,down,-0.01797644980251789,-0.0076869637705385685,-0.01157707441598177,-0.008900253102183342,-0.005661617033183575,-0.005799561273306608,-0.009896960109472275,-0.014211700297892094,-0.012773510068655014,-0.014019830152392387,-0.011183335445821285,-0.007891926914453506,-0.001674326485954225,-0.0037661162205040455,-0.007513039279729128,-0.006436929106712341,-0.004373890347778797,-0.00398721918463707,-0.0036931668873876333,-0.005344226490706205,-0.011152597144246101,-0.016453595831990242,-0.015652209520339966,-0.011517164297401905,-0.011603516526520252,-0.008222777396440506
DIS,5,2026-04-07 14:45:00+00:00,10:45,-0.008280068635940552,down,-0.00545536121353507,-0.00141349365003407,-0.003933663479983807,-0.0022341671865433455,0.0009955937275663018,0.00028546046814881265,-0.0009288456058129668,-0.0025883859489113092,-0.00287727452814579,-0.0027298349887132645,-0.0014359885826706886,-0.0021987147629261017,-0.002150017535313964,-0.0027961768209934235,-0.0021276616025716066,-0.001852161600254476,-0.003092063358053565,-0.0028204515110701323,-0.0025352060329169035,-0.002047240501269698,-0.0026001983787864447,-0.00447280565276742,-0.005857905372977257,-0.004239845089614391,-0.006977499928325415,-0.008280068635940552
ARES,5,2026-04-07 14:45:00+00:00,10:45,-0.008290012367069721,down,-0.002856261795386672,-0.0002978925476782024,-0.0021871242206543684,-0.0032994921784847975,-0.0031774560920894146,-0.0048105427995324135,-0.007871761918067932,-0.006233508698642254,-0.0032877037301659584,-0.005307367071509361,-0.004374434240162373,-0.0040831295773386955,-0.0040978421457111835,-0.002192693529650569,-0.0011920117540284991,-0.003655052976682782,-0.0021145858336240053,-0.004166416823863983,-0.005609316751360893,-0.0048105549067258835,-0.005042998120188713,-0.006959317717701197,-0.007628983352333307,-0.007459339685738087,-0.007930031046271324,-0.008290012367069721
SCHW,5,2026-04-07 14:45:00+00:00,10:45,-0.00832290854305029,down,-0.0069841742515563965,-0.007222251500934362,-0.009462886489927769,-0.007246002089232206,-0.005604651756584644,-0.006839518900960684,-0.009528078138828278,-0.010060912929475307,-0.010385698638856411,-0.01002891268581152,-0.0071694254875183105,-0.008195856586098671,-0.008640252985060215,-0.005579982418566942,-0.00425474438816309,-0.005462561268359423,-0.006050445605069399,-0.006357252597808838,-0.005302161443978548,-0.004586195573210716,-0.006248027551919222,-0.006663370877504349,-0.00840879138559103,-0.005917168688029051,-0.008124010637402534,-0.00832290854305029
INCY,5,2026-04-07 14:45:00+00:00,10:45,-0.00836612656712532,down,-0.004674677271395922,-0.003100054571405053,-0.005638040602207184,-0.003873370122164488,-0.0034505261573940516,-0.005327308550477028,-0.007774892263114452,-0.01115802675485611,-0.014038478024303913,-0.014317799359560013,-0.012774486094713211,-0.011515728197991848,-0.012371747754514217,-0.012239333242177963,-0.01066159550100565,-0.012350926175713539,-0.012607933022081852,-0.011687117628753185,-0.010397424921393394,-0.010272325947880745,-0.01174505241215229,-0.012463754042983055,-0.014251183718442917,-0.009394645690917969,-0.010298614390194416,-0.00836612656712532
ZTS,5,2026-04-07 14:45:00+00:00,10:45,-0.008378833532333374,down,-0.004061318002641201,-0.0023889357689768076,-0.004808909725397825,-0.002952663227915764,-0.003181105712428689,-0.0063817244954407215,-0.00921545084565878,-0.008010387420654297,-0.007160876411944628,-0.008608496747910976,-0.005436686333268881,-0.004171653185039759,-0.004621314816176891,-0.004530631937086582,-0.0034769796766340733,-0.005565522238612175,-0.00308407424017787,-0.0035205367021262646,-0.005407045129686594,-0.004269312601536512,-0.00543941929936409,-0.006158067844808102,-0.007035937625914812,-0.004212524741888046,-0.007844055071473122,-0.008378833532333374
GILD,5,2026-04-07 14:45:00+00:00,10:45,-0.008464292623102665,down,-0.006645143032073975,-0.0031898082233965397,-0.006163247395306826,-0.004870012402534485,-0.004806092940270901,-0.00623379135504365,-0.010667871683835983,-0.009085973724722862,-0.008965223096311092,-0.010590353049337864,-0.006799079943448305,-0.007294878363609314,-0.009216034784913063,-0.008027324452996254,-0.008038215339183807,-0.00827452726662159,-0.005466937553137541,-0.007870592176914215,-0.007413231767714024,-0.006470739375799894,-0.006183524150401354,-0.009306486696004868,-0.011710175313055515,-0.006735284347087145,-0.009335611946880817,-0.008464292623102665
SJM,5,2026-04-07 14:45:00+00:00,10:45,-0.008504056371748447,down,3.025029946002178e-05,0.002100238110870123,-0.00029617256950587034,-0.0006814853404648602,-0.0008492178749293089,-0.0030643523205071688,-0.004642530344426632,-0.005348925478756428,-0.006543037015944719,-0.005509654991328716,-0.003986224066466093,-0.002711433917284012,-0.005013603251427412,-0.0038256437983363867,-0.003409779164940119,-0.004351502284407616,-0.00467523280531168,-0.0048856413923203945,-0.0036632907576858997,-0.0019098131451755762,-0.004423155914992094,-0.005893968511372805,-0.009248532354831696,-0.005718550179153681,-0.0077859871089458466,-0.008504056371748447
ABT,5,2026-04-07 14:45:00+00:00,10:45,-0.008568301796913147,down,-0.0026526518631726503,0.0006264807307161391,-0.0035094041377305984,-0.0017759703332558274,-0.0013235431397333741,-0.0027087382040917873,-0.004743845667690039,-0.005705973599106073,-0.004961985629051924,-0.005496071185916662,-0.00385922915302217,-0.004002279601991177,-0.004312750417739153,-0.005134792532771826,-0.005038823466747999,-0.005981032736599445,-0.005581265315413475,-0.006362025626003742,-0.005352200474590063,-0.004865925293415785,-0.006163174752146006,-0.008103596977889538,-0.007995032705366611,-0.006823564879596233,-0.007756307255476713,-0.008568301796913147
SO,5,2026-04-07 14:45:00+00:00,10:45,-0.00861136894673109,down,-0.007268743123859167,-0.004558882676064968,-0.00466042710468173,-0.0022962691728025675,-0.000479246664326638,-0.0023926147259771824,-0.004453484900295734,-0.004825439769774675,-0.005695382598787546,-0.0070076799020171165,-0.00480087473988533,-0.004048346541821957,-0.005288718268275261,-0.005679896101355553,-0.005741275381296873,-0.007075676694512367,-0.00636599026620388,-0.006430030334740877,-0.005572438705712557,-0.005004450678825378,-0.005797568708658218,-0.00858396477997303,-0.008945583365857601,-0.007232701405882835,-0.007513847667723894,-0.00861136894673109
KHC,5,2026-04-07 14:45:00+00:00,10:45,-0.008641994558274746,down,-0.013257361948490143,-0.007421616930514574,-0.00930946134030819,-0.008104900829494,-0.0068178498186171055,-0.007157947402447462,-0.008758340030908585,-0.010836225934326649,-0.012386105954647064,-0.017677107825875282,-0.012742708437144756,-0.013721805065870285,-0.011551609262824059,-0.009734367951750755,-0.00859325286000967,-0.009254858829081059,-0.009691170416772366,-0.009701729752123356,-0.010497440584003925,-0.008594355545938015,-0.008962244726717472,-0.009584663435816765,-0.010808061808347702,-0.0075164297595620155,-0.00883820466697216,-0.008641994558274746
IQV,5,2026-04-07 14:45:00+00:00,10:45,-0.00867640133947134,down,-0.0024725552648305893,-0.0016813146648928523,-0.006271311081945896,-0.005510404240339994,-0.005430920515209436,-0.006226915400475264,-0.0096913306042552,-0.007653195410966873,-0.007632904686033726,-0.0084321778267622,-0.0057445247657597065,-0.0058348882012069225,-0.007852235808968544,-0.006477926857769489,-0.006512708496302366,-0.00738169951364398,-0.005491998512297869,-0.004420093260705471,-0.006930062547326088,-0.006239774636924267,-0.005737303290516138,-0.006765911355614662,-0.006758290342986584,-0.004973577801138163,-0.007870076224207878,-0.00867640133947134
NTAP,5,2026-04-07 14:45:00+00:00,10:45,-0.00874386541545391,down,-0.0018731519812718034,0.007804390508681536,-0.003914815839380026,-0.0031845930498093367,-0.005276988726109266,-0.007839261554181576,-0.008334801532328129,-0.009166518226265907,-0.008686255663633347,-0.013111931271851063,-0.010846436023712158,-0.013843321241438389,-0.006995432078838348,-0.0068707820028066635,-0.010748341679573059,-0.009435944259166718,-0.008678735233843327,-0.011718705296516418,-0.010698428377509117,-0.014396239072084427,-0.007933561690151691,-0.009343715384602547,-0.007557164411991835,-0.005727717652916908,-0.007358412258327007,-0.00874386541545391
TKO,5,2026-04-07 14:45:00+00:00,10:45,-0.008752917870879173,down,-0.0015419850824400783,0.0017018719809129834,0.0012428503250703216,-0.0007900224300101399,-0.0018246923573315144,-0.0030191135592758656,-0.004387901164591312,-0.0043723066337406635,-0.005837860982865095,-0.007250114809721708,-0.006969917565584183,-0.0071611106395721436,-0.008416160009801388,-0.008108203299343586,-0.008120077662169933,-0.009028822183609009,-0.00939641147851944,-0.007649071514606476,-0.009027914144098759,-0.006489309947937727,-0.007479517254978418,-0.008483843877911568,-0.009762556292116642,-0.008983377367258072,-0.009606624022126198,-0.008752917870879173
PEP,5,2026-04-07 14:45:00+00:00,10:45,-0.009136699140071869,down,-0.004140755161643028,0.0015365621075034142,-0.0018120158929377794,-0.0026808830443769693,-0.001446153037250042,-0.00338092097081244,-0.00567021407186985,-0.008130637928843498,-0.009317737072706223,-0.010450526140630245,-0.007092965766787529,-0.0068836756981909275,-0.008862964808940887,-0.008593692444264889,-0.009145325049757957,-0.01038963533937931,-0.01011646632105112,-0.009332362562417984,-0.009771725162863731,-0.00969076156616211,-0.009095530956983566,-0.010772816836833954,-0.010277347639203072,-0.011567343957722187,-0.01512953545898199,-0.009136699140071869
MRK,5,2026-04-07 14:45:00+00:00,10:45,-0.009143111295998096,down,-0.006935691460967064,-0.0051168580539524555,-0.010523704811930656,-0.003790438873693347,-0.0051737441681325436,-0.011718564666807652,-0.013887128792703152,-0.010863782837986946,-0.011734336614608765,-0.011800820007920265,-0.009025614708662033,-0.008525677025318146,-0.007765915244817734,-0.006132130045443773,-0.006283262278884649,-0.008177094161510468,-0.0068034278228878975,-0.006888560950756073,-0.007923247292637825,-0.008591889403760433,-0.010357450693845749,-0.009917064569890499,-0.00958113744854927,-0.0064961411990225315,-0.009437591768801212,-0.009143111295998096
COO,5,2026-04-07 14:45:00+00:00,10:45,-0.009171340614557266,down,-0.004587286617606878,-0.0009196231258101761,-0.005389060825109482,-0.004281289875507355,-0.0050125871784985065,-0.007630644366145134,-0.012197788804769516,-0.012293541803956032,-0.0147267896682024,-0.017192261293530464,-0.01613697223365307,-0.01396886631846428,-0.011494060978293419,-0.010892106220126152,-0.01124847773462534,-0.01281449943780899,-0.010703608393669128,-0.010753314942121506,-0.010835081338882446,-0.011857163161039352,-0.012258241884410381,-0.012195476330816746,-0.012761049903929234,-0.008552183397114277,-0.011495169252157211,-0.009171340614557266
CRH,5,2026-04-07 14:45:00+00:00,10:45,-0.00931162852793932,down,-0.0089864581823349,-0.0066114854998886585,-0.008618434891104698,-0.006014012265950441,-0.0074902684427797794,-0.007455871440470219,-0.010510641150176525,-0.007860472425818443,-0.008161697536706924,-0.009597337804734707,-0.008143443614244461,-0.007632122840732336,-0.00794080551713705,-0.006712049245834351,-0.006652121432125568,-0.00853053666651249,-0.005787523463368416,-0.0073886229656636715,-0.009058660827577114,-0.0091714421287179,-0.009848302230238914,-0.01148181688040495,-0.011223718523979187,-0.0071174632757902145,-0.010313649661839008,-0.00931162852793932
ADP,5,2026-04-07 14:45:00+00:00,10:45,-0.009317704476416111,down,-0.0072885677218437195,-0.005934079643338919,-0.005915923044085503,-0.0040367236360907555,-0.005409750621765852,-0.007961181923747063,-0.010304884053766727,-0.008926259353756905,-0.0093152467161417,-0.007974476553499699,-0.006291629280894995,-0.006145069841295481,-0.006086324341595173,-0.0057720039039850235,-0.004684141371399164,-0.005543189588934183,-0.0032382362987846136,-0.003314202418550849,-0.004464822821319103,-0.004297992214560509,-0.004803416319191456,-0.005803909618407488,-0.00781745370477438,-0.005797384772449732,-0.009060585871338844,-0.009317704476416111
APP,5,2026-04-07 14:45:00+00:00,10:45,-0.009503104723989964,down,-0.010944325476884842,-0.01409160066395998,-0.02216508612036705,-0.012987203896045685,-0.021542314440011978,-0.021868307143449783,-0.025852655991911888,-0.022042617201805115,-0.0167734045535326,-0.01951812393963337,-0.014942049980163574,-0.014490816742181778,-0.014807064086198807,-0.03547128662467003,-0.04441451653838158,-0.03917041793465614,-0.04269794002175331,-0.030767472460865974,-0.03818570077419281,-0.03372640162706375,-0.03486602380871773,-0.022436976432800293,-0.015010488219559193,-0.007156353443861008,-0.016258444637060165,-0.009503104723989964
UPS,5,2026-04-07 14:45:00+00:00,10:45,-0.009504701942205429,down,-0.006922097411006689,-0.0032231700606644154,-0.007067602593451738,-0.005234622862190008,-0.004443007986992598,-0.004572593607008457,-0.007355853915214539,-0.006321026477962732,-0.008408339694142342,-0.00788327120244503,-0.006462825462222099,-0.0059052761644124985,-0.007740032859146595,-0.007578020449727774,-0.0073437136597931385,-0.009493464604020119,-0.006665493361651897,-0.007900913245975971,-0.008333384059369564,-0.008022008463740349,-0.0072953118942677975,-0.010078959167003632,-0.010314630344510078,-0.006882952991873026,-0.009476948529481888,-0.009504701942205429
SOLV,5,2026-04-07 14:45:00+00:00,10:45,-0.009693221189081669,down,-0.004939469043165445,-0.0009258741047233343,-0.005356949754059315,-0.0030091197695583105,-0.0054110875353217125,-0.007846883498132229,-0.010483315214514732,-0.011091675609350204,-0.012482970952987671,-0.013425866141915321,-0.014103857800364494,-0.01312027033418417,-0.01272697001695633,-0.01251097209751606,-0.010012836195528507,-0.011054097674787045,-0.008865883573889732,-0.008789232932031155,-0.009601904079318047,-0.010814805515110493,-0.010122117586433887,-0.011724605225026608,-0.012049729004502296,-0.00752695556730032,-0.011138229630887508,-0.009693221189081669
KEY,5,2026-04-07 14:45:00+00:00,10:45,-0.009722378104925156,down,-0.006980776321142912,-0.005782146472483873,-0.0075716180726885796,-0.009074822999536991,-0.008034338243305683,-0.007312830071896315,-0.008430263958871365,-0.010834719985723495,-0.010496387258172035,-0.0129774184897542,-0.010264256969094276,-0.011680401861667633,-0.011904889717698097,-0.0131282489746809,-0.009344647638499737,-0.010327247902750969,-0.010421466082334518,-0.011139465495944023,-0.011447789147496223,-0.008963302709162235,-0.008331435732543468,-0.01041561271995306,-0.009260430000722408,-0.007964754477143288,-0.00914981309324503,-0.009722378104925156
KVUE,5,2026-04-07 14:45:00+00:00,10:45,-0.009778096340596676,down,-0.007391373626887798,-0.0027419263496994972,-0.004957897588610649,-0.003529289737343788,-0.003744615474715829,-0.003953539300709963,-0.006266479846090078,-0.007339437957853079,-0.00798494927585125,-0.009704623371362686,-0.007764478214085102,-0.007828646339476109,-0.007142056245356798,-0.00648792227730155,-0.008163250982761383,-0.008337868377566338,-0.007557340897619724,-0.007004983257502317,-0.007662324700504541,-0.006621118634939194,-0.005787251051515341,-0.00918252021074295,-0.010719964280724525,-0.0067093344405293465,-0.009713209234178066,-0.009778096340596676
PAYX,5,2026-04-07 14:45:00+00:00,10:45,-0.009819688275456429,down,-0.0053745754994452,-0.0028866007924079895,-0.004603774752467871,-0.002610074356198311,-0.004291970282793045,-0.005765018053352833,-0.00908287987112999,-0.00806107372045517,-0.006516407709568739,-0.006455950904637575,-0.006087191868573427,-0.005086063873022795,-0.005440217442810535,-0.0036171674728393555,-0.002342126565054059,-0.0037439209409058094,-0.0013756246771663427,-0.0016044999938458204,-0.0028683876153081656,-0.0030569550581276417,-0.0044397516176104546,-0.0055619231425225735,-0.007051229011267424,-0.0037624682299792767,-0.008839662186801434,-0.009819688275456429
IVZ,5,2026-04-07 14:45:00+00:00,10:45,-0.00987202674150467,down,-0.013616278767585754,-0.006891550030559301,-0.011954101733863354,-0.010999741032719612,-0.017051229253411293,-0.01782071217894554,-0.01934952102601528,-0.013714798726141453,-0.01439217384904623,-0.010779649950563908,-0.009065588936209679,-0.009317566640675068,-0.008343660272657871,-0.005651939194649458,-0.003946391399949789,-0.006593210157006979,-0.003781431121751666,-0.004140276927500963,-0.005672133527696133,-0.00957811251282692,-0.012172885239124298,-0.0142356613650918,-0.011435804888606071,-0.005091478116810322,-0.009263137355446815,-0.00987202674150467
NEE,5,2026-04-07 14:45:00+00:00,10:45,-0.011267919093370438,down,-0.006909762043505907,-0.0067078047432005405,-0.008573945611715317,-0.006009251344949007,-0.00540994992479682,-0.00643962062895298,-0.009110433980822563,-0.011281696148216724,-0.01187895331531763,-0.011942083947360516,-0.009694541804492474,-0.01012052595615387,-0.011980620212852955,-0.009807026945054531,-0.011052134446799755,-0.012123461812734604,-0.014574525877833366,-0.012925845570862293,-0.010926803573966026,-0.009489093907177448,-0.011808125302195549,-0.013386351987719536,-0.016918981447815895,-0.013156644999980927,-0.01300776470452547,-0.011267919093370438
NEM,5,2026-04-07 14:45:00+00:00,10:45,-0.01159680262207985,down,-0.011101797223091125,-0.013777036219835281,-0.014512666501104832,-0.008640231564640999,-0.010785060934722424,-0.009659064933657646,-0.012705376371741295,-0.012508192099630833,-0.014224371872842312,-0.011638413183391094,-0.008882574737071991,-0.00897175446152687,-0.007322337944060564,-0.00827363133430481,-0.008103358559310436,-0.008423181250691414,-0.00816816370934248,-0.007173016667366028,-0.010411424562335014,-0.012760029174387455,-0.015342515893280506,-0.01627405732870102,-0.016911014914512634,-0.013615691103041172,-0.01754487305879593,-0.01159680262207985
CTAS,5,2026-04-07 14:45:00+00:00,10:45,-0.011599238030612469,down,-0.005632501095533371,-0.0022280984558165073,-0.006626683287322521,-0.004673650488257408,-0.0056210835464298725,-0.007977024652063847,-0.011391968466341496,-0.008453660644590855,-0.007973901927471161,-0.006106143817305565,-0.0034945898223668337,-0.0036611862014979124,-0.003884287551045418,-0.004831616301089525,-0.007939684204757214,-0.008046709932386875,-0.004343770444393158,-0.003992685582488775,-0.004682205617427826,-0.0034688685555011034,-0.004282912705093622,-0.007096691057085991,-0.007499563507735729,-0.004722013603895903,-0.010695144534111023,-0.011599238030612469
LYB,5,2026-04-07 14:45:00+00:00,10:45,-0.011898068711161613,down,-0.006738069001585245,-0.0026640919968485832,-0.004352552816271782,-0.0016190304886549711,-0.007186463568359613,-0.008101463317871094,-0.009137042798101902,-0.0054624564945697784,-0.007122022099792957,-0.00693103251978755,-0.005519626196473837,-0.008339694701135159,-0.0064484914764761925,-0.005728970281779766,-0.005721956957131624,-0.005863231141120195,-0.008528582751750946,-0.010524837300181389,-0.010548003949224949,-0.012349593453109264,-0.009627903811633587,-0.013103595934808254,-0.014328653924167156,-0.010085386224091053,-0.013458140194416046,-0.011898068711161613
CMCSA,5,2026-04-07 14:45:00+00:00,10:45,-0.012694434262812138,down,-0.008760576136410236,-0.005665021948516369,-0.0062114167958498,-0.005203483160585165,-0.0036393480841070414,-0.006300659384578466,-0.008819600567221642,-0.008442429825663567,-0.007171656936407089,-0.012332034297287464,-0.01207460556179285,-0.01157083734869957,-0.009642155840992928,-0.01233721524477005,-0.011029568500816822,-0.011577161028981209,-0.011293335817754269,-0.01184828020632267,-0.011237747967243195,-0.00935371220111847,-0.010205483064055443,-0.011538613587617874,-0.012543202377855778,-0.011218922212719917,-0.012484799139201641,-0.012694434262812138
NOW,5,2026-04-07 14:45:00+00:00,10:45,-0.012791849672794342,down,-0.010653043165802956,-0.006921406369656324,-0.01653667725622654,-0.01165162492543459,-0.017173226922750473,-0.01653580740094185,-0.020311681553721428,-0.018338864669203758,-0.019762568175792694,-0.014936545863747597,-0.010996746830642223,-0.012756213545799255,-0.012559681199491024,-0.009007985703647137,-0.01314583420753479,-0.009653647430241108,-0.008402213454246521,-0.010169231332838535,-0.01220400258898735,-0.012579301372170448,-0.009656568989157677,-0.011726638302206993,-0.010831457562744617,-0.004712847527116537,-0.009029139764606953,-0.012791849672794342
CPB,5,2026-04-07 14:45:00+00:00,10:45,-0.013937205076217651,down,-0.014235450886189938,-0.009250275790691376,-0.011380422860383987,-0.010030729696154594,-0.014994142577052116,-0.015430059283971786,-0.0168948695063591,-0.019314218312501907,-0.017357412725687027,-0.018193241208791733,-0.01728794537484646,-0.013248121365904808,-0.010411147959530354,-0.008700062520802021,-0.010631140321493149,-0.011824131943285465,-0.012733150273561478,-0.012932322919368744,-0.01216017547994852,-0.013400256633758545,-0.016068918630480766,-0.01888757012784481,-0.016971401870250702,-0.014416833408176899,-0.01742423139512539,-0.013937205076217651
NCLH,5,2026-04-07 14:45:00+00:00,10:45,-0.01481329184025526,down,-0.02085535041987896,-0.014015957713127136,-0.021976713091135025,-0.018270058557391167,-0.017978832125663757,-0.01845528930425644,-0.021740149706602097,-0.023330841213464737,-0.026857400313019753,-0.024329088628292084,-0.020993942394852638,-0.01696741208434105,-0.011436517350375652,-0.01040109433233738,-0.015498709864914417,-0.01906430721282959,-0.015106918290257454,-0.012548151426017284,-0.012637689709663391,-0.01366829127073288,-0.016640424728393555,-0.022540390491485596,-0.020967599004507065,-0.015581854619085789,-0.019107893109321594,-0.01481329184025526
HRL,5,2026-04-07 14:45:00+00:00,10:45,-0.015620991587638855,down,-0.012501465156674385,-0.009956330992281437,-0.01232768315821886,-0.015255910344421864,-0.01657716929912567,-0.01646561548113823,-0.018508469685912132,-0.02040921151638031,-0.01915043778717518,-0.021334806457161903,-0.021346738561987877,-0.019522441551089287,-0.015951868146657944,-0.017518246546387672,-0.016683246940374374,-0.017559226602315903,-0.013827264308929443,-0.013873781077563763,-0.015557517297565937,-0.01608501374721527,-0.0158443171530962,-0.01620720699429512,-0.016251442953944206,-0.015602407976984978,-0.01739536225795746,-0.015620991587638855
TTD,5,2026-04-07 14:45:00+00:00,10:45,-0.01759725622832775,down,-0.018790900707244873,-0.006762620992958546,-0.013215758837759495,-0.012334060855209827,-0.01887059211730957,-0.020327899605035782,-0.02566426619887352,-0.024656319990754128,-0.0255576279014349,-0.023992452770471573,-0.022863924503326416,-0.02333957701921463,-0.024863192811608315,-0.017991364002227783,-0.018464723601937294,-0.01997799426317215,-0.01811635121703148,-0.019444173201918602,-0.022724810987710953,-0.02434110827744007,-0.0274801105260849,-0.029216526076197624,-0.027768677100539207,-0.020311441272497177,-0.027117805555462837,-0.01759725622832775
PCG,5,2026-04-07 14:45:00+00:00,10:45,-0.018938187509775162,down,-0.006080737803131342,-0.003399650566279888,-0.004227429162710905,-0.005354028195142746,-0.004841461777687073,-0.004994305316358805,-0.006214108783751726,-0.010720845311880112,-0.012883874587714672,-0.014781760983169079,-0.013535430654883385,-0.01396275870501995,-0.01380167156457901,-0.012125932611525059,-0.015518713742494583,-0.015926573425531387,-0.016003649681806564,-0.01664932630956173,-0.015687383711338043,-0.013446821831166744,-0.01372305117547512,-0.016536297276616096,-0.017420073971152306,-0.01590391993522644,-0.017301786690950394,-0.018938187509775162
GNRC,5,2026-04-07 14:45:00+00:00,10:45,-0.022079603746533394,down,-0.004729917738586664,-0.00914924405515194,-0.010718414559960365,-0.011734753847122192,-0.017954036593437195,-0.013256257399916649,-0.015062862075865269,-0.013872827403247356,-0.016895275563001633,-0.013518801890313625,-0.015190575271844864,-0.012670915573835373,-0.01760169304907322,-0.018614910542964935,-0.020321199670433998,-0.023854948580265045,-0.02235637791454792,-0.018655497580766678,-0.025671986863017082,-0.021236255764961243,-0.014654312282800674,-0.02077495865523815,-0.019705263897776604,-0.01463224459439516,-0.022858301177620888,-0.022079603746533394
HST,5,2026-04-07 14:45:00+00:00,10:45,-0.02475910447537899,down,-0.005276837851852179,-0.004587225615978241,-0.009130233898758888,-0.011478499509394169,-0.012462561950087547,-0.012450856156647205,-0.015610727481544018,-0.017189456149935722,-0.015983236953616142,-0.01742798648774624,-0.019852308556437492,-0.016873614862561226,-0.01800304278731346,-0.018062736839056015,-0.017442960292100906,-0.01881086267530918,-0.016420969739556313,-0.017259590327739716,-0.020040147006511688,-0.01891939714550972,-0.022549470886588097,-0.0238213911652565,-0.024049818515777588,-0.021179314702749252,-0.02582681179046631,-0.02475910447537899
KIM,5,2026-04-07 14:45:00+00:00,10:45,-0.030611010268330574,down,-0.0035429506096988916,-0.0015566038200631738,-0.005365048535168171,-0.005434734281152487,-0.004615830723196268,-0.006786371115595102,-0.011354758404195309,-0.011263861320912838,-0.008610033430159092,-0.010911582969129086,-0.007417450658977032,-0.007117338478565216,-0.007596057839691639,-0.00863166619092226,-0.008833624422550201,-0.010274558328092098,-0.00562260439619422,-0.00575227802619338,-0.009146874770522118,-0.007869884371757507,-0.016895784065127373,-0.017847293987870216,-0.02348327450454235,-0.022811679169535637,-0.03147357329726219,-0.030611010268330574
SMCI,5,2026-04-07 14:45:00+00:00,10:45,-0.0413026325404644,down,-0.022993139922618866,-0.026749301701784134,-0.03320394828915596,-0.033610351383686066,-0.03543870151042938,-0.040232278406620026,-0.041538141667842865,-0.038430143147706985,-0.03936539217829704,-0.03612684831023216,-0.034716736525297165,-0.02814321219921112,-0.025600727647542953,-0.02550475299358368,-0.026766369119286537,-0.029528915882110596,-0.02406524494290352,-0.027431370690464973,-0.028975438326597214,-0.02723703533411026,-0.042258646339178085,-0.046504974365234375,-0.04910324513912201,-0.04455536976456642,-0.04878726974129677,-0.0413026325404644
