symbol,step,as_of_ts,slot_label,predicted_full_day_return,predicted_direction,pred_log_return_h00,pred_log_return_h01,pred_log_return_h02,pred_log_return_h03,pred_log_return_h04,pred_log_return_h05,pred_log_return_h06,pred_log_return_h07,pred_log_return_h08,pred_log_return_h09,pred_log_return_h10,pred_log_return_h11,pred_log_return_h12,pred_log_return_h13,pred_log_return_h14,pred_log_return_h15,pred_log_return_h16,pred_log_return_h17,pred_log_return_h18,pred_log_return_h19,pred_log_return_h20,pred_log_return_h21,pred_log_return_h22,pred_log_return_h23,pred_log_return_h24,pred_log_return_h25
PSKY,24,2026-04-07 19:30:00+00:00,15:30,0.08384573459625244,up,0.055246323347091675,0.0985378846526146,0.04927527531981468,0.048395849764347076,0.06015459820628166,0.06588248908519745,0.06260722875595093,0.06100260093808174,0.059748705476522446,0.05382666364312172,0.06952204555273056,0.07581241428852081,0.07075529545545578,0.073972187936306,0.08098036795854568,0.07503093779087067,0.07918938249349594,0.07411584258079529,0.07476161420345306,0.07186312973499298,0.07194960117340088,0.07097247242927551,0.074242502450943,0.0766868144273758,0.07402997463941574,0.08384573459625244
GOOGL,24,2026-04-07 19:30:00+00:00,15:30,0.034838803112506866,up,0.007640754338353872,-0.004225420765578747,-0.005666785873472691,-0.0008343346999026835,-0.0022378242574632168,-0.0068676830269396305,0.002307772170752287,0.007100270129740238,0.007059265859425068,0.006705850828438997,0.008234627544879913,0.019149092957377434,0.023291049525141716,0.022406885400414467,0.02333446964621544,0.021932784467935562,0.029794542118906975,0.027624666690826416,0.0284124743193388,0.026814548298716545,0.023170411586761475,0.021410582587122917,0.022389139980077744,0.028192315250635147,0.027026787400245667,0.034838803112506866
UNH,24,2026-04-07 19:30:00+00:00,15:30,0.03427572548389435,up,0.005604625679552555,-0.013864814303815365,-0.01864750310778618,-0.00566514628008008,-0.00807520467787981,-0.010043378919363022,-0.010662001557648182,-0.006383833941072226,-0.011431691236793995,-0.0026824225205928087,0.0046896967105567455,0.00717034051194787,0.010151787661015987,0.01274032611399889,0.010313770733773708,0.006410104222595692,0.015626128762960434,0.011399298906326294,0.007961337454617023,0.008373089134693146,0.009737808257341385,0.004955341573804617,0.005335593596100807,0.012540898285806179,0.013893877156078815,0.03427572548389435
CF,24,2026-04-07 19:30:00+00:00,15:30,0.032316576689481735,up,0.024593912065029144,0.027922334149479866,0.026837576180696487,0.026420023292303085,0.02459883689880371,0.025928251445293427,0.023222217336297035,0.023327447474002838,0.019979339092969894,0.021357284858822823,0.029773689806461334,0.025775332003831863,0.0229884572327137,0.025451458990573883,0.02726803347468376,0.028572842478752136,0.027562595903873444,0.025490563362836838,0.030216431245207787,0.0289666336029768,0.02666904218494892,0.024484962224960327,0.02640528976917267,0.022645367309451103,0.028583046048879623,0.032316576689481735
GE,24,2026-04-07 19:30:00+00:00,15:30,0.030949721112847328,up,0.00876817386597395,0.005578483920544386,0.009930452331900597,0.008528481237590313,0.008919200859963894,0.00829401332885027,0.00648465845733881,0.009226544760167599,0.009312301874160767,0.012639304623007774,0.015062164515256882,0.02262156456708908,0.021008193492889404,0.021707607433199883,0.018008409067988396,0.017266929149627686,0.019879069179296494,0.021767230704426765,0.023098131641745567,0.01840338110923767,0.020042935386300087,0.01768326386809349,0.019297506660223007,0.025491932407021523,0.025126859545707703,0.030949721112847328
ELV,24,2026-04-07 19:30:00+00:00,15:30,0.030445504933595657,up,0.004152917303144932,-0.0031690848991274834,-0.0038388220127671957,0.003082343377172947,0.0012363496934995055,-0.002694948809221387,-0.004952540155500174,-0.00046849626232869923,0.00033321353839710355,0.0015538152074441314,0.007338820490986109,0.009187260642647743,0.01575690321624279,0.01959322579205036,0.017793923616409302,0.011415814980864525,0.017197776585817337,0.016076061874628067,0.012755364179611206,0.011875351890921593,0.012463741935789585,0.01261854637414217,0.01621917076408863,0.022797273471951485,0.023420147597789764,0.030445504933595657
OMC,24,2026-04-07 19:30:00+00:00,15:30,0.02567422017455101,up,0.01636538654565811,0.015355215407907963,0.016242625191807747,0.020214078947901726,0.02372107468545437,0.019964756444096565,0.018837666139006615,0.01917114667594433,0.02116023562848568,0.019631877541542053,0.020198820158839226,0.02393684908747673,0.02205761708319187,0.02242196351289749,0.026983564719557762,0.02006169594824314,0.021131718531250954,0.02217954583466053,0.020395709201693535,0.021595465019345284,0.020339161157608032,0.016275303438305855,0.018035557121038437,0.02572702243924141,0.023190030828118324,0.02567422017455101
MCD,24,2026-04-07 19:30:00+00:00,15:30,0.023730037733912468,up,0.010430358350276947,0.01207383070141077,0.014898371882736683,0.01181490533053875,0.01469118706882,0.01323430985212326,0.014259127900004387,0.011982620693743229,0.013638264499604702,0.011700850911438465,0.013442523777484894,0.01815994456410408,0.016109127551317215,0.015866803005337715,0.014245136640965939,0.015225120820105076,0.015109257772564888,0.017310436815023422,0.016787847504019737,0.01704387180507183,0.014629881829023361,0.01617913320660591,0.012276955880224705,0.013018408790230751,0.01192254014313221,0.023730037733912468
DPZ,24,2026-04-07 19:30:00+00:00,15:30,0.023573921993374825,up,0.0026121949777007103,0.0011880721431225538,-0.0002995643299072981,0.008507253602147102,0.005605822894722223,0.005303774029016495,0.002296523889526725,0.005512423813343048,0.0033277978654950857,0.004518978297710419,0.009005018509924412,0.008628271520137787,0.0077561624348163605,0.008317974396049976,0.008783161640167236,0.0060442970134317875,0.011486434377729893,0.010468224994838238,0.00408969959244132,0.004956369288265705,0.010167466476559639,0.011852515861392021,0.012510793283581734,0.014346295967698097,0.014765292406082153,0.023573921993374825
HLT,24,2026-04-07 19:30:00+00:00,15:30,0.02221456728875637,up,0.007624129764735699,0.004562523681670427,0.006289276294410229,0.008854232728481293,0.0063201505690813065,0.005664082709699869,0.0030191901605576277,0.006372716743499041,0.002205869182944298,0.0008243737393058836,0.005041180178523064,0.005378616042435169,0.008090882562100887,0.009285097010433674,0.010222088545560837,0.0069698914885520935,0.00959854107350111,0.010894808918237686,0.011372922919690609,0.007877817377448082,0.005184903275221586,0.0026983798015862703,0.002243440831080079,0.010084525682032108,0.008320084773004055,0.02221456728875637
INTC,24,2026-04-07 19:30:00+00:00,15:30,0.02213169075548649,up,0.007149907760322094,-0.00979169737547636,-0.013210155069828033,-0.005875943694263697,-0.003735574660822749,-0.002534089144319296,-0.00668489933013916,0.003487103618681431,-0.0032530769240111113,-0.0013961914228275418,0.008021748624742031,0.014971340075135231,0.023694753646850586,0.017198365181684494,0.01954450085759163,0.01695510931313038,0.014440642669796944,0.01464004721492529,0.01761065609753132,0.013832642696797848,0.010271413251757622,0.0004860643239226192,0.004561472684144974,0.0109285619109869,0.013730579987168312,0.02213169075548649
LYV,24,2026-04-07 19:30:00+00:00,15:30,0.021960055455565453,up,-0.0016443050699308515,0.0002147956402041018,-0.0027358976658433676,-0.00011951872147619724,0.00015530444215983152,0.000620962877292186,-0.006138598080724478,-0.001067939680069685,-0.004464862868189812,-0.001423188135959208,-0.0011012527393177152,0.0016721111023798585,0.00215418660081923,0.002404832746833563,0.002133116591721773,0.0009724287083372474,0.004987818654626608,0.002997681964188814,0.0025263119023293257,0.0010091773001477122,0.005076903384178877,0.005650893319398165,0.01073137391358614,0.01887126825749874,0.015609193593263626,0.021960055455565453
PM,24,2026-04-07 19:30:00+00:00,15:30,0.02187955193221569,up,0.008037641644477844,0.00942597072571516,0.009037021547555923,0.012453369796276093,0.012319149449467659,0.009100929833948612,0.0075728860683739185,0.012101493775844574,0.009560730308294296,0.012935008853673935,0.017535334452986717,0.017242485657334328,0.017992613837122917,0.02007749117910862,0.018419677391648293,0.01924928091466427,0.02233925834298134,0.020294873043894768,0.019954100251197815,0.02025500498712063,0.020741622895002365,0.02132459357380867,0.025293610990047455,0.025003107264637947,0.02148335799574852,0.02187955193221569
EOG,24,2026-04-07 19:30:00+00:00,15:30,0.02089945413172245,up,0.01735323667526245,0.02043016441166401,0.022685687988996506,0.025176458060741425,0.02563009224832058,0.024194667115807533,0.025933900848031044,0.02480616234242916,0.019698698073625565,0.019345832988619804,0.02209480293095112,0.02327241748571396,0.022625572979450226,0.02231680229306221,0.023609841242432594,0.02393115870654583,0.024977227672934532,0.02384461835026741,0.02583271823823452,0.023681873455643654,0.022645963355898857,0.021023008972406387,0.024251015856862068,0.02401660941541195,0.02357112057507038,0.02089945413172245
WDC,24,2026-04-07 19:30:00+00:00,15:30,0.02079448290169239,up,0.009907804429531097,-0.0030410313047468662,-0.007610704749822617,0.0008144720341078937,-0.004672082606703043,-0.006523389834910631,-0.00592059874907136,-0.00032195160747505724,-0.001639590598642826,0.007756519131362438,0.011791501194238663,0.00889188889414072,0.009660008363425732,0.011244877241551876,0.014051918871700764,0.011758420616388321,0.010375523939728737,0.010292130522429943,0.010598476976156235,0.006583091337233782,0.005791583564132452,0.0018233399605378509,-7.241487764986232e-05,0.0045042941346764565,0.007632499560713768,0.02079448290169239
CI,24,2026-04-07 19:30:00+00:00,15:30,0.02017912268638611,up,0.00978634599596262,0.007006042171269655,0.005468845833092928,0.007158601190894842,0.005702497903257608,0.0023635351099073887,-0.002607490634545684,0.0029857421759516,0.0030690813437104225,0.0053698052652180195,0.010832413099706173,0.012744630686938763,0.011855860240757465,0.011924274265766144,0.008884798735380173,0.0078073712065815926,0.011244723573327065,0.009494719095528126,0.007205841597169638,0.005902914330363274,0.009668702259659767,0.004687474574893713,0.013050355948507786,0.020397942513227463,0.015208039432764053,0.02017912268638611
MKC,24,2026-04-07 19:30:00+00:00,15:30,0.019874734804034233,up,0.01063186302781105,0.01227287482470274,0.010777613148093224,0.013180943205952644,0.011000024154782295,0.00993562676012516,0.008353653363883495,0.009697596542537212,0.012123237363994122,0.012467564083635807,0.013348341919481754,0.015237221494317055,0.015658702701330185,0.01791982725262642,0.01759166829288006,0.016073135659098625,0.017747433856129646,0.018045131117105484,0.0191299207508564,0.019681019708514214,0.016019703820347786,0.015091695822775364,0.016590172424912453,0.018239695578813553,0.019131740555167198,0.019874734804034233
DVN,24,2026-04-07 19:30:00+00:00,15:30,0.019652623683214188,up,0.012760818935930729,0.015051024965941906,0.01658138819038868,0.014793243259191513,0.013095066882669926,0.01510844100266695,0.012471592985093594,0.014853754080832005,0.01253626961261034,0.010301921516656876,0.009219050407409668,0.009041585959494114,0.008395787328481674,0.008753339760005474,0.012434938922524452,0.012356476858258247,0.009426101110875607,0.012856871820986271,0.01154174655675888,0.014304479584097862,0.012750652618706226,0.012885996140539646,0.014645152725279331,0.016120029613375664,0.014181425794959068,0.019652623683214188
GOOG,24,2026-04-07 19:30:00+00:00,15:30,0.019313249737024307,up,0.008946551010012627,-0.0013941493816673756,-0.0021563696209341288,-0.0006255283951759338,0.002915868302807212,-0.0011835165787488222,0.006186498329043388,0.0054692672565579414,0.0054909405298531055,0.0028839423321187496,0.0066670989617705345,0.014825724065303802,0.01772797480225563,0.015886634588241577,0.01589317061007023,0.013233693316578865,0.019255254417657852,0.0205171350389719,0.01579377055168152,0.01467910222709179,0.014077027328312397,0.011871016584336758,0.009893090464174747,0.010970832780003548,0.01085940282791853,0.019313249737024307
GM,24,2026-04-07 19:30:00+00:00,15:30,0.019208991900086403,up,0.008546924218535423,0.012452162802219391,0.008275029249489307,0.008027901872992516,0.016742827370762825,0.012483052909374237,0.013570011593401432,0.015267555601894855,0.013539745472371578,0.009689713828265667,0.009927595034241676,0.013044782914221287,0.014502696692943573,0.013264011591672897,0.01696803979575634,0.015842031687498093,0.01776292733848095,0.010975338518619537,0.01180631946772337,0.015314599499106407,0.01692482829093933,0.010734276846051216,0.011525994166731834,0.012226422317326069,0.008632797747850418,0.019208991900086403
HUM,24,2026-04-07 19:30:00+00:00,15:30,0.01806064322590828,up,0.003113511251285672,-0.00022559364151675254,-0.005812634713947773,0.00024078073329292238,-0.00010905427188845351,-0.0013927684631198645,-0.003504836233332753,0.0018489448120817542,0.00018275517504662275,0.005104992538690567,0.007170944940298796,0.010786818340420723,0.009552422910928726,0.008562111295759678,0.005009378772228956,0.003618245478719473,0.009939995594322681,0.005344218574464321,0.008313978090882301,0.009511721320450306,0.00377749209292233,0.00020840125216636807,0.007491330616176128,0.016276102513074875,0.019976941868662834,0.01806064322590828
CNC,24,2026-04-07 19:30:00+00:00,15:30,0.01771978847682476,up,0.005292478017508984,0.0010173688642680645,-0.0013277506222948432,0.0012708167778328061,-0.0004404968349263072,-0.0015500299632549286,-0.0013412473490461707,0.0013435793807730079,-0.00590983172878623,2.7298296117805876e-05,0.005460438784211874,0.0042601884342730045,0.004482153337448835,0.013408465310931206,0.01074217353016138,0.007022076286375523,0.008877885527908802,0.0075604794546961784,0.006252848543226719,0.005391489714384079,0.007249853108078241,0.004019919317215681,0.008246333338320255,0.01737022213637829,0.012767752632498741,0.01771978847682476
CL,24,2026-04-07 19:30:00+00:00,15:30,0.01741328276693821,up,0.003050832776352763,0.007680885028094053,0.005664942320436239,0.009016109630465508,0.007951222360134125,0.007776332087814808,0.00706394063308835,0.008212748914957047,0.010700364597141743,0.010073904879391193,0.012276291847229004,0.011310919187963009,0.014719737693667412,0.017313681542873383,0.01785242184996605,0.016164133325219154,0.017719579860568047,0.017265532165765762,0.015594753436744213,0.01476427260786295,0.016287490725517273,0.01495315320789814,0.014058660715818405,0.018018798902630806,0.014448181726038456,0.01741328276693821
CVNA,24,2026-04-07 19:30:00+00:00,15:30,0.01649201288819313,up,-0.01857832819223404,-0.02167625166475773,-0.02534610591828823,-0.021168066188693047,-0.02312570996582508,-0.026354355737566948,-0.025417132303118706,-0.01828656904399395,-0.015165174379944801,-0.013185255229473114,-0.0071589164435863495,-0.005175584927201271,-0.001663940493017435,0.0018002009019255638,0.007316332310438156,0.0018830447224900126,0.008623826317489147,0.006407955661416054,0.00926539022475481,0.004458534996956587,-0.00014144601300358772,-0.00463374238461256,-0.0037063765339553356,-0.00011363828525645658,0.004081549122929573,0.01649201288819313
MAR,24,2026-04-07 19:30:00+00:00,15:30,0.016174357384443283,up,-0.002265492919832468,-0.002063391963019967,-0.0015537439612671733,0.005432357545942068,0.000992491957731545,-2.1715204638894647e-05,-0.004149626474827528,-0.0004285623726900667,-0.003074412699788809,-0.005381438881158829,-0.00240294449031353,-0.0010854029096662998,-0.0010621548863127828,0.0001176487494376488,-0.0011293463176116347,-0.004364908207207918,-0.0010138229699805379,-0.0003892173117492348,-0.00381795153953135,0.00023723157937638462,0.002865817630663514,0.002082585357129574,0.0016483137151226401,0.008255776949226856,0.006597472354769707,0.016174357384443283
LITE,24,2026-04-07 19:30:00+00:00,15:30,0.016100892797112465,up,-0.00041475833859294653,-0.01057970430701971,-0.011683848686516285,-0.003916277550160885,-0.006167424377053976,-0.012686528265476227,-0.013831610791385174,-0.006589872762560844,-0.01091818604618311,-0.0012248202692717314,-7.084720709826797e-05,0.004331293050199747,0.0036453159991651773,0.0031947351526468992,0.0032261786982417107,0.003419336164370179,0.0026602528523653746,-0.0015367999440059066,0.0010091447038576007,0.0006567660020664334,-0.004427238833159208,-0.011001793667674065,-0.00837650801986456,-0.004210790153592825,0.002152519766241312,0.016100892797112465
CCI,24,2026-04-07 19:30:00+00:00,15:30,0.015414968132972717,up,0.003841849509626627,0.0036631750408560038,0.003842421341687441,0.0057655079290270805,0.011068286374211311,0.010179180651903152,0.00476002786308527,0.006484410725533962,0.005675178952515125,0.008100494742393494,0.009350254200398922,0.012424458749592304,0.015756215900182724,0.015198811888694763,0.013977701775729656,0.012240514159202576,0.015558264218270779,0.014998802915215492,0.014518673531711102,0.015105498023331165,0.015154572203755379,0.008733714930713177,0.008185078389942646,0.014847352169454098,0.014364644885063171,0.015414968132972717
AMD,24,2026-04-07 19:30:00+00:00,15:30,0.01531700138002634,up,-0.005146699957549572,-0.012998675927519798,-0.016519194468855858,-0.012398107908666134,-0.013720985502004623,-0.016478214412927628,-0.015975693240761757,-0.011463391594588757,-0.016355758532881737,-0.013602412305772305,-0.00836985930800438,-0.008730102330446243,-0.0089315976947546,-0.007040070369839668,-0.009171842597424984,-0.01017965842038393,-0.008462752215564251,-0.009955734014511108,-0.009005995467305183,-0.008044842630624771,-0.007636651396751404,-0.010811349377036095,-0.007608013227581978,0.004820836242288351,0.008876190520823002,0.01531700138002634
PSX,24,2026-04-07 19:30:00+00:00,15:30,0.014596166089177132,up,-0.00297174253500998,0.004569362383335829,-0.0003096135624218732,0.0018284143880009651,0.0052696638740599155,0.005290127359330654,0.009599221870303154,0.009202270768582821,0.010814843699336052,0.011427382007241249,0.012609156779944897,0.008067226968705654,0.006297216285020113,0.011084511876106262,0.012513152323663235,0.012401302345097065,0.012143868952989578,0.007159415166825056,0.006129960063844919,0.006388140842318535,0.009227799251675606,0.007847750559449196,0.008689437992870808,0.011740368790924549,0.013445592485368252,0.014596166089177132
SYY,24,2026-04-07 19:30:00+00:00,15:30,0.014412544667720795,up,0.00228225183673203,0.0007151621975935996,-0.0022091069258749485,-0.004670366179198027,0.008637103252112865,0.0014230543747544289,0.0002871998294722289,0.0030825044959783554,0.003517641220241785,0.007009346969425678,0.004866515751928091,0.0061166658997535706,0.005787264555692673,0.005950696300715208,0.006596318446099758,0.005132771097123623,0.006624656263738871,0.0034722029231488705,0.002617695601657033,0.008155311457812786,0.006873970851302147,0.004733451642096043,0.0056221154518425465,0.007686777506023645,0.0026517033111304045,0.014412544667720795
APA,24,2026-04-07 19:30:00+00:00,15:30,0.014331645332276821,up,0.013209219090640545,0.0174374058842659,0.016863252967596054,0.016422118991613388,0.011498394422233105,0.013766289688646793,0.010634802281856537,0.013053749687969685,0.01191921066492796,0.008084887638688087,0.009594614617526531,0.0075762574560940266,0.00579078821465373,0.008834428153932095,0.01401483453810215,0.014158995822072029,0.009183771908283234,0.01121509075164795,0.00891699269413948,0.006499061826616526,0.008246496319770813,0.008971926756203175,0.011887279339134693,0.016200745478272438,0.014570260420441628,0.014331645332276821
CIEN,24,2026-04-07 19:30:00+00:00,15:30,0.014263560995459557,up,-0.012551892548799515,-0.022736242040991783,-0.022741692140698433,-0.017502907663583755,-0.019398797303438187,-0.02267220988869667,-0.019349219277501106,-0.012339618057012558,-0.013024188578128815,-0.005772467702627182,0.00020340434275567532,0.0019184218253940344,0.0029426650144159794,-0.0013459379551932216,-0.0032838676124811172,-0.0019619353115558624,-0.003838812932372093,-0.010889881290495396,-0.009290236048400402,-0.009169214405119419,-0.015907127410173416,-0.017975829541683197,-0.01018030010163784,-0.007836881093680859,-0.0030865364242345095,0.014263560995459557
HWM,24,2026-04-07 19:30:00+00:00,15:30,0.014114615507423878,up,0.0007637623930349946,0.0011366308899596334,0.000540965877007693,0.0016633704071864486,-0.00023254143889062107,-0.001969953067600727,-0.002592544537037611,-0.0005971419159322977,-0.0005656441790051758,0.003122116904705763,0.004811204504221678,0.0063715060241520405,0.0065139238722622395,0.007811203133314848,0.002542938804253936,0.0025384631007909775,0.004056563600897789,0.00597582571208477,0.00817659217864275,0.0069480412639677525,0.012642639689147472,0.008492817170917988,0.008924043737351894,0.013884824700653553,0.010832903906702995,0.014114615507423878
BA,24,2026-04-07 19:30:00+00:00,15:30,0.014086821116507053,up,-0.001805220148526132,-0.006376398727297783,-0.010053119622170925,-0.003998740576207638,-0.005042561329901218,-0.005946429446339607,-0.012584695592522621,-0.007778820116072893,-0.009404812939465046,-0.006264258176088333,-0.0027797771617770195,-0.004325511399656534,-0.003036204492673278,-0.00151735357940197,-0.0032193909864872694,-0.0021691019646823406,-0.0007371730753220618,-0.00035498145734891295,-0.002043934538960457,-0.0009147247765213251,0.0018209279514849186,-0.0023868808057159185,0.0012125767534598708,0.010828003287315369,0.011128535494208336,0.014086821116507053
IT,24,2026-04-07 19:30:00+00:00,15:30,0.013888753019273281,up,-0.00432145781815052,0.0052651031874120235,-0.00424036243930459,-0.0007769445073790848,-0.007840752601623535,-0.0074294861406087875,-0.009026498533785343,-0.0057202591560781,-0.00487532140687108,-0.003305000951513648,0.004010533913969994,0.0035026790574193,0.003407496027648449,0.004941955674439669,0.00463690934702754,0.0013071362627670169,0.006193195004016161,0.00411401828750968,0.001964185619726777,0.005409668665379286,0.005281941033899784,0.003329246072098613,0.0017673445399850607,0.007269454188644886,0.003162322798743844,0.013888753019273281
XOM,24,2026-04-07 19:30:00+00:00,15:30,0.013763697817921638,up,-0.00557281170040369,-9.353355562780052e-05,-0.004762060474604368,-0.0018819703254848719,-0.0021936544217169285,-0.0010027398820966482,-0.0017217696877196431,-0.0026083728298544884,-0.0029345788061618805,-0.002534059341996908,-0.0006856048130430281,-0.0003180025960318744,-0.0007339721196331084,-0.0028332218062132597,-0.0035621197894215584,-0.0064976150169968605,-0.008614776656031609,-0.00590529153123498,-0.006430048029869795,-0.006762384437024593,-0.003344018943607807,-0.004571760538965464,-0.00212606112472713,0.0033194057177752256,0.011130201630294323,0.013763697817921638
PAYX,24,2026-04-07 19:30:00+00:00,15:30,0.013551756739616394,up,0.005486130714416504,0.008262846618890762,0.006978174671530724,0.009462899528443813,0.0052850316278636456,0.004781346768140793,-0.0011477036168798804,0.0032751038670539856,0.003934300504624844,0.005882613826543093,0.008128463290631771,0.011300229467451572,0.01284948643296957,0.01380099169909954,0.01078315731137991,0.014043415896594524,0.018100662156939507,0.017269864678382874,0.012452459894120693,0.01283367071300745,0.013943699188530445,0.010789134539663792,0.011138387955725193,0.01632975973188877,0.012754435651004314,0.013551756739616394
BAX,24,2026-04-07 19:30:00+00:00,15:30,0.013515950180590153,up,-0.0025420477613806725,0.00243091001175344,0.004111777525395155,0.003732234239578247,0.01192555669695139,0.011810817755758762,0.008181922137737274,0.003609204199165106,0.008383109234273434,0.0015666198451071978,0.00480039743706584,0.006841911934316158,0.01064237393438816,0.012693063355982304,0.008654630742967129,0.009775353595614433,0.014864759519696236,0.014373533427715302,0.010948194190859795,0.012475080788135529,0.008906101807951927,0.004872399847954512,0.0076671079732477665,0.01552367303520441,0.007900205440819263,0.013515950180590153
ADI,24,2026-04-07 19:30:00+00:00,15:30,0.013370389118790627,up,-0.005019403528422117,-0.0044105807319283485,-0.007648830767720938,-0.001828758860938251,0.0005733128054998815,-0.002670691814273596,-0.0057290093973279,-0.003951613791286945,-0.005410364363342524,-0.00092001270968467,0.0018878249684348702,0.0043598320335149765,0.0022655064240098,0.004347141366451979,0.0030252868309617043,0.0013795007253065705,-0.00036138747236691415,0.0036675087176263332,0.00010122823005076498,0.001283603603951633,0.0009782261913642287,-0.0019427421502768993,0.0011819576611742377,0.009297100827097893,0.004274717066437006,0.013370389118790627
TPR,24,2026-04-07 19:30:00+00:00,15:30,0.01221155934035778,up,0.0011188720818609,0.005520443432033062,0.0024094500113278627,0.006239042151719332,-0.0019930636044591665,-0.0022885650396347046,-0.005588213913142681,-0.004938959609717131,-0.0041678608395159245,-0.005193506367504597,0.0002739346236921847,-0.0022925017401576042,0.0008289311663247645,0.001124041504226625,-0.0012722023529931903,-0.0008937504608184099,0.0016517225885763764,0.0022809593938291073,0.0020404828246682882,0.0016597583889961243,0.004248477518558502,0.0015888094203546643,0.00678160460665822,0.011928778141736984,0.009894863702356815,0.01221155934035778
SNDK,24,2026-04-07 19:30:00+00:00,15:30,0.01215349417179823,up,0.006023561581969261,-0.007367270532995462,-0.0075267828069627285,0.0012521916069090366,-0.0035459629725664854,-0.013756402768194675,-0.015692049637436867,-0.007310973946005106,-0.013167253695428371,-0.0067572821862995625,-0.00046129655675031245,0.0025848769582808018,5.665748176397756e-05,-0.0018050147918984294,-0.0011227134382352233,-0.004009403754025698,-0.00670313835144043,-0.00895925797522068,-0.005227064248174429,-0.0004948161658830941,-0.009682527743279934,-0.018435416743159294,-0.01702016033232212,-0.009497771970927715,-0.006004444323480129,0.01215349417179823
GIS,24,2026-04-07 19:30:00+00:00,15:30,0.011632903479039669,up,-0.0032227698247879744,0.001261410303413868,0.0016651601763442159,0.0017907916335389018,-0.0015113019617274404,-0.004531710408627987,-0.004394987132400274,-0.007100478745996952,-0.006157238502055407,-0.00492609990760684,-0.004067803267389536,-0.0019952994771301746,-7.153119804570451e-05,0.004155194852501154,0.002085681539028883,0.0012518793810158968,0.0006710338057018816,0.0007029952248558402,0.001437654602341354,0.002696763724088669,0.0038049023132771254,0.002336726989597082,0.0018029058119282126,0.00826408714056015,0.005760766100138426,0.011632903479039669
CPAY,24,2026-04-07 19:30:00+00:00,15:30,0.011366527527570724,up,0.008030762895941734,0.010820758529007435,0.014262820594012737,0.00921804178506136,0.01016717404127121,0.011843989603221416,0.010372407734394073,0.00997666735202074,0.012046890333294868,0.00946175679564476,0.011325395666062832,0.016026217490434647,0.01262185163795948,0.015589337795972824,0.01666506938636303,0.013795644044876099,0.015583290718495846,0.014619279652833939,0.0153869753703475,0.013282799161970615,0.009654112160205841,0.011494363658130169,0.006930327042937279,0.012494642287492752,0.008771499618887901,0.011366527527570724
COHR,24,2026-04-07 19:30:00+00:00,15:30,0.011136889457702637,up,-0.002648627385497093,-0.010641947388648987,-0.012715528719127178,-0.006219379138201475,-0.007640470284968615,-0.013010349124670029,-0.013602321967482567,-0.006614167243242264,-0.008826135657727718,-0.004429825581610203,0.0037774464581161737,0.007953960448503494,0.008182398043572903,0.004481258802115917,0.004026427865028381,0.003152483608573675,0.002745803212746978,-0.0011423290707170963,-0.00048064813017845154,-0.0032055422198027372,-0.004663105588406324,-0.0072850557044148445,-0.007845021784305573,-0.004434442613273859,-0.0029036286287009716,0.011136889457702637
F,24,2026-04-07 19:30:00+00:00,15:30,0.01109728217124939,up,0.0007293324451893568,0.014781009405851364,-0.0004934358294121921,0.0015141342300921679,0.0003317052323836833,-0.0051874821074306965,-0.006257247645407915,-0.00486720260232687,0.0019117072224617004,0.007044514175504446,0.013126717880368233,0.013103560544550419,0.014964601956307888,0.01629113405942917,0.016104230657219887,0.018859880045056343,0.02043253369629383,0.019313601776957512,0.014811338856816292,0.015402582474052906,0.016304297372698784,0.009812169708311558,0.007879472337663174,0.014505662024021149,0.008605731651186943,0.01109728217124939
MNST,24,2026-04-07 19:30:00+00:00,15:30,0.011063227429986,up,0.01259965542703867,0.017103608697652817,0.018296316266059875,0.017022093757987022,0.02154526300728321,0.02140102908015251,0.014904292300343513,0.013533028773963451,0.018616311252117157,0.012412426061928272,0.011487217620015144,0.010218499228358269,0.016383545473217964,0.016965830698609352,0.011533675715327263,0.011569608002901077,0.012511871755123138,0.008252566680312157,0.008841493166983128,0.009620623663067818,0.012423921376466751,0.0116653461009264,0.013834023848176003,0.016086267307400703,0.014998524449765682,0.011063227429986
TXN,24,2026-04-07 19:30:00+00:00,15:30,0.011027524247765541,up,-0.0002934075891971588,0.0020983084104955196,0.0018510111840441823,0.004418632946908474,0.006445687729865313,0.005674643442034721,0.0008084815926849842,0.003562789410352707,0.000466328754555434,0.0020394057501107454,0.0016451880801469088,0.006633789278566837,0.004115365445613861,0.0049261171370744705,0.004154936410486698,0.006413500756025314,0.011711922474205494,0.009144425392150879,0.007930636405944824,0.005384373944252729,0.0038511683233082294,0.0007436137530021369,0.005746469367295504,0.011268068104982376,0.010361929424107075,0.011027524247765541
V,24,2026-04-07 19:30:00+00:00,15:30,0.010862809605896473,up,0.005258535500615835,0.005378607660531998,0.0068225134164094925,0.006923047825694084,0.0061372569762170315,0.0049744220450520515,0.002288498217239976,0.0033173400443047285,0.0012750804889947176,0.0008665763889439404,0.003745557740330696,0.003244259161874652,0.0038334003183990717,0.0040756817907094955,0.004909169860184193,0.004730822052806616,0.006186984945088625,0.005363408010452986,0.006957943085581064,0.004852013196796179,0.005238946992903948,0.0011331014102324843,0.0017827078700065613,0.004626871086657047,0.00585536751896143,0.010862809605896473
CTRA,24,2026-04-07 19:30:00+00:00,15:30,0.010851604864001274,up,0.009885808452963829,0.014504280872642994,0.01642574556171894,0.016028597950935364,0.015726624056696892,0.01796213909983635,0.015108056366443634,0.012735099531710148,0.01043624896556139,0.007586537394672632,0.008230065926909447,0.008059980347752571,0.00807211734354496,0.007991430349647999,0.01050692517310381,0.01156469713896513,0.010311265476047993,0.010676451958715916,0.012142663821578026,0.01145955640822649,0.010802212171256542,0.009234401397407055,0.01007065363228321,0.01253418531268835,0.007887808606028557,0.010851604864001274
PH,24,2026-04-07 19:30:00+00:00,15:30,0.010833126492798328,up,-0.005790465511381626,-0.0032652525696903467,-0.0055807773023843765,-0.0014848951250314713,-0.0006385919987224042,-0.0033810276072472334,-0.005345361772924662,-0.0030516234692186117,-0.0019300327403470874,-0.000170351195265539,0.0033513172529637814,0.004110223613679409,0.005583985708653927,0.005405333358794451,0.005770456977188587,0.0036350132431834936,0.006649416871368885,0.006093760021030903,0.003457032609730959,0.0036533514503389597,0.003518214914947748,0.0011453209444880486,0.0042159841395914555,0.006750337313860655,0.008063416928052902,0.010833126492798328
EBAY,24,2026-04-07 19:30:00+00:00,15:30,0.010537669993937016,up,-0.0027484516613185406,-0.0019663944840431213,-0.0059370058588683605,0.0015071536181494594,0.0029642165172845125,0.001123290159739554,-0.005332801025360823,0.001323402626439929,-0.005285652354359627,-0.002726019360125065,0.0003537278971634805,0.002658921992406249,0.005004703067243099,0.007067644968628883,0.007491860538721085,0.004345890134572983,0.009131098166108131,0.007325062062591314,0.005646361503750086,0.006177444476634264,0.004895290359854698,0.003618266899138689,0.005458885803818703,0.010571618564426899,0.006481160409748554,0.010537669993937016
CVS,24,2026-04-07 19:30:00+00:00,15:30,0.010481706820428371,up,0.0009996116859838367,-0.003636399284005165,-0.00789189338684082,-0.0026338461320847273,0.004642323590815067,-0.00013401116302702576,0.0004300059226807207,0.0014016511850059032,-0.0049218302592635155,0.002553062979131937,0.0063022347167134285,0.008992700837552547,0.012941457331180573,0.01194231677800417,0.013252779841423035,0.007648492697626352,0.008070840500295162,0.008040355518460274,0.006407217588275671,0.007936936803162098,0.004622879903763533,0.0012100578751415014,0.001004236750304699,0.0055452254600822926,0.003968178294599056,0.010481706820428371
VTRS,24,2026-04-07 19:30:00+00:00,15:30,0.010295717976987362,up,-0.005208220798522234,0.0065152826718986034,0.0076419636607170105,0.011760939843952656,0.001043772790580988,0.0023969346657395363,0.0023384864907711744,0.004915555473417044,0.003995907958596945,0.0037647823337465525,0.00948019977658987,0.007968765683472157,0.01186318602412939,0.013548053801059723,0.013283993117511272,0.014268351718783379,0.01645664870738983,0.013052734546363354,0.010759186930954456,0.0141244912520051,0.01357970293611288,0.00774842593818903,0.005259634926915169,0.012127614580094814,0.005739746615290642,0.010295717976987362
HII,24,2026-04-07 19:30:00+00:00,15:30,0.010243138298392296,up,0.0004113431496080011,0.0019560735672712326,-0.0021807237062603235,0.0027264326345175505,-0.0002867964212782681,-0.0005572167574428022,-0.0006979776662774384,0.0020145224407315254,0.0012020902941003442,0.0026114967186003923,0.004399220924824476,0.006083399057388306,0.006554474588483572,0.007506408728659153,0.0051920111291110516,0.002115334616973996,0.0011121331481263041,0.0054074921645224094,0.001586786238476634,-0.00012792221968993545,0.003900653449818492,0.0027970033697783947,0.007959529757499695,0.015696465969085693,0.013177807442843914,0.010243138298392296
TJX,24,2026-04-07 19:30:00+00:00,15:30,0.010211331769824028,up,0.0012423929292708635,0.001476059085689485,0.0010735916439443827,0.0027172069530934095,0.004585604649037123,0.0022702354472130537,-0.00116698385681957,-0.0006986097432672977,-0.000749352911952883,-0.004288117401301861,-0.0007592447218485177,0.0013286597095429897,0.0007016489980742335,0.0021368348971009254,-0.0024667854886502028,-0.0007004853105172515,-0.0013401602627709508,-0.0014580852584913373,0.0009565853979438543,-0.00041503217653371394,0.00035896312328986824,-0.000602564075961709,0.0018804483115673065,0.00372756808064878,-0.0009473910322412848,0.010211331769824028
LULU,24,2026-04-07 19:30:00+00:00,15:30,0.010180016979575157,up,-0.005353395361453295,-0.0023662657476961613,-0.00906948372721672,-0.008565357886254787,-0.007612414658069611,-0.006202336400747299,-0.010779863223433495,-0.005998321808874607,-0.0038281765300780535,-0.001108431490138173,-0.0011677616275846958,0.0028123504016548395,0.0029481116216629744,0.0028690709732472897,0.0032524678390473127,0.0021989073138684034,0.008388340473175049,0.007409182842820883,0.007352140266448259,0.008866718038916588,0.004052291624248028,0.0036382630933076143,0.0006143514765426517,0.006850695703178644,0.003850590903311968,0.010180016979575157
IBKR,24,2026-04-07 19:30:00+00:00,15:30,0.010158936493098736,up,-0.0020734902936965227,-0.006405957508832216,-0.005030154250562191,-0.0006528010708279908,-0.0030813461635261774,-0.0007650800980627537,-0.0042125084437429905,-0.0005999921704642475,-0.00788157805800438,-0.0030411663465201855,-0.003228432033210993,0.0012744931736961007,0.0019176016794517636,0.004526093602180481,0.0033393842168152332,0.004201061092317104,0.005381497088819742,0.004023978020995855,0.0048349336721003056,0.0067367348819971085,0.005387979093939066,0.003637102432549,0.003299764823168516,0.010347154922783375,0.007781435735523701,0.010158936493098736
XYZ,24,2026-04-07 19:30:00+00:00,15:30,0.010109441354870796,up,-0.004690679721534252,-0.0029991064220666885,-0.004216931294649839,-5.5079912272049114e-05,-0.003502714214846492,-0.0016997691709548235,-0.007747677620500326,-0.00240598083473742,-0.005533379968255758,-0.0047705224715173244,-0.0015330903697758913,-0.00034028454683721066,0.0018956962740048766,0.005418555811047554,0.00500989705324173,0.0017366199754178524,0.005675866734236479,0.0045944820158183575,0.005277523770928383,0.003911340143531561,0.002796837594360113,-0.0005284358630888164,-0.00033178593730553985,0.006444636266678572,0.004566573537886143,0.010109441354870796
DASH,24,2026-04-07 19:30:00+00:00,15:30,0.010096929036080837,up,-0.00035769250825978816,0.0031208842992782593,-0.004573074169456959,0.001003103912808001,-0.00195819023065269,-0.0022988086566329002,-0.004351782612502575,-0.0011133933439850807,-0.0030442634597420692,0.0017840364016592503,0.00831795297563076,0.009266208857297897,0.0060989949852228165,0.010161658748984337,0.00794173963367939,0.00573299964889884,0.008809363469481468,0.008397629484534264,0.006720599252730608,0.0060862889513373375,0.005861954297870398,0.002292327582836151,0.002729932079091668,0.008229400962591171,0.005976947024464607,0.010096929036080837
ADBE,24,2026-04-07 19:30:00+00:00,15:30,0.010026705451309681,up,-0.001405142480507493,8.756227907724679e-05,0.0024963144678622484,0.006175599526613951,0.0030558211728930473,0.0020568117033690214,-0.0017997019458562136,0.0005651236278936267,-0.00037738250102847815,0.0006773489294573665,0.0022829044610261917,0.0036623594351112843,-0.0023284214548766613,-0.0025479644536972046,-0.0008409031433984637,-0.0009235498728230596,0.001224859501235187,0.0015601350460201502,-0.0042413752526044846,-0.002366319065913558,-0.0021714919712394476,-0.0022509184200316668,-0.000756369496230036,0.006885324139147997,0.007203990593552589,0.010026705451309681
TECH,24,2026-04-07 19:30:00+00:00,15:30,0.009999913163483143,up,-0.0052239312790334225,-0.0018244351958855987,-0.006742498371750116,-0.004583599977195263,-0.00915753748267889,-0.0045549506321549416,-0.006646161898970604,-0.0032537011429667473,-0.0009698111098259687,-0.0018199074547737837,-0.0006462264573201537,-0.0011351549765095115,0.00037855509435757995,0.0006214148015715182,0.0018317978829145432,0.002872398355975747,0.0040985713712871075,0.0020266356877982616,0.00037061452167108655,0.0011337928008288145,0.005168029572814703,0.006215415894985199,0.008598588407039642,0.008064727298915386,0.012763225473463535,0.009999913163483143
NVDA,24,2026-04-07 19:30:00+00:00,15:30,0.00997985154390335,up,-0.009278396144509315,-0.013143356889486313,-0.019185155630111694,-0.014509025029838085,-0.017022566869854927,-0.020038727670907974,-0.016842223703861237,-0.01137384120374918,-0.012073330581188202,-0.009589549154043198,-0.005664777010679245,-0.006875914055854082,-0.009940994903445244,-0.007935406640172005,-0.005468548741191626,-0.006733988877385855,-0.0037145791575312614,-0.0030634463764727116,-0.003855512011796236,-0.0037446520291268826,-0.0022565145045518875,-0.00651013245806098,-0.005587811581790447,0.002322149695828557,0.005191829986870289,0.00997985154390335
STX,24,2026-04-07 19:30:00+00:00,15:30,0.009586520493030548,up,-0.01212580781430006,-0.01675657369196415,-0.0210702046751976,-0.011935178190469742,-0.019768550992012024,-0.022498629987239838,-0.019910531118512154,-0.011596331372857094,-0.012229789979755878,-0.008624975569546223,-0.003653804073110223,-0.0007519172504544258,-0.0007372234831564128,5.483246059156954e-05,0.0005647387006320059,-0.0009882949525490403,0.0010085308458656073,-0.0042071896605193615,-0.0025766354519873857,-0.007085053715854883,-0.007781161926686764,-0.012841836549341679,-0.01139182597398758,-0.00796049740165472,-0.003039209870621562,0.009586520493030548
AMZN,24,2026-04-07 19:30:00+00:00,15:30,0.009553071111440659,up,-0.003787221619859338,-0.009294440038502216,-0.012059568427503109,-0.010959330014884472,-0.013001954182982445,-0.01676417514681816,-0.015113472007215023,-0.013172145932912827,-0.011800147593021393,-0.009207428433001041,-0.003981318790465593,-0.00289786490611732,-0.0011772920843213797,-0.001893260283395648,-0.0010631207842379808,-0.0005146534531377256,0.00552568631246686,0.0025381690356880426,0.005523654632270336,0.0038168588653206825,0.005472440272569656,-0.001283001503907144,0.001047053374350071,0.00939098373055458,0.005655455868691206,0.009553071111440659
AMGN,24,2026-04-07 19:30:00+00:00,15:30,0.009529615752398968,up,-0.0010631124023348093,0.001168142189271748,-0.005137039348483086,-0.000893410062417388,-0.0019215040374547243,-0.006922184024006128,-0.007738365326076746,-0.0020692753605544567,-0.005788798443973064,-0.004093475639820099,0.0011005876585841179,0.001019389252178371,0.001247465843334794,0.003811703994870186,0.001424232847057283,0.0014996547251939774,0.004577750340104103,4.718839772976935e-05,0.0014526237500831485,0.0028116151224821806,0.0038473918102681637,0.0003602604556363076,0.0021032653748989105,0.0031464670319110155,0.003900094423443079,0.009529615752398968
BBY,24,2026-04-07 19:30:00+00:00,15:30,0.009486774913966656,up,0.007969364523887634,0.003566605504602194,-0.0011946880258619785,-0.0003734501951839775,-0.0024723520036786795,-0.0007890717242844403,-0.002212758641690016,-0.0004396374279167503,-0.001510590547695756,-0.0016939210472628474,0.0008246673387475312,0.0035034792963415384,0.00456810649484396,0.005985949654132128,0.0073102740570902824,0.006851943209767342,0.007207345217466354,0.007305621635168791,0.004227675963193178,0.005377001594752073,0.0056397090665996075,0.0030259713530540466,0.00459557119756937,0.007712330669164658,0.004906133282929659,0.009486774913966656
APD,24,2026-04-07 19:30:00+00:00,15:30,0.009329344145953655,up,0.005038483999669552,0.0043290588073432446,0.007867439649999142,0.007162561174482107,0.005986933596432209,0.005586282350122929,0.003272019559517503,0.0038486795965582132,0.0033663164358586073,0.0024001554120332003,0.004106288310140371,0.00516520207747817,0.004255371168255806,0.003015338210389018,0.003563627600669861,0.002816789085045457,0.003367158118635416,0.004079710692167282,0.0031970904674381018,0.004454109352082014,0.005198499653488398,0.004064892418682575,0.002447303384542465,0.005298901349306107,0.003169870935380459,0.009329344145953655
UBER,24,2026-04-07 19:30:00+00:00,15:30,0.009321133606135845,up,0.01143310870975256,0.01403141301125288,0.009456014260649681,0.009835602715611458,0.004569604992866516,-0.0010165657149627805,-0.0037607974372804165,-4.140662349527702e-05,-0.0024282524827867746,-0.0007935055764392018,-0.0002940597478300333,0.0026095490902662277,0.0022116713225841522,0.004985146224498749,0.005202839616686106,0.003494463162496686,0.005196580663323402,0.005174773745238781,0.004123490769416094,0.0045526959002017975,0.007245272397994995,0.002780098933726549,0.0045450469478964806,0.006573186255991459,0.00370766781270504,0.009321133606135845
MS,24,2026-04-07 19:30:00+00:00,15:30,0.009144612587988377,up,-0.005361882504075766,-6.948724330868572e-05,-0.0025838888250291348,0.002118092030286789,0.0011566175380721688,-0.003571211826056242,-0.00890396349132061,-0.001957584172487259,-0.0020704991184175014,-0.0022259927354753017,0.0012584869982674718,0.00024924296303652227,0.0001724247122183442,0.0014041761169210076,0.0021863202564418316,0.0017529914621263742,0.004211669322103262,0.005196028854697943,0.0029535263311117887,0.001999003579840064,0.0011971652274951339,-0.0031894175335764885,-0.0014481155667454004,0.005859063472598791,0.005196340847760439,0.009144612587988377
RCL,24,2026-04-07 19:30:00+00:00,15:30,0.009024200960993767,up,-0.004711493384093046,-0.004919169936329126,-0.007196168415248394,-0.003131178906187415,-0.008280052803456783,-0.008001421578228474,-0.010030476376414299,-0.005783434025943279,-0.012733750976622105,-0.0051883249543607235,-0.0019753321539610624,0.0005843420512974262,-0.004656558390706778,-0.0004188338643871248,-0.002039371756836772,-0.00412836903706193,-0.001397483516484499,-0.0018172231502830982,-0.004303610883653164,-0.005959683563560247,-0.005751351360231638,-0.007969850674271584,-0.007146630901843309,0.000296422018436715,-0.0017946520820260048,0.009024200960993767
EQT,24,2026-04-07 19:30:00+00:00,15:30,0.008900346234440804,up,0.0016735716490074992,0.00364599097520113,0.004499879665672779,0.005202033556997776,0.00316451583057642,0.0034787540789693594,0.000400133547373116,0.0002566663606557995,0.0020514591597020626,9.077845606952906e-05,0.0010903632501140237,0.0035069333389401436,0.0023763130884617567,0.003184597473591566,0.003215659875422716,0.003147121286019683,0.0029487712308764458,0.00532895652577281,0.004548210650682449,0.00560346432030201,0.007069183047860861,0.003210680792108178,0.008300798945128918,0.005297951865941286,0.0023930647876113653,0.008900346234440804
FOX,24,2026-04-07 19:30:00+00:00,15:30,0.008547035045921803,up,-0.003920248709619045,-0.0012907080817967653,-0.000691154389642179,0.0014710725517943501,-0.001213472685776651,0.00036178616574034095,-0.0032011372968554497,-0.0025022930931299925,0.002052911790087819,0.0005775903118774295,0.002499560359865427,0.004232363775372505,0.005419572815299034,0.005418393760919571,0.006463233847171068,0.005791355390101671,0.008297727443277836,0.00946393795311451,0.00839349813759327,0.00968413706868887,0.009425808675587177,0.00830197986215353,0.006835161242634058,0.009940599091351032,0.007654653862118721,0.008547035045921803
AWK,24,2026-04-07 19:30:00+00:00,15:30,0.008541431277990341,up,-0.00016678696556482464,0.0023489866871386766,-0.001247397973202169,0.001660131267271936,0.00020943378331139684,-0.0018752568867057562,-0.005669797770678997,-0.0031721615232527256,-0.004364077467471361,-0.003577838884666562,0.00038486719131469727,0.003631822532042861,0.004794903565198183,0.0052331010811030865,0.0031112302094697952,0.0018146157963201404,0.007278649602085352,0.007421644404530525,0.00774745736271143,0.006097734905779362,0.004722567740827799,0.0028792109806090593,0.004307376220822334,0.011517907492816448,0.0062945992685854435,0.008541431277990341
PEP,24,2026-04-07 19:30:00+00:00,15:30,0.008432991802692413,up,-0.003888391423970461,-0.0004398962773848325,-0.00011499464744701982,0.00014001612726133317,0.0030029381159693003,0.00025353478849865496,-0.00456773117184639,-0.005078155547380447,-0.005115557927638292,-0.005179125349968672,-0.00284548825584352,-0.002448885701596737,-0.005041693802922964,-0.0031628443393856287,-0.005543462932109833,-0.005958670284599066,-0.004136435221880674,-0.003056440269574523,-0.001630069105885923,-0.0002360249200137332,-0.002546586561948061,-0.0025992784649133682,0.00223278789781034,0.0046151746064424515,0.0047322046011686325,0.008432991802692413
CHRW,24,2026-04-07 19:30:00+00:00,15:30,0.007723851595073938,up,-0.0027498784475028515,0.001206326182000339,-0.003477236954495311,-0.0007003932842053473,-0.0009274986223317683,-0.0034526847302913666,-0.009634433314204216,-0.004638549871742725,-0.005350552499294281,-0.0070561375468969345,-0.004908430855721235,-0.004527269396930933,1.343517578789033e-05,-0.002847149968147278,-0.004105145111680031,-0.005431256722658873,-0.002125644125044346,-0.0040728067979216576,-0.004237273242324591,-0.005980641581118107,-0.0049628447741270065,-0.0065137227065861225,-0.0014203498139977455,0.00378350424580276,0.0038050594739615917,0.007723851595073938
FIS,24,2026-04-07 19:30:00+00:00,15:30,0.007714664097875357,up,-0.0060509685426950455,0.0012768785236403346,0.0026767158415168524,0.0030305786058306694,0.0039936029352247715,0.0006146070081740618,-0.003845620434731245,-0.003056126879528165,-0.0014018190558999777,0.0012115135323256254,0.0024400269612669945,0.003877601819112897,0.0031104935333132744,0.004386293701827526,0.0025350679643452168,0.0015349485911428928,0.005268617067486048,0.004077326972037554,0.002550323959439993,0.004801912698894739,0.005835290998220444,0.0020808016415685415,0.004546056967228651,0.004986535757780075,0.002761162118986249,0.007714664097875357
BXP,24,2026-04-07 19:30:00+00:00,15:30,0.007691131439059973,up,0.003911386243999004,0.004115546587854624,0.0009517911821603775,0.000850596115924418,-0.0021841321140527725,-0.0013675496447831392,-0.006099216639995575,-0.005218926817178726,-0.0008922312408685684,-0.0009623774676583707,-0.0014517069794237614,0.0005236634751781821,0.002755439840257168,0.0023615225218236446,0.0034378806594759226,0.004211790394037962,0.007381109055131674,0.0056578307412564754,0.005162280984222889,0.004200187977403402,0.004630979150533676,0.004373722709715366,0.0032632015645503998,0.0074920328333973885,0.005302310921251774,0.007691131439059973
LOW,24,2026-04-07 19:30:00+00:00,15:30,0.007493435870856047,up,0.00246107648126781,0.0076154242269694805,0.0007199198589660227,0.002932781120762229,0.0014446413842961192,-0.001631193677894771,-0.004329523537307978,-0.0003072852559853345,-0.0037947343662381172,-0.00047710700891911983,0.0021044656168669462,0.005159337073564529,0.007311984896659851,0.005675243213772774,0.004246288910508156,0.0042166863568127155,0.008457952179014683,0.005812210496515036,0.008346273563802242,0.007285927422344685,0.008197358809411526,0.004527851473540068,0.005864634644240141,0.008831236511468887,0.007554281502962112,0.007493435870856047
DAL,24,2026-04-07 19:30:00+00:00,15:30,0.007451754529029131,up,-0.0015711731975898147,-0.0038577690720558167,-0.003636975772678852,-0.004247842822223902,-0.006158334203064442,-0.0034082401543855667,-0.006358449812978506,-0.00653337175026536,-0.009339001029729843,-0.00868348777294159,-0.007596821058541536,-0.005529776681214571,-0.0036988374777138233,-0.0005779816419817507,0.00011576310498639941,-0.0018788931192830205,0.0019671565387398005,7.83601135481149e-05,-0.0002155953407054767,-0.00017049364396370947,-0.0018335804343223572,-0.0054242974147200584,-0.0052915108390152454,0.0021431418135762215,0.0024600508622825146,0.007451754529029131
CTAS,24,2026-04-07 19:30:00+00:00,15:30,0.007409644778817892,up,0.0021475141402333975,0.005384133663028479,-0.001829536515288055,0.00201495923101902,-0.002018705243244767,-0.0027256435714662075,-0.007139428518712521,-0.0020644282922148705,-0.0010801624739542603,-0.0013264798326417804,0.0002882062690332532,0.0020477992948144674,0.0022951995488256216,0.0028809253126382828,-0.0016308618942275643,-0.0007955969776958227,0.0023835529573261738,0.0037778671830892563,0.003584885271266103,0.004137163050472736,0.004121349658817053,0.0008913070778362453,0.003862870391458273,0.005412182305008173,0.000825614552013576,0.007409644778817892
ROST,24,2026-04-07 19:30:00+00:00,15:30,0.0073904432356357574,up,-0.0024192335549741983,-0.003082843264564872,-0.002917509526014328,-0.0014816191978752613,0.00097906612791121,-0.0034794555976986885,-0.006834504660218954,-0.005248089320957661,-0.009166885167360306,-0.007594794034957886,-0.006881873123347759,-0.0026499514933675528,-0.00582204619422555,-0.0024278894998133183,-0.004839012399315834,-0.004592848941683769,-0.00058695487678051,0.0005183428875170648,-0.0033396263606846333,-0.0006600875058211386,-0.00116429862100631,-0.0032615726813673973,-0.0019744306337088346,0.0033921455033123493,0.0018123703775927424,0.0073904432356357574
LH,24,2026-04-07 19:30:00+00:00,15:30,0.007372171152383089,up,0.0019422931363806129,-0.0014272514963522553,-0.0009591279085725546,0.00456850603222847,-0.000676394731272012,-0.002579732332378626,-0.0035124002024531364,-0.00030011116177774966,-0.0063943928107619286,-0.0007963086827658117,-0.00021732918685302138,0.0031444865744560957,-0.0019967039115726948,0.0013913223519921303,0.001068031881004572,-0.0015933567192405462,0.0009604217484593391,0.002629669150337577,-0.0009039276628755033,0.001892685191705823,-0.004003504756838083,-0.005316936410963535,-0.0028716600500047207,0.004339486826211214,7.482242654077709e-05,0.007372171152383089
CTSH,24,2026-04-07 19:30:00+00:00,15:30,0.007232206407934427,up,0.0010742935119196773,0.0018239675555378199,-0.0031874352134764194,0.00038879484054632485,-0.002982968231663108,-0.002220102585852146,-0.004832117352634668,-0.0030273962765932083,-0.006077529862523079,-0.005575720686465502,-0.0041957939974963665,-0.0007993660401552916,-0.000358673365553841,0.002486062701791525,0.0031255572102963924,0.0024657489266246557,0.004426404368132353,0.003555133705958724,0.002357114339247346,0.0041128345765173435,0.0036679578479379416,0.0017100010300055146,0.002278587780892849,0.005602374207228422,0.001241199905052781,0.007232206407934427
KO,24,2026-04-07 19:30:00+00:00,15:30,0.007201239932328463,up,0.007076180074363947,0.003895843168720603,0.0026223084423691034,0.0015915228286758065,0.007389230653643608,0.002358607482165098,0.0026140608824789524,0.00041779078310355544,0.0041191051714122295,0.006947518326342106,0.006769905332475901,0.011275677010416985,0.005777159705758095,0.008795264177024364,0.010224936529994011,0.0028795497491955757,0.0034432397224009037,0.003813643241301179,0.002479112707078457,0.0045440006069839,0.002687074476853013,0.0029152818024158478,0.0002565879258327186,0.0038436646573245525,0.000768065161537379,0.007201239932328463
CRH,24,2026-04-07 19:30:00+00:00,15:30,0.007198311388492584,up,-0.00483806524425745,-0.005952954757958651,-0.0009571877890266478,0.0011643508914858103,-0.0014161301078274846,-0.0008932298514991999,-0.006544525735080242,-0.0017313227290287614,-0.0018453978700563312,-0.003189553739503026,-0.0004082192899659276,-0.0019757540430873632,0.000329171190969646,0.001066975761204958,0.004042671527713537,0.004211442079395056,0.00934775359928608,0.008053777739405632,0.0065951221622526646,0.005531195551156998,0.004447611048817635,-0.002638810547068715,0.0010327494237571955,0.0051111276261508465,0.0025517481844872236,0.007198311388492584
SW,24,2026-04-07 19:30:00+00:00,15:30,0.0070555442944169044,up,-0.002899391809478402,0.0020234878174960613,-0.003187855239957571,0.004652145318686962,-5.730639531975612e-05,-0.0017898501828312874,-0.006293877959251404,-0.006158873904496431,-0.007346820086240768,-0.007714038714766502,-0.008904654532670975,-0.0051769716665148735,0.0014366516843438148,0.00024861222482286394,-0.0011080343974754214,-0.0031091647688299417,0.0017905234126374125,-0.0014507746091112494,-0.0005476427613757551,0.0003250237787142396,0.000987362815067172,-0.0013834105338901281,0.0034541962668299675,0.00944566261023283,0.0062340786680579185,0.0070555442944169044
FITB,24,2026-04-07 19:30:00+00:00,15:30,0.007051453925669193,up,-0.0003951772814616561,0.004193112254142761,0.0016557330964133143,0.004373589530587196,0.002644058782607317,0.0050855218432843685,0.001595178386196494,0.0034240439999848604,0.003791007911786437,0.00041022838559001684,0.0023355751764029264,0.0011121737770736217,0.0006871038931421936,0.0008268734673038125,0.004049299750477076,0.0037866169586777687,0.004246294964104891,0.003707556053996086,0.004810514394193888,0.00563019048422575,0.0057577588595449924,0.0033926661126315594,0.0027856966480612755,0.006395840086042881,0.005777154117822647,0.007051453925669193
TKO,24,2026-04-07 19:30:00+00:00,15:30,0.006946294102817774,up,-0.007259110454469919,-0.00706807104870677,-0.010617384687066078,-0.010950791649520397,-0.012809270061552525,-0.014881153590977192,-0.015382423996925354,-0.011397539637982845,-0.00860415305942297,-0.0060974471271038055,-0.007569718174636364,-0.0040286835283041,1.5502724636462517e-05,9.598687756806612e-05,-0.0003274532500654459,-0.003340924857184291,0.0013175384374335408,-0.0011475787032395601,-0.003291592001914978,-0.005186522379517555,-0.0033594886772334576,-0.007206393405795097,-0.005232702009379864,0.0032005298417061567,0.0005248310626484454,0.006946294102817774
NVR,24,2026-04-07 19:30:00+00:00,15:30,0.0069280765019357204,up,0.005663183517754078,0.003443591995164752,0.004408026114106178,0.008095251396298409,0.0071665081195533276,0.003135260660201311,0.0022499957121908665,0.004516891203820705,-0.0011982519645243883,0.002175102010369301,0.003564061364158988,0.00666412990540266,0.004585364367812872,0.00367371691390872,0.003035943489521742,0.004244031384587288,0.007079401984810829,0.007081315387040377,0.00603316817432642,0.0069793714210391045,0.006501688156276941,0.005821068771183491,0.0033627604134380817,0.007690581493079662,0.0030940237920731306,0.0069280765019357204
SHW,24,2026-04-07 19:30:00+00:00,15:30,0.006871362682431936,up,-0.00021757198555860668,0.0014587502228096128,0.00028495784499682486,0.002107620006427169,0.0015943016624078155,-0.00042398186633363366,-0.0014243607874959707,-0.0010012853890657425,-0.0032804745715111494,-0.004227857571095228,-0.001063865958712995,0.0007306724437512457,0.005834347568452358,0.006645805202424526,0.004927386529743671,0.0022289217449724674,0.003878385992720723,0.0024716993793845177,0.0006819168920628726,0.0009964153869077563,0.001645082258619368,-0.002569743897765875,-0.004231036640703678,-0.0010448298417031765,0.002638537436723709,0.006871362682431936
HSIC,24,2026-04-07 19:30:00+00:00,15:30,0.006716546136885881,up,0.008263434283435345,0.008291501551866531,0.007973732426762581,0.008271436206996441,0.012168094515800476,0.008314120583236217,0.008131994865834713,0.0074692098423838615,0.006533642765134573,0.0026987120509147644,0.00046477443538606167,0.0037931425031274557,0.0014793792506679893,0.0016784750623628497,0.008638933300971985,0.0022400449961423874,0.004090571776032448,0.005998303182423115,0.004092908930033445,0.004214196000248194,0.0054630497470498085,0.003999950829893351,0.0015627032844349742,0.008453483693301678,0.0035974648781120777,0.006716546136885881
BF-B,24,2026-04-07 19:30:00+00:00,15:30,0.006658476311713457,up,-0.008908328600227833,-0.007004350423812866,-0.009405826218426228,0.0008204804616980255,-0.001487504574470222,-0.003426625858992338,-0.004894183482974768,-0.005616763141006231,-0.007062059361487627,-0.007829061709344387,-0.0033393700141459703,-0.0017865373520180583,-5.71467426198069e-05,0.00400970596820116,0.0032984050922095776,0.0034839347936213017,0.0012505726190283895,-0.00047300910227932036,0.0009340456454083323,0.00238109496422112,-0.0005308554973453283,-0.0025296674575656652,0.0011266105575487018,0.006612797733396292,0.00666502071544528,0.006658476311713457
KEYS,24,2026-04-07 19:30:00+00:00,15:30,0.006483066827058792,up,0.003436278784647584,0.003770804964005947,0.004957454279065132,0.006842962000519037,-0.0006807979079894722,-0.0030367488507181406,-0.004405912943184376,0.0016477880999445915,-0.00039588616346009076,0.0010537880007177591,0.006835146341472864,0.004087978042662144,0.0009670394356362522,0.002854833845049143,0.0011016738135367632,0.0007101691444404423,0.0007806742214597762,0.0009395148954354227,0.003449875395745039,0.0019731330685317516,0.004048448987305164,0.001998445950448513,0.0008334299200214446,0.007714328821748495,0.002879512030631304,0.006483066827058792
CBOE,24,2026-04-07 19:30:00+00:00,15:30,0.006454202812165022,up,0.007715585641562939,0.01106531172990799,0.014917858876287937,0.015793807804584503,0.022179756313562393,0.02200876735150814,0.020993290469050407,0.017372597008943558,0.018554123118519783,0.01754285953938961,0.018020132556557655,0.022284597158432007,0.01751805655658245,0.018831564113497734,0.017016567289829254,0.015883341431617737,0.018906399607658386,0.018286818638443947,0.01519597228616476,0.01525645237416029,0.013384413905441761,0.01317592617124319,0.009897951036691666,0.014159508049488068,0.007372813764959574,0.006454202812165022
TPL,24,2026-04-07 19:30:00+00:00,15:30,0.0063743432983756065,up,-0.00805367436259985,-0.005423302762210369,-0.003843881655484438,-0.002749059582129121,-0.004225847776979208,-0.007165884133428335,-0.006731310859322548,-0.004335681442171335,-0.008155137300491333,-0.011890953406691551,-0.006231508683413267,-0.005504659377038479,-0.011378083378076553,-0.010676112025976181,-0.009992403909564018,-0.007257481105625629,-0.007333636283874512,-0.0048244427889585495,-0.006750553380697966,-0.005346122197806835,-0.004954610485583544,-0.006260163616389036,-0.005907090846449137,-0.0029851910658180714,-0.007518108002841473,0.0063743432983756065
CMG,24,2026-04-07 19:30:00+00:00,15:30,0.006197317503392696,up,-0.010096549987792969,-0.006304081529378891,-0.00822291150689125,-0.00545412627980113,-0.010199830867350101,-0.010331551544368267,-0.01221936009824276,-0.011875156313180923,-0.012729812413454056,-0.009242589585483074,-0.005969316698610783,-0.005340957082808018,-0.00852615013718605,-0.0032415948808193207,-0.003471918171271682,-0.005584195721894503,-0.001178340520709753,-0.001740906503982842,-0.004897915292531252,-0.0026686086785048246,-0.0006591449491679668,-0.0049704136326909065,-0.004610704258084297,0.005631703417748213,0.0019606552086770535,0.006197317503392696
RL,24,2026-04-07 19:30:00+00:00,15:30,0.006105363834649324,up,-0.0007458452600985765,0.00027843614225275815,3.0084343961789273e-05,0.006592210382223129,0.003804416162893176,0.003770747222006321,-0.0026897473726421595,-0.0014239478623494506,-0.004897602833807468,-0.005938245449215174,-0.0013252615462988615,-0.0015073670074343681,-0.0057258931919932365,-0.004074777010828257,-0.004055524244904518,-0.00632860604673624,-0.004552272614091635,-0.004199884366244078,-0.009441971778869629,-0.005630375351756811,0.0009956660214811563,0.0010696041863411665,0.000795865198597312,0.005753352306783199,0.0011344416998326778,0.006105363834649324
HAS,24,2026-04-07 19:30:00+00:00,15:30,0.006051862146705389,up,-0.0027608401142060757,-0.000398591480916366,-0.002342895371839404,-0.0015860385028645396,-0.004039091523736715,-0.005487578921020031,-0.013849245384335518,-0.009764419868588448,-0.008041510358452797,-0.005504888016730547,-0.006682357285171747,-0.003238692181184888,-0.0019681963603943586,0.0022540902718901634,0.0012840189738199115,0.00046782640856690705,0.00370580842718482,0.0039578089490532875,0.0015970870153978467,0.0024077468551695347,0.00308632617816329,0.0007072319276630878,-0.001531723653897643,0.0004659547412302345,-0.0015837275423109531,0.006051862146705389
BAC,24,2026-04-07 19:30:00+00:00,15:30,0.006027084309607744,up,-0.005229170899838209,-0.0025854171253740788,-0.002519286470487714,0.00029397790785878897,0.002024655696004629,0.0029548644088208675,3.123652277281508e-05,0.0024056818801909685,0.0005125239840708673,-0.0014387082774192095,0.00025939015904441476,0.0009885256877169013,0.00046797411050647497,0.0008961576386354864,0.002893804106861353,0.0013809662777930498,0.0040264977142214775,0.006553673185408115,0.006202089600265026,0.005897323600947857,0.005489818751811981,0.003694380633533001,0.004158912226557732,0.008332518860697746,0.008666813373565674,0.006027084309607744
TER,24,2026-04-07 19:30:00+00:00,15:30,0.005979437381029129,up,-0.018805978819727898,-0.0247084591537714,-0.028606830164790154,-0.026346147060394287,-0.02629888616502285,-0.0288030207157135,-0.02994663640856743,-0.02291865088045597,-0.019130468368530273,-0.018691182136535645,-0.017896927893161774,-0.01583758369088173,-0.011482646688818932,-0.00706417066976428,-0.004410642199218273,-0.01070147380232811,-0.0033608616795390844,-0.003944607451558113,-0.005655669141560793,-0.007952750660479069,-0.008024781942367554,-0.01196978334337473,-0.013364153914153576,-0.004780784249305725,-0.0028255442157387733,0.005979437381029129
JPM,24,2026-04-07 19:30:00+00:00,15:30,0.0057975356467068195,up,0.0003523046907503158,-0.0013415144057944417,-0.005081153474748135,-0.0011639143340289593,-0.0006538735469803214,-0.0017837616614997387,-0.0030048510525375605,-0.002479908987879753,-0.00313797639682889,-0.0025026239454746246,-0.0001437554892618209,0.0026102159172296524,0.0029290886595845222,0.002857951680198312,0.0022209968883544207,0.0023852193262428045,0.006207739934325218,0.005080775357782841,0.001922903349623084,0.002948437351733446,-0.00024771480821073055,-0.0012010704958811402,-0.001583863515406847,0.0010439049219712615,0.0027017605025321245,0.0057975356467068195
COIN,24,2026-04-07 19:30:00+00:00,15:30,0.005726264324039221,up,-0.019776131957769394,-0.01614411547780037,-0.024224309250712395,-0.020725257694721222,-0.024711698293685913,-0.021998798474669456,-0.02452762797474861,-0.020301615819334984,-0.018346959725022316,-0.01246638409793377,-0.005295985843986273,-0.0016726513858884573,-0.0012495245318859816,-0.0055282460525631905,-0.0028865416534245014,-0.006003573536872864,0.0026138867251574993,0.002214001026004553,-0.0013648688327521086,-0.001602319534868002,-0.007207585498690605,-0.00950639508664608,-0.009950615465641022,-0.002139369258657098,-0.006203219760209322,0.005726264324039221
APTV,24,2026-04-07 19:30:00+00:00,15:30,0.005713512655347586,up,-0.015209564007818699,-0.0071361856535077095,-0.014515443705022335,-0.006286667659878731,-0.013087661005556583,-0.01401342824101448,-0.020368436351418495,-0.01793130859732628,-0.013815177604556084,-0.013046745210886002,-0.009785788133740425,-0.007071537896990776,-0.004162807483226061,-0.0014808913692831993,-0.0005163731402717531,-0.004158348776400089,-0.002988961059600115,-0.0017365734092891216,-0.0067896367982029915,-0.0034434772096574306,-0.0055859568528831005,-0.01042803656309843,-0.012097856029868126,-0.0022615590132772923,-0.0048337168991565704,0.005713512655347586
MOS,24,2026-04-07 19:30:00+00:00,15:30,0.005675981752574444,up,-0.00816335715353489,-0.004069707356393337,-0.00551806902512908,-0.0015290450537577271,-0.006693060509860516,-0.007137317676097155,-0.011137413792312145,-0.012055959552526474,-0.013311102986335754,-0.013052673079073429,-0.010310863144695759,-0.005125138908624649,-0.0028474745340645313,-0.0023668878711760044,-0.0025836764834821224,-0.0008538505062460899,-6.470669904956594e-05,0.0011682640761137009,-0.0019533056765794754,-0.002508202800527215,-0.003872949630022049,-0.006255097687244415,-0.003165564499795437,0.0033447053283452988,0.002720573451370001,0.005675981752574444
FANG,24,2026-04-07 19:30:00+00:00,15:30,0.005606272257864475,up,0.003499159822240472,0.005822710692882538,0.0054922085255384445,0.007617301773279905,0.007791734300553799,0.0030931090004742146,0.0013682559365406632,0.0036829905584454536,0.006057667080312967,0.005873288493603468,0.008754010312259197,0.0071921818889677525,0.005294625647366047,0.004774734377861023,0.004890713840723038,0.004726826678961515,0.009533271193504333,0.011057375930249691,0.008811186999082565,0.009698360227048397,0.007854321040213108,0.007308844942599535,0.007243379019200802,0.007340825162827969,0.005188342649489641,0.005606272257864475
USB,24,2026-04-07 19:30:00+00:00,15:30,0.005505233071744442,up,-0.001829354790970683,0.00229584239423275,9.705955017125234e-05,0.0042299325577914715,0.0015127093065530062,0.002771243918687105,-0.0016853667329996824,-5.7230823585996404e-05,0.0016521435463801026,0.000437702692579478,0.001716529717668891,0.00031379793654195964,-0.0002925869484897703,-0.0004294597601983696,0.0032678174320608377,0.0018965149065479636,0.0038236998952925205,0.003928169142454863,0.004019172862172127,0.00488407164812088,0.003522853832691908,0.002682683989405632,0.0030854095239192247,0.006060914136469364,0.004379878286272287,0.005505233071744442
LMT,24,2026-04-07 19:30:00+00:00,15:30,0.005492087919265032,up,-0.002077734563499689,-0.00022188635193742812,-0.0014004969270899892,0.00034526214585639536,0.0007716459804214537,-0.002140118507668376,-0.002262780675664544,-0.0017181432340294123,-0.004864943213760853,-0.002881457097828388,4.979507502866909e-05,0.0013011664850637317,0.000590620213188231,0.0003723385452758521,0.0002066819870378822,-0.0017161429859697819,0.00014252326218411326,0.0009711106540635228,-0.0002131885994458571,-9.080223389901221e-05,0.0025899983011186123,-0.0007512943120673299,-0.0016522782389074564,0.002906931797042489,0.0026765584480017424,0.005492087919265032
LLY,24,2026-04-07 19:30:00+00:00,15:30,0.005269871558994055,up,-0.006500734016299248,-0.0098494291305542,-0.007319364696741104,-0.0022493982687592506,-0.003231667447835207,-0.006710606627166271,-0.006329555995762348,-0.0009282157989218831,-0.0031057950109243393,0.0007967925048433244,0.007751467637717724,0.006220395211130381,0.005916897673159838,0.006171536631882191,0.006596672348678112,0.005927426274865866,0.005789601244032383,0.0032032316084951162,0.0047266618348658085,0.0012708691647276282,-0.0008766749524511397,-0.006220524664968252,-0.009984767995774746,0.0031885099597275257,-0.0005646571516990662,0.005269871558994055
SLB,24,2026-04-07 19:30:00+00:00,15:30,0.005198548082262278,up,-0.00038329543895088136,0.001775106880813837,0.000519961875397712,0.0010125439148396254,-0.0007224937435239553,-0.004122693091630936,-0.0031520435586571693,-0.002728765131905675,-0.0056375907734036446,-0.0057496498338878155,-0.003879343159496784,-0.0029072340112179518,-0.003366860095411539,-0.004702115431427956,-0.00020288505766075104,-0.0026528616435825825,-0.002099177800118923,-0.002345724729821086,-0.002600068226456642,-0.0023514479398727417,-0.0025779183488339186,-0.005379960872232914,-0.005701348651200533,0.00152615737169981,0.0019598202779889107,0.005198548082262278
EME,24,2026-04-07 19:30:00+00:00,15:30,0.005101027432829142,up,-0.0021724693942815065,-0.0036712123546749353,-0.0019349625799804926,0.003024115227162838,0.0069400109350681305,0.004302550572901964,0.0019337738631293178,0.004162865690886974,-0.0023250808008015156,0.00042649079114198685,0.004794666543602943,0.0043859938159585,0.0016693428624421358,0.001949630561284721,-0.002193006919696927,-0.0021594713907688856,-0.0008516523521393538,9.803843568079174e-05,0.0009543228661641479,0.0019679449032992125,0.005765930283814669,0.0007763145840726793,0.0032251793891191483,0.007960078306496143,0.003114433027803898,0.005101027432829142
WTW,24,2026-04-07 19:30:00+00:00,15:30,0.005076592322438955,up,0.004319360014051199,0.005669872742146254,0.003451499156653881,0.004279561806470156,0.0005327579565346241,-0.0006439118296839297,-0.0026928880251944065,-0.0022521214559674263,-0.002291626762598753,-0.003105391748249531,-0.0008212446118704975,0.00030710845021530986,-0.0008323176298290491,-2.8293306968407705e-05,-0.00305851548910141,-0.0025384314358234406,0.0021510485094040632,0.0018416637321934104,0.0014639366418123245,0.0019309524213895202,0.0014863860560581088,-0.00010282655421178788,-0.0032439122442156076,-0.00022839708253741264,-0.002493585692718625,0.005076592322438955
GPN,24,2026-04-07 19:30:00+00:00,15:30,0.00488433288410306,up,-0.006876164581626654,0.003238302655518055,-0.0027022087015211582,0.0026604081504046917,-0.002620676066726446,-0.004651016555726528,-0.01186481211334467,-0.009500721469521523,-0.00781682226806879,-0.006599954795092344,-0.0017790120327845216,-7.378466398222372e-05,0.0001690082426648587,0.002556708175688982,0.002422402845695615,0.0005280526238493621,0.0022101793438196182,0.0008050024625845253,-0.0006233801250346005,-0.00015031620569061488,0.0006021336885169148,-0.002184106269851327,-0.004015479702502489,0.003793543903157115,-4.868843097938225e-05,0.00488433288410306
HD,24,2026-04-07 19:30:00+00:00,15:30,0.0048722694627940655,up,-0.007670385763049126,-0.008049446158111095,-0.0122225945815444,-0.005241121165454388,-0.00822008028626442,-0.009840350598096848,-0.014821304939687252,-0.017933981493115425,-0.015773862600326538,-0.01608448475599289,-0.01444040797650814,-0.012389946728944778,-0.010907771997153759,-0.01076832227408886,-0.010133364237844944,-0.013139557093381882,-0.009858685545623302,-0.008250871673226357,-0.007844505831599236,-0.008395420387387276,-0.010738852433860302,-0.014846833422780037,-0.010020188987255096,-0.007141944486647844,-0.004245878662914038,0.0048722694627940655
EXPD,24,2026-04-07 19:30:00+00:00,15:30,0.004813773091882467,up,0.001369900768622756,0.003358222311362624,0.0019523932132869959,0.00541725056245923,0.0065690032206475735,0.004698958247900009,0.0014811079017817974,0.00291289365850389,0.004559874534606934,0.0037309739273041487,0.006884139031171799,0.0071412138640880585,0.0064372168853878975,0.00798717699944973,0.008578103967010975,0.006751409266144037,0.008782378397881985,0.006807034369558096,0.004688997287303209,0.004079472739249468,0.0029214282985776663,0.003421171335503459,0.001969392178580165,0.006362938787788153,0.00415055500343442,0.004813773091882467
FE,24,2026-04-07 19:30:00+00:00,15:30,0.00478793540969491,up,0.002317889127880335,0.0029487251304090023,0.0037298703100532293,0.005421659909188747,0.0075925844721496105,0.007905327714979649,0.00525817321613431,0.005254750605672598,0.006237718742340803,0.005625818856060505,0.00799898523837328,0.007699130568653345,0.006865732371807098,0.005406050477176905,0.006022257264703512,0.004867380019277334,0.006772617809474468,0.007354597561061382,0.00811748392879963,0.009432964958250523,0.008190578781068325,0.007383033167570829,0.005890775006264448,0.007779836654663086,0.006548837758600712,0.00478793540969491
WFC,24,2026-04-07 19:30:00+00:00,15:30,0.004786919802427292,up,-0.007484626490622759,-0.004517780151218176,-0.007712659891694784,-0.0013627123553305864,-0.0016441353363916278,-0.001626230194233358,-0.003875082591548562,-0.0011919845128431916,-0.0034666634164750576,-0.002823184709995985,-0.0020237064454704523,-0.0020216568373143673,-0.003953044768422842,-0.0010003922507166862,0.0007843460771255195,-0.0006925961351953447,0.0004490846476983279,0.0005852802423760295,-0.0003292011679150164,-0.00011800001811934635,-0.002621023915708065,-0.003168158233165741,-0.0026217070408165455,0.0010660177795216441,0.0019158672075718641,0.004786919802427292
MU,24,2026-04-07 19:30:00+00:00,15:30,0.004709693603217602,up,-0.007513762917369604,-0.017243558540940285,-0.02900182269513607,-0.021083369851112366,-0.026058433577418327,-0.03304175287485123,-0.030142461881041527,-0.023921241983771324,-0.021320795640349388,-0.017944427207112312,-0.011923794634640217,-0.00982188805937767,-0.005846455693244934,-0.007547138724476099,-0.006705037318170071,-0.008778957650065422,-0.008021451532840729,-0.008090832270681858,-0.012908142991364002,-0.01028955727815628,-0.011992909014225006,-0.017392035573720932,-0.01379946619272232,-0.013512121513485909,-0.007802005857229233,0.004709693603217602
GS,24,2026-04-07 19:30:00+00:00,15:30,0.00467517226934433,up,-0.010966502130031586,-0.007838421501219273,-0.008905072696506977,-0.005346707534044981,-0.0015636200550943613,-0.001983105670660734,-0.006717112846672535,-0.002153328387066722,-0.0044908663257956505,-0.0036298856139183044,-0.0011678902665153146,-0.0011756389867514372,-0.0012933015823364258,-6.647328700637445e-05,-0.0002451860927976668,-0.0008209554362110794,0.00025290940538980067,-0.00033131230156868696,-0.0011023870902135968,-0.0018264283426105976,-0.0028328215703368187,-0.0048987288028001785,-0.0055807968601584435,-0.0011084883008152246,-0.0018870652420446277,0.00467517226934433
JNJ,24,2026-04-07 19:30:00+00:00,15:30,0.004584937356412411,up,0.0026587191969156265,0.004757603630423546,0.0026028212159872055,0.006235581357032061,0.0013486555544659495,-0.0022994033060967922,-0.002472647000104189,-0.0007900157943367958,-0.0037032701075077057,-5.329194391379133e-05,0.0006841295980848372,0.001599757350049913,0.0016063953517004848,0.0018634553998708725,0.001437645172700286,0.0019044606015086174,0.0039413380436599255,-0.0008177080890163779,0.00281383004039526,0.0026125870645046234,0.002876766724511981,-0.0009420856949873269,0.000724296027328819,0.0020907213911414146,0.0028340991120785475,0.004584937356412411
ULTA,24,2026-04-07 19:30:00+00:00,15:30,0.004574139602482319,up,0.0019383609760552645,0.002669493667781353,9.127704106504098e-05,0.0014509714674204588,0.0009603775688447058,-2.7844609576277435e-05,-0.0008530340855941176,0.00010653856588760391,-0.0015303330728784204,-0.0012393150245770812,0.00022203057596925646,0.0015829694457352161,0.0011316839372739196,0.0006237999186851084,0.0020480253733694553,0.00012443712330423295,0.004963274579495192,0.002777349902316928,0.0008011946338228881,0.002085824031382799,0.0018205775413662195,0.0012976074358448386,0.0009802929125726223,0.0036412496119737625,0.0007251600618474185,0.004574139602482319
FIX,24,2026-04-07 19:30:00+00:00,15:30,0.004566638730466366,up,-0.003178065875545144,-0.009804883971810341,-0.008338822051882744,-0.006467072758823633,-0.0021638122852891684,-0.003887585364282131,-0.0061879837885499,-0.0014621394220739603,-0.006791227497160435,-0.0019233537605032325,0.0021071499213576317,0.0030259701889008284,0.0006888925563544035,0.0021121236495673656,1.2457205230020918e-05,-0.00024765016860328615,0.002370350295677781,0.0008484894060529768,-0.000238787368289195,0.0017849680734798312,0.0011304179206490517,-0.0010392767144367099,-0.004223989322781563,-0.0006175925373099744,-0.0008823748212307692,0.004566638730466366
CEG,24,2026-04-07 19:30:00+00:00,15:30,0.004362454637885094,up,-0.007946601137518883,-0.00797973107546568,-0.015667269006371498,-0.014311335980892181,-0.016536632552742958,-0.018620604649186134,-0.023854253813624382,-0.01891830377280712,-0.02132004126906395,-0.01686224155128002,-0.013031450100243092,-0.011350153014063835,-0.009395076893270016,-0.011129343882203102,-0.01353038102388382,-0.015766402706503868,-0.015253594145178795,-0.01581033319234848,-0.015674443915486336,-0.018520735204219818,-0.020603438839316368,-0.020588824525475502,-0.020533854141831398,-0.013230817392468452,-0.009445501491427422,0.004362454637885094
MPC,24,2026-04-07 19:30:00+00:00,15:30,0.004353771451860666,up,-0.0018893299857154489,0.00036099384305998683,-0.0035999934189021587,0.0004979264922440052,0.000508210388943553,-0.0033749372232705355,-0.002934299176558852,-0.0021589475218206644,-0.002277050632983446,-0.0012833327054977417,0.0018093582475557923,0.002493001287803054,-0.0011125459568575025,-0.0002783404488582164,-0.0004262219008523971,-0.0009847377659752965,-0.000447921542217955,-0.0012090931413695216,-0.002308301394805312,-0.002851197961717844,-0.0029085830319672823,-0.002432907233014703,0.0004377072036731988,7.559324149042368e-05,-0.0008109835325740278,0.004353771451860666
TAP,24,2026-04-07 19:30:00+00:00,15:30,0.004251397680491209,up,0.0001206238375743851,0.0010354069527238607,0.001198171521537006,0.0027744751423597336,0.002043795771896839,0.0008905890281312168,-0.0018564000492915511,-0.0017884637927636504,-0.0027216323651373386,-0.0016853692941367626,0.00022397827706299722,0.0028206331189721823,0.00443054037168622,0.003262365236878395,0.0021996141877025366,0.0003423320595175028,0.003857556264847517,0.0024359801318496466,0.00018574617570266128,0.0013036079471930861,-0.00033222255297005177,-0.0034063479397445917,-0.003987503238022327,0.0030372682958841324,0.0008642742759548128,0.004251397680491209
ETN,24,2026-04-07 19:30:00+00:00,15:30,0.004013989120721817,up,-0.004738689865916967,-0.0037857461720705032,-0.009359568357467651,-0.006427111104130745,-0.007534663192927837,-0.011724899522960186,-0.016823608428239822,-0.009665963239967823,-0.008381676860153675,-0.0073858750984072685,-0.005584837403148413,-0.004108536057174206,-0.001638234592974186,-0.0030686957761645317,-0.004894579295068979,-0.006175151560455561,-0.007625785190612078,-0.0035430826246738434,-0.004951698239892721,-0.004897318314760923,-0.00329972174949944,-0.006589372176676989,-0.004656265024095774,0.00029509293381124735,-0.004515509586781263,0.004013989120721817
CNP,24,2026-04-07 19:30:00+00:00,15:30,0.003965805750340223,up,0.004136369563639164,0.006057094316929579,0.005476819351315498,0.0066113960929214954,0.007640951778739691,0.007247635163366795,0.006111457943916321,0.005766889546066523,0.0087741082534194,0.007234979420900345,0.007502309512346983,0.005248230881989002,0.004286101087927818,0.0030631227418780327,0.004310934338718653,0.004685471765697002,0.004904365167021751,0.0051584066823124886,0.006047033239156008,0.006893635261803865,0.005336769390851259,0.005504710599780083,0.0028725883457809687,0.007136906497180462,0.008088932372629642,0.003965805750340223
ODFL,24,2026-04-07 19:30:00+00:00,15:30,0.003873855574056506,up,-0.006270735990256071,-0.004718033131211996,-0.0017163126030936837,0.00425347127020359,-0.0022333769593387842,-0.004833082668483257,-0.004456763621419668,-0.0022953562438488007,-0.0019971029832959175,-0.004144673235714436,-0.004617063328623772,-0.0039699445478618145,-0.003694056300446391,-0.003073690691962838,-0.004028137773275375,-0.004318041726946831,-0.000563464593142271,-0.0024943938478827477,-0.0031090525444597006,-0.004407017957419157,-0.008494536392390728,-0.00716825108975172,-0.006298529449850321,-0.0001297677226830274,0.0017851919401437044,0.003873855574056506
AAPL,24,2026-04-07 19:30:00+00:00,15:30,0.0038539350498467684,up,-0.005748217459768057,-0.011118360795080662,-0.015356163494288921,-0.013517115265130997,-0.01342043001204729,-0.018267417326569557,-0.013803515583276749,-0.010392322205007076,-0.012821380980312824,-0.012396040372550488,-0.011842348612844944,-0.004920812789350748,-0.0015660976059734821,-0.005211456213146448,-0.0018034200184047222,-0.004213472828269005,-0.00086435821140185,-0.0029533803462982178,-0.0017466756980866194,-0.002895538927987218,-0.007970924489200115,-0.010929856449365616,-0.009911916218698025,-0.004556722939014435,-0.004857244435697794,0.0038539350498467684
UDR,24,2026-04-07 19:30:00+00:00,15:30,0.0038137028459459543,up,0.0028258860111236572,0.00826230552047491,0.0064277951605618,0.007250021677464247,0.006295881234109402,0.00831656064838171,0.007321801967918873,0.009706176817417145,0.009964908473193645,0.010701819323003292,0.012805278412997723,0.01146625354886055,0.009618092328310013,0.007432189770042896,0.008723309263586998,0.009276378899812698,0.011830913834273815,0.011869915761053562,0.010580663569271564,0.01225854642689228,0.009654253721237183,0.007924547418951988,0.007868004031479359,0.008531344123184681,0.004929963033646345,0.0038137028459459543
AME,24,2026-04-07 19:30:00+00:00,15:30,0.0037355725653469563,up,-0.005740287248045206,-0.003118384862318635,-0.0070900809951126575,-0.005077220033854246,-0.005004345905035734,-0.004805171396583319,-0.006579923443496227,-0.0039577605202794075,-0.0042565250769257545,-0.002919471822679043,-0.001795872813090682,0.0006420559366233647,0.00027173853595741093,0.0009529936360195279,0.0013644401915371418,0.0004730345099233091,0.003256504889577627,0.0007117107161320746,0.0010170034365728498,-0.0002057104284176603,-0.0010579782538115978,-0.0023197708651423454,-0.0016258477699011564,0.0015886921901255846,3.952734186896123e-05,0.0037355725653469563
DXCM,24,2026-04-07 19:30:00+00:00,15:30,0.0036565319169312716,up,-0.0011029083980247378,0.0008788006962276995,-0.0058179693296551704,-0.004875566344708204,-0.008091968484222889,-0.007027534302324057,-0.011969574727118015,-0.007378653157502413,-0.003316294401884079,-0.002012009732425213,-0.001654589083045721,0.0013328914064913988,0.002371837617829442,0.0038064548280090094,-0.0003016027621924877,-0.00010837397712748498,0.006470542401075363,0.007000396028161049,0.0035365496296435595,0.003746519098058343,0.0033662929199635983,0.0020883914548903704,0.0041105174459517,0.0041414410807192326,0.0023675549309700727,0.0036565319169312716
DTE,24,2026-04-07 19:30:00+00:00,15:30,0.0036455178633332253,up,0.0016882598865777254,0.004225371405482292,0.0033407853916287422,0.004699242301285267,0.008149362169206142,0.005224353168159723,0.00311462813988328,0.0049817985855042934,0.0058457390405237675,0.004176147747784853,0.005346920806914568,0.005735140759497881,0.005493955686688423,0.0048423525877296925,0.00471081305295229,0.003626018762588501,0.005310933571308851,0.0057054259814321995,0.00605253130197525,0.0065013337880373,0.004978389944881201,0.002731348155066371,0.0020628543570637703,0.003513562260195613,0.003982258029282093,0.0036455178633332253
AIZ,24,2026-04-07 19:30:00+00:00,15:30,0.003588329069316387,up,-7.52409323467873e-05,0.004307225346565247,0.0012483682949095964,0.0031574273016303778,0.001973741687834263,0.0019669176544994116,-0.0025395601987838745,-0.0008267851662822068,0.001412046025507152,-0.0009982649935409427,0.0009104861528612673,0.00017193963867612183,7.568448927486315e-05,0.0014307093806564808,0.003319154493510723,0.0010591313475742936,0.00481638265773654,0.004426637198776007,0.003399692941457033,0.0031393738463521004,0.002969895489513874,0.0013471784768626094,0.0011559096165001392,0.0047034998424351215,0.002071497030556202,0.003588329069316387
WAB,24,2026-04-07 19:30:00+00:00,15:30,0.0035556843504309654,up,0.0004241424612700939,0.005982728209346533,0.0022068300750106573,0.003738796804100275,0.005139186047017574,0.003776968689635396,-0.001581766875460744,-0.0006591757410205901,-0.004121972713619471,0.001903201686218381,0.005629141349345446,0.004147000145167112,0.002484723925590515,0.0013031658018007874,0.0012723817490041256,-0.000395092269172892,0.004001798573881388,0.0031424141488969326,0.0010371755342930555,0.0023613744415342808,0.0001778405421646312,-0.0024494542740285397,-0.003788998816162348,0.0010416846489533782,-0.003147342475131154,0.0035556843504309654
ON,24,2026-04-07 19:30:00+00:00,15:30,0.003539207624271512,up,-0.005018953233957291,-0.009701352566480637,-0.010585635900497437,-0.009710323065519333,-0.009266291745007038,-0.00915281381458044,-0.013447586447000504,-0.010339017026126385,-0.010633048601448536,-0.008420879952609539,-0.0054243472404778,-0.002172056818380952,0.00021798961097374558,0.0018137727165594697,0.0009889922803267837,0.0003752504417207092,0.0026040636003017426,0.0010094164172187448,-0.001178894774056971,-0.0006379267433658242,0.00025136201293207705,-0.0010772472014650702,-0.00037852011155337095,0.004636432975530624,0.002284914953634143,0.003539207624271512
BR,24,2026-04-07 19:30:00+00:00,15:30,0.003521453123539686,up,-0.006157554220408201,0.0003978355380240828,-0.0073051368817687035,-0.003215143457055092,-0.007590669207274914,-0.007452699355781078,-0.010283168405294418,-0.007956748828291893,-0.003824230981990695,-0.002663880120962858,-0.0008391050505451858,-0.00047176278894767165,-0.0006120356265455484,0.0007534941541962326,-0.0011241284664720297,-0.002960497047752142,0.0018056677654385567,-0.0007274558884091675,-0.0008671878022141755,-0.0014565648743882775,-0.0024117135908454657,-0.004044387489557266,-0.0013790475204586983,0.001619683112949133,-0.002255471656098962,0.003521453123539686
CAG,24,2026-04-07 19:30:00+00:00,15:30,0.0035041861701756716,up,-0.01131026353687048,-0.007273012772202492,-0.003206453984603286,-0.0036358239594846964,0.007108528632670641,0.0035253746900707483,0.003323028329759836,-0.005817047785967588,0.001926118042320013,-0.0053638191893696785,2.0046831195941195e-05,0.00047125143464654684,0.0010771224042400718,0.0018994469428434968,0.0014562868745997548,0.0037203733809292316,0.009108927100896835,0.006235816981643438,0.005567939952015877,0.007309029810130596,0.005455675069242716,0.00013039656914770603,0.00019965977116953582,0.0061301374807953835,3.053413820452988e-05,0.0035041861701756716
ADM,24,2026-04-07 19:30:00+00:00,15:30,0.0033428024034947157,up,0.004086771514266729,0.00463330140337348,0.0027231124695390463,0.0014686202630400658,0.003939818125218153,0.006097578909248114,-0.0007932056323625147,-0.0007477127364836633,0.002531395759433508,-0.006926012225449085,-0.00994674488902092,-0.007462978828698397,-0.007359328679740429,0.0003323446726426482,-0.005291682202368975,-0.0038046562112867832,0.0005132088554091752,0.003487026784569025,-0.003426542039960623,-6.655339529970661e-05,-0.0036552182864397764,0.0005187622737139463,0.002525259740650654,0.006729079410433769,0.004442552104592323,0.0033428024034947157
ESS,24,2026-04-07 19:30:00+00:00,15:30,0.00325104221701622,up,-0.00032428480335511267,0.0029326234944164753,0.0036034758668392897,0.004921362269669771,0.005876519717276096,0.005384991876780987,0.002829416887834668,0.0038797538727521896,0.006630896124988794,0.006375162862241268,0.010105854831635952,0.008272580802440643,0.00818212702870369,0.008462795056402683,0.00995827466249466,0.00788223184645176,0.010533387772738934,0.010728136636316776,0.008384674787521362,0.009296104311943054,0.007958131842315197,0.007129233796149492,0.004680401645600796,0.005264156963676214,0.004536087159067392,0.00325104221701622
REG,24,2026-04-07 19:30:00+00:00,15:30,0.003242938546463847,up,-0.0010379788000136614,0.0039276182651519775,0.003936429042369127,0.005111075937747955,0.00652161194011569,0.0035675005055963993,0.001895991270430386,0.002169346436858177,0.002103470265865326,0.002000269712880254,0.0040439702570438385,0.0035522584803402424,0.0021956185810267925,0.0019462259951978922,0.0030030645430088043,0.0035291805397719145,0.005071986000984907,0.004250332247465849,0.0052221608348190784,0.006396668031811714,0.00395450321957469,0.0014349453849717975,0.002424377016723156,0.003959939815104008,0.0029666994232684374,0.003242938546463847
PSA,24,2026-04-07 19:30:00+00:00,15:30,0.003045612946152687,up,0.002833073027431965,0.0014895135536789894,0.0011517248349264264,0.005219186190515757,0.008390041068196297,0.008175971917808056,0.007535262033343315,0.005047467537224293,0.002868504263460636,0.0027048280462622643,0.0049033029936254025,0.005339555907994509,0.007179172243922949,0.005070302169770002,0.00392386969178915,0.001559344818815589,0.003082191338762641,0.0021083808969706297,0.0010474820155650377,0.0020001432858407497,0.0009403636213392019,-0.0007481671636924148,9.786371811060235e-05,0.004157296381890774,0.00020652032981161028,0.003045612946152687
FDX,24,2026-04-07 19:30:00+00:00,15:30,0.0030405139550566673,up,-0.005651248153299093,-0.004987986758351326,-0.0064414492808282375,-0.0027493038214743137,-0.002030185656622052,-0.0027351081371307373,-0.002805003896355629,-0.004193556495010853,-0.003973660059273243,-0.0030585124623030424,-0.0004993471084162593,0.002204794203862548,0.0006977131124585867,0.0021579167805612087,0.0030466928146779537,0.0009855697862803936,0.0015288174618035555,0.002460176357999444,0.0009916687849909067,-0.0005707219825126231,-0.0004917759215459228,-0.0029769858811050653,-0.0038211452774703503,0.0003512320399750024,-0.0005003163823857903,0.0030405139550566673
EMR,24,2026-04-07 19:30:00+00:00,15:30,0.00304045551456511,up,-0.011601155623793602,-0.007695777341723442,-0.012262778356671333,-0.004626975394785404,-0.007115100044757128,-0.007896971888840199,-0.014260901138186455,-0.01153829600661993,-0.011329402215778828,-0.009852239862084389,-0.00963303167372942,-0.006757690105587244,-0.006601816043257713,-0.005073083098977804,-0.004178074188530445,-0.0038705833721905947,-0.0020964392460882664,-0.0013011505361646414,-0.003429943695664406,-0.007081629708409309,-0.005540391895920038,-0.00821676105260849,-0.007111209910362959,0.0022102254442870617,-0.0007364902412518859,0.00304045551456511
PYPL,24,2026-04-07 19:30:00+00:00,15:30,0.0030231066048145294,up,-0.0067848702892661095,-0.0036220557522028685,-0.004247130826115608,-0.002451346255838871,-0.0041799903847277164,-0.005885719787329435,-0.006465936079621315,-0.005265051033347845,-0.005764631554484367,-0.003956523723900318,-0.00134311115834862,-0.001400754670612514,-0.00270465319044888,0.0007247462053783238,0.0020437471102923155,0.00016723992303013802,0.0008101944113150239,-0.002930259332060814,-0.0012844458688050508,-0.00019553786842152476,0.0007881075143814087,-0.005726031493395567,-0.0035306320060044527,-0.00022029707906767726,-0.0020263188052922487,0.0030231066048145294
AMCR,24,2026-04-07 19:30:00+00:00,15:30,0.002974723931401968,up,-0.012000667862594128,-0.0017005614936351776,-0.0023830600548535585,0.003409882541745901,-0.002917818259447813,-0.0032098148949444294,-0.010355997830629349,-0.013229498639702797,-0.009224123321473598,-0.011099465191364288,-0.009200265631079674,-0.006589942146092653,-0.0028044674545526505,-0.0031709950417280197,-0.0038213373627513647,-0.005658910609781742,-0.0015186527743935585,-0.0018996910657733679,-0.0012431459035724401,-0.0022925736848264933,-0.0001331862440565601,-0.001064117532223463,0.0016859604511409998,0.005495140329003334,0.002965404884889722,0.002974723931401968
GEHC,24,2026-04-07 19:30:00+00:00,15:30,0.0029318754095584154,up,-0.010338258929550648,-0.007458064705133438,-0.011602654121816158,-0.010017206892371178,-0.01075176801532507,-0.010374798439443111,-0.016662966459989548,-0.013472016900777817,-0.013739729300141335,-0.012298444285988808,-0.009928211569786072,-0.007235378958284855,-0.004287656396627426,-0.0022753358352929354,-0.0029809752013534307,-0.003421219065785408,0.0005363619420677423,0.0007644412107765675,-9.920089360093698e-05,-0.0012676408514380455,-0.0018338024383410811,-0.0006560173933394253,-0.0020892061293125153,0.002414456568658352,-0.0014933828497305512,0.0029318754095584154
NWS,24,2026-04-07 19:30:00+00:00,15:30,0.0029187574982643127,up,0.0009391327039338648,0.00508084474131465,0.0015139399329200387,0.004514204803854227,0.0032116330694407225,0.0013233688659965992,0.0003596839669626206,0.0007780184387229383,0.0007498552440665662,-0.002112637273967266,-0.0010046630632132292,0.001534359180368483,0.0008756483439356089,0.002851170487701893,0.002538316184654832,0.0018840462435036898,0.004035023041069508,0.0037135938182473183,0.002330122282728553,0.0038125235587358475,-0.00034925001091323793,-0.0016743805026635528,-0.0024946953635662794,0.003177742939442396,0.001207820256240666,0.0029187574982643127
EW,24,2026-04-07 19:30:00+00:00,15:30,0.0028572718147188425,up,0.0008577463449910283,0.0023432110901921988,-0.00019032717682421207,0.002012075623497367,-0.0005662215990014374,0.001677506952546537,-0.0015915593830868602,0.0003413179947528988,0.0024271432776004076,0.002717782510444522,0.003175178775563836,0.003679826855659485,0.003621435258537531,0.004478979855775833,0.004885331727564335,0.004497751593589783,0.004524823743849993,0.004673697520047426,0.0052909585647284985,0.004679169971495867,0.003921439405530691,0.003443128429353237,0.0020314021967351437,0.005047172773629427,0.002373571740463376,0.0028572718147188425
OXY,24,2026-04-07 19:30:00+00:00,15:30,0.0028383617755025625,up,0.0012302545364946127,0.0024650164414197206,0.00271086604334414,-0.0007335665868595243,-0.0031038124579936266,0.0003513061092235148,-0.003605954349040985,-0.0022610484156757593,-0.0063703362829983234,-0.006948010064661503,-0.0036742750089615583,-0.004297817591577768,-0.004333845805376768,-0.0016594945918768644,-0.000530519406311214,-0.0015634187730029225,-0.00037868437357246876,-0.0005096026579849422,-0.0025555051397532225,-0.0005949605256319046,-0.007449374999850988,-0.005465867463499308,-0.0045363460667431355,-0.0018284199759364128,-0.002632225165143609,0.0028383617755025625
JCI,24,2026-04-07 19:30:00+00:00,15:30,0.002721559489145875,up,-0.010582434944808483,-0.005663652904331684,-0.00987183302640915,-0.007209842558950186,-0.005435750354081392,-0.00650577200576663,-0.008451404049992561,-0.008519327268004417,-0.008817451074719429,-0.007344305049628019,-0.008658859878778458,-0.007489063777029514,-0.005117916967719793,-0.0032031561713665724,-0.004889434669166803,-0.004035302437841892,-0.0005544349551200867,0.0010555157205089927,-0.001008504070341587,-0.003878938499838114,-0.002498069778084755,-0.004985876381397247,-0.0034217529464513063,0.0027941095177084208,0.0014603427844122052,0.002721559489145875
KR,24,2026-04-07 19:30:00+00:00,15:30,0.002642033388838172,up,0.0012714943150058389,0.005294032860547304,0.0035868040286004543,0.005688331089913845,0.008849109522998333,0.0043960679322481155,0.0006261920207180083,0.0037025115452706814,0.006711694411933422,0.005006300751119852,0.006538691930472851,0.008311796933412552,0.005106290336698294,0.007568187080323696,0.006892504170536995,0.006674449425190687,0.006292454432696104,0.005451634526252747,0.0017995189409703016,0.005596756469458342,0.004566014278680086,0.0037842332385480404,0.0021363950800150633,0.005472508259117603,0.0019547471310943365,0.002642033388838172
BLDR,24,2026-04-07 19:30:00+00:00,15:30,0.002637988654896617,up,0.0076256413012743,0.013128528371453285,0.009215159341692924,0.008341656066477299,0.011718233115971088,0.005064888391643763,0.0013159312075003982,0.0020093407947570086,0.005559062119573355,0.00383858778513968,0.004227855708450079,0.006111812312155962,0.005847645923495293,0.006831110920757055,0.0100777056068182,0.003222589148208499,0.003830912057310343,0.006178921554237604,-0.0026242234744131565,0.0017210622318089008,0.0021401941776275635,-0.002848017727956176,-0.00541960634291172,0.0027084655594080687,-0.0026922007091343403,0.002637988654896617
TMUS,24,2026-04-07 19:30:00+00:00,15:30,0.0025189686566591263,up,0.0008860232192091644,0.001485383720137179,0.0023188183549791574,0.003066364210098982,0.0033146690111607313,0.00011994851956842467,0.0015757788205519319,0.003881150158122182,0.0051337238401174545,0.007349977735430002,0.006954887416213751,0.00577961141243577,0.004244357813149691,0.0034430872183293104,0.0034172607120126486,0.003144726390019059,0.002224141964688897,0.00440496951341629,0.0049990639090538025,0.005353684537112713,0.003848959458991885,0.001264840946532786,0.0032878206111490726,0.0044893198646605015,0.004829160403460264,0.0025189686566591263
EVRG,24,2026-04-07 19:30:00+00:00,15:30,0.0025066768284887075,up,0.000665586965624243,0.0023939250968396664,0.0024973154067993164,0.002212893683463335,0.0051005203276872635,0.004054703749716282,0.002351580187678337,0.003521145321428776,0.0035531665198504925,0.0027656571473926306,0.004470693878829479,0.003018162678927183,0.0026094180066138506,0.003492318093776703,0.002840333618223667,0.00282865297049284,0.004638540092855692,0.003884803969413042,0.004396014381200075,0.005314390175044537,0.004110819660127163,0.0020577113609761,0.0016559124924242496,0.004703289829194546,0.0032190822530537844,0.0025066768284887075
RTX,24,2026-04-07 19:30:00+00:00,15:30,0.002505386248230934,up,-0.004215202759951353,-0.00010457901225890964,-0.0007655694498680532,0.0008058578823693097,0.001789125264622271,0.0013359994627535343,-0.00216893688775599,-0.0019472737330943346,-0.0020193608943372965,-0.003103019902482629,-0.00186229741666466,-0.0021904492750763893,-0.0028449606616050005,-0.0022215284407138824,-0.001351024373434484,-0.002162628574296832,0.00038726715138182044,-0.0004333709948696196,-0.0016621602699160576,-0.0025225370191037655,-0.0012621362693607807,-0.0028501609340310097,-0.0019089377019554377,-0.001963233109563589,-0.0002975435636471957,0.002505386248230934
TEL,24,2026-04-07 19:30:00+00:00,15:30,0.002486027777194977,up,-0.005169146228581667,-0.0006532036350108683,-0.00402056984603405,0.00014935783110558987,-0.00182630296330899,-0.0011016688076779246,-0.006351941265165806,-0.003098839893937111,-0.004979388322681189,-0.0018301812233403325,0.00022705366427544504,0.0007933681481517851,-0.0009182122885249555,-8.632119715912268e-05,0.0015821070410311222,-0.0010523296659812331,0.0002618709986563772,0.0009257383644580841,0.0005050734034739435,-0.0002946995373349637,-0.0012931952951475978,-0.004397120792418718,-0.0035018273629248142,-0.001156377256847918,-0.0010318669956177473,0.002486027777194977
TRV,24,2026-04-07 19:30:00+00:00,15:30,0.0023378694895654917,up,0.0020851551089435816,0.004430694971233606,0.004836202133446932,0.006388308946043253,0.007260213606059551,0.005564949940890074,0.0032641852740198374,0.004072070121765137,0.004118891898542643,0.0031735445372760296,0.004240644164383411,0.003756999270990491,0.0024459571577608585,0.005240556318312883,0.004478188697248697,0.0037161223590373993,0.004794086795300245,0.005333831533789635,0.004043096210807562,0.004121808800846338,0.00426482455804944,0.0019219106761738658,0.002092922106385231,0.0037450690288096666,5.468419840326533e-05,0.0023378694895654917
ATO,24,2026-04-07 19:30:00+00:00,15:30,0.0022860406897962093,up,0.00032475843909196556,0.0024667431134730577,0.0033051602076739073,0.003811466973274946,0.005670289043337107,0.003947865217924118,0.0016137042548507452,0.0020987861789762974,0.004183214623481035,0.003778008511289954,0.004937451798468828,0.004470223560929298,0.003874680493026972,0.004228146281093359,0.003925187513232231,0.004027178976684809,0.005478359758853912,0.0034756469540297985,0.004535266663879156,0.004312730859965086,0.003767922054976225,0.0014793596928939223,0.000542903202585876,0.0027129589579999447,0.001148759271018207,0.0022860406897962093
WYNN,24,2026-04-07 19:30:00+00:00,15:30,0.002285485155880451,up,-0.004841012414544821,0.002713247202336788,-0.007046484854072332,-0.0001261146244360134,-0.005106562282890081,-0.004902192857116461,-0.011485084891319275,-0.007228811737149954,-0.008318820968270302,-0.00990203209221363,-0.006819176021963358,-0.006734175607562065,-0.006764892488718033,-0.005203584674745798,-0.005801601801067591,-0.006189004052430391,-0.0056817661970853806,-0.008682232350111008,-0.009846299886703491,-0.011080421507358551,-0.007428083568811417,-0.008049070835113525,-0.004287270829081535,0.000568921968806535,-0.0006601521745324135,0.002285485155880451
VLTO,24,2026-04-07 19:30:00+00:00,15:30,0.0022363602183759212,up,-0.0013793886173516512,0.0015093432739377022,0.0005471255863085389,0.0018519555451348424,0.0016583551187068224,0.00032833428122103214,-0.004336066544055939,-0.00190739578101784,-0.00034404548932798207,-0.0012292839819565415,0.00036864911089651287,0.0005742781213484704,0.0008491768967360258,0.001047592842951417,0.0029535521753132343,0.002135426038876176,0.0025882404297590256,0.002467153128236532,0.0015640485798940063,0.0026932049077004194,0.0032638495322316885,0.0018840556731447577,0.0013015121221542358,0.004356978461146355,0.0015281541272997856,0.0022363602183759212
FFIV,24,2026-04-07 19:30:00+00:00,15:30,0.002210049657151103,up,0.0007744890754111111,0.005231888964772224,0.004024701192975044,0.0037351849023252726,0.004421850200742483,0.004195005167275667,0.0031768567860126495,0.005516945384442806,0.0016097540501505136,0.005891518667340279,0.006219592411071062,0.010140670463442802,0.007169764023274183,0.0077504487708210945,0.007173171732574701,0.0036431762855499983,0.005574424751102924,0.006634111050516367,0.0059793381951749325,0.005000141449272633,0.004780685529112816,0.0059463693760335445,0.0026932128239423037,0.005663957912474871,0.002879225416108966,0.002210049657151103
ERIE,24,2026-04-07 19:30:00+00:00,15:30,0.002133346162736416,up,0.0055517652072012424,0.007314644753932953,0.004427029751241207,0.006072339601814747,0.007212940137833357,0.005437962245196104,0.0022362456656992435,0.0026176918763667345,0.0025001249741762877,0.0013750195503234863,0.004377337172627449,0.006249993573874235,0.0034324440639466047,0.002138283336535096,0.0025264599826186895,0.0016251810593530536,0.0038620929699391127,0.005748711992055178,0.0036884108558297157,0.004227675963193178,0.003566057188436389,0.001558918971568346,0.0011426574783399701,0.005257219076156616,0.00041384194628335536,0.002133346162736416
MRNA,24,2026-04-07 19:30:00+00:00,15:30,0.002119313459843397,up,-0.014769032597541809,-0.009877790696918964,-0.008644629269838333,-0.01073603704571724,-0.01314540859311819,-0.014185186475515366,-0.01395692490041256,-0.009503760375082493,-0.0048032235354185104,-0.004615919664502144,-0.0004624534922186285,-0.004548388067632914,-0.003844186896458268,-0.0020806530956178904,-0.0006182034849189222,-0.003876620205119252,0.0001366300566587597,0.0006493778782896698,-0.0015697613125666976,-0.00029127110610716045,-0.0018223952502012253,-0.004349279683083296,-0.007563780527561903,-0.005641055293381214,-0.003865706967189908,0.002119313459843397
VST,24,2026-04-07 19:30:00+00:00,15:30,0.002115376992151141,up,-0.00973376166075468,-0.004112821538001299,-0.011750343255698681,-0.008546263910830021,-0.011414669454097748,-0.012238053604960442,-0.014241090044379234,-0.010000452399253845,-0.0114446971565485,-0.010308397933840752,-0.009008921682834625,-0.007095185574144125,-0.005329327192157507,-0.007262921892106533,-0.003943771123886108,-0.006538901012390852,-0.002588778268545866,-0.0022030833642929792,-0.003409377299249172,-0.006568304728716612,-0.007109435740858316,-0.007775163743644953,-0.006252710707485676,-0.002433536807075143,-0.0015968516236171126,0.002115376992151141
CFG,24,2026-04-07 19:30:00+00:00,15:30,0.00201984029263258,up,-0.005970211699604988,-0.0026772397104650736,-0.005030271131545305,-0.0022691686172038317,-0.001976837869733572,0.00022360899311024696,-0.004900758620351553,-0.002614671364426613,-0.0029197256080806255,-0.00390109745785594,-0.0020093023777008057,-0.001991193275898695,-0.0017922561382874846,-0.0025112703442573547,-0.0012051493395119905,-0.002333000535145402,-0.0002549090713728219,-0.0007029077387414873,-0.0013983071548864245,-0.0002573611564002931,-0.0010566659038886428,-0.0030659178737550974,-0.002492268569767475,0.0008312675054185092,-0.001469512120820582,0.00201984029263258
CDNS,24,2026-04-07 19:30:00+00:00,15:30,0.0018949650693684816,up,0.0022896421141922474,-0.0003235842741560191,-0.005608031991869211,-0.003677232889458537,-0.007290179375559092,-0.010080334730446339,-0.017136260867118835,-0.008299064822494984,-0.008888309821486473,-0.006937871221452951,-0.004594591911882162,-0.0010290201753377914,-0.0005006481078453362,-0.0009380043484270573,-0.0030815848149359226,-0.002656392753124237,0.0038912950549274683,-0.00128514738753438,0.00422704266384244,-0.003162926295772195,-0.006528083235025406,-0.010431976988911629,-0.005471379961818457,-0.00011976571840932593,-0.002638625679537654,0.0018949650693684816
LIN,24,2026-04-07 19:30:00+00:00,15:30,0.001871734857559204,up,-0.0044753397814929485,-0.0018529841909185052,-0.00506000779569149,-0.0037676850333809853,-0.003489874070510268,-0.0045488206669688225,-0.006244458258152008,-0.006678641773760319,-0.006756581831723452,-0.007150917313992977,-0.0055735306814312935,-0.0043947696685791016,-0.005673408508300781,-0.004098548553884029,-0.004824713803827763,-0.006702762097120285,-0.0031297814566642046,-0.003401651047170162,-0.00576965743675828,-0.0021062123123556376,-0.0008287811651825905,-0.0029649946372956038,-0.0027637029998004436,-0.0005459397798404098,-0.0037639376241713762,0.001871734857559204
CAT,24,2026-04-07 19:30:00+00:00,15:30,0.0018635863671079278,up,-0.005226231645792723,-0.006112589035183191,-0.007001293357461691,-0.003309094114229083,-0.0026341313496232033,-0.002238320652395487,-0.00771125964820385,-0.005150122568011284,-0.007834241725504398,-0.005657591391354799,-0.003807369153946638,-0.003743125591427088,-0.004045223817229271,-0.003759785322472453,-0.006092561408877373,-0.0071436939761042595,-0.004952035844326019,-0.003180529223755002,-0.005578968208283186,-0.0045394292101264,-0.0057116006501019,-0.007146634627133608,-0.0060325865633785725,-0.00044686347246170044,-0.003326456295326352,0.0018635863671079278
HUBB,24,2026-04-07 19:30:00+00:00,15:30,0.0017935105133801699,up,-0.004169571679085493,-0.0021665014792233706,-0.005246151704341173,-0.002147343009710312,-0.0030673786532133818,-0.0033870753832161427,-0.006738915573805571,-0.005523613654077053,-0.006411141250282526,-0.0034816882107406855,-0.0031464798375964165,-0.0009966379730030894,-0.0013845015782862902,0.00015863134467508644,-1.8835578885045834e-05,-0.0029359254986047745,6.037769344402477e-05,0.0010136683704331517,-0.0010550798615440726,-0.001148431096225977,-0.0021559724118560553,-0.002242747927084565,-0.0028670525643974543,0.0015341616235673428,-0.00034047398366965353,0.0017935105133801699
T,24,2026-04-07 19:30:00+00:00,15:30,0.001789746107533574,up,-0.009375686757266521,-0.004886733368039131,-0.008843987248837948,-0.007728232070803642,-0.009905464947223663,-0.010259575210511684,-0.010048164054751396,-0.007429361343383789,-0.005628961604088545,-0.00471406290307641,-0.004428280517458916,-0.0036853684578090906,-0.004868690390139818,-0.005021648481488228,-0.002393566770479083,-0.000773050996940583,-0.0022040612529963255,-0.0036245128139853477,-0.0033997136633843184,-0.000367804488632828,0.0023001371882855892,-0.0014891489408910275,-0.0006763508426956832,0.001144413836300373,0.0004422576166689396,0.001789746107533574
NXPI,24,2026-04-07 19:30:00+00:00,15:30,0.0017764812801033258,up,-0.004095844924449921,-0.00042774496250785887,-0.004026403650641441,-0.003551933215931058,-0.0071239471435546875,-0.008457550778985023,-0.012858934700489044,-0.008790452033281326,-0.00984220765531063,-0.006686220411211252,-0.006756714079529047,-0.002955774776637554,-0.00413913931697607,-0.005327766295522451,-0.006288181524723768,-0.007224856410175562,-0.001240694196894765,-0.0008825343102216721,-0.0043444023467600346,-0.004484220873564482,-0.004684843122959137,-0.00451001338660717,-0.005879785865545273,-0.002411697758361697,-0.0037485219072550535,0.0017764812801033258
C,24,2026-04-07 19:30:00+00:00,15:30,0.0017194318352267146,up,-0.004130127839744091,-0.003592871828004718,-0.007582594640552998,-0.003468320472165942,-0.0022320265416055918,-0.0030522311571985483,-0.00872488971799612,-0.00597700010985136,-0.007136810105293989,-0.007162490393966436,-0.004861793946474791,-0.005074096377938986,-0.005497164558619261,-0.00450781499966979,-0.003611903404816985,-0.0017264630878344178,-0.0019319694256410003,-0.0018774946220219135,-0.003511433955281973,-0.003155610989779234,-0.004428484942764044,-0.004273730795830488,-0.004344002343714237,-0.0004182342381682247,-0.000965094892308116,0.0017194318352267146
OTIS,24,2026-04-07 19:30:00+00:00,15:30,0.0016860677860677242,up,0.0031963391229510307,0.005090189166367054,0.00412546144798398,0.006231468170881271,0.009570869617164135,0.004878020845353603,-0.0003889404470100999,0.0017411626176908612,0.00492539769038558,0.0022945126984268427,0.003745069494470954,0.00567277567461133,0.002754049375653267,0.004337912425398827,0.002831954974681139,0.002463314449414611,0.004214995075017214,0.004057465586811304,0.004674555268138647,0.004241245333105326,0.0036061974242329597,0.002455518813803792,0.0017365774838253856,0.002773812273517251,-0.001496416749432683,0.0016860677860677242
ABBV,24,2026-04-07 19:30:00+00:00,15:30,0.0016120378859341145,up,-0.0005975805688649416,-0.005040364805608988,-0.006846918258816004,-0.006130456458777189,-0.00939345732331276,-0.01203563716262579,-0.01338823139667511,-0.009723263792693615,-0.009165074676275253,-0.006564684212207794,-0.0045928796753287315,-0.00347028742544353,-0.002431448083370924,-0.006823813542723656,-0.00554420193657279,-0.004895452409982681,-0.004806701559573412,-0.003672391641885042,-0.004139356315135956,-0.0032819875050336123,-0.0036905724555253983,-0.006996086798608303,-0.006290971301496029,-0.0033863908611238003,-0.0030435931403189898,0.0016120378859341145
NDAQ,24,2026-04-07 19:30:00+00:00,15:30,0.0015783276176080108,up,-0.008456426672637463,-0.003129666903987527,-0.005572473164647818,-0.0037039576563984156,-0.001610283856280148,-0.0038926247507333755,-0.007157747633755207,-0.00512458011507988,-0.004400431178510189,-0.005693309940397739,-0.0012143994681537151,-0.0016856525326147676,-0.0013732187217101455,7.993010513018817e-05,0.0005937604000791907,-0.0027947849594056606,0.0007644457509741187,-0.00023689029330853373,-0.0019524801755324006,-0.0007247866597026587,-0.0007807205547578633,-0.003437303239479661,-0.002863733796402812,0.0024029710330069065,0.0011557250982150435,0.0015783276176080108
CSX,24,2026-04-07 19:30:00+00:00,15:30,0.0015273909084498882,up,-0.0007023148937150836,0.0034828304778784513,3.224832471460104e-05,0.003087271237745881,0.0025644036941230297,0.0016330686630681157,0.0009077603463083506,-0.0001766419009072706,-0.0010627314914017916,-0.0022927653044462204,6.503743497887626e-05,-0.002745986683294177,-0.0038472949527204037,-0.006351000163704157,-0.0032419823110103607,-0.0034153966698795557,-0.002771522616967559,-0.00200585275888443,-0.0013311210786923766,-0.00048625670024193823,-0.002909551840275526,-0.0009693994070403278,-0.003408584278076887,0.0013095003087073565,-0.00013988206046633422,0.0015273909084498882
COP,24,2026-04-07 19:30:00+00:00,15:30,0.0015137685695663095,up,0.00641811965033412,0.009667930193245411,0.010202505625784397,0.006487114354968071,0.008813691325485706,0.010144357569515705,0.0099980803206563,0.004126225132495165,0.0056037320755422115,0.001582882134243846,0.00507716229185462,0.003827773267403245,0.00032129668397828937,0.0011927783489227295,0.0017012914177030325,0.0020582436118274927,-0.00011938571697100997,0.0007649469189345837,0.003987886477261782,0.003224314423277974,0.0007372856489382684,0.001717001898214221,0.001066979835741222,0.003131641773506999,0.001766303787007928,0.0015137685695663095
VRT,24,2026-04-07 19:30:00+00:00,15:30,0.0014359301421791315,up,-0.011783041059970856,-0.014360373839735985,-0.016077550128102303,-0.013193310238420963,-0.012572387233376503,-0.014994089491665363,-0.017565978690981865,-0.010606028139591217,-0.015172457322478294,-0.010613122954964638,-0.006127269007265568,-0.0046442183665931225,-0.010310322977602482,-0.008562210947275162,-0.009954041801393032,-0.009011016227304935,-0.009334667585790157,-0.01165610272437334,-0.011662598699331284,-0.015255697071552277,-0.01199753675609827,-0.013106000609695911,-0.01085746195167303,-0.0031280445400625467,-0.004396532196551561,0.0014359301421791315
HCA,24,2026-04-07 19:30:00+00:00,15:30,0.001399985165335238,up,0.003102927003055811,0.0015907001215964556,0.0017038679216057062,0.001814044895581901,0.0013721666764467955,0.0005821953527629375,-0.0018579310271888971,-0.003068867838010192,-0.004765902180224657,-0.0011257260339334607,0.0015920521691441536,0.0025962472427636385,0.0036924979649484158,0.0021790633909404278,0.003728398121893406,0.003665211144834757,0.005560511723160744,0.004299578722566366,0.0024159690365195274,0.005550462752580643,-4.8056939704110846e-05,-0.0054531823843717575,-0.006602212321013212,-0.0008505998994223773,-0.0030012575443834066,0.001399985165335238
SWKS,24,2026-04-07 19:30:00+00:00,15:30,0.0013999133370816708,up,-0.010372131131589413,-0.005518657620996237,-0.009562994353473186,-0.002117656636983156,-0.008653199300169945,-0.00832535233348608,-0.01229479443281889,-0.010987723246216774,-0.008782866410911083,-0.011053940281271935,-0.009863872081041336,-0.005316864233464003,-0.0008767480030655861,0.0005159731372259557,-0.0030273853335529566,-0.004023328423500061,-0.0018645653035491705,-0.0014896903885528445,-0.0036242990754544735,-0.004933780524879694,-0.005800040438771248,-0.012390721589326859,-0.0140518294647336,-0.0043524280190467834,-0.007571023888885975,0.0013999133370816708
TROW,24,2026-04-07 19:30:00+00:00,15:30,0.001384803676046431,up,-0.0010702582076191902,-0.00014747577370144427,-0.0031655069906264544,-0.00229630502872169,-0.005096073262393475,-0.00479354290291667,-0.01282214093953371,-0.010844028554856777,-0.009345662780106068,-0.00868160929530859,-0.00714652007445693,-0.004166055005043745,-0.00024248134286608547,0.00025174126494675875,-0.0006063455366529524,0.00010792557441163808,0.0031201490201056004,0.0009885308099910617,-0.00019095087191089988,-0.0006914697587490082,0.0021195271983742714,-0.0015553432749584317,-0.0017402693629264832,0.004135377239435911,0.0008233314147219062,0.001384803676046431
IBM,24,2026-04-07 19:30:00+00:00,15:30,0.0013234528014436364,up,-0.00522353732958436,-0.0034702238626778126,-0.007394697517156601,-0.005830894224345684,-0.005408666096627712,-0.007831788621842861,-0.008301292546093464,-0.00610333913937211,-0.006770181003957987,-0.007365991361439228,-0.0036503062583506107,-0.001636761473491788,-0.0025985075626522303,-0.002575363963842392,-0.0024382357951253653,-0.0031397587154060602,-0.0010825740173459053,-0.0031036166474223137,-0.0020450588781386614,-0.004486824851483107,-0.004847563337534666,-0.004047088325023651,-0.004384886939078569,-0.000480272457934916,-0.0005838286597281694,0.0013234528014436364
GL,24,2026-04-07 19:30:00+00:00,15:30,0.0013013813877478242,up,-0.0018552124965935946,0.0009428940829820931,-0.0005105084856040776,0.0035152125637978315,0.003101280890405178,0.0006220407085493207,-0.001539489720016718,0.002278796397149563,0.00021857656247448176,-0.00030678496113978326,0.003437305334955454,0.0035150691401213408,0.00403568847104907,0.0031956539023667574,0.003865499747917056,0.002899054903537035,0.0037316728848963976,0.0038680252619087696,0.002294635633006692,0.0017015632474794984,-0.0002492216299287975,-0.0019394862465560436,-0.0029249864164739847,0.0009112250991165638,0.0002830454322975129,0.0013013813877478242
SBAC,24,2026-04-07 19:30:00+00:00,15:30,0.0012888736091554165,up,-0.00990600511431694,-0.013864039443433285,-0.014876103959977627,-0.006703164428472519,-0.01325745228677988,-0.015370930545032024,-0.01814786158502102,-0.0163272637873888,-0.019069738686084747,-0.01835274137556553,-0.016590945422649384,-0.014089942909777164,-0.016979405656456947,-0.017187492921948433,-0.01508286502212286,-0.011138524860143661,-0.012433111667633057,-0.015539254061877728,-0.012226744554936886,-0.006830866448581219,-0.009666021913290024,-0.014222695492208004,-0.008425773121416569,-0.0033790378365665674,-0.002274943282827735,0.0012888736091554165
CME,24,2026-04-07 19:30:00+00:00,15:30,0.0012362628476694226,up,-0.001948326826095581,0.0014818726340308785,0.001359838992357254,0.0013916493626311421,0.002108760178089142,-6.110914546297863e-05,-0.002364350715652108,-0.0019337490666657686,-0.003392172046005726,-0.0013204803690314293,5.476749720401131e-06,0.002067954745143652,0.0025303761940449476,0.003666948527097702,0.0029677171260118484,-0.00023250075173564255,-7.086289406288415e-05,-0.0005203163018450141,-0.003046125639230013,-0.0028438663575798273,-0.0010171381291002035,-0.0032222378067672253,-0.004260730929672718,-9.943199984263629e-05,0.00015540720778517425,0.0012362628476694226
FCX,24,2026-04-07 19:30:00+00:00,15:30,0.001179969753138721,up,-0.004746035672724247,-0.006523623131215572,-0.012957854196429253,-0.00564402574673295,-0.011922406032681465,-0.009628869593143463,-0.011086232960224152,-0.006063962355256081,-0.013022508472204208,-0.00960963498800993,-0.0060961246490478516,-0.0071173557080328465,-0.008225316181778908,-0.004696227144449949,-0.0034041092731058598,-0.004392652306705713,-0.0044632782228291035,-0.00475542526692152,-0.005647426471114159,-0.005731360986828804,-0.0069235279224812984,-0.008963130414485931,-0.010719171725213528,-0.006131249945610762,-0.010280945338308811,0.001179969753138721
COO,24,2026-04-07 19:30:00+00:00,15:30,0.001155086443759501,up,-0.007407160475850105,-0.00525030167773366,-0.007647939957678318,-0.0048835440538823605,-0.00803325418382883,-0.007627960294485092,-0.009891411289572716,-0.007207721471786499,-0.011669054627418518,-0.011910618282854557,-0.009312202222645283,-0.00364763499237597,-0.0031341537833213806,-0.002091435482725501,-0.003653439460322261,-0.0033534241374582052,-0.0010562570532783866,-0.0037944847717881203,-0.0039306990802288055,-0.0031849921215325594,-0.0023140201810747385,-0.00445989053696394,-0.004932068753987551,-0.0008596491534262896,-0.004163169302046299,0.001155086443759501
ACN,24,2026-04-07 19:30:00+00:00,15:30,0.0009780037216842175,up,-0.00533287413418293,-0.002892852295190096,-0.005525208543986082,-0.002976322779431939,-0.006049434654414654,-0.0071377232670784,-0.006575861945748329,-0.0032840799540281296,-0.002514931373298168,-0.002081645652651787,-0.0015584059292450547,-0.0011470868485048413,-0.0019156071357429028,-0.004318805877119303,-0.0031216866336762905,-0.0033208471722900867,0.0011484124697744846,-0.001557881711050868,-0.0015179574256762862,-0.002625830005854368,-0.0017902795225381851,-0.0049609048292040825,-0.0023150588385760784,-0.0009426152100786567,-0.001011313870549202,0.0009780037216842175
MA,24,2026-04-07 19:30:00+00:00,15:30,0.0008314389851875603,up,-0.004620875231921673,-0.002588315401226282,-0.003952920902520418,-0.0037676962092518806,-0.0038819932378828526,-0.0046459464356303215,-0.005905304569751024,-0.006234397180378437,-0.008219200186431408,-0.007326264400035143,-0.0027505741454660892,-0.003287902334704995,-0.0020908042788505554,-0.002179244998842478,-0.002333576325327158,-0.0032727387733757496,-0.0013410270912572742,-0.0023818258196115494,-0.0011468625161796808,-0.001799532794393599,0.0005241318722255528,-0.003144805319607258,-0.003555763280019164,0.00032401198404841125,-0.0010166110005229712,0.0008314389851875603
CMI,24,2026-04-07 19:30:00+00:00,15:30,0.0007255350355990231,up,-1.2149376743764151e-05,0.002367220353335142,0.0020696090068668127,0.0020110970363020897,0.003584636840969324,0.0025366342160850763,-0.0009226681431755424,-0.00046102813212201,-0.002722799312323332,-0.0015628833789378405,-0.0010547302663326263,0.0018634028965607285,0.002590218326076865,0.0039707873947918415,0.0021339054219424725,6.317780935205519e-05,0.0022546465042978525,0.0021177157759666443,-0.0012739448575302958,-0.0015843850560486317,0.0002850925666280091,-0.0011806299444288015,-0.0027671963907778263,0.002286880975589156,-0.004049032926559448,0.0007255350355990231
HON,24,2026-04-07 19:30:00+00:00,15:30,0.0007014184957370162,up,-0.0009326385334134102,-0.0010654755169525743,-0.0046997591853141785,-0.0014424449764192104,-0.0039523751474916935,-0.008538389578461647,-0.009381203912198544,-0.008443915285170078,-0.008484091609716415,-0.009923065081238747,-0.007728951051831245,-0.006144475657492876,-0.00948905199766159,-0.005304357036948204,-0.011239897459745407,-0.00790564063936472,-0.007041179575026035,-0.005283288657665253,-0.005266664549708366,-0.004876790568232536,-0.003176427446305752,-0.007468762807548046,-0.0031475648283958435,-0.001113580772653222,-0.0017333454452455044,0.0007014184957370162
IDXX,24,2026-04-07 19:30:00+00:00,15:30,0.0006621023057959974,up,-0.005833052564412355,-0.005236614029854536,-0.006941087543964386,-0.004784282296895981,-0.007180546410381794,-0.006458740681409836,-0.010324966162443161,-0.009474540129303932,-0.009865124709904194,-0.00925816036760807,-0.005419805645942688,-0.00487970607355237,-0.0032381631899625063,-0.0023338873870670795,-0.003915619570761919,-0.0038448101840913296,-0.000756261229980737,-0.0012501688906922936,-0.0015475810505449772,-0.002992250956594944,-0.003545764135196805,-0.0026732441037893295,-0.0058883558958768845,-0.0020354343578219414,-0.0036771781742572784,0.0006621023057959974
ROP,24,2026-04-07 19:30:00+00:00,15:30,0.0006563705974258482,up,-0.003339795395731926,-0.0026061278767883778,-0.00480839004740119,-0.0015854921657592058,0.000492195482365787,-0.0011406426783651114,-0.0033057306427508593,-0.002688160166144371,-0.0015165053773671389,-0.002863785019144416,-0.0009306846768595278,-0.001208268222399056,-0.00036693859146907926,-0.0013325575273483992,-0.0005923174321651459,-0.0019917746540158987,0.0006329671596176922,0.001137062907218933,0.00015344582789111882,-4.4485670514404774e-05,-0.001060502720065415,-0.002869373420253396,-0.0031838335562497377,0.0001442895008949563,-0.0011946165468543768,0.0006563705974258482
REGN,24,2026-04-07 19:30:00+00:00,15:30,0.000652153161354363,up,-0.00873635709285736,-0.0059484816156327724,-0.007204023189842701,-0.0038366387598216534,-0.0028747355099767447,-0.00567077798768878,-0.007373792119324207,-0.006438108626753092,-0.0089730778709054,-0.0061021773144602776,-0.003932154271751642,-0.002611688803881407,-0.003122157184407115,-0.002839954337105155,-0.0021821504924446344,-0.004412574227899313,9.864233288681135e-05,-2.4021759600145742e-05,-0.000809397897683084,-0.0023226942867040634,-0.0030547145288437605,-0.004835851490497589,-0.006473946385085583,-0.005153942387551069,-0.005224952474236488,0.000652153161354363
XYL,24,2026-04-07 19:30:00+00:00,15:30,0.0005757600301876664,up,-0.001977786421775818,0.00030768371652811766,0.0012282804818823934,0.002692868234589696,0.004158671945333481,-0.00036708166589960456,-0.0020827418193221092,-0.0012834774097427726,-0.002805137075483799,-0.005832693073898554,-0.0024522042367607355,-0.0007238907273858786,-0.0007736766128800809,-0.00022345381148625165,0.0007621488184668124,5.132572914590128e-05,0.0002704686776269227,0.002574632642790675,0.002743524732068181,0.0022709977347403765,-0.00013096585462335497,-0.0031669801101088524,-0.004519536625593901,0.0012503201141953468,0.0013880921760573983,0.0005757600301876664
XEL,24,2026-04-07 19:30:00+00:00,15:30,0.0005734843434765935,up,-7.539460057159886e-05,0.0004659887636080384,-0.0025063783396035433,8.164923929143697e-05,0.0015867105685174465,0.0013725528260692954,-0.0006238200585357845,0.001134731573984027,0.0017883207183331251,0.002236132975667715,0.003744106972590089,0.004461850505322218,0.0037270125467330217,0.004769828170537949,0.0035523935221135616,0.00397636741399765,0.004722061101347208,0.0028247609734535217,0.0038549727760255337,0.004053066018968821,0.004406519699841738,0.0030534141696989536,0.0022075860761106014,0.003509731264784932,0.001015451387502253,0.0005734843434765935
RF,24,2026-04-07 19:30:00+00:00,15:30,0.0005200490122660995,up,-0.005002184305340052,0.0016125969123095274,-0.0037995006423443556,-0.0026446632109582424,-0.0019634910859167576,-0.0012922094902023673,-0.004165502730756998,-0.00434330478310585,-0.005325162783265114,-0.008289020508527756,-0.006036628969013691,-0.004561030771583319,-0.00427963025867939,-0.004453892353922129,-0.0030555909033864737,-0.003229888854548335,-0.0013947512488812208,-0.0022515805903822184,-0.004392306320369244,-0.0026277871802449226,-0.004797792993485928,-0.005307385232299566,-0.004889809526503086,-0.0008886910509318113,-0.0012457360280677676,0.0005200490122660995
ISRG,24,2026-04-07 19:30:00+00:00,15:30,0.0005081384442746639,up,-0.007707505486905575,-0.0035331787075847387,-0.006747059524059296,-0.0036609938833862543,-0.003774168435484171,-0.005801050923764706,-0.0063139284029603004,-0.005101651884615421,-0.0049201552756130695,-0.006198340095579624,-0.001312012318521738,-0.0003751209587790072,-0.002314031356945634,-0.0022368954960256815,-0.0016707723261788487,-0.0021502727176994085,-0.0011873997282236814,-0.0016026525991037488,-0.0019365674816071987,-0.0028575225733220577,-0.0010734610259532928,-0.003212891286239028,-0.004453982692211866,-0.00207437458448112,-0.0017847417620941997,0.0005081384442746639
DE,24,2026-04-07 19:30:00+00:00,15:30,0.000470336846774444,up,-0.0034770688507705927,-0.003505273722112179,-0.005572424735873938,-0.0007871051784604788,-0.0003249863802921027,-0.0008778113988228142,-0.005207716021686792,-0.0050743878819048405,-0.007201694417744875,-0.005865637678653002,-0.0022437721490859985,-0.0032862189691513777,-0.001939490670338273,-0.0012681379448622465,-0.0011500222608447075,-0.0037192278541624546,-0.0011528906179592013,-0.002686901018023491,-0.005157275125384331,-0.004160167649388313,-0.006413010880351067,-0.006613289471715689,-0.004552275408059359,-0.00016926610260270536,-0.0017644354375079274,0.000470336846774444
ANET,24,2026-04-07 19:30:00+00:00,15:30,0.00041569091263227165,up,-0.00952236820012331,-0.004969764966517687,-0.011969359591603279,-0.009709606878459454,-0.013301423750817776,-0.015195492655038834,-0.01656777784228325,-0.01397978886961937,-0.011745478957891464,-0.014478376135230064,-0.0014560406561940908,-0.005660445895045996,-0.004384699743241072,-0.006359710358083248,-0.004893505480140448,-0.004613067023456097,0.0003281104436609894,0.0011723744682967663,0.002432203385978937,-0.0011139882262796164,-0.0010448186658322811,-0.00854281522333622,-0.008485387079417706,-0.0049734958447515965,-0.007421486079692841,0.00041569091263227165
L,24,2026-04-07 19:30:00+00:00,15:30,0.0004018872568849474,up,-0.0010486574610695243,0.0005788597045466304,0.0010265476303175092,0.0012398319086059928,0.002982901409268379,0.0011369502171874046,-0.000758623646106571,-7.516615733038634e-05,0.001958276843652129,0.00022060220362618566,0.003965705167502165,0.003024875186383724,0.002907940885052085,0.0032913112081587315,0.002335713244974613,0.002618566155433655,0.00402905885130167,0.0030406236182898283,0.0007226786110550165,0.0014849607832729816,0.0006543382187373936,-0.0015668855048716068,-0.0016093767480924726,0.002610223600640893,0.00018420795095153153,0.0004018872568849474
PFE,24,2026-04-07 19:30:00+00:00,15:30,0.000400435586925596,up,-0.011998200789093971,-0.007876005955040455,-0.014859744347631931,-0.008145312778651714,-0.0031261108815670013,-0.004443283658474684,-0.007883299142122269,-0.013144521974027157,-0.011192732490599155,-0.01401123683899641,-0.010899189859628677,-0.006604062393307686,-0.0016484326915815473,-0.004205462988466024,-0.004349124152213335,-0.005291814915835857,-0.004652490373700857,-0.005595045629888773,-0.0037107705138623714,-0.004791116341948509,-0.00622227368876338,-0.011906757019460201,-0.010180046781897545,-0.005193266086280346,-0.005717569496482611,0.000400435586925596
DELL,24,2026-04-07 19:30:00+00:00,15:30,0.0003572019631974399,up,-0.008292286656796932,-0.00711789820343256,-0.019895123317837715,-0.014317882247269154,-0.017728233709931374,-0.017363103106617928,-0.01956610195338726,-0.015395884402096272,-0.010939117521047592,-0.006214759778231382,-0.003108805976808071,-0.003571495646610856,-0.006428887136280537,-0.0014567287871614099,-0.004730427637696266,-0.0018863569712266326,0.002293552039191127,-0.0014384185196831822,0.0038331779651343822,-0.0004790521925315261,-0.006412765942513943,-0.013425358571112156,-0.016486505046486855,-0.008561537601053715,-0.005644051358103752,0.0003572019631974399
CSGP,24,2026-04-07 19:30:00+00:00,15:30,0.00035005100653506815,up,-0.010641692206263542,-0.0005771735450252891,7.456824096152559e-05,0.0034529920667409897,-0.0012885549804195762,-0.004186296835541725,-0.010657409206032753,-0.008073023520410061,-0.004921933636069298,-0.006055465899407864,-0.003685579402372241,-0.004866657312959433,-0.006613690871745348,-0.0008459618547931314,0.0007960563525557518,-0.0015324130654335022,-0.001095025334507227,-0.0009807524038478732,-0.003472699085250497,-0.001594428438693285,-0.0012852622894570231,-0.004343694541603327,-0.0019631292670965195,0.006517385132610798,0.0006026292103342712,0.00035005100653506815
NWSA,24,2026-04-07 19:30:00+00:00,15:30,0.00027735772891901433,up,-0.0007233197684399784,0.0014723466010764241,-0.0003321563999634236,-0.0006590202683582902,-0.002295754151418805,-0.002827760996297002,-0.003331252606585622,-0.00202897097915411,-0.0019569103606045246,-0.0031612208113074303,-0.002998566487804055,-0.0005568976630456746,-0.0007541581289842725,-0.0004744126053992659,0.00013847056834492832,-0.0008269883692264557,0.001015473622828722,-0.00046556812594644725,0.0006948395748622715,0.0010574652114883065,-0.0004770178347826004,-0.002096738200634718,-0.0026563049759715796,0.0021567235235124826,0.0004410564142744988,0.00027735772891901433
DD,24,2026-04-07 19:30:00+00:00,15:30,0.00026258197613060474,up,-0.003531755181029439,-0.0009882686426863074,-0.005015095695853233,-0.00452366191893816,-0.00545986695215106,-0.008565173484385014,-0.009595838375389576,-0.008436063304543495,-0.00962398387491703,-0.00642417324706912,-0.005916323978453875,-0.004627571906894445,-0.005341231822967529,-0.0025384242180734873,-0.004996889736503363,-0.004446707665920258,-0.003417856525629759,-0.0053790900856256485,-0.004255562089383602,-0.0035341796465218067,-0.0036280392669141293,-0.00596500001847744,-0.005105775315314531,-0.001614780630916357,-0.003675529733300209,0.00026258197613060474
VMC,24,2026-04-07 19:30:00+00:00,15:30,0.0001812284899642691,up,-0.0064014228992164135,-0.0053377640433609486,-0.008082889951765537,-0.007079393602907658,-0.009005773812532425,-0.010523314587771893,-0.01567637361586094,-0.011662519536912441,-0.012564013712108135,-0.014436212368309498,-0.010724406689405441,-0.006566864438354969,-0.006653707008808851,-0.006610784213989973,-0.00835990346968174,-0.00826736818999052,-0.006163388956338167,-0.007374875713139772,-0.006665071938186884,-0.011668925173580647,-0.010765635408461094,-0.014669871889054775,-0.01307151559740305,-0.010323813185095787,-0.007674484513700008,0.0001812284899642691
COR,24,2026-04-07 19:30:00+00:00,15:30,0.00017442504758946598,up,-0.004676561802625656,-0.002394275041297078,-0.004511216655373573,-0.003173570381477475,-0.0038104956038296223,-0.00634566368535161,-0.007573274429887533,-0.00682631554082036,-0.007257645018398762,-0.006382981315255165,-0.003920428454875946,-0.002870679832994938,-0.003559358650818467,-0.00296305725350976,-0.004304314963519573,-0.005924838595092297,-0.0035200908314436674,-0.002711693523451686,-0.004607806913554668,-0.0035547350998967886,-0.003897362155839801,-0.006648716516792774,-0.006733706686645746,-0.001985978800803423,-0.0022000325843691826,0.00017442504758946598
BKNG,24,2026-04-07 19:30:00+00:00,15:30,0.00012769325985573232,up,-0.013021515682339668,-0.008406201377511024,-0.013614348135888577,-0.010219606570899487,-0.01580110751092434,-0.013766073621809483,-0.013223985210061073,-0.008933676406741142,-0.013435956090688705,-0.005623759236186743,-0.00241097342222929,-0.004197954665869474,-0.005320712458342314,-0.0030863548163324594,-0.005151488818228245,-0.008213087916374207,-0.004700757097452879,-0.005135539453476667,-0.00727894576266408,-0.008938152343034744,-0.01001266110688448,-0.01456211693584919,-0.014602024108171463,-0.009823338128626347,-0.007196435239166021,0.00012769325985573232
DHI,24,2026-04-07 19:30:00+00:00,15:30,9.059387230081484e-05,up,-0.0019493097206577659,0.0015579478349536657,-0.0001235889212694019,0.0023592954967170954,-0.00439036637544632,-0.006280567962676287,-0.009302189573645592,-0.007935361936688423,-0.006396101787686348,-0.006101023871451616,-0.0004982743412256241,0.0002931887865997851,-0.00023075280478224158,0.0016248819883912802,-0.0015067510539665818,-0.0024474659003317356,-9.08553265617229e-05,0.0009662485681474209,0.000685552426148206,-0.0023388932459056377,-0.0015373341739177704,-0.004148696083575487,-0.006691046059131622,-0.0018360594986006618,-0.003927608486264944,9.059387230081484e-05
MCK,24,2026-04-07 19:30:00+00:00,15:30,7.260139682330191e-05,up,0.003922970965504646,0.0009871080983430147,-0.00040722996345721185,0.0024631442502141,0.0065395040437579155,0.0005219355807639658,-0.0016910440754145384,0.0012390372576192021,-0.0009847156470641494,0.0003691025194711983,0.002500438829883933,0.0039323135279119015,0.004203258082270622,0.004462860990315676,0.0028477776795625687,0.0027742369566112757,0.005119688808917999,0.004978940822184086,0.0028647405561059713,0.003702813060954213,0.001015668734908104,-0.002307674614712596,-0.003415788523852825,-0.0009210279094986618,-0.004027107730507851,7.260139682330191e-05
CLUSD,24,2026-04-07 19:30:00+00:00,15:30,7.342270691879094e-06,up,0.02237577922642231,0.025908052921295166,0.022700227797031403,0.025043006986379623,0.02616291493177414,0.017836181446909904,0.023885805159807205,0.021333390846848488,0.020108843222260475,0.018460223451256752,0.019320476800203323,0.015007367357611656,0.016360770910978317,0.01958615705370903,0.01937384344637394,0.01736949197947979,0.0145370839163661,0.013023733161389828,0.011605892330408096,0.01178631093353033,0.016056569293141365,0.01884583942592144,0.013864319771528244,0.01295497827231884,0.012845995835959911,7.342270691879094e-06
IR,24,2026-04-07 19:30:00+00:00,15:30,-8.400507795158774e-06,down,-0.0014376463368535042,0.0020028077997267246,-0.0016000991454347968,0.0024311484303325415,-0.003122651716694236,-0.0040832338854670525,-0.007094365544617176,-0.006963518448174,-0.0032237288542091846,-0.00232028029859066,-0.001677852007560432,0.003348633646965027,0.003985514864325523,0.0022602113895118237,0.0016823033802211285,-0.0012189226690679789,0.0019702704157680273,0.00016514498565811664,0.0003441539010964334,-0.0008645732887089252,-0.0026923518162220716,-0.004595522303134203,-0.005638228729367256,-0.002946278778836131,-0.006646903231739998,-8.400507795158774e-06
AIG,24,2026-04-07 19:30:00+00:00,15:30,-4.541348971542902e-05,down,0.002095879288390279,0.003728425595909357,0.0032296350691467524,0.004716034978628159,0.007659753784537315,0.002776699373498559,0.0003844398888759315,-7.842616469133645e-05,-0.0007665862794965506,-0.0006190332351252437,0.0015056191477924585,0.0013093113666400313,-0.0011615838157013059,0.001099071349017322,-0.001536019379273057,-0.0015334223862737417,0.0011361264623701572,0.002085702493786812,0.0001548870641272515,0.00046443170867860317,0.000507630524225533,-0.0018019340932369232,-0.0009999455651268363,0.0019036285812035203,0.00028839445440098643,-4.541348971542902e-05
EA,24,2026-04-07 19:30:00+00:00,15:30,-0.00016254434012807906,down,-0.002356624463573098,-0.0036097816191613674,-0.0024936695117503405,-0.0014442178653553128,0.001514136092737317,0.0003154939622618258,-0.001178921665996313,-0.003043233184143901,-0.0025479323230683804,-0.0012299497611820698,-0.0015933820977807045,-0.0014490472385659814,-0.0009046983905136585,-0.0007779363077133894,-0.0008898726082406938,-0.0012495536357164383,1.7196456610690802e-05,0.00030192401027306914,-5.487418457050808e-05,0.001236781245097518,-0.001438800012692809,-0.0014338073087856174,-0.0011825072579085827,-0.0007767255883663893,-0.0006705561536364257,-0.00016254434012807906
AXP,24,2026-04-07 19:30:00+00:00,15:30,-0.00018495653057470918,down,0.0008608858333900571,0.0010952962329611182,-0.0013268396724015474,0.0007640369585715234,-0.0018399829277768731,-0.0014940277906134725,-0.0024308282881975174,-0.0016838795272633433,-0.004129327833652496,-0.004538930952548981,-0.0016588345170021057,-0.0011893848422914743,0.00024750898592174053,-0.0009706118144094944,-0.0013502666261047125,-0.003545381361618638,-0.0022311233915388584,-0.004711165092885494,-0.0030852393247187138,-0.004381108097732067,-0.00375496712513268,-0.006676189601421356,-0.006168842315673828,-0.00307512772269547,-0.004137920681387186,-0.00018495653057470918
SPG,24,2026-04-07 19:30:00+00:00,15:30,-0.0001933277235366404,down,-0.00014385055692400783,0.0010620971443131566,-0.0005284019280225039,0.0038835168816149235,0.004349953960627317,0.002797445748001337,0.0006286811549216509,0.00047808021190576255,-0.0006709119188599288,2.2994301616563462e-05,-0.002679401310160756,-0.0022871880792081356,-0.0021628791000694036,-0.0021870178170502186,-0.0018975549610331655,-0.001892982516437769,0.0006379444384947419,-0.0019436910515651107,-0.0025885708164423704,-0.0020432688761502504,-0.0029063092079013586,-0.0035603295546025038,-0.004811067134141922,-0.0008919934625737369,-0.0035577835515141487,-0.0001933277235366404
NSC,24,2026-04-07 19:30:00+00:00,15:30,-0.00026941686519421637,down,-0.002343596890568733,-0.0004551683086901903,0.0010467030806466937,0.0027813406195491552,0.0037841801531612873,0.003386597614735365,0.00017065933207049966,0.00017105611914303154,-0.0014458108926191926,-0.0022366552148014307,0.0012013448867946863,0.0005464517744258046,-0.001098519773222506,-0.00079103879397735,0.0005032102344557643,-0.0013466434320434928,-0.0015562239568680525,-0.0003226733533665538,0.0006429828354157507,0.00014305015793070197,-0.0008285780204460025,-0.0019957858603447676,-0.004044423345476389,-0.0014618260320276022,-0.003604716854169965,-0.00026941686519421637
GWW,24,2026-04-07 19:30:00+00:00,15:30,-0.00032558132079429924,down,-0.007169312331825495,-0.0053281886503100395,-0.00873003900051117,-0.004832496400922537,-0.005185721442103386,-0.006454936694353819,-0.00785326398909092,-0.005205076653510332,-0.007936814799904823,-0.00575820729136467,-0.005007633473724127,-0.0022660442627966404,-0.003955311607569456,-0.004203536082059145,-0.003995457664132118,-0.005346821155399084,-0.00227560056373477,-0.003845888888463378,-0.005133099388331175,-0.004061028826981783,-0.004664796404540539,-0.00672241672873497,-0.007712940685451031,-0.005385589320212603,-0.006829258985817432,-0.00032558132079429924
WRB,24,2026-04-07 19:30:00+00:00,15:30,-0.0003483674372546375,down,-0.0022227095905691385,0.0004305863694753498,-0.0001994480553548783,0.0010224389843642712,0.0029322970658540726,0.0008420349913649261,-0.002091518836095929,-0.0027841387782245874,-0.0007697478868067265,-0.0030816341750323772,-0.0014531720662489533,-0.0003620046190917492,-0.0004809426609426737,0.000626942259259522,0.0008924013236537576,0.0003396160900592804,0.002711625536903739,0.0025499151088297367,0.0030798781663179398,0.004739371594041586,0.003047181060537696,0.0014193785609677434,-0.0005521083367057145,0.0017015058547258377,-0.0017420348012819886,-0.0003483674372546375
META,24,2026-04-07 19:30:00+00:00,15:30,-0.000353629031451419,down,-0.0048210471868515015,-0.009436805732548237,-0.009112019091844559,-0.005006044637411833,-0.00466561783105135,-0.008566179312765598,-0.009805625304579735,-0.009953131899237633,-0.011209900490939617,-0.00901686679571867,-0.006275179795920849,-0.006824340671300888,-0.007425238378345966,-0.008070001378655434,-0.008824008516967297,-0.007608190178871155,-0.008090213872492313,-0.008815348148345947,-0.005848569795489311,-0.006012994330376387,-0.009640496224164963,-0.013276318088173866,-0.013815714977681637,-0.010121365077793598,-0.011237414553761482,-0.000353629031451419
VRSN,24,2026-04-07 19:30:00+00:00,15:30,-0.0003773157368414104,down,0.002968298736959696,0.003208680311217904,0.0023070641327649355,0.004890641663223505,0.001434460049495101,0.004298923537135124,0.004058141727000475,0.005771909840404987,0.001651109429076314,0.002819117857143283,0.004088256508111954,0.006537921726703644,0.004372818861156702,0.006619078107178211,0.010505611076951027,-0.0012946192873641849,0.007327771279960871,0.0046605984680354595,0.003177968319505453,0.003904749872162938,0.0063464464619755745,-0.0015474711544811726,-0.0038709251675754786,0.001927111647091806,-0.00879037193953991,-0.0003773157368414104
STE,24,2026-04-07 19:30:00+00:00,15:30,-0.0004654538061004132,down,-0.002086790045723319,0.0006017241394147277,-0.001522980397567153,-0.00031397075508721173,-0.0004488769918680191,-0.002642548643052578,-0.0053446670062839985,-0.004144232254475355,-0.0030823044944554567,-0.0037933997809886932,-0.0030287252739071846,-0.0025314786471426487,-0.0015696656191721559,-0.0018774373456835747,-0.0020033572800457478,-0.0031466102227568626,0.0005547231412492692,-0.0008801582735031843,-9.390562809130643e-06,-0.0011882984545081854,-0.0006285026902332902,-0.0009301842073909938,-0.0025237577501684427,0.0006576916784979403,-0.0005569549393840134,-0.0004654538061004132
TSCO,24,2026-04-07 19:30:00+00:00,15:30,-0.00047276890836656094,down,-0.010044557973742485,-0.003377937711775303,-0.0035182111896574497,0.0018845265731215477,-0.0026475763879716396,-0.004387490916997194,-0.008412772789597511,-0.006319969426840544,-0.005114864092320204,-0.005403990391641855,-0.002181814517825842,-0.0037694587372243404,-0.003668957157060504,0.0023143189027905464,0.0010931255528703332,-0.000650990754365921,0.0008156971889548004,-0.0005330229178071022,-0.0007407506345771253,-0.0033901522401720285,-0.0034095458686351776,-0.007009904831647873,-0.006787178572267294,-0.002592717297375202,-0.00409343047067523,-0.00047276890836656094
AVGO,24,2026-04-07 19:30:00+00:00,15:30,-0.0004854215949308127,down,-0.013921758159995079,-0.028596339747309685,-0.034960515797138214,-0.026025542989373207,-0.029201272875070572,-0.03304656967520714,-0.03144751861691475,-0.027694914489984512,-0.027574267238378525,-0.024215947836637497,-0.021985314786434174,-0.023812735453248024,-0.01666281931102276,-0.009234907105565071,-0.006440021563321352,-0.013207110576331615,-0.009030076675117016,-0.0066533759236335754,-0.008517198264598846,-0.008520877920091152,-0.0059693618677556515,-0.015456177294254303,-0.016830801963806152,-0.014517377130687237,-0.010165538638830185,-0.0004854215949308127
PANW,24,2026-04-07 19:30:00+00:00,15:30,-0.0005011669127270579,down,-0.0051514264196157455,-0.004983651917427778,-0.016454532742500305,-0.008209079504013062,-0.01375444233417511,-0.008613064885139465,-0.013032134622335434,-0.008911404758691788,-0.0075955758802592754,-0.007972940802574158,-0.004411828238517046,-0.007650949992239475,-0.011144897900521755,-0.008047209121286869,-0.006846886593848467,-0.008028039708733559,-0.001364158233627677,-0.0035939281806349754,-0.0017916113138198853,-0.004183720797300339,-0.004542513284832239,-0.0076393308117985725,-0.006349243223667145,-0.0019554602913558483,-0.0006910819211043417,-0.0005011669127270579
CPT,24,2026-04-07 19:30:00+00:00,15:30,-0.0005832128808833659,down,0.0018062896560877562,0.005258734803646803,0.0035890594590455294,0.004186126869171858,0.00531160319224,0.004900132771581411,0.0027651009149849415,0.0038811920676380396,0.003149081487208605,0.001983833033591509,0.0037721653934568167,0.004361378960311413,0.0037341220304369926,0.003906651865690947,0.0029754657298326492,-0.0004012201097793877,0.003783601801842451,0.004835132043808699,0.0026317983865737915,0.0014410960720852017,0.001078131957910955,-0.0002712732239160687,-0.0007238659891299903,0.0012215177994221449,-0.0014285279903560877,-0.0005832128808833659
EG,24,2026-04-07 19:30:00+00:00,15:30,-0.000618568854406476,down,-0.004895225167274475,-0.003010943764820695,-0.0029649613425135612,0.0004968112334609032,-0.0004585237184073776,-0.0028883020859211683,-0.0033611496910452843,-0.005001377779990435,-0.006336158141493797,-0.006166805513203144,-0.0022727942559868097,-0.0012406273745000362,-0.001812742673791945,-0.0012858766131103039,-0.0025958074256777763,-0.0043527171947062016,-0.00011702861229423434,0.0004332126409281045,-0.0017442014068365097,-0.0007211188203655183,-0.00194674136582762,-0.00385083700530231,-0.005302244797348976,-0.00015536960563622415,-0.003699416993185878,-0.000618568854406476
PNW,24,2026-04-07 19:30:00+00:00,15:30,-0.0006293721962720156,down,0.0008259316091425717,0.0008197593269869685,0.0007734799874015152,0.001470361021347344,0.005928622558712959,0.004887198563665152,0.003195360070094466,0.001883536227978766,0.004125999752432108,0.004069412127137184,0.006022207904607058,0.005132000893354416,0.004350962582975626,0.0035301747266203165,0.002757137408480048,0.003565447172150016,0.0040995231829583645,0.00430308049544692,0.00476711755618453,0.005026516038924456,0.0041765738278627396,0.002805199706926942,0.0019912617281079292,0.003872759873047471,0.0012008934281766415,-0.0006293721962720156
CSCO,24,2026-04-07 19:30:00+00:00,15:30,-0.0006395304808393121,down,0.00031268823659047484,0.0009162920759990811,-0.0022695809602737427,-0.002630029572173953,-0.0038660475984215736,-0.005337712820619345,-0.005200410261750221,-0.0020934001076966524,-0.0010882292408496141,0.0009654737659730017,0.0017299155006185174,0.00011123643344035372,-0.0003510505484882742,-0.00023049837909638882,0.0010584811680018902,-0.0014264143537729979,0.0015301224775612354,-0.000743239012081176,-0.001088776858523488,-0.0014913409249857068,-0.0010730623034760356,-0.0029342281632125378,-0.0030366089195013046,-0.00025525022647343576,-0.0020302466582506895,-0.0006395304808393121
ECL,24,2026-04-07 19:30:00+00:00,15:30,-0.0006642398657277226,down,-0.004591716919094324,-0.0027811755426228046,-0.0027858689427375793,-0.00204412336461246,6.156297786219511e-06,-0.002651768969371915,-0.007929186336696148,-0.00658071506768465,-0.011725879274308681,-0.011166341602802277,-0.00948217324912548,-0.006239888723939657,-0.007382743991911411,-0.009405970573425293,-0.011043986305594444,-0.01019713282585144,-0.007806734647601843,-0.01011531613767147,-0.00843171775341034,-0.012629502452909946,-0.01099763810634613,-0.015029211528599262,-0.011628839187324047,-0.006406670436263084,-0.009592403657734394,-0.0006642398657277226
MAA,24,2026-04-07 19:30:00+00:00,15:30,-0.0006663753883913159,down,-0.0007080654613673687,0.0023384622763842344,0.0009604733204469085,0.002536413725465536,0.004221328999847174,0.0021831411868333817,0.00024122779723256826,0.00208511040546,0.003003723919391632,0.0025869105011224747,0.005165938287973404,0.004620234947651625,0.0035000485368072987,0.0029285491909831762,0.003546286141499877,0.0019159252988174558,0.0051803430542349815,0.004317795392125845,0.003934246022254229,0.003920782823115587,0.0017714292043820024,-0.0006199235795065761,-0.0017493002815172076,0.000962184916716069,-0.0005619569565169513,-0.0006663753883913159
STZ,24,2026-04-07 19:30:00+00:00,15:30,-0.0006747498409822583,down,-0.007213887292891741,-0.0030393488705158234,-0.007700921501964331,-0.006137176416814327,-0.004657418932765722,-0.007128255907446146,-0.008128571324050426,-0.009811190888285637,-0.009113903157413006,-0.010599044151604176,-0.007078554015606642,-0.006133242975920439,-0.0068361638113856316,-0.006158813368529081,-0.00685272878035903,-0.008651225827634335,-0.004060677718371153,-0.002923063701018691,-0.00455072708427906,-0.0018481699516996741,-0.003524789586663246,-0.00441774120554328,-0.0038981824181973934,0.002215647604316473,0.000787509314250201,-0.0006747498409822583
DLR,24,2026-04-07 19:30:00+00:00,15:30,-0.0006941280444152653,down,-0.008910357020795345,-0.0045046634040772915,-0.006494264118373394,-0.0035562091507017612,-0.003231263253837824,-0.004901437554508448,-0.0055769868195056915,-0.004137461073696613,-0.004871307872235775,-0.004476591479033232,-0.00444802176207304,-0.004059317987412214,-0.0034140651114284992,-0.0031565374229103327,-0.0008128081099130213,-0.0028468261007219553,0.0001600396353751421,-0.0018121101893484592,0.0008713834686204791,-0.0008971731876954436,-0.0019089754205197096,-0.003048727987334132,-0.004576480947434902,0.00035090738674625754,-0.002096097683534026,-0.0006941280444152653
EIX,24,2026-04-07 19:30:00+00:00,15:30,-0.0007456545135937631,down,-0.0006141113117337227,0.0006984769133850932,-0.0016469444381073117,0.0007566696149297059,0.0033844171557575464,-0.0012217549374327064,-0.0011700793402269483,0.000521381851285696,-0.0013653000351041555,-0.0006057349964976311,0.006336557678878307,-0.00045191237586550415,0.0022608342114835978,0.003182032611221075,0.001624317723326385,0.0018017152324318886,0.004004731308668852,-0.0031445843633264303,0.0020572980865836143,0.001929018646478653,0.0024551237002015114,-0.002745223930105567,-0.004342805594205856,-0.0030284381937235594,-0.0038040231447666883,-0.0007456545135937631
ZBH,24,2026-04-07 19:30:00+00:00,15:30,-0.000769218837376684,down,-0.0016551907174289227,-0.0009652760345488787,0.0009300726233050227,0.0010028741089627147,-0.00076686852844432,-0.0026341399643570185,-0.005282686557620764,-0.0055633410811424255,-0.005256867501884699,-0.005265694111585617,-0.002126130508258939,-0.0005810500588268042,-0.0025306304451078176,0.0011460086097940803,0.00035985687281936407,-0.0007714333478361368,0.005699675064533949,0.0037166753318160772,0.0039927116595208645,0.001035752589814365,0.001605255645699799,0.0007215223740786314,0.0009728945442475379,0.004894531797617674,9.055562986759469e-05,-0.000769218837376684
FTV,24,2026-04-07 19:30:00+00:00,15:30,-0.0007835265714675188,down,-0.001797709846869111,0.0012192975264042616,5.888302985113114e-05,0.0017797823529690504,0.0013480617199093103,0.001244526356458664,-0.0003106200892943889,0.0001461207284592092,-0.0005908844177611172,0.0002049276081379503,0.002055262215435505,0.0016986159607768059,0.0023599546402692795,0.0021861293353140354,0.0022257775999605656,0.00024976208806037903,0.002997210482135415,0.00184510403778404,0.0016543345991522074,0.0016431098338216543,0.0008397136116400361,-0.0005856560310348868,0.0007650488987565041,0.001724250614643097,-2.5014223865582608e-06,-0.0007835265714675188
AMAT,24,2026-04-07 19:30:00+00:00,15:30,-0.0008197298157028854,down,-0.013271765783429146,-0.017880674451589584,-0.020943425595760345,-0.020078439265489578,-0.022465337067842484,-0.02384171634912491,-0.026196474209427834,-0.025105880573391914,-0.020537812262773514,-0.01855344884097576,-0.011656028218567371,-0.011523202992975712,-0.010751678608357906,-0.012123978696763515,-0.014873813837766647,-0.015112300403416157,-0.016067801043391228,-0.015676280483603477,-0.015703601762652397,-0.017571547999978065,-0.019531171768903732,-0.02212534099817276,-0.02776297926902771,-0.015541581436991692,-0.018933657556772232,-0.0008197298157028854
PKG,24,2026-04-07 19:30:00+00:00,15:30,-0.0008812237065285444,down,-0.00730770081281662,-0.00582023523747921,-0.004471478518098593,-0.0025495977606624365,-0.0023583094589412212,-0.003856309689581394,-0.007401977200061083,-0.006626805290579796,-0.006906601134687662,-0.006201668176800013,-0.005437799263745546,-0.005117649212479591,-0.0049669151194393635,-0.005077693611383438,-0.003431137418374419,-0.0038393717259168625,-0.00141394033562392,-0.0011723987990990281,-0.0015328081790357828,-0.002800739137455821,-0.003057402092963457,-0.005623201373964548,-0.0047927917912602425,-0.004895833320915699,-0.004702021833509207,-0.0008812237065285444
AMT,24,2026-04-07 19:30:00+00:00,15:30,-0.0009847383480519056,down,-0.008843653835356236,-0.004280297085642815,-0.008127461187541485,-0.005327831953763962,-0.007353605702519417,-0.007809306029230356,-0.010246151126921177,-0.006202744320034981,-0.006625134497880936,-0.004008170682936907,-0.0010157849173992872,-0.0005374251049943268,-0.0007781672175042331,-0.0006507397047244012,-0.0011904900893568993,-0.0026915031485259533,0.0035689515061676502,0.0006921053864061832,-0.0008722686325199902,-0.0011775511084124446,-0.0024513460230082273,-0.004674483090639114,-0.005083021242171526,-0.00018780946265906096,-0.0023346615489572287,-0.0009847383480519056
MTB,24,2026-04-07 19:30:00+00:00,15:30,-0.000988525920547545,down,-0.005935329012572765,-0.003064132062718272,-0.004064240027219057,-0.001750377705320716,-0.0012733410112559795,-0.0019178403308615088,-0.0037553810980170965,-0.0018539763987064362,-0.003554596332833171,-0.003891234053298831,-0.0037399032153189182,-0.0016294874949380755,-0.0016341530717909336,-0.0003915914276149124,-0.00030549467192031443,-0.00036202947376295924,0.0008488353341817856,-0.0006360863335430622,-0.0013652476482093334,-0.0011782418005168438,-0.0006767644081264734,-0.0030966955237090588,-0.0015909215435385704,0.00135605048853904,-0.0003082180046476424,-0.000988525920547545
RSG,24,2026-04-07 19:30:00+00:00,15:30,-0.0009927864884957671,down,-0.002885193796828389,-0.0034256980288773775,-0.0030996189452707767,-0.0028228035662323236,-0.0021413888316601515,-0.0025279896799474955,-0.0037797202821820974,-0.004492076113820076,-0.00440543657168746,-0.006217642221599817,-0.005165794398635626,-0.003978580702096224,-0.005240892991423607,-0.003870890475809574,-0.003934391308575869,-0.00512333307415247,-0.004283116664737463,-0.002442869357764721,-0.002667524153366685,-0.0020886699203401804,-0.0036032903008162975,-0.0056752837263047695,-0.004779883194714785,-0.001153976540081203,-0.004763171076774597,-0.0009927864884957671
DG,24,2026-04-07 19:30:00+00:00,15:30,-0.0010069331619888544,down,-0.0033230578992515802,0.0017465453129261732,-0.005910754669457674,-0.000265282578766346,-0.0043708509765565395,-0.007507698144763708,-0.009874720126390457,-0.0061991591937839985,-0.006034620106220245,-0.00580952363088727,-0.003306538565084338,-0.0027822700794786215,-0.0017841994995251298,0.0003805918386206031,-0.002708941698074341,-0.0033468371257185936,-2.1239753550617024e-05,0.0015343574341386557,-0.0011388467391952872,-0.0031346208415925503,-0.0006319109234027565,-0.0026866919361054897,-0.0004443093785084784,0.003972624894231558,0.002225748263299465,-0.0010069331619888544
WDAY,24,2026-04-07 19:30:00+00:00,15:30,-0.0010123818647116423,down,-0.009124722331762314,-0.005197091028094292,-0.013873052783310413,-0.011859945952892303,-0.013871210627257824,-0.016535110771656036,-0.018120739609003067,-0.01456570252776146,-0.01173869427293539,-0.011619371362030506,-0.00692843459546566,-0.004799808841198683,-0.004616694524884224,-0.003966921009123325,-0.004245747346431017,-0.006510033272206783,-0.0035702581517398357,-0.0015612439019605517,-0.003735722741112113,-0.004344674292951822,-0.002826304640620947,-0.0049123684875667095,-0.004307780414819717,0.0006228519487194717,-0.0010885875672101974,-0.0010123818647116423
SNA,24,2026-04-07 19:30:00+00:00,15:30,-0.0010767488274723291,down,-0.002037622267380357,-0.0019318064441904426,-0.002620314946398139,0.0007218944374471903,-0.00030506079201586545,-0.0018468101043254137,-0.00443167332559824,-0.0048813363537192345,-0.004437104798853397,-0.0037588714621961117,-0.0015250543365254998,-0.0003419349086470902,-8.9909830421675e-05,0.000374991272110492,0.0005708753014914691,-0.0002986279723700136,0.002717637922614813,0.002714959206059575,-0.0014995717210695148,-0.0017921047983691096,3.49343717971351e-05,-0.002178907161578536,-0.002100162673741579,0.00044699720456264913,-0.0016118817729875445,-0.0010767488274723291
LYB,24,2026-04-07 19:30:00+00:00,15:30,-0.001086174277588725,down,0.001978232990950346,0.011751637794077396,0.006601735018193722,0.006582858972251415,-3.145793380099349e-05,0.001551485969685018,-0.003970230929553509,0.0033974002581089735,0.00229419837705791,0.0015968760708346963,0.0021561721805483103,-0.0006246105185709894,-0.00032829499104991555,0.002408429514616728,0.0049399337731301785,0.005811868701130152,0.00330091523937881,-0.0014144075103104115,-0.001620963797904551,-0.0029829200357198715,-0.001907527563162148,-0.0025373168755322695,-0.002588920760899782,0.003074344713240862,-0.0011730934493243694,-0.001086174277588725
LNT,24,2026-04-07 19:30:00+00:00,15:30,-0.0011629852233454585,down,0.0012703235261142254,0.0028462200425565243,0.002613234333693981,0.003161875531077385,0.006109096109867096,0.003203531727194786,0.0009755581268109381,0.0011868763249367476,0.0018400303088128567,0.0006882610614411533,0.0016785423504188657,0.002012568060308695,0.0008206393686123192,0.0017994659719988704,0.001308161998167634,-2.4834465875755996e-05,0.002125003607943654,0.0014879649970680475,0.0004355921992100775,0.0032541651744395494,0.0014795007882639766,5.831643647979945e-05,3.9830567402532324e-05,0.003316750517114997,0.0008777048788033426,-0.0011629852233454585
CRM,24,2026-04-07 19:30:00+00:00,15:30,-0.001165485940873623,down,-0.0015940532321110368,-0.001616937224753201,-0.005845337174832821,-0.005309284199029207,-0.007373691536486149,-0.007269738707691431,-0.007188105955719948,-0.0069331033155322075,-0.005160319618880749,-0.005304362159222364,-0.0020078574307262897,0.000956836505793035,0.0011093850480392575,-0.0015161107294261456,-0.003147704992443323,-0.00442012632265687,-0.0016040964983403683,-0.0010990352602675557,-0.005967403762042522,-0.005657766479998827,-0.005242208018898964,-0.010453607887029648,-0.009240635670721531,-0.007578988093882799,-0.005562587641179562,-0.001165485940873623
ES,24,2026-04-07 19:30:00+00:00,15:30,-0.0012352654011920094,down,0.001612353604286909,0.003491943934932351,0.004044376313686371,0.004671629052609205,0.006610145326703787,0.005721574649214745,0.004558451008051634,0.003442547284066677,0.003135987324640155,0.0030658182222396135,0.005285215564072132,0.004726806655526161,0.0032211635261774063,0.0029160217382013798,0.003017405280843377,0.0018204665975645185,0.004220580216497183,0.004335643723607063,0.0044973562471568584,0.0048640635795891285,0.0033711865544319153,0.002058945829048753,0.0008328892290592194,0.0035757392179220915,0.00011796514445450157,-0.0012352654011920094
SYF,24,2026-04-07 19:30:00+00:00,15:30,-0.0012826070887967944,down,-0.006903199478983879,-0.0032323282212018967,-0.00530052836984396,-0.002463740762323141,-0.0037704831920564175,-0.0011468161828815937,-0.004384018015116453,-0.004886278882622719,-0.007205372676253319,-0.006324936635792255,-0.0043680910021066666,-0.0026761109475046396,-0.0021767644211649895,0.0005073646898381412,-0.0010742380982264876,-0.001791802467778325,0.0008274527499452233,-0.0018986646318808198,-0.001875614863820374,-0.001095164567232132,-0.0025693122297525406,-0.0029548034071922302,-0.005933339707553387,-0.0007879456388764083,-0.0024004855658859015,-0.0012826070887967944
ICE,24,2026-04-07 19:30:00+00:00,15:30,-0.0012911561643704772,down,-0.0062854173593223095,-0.0030771964229643345,-0.001665417104959488,3.874972753692418e-05,0.0007852342678233981,-0.001237856806255877,-0.0036632090341299772,-0.0024335291236639023,-0.0026940563693642616,-0.004709258209913969,-0.0013270899653434753,0.0011194272665306926,-0.0005464633577503264,-2.6696799977798946e-05,-0.00077264872379601,-0.001776760327629745,-0.0018436902901157737,-0.001842502853833139,-0.0020396977197378874,-0.001691224635578692,-0.0002134890528395772,-0.002556619932875037,0.00022274625371210277,0.0018334989435970783,0.0006771594053134322,-0.0012911561643704772
TDG,24,2026-04-07 19:30:00+00:00,15:30,-0.001375278807245195,down,-0.0077988868579268456,-0.0057447818107903,-0.007144318427890539,-0.004780824761837721,-0.00434464868158102,-0.005347327329218388,-0.005454503931105137,-0.006246628705412149,-0.009431206621229649,-0.007824987173080444,-0.002341734478250146,-0.0023016962222754955,-0.0018926287302747369,-0.0020656574051827192,-0.0032759446185082197,-0.0037450380623340607,-0.0006671014125458896,-0.0005365782417356968,0.00024880931596271694,0.000641736201941967,-0.0007325713522732258,-0.0010550350416451693,-0.0022534122690558434,-0.0008913255296647549,-0.0020787972025573254,-0.001375278807245195
AES,24,2026-04-07 19:30:00+00:00,15:30,-0.0013757983688265085,down,-0.0007473034202121198,-0.0010092201409861445,-0.0017763541545718908,-0.001467362162657082,-0.0013042985228821635,-0.0025413120165467262,-0.004387662746012211,-0.005053726490586996,-0.00428507337346673,-0.003182674990966916,-0.001812486327253282,-0.0027939926367253065,-0.0015316553181037307,-0.0025334476958960295,-0.0029926130082458258,-0.004062408581376076,-0.0030837291851639748,-0.001844022306613624,-0.0021096838172525167,-0.0027579928282648325,-0.00341470236890018,-0.004674291238188744,-0.005698188673704863,-0.0009384247823618352,-0.002936690580099821,-0.0013757983688265085
VTR,24,2026-04-07 19:30:00+00:00,15:30,-0.0014237851137295365,down,-0.007249039597809315,-0.0031891614198684692,-0.0035700027365237474,-0.00048757100012153387,-0.0009888645727187395,-0.0034973579458892345,-0.005845349747687578,-0.0051876092329621315,-0.004948156885802746,-0.0051524885930120945,-0.0012214859016239643,-0.0021651217248290777,-0.0029002202209085226,-0.0026830413844436407,-0.0037125826347619295,-0.004078874830156565,-0.0027199643664062023,-0.003053969470784068,-0.0024713389575481415,-0.0015102337347343564,-0.0028364830650389194,-0.0055475314147770405,-0.00477368850260973,-0.0013735778629779816,-0.0030753074679523706,-0.0014237851137295365
MLM,24,2026-04-07 19:30:00+00:00,15:30,-0.0014980599517002702,down,-0.003999034874141216,-0.004005547612905502,-0.0065634180791676044,-0.004757734015583992,-0.002584060886874795,-0.004608175251632929,-0.00846088770776987,-0.0062314183451235294,-0.009474367834627628,-0.00794901791960001,-0.005184918642044067,-0.0030140422750264406,-0.0019264627480879426,-0.002531830919906497,-0.0026591590140014887,-0.0033233086578547955,0.0012879070127382874,-0.0008100793929770589,-0.0034225007984787226,-0.0023628179915249348,-0.004822209943085909,-0.008675651624798775,-0.009480067528784275,-0.005203438922762871,-0.005391244310885668,-0.0014980599517002702
GD,24,2026-04-07 19:30:00+00:00,15:30,-0.0016156901838257909,down,-0.00423881271854043,-0.001291353371925652,-0.0027859662659466267,-0.0018613211577758193,-0.0004959775833413005,-0.0018714742036536336,-0.004665160086005926,-0.0037824029568582773,-0.005843933671712875,-0.006905876100063324,-0.005219038110226393,-0.003464721143245697,-0.004448961466550827,-0.004124161787331104,-0.00476842699572444,-0.004939142614603043,-0.003869427368044853,-0.003841528668999672,-0.005374403204768896,-0.0036262688226997852,-0.0027531671803444624,-0.0061408719047904015,-0.006944180000573397,-0.003024772508069873,-0.0036282993387430906,-0.0016156901838257909
COF,24,2026-04-07 19:30:00+00:00,15:30,-0.0016433426644653082,down,-0.0019921306520700455,0.0007680658018216491,-0.004068566020578146,-0.0018154806457459927,-0.0021266592666506767,-0.0028480172622948885,-0.0023238228168338537,0.000801331945694983,1.4559884220943786e-05,0.0006920274463482201,-0.0009504457702860236,-0.0004566199204418808,-0.0012651734286919236,-0.00035833590663969517,0.0010920737404376268,0.0012445944594219327,-0.0007078278576955199,0.0015937313437461853,-0.0004676851094700396,-0.0015280040679499507,-0.002148179104551673,-0.004736466333270073,-0.003353389212861657,-0.0015160352922976017,-0.0008830081205815077,-0.0016433426644653082
DECK,24,2026-04-07 19:30:00+00:00,15:30,-0.0016687600873410702,down,-0.0024432730861008167,0.005587687715888023,0.00032762603950686753,-3.726084287336562e-06,-0.003848824417218566,-0.004532143473625183,-0.007459542714059353,-0.005182247143238783,-0.004682797007262707,-0.006436794530600309,-0.0030703020747750998,-0.0012746945722028613,0.0009999768808484077,0.0019463904900476336,-0.0008943089633248746,-0.005074616055935621,-0.0021408272441476583,-0.004493473097681999,-0.00358281540684402,-0.006357554346323013,-0.008821701630949974,-0.013480296358466148,-0.011130422353744507,-0.004041570238769054,-0.00792024191468954,-0.0016687600873410702
CLX,24,2026-04-07 19:30:00+00:00,15:30,-0.001846915460191667,down,-0.009148184210062027,-0.007696487475186586,-0.009286897256970406,-0.005393884144723415,-0.009306784719228745,-0.009151843376457691,-0.01693129539489746,-0.013815212063491344,-0.012183199636638165,-0.013795130886137486,-0.011719036847352982,-0.012477844953536987,-0.012209154665470123,-0.009092261083424091,-0.006495788227766752,-0.008308155462145805,-0.007831232622265816,-0.009514309465885162,-0.00931607186794281,-0.011270085349678993,-0.00996689684689045,-0.012169422581791878,-0.008340234868228436,-0.0018561595352366567,-0.0052979858592152596,-0.001846915460191667
LEN,24,2026-04-07 19:30:00+00:00,15:30,-0.0018651452846825123,down,-0.008967624977231026,0.001173563883639872,-0.005974454805254936,-0.0052614277228713036,-0.0007364454213529825,-0.007121830713003874,-0.010286668315529823,-0.004568832460790873,0.00011917771917069331,-0.003640145529061556,-0.0029315564315766096,-0.005376310553401709,-0.0029686454217880964,-0.004024314694106579,-0.0035920285154134035,-0.0018780475948005915,-0.001042139483615756,-0.005128083750605583,-0.0009397959802299738,-0.0031453222036361694,-0.0019514458253979683,-0.006523825693875551,-0.008744760416448116,-0.0004978210781700909,-0.0033016065135598183,-0.0018651452846825123
ADP,24,2026-04-07 19:30:00+00:00,15:30,-0.0018889418570324779,down,-0.00812487117946148,-0.0029395073652267456,-0.002494894666597247,-0.002184191718697548,-0.001575084519572556,-0.002343397820368409,-0.00793924368917942,-0.004886495880782604,-0.0022244472056627274,0.0008066094596870244,0.0035192871000617743,0.0016224990831688046,0.0019325417233631015,0.0017248570220544934,0.0021212988067418337,0.002334924880415201,0.0046061137691140175,0.00542049715295434,0.0050728353671729565,0.0037183472886681557,0.0020747834350913763,0.0026075581554323435,-0.00019895812147296965,0.0018113180994987488,-0.0009070554515346885,-0.0018889418570324779
STT,24,2026-04-07 19:30:00+00:00,15:30,-0.0019048212561756372,down,-0.004669418092817068,-0.0013263659784570336,-0.0017316715093329549,0.0014005983248353004,-0.0023944927379488945,-0.0061216955073177814,-0.005029863212257624,-0.004146117251366377,-0.006024181842803955,-0.006053504999727011,-0.0030563948675990105,-0.0013488979311659932,-0.0034005569759756327,-0.002830548444762826,-0.0016799008008092642,-0.0035183141008019447,-0.0020739908795803785,-0.002598122227936983,-0.0024434253573417664,-0.0020291635300964117,-0.0017559434054419398,-0.00463473005220294,-0.0035312501713633537,-0.002103831386193633,-0.0038503450341522694,-0.0019048212561756372
ACGL,24,2026-04-07 19:30:00+00:00,15:30,-0.0019053623545914888,down,-0.0018712682649493217,0.001512259361334145,0.0013793578837066889,0.0009892815724015236,0.003062907373532653,0.0026647942140698433,0.0009692535386420786,0.000877253885846585,0.0019558703061193228,0.001677489373832941,0.0027977104764431715,0.002952402923256159,0.002371879294514656,0.0017428698483854532,0.003082041395828128,0.0022473346907645464,0.0026553571224212646,0.0029642621520906687,0.0032046432606875896,0.003564890706911683,0.002125198720023036,0.0004874088044743985,-0.00027418197714723647,0.0034234398044645786,-5.519246406038292e-05,-0.0019053623545914888
FRT,24,2026-04-07 19:30:00+00:00,15:30,-0.001925559830851853,down,-0.0011084680445492268,0.0015666630351915956,0.0031146141700446606,0.003185656853020191,0.006441809702664614,0.00598506536334753,0.005344787612557411,0.0038684529718011618,0.004958068486303091,0.003882140386849642,0.006308590527623892,0.003673315979540348,0.0028126484248787165,0.0011384335812181234,0.0019180193776264787,0.0012526580831035972,0.0013972340384498239,0.0016909524565562606,0.001530074398033321,0.001895229914225638,0.0015808040043339133,0.0005649029044434428,-0.000633836374618113,0.001497244113124907,-0.0004037699254695326,-0.001925559830851853
J,24,2026-04-07 19:30:00+00:00,15:30,-0.0019448600942268968,down,-0.0007774585392326117,0.0028918450698256493,-0.0015379624674096704,-0.0006287657306529582,-0.001587255159392953,-0.004235903732478619,-0.006693434901535511,-0.0040892562828958035,-0.0044109714217484,-0.004954321309924126,-0.005510740447789431,-0.0034993584267795086,-0.004050887189805508,-0.0060311718843877316,-0.0039431871846318245,-0.00580510962754488,-0.0022257824894040823,-0.0016410213429480791,-0.00188523402903229,-0.0026731707621365786,-0.0034269802272319794,-0.005381632596254349,-0.006580581422895193,-0.0028679114766418934,-0.006749764084815979,-0.0019448600942268968
DVA,24,2026-04-07 19:30:00+00:00,15:30,-0.0019508004188537598,down,-0.0020350106060504913,-0.00034784094896167517,-0.003065845463424921,0.0002489279431756586,-0.000662759121041745,-0.0032628001645207405,-0.005088718142360449,-0.004039607476443052,-0.004758912138640881,-0.004153607878834009,-0.0032702283933758736,-0.0015300170052796602,-0.0033896928653120995,-0.0031517271418124437,-0.006994768977165222,-0.008052506484091282,-0.0024325780104845762,-0.001143752015195787,-0.001748327980749309,-0.0010496004251763225,-0.0027512526139616966,-0.004038417711853981,-0.003861615899950266,-0.0026678757276386023,-0.00308581767603755,-0.0019508004188537598
FDS,24,2026-04-07 19:30:00+00:00,15:30,-0.001978168962523341,down,-0.006300280336290598,-0.006197079550474882,-0.011951210908591747,-0.0091552110388875,-0.010278563015162945,-0.011754244565963745,-0.01615058071911335,-0.014916455373167992,-0.01702820137143135,-0.012499600648880005,-0.01371767744421959,-0.010298552922904491,-0.00901889894157648,-0.008829773403704166,-0.011810903437435627,-0.012348850257694721,-0.008774354122579098,-0.010795812122523785,-0.013613581657409668,-0.010133961215615273,-0.00884401798248291,-0.010110318660736084,-0.0069394800812006,-0.0002262353227706626,-0.0013905797386541963,-0.001978168962523341
BLK,24,2026-04-07 19:30:00+00:00,15:30,-0.0020325235091149807,down,-0.008236482739448547,-0.004929650574922562,-0.006490412633866072,-0.002206370932981372,-0.0027917493134737015,-0.00535939633846283,-0.007364445831626654,-0.006227167323231697,-0.007489458192139864,-0.006452159956097603,-0.0029986558947712183,-0.001539601944386959,-0.002138486597687006,-0.0021446244791150093,-0.0033653373830020428,-0.004057480487972498,-0.0011217911960557103,-0.0025129730347543955,-0.0035594834480434656,-0.004190667066723108,-0.004944177810102701,-0.006001472473144531,-0.0061319973319768906,-0.0029205919709056616,-0.005183592438697815,-0.0020325235091149807
WBD,24,2026-04-07 19:30:00+00:00,15:30,-0.0020406474359333515,down,-0.005738150328397751,-0.004470929969102144,-0.005471367388963699,-0.005132744554430246,-0.004228038713335991,-0.004868706222623587,-0.0028439646121114492,-0.0037039981689304113,-0.0014585830504074693,-0.0017568148905411363,-0.004329730290919542,-0.003427384654060006,-0.002864469774067402,-0.003307409817352891,-0.0027948261704295874,-0.0019585604313760996,-0.0026202646549791098,-0.00323813920840621,-0.0023311565164476633,-0.002415822120383382,-0.002889416879042983,-0.0028498589526861906,-0.0038407708052545786,-0.002630112925544381,-0.0034408573992550373,-0.0020406474359333515
GDDY,24,2026-04-07 19:30:00+00:00,15:30,-0.002045118249952793,down,-0.0022474611178040504,0.006018954329192638,-0.005085233133286238,-0.003680422669276595,-0.004793085623532534,-0.00974214542657137,-0.010332285426557064,-0.005631993059068918,-0.0032902343664318323,-0.006944353226572275,-0.004528095945715904,-0.004297759849578142,-8.039985550567508e-05,-0.00023920030798763037,0.00038230427890084684,-0.0005574405658990145,-0.0007280440186150372,-0.004436200484633446,-0.004947006236761808,-0.008045104332268238,-0.0059521314688026905,-0.009590161964297295,-0.008431454189121723,-0.002536242362111807,-0.003222718834877014,-0.002045118249952793
MSCI,24,2026-04-07 19:30:00+00:00,15:30,-0.0020902887918055058,down,-0.0038843145594000816,-0.0017243701731786132,-0.002120126038789749,-0.001188585883937776,-0.0023026850540190935,-0.002574569545686245,-0.0047315992414951324,-0.004402505699545145,-0.005113745573908091,-0.004563294816762209,-0.0028788759373128414,-0.0013124080142006278,-0.0005283532664179802,-0.0016555383335798979,-0.0014116257661953568,-0.0027637213934212923,-0.00021492078667506576,-0.0018569329986348748,-0.002715344075113535,-0.003855298738926649,-0.005220916587859392,-0.0054189786314964294,-0.004755831323564053,-0.0025232622865587473,-0.004374748561531305,-0.0020902887918055058
TFC,24,2026-04-07 19:30:00+00:00,15:30,-0.002119404962286353,down,-0.003782154992222786,-0.00035223737359046936,-0.0052626291289925575,-0.00048185492050834,-0.0016882276395335793,-0.000932693132199347,-0.0031240617390722036,-0.0018245447427034378,-0.002438071183860302,-0.005330272484570742,-0.0033301704097539186,-0.002838311716914177,-0.002671724185347557,-0.004014577716588974,-0.0024134807754307985,-0.004244381561875343,-0.0012900230940431356,-0.003321525175124407,-0.0032774698920547962,-0.0037663818802684546,-0.004902143497020006,-0.0063892691396176815,-0.0073576075956225395,-0.0025645685382187366,-0.004277126397937536,-0.002119404962286353
MPWR,24,2026-04-07 19:30:00+00:00,15:30,-0.0021784426644444466,down,-0.007808370515704155,-0.013837693259119987,-0.013596637174487114,-0.010540188290178776,-0.006964107044041157,-0.011486925184726715,-0.013669050298631191,-0.00939274299889803,-0.011370520107448101,-0.009413005784153938,-0.00786601286381483,-0.006749519146978855,-0.005952719133347273,-0.007376761641353369,-0.0073043182492256165,-0.007254853378981352,-0.004614098463207483,-0.005840541794896126,-0.0083805862814188,-0.00827864557504654,-0.011711698956787586,-0.016147786751389503,-0.015291904099285603,-0.008250891231000423,-0.007301470264792442,-0.0021784426644444466
NDSN,24,2026-04-07 19:30:00+00:00,15:30,-0.0022052950225770473,down,-0.0017655864357948303,-0.0008937343372963369,-0.0033660768531262875,-0.0005009226151742041,-0.0006500008166767657,-0.002970887580886483,-0.004690958186984062,-0.002304766094312072,-0.004409524612128735,-0.00438173720613122,-0.002024761401116848,-0.00013301227591000497,-0.0010054524755105376,0.000102214005892165,0.0006797323003411293,-0.0012085752096027136,0.0031952839344739914,0.0011584623716771603,0.0007919282070361078,-0.0006988663226366043,-0.00016241337289102376,-0.0024735659826546907,-0.0025893407873809338,-0.001936923828907311,-0.0011430552694946527,-0.0022052950225770473
BIIB,24,2026-04-07 19:30:00+00:00,15:30,-0.0022215130738914013,down,-0.012167058885097504,-0.010349352844059467,-0.017834346741437912,-0.015986580401659012,-0.016713598743081093,-0.017901698127388954,-0.019782235845923424,-0.01760820299386978,-0.016283703967928886,-0.011484767310321331,-0.006518488749861717,-0.0066811502911150455,-0.0054326714016497135,-0.008590718731284142,-0.009138718247413635,-0.007906266488134861,-0.0059302435256540775,-0.006146399304270744,-0.008870280347764492,-0.008289529010653496,-0.01060885563492775,-0.013779634609818459,-0.011991471983492374,-0.010873489081859589,-0.011073162779211998,-0.0022215130738914013
NUE,24,2026-04-07 19:30:00+00:00,15:30,-0.002278334926813841,down,-0.011603976599872112,-0.009975019842386246,-0.014190001413226128,-0.008331729099154472,-0.010060039348900318,-0.011182116344571114,-0.01549091748893261,-0.012365558184683323,-0.010824658907949924,-0.009999987669289112,-0.006751418113708496,-0.008683213964104652,-0.006455389317125082,-0.005970526020973921,-0.004166407976299524,-0.007951942272484303,-0.006013763602823019,-0.00500101363286376,-0.005479390732944012,-0.005420992150902748,-0.006800078321248293,-0.008497428148984909,-0.009433407336473465,-0.005929548759013414,-0.006124364212155342,-0.002278334926813841
ROL,24,2026-04-07 19:30:00+00:00,15:30,-0.0023027893621474504,down,-0.0026717509608715773,0.0002452011394780129,0.0004064446547999978,0.00187281786929816,0.0031115750316530466,0.005095289554446936,0.0007283931481651962,-0.0006022393936291337,0.0005753798759542406,0.000562565284781158,0.003285643644630909,0.0015773517079651356,-0.0005296602030284703,-0.0011295018484815955,-5.9423302445793524e-05,-0.000469908700324595,-0.00044267624616622925,0.0001006912934826687,0.0011463547125458717,0.0020081738475710154,0.0033759321086108685,0.0022586670238524675,0.00019260015687905252,0.0035843243822455406,0.003027814207598567,-0.0023027893621474504
AON,24,2026-04-07 19:30:00+00:00,15:30,-0.002304503694176674,down,-0.009525921195745468,-0.006525720935314894,-0.011486907489597797,-0.008935526944696903,-0.01015622541308403,-0.012281296774744987,-0.012211606837809086,-0.011921131052076817,-0.012417198158800602,-0.012061692774295807,-0.008357768878340721,-0.006572013255208731,-0.008569401688873768,-0.0071999868378043175,-0.007731457240879536,-0.007869425229728222,-0.005156279541552067,-0.005293700378388166,-0.0065716044045984745,-0.005048634950071573,-0.004661972168833017,-0.00768131110817194,-0.007954806089401245,-0.003257263218984008,-0.00471560750156641,-0.002304503694176674
EXC,24,2026-04-07 19:30:00+00:00,15:30,-0.0023245459888130426,down,-0.0025598150677978992,0.00166820059530437,0.0007328818319365382,0.0019510347628965974,0.001864090794697404,0.002654952695593238,-0.000941211823374033,-0.002042903797701001,0.0005238099256530404,2.9090000680298544e-05,0.001097175874747336,-0.0011955354129895568,-0.0009628159459680319,0.0003933275584131479,0.0004306120681576431,-0.001053117448464036,0.0014375732280313969,0.001100903027690947,0.002643756801262498,0.0025359822902828455,0.0011652245884761214,-0.0007063840748742223,-0.002185853896662593,0.001335270470008254,-0.00047544538392685354,-0.0023245459888130426
MET,24,2026-04-07 19:30:00+00:00,15:30,-0.002331702271476388,down,-0.007008624263107777,-0.005159453023225069,-0.004839775152504444,-0.001676480402238667,-0.004342111758887768,-0.00645774370059371,-0.011307545006275177,-0.008075366728007793,-0.010305097326636314,-0.010058106854557991,-0.007937997579574585,-0.007466025184839964,-0.006663850974291563,-0.005178065970540047,-0.004751622211188078,-0.006566106341779232,-0.003086832817643881,-0.003981832880526781,-0.004403010476380587,-0.005696284584701061,-0.0059567224234342575,-0.008376230485737324,-0.009360251948237419,-0.003621956566348672,-0.0052739898674190044,-0.002331702271476388
DUK,24,2026-04-07 19:30:00+00:00,15:30,-0.002427502069622278,down,-0.0012714779004454613,0.0040879929438233376,0.003772663651034236,0.0024399119429290295,0.005016491282731295,0.004596665035933256,0.0037424638867378235,0.00111191940959543,0.001059926114976406,-0.0021229786798357964,0.0020400986541062593,0.00013775988190900534,-0.0019512156723067164,-0.0013092851731926203,-0.002767557743936777,-0.0028533830773085356,-0.002652691910043359,-0.0021380167454481125,-0.0007477633189409971,0.000455850618891418,-0.0024164747446775436,-0.003298224648460746,-0.005278961267322302,-0.0010748131899163127,-0.0014919190434738994,-0.002427502069622278
ABNB,24,2026-04-07 19:30:00+00:00,15:30,-0.0025468638632446527,down,-0.0065306974574923515,-0.0005706781521439552,-0.006243504583835602,-0.00444813771173358,-0.006836129352450371,-0.008428427390754223,-0.012923608534038067,-0.010674253106117249,-0.009642545133829117,-0.012681584805250168,-0.0076854294165968895,-0.009016377851366997,-0.004935542121529579,-0.0040034642443060875,-0.004856335464864969,-0.005500921979546547,-0.0045689428225159645,-0.0049957334995269775,-0.004498305264860392,-0.006977938115596771,-0.004891754128038883,-0.0069920774549245834,-0.00553578045219183,-0.0009768668096512556,-0.0008195509435608983,-0.0025468638632446527
UNP,24,2026-04-07 19:30:00+00:00,15:30,-0.002583241555839777,down,-0.0047147530131042,-0.0022353872191160917,-0.003051825799047947,-0.001955379731953144,-0.002679540077224374,-0.00243386160582304,-0.004376978147774935,-0.0038494402542710304,-0.005160152912139893,-0.005073879845440388,-0.002666561398655176,-0.0015902438899502158,-0.002378274453803897,-0.002399044344201684,-0.0025861861649900675,-0.003413755912333727,-0.0017788748955354095,-0.002883203560486436,-0.0007322577876038849,-0.0007401378243230283,-0.0007081442745402455,-0.0023373612202703953,-0.003379120258614421,-0.0042021619156003,-0.0047329324297606945,-0.002583241555839777
EQR,24,2026-04-07 19:30:00+00:00,15:30,-0.0025836003478616476,down,-0.0009279600344598293,0.0018710708245635033,0.00033210255787707865,0.001148922136053443,0.0028783981688320637,0.0013874499127268791,-0.00034965062513947487,0.000991492415778339,0.0016526193358004093,0.0013121883384883404,0.003686346113681793,0.002321989741176367,0.0020662453025579453,0.0017728522652760148,0.002045057015493512,0.0010073502780869603,0.004657147452235222,0.003479365026578307,0.003245412139222026,0.003699301276355982,-0.0003805008891504258,-0.002909499453380704,-0.0032282567117363214,0.00016633296036161482,-0.0019460312323644757,-0.0025836003478616476
MCO,24,2026-04-07 19:30:00+00:00,15:30,-0.0025953452568501234,down,-0.009204140864312649,-0.00896304752677679,-0.007474659942090511,-0.0047264304012060165,-0.009100008755922318,-0.009597568772733212,-0.01058328989893198,-0.011664167046546936,-0.012262522242963314,-0.010686656460165977,-0.008236494846642017,-0.0064242007210850716,-0.007142932619899511,-0.006040047388523817,-0.00822862796485424,-0.008385802619159222,-0.007560623809695244,-0.006482986267656088,-0.009590408764779568,-0.008683065883815289,-0.0046403375454247,-0.008376494981348515,-0.00819435901939869,-0.004871265962719917,-0.005411356687545776,-0.0025953452568501234
BMY,24,2026-04-07 19:30:00+00:00,15:30,-0.002599738072603941,down,-0.006741059944033623,-0.0004876383754890412,-0.0024477720726281404,0.0018165153451263905,-0.001504673738963902,-0.0033179486636072397,-0.011067700572311878,-0.010035171173512936,-0.007191536016762257,-0.010797086171805859,-0.006807072088122368,-0.006737805437296629,-0.0035682921297848225,-0.0015067955246195197,-0.003973105922341347,-0.0041602421551942825,-0.003313357476145029,-0.005645133089274168,-0.0026986240409314632,-0.005574324168264866,-0.006399895530194044,-0.008507545106112957,-0.009374594315886497,-0.003991430159658194,-0.005265518557280302,-0.002599738072603941
BK,24,2026-04-07 19:30:00+00:00,15:30,-0.0026033190079033375,down,-0.005208964925259352,-0.0033246749080717564,-0.005503167863935232,-0.0034418751019984484,-0.0029206571634858847,-0.006845555268228054,-0.009622328914701939,-0.006699548568576574,-0.006609603296965361,-0.0071240500546991825,-0.004697445780038834,-0.0030367879662662745,-0.0038167538587003946,-0.004306595306843519,-0.003783534048125148,-0.004558407701551914,-0.004220766946673393,-0.003301729680970311,-0.0023047043941915035,-0.002496251603588462,-0.005155837628990412,-0.00735886674374342,-0.006895080208778381,-0.003999131266027689,-0.0025895440485328436,-0.0026033190079033375
MSI,24,2026-04-07 19:30:00+00:00,15:30,-0.002617036225274205,down,-0.0056191254407167435,-0.0019338196143507957,-0.004712102003395557,-0.00184928672388196,-0.0050348746590316296,-0.00506052328273654,-0.00880414992570877,-0.00787876732647419,-0.006107972469180822,-0.005252635572105646,-0.0028770891949534416,-0.002659992780536413,-0.004232920240610838,-0.0033327173441648483,-0.00417549442499876,-0.004680286161601543,-0.003977912478148937,-0.0035740449093282223,-0.004704405087977648,-0.003933397587388754,-0.005112429149448872,-0.005681471433490515,-0.005790993571281433,-0.0020619628485292196,-0.003703571390360594,-0.002617036225274205
TRGP,24,2026-04-07 19:30:00+00:00,15:30,-0.00263632251881063,down,-0.00542089156806469,-0.006134735886007547,-0.008638261817395687,-0.0052724918350577354,-0.010297438129782677,-0.008477923460304737,-0.006726101506501436,-0.0031366380862891674,-0.004756302107125521,-0.0010135120246559381,0.0041338372975587845,0.003695074236020446,0.0009082229807972908,0.003787659341469407,0.004706157837063074,0.0026866206899285316,0.003461884567514062,0.004943137988448143,-6.648862472502515e-05,0.0018248171545565128,-0.0011303680948913097,-0.0018067536875605583,-0.0020961123518645763,0.0017690653912723064,-0.001820094883441925,-0.00263632251881063
PFG,24,2026-04-07 19:30:00+00:00,15:30,-0.0027185226790606976,down,-0.006841402035206556,-0.003902739379554987,-0.005709314253181219,-0.004069414921104908,-0.0051771351136267185,-0.0049384525045752525,-0.009732586331665516,-0.006649800110608339,-0.006627263035625219,-0.009917182847857475,-0.008812222629785538,-0.006716582458466291,-0.005344252102077007,-0.004553916398435831,-0.004289153032004833,-0.004974468611180782,-0.0022453779820352793,-0.002573885954916477,-0.003800951410084963,-0.0033750582952052355,-0.0034211594611406326,-0.00494018942117691,-0.004747807513922453,-0.0004263270238880068,-0.002456930000334978,-0.0027185226790606976
MO,24,2026-04-07 19:30:00+00:00,15:30,-0.002804726595059037,down,0.0014648432843387127,0.003014582907781005,0.001688293763436377,0.0019241494592279196,-0.000571969838347286,-5.060258263256401e-05,-0.004514636471867561,-0.0038607679307460785,-0.002161165699362755,-0.0042798626236617565,-0.0028049659449607134,-0.002674652962014079,-0.004370918497443199,-0.0035037987399846315,-0.00048095834790728986,-0.0011714797001332045,-0.005173748824745417,-0.0037846253253519535,-0.004746103193610907,-0.0022752382792532444,-0.0037794369272887707,-0.0039045459125190973,-0.0033288958948105574,-0.0002917125530075282,-0.0020760686602443457,-0.002804726595059037
AVB,24,2026-04-07 19:30:00+00:00,15:30,-0.0028257807716727257,down,-0.004727605730295181,0.0006445252220146358,-0.0006309218006208539,-0.00035059876972809434,0.0003367811441421509,-0.0015923506580293179,-0.00546474102884531,-0.0031042746268212795,-0.0021745592821389437,-0.00502684386447072,-0.00067617540480569,-0.0023674347903579473,-0.002423553727567196,-0.002528900746256113,-0.0022778469137847424,-0.0021406819578260183,-0.0006223211530596018,-0.0003492583055049181,0.0003488322254270315,0.0014800578355789185,0.0005150156794115901,-0.0027969861403107643,-0.005707257427275181,-0.0019833126571029425,-0.003311075270175934,-0.0028257807716727257
NRG,24,2026-04-07 19:30:00+00:00,15:30,-0.0028991498984396458,down,-0.009056232869625092,-0.008255619555711746,-0.011303438805043697,-0.008057842962443829,-0.0075271595269441605,-0.011001162230968475,-0.010716245509684086,-0.00753894355148077,-0.008501813746988773,-0.007640788797289133,-0.006310808937996626,-0.0069734686985611916,-0.005214188247919083,-0.005601510405540466,-0.007208104711025953,-0.011030478402972221,-0.007571396417915821,-0.008308172225952148,-0.008309834636747837,-0.010047636926174164,-0.009043707512319088,-0.009549346752464771,-0.008779555559158325,-0.0020553397480398417,-0.003789826761931181,-0.0028991498984396458
CRL,24,2026-04-07 19:30:00+00:00,15:30,-0.0029604705050587654,down,-0.004562168847769499,-0.0025904825888574123,-0.0065000937320292,-0.008736521936953068,-0.008695248514413834,-0.007000723388046026,-0.011147364974021912,-0.011486414819955826,-0.010159994475543499,-0.007736477535218,-0.006396074313670397,-0.003213345305994153,-0.0045362720265984535,-0.004893510602414608,-0.004135757684707642,-0.00565785076469183,-0.0023184544406831264,-0.004344241227954626,-0.005837539676576853,-0.005341316573321819,-0.0049065942876040936,-0.0071020727045834064,-0.0069784740917384624,-0.0014388099079951644,-0.005039914045482874,-0.0029604705050587654
CMS,24,2026-04-07 19:30:00+00:00,15:30,-0.0030629730317741632,down,-0.0008548288024030626,0.0003064711927436292,0.00028098176699131727,0.0011406021658331156,0.00434483727440238,0.001444155117496848,-0.0014054880011826754,0.00011824016837636009,-0.0003556682786438614,-0.0032668712083250284,0.0007482700748369098,0.00023632595548406243,-0.0006776039372198284,-8.02324793767184e-05,-0.0018458710983395576,-0.0030498311389237642,-0.00036841866676695645,-0.00026079308008775115,0.0022365122567862272,0.001597019494511187,-8.999963756650686e-05,-0.001626473618671298,-0.003933013882488012,5.9981590311508626e-05,-0.0018280843505635858,-0.0030629730317741632
TRMB,24,2026-04-07 19:30:00+00:00,15:30,-0.0030756343621760607,down,-0.0042083850130438805,0.004391213413327932,-0.0005607344792224467,0.004193921107798815,-0.0002466876758262515,-0.00042611846583895385,-0.008255400694906712,-0.01100805401802063,-0.0049320063553750515,-0.007967238314449787,-0.008769730105996132,-0.004550504963845015,0.00017732425476424396,0.0008959906990639865,-0.0013458264293149114,-0.003954942338168621,0.0006444967584684491,0.0007646838785149157,-0.0012881766306236386,-0.0027512838132679462,-0.0025292770005762577,-0.0036393017508089542,-0.0031209965236485004,-0.002714374801144004,-0.004222489893436432,-0.0030756343621760607
CAH,24,2026-04-07 19:30:00+00:00,15:30,-0.0031348932534456253,down,-0.003914349712431431,-0.0025901109911501408,-0.005138350650668144,-0.0036092486698180437,-0.0030868558678776026,-0.0035534219350665808,-0.005299369338899851,-0.00468333438038826,-0.0037722596898674965,-0.005129897501319647,-0.004265792667865753,-0.004350095055997372,-0.0032237726263701916,-0.0025165327824652195,-0.0030645648948848248,-0.004686459433287382,-0.001150506897829473,-0.0023220281582325697,-0.0029990156181156635,-0.0023951835464686155,-0.0036419362295418978,-0.00597901176661253,-0.004446413833647966,-0.002510958118364215,-0.005188902374356985,-0.0031348932534456253
ITW,24,2026-04-07 19:30:00+00:00,15:30,-0.0031654476188123226,down,-0.005470601841807365,-0.0006188143161125481,-0.0026196909602731466,-0.004055895376950502,-0.000322372856317088,-0.0032417960464954376,-0.006053756456822157,-0.0036644525825977325,-0.004240961745381355,-0.005036566872149706,-0.0022792909294366837,-0.0017073702765628695,-0.0042392797768116,-0.0025488678365945816,-0.001758746919222176,-0.0031243055127561092,-0.0012016160180792212,-0.002888172399252653,-0.0027719547506421804,-0.004268617369234562,-0.00428304448723793,-0.006897072307765484,-0.005419755354523659,-0.0024736947380006313,-0.005553376395255327,-0.0031654476188123226
DHR,24,2026-04-07 19:30:00+00:00,15:30,-0.0032074337359517813,down,-0.0020476477220654488,-0.0013436379376798868,-0.004082083236426115,-0.0026242551393806934,-0.004838595632463694,-0.004584155511111021,-0.006024711299687624,-0.0046248966827988625,-0.004743494559079409,-0.004715952090919018,-0.004420768469572067,-0.00213399319909513,-0.003339202608913183,-0.004905040375888348,-0.0056350030936300755,-0.006077669560909271,-0.0035604778677225113,-0.004474642686545849,-0.005816430784761906,-0.006809991784393787,-0.0056053404696285725,-0.006125482730567455,-0.0050124116241931915,-0.002509130397811532,-0.0031419217120856047,-0.0032074337359517813
ALGN,24,2026-04-07 19:30:00+00:00,15:30,-0.0033104736357927322,down,0.00170579191762954,0.006672645919024944,0.0016191203612834215,0.0006799453985877335,-0.0058822729624807835,-0.005083291791379452,-0.0034068692475557327,-0.0057581691071391106,-0.006095082964748144,-0.007042753044515848,-0.0038454020395874977,-0.003376171225681901,-0.005448687821626663,-0.0052186851389706135,-0.004150969907641411,-0.004108352120965719,-0.0031728462781757116,-0.00041153276106342673,-0.0024072688538581133,-0.0036106696352362633,-0.003963586408644915,-0.004071839153766632,-0.0031443056650459766,0.0016109891002997756,-0.002569266827777028,-0.0033104736357927322
DRI,24,2026-04-07 19:30:00+00:00,15:30,-0.0033175828866660595,down,-0.002368718385696411,0.0026438995264470577,0.0017949339235201478,0.0055805533193051815,-0.0005751188728027046,-0.00027098844293504953,-0.0014671069802716374,-0.00015847494069021195,-0.0001079770881915465,0.0028673599008470774,0.0006052610115148127,0.0037037068977952003,0.005327812395989895,0.0034912924747914076,-0.00011202816676814109,-0.0023356599267572165,-0.001971157267689705,-0.0001326378114754334,-0.005328461993485689,-0.005389946512877941,-0.0005938549875281751,-0.002638427773490548,-0.004844588693231344,-0.0011549951741471887,-0.0032838506158441305,-0.0033175828866660595
HPE,24,2026-04-07 19:30:00+00:00,15:30,-0.0033383406698703766,down,-0.0047369361855089664,-0.002173017244786024,-0.006948262918740511,-0.0027192849665880203,-0.0026524364948272705,-0.005491205025464296,-0.0068973153829574585,-0.003809120273217559,-0.006168810185045004,-0.010666469112038612,-0.007023118901997805,-0.005205199122428894,-0.005274259950965643,-0.0025845300406217575,-0.003549514338374138,-0.003058853093534708,-0.0013468129327520728,-0.0028865113854408264,-0.001904569915495813,-0.000618393940385431,-0.0069494997151196,-0.009100670926272869,-0.010044039227068424,-0.002618146128952503,-0.004825659096240997,-0.0033383406698703766
ORLY,24,2026-04-07 19:30:00+00:00,15:30,-0.0033954449463635683,down,-0.006043035537004471,-0.0009549704845994711,-0.0034666594583541155,-0.005143375601619482,-0.004996945150196552,-0.004725614562630653,-0.009785960428416729,-0.009127911180257797,-0.011279692873358727,-0.011039640754461288,-0.008102789521217346,-0.008017168380320072,-0.008741671219468117,-0.003238400910049677,-0.004027295857667923,-0.004960956051945686,-0.0029191768262535334,-0.0037594889290630817,-0.005013205576688051,-0.003643806092441082,-0.004731075372546911,-0.00578828901052475,-0.006398281082510948,-0.0016577320639044046,-0.004152627196162939,-0.0033954449463635683
SNPS,24,2026-04-07 19:30:00+00:00,15:30,-0.0034541981294751167,down,-0.004807706456631422,-0.00010292646038578823,-0.008841725997626781,-0.00563257047906518,-0.010694865137338638,-0.011820531450212002,-0.015087489038705826,-0.012001543305814266,-0.011625973507761955,-0.008402958512306213,-0.005129228811711073,-0.0068834032863378525,-0.006082296837121248,-0.007470788899809122,-0.010800182819366455,-0.010301832109689713,-0.0037647010758519173,-0.006348005495965481,-0.009216435253620148,-0.010123973712325096,-0.010343841277062893,-0.012736206874251366,-0.008981003426015377,-0.005232463590800762,-0.006227519828826189,-0.0034541981294751167
VRTX,24,2026-04-07 19:30:00+00:00,15:30,-0.003483727341517806,down,-0.007800124119967222,-0.0074971942231059074,-0.006922916043549776,-0.008366581052541733,-0.006327862851321697,-0.009236380457878113,-0.010309918783605099,-0.011339574120938778,-0.008954721502959728,-0.010536319576203823,-0.00839680340141058,-0.007552349474281073,-0.0076646399684250355,-0.009774350561201572,-0.010089661926031113,-0.01073185633867979,-0.009245696477591991,-0.008469644002616405,-0.013325026258826256,-0.01127967145293951,-0.008991342037916183,-0.010969050228595734,-0.008585263974964619,-0.006290892604738474,-0.008076529018580914,-0.003483727341517806
TMO,24,2026-04-07 19:30:00+00:00,15:30,-0.0035537653602659702,down,-0.005173450335860252,-0.003304802579805255,-0.007647674530744553,-0.004982115235179663,-0.007122081238776445,-0.006906852126121521,-0.009178252890706062,-0.007226817775517702,-0.009030615910887718,-0.007292240858078003,-0.005031062290072441,-0.005179614294320345,-0.004277093801647425,-0.0038037325721234083,-0.005845352541655302,-0.004739042371511459,-0.0035767098888754845,-0.005188062321394682,-0.005553724709898233,-0.00582130765542388,-0.005574171897023916,-0.00682452879846096,-0.008614527061581612,-0.0066482606343925,-0.007405971642583609,-0.0035537653602659702
WM,24,2026-04-07 19:30:00+00:00,15:30,-0.003568724961951375,down,-0.0027076872065663338,-0.0014466805150732398,-0.0019448624225333333,-0.0008544382289983332,-0.0020320836920291185,-0.0027368993032723665,-0.00406827824190259,-0.0036722903605550528,-0.004401719197630882,-0.0037786683533340693,-0.0031162493396550417,-0.004581105429679155,-0.004752492532134056,-0.0051167747005820274,-0.005901021882891655,-0.005202313885092735,-0.00486057810485363,-0.0032817849423736334,-0.002414241200312972,-0.0020094963256269693,-0.00401647062972188,-0.005489519331604242,-0.005394539795815945,-0.003917020279914141,-0.006054838187992573,-0.003568724961951375
DGX,24,2026-04-07 19:30:00+00:00,15:30,-0.0035715715494006872,down,-0.0032273046672344208,-0.004289377946406603,-0.0045340885408222675,-0.004413147456943989,-0.0013165660202503204,-0.004808485507965088,-0.00816266518086195,-0.007043942809104919,-0.00994805060327053,-0.00686787161976099,-0.00875138584524393,-0.006755212787538767,-0.008343163877725601,-0.010313988663256168,-0.010653062723577023,-0.00909661129117012,-0.006923644803464413,-0.005696739070117474,-0.0061149378307163715,-0.003933701664209366,-0.00450573954731226,-0.004214659798890352,-0.001936409855261445,9.496843267697841e-05,-0.0027904289308935404,-0.0035715715494006872
NOC,24,2026-04-07 19:30:00+00:00,15:30,-0.003599443705752492,down,-0.0027729275170713663,-0.0009112742845900357,-0.0023701912723481655,-0.0020466612186282873,-0.0030607497319579124,-0.003086451441049576,-0.005065952427685261,-0.004455486312508583,-0.0047970968298614025,-0.005776804406195879,-0.003719436004757881,-0.0017434002365916967,-0.0022191263269633055,-0.0024484118912369013,-0.0033877987880259752,-0.0036413792986422777,-0.003151244716718793,-0.002820015652105212,-0.005517883226275444,-0.00458842096850276,-0.00557943619787693,-0.007170489989221096,-0.007757857907563448,-0.006533539388328791,-0.007494524121284485,-0.003599443705752492
NTRS,24,2026-04-07 19:30:00+00:00,15:30,-0.00373527011834085,down,6.742221739841625e-05,-0.0007194667705334723,-0.001492888550274074,-0.0025472622364759445,-0.001556501374579966,-0.003716978244483471,-0.006883491761982441,-0.008025526069104671,-0.009651802480220795,-0.006810637656599283,-0.0026874071918427944,-0.000552087090909481,-0.003178588580340147,-0.0017202910967171192,-0.003109303303062916,-0.004036679398268461,-0.002803641138598323,-0.0053235264495015144,-0.004056301899254322,-0.005127128213644028,-0.00412283930927515,-0.005979114677757025,-0.0060698483139276505,0.0023966783192008734,0.0008429480949416757,-0.00373527011834085
AZO,24,2026-04-07 19:30:00+00:00,15:30,-0.0037371390499174595,down,-0.0016312419902533293,0.002541415626183152,-0.002570117125287652,0.00044708236237056553,0.000566645001526922,-0.0033379700034856796,-0.0029246134217828512,-0.004093141760677099,-0.006062121130526066,-0.005253081675618887,-0.0017231542151421309,-0.002342479070648551,-0.0030303793027997017,-0.002759436843916774,-0.005015522241592407,-0.00543224485591054,-0.002744869329035282,-0.0016534405294805765,-0.0023222484160214663,-0.0031425515189766884,-0.0030206232331693172,-0.004752401728183031,-0.00645765895023942,-0.004538619890809059,-0.004946283996105194,-0.0037371390499174595
PCAR,24,2026-04-07 19:30:00+00:00,15:30,-0.0037894470151513815,down,-0.00898743886500597,-0.006977856159210205,-0.00901203416287899,-0.006592010147869587,-0.005886841099709272,-0.0069896080531179905,-0.010512284934520721,-0.007480166852474213,-0.008877276442945004,-0.008709658868610859,-0.004675738513469696,-0.0032262473832815886,-0.0042541297152638435,-0.005161297973245382,-0.0032755830325186253,-0.004563571885228157,-0.0017065280117094517,-0.0027954077813774347,-0.0050567323341965675,-0.004933984484523535,-0.006100884638726711,-0.00627858005464077,-0.006186064798384905,-0.00237125507555902,-0.0035458910278975964,-0.0037894470151513815
WY,24,2026-04-07 19:30:00+00:00,15:30,-0.003913172986358404,down,-0.006625451613217592,-0.0008393281023018062,-0.002909479197114706,-0.002166749443858862,-0.005109460558742285,-0.006413506343960762,-0.006949728820472956,-0.007236270699650049,-0.008159356191754341,-0.009024561382830143,-0.00666264072060585,-0.007506726309657097,-0.0068641118705272675,-0.0056990026496350765,-0.006566155236214399,-0.006308114621788263,-0.004238045308738947,-0.005809437949210405,-0.004806783981621265,-0.004161575343459845,-0.005612293723970652,-0.007384787313640118,-0.007907087914645672,-0.0034922210033982992,-0.00394119368866086,-0.003913172986358404
AKAM,24,2026-04-07 19:30:00+00:00,15:30,-0.003919902257621288,down,-0.011538088321685791,-0.005632012616842985,-0.011949864216148853,-0.009578168392181396,-0.009372703731060028,-0.014611459337174892,-0.013688026927411556,-0.012971192598342896,-0.011743228882551193,-0.012739268131554127,-0.011710664257407188,-0.011502698063850403,-0.009834285825490952,-0.009531293995678425,-0.008210578933358192,-0.008155358955264091,-0.007426789961755276,-0.008049405179917812,-0.012273344211280346,-0.013791806064546108,-0.00959454569965601,-0.012679515406489372,-0.011755351908504963,-0.006141820456832647,-0.007873963564634323,-0.003919902257621288
SBUX,24,2026-04-07 19:30:00+00:00,15:30,-0.003927004523575306,down,-0.004379976540803909,-0.009575489908456802,-0.01008218340575695,-0.008011174388229847,-0.004781256429851055,-0.007237791549414396,-0.00813339278101921,-0.00728080328553915,-0.011037326417863369,-0.0086892731487751,-0.006238273810595274,-0.0075666834600269794,-0.008653687313199043,-0.005755325313657522,-0.0072538722306489944,-0.007563197519630194,-0.012169399298727512,-0.010146974585950375,-0.007700743153691292,-0.006667231675237417,-0.009331397712230682,-0.009321309626102448,-0.01177931111305952,-0.00691403029486537,-0.010530883446335793,-0.003927004523575306
CDW,24,2026-04-07 19:30:00+00:00,15:30,-0.003947596065700054,down,-0.0045793792232871056,-0.0033380757085978985,-0.0041159698739647865,-0.002424216130748391,-0.004782721400260925,-0.006460611242800951,-0.007983184419572353,-0.003513013245537877,-0.004585296381264925,-0.004971789661794901,-0.0019808667711913586,-0.00022200531384442002,-0.0006065080524422228,-0.0006994826253503561,9.215465979650617e-05,-0.002091803587973118,-0.00029453105526044965,0.0011638571741059422,-0.0012122367043048143,-0.002329080132767558,-0.0035671633668243885,-0.003981429617851973,-0.002981421072036028,-0.000720407348126173,-0.0026215468533337116,-0.003947596065700054
LHX,24,2026-04-07 19:30:00+00:00,15:30,-0.004037485457956791,down,-0.004428289830684662,-0.0017541426932439208,-0.004361744038760662,-0.0025665038265287876,-0.0007435504230670631,-0.0021523761097341776,-0.004841723944991827,-0.004267284180969,-0.0056655011139810085,-0.00589779345318675,-0.003750586649402976,-0.0023830279242247343,-0.002301607048138976,-0.001886203303001821,-0.0029856537003070116,-0.003938907757401466,-0.003413344966247678,-0.0033199337776750326,-0.005845584440976381,-0.004728594329208136,-0.004557535517960787,-0.007087752688676119,-0.007576281670480967,-0.003460804233327508,-0.005074218846857548,-0.004037485457956791
HIG,24,2026-04-07 19:30:00+00:00,15:30,-0.004054999444633722,down,-0.001335333799943328,0.001469428651034832,-0.0006620004423893988,0.0006354527431540191,0.0025835055857896805,0.00017754544387571514,-0.000993833295069635,-0.0035969119053333998,-0.0029491300228983164,-0.002330088522285223,-0.0005552162765525281,-0.0010674061486497521,-0.0013726877514272928,-0.003708513919264078,-0.00428766617551446,-0.004083060659468174,-0.0007902830839157104,-0.0014999747509136796,-0.00015001717838458717,-0.0004078635247424245,-0.0020892065949738026,-0.0035106928553432226,-0.004041941836476326,-0.0012162275379523635,-0.004527508281171322,-0.004054999444633722
KLAC,24,2026-04-07 19:30:00+00:00,15:30,-0.004083447623997927,down,-0.00493860337883234,-0.008186819963157177,-0.00724310427904129,-0.0057014417834579945,-0.005095943342894316,-0.008337834849953651,-0.011347891762852669,-0.005614111199975014,-0.008059266954660416,-0.004989792592823505,-0.00391386216506362,-0.003084002761170268,-0.004148464649915695,-0.0041966806165874004,-0.0060746390372514725,-0.00766673032194376,-0.006037120241671801,-0.005328266881406307,-0.007734288927167654,-0.0071515776216983795,-0.007972712628543377,-0.008806190453469753,-0.010406642220914364,-0.005123409908264875,-0.0097759198397398,-0.004083447623997927
HSY,24,2026-04-07 19:30:00+00:00,15:30,-0.004107540939003229,down,-0.008474793285131454,-0.0045091998763382435,-0.004174151457846165,-0.004047374706715345,-0.0043125697411596775,-0.005419445689767599,-0.009516514837741852,-0.007915639318525791,-0.004802369978278875,-0.0021784845739603043,0.001200821832753718,-0.0001526888518128544,0.00038566405419260263,-0.0010933640878647566,0.0005278898752294481,0.0011038754601031542,0.0018849096959456801,0.002224246971309185,0.00037570498534478247,0.0005035495851188898,-0.0008836039341986179,-0.00037794510717503726,-0.001781258499249816,-0.0012347213923931122,-0.0024469890631735325,-0.004107540939003229
ALLE,24,2026-04-07 19:30:00+00:00,15:30,-0.004113524220883846,down,-0.006808695383369923,-0.0024749061558395624,-0.006204343866556883,-0.006697451695799828,-0.008914588019251823,-0.010316809639334679,-0.01386414747685194,-0.01172705739736557,-0.012674854137003422,-0.012886462733149529,-0.010308395139873028,-0.007821258157491684,-0.008973624557256699,-0.008618533611297607,-0.010424005798995495,-0.00952080823481083,-0.005120604299008846,-0.006455617491155863,-0.007862570695579052,-0.008269131183624268,-0.0070710256695747375,-0.0077083115465939045,-0.008831894025206566,-0.004476581234484911,-0.006625029258430004,-0.004113524220883846
TXT,24,2026-04-07 19:30:00+00:00,15:30,-0.004123876802623272,down,-0.004128123167902231,-0.0020350234117358923,-0.00383909628726542,-0.0020885446574538946,-0.004040136933326721,-0.0036543933674693108,-0.007162331137806177,-0.006280702538788319,-0.007252805400639772,-0.009909560903906822,-0.007778525352478027,-0.006921914406120777,-0.007267291191965342,-0.004767225589603186,-0.00585580850020051,-0.007105651311576366,-0.005070180632174015,-0.005220751278102398,-0.004906267859041691,-0.006260629277676344,-0.004552371799945831,-0.005986270494759083,-0.00668643182143569,-0.002659179037436843,-0.0053061689250171185,-0.004123876802623272
GRMN,24,2026-04-07 19:30:00+00:00,15:30,-0.00413804966956377,down,0.002964938525110483,0.004546147305518389,-0.0018731339368969202,0.0007866205414757133,-0.0020717778243124485,-0.003267442574724555,-0.005439780652523041,-0.0027861304115504026,-0.005144147202372551,-0.0032686160411685705,0.0004383166669867933,0.002007619012147188,0.0024154691491276026,0.0031916636507958174,-0.0007290150388143957,0.0006995617295615375,0.0016539567150175571,-0.0017132565844804049,-0.004216331988573074,-0.004002702422440052,-0.002517260378226638,-0.004651500377804041,-0.00447851000353694,0.0005731118144467473,-0.00278881355188787,-0.00413804966956377
FOXA,24,2026-04-07 19:30:00+00:00,15:30,-0.004155336879193783,down,-0.006523198913782835,-0.0063685281202197075,-0.0061085340566933155,-0.0028230685275048018,-0.004072967916727066,-0.0052495994605124,-0.008278636261820793,-0.005913714878261089,-0.005233413074165583,-0.0058363969437778,-0.0042306785471737385,-0.0027533373795449734,-0.0009015410323627293,-0.003965906333178282,-0.0019481256604194641,-0.003302890108898282,-0.0008293143473565578,-0.0007932170410640538,-0.0012021067086607218,-0.001585499499924481,-0.0028743648435920477,-0.004737049341201782,-0.005298248957842588,-0.002233575563877821,-0.006444486323744059,-0.004155336879193783
PRU,24,2026-04-07 19:30:00+00:00,15:30,-0.004178078379482031,down,-0.006329845171421766,-0.0026914465706795454,-0.006952768657356501,-0.0036529272329062223,-0.005010361783206463,-0.005357846617698669,-0.007562974933534861,-0.0072860801592469215,-0.007916726171970367,-0.00911365170031786,-0.007449024356901646,-0.005896284710615873,-0.0059830909594893456,-0.004789532627910376,-0.003937769681215286,-0.006259352434426546,-0.0020757559686899185,-0.003196230623871088,-0.005797046702355146,-0.004571121651679277,-0.006048927083611488,-0.006992347072809935,-0.007425941061228514,-0.002858439227566123,-0.006214322987943888,-0.004178078379482031
IVZ,24,2026-04-07 19:30:00+00:00,15:30,-0.004215018358081579,down,-0.01637345738708973,-0.01000872254371643,-0.015121705830097198,-0.012026110664010048,-0.01764596439898014,-0.021265869960188866,-0.02416064590215683,-0.018950093537569046,-0.0198522862046957,-0.020288562402129173,-0.015359029173851013,-0.014597100205719471,-0.004723303485661745,-0.004118830431252718,-0.00554550439119339,-0.006481377873569727,-0.003085001604631543,-0.004686008673161268,-0.0052743591368198395,-0.010983786545693874,-0.014889379031956196,-0.016227683052420616,-0.01279081217944622,-0.004853756632655859,-0.006502480246126652,-0.004215018358081579
URI,24,2026-04-07 19:30:00+00:00,15:30,-0.004226580262184143,down,-0.008095350116491318,-0.00834529660642147,-0.010132460854947567,-0.006046811118721962,-0.008637531660497189,-0.008845394477248192,-0.011932515539228916,-0.010031208395957947,-0.011738943867385387,-0.011029562912881374,-0.007991860620677471,-0.00734666408970952,-0.005801020190119743,-0.005839835852384567,-0.00758642191067338,-0.008089054375886917,-0.005746009759604931,-0.007552587892860174,-0.008513137698173523,-0.008502844721078873,-0.010187763720750809,-0.010942969471216202,-0.011004439555108547,-0.007730795070528984,-0.0078100962564349174,-0.004226580262184143
SPGI,24,2026-04-07 19:30:00+00:00,15:30,-0.004237068351358175,down,-0.005888492800295353,-0.0051062460988759995,-0.006888522766530514,-0.004783595446497202,-0.004503448493778706,-0.008011141791939735,-0.010275344364345074,-0.010912364348769188,-0.009297464974224567,-0.009393695741891861,-0.005530900321900845,-0.0052164578810334206,-0.0034382170997560024,-0.004213671665638685,-0.00521520571783185,-0.0084256986156106,-0.004779926501214504,-0.004938444122672081,-0.01153684314340353,-0.011252627708017826,-0.004601779393851757,-0.007407971192151308,-0.003051036037504673,-0.0006002982845529914,-0.0027929414063692093,-0.004237068351358175
EQIX,24,2026-04-07 19:30:00+00:00,15:30,-0.00425925524905324,down,4.4638203689828515e-05,-0.001083187060430646,-0.0025560937356203794,-0.00046547091915272176,0.004819078836590052,0.0027886179741472006,-0.00037842895835638046,0.002450816798955202,-0.003082157811149955,-0.002111064037308097,0.0006569180404767394,0.0005480600520968437,-0.00014564578304998577,6.632607983192429e-05,-0.0010860024485737085,-0.0010253898799419403,0.0013561509549617767,-7.735565304756165e-05,-0.0005256521981209517,-0.0007100539514794946,-0.003989730961620808,-0.008452357724308968,-0.007420698180794716,-0.006838161963969469,-0.012159341014921665,-0.00425925524905324
MTD,24,2026-04-07 19:30:00+00:00,15:30,-0.004342853091657162,down,-0.002989294473081827,-0.003965334501117468,-0.005648724734783173,-0.0033041026908904314,-0.006289506796747446,-0.0069572338834404945,-0.009708520025014877,-0.009130889549851418,-0.010889532044529915,-0.008510439656674862,-0.005857138894498348,-0.005776978097856045,-0.004897492937743664,-0.0038002540823072195,-0.005637052468955517,-0.00597624434158206,-0.004937026649713516,-0.006537822540849447,-0.006423447746783495,-0.00632136594504118,-0.00930468924343586,-0.008261673152446747,-0.01000211201608181,-0.005616630893200636,-0.007179564796388149,-0.004342853091657162
TDY,24,2026-04-07 19:30:00+00:00,15:30,-0.004367372952401638,down,-0.006165437400341034,-0.0027599099557846785,-0.006378849968314171,-0.00390725489705801,-0.004388235975056887,-0.005821690429002047,-0.009422436356544495,-0.009455122984945774,-0.009923147037625313,-0.008893945254385471,-0.007213106378912926,-0.005878299940377474,-0.005656330846250057,-0.0060093943029642105,-0.007447726558893919,-0.00807398185133934,-0.00591442734003067,-0.007580939680337906,-0.009936117567121983,-0.009676337242126465,-0.008146352134644985,-0.007514020428061485,-0.007890259847044945,-0.00440705381333828,-0.008050796575844288,-0.004367372952401638
SCHW,24,2026-04-07 19:30:00+00:00,15:30,-0.004371119663119316,down,-0.005133602302521467,-0.0032751052640378475,-0.0037763072177767754,-0.004900662694126368,-0.001966679934412241,-0.003018038347363472,-0.006124761421233416,-0.004657376557588577,-0.006027450785040855,-0.006164971739053726,-0.005099019035696983,-0.005056917201727629,-0.004006136674433947,-0.002332637319341302,-0.0033810518216341734,-0.0026429188437759876,-0.0026117530651390553,-0.0008614359539933503,1.172609245259082e-05,-0.0010161894606426358,0.0014531086198985577,0.0006460743607021868,-0.0016581390518695116,0.0034493354614824057,-0.0012296997010707855,-0.004371119663119316
ADSK,24,2026-04-07 19:30:00+00:00,15:30,-0.004410875961184502,down,-0.002272583544254303,0.0016107740812003613,-0.005428144242614508,-0.0027061374858021736,-0.006094164680689573,-0.008083484135568142,-0.013477093540132046,-0.008856629952788353,-0.005868146661669016,-0.006035896483808756,-0.004013396333903074,-0.004341500345617533,-0.0037598824128508568,-0.003996401559561491,-0.006602990906685591,-0.006616231054067612,-0.002737797098234296,-0.0031790367793291807,-0.00590646592900157,-0.0062227873131632805,-0.004835328087210655,-0.008826692588627338,-0.008555762469768524,-0.004335982725024223,-0.0076654450967907906,-0.004410875961184502
LUV,24,2026-04-07 19:30:00+00:00,15:30,-0.004435751587152481,down,-0.016779033467173576,-0.01563859172165394,-0.01941615343093872,-0.01830591820180416,-0.025149712339043617,-0.025783251971006393,-0.026949848979711533,-0.02247719280421734,-0.02254953421652317,-0.01830647513270378,-0.012695983052253723,-0.011941369622945786,-0.011805299669504166,-0.0072312308475375175,-0.008226089179515839,-0.008047719486057758,-0.0061425273306667805,-0.006752009969204664,-0.008434345945715904,-0.008948025293648243,-0.014537494629621506,-0.01668587140738964,-0.021303001791238785,-0.013682513497769833,-0.015725817531347275,-0.004435751587152481
TSLA,24,2026-04-07 19:30:00+00:00,15:30,-0.004466630518436432,down,-0.013248655013740063,-0.020162159577012062,-0.027783069759607315,-0.024485988542437553,-0.02460954152047634,-0.03132067248225212,-0.029978156089782715,-0.03024081513285637,-0.028520643711090088,-0.03148791193962097,-0.02968442440032959,-0.02740873582661152,-0.021502867341041565,-0.020455460995435715,-0.020316582173109055,-0.02280586212873459,-0.02079910598695278,-0.018735967576503754,-0.02163173072040081,-0.01785929501056671,-0.022333437576889992,-0.026401570066809654,-0.026723792776465416,-0.019324835389852524,-0.015588722191751003,-0.004466630518436432
WAT,24,2026-04-07 19:30:00+00:00,15:30,-0.004506898112595081,down,-0.004930682014673948,-0.006477809976786375,-0.006596283987164497,-0.0033878551330417395,-0.0026472152676433325,-0.0034903548657894135,-0.007002900820225477,-0.005815599579364061,-0.00765267526730895,-0.005480003543198109,-0.001834397902712226,-0.0021568951196968555,-0.0014011053135618567,-0.0013630212051793933,-0.0004622139094863087,-0.002583756810054183,-0.0006638283375650644,-0.0032994479406625032,-0.0010398069862276316,-0.002446030965074897,-0.0033028589095920324,-0.005932207219302654,-0.007911529392004013,-0.003610955085605383,-0.007487114984542131,-0.004506898112595081
PTC,24,2026-04-07 19:30:00+00:00,15:30,-0.004531826823949814,down,-0.002974391682073474,0.0013816036516800523,-0.002199873561039567,-0.0004996706848032773,-0.004777788184583187,-0.006016151513904333,-0.00864917878061533,-0.006532200146466494,-0.004302613902837038,-0.006708476692438126,-0.0034689195454120636,-0.00424619996920228,-0.0019347280031070113,-0.0008838325156830251,-0.004538003355264664,-0.004277775529772043,-0.0017277221195399761,-0.0024108795914798975,-0.00517454044893384,-0.005009590182453394,-0.004270768258720636,-0.006704473402351141,-0.005171637982130051,-0.0038932140450924635,-0.005499512888491154,-0.004531826823949814
EFX,24,2026-04-07 19:30:00+00:00,15:30,-0.004570594057440758,down,0.0020237958524376154,0.004391625989228487,-0.0033436776138842106,-0.0005726449307985604,-0.004584718961268663,-0.00520137557759881,-0.010418405756354332,-0.00828064326196909,-0.0071223643608391285,-0.0050984714180231094,-0.005046415142714977,-0.0005487358430400491,0.001199187128804624,-0.0003862952580675483,-0.005197667516767979,-0.006823701784014702,-0.002630249597132206,-0.002848625648766756,-0.001882083248347044,-0.0025394342374056578,-0.005263376981019974,-0.00895597506314516,-0.006179381627589464,-0.004521515220403671,-0.007724226452410221,-0.004570594057440758
WSM,24,2026-04-07 19:30:00+00:00,15:30,-0.004607568494975567,down,-0.002017438877373934,-0.003372610779479146,-0.01020768005400896,-0.0081031434237957,-0.009505365043878555,-0.010796676389873028,-0.014285984449088573,-0.009844041429460049,-0.009919263422489166,-0.008392254821956158,-0.007965914905071259,-0.007194580044597387,-0.007543973159044981,-0.008937012404203415,-0.008531700819730759,-0.011267642490565777,-0.007533922791481018,-0.007765144109725952,-0.007108194753527641,-0.008825057186186314,-0.008759742602705956,-0.011227808892726898,-0.011039668694138527,-0.006596822757273912,-0.005487463437020779,-0.004607568494975567
KKR,24,2026-04-07 19:30:00+00:00,15:30,-0.004616864491254091,down,-0.009072411805391312,-0.004954568110406399,-0.009845033288002014,-0.007584774866700172,-0.00933792069554329,-0.009139624424278736,-0.014244040474295616,-0.011261154897511005,-0.009908399544656277,-0.010513484477996826,-0.009371803142130375,-0.008853021077811718,-0.009032023139297962,-0.007376076653599739,-0.0067851063795387745,-0.010088395327329636,-0.005628629587590694,-0.0062835002318024635,-0.007024750579148531,-0.007887503132224083,-0.00691542774438858,-0.0075874170288443565,-0.0075624603778123856,-0.003841658588498831,-0.004359318874776363,-0.004616864491254091
COST,24,2026-04-07 19:30:00+00:00,15:30,-0.00461867731064558,down,-0.00784314889460802,-0.008537240326404572,-0.00848245620727539,-0.006694309413433075,-0.005028691608458757,-0.00819864310324192,-0.007664862554520369,-0.008192842826247215,-0.009383671917021275,-0.007452571298927069,-0.006198937073349953,-0.005552814807742834,-0.006076065357774496,-0.005566907115280628,-0.007371845189481974,-0.008307639509439468,-0.007441692985594273,-0.0065775406546890736,-0.008941719308495522,-0.007654789835214615,-0.006212546490132809,-0.009091410785913467,-0.009472943842411041,-0.008965082466602325,-0.008306102827191353,-0.00461867731064558
ED,24,2026-04-07 19:30:00+00:00,15:30,-0.0046340166591107845,down,-0.0022385825868695974,-0.0012633689912036061,0.0009426838951185346,0.0016104922397062182,0.005437512882053852,0.00482609448954463,0.003779161022976041,0.0007936179172247648,0.0012436509132385254,0.000441064708866179,0.0018753885524347425,0.0015206269454210997,0.0001557333889650181,-0.00016412249533459544,0.00020688569929916412,0.0005042045377194881,0.001873267930932343,0.0025966293178498745,0.0022912733256816864,0.002261055400595069,0.0010424372740089893,0.00023393810261040926,0.00012611362035386264,0.001420843880623579,-0.0017431949963793159,-0.0046340166591107845
PLTR,24,2026-04-07 19:30:00+00:00,15:30,-0.004647991620004177,down,-0.014754236675798893,-0.016315799206495285,-0.023108692839741707,-0.013975423760712147,-0.016980905085802078,-0.015635963529348373,-0.01894456520676613,-0.014815198257565498,-0.01460319571197033,-0.015544735826551914,-0.01014233473688364,-0.012178026139736176,-0.012802843004465103,-0.012779105454683304,-0.010981309227645397,-0.016546916216611862,-0.008392776362597942,-0.0053599076345562935,-0.005991313606500626,-0.006316633429378271,-0.010708414018154144,-0.011818340979516506,-0.012842022813856602,-0.009082851931452751,-0.007232382893562317,-0.004647991620004177
NI,24,2026-04-07 19:30:00+00:00,15:30,-0.0046864780597388744,down,-0.006164476741105318,-0.001912593375891447,-0.001254323753528297,-0.0010592667385935783,0.0028450647369027138,9.397728717885911e-05,-0.0034974117297679186,-0.004275288432836533,-0.0034083425998687744,-0.0028179686050862074,-0.0005812589079141617,-0.0025556907057762146,-0.0020322806667536497,-0.001161030726507306,-0.001956437947228551,-0.0017428802093490958,-0.00032804111833684146,0.0007469830452464521,-0.0011429990408942103,-0.0007610000902786851,-0.00255607720464468,-0.005292991641908884,-0.0047056120820343494,-0.001175414421595633,-0.002688114996999502,-0.0046864780597388744
SATS,24,2026-04-07 19:30:00+00:00,15:30,-0.00468816002830863,down,-0.009664541110396385,-0.01232946291565895,-0.016022421419620514,-0.0065795741975307465,-0.008270113728940487,-0.013091962784528732,-0.013015869073569775,-0.0063398852944374084,-0.004579189699143171,-0.009793190285563469,-0.005370557773858309,-0.0071329581551253796,-0.005443511065095663,-0.0084760757163167,-0.004393921699374914,-0.00479405140504241,-0.0045957257971167564,-0.005630246829241514,-0.007127760443836451,-0.006110948044806719,-0.005607474595308304,-0.008533082902431488,-0.010068227536976337,-0.006443915423005819,-0.006610844749957323,-0.00468816002830863
PNC,24,2026-04-07 19:30:00+00:00,15:30,-0.004697261843830347,down,-0.008212516084313393,-0.006035874132066965,-0.006852335296571255,-0.00657159648835659,-0.006034764461219311,-0.007867773994803429,-0.009350698441267014,-0.00843912735581398,-0.007864302024245262,-0.009049074724316597,-0.007235930301249027,-0.005798328667879105,-0.0058465274050831795,-0.004036370199173689,-0.003959340509027243,-0.004994140472263098,-0.0014682973269373178,-0.0034006615169346333,-0.004911846946924925,-0.005159576423466206,-0.003539943601936102,-0.006926733069121838,-0.005189009942114353,-0.0015678245108574629,-0.005728934891521931,-0.004697261843830347
IRM,24,2026-04-07 19:30:00+00:00,15:30,-0.00479424512013793,down,-0.006584073416888714,-0.00754385394975543,-0.005100933834910393,-0.003903644159436226,-0.0026475079357624054,-0.0024869421031326056,-0.007892951369285583,-0.004788505379110575,-0.003993615973740816,-0.003536718897521496,-0.003688232507556677,-0.0023542935959994793,-0.003076343098655343,-3.7439531297422945e-07,-0.0026454960461705923,-0.0027714900206774473,-0.0019929928239434958,-0.0019172297324985266,-0.0011255013523623347,-0.0012435467215254903,-0.0012054282706230879,-0.001312763779424131,-0.0035932003520429134,0.00013491309073287994,-0.005449238698929548,-0.00479424512013793
SO,24,2026-04-07 19:30:00+00:00,15:30,-0.004806413780897856,down,-0.007664945442229509,-0.0022834050469100475,-0.0031246959697455168,-0.0018075724365189672,0.00022532008006237447,0.001347141689620912,-0.0015812924830242991,-0.00039178243605419993,-0.0016913177678361535,-0.0009639249183237553,0.0005216269055381417,0.0004244946176186204,-0.0018037219997495413,-0.0003992473939433694,-0.00022646243451163173,-0.0007975943153724074,-0.0011429321020841599,-0.002078432124108076,-0.0015108950901776552,0.0006265895208343863,0.0015725394478067756,-0.001076181186363101,-0.0008565993630327284,-8.5697160102427e-05,-0.0020903253462165594,-0.004806413780897856
AEE,24,2026-04-07 19:30:00+00:00,15:30,-0.004810400307178497,down,-0.0027266875840723515,-0.0037229505833238363,-0.0030992666725069284,-0.0011217165738344193,0.001676715910434723,0.00037629069993272424,-0.0016081049107015133,-0.0038466788828372955,-0.00224769813939929,-0.003225217340514064,-0.0005704120267182589,-0.0013062084326520562,-0.001430825563147664,-0.001861709519289434,-0.0019967048428952694,-0.0020036185160279274,0.0010152829345315695,-0.00015438177797477692,-2.4545879568904638e-05,0.0009068031795322895,-0.00040860840817913413,-0.0024595349095761776,-0.0036937608383595943,0.0007647561724297702,-0.001056402688845992,-0.004810400307178497
PHM,24,2026-04-07 19:30:00+00:00,15:30,-0.004825151991099119,down,-0.0031680334359407425,0.0011264701606705785,-0.005354025401175022,-0.0034298591781407595,-0.006181633099913597,-0.011397612281143665,-0.015180052258074284,-0.01102194283157587,-0.00893295556306839,-0.012874829582870007,-0.008344965055584908,-0.00849544070661068,-0.003990162163972855,-0.004433409310877323,-0.006152993533760309,-0.005150571931153536,-0.0051518892869353294,-0.0036074426025152206,-0.005951990373432636,-0.00765786599367857,-0.006256832275539637,-0.009474414400756359,-0.006002847570925951,-0.004359324462711811,-0.00665835477411747,-0.004825151991099119
HOOD,24,2026-04-07 19:30:00+00:00,15:30,-0.004865850787609816,down,-0.020230935886502266,-0.023113766685128212,-0.02725454606115818,-0.02152543142437935,-0.02410789579153061,-0.024200132116675377,-0.024564318358898163,-0.020047232508659363,-0.02033451944589615,-0.01883024349808693,-0.013180035166442394,-0.0109079759567976,-0.007299147546291351,-0.009443072602152824,-0.008772585541009903,-0.010699275881052017,-0.005857471376657486,-0.006495459470897913,-0.008886397816240788,-0.007792595773935318,-0.010628985241055489,-0.015076021663844585,-0.016917472705245018,-0.00858265534043312,-0.008040484972298145,-0.004865850787609816
GLW,24,2026-04-07 19:30:00+00:00,15:30,-0.004879825748503208,down,-0.009147688746452332,-0.007625242229551077,-0.012315930798649788,-0.008208734914660454,-0.008812394924461842,-0.007224725559353828,-0.01020120456814766,-0.010394752025604248,-0.008660976774990559,-0.007613596506416798,-0.0024124530609697104,-0.006981444079428911,-0.009154845029115677,-0.010590096935629845,-0.007094524335116148,-0.007628836203366518,-0.004633054602891207,-0.0038538025692105293,-0.0034752057399600744,-0.002938493387773633,-0.005175238940864801,-0.006529764272272587,-0.0055685387924313545,-0.006126223597675562,-0.00450914865359664,-0.004879825748503208
CRWD,24,2026-04-07 19:30:00+00:00,15:30,-0.004965930245816708,down,-0.003818926867097616,-0.01465677097439766,-0.01833328604698181,-0.012377424165606499,-0.01588176004588604,-0.021928489208221436,-0.0207667276263237,-0.02360796369612217,-0.016626346856355667,-0.007903832010924816,-0.012152186594903469,-0.011551208794116974,-0.008899383246898651,-0.010501660406589508,-0.01447000540792942,-0.010230605490505695,-0.009265467524528503,-0.010552356950938702,-0.0035483913961797953,-0.01603058911859989,-0.006594500504434109,-0.007177372928708792,-0.0070502012968063354,-0.005259477999061346,-0.004708186723291874,-0.004965930245816708
MGM,24,2026-04-07 19:30:00+00:00,15:30,-0.005000327248126268,down,-0.005132851656526327,-0.004787780810147524,-0.004425898659974337,-0.005697255488485098,-0.007292251102626324,-0.010606564581394196,-0.01504285167902708,-0.015513398684561253,-0.016705790534615517,-0.011983291245996952,-0.00874297134578228,-0.005484430119395256,-0.004248640965670347,-0.0025719956029206514,-0.0039445641450583935,-0.005659897346049547,-0.0010586141142994165,-0.004566721152514219,-0.005881291814148426,-0.007065963931381702,-0.006843374576419592,-0.007567359134554863,-0.005664959084242582,0.002318192273378372,-0.002743808552622795,-0.005000327248126268
VLO,24,2026-04-07 19:30:00+00:00,15:30,-0.005087107419967651,down,-0.008251288905739784,-0.009177366271615028,-0.008468594402074814,-0.0048235878348350525,-0.005779898259788752,-0.0075624561868608,-0.010993211530148983,-0.008638807572424412,-0.006371966563165188,-0.004607731010764837,0.0006539663299918175,0.0009839304257184267,-0.0038090876769274473,-0.00030643376521766186,0.00016894938016775995,-0.0020932648330926895,0.0012399478582665324,0.000354724790668115,-0.0016498154727742076,-0.003785474458709359,-0.00497386185452342,-0.0045157428830862045,-0.005606121849268675,-0.0006005493341945112,-0.004353730473667383,-0.005087107419967651
ETR,24,2026-04-07 19:30:00+00:00,15:30,-0.0051042744889855385,down,-0.005036196205765009,-0.002214521635323763,-0.005459977779537439,-0.002550038043409586,-0.002404441125690937,-0.0017729272367432714,-0.003475145436823368,-0.005639425478875637,-0.005028315354138613,-0.007208921480923891,-0.005396949592977762,-0.0026912640314549208,-0.0015849124174565077,-0.0016280097188428044,-0.002144955098628998,-0.0007761267479509115,-0.0023631625808775425,-0.0027843359857797623,-0.005699461326003075,-0.004946018569171429,-0.004554931074380875,-0.00739692896604538,-0.006017397623509169,-0.003044648328796029,-0.003931516781449318,-0.0051042744889855385
RJF,24,2026-04-07 19:30:00+00:00,15:30,-0.005111343692988157,down,-0.004177395720034838,-0.002496888628229499,-0.00654501561075449,-0.003770700888708234,-0.0056405807845294476,-0.008275198750197887,-0.01256742887198925,-0.010378844104707241,-0.010605467483401299,-0.010160869918763638,-0.00728282704949379,-0.006116330157965422,-0.006578012835234404,-0.004036814905703068,-0.004657722543925047,-0.003936219494789839,-0.0031226996798068285,-0.001767472829669714,-0.0013384019257500768,-0.0034168660640716553,-0.002208305988460779,-0.0036045312881469727,-0.006395213771611452,-0.0034382890444248915,-0.00908554159104824,-0.005111343692988157
AVY,24,2026-04-07 19:30:00+00:00,15:30,-0.005164732690900564,down,-0.0034050592221319675,-0.00045374964247457683,-0.0033874388318508863,-0.0004765177145600319,-0.0025428307708352804,-0.0030013476498425007,-0.007859727367758751,-0.00654298672452569,-0.009110800921916962,-0.010779909789562225,-0.009067321196198463,-0.007737971376627684,-0.010166242718696594,-0.008385084569454193,-0.009151698090136051,-0.01028040237724781,-0.0076990132220089436,-0.007669861428439617,-0.008535346016287804,-0.009370598010718822,-0.006278920453041792,-0.007301336620002985,-0.006070622708648443,-0.0020923481788486242,-0.005485777743160725,-0.005164732690900564
LVS,24,2026-04-07 19:30:00+00:00,15:30,-0.005230368115007877,down,-0.0031728576868772507,-0.001571117201820016,-0.003951492253690958,-0.002398699289187789,-0.0029157213866710663,-0.0027590147219598293,-0.005121455993503332,-0.0018960816087201238,-0.0015905324835330248,-0.00234023155644536,-0.0008325946400873363,0.0004494203603826463,-0.0010111213196069002,-0.0008963256259448826,-0.0005146223702467978,-0.002881840104237199,4.699216515291482e-05,-0.002961055375635624,-0.0032347135711461306,-0.0034958943724632263,-0.005524688400328159,-0.008145784959197044,-0.00985035952180624,-0.005060041788965464,-0.008421442471444607,-0.005230368115007877
JKHY,24,2026-04-07 19:30:00+00:00,15:30,-0.005266983062028885,down,-0.0016703690635040402,-0.0015288128051906824,-0.0034138832706958055,-0.002307357033714652,-0.004534335806965828,-0.003861377714201808,-0.006252594757825136,-0.004528423771262169,-0.0022971821017563343,-0.0036031159106642008,0.000332352559780702,0.0029007927514612675,0.0005868212901987135,-0.0010553793981671333,-0.002362482948228717,-0.005033853929489851,-0.0019864856731146574,0.0003271691966801882,-0.0018927130149677396,-0.003562566125765443,-0.004599138628691435,-0.007823104038834572,-0.004574189428240061,-0.0031014347914606333,-0.008536447770893574,-0.005266983062028885
BRO,24,2026-04-07 19:30:00+00:00,15:30,-0.005269658751785755,down,-0.0011069297324866056,0.001969478093087673,-0.0024503774475306273,-0.0021286364644765854,-0.004075897857546806,-0.0028821995947510004,-0.007027645595371723,-0.004037667531520128,-0.00490163080394268,-0.004347037058323622,-0.00572788342833519,-0.004633702337741852,-0.005617979913949966,-0.005093579646199942,-0.004690137691795826,-0.005248400382697582,-0.005892324727028608,-0.005645253695547581,-0.006590176839381456,-0.005647084675729275,-0.004879058804363012,-0.005237662699073553,-0.006001479458063841,-0.0036437497474253178,-0.007054517976939678,-0.005269658751785755
UHS,24,2026-04-07 19:30:00+00:00,15:30,-0.005298084579408169,down,-0.0006303820991888642,0.000163153134053573,-0.0009316493524238467,0.0015900059370324016,-0.0010291555663570762,-0.0033120408188551664,-0.0067710112780332565,-0.004698420874774456,-0.004052822478115559,-0.0032653817906975746,-0.0025803258176892996,-0.0031460265163332224,-0.004139362368732691,-0.003960918169468641,-0.005510113667696714,-0.006565172225236893,-0.004738567862659693,-0.0010783975012600422,-0.0038768076337873936,-0.003855193266645074,-0.005621522199362516,-0.006437768694013357,-0.007639467250555754,-0.004039333667606115,-0.006352785509079695,-0.005298084579408169
AJG,24,2026-04-07 19:30:00+00:00,15:30,-0.005328573752194643,down,-0.0033294514287263155,0.00043589944834820926,-0.0026019273791462183,-0.002132444642484188,-0.004210713319480419,-0.003116894280537963,-0.010245250537991524,-0.006541488692164421,-0.007000659126788378,-0.005654145497828722,-0.00610604602843523,-0.0036311561707407236,-0.004638609476387501,-0.0046726129949092865,-0.004320545122027397,-0.004524126648902893,-0.002967176493257284,-0.0035529714077711105,-0.0046737901866436005,-0.004587872885167599,-0.006212226115167141,-0.008129426278173923,-0.007809260860085487,-0.002893771743401885,-0.0044920556247234344,-0.005328573752194643
SWK,24,2026-04-07 19:30:00+00:00,15:30,-0.005329355597496033,down,-0.012605016119778156,-0.011495954357087612,-0.013732001185417175,-0.01273368764668703,-0.014674176461994648,-0.016655607149004936,-0.021996157243847847,-0.01928941160440445,-0.021680252626538277,-0.019437069073319435,-0.019123734906315804,-0.01305408962070942,-0.014219706878066063,-0.014912525191903114,-0.017638705670833588,-0.019158853217959404,-0.017363402992486954,-0.013352437876164913,-0.013224846683442593,-0.01396693754941225,-0.010304133407771587,-0.009256110526621342,-0.009353465400636196,-0.0052994126453995705,-0.012474660761654377,-0.005329355597496033
PWR,24,2026-04-07 19:30:00+00:00,15:30,-0.0053600710816681385,down,-0.007332806941121817,-0.00748679181560874,-0.0122287692502141,-0.008737725205719471,-0.009794123470783234,-0.008350750431418419,-0.009896552190184593,-0.009543836116790771,-0.009594770148396492,-0.009172345511615276,-0.009055281057953835,-0.0047485982067883015,-0.005135287530720234,-0.003369739977642894,-0.004558841232210398,-0.007302041165530682,-0.00392141193151474,-0.0034474267158657312,-0.003833323484286666,-0.007195353973656893,-0.0064310417510569096,-0.010013860650360584,-0.009385417215526104,-0.0065519316121935844,-0.008408933877944946,-0.0053600710816681385
ARE,24,2026-04-07 19:30:00+00:00,15:30,-0.005403795745223761,down,-0.005425845738500357,0.002672170754522085,-0.002059538848698139,-0.0047724246978759766,-0.006018511019647121,-0.007910195738077164,-0.009253008291125298,-0.00962432473897934,-0.0004051766300108284,-0.0047891633585095406,-0.002342194551602006,-0.0030564337503165007,-0.005973291117697954,-0.005266682244837284,-0.0029752349946647882,-0.005691238678991795,-0.003572763642296195,-0.0027496921829879284,-0.003395000472664833,-0.003634161315858364,-0.004052800126373768,-0.003273923881351948,-0.006496071349829435,-0.003634898690506816,-0.0019180183298885822,-0.005403795745223761
BDX,24,2026-04-07 19:30:00+00:00,15:30,-0.005472212098538876,down,-0.002698696218430996,-0.001343974843621254,-0.0045617129653692245,-0.001963607734069228,-0.0016122707165777683,-0.0032502077519893646,-0.006945203989744186,-0.004990361165255308,-0.004923148080706596,-0.005251317750662565,-0.0037894316483289003,-0.004138371907174587,-0.004373036324977875,-0.004310869611799717,-0.005277175456285477,-0.004876934923231602,-0.005356254987418652,-0.0047628069296479225,-0.004286758601665497,-0.005547130946069956,-0.00565137667581439,-0.007116347551345825,-0.006614759564399719,-0.004352672956883907,-0.009006587788462639,-0.005472212098538876
TT,24,2026-04-07 19:30:00+00:00,15:30,-0.005491087678819895,down,-0.009317644871771336,-0.006762118078768253,-0.008098538033664227,-0.005777264479547739,-0.005571894347667694,-0.007344819605350494,-0.010388504713773727,-0.013362521305680275,-0.013418163172900677,-0.011815644800662994,-0.01230237539857626,-0.01156539749354124,-0.011471115052700043,-0.010469435714185238,-0.014946592971682549,-0.015995075926184654,-0.012731339782476425,-0.01116181444376707,-0.012918887659907341,-0.013080465607345104,-0.01333311665803194,-0.012260696850717068,-0.012455870397388935,-0.00920425821095705,-0.013189325109124184,-0.005491087678819895
UAL,24,2026-04-07 19:30:00+00:00,15:30,-0.00556369312107563,down,-0.013095666654407978,-0.014534012414515018,-0.017322830855846405,-0.014537462033331394,-0.019519465044140816,-0.018338840454816818,-0.0237191803753376,-0.018184076994657516,-0.018983518704771996,-0.016831574961543083,-0.013558367267251015,-0.015115066431462765,-0.013631838373839855,-0.009509672410786152,-0.010477726347744465,-0.011385326273739338,-0.0081782890483737,-0.013314194977283478,-0.013427069410681725,-0.011910978704690933,-0.008572561666369438,-0.011764773167669773,-0.016720738261938095,-0.005990755744278431,-0.008126311004161835,-0.00556369312107563
KMB,24,2026-04-07 19:30:00+00:00,15:30,-0.005595597438514233,down,-0.004633831325918436,0.0014291857369244099,-0.004577659536153078,-0.0022074293810874224,-0.0026577417738735676,-0.004025331698358059,-0.008676005527377129,-0.004901672713458538,-0.008294099010527134,-0.0029764214996248484,-0.0027809152379631996,-0.0006245592376217246,0.0027940853033214808,0.0021840252447873354,-0.0010683024302124977,-0.0004062772495672107,0.0007203859277069569,-0.00044471092405728996,-0.0018827513558790088,-0.001751441857777536,-0.0022278951946645975,-0.003354377578943968,-0.003585474332794547,-0.0022259224206209183,-0.006296446081250906,-0.005595597438514233
ALL,24,2026-04-07 19:30:00+00:00,15:30,-0.005669918842613697,down,-0.006615019869059324,-0.00477270781993866,-0.0025916562881320715,-0.004165225196629763,-0.003233210416510701,-0.004822318442165852,-0.006951555609703064,-0.007450437173247337,-0.006983757950365543,-0.006214560475200415,-0.005204715766012669,-0.002808517776429653,-0.004528879188001156,-0.0041509666480124,-0.0036228271201252937,-0.004854802042245865,-0.0029630856588482857,-0.002409188076853752,-0.004430084489285946,-0.003966630436480045,-0.005815699230879545,-0.006548486649990082,-0.0059916311874985695,-0.004031024407595396,-0.0074182846583426,-0.005669918842613697
CHTR,24,2026-04-07 19:30:00+00:00,15:30,-0.005699140019714832,down,-0.015107573010027409,-0.012324925512075424,-0.01364903710782528,-0.011173569597303867,-0.013905203901231289,-0.01607869192957878,-0.017513923346996307,-0.013280780054628849,-0.013249156065285206,-0.013427485711872578,-0.00979507714509964,-0.008822722360491753,-0.011083497665822506,-0.00894755870103836,-0.008044490590691566,-0.007394490763545036,-0.006033493671566248,-0.008294086903333664,-0.005762280430644751,-0.008299015462398529,-0.011802781373262405,-0.013927680440247059,-0.016776204109191895,-0.01193897146731615,-0.010793459601700306,-0.005699140019714832
FICO,24,2026-04-07 19:30:00+00:00,15:30,-0.0057143280282616615,down,-0.0017690283711999655,-0.004020413383841515,-0.005018200259655714,-0.000877814250998199,-0.004314582794904709,-0.005520589649677277,-0.00797294918447733,-0.005557614378631115,-0.006699427030980587,-0.004707448184490204,-0.0012444774620234966,-0.0013322437880560756,-0.003049626015126705,-0.00021529193327296525,-0.003212309442460537,-0.0059738061390817165,-0.004685823805630207,-0.0019508539699018002,-0.0022431013640016317,-0.004281237255781889,-0.005256925709545612,-0.004793617874383926,-0.004710988141596317,-0.0014369268901646137,-0.0020402984227985144,-0.0057143280282616615
TSN,24,2026-04-07 19:30:00+00:00,15:30,-0.005785905756056309,down,-0.001753994612954557,0.0005494999932125211,-0.0012121312320232391,0.0015338774537667632,0.0014225759077817202,-0.0013114985777065158,-0.0034905807115137577,-0.004810776095837355,-0.002044371096417308,-0.0035149261821061373,-0.002271514618769288,-0.001489641610532999,-0.002135160146281123,-0.00388799118809402,-0.0023231245577335358,-0.003026688937097788,-0.0008613427635282278,-0.0007968275458551943,0.0002608697977848351,0.0007217591628432274,-0.0019121869700029492,-0.002932838862761855,-0.0022020486649125814,-0.0004373838601168245,-0.00479347538203001,-0.005785905756056309
STLD,24,2026-04-07 19:30:00+00:00,15:30,-0.005787057336419821,down,-0.009277970530092716,-0.006134346593171358,-0.011143877170979977,-0.007771961856633425,-0.006425926927477121,-0.009721371345221996,-0.010467065498232841,-0.008562667295336723,-0.010910809971392155,-0.007730497512966394,-0.0023537965025752783,-0.003469175659120083,-0.002628190442919731,3.679553992697038e-05,-6.3366878748638555e-06,-0.0049106040969491005,-0.0015674870228394866,-0.004182536620646715,-0.008196323178708553,-0.008901752531528473,-0.011772995814681053,-0.014143962413072586,-0.015347858890891075,-0.010980604216456413,-0.01265685260295868,-0.005787057336419821
CCL,24,2026-04-07 19:30:00+00:00,15:30,-0.005818134173750877,down,-0.024699196219444275,-0.013704617507755756,-0.019200710579752922,-0.01665012165904045,-0.011970890685915947,-0.012856780551373959,-0.0183996744453907,-0.019027940928936005,-0.020451415330171585,-0.02246793732047081,-0.018398860469460487,-0.017192158848047256,-0.008805664256215096,-0.009622467681765556,-0.013576168566942215,-0.01319020614027977,-0.007981031201779842,-0.00800818856805563,-0.008147141896188259,-0.008868655189871788,-0.015199292451143265,-0.020530950278043747,-0.020725280046463013,-0.010016386397182941,-0.013715824112296104,-0.005818134173750877
TTD,24,2026-04-07 19:30:00+00:00,15:30,-0.005818442441523075,down,-0.008435382507741451,-0.009482796303927898,-0.017607396468520164,-0.019719339907169342,-0.02202206663787365,-0.024670936167240143,-0.026087049394845963,-0.025152720510959625,-0.02446034550666809,-0.02159867063164711,-0.015219222754240036,-0.011047237552702427,-0.014629167504608631,-0.011690070852637291,-0.014431631192564964,-0.016454845666885376,-0.011784618720412254,-0.012563991360366344,-0.012520247139036655,-0.013212058693170547,-0.020157938823103905,-0.024786412715911865,-0.022268423810601234,-0.014833057299256325,-0.013993506319820881,-0.005818442441523075
DOC,24,2026-04-07 19:30:00+00:00,15:30,-0.005856138654053211,down,-0.00023427933047059923,-0.004923574160784483,-0.0028125098906457424,-0.00251253810711205,0.00786900706589222,0.0014476204523816705,-0.00017784007650334388,-0.00353036355227232,-0.0005115720559842885,-0.0035231600049883127,0.0012631529243662953,-0.0011301422491669655,0.002357270335778594,0.0022116999607533216,-0.0030600656755268574,-0.0017606157343834639,0.0018230077112093568,0.0024564883206039667,-0.001079430803656578,0.0008013321785256267,-0.0020379729103296995,-0.0033784895204007626,-0.006327919661998749,0.0015792500926181674,-0.006119110155850649,-0.005856138654053211
DOV,24,2026-04-07 19:30:00+00:00,15:30,-0.005867387633770704,down,-0.0073943850584328175,-0.0028940699994564056,-0.00400888966396451,-0.003237106604501605,-0.003268221393227577,-0.004516136832535267,-0.008896498009562492,-0.008536321111023426,-0.009604224003851414,-0.008165945298969746,-0.00520139979198575,-0.006355194840580225,-0.005595276597887278,-0.00518285296857357,-0.0038317919243127108,-0.0035752863623201847,-0.0021161579061299562,-0.0032434770837426186,-0.004270842764526606,-0.004873272031545639,-0.006293006241321564,-0.008303235284984112,-0.007584762293845415,-0.005361868068575859,-0.00784224271774292,-0.005867387633770704
UPS,24,2026-04-07 19:30:00+00:00,15:30,-0.005922533571720123,down,-0.003273854497820139,5.1604743930511177e-05,-0.003429295727983117,0.00020319192844908684,-0.002625893335789442,-0.004363956395536661,-0.00643424317240715,-0.0018796456279233098,-0.0056207748129963875,-0.005872068926692009,-0.002891319338232279,-0.001720952452160418,-0.0008677858277224004,-0.0014452964533120394,-0.0030568139627575874,-0.0026448771823197603,-0.0014787401305511594,-0.002202641451731324,-0.0024508065544068813,-0.002601927611976862,-0.00022958814224693924,-0.004227983765304089,-0.003495928831398487,-0.0005479812971316278,-0.004808852449059486,-0.005922533571720123
D,24,2026-04-07 19:30:00+00:00,15:30,-0.005992239806801081,down,-0.003023723838850856,-0.0003463483299128711,-0.0032345515210181475,-0.002448711544275284,-0.0013534476747736335,-0.001048872945830226,-0.00349937635473907,-0.003910246305167675,-0.0031233797781169415,-0.004393806681036949,-0.001588275539688766,-0.002341248095035553,-0.0042818328365683556,-0.005100431386381388,-0.0040437267161905766,-0.005823421757668257,-0.0038447172846645117,-0.0024462600704282522,-0.0023571683559566736,-0.002634619828313589,-0.0051089064218103886,-0.005955570377409458,-0.007982026785612106,-0.002805944299325347,-0.005723891314119101,-0.005992239806801081
MCHP,24,2026-04-07 19:30:00+00:00,15:30,-0.0060782236978411674,down,-0.018804803490638733,-0.022094547748565674,-0.023019947111606598,-0.021926358342170715,-0.025008413940668106,-0.02318463660776615,-0.028019562363624573,-0.02063027210533619,-0.024628425016999245,-0.02156374603509903,-0.017267098650336266,-0.01509196124970913,-0.013796846382319927,-0.01165363471955061,-0.012578864581882954,-0.014195369556546211,-0.00971569586545229,-0.010557694360613823,-0.012767434120178223,-0.013386938720941544,-0.014902009628713131,-0.016467565670609474,-0.016463330015540123,-0.009212590754032135,-0.013391999527812004,-0.0060782236978411674
DOW,24,2026-04-07 19:30:00+00:00,15:30,-0.006137161049991846,down,-0.005223587155342102,-0.007169763091951609,-0.012484414502978325,-0.00805177353322506,-0.011239477433264256,-0.014471539296209812,-0.01899515464901924,-0.01653353124856949,-0.01567852310836315,-0.01625688001513481,-0.011313898488879204,-0.008056600578129292,-0.008916188962757587,-0.008876504376530647,-0.008617992512881756,-0.010279027745127678,-0.01103588379919529,-0.013781850226223469,-0.013448433019220829,-0.01400463655591011,-0.014602226205170155,-0.016478978097438812,-0.013887085020542145,-0.009973159059882164,-0.01144699938595295,-0.006137161049991846
EXR,24,2026-04-07 19:30:00+00:00,15:30,-0.006154495291411877,down,-0.005900854244828224,-0.00260780262760818,-0.005281590856611729,-0.00389281683601439,-0.003983727190643549,-0.006250221747905016,-0.01001744158565998,-0.008859788067638874,-0.010708743706345558,-0.008841165341436863,-0.006743145640939474,-0.007058728486299515,-0.008694076910614967,-0.008757678791880608,-0.01165404636412859,-0.01045621745288372,-0.008187559433281422,-0.00653888750821352,-0.006468010600656271,-0.005889019928872585,-0.006253921426832676,-0.008699297904968262,-0.008038201369345188,-0.002648813184350729,-0.006157618016004562,-0.006154495291411877
EL,24,2026-04-07 19:30:00+00:00,15:30,-0.006179568823426962,down,-0.009610324166715145,-0.0046607814729213715,-0.014460795558989048,-0.007294669281691313,-0.013199974782764912,-0.012594523839652538,-0.023413188755512238,-0.019093763083219528,-0.014495506882667542,-0.015564216300845146,-0.010113839991390705,-0.009087493643164635,-0.005850139539688826,-0.0036447697784751654,-0.005783287808299065,-0.009327352978289127,-0.006704274564981461,-0.004462539684027433,-0.006250122096389532,-0.005967280827462673,-0.008528060279786587,-0.009656013920903206,-0.011726145632565022,-0.0019348117057234049,-0.009794996120035648,-0.006179568823426962
GEV,24,2026-04-07 19:30:00+00:00,15:30,-0.006207186263054609,down,-0.012244608253240585,-0.014661858789622784,-0.016660522669553757,-0.00907899159938097,-0.013768631033599377,-0.013718955218791962,-0.018029892817139626,-0.01078520342707634,-0.015563399530947208,-0.011412853375077248,-0.009787539951503277,-0.010538912378251553,-0.011695621535182,-0.011466553434729576,-0.012702683918178082,-0.015267626382410526,-0.0163587536662817,-0.015944384038448334,-0.016403021290898323,-0.016989994794130325,-0.016768604516983032,-0.018916955217719078,-0.021001743152737617,-0.01610804721713066,-0.014298087917268276,-0.006207186263054609
WEC,24,2026-04-07 19:30:00+00:00,15:30,-0.006217991467565298,down,-0.003966283053159714,-0.003735388396307826,-0.002117553725838661,-0.0023254714906215668,0.001021075528115034,-0.0019005500944331288,-0.0036502620205283165,-0.0032792165875434875,-0.002675863681361079,-0.0032349745742976665,-0.0009510231902822852,-0.0009860589634627104,-0.0020150707568973303,-0.0020881718955934048,-0.002555335173383355,-0.0031248580198735,-0.000643609557300806,-0.002216177061200142,-0.002079891273751855,-0.001379560912027955,-0.003869948908686638,-0.00600454630330205,-0.006514210719615221,-0.0009971841936931014,-0.002457511844113469,-0.006217991467565298
EXE,24,2026-04-07 19:30:00+00:00,15:30,-0.006221489515155554,down,-0.011965492740273476,-0.01117660477757454,-0.014107180759310722,-0.011319302022457123,-0.012964291498064995,-0.011759315617382526,-0.018024291843175888,-0.01639236882328987,-0.013925178907811642,-0.012622885406017303,-0.0102020762860775,-0.012937480583786964,-0.01629703864455223,-0.01087939366698265,-0.011114801280200481,-0.0087334755808115,-0.008612627163529396,-0.00916251353919506,-0.008481827564537525,-0.008100171573460102,-0.005122908856719732,-0.004354763776063919,-0.0047557116486132145,-0.001749337650835514,-0.002831151010468602,-0.006221489515155554
JBHT,24,2026-04-07 19:30:00+00:00,15:30,-0.006290404126048088,down,-0.0010790128726512194,0.0012549698585644364,-0.0017635759431868792,0.0020302804186940193,-0.0001803480990929529,-2.3878812498878688e-05,-0.0032283298205584288,-0.00017793946608435363,-0.0010223232675343752,-0.002308107912540436,-0.0011111246421933174,0.00035691296216100454,-0.000971467059571296,-0.0006201426731422544,-0.0008520518313162029,-0.0008595243562012911,-0.00010010429832618684,-0.003140762448310852,-0.0034883576445281506,-0.0016893355641514063,-0.002186655066907406,-0.005720694083720446,-0.004415411502122879,-0.0006674632313661277,-0.004580703563988209,-0.006290404126048088
FTNT,24,2026-04-07 19:30:00+00:00,15:30,-0.0063114650547504425,down,-0.00801995862275362,-0.005336523521691561,-0.010267127305269241,-0.005733641795814037,-0.012209930457174778,-0.01268514059484005,-0.016495825722813606,-0.01074182242155075,-0.012826453894376755,-0.008705075830221176,-0.003493123920634389,-0.0069974265061318874,-0.006771001033484936,-0.0012481416342779994,-0.0028476750012487173,-0.005504964385181665,-0.002735506510362029,-0.006193999666720629,-0.007108648773282766,-0.01257423684000969,-0.012483966536819935,-0.01790374517440796,-0.016358455643057823,-0.009675540030002594,-0.010691573843359947,-0.0063114650547504425
PLD,24,2026-04-07 19:30:00+00:00,15:30,-0.006364910397678614,down,-0.007250881753861904,-0.004207582678645849,-0.0057489629834890366,-0.0035537960939109325,-0.003212793031707406,-0.005183519329875708,-0.0071355621330440044,-0.006867425050586462,-0.005815113428980112,-0.006601324304938316,-0.006526333279907703,-0.005598206538707018,-0.003889529500156641,-0.005240962374955416,-0.005963063333183527,-0.007328484673053026,-0.0037021737080067396,-0.003238286590203643,-0.003942638635635376,-0.003826164174824953,-0.00639962637796998,-0.007972413673996925,-0.00805968139320612,-0.0023656266275793314,-0.005832540802657604,-0.006364910397678614
KVUE,24,2026-04-07 19:30:00+00:00,15:30,-0.006397352088242769,down,-0.01171416137367487,-0.004056321457028389,-0.004561326000839472,-0.004253005608916283,0.007933145388960838,0.007166670169681311,0.005761088337749243,-0.0026425649411976337,-0.0010566418059170246,-0.00898126419633627,-0.00819725263863802,-0.006526447832584381,-0.004141705110669136,-0.0012690534349530935,-0.00863216444849968,-0.005988646764308214,-0.00507780397310853,-0.004469398874789476,-0.004821511916816235,-0.007060007657855749,-0.005184893496334553,-0.013522994704544544,-0.010484419763088226,-0.007512922398746014,-0.013078334741294384,-0.006397352088242769
TTWO,24,2026-04-07 19:30:00+00:00,15:30,-0.00649326853454113,down,-0.004785838536918163,-0.004042704589664936,-0.0067209769040346146,-0.005628214217722416,-0.006805955898016691,-0.008210087195038795,-0.010973218828439713,-0.008367842994630337,-0.008462144993245602,-0.0060460735112428665,-0.005066834855824709,-0.006100041326135397,-0.005962002091109753,-0.005457695573568344,-0.006583521142601967,-0.007547881454229355,-0.00472251046448946,-0.005572329740971327,-0.005768701434135437,-0.00538859935477376,-0.005524800159037113,-0.008557257242500782,-0.009562836028635502,-0.006792691070586443,-0.006790675222873688,-0.00649326853454113
MMM,24,2026-04-07 19:30:00+00:00,15:30,-0.006571798585355282,down,-0.007722632959485054,-0.0036848506424576044,-0.00716059235855937,-0.004757244605571032,-0.00463000638410449,-0.005991850048303604,-0.00916974525898695,-0.008382323198020458,-0.008980732411146164,-0.009909369982779026,-0.008272964507341385,-0.008293170481920242,-0.006735759787261486,-0.007598227821290493,-0.007794447708874941,-0.007922518998384476,-0.007964191026985645,-0.007379266899079084,-0.007711950223892927,-0.007252546958625317,-0.007932714186608791,-0.009960130788385868,-0.00931165087968111,-0.006864580791443586,-0.007603316102176905,-0.006571798585355282
PNR,24,2026-04-07 19:30:00+00:00,15:30,-0.006680238991975784,down,-0.004041528794914484,-0.0014781648060306907,-0.004274604842066765,-0.0036680037155747414,-0.004428375978022814,-0.006610943004488945,-0.009476317092776299,-0.006892963778227568,-0.005587659310549498,-0.0073802960105240345,-0.0062521048821508884,-0.005639920011162758,-0.004716081544756889,-0.0030856046359986067,-0.004729424603283405,-0.006627383641898632,-0.0014953955542296171,-0.002819434739649296,-0.0031013309489935637,-0.0012585058575496078,-0.003257183125242591,-0.005967454519122839,-0.004937066230922937,-0.004610903095453978,-0.007511987816542387,-0.006680238991975784
BSX,24,2026-04-07 19:30:00+00:00,15:30,-0.006720920093357563,down,-0.018651604652404785,-0.02112468332052231,-0.026120752096176147,-0.028085827827453613,-0.026949934661388397,-0.03089485503733158,-0.03152444586157799,-0.029861945658922195,-0.029180951416492462,-0.027744444087147713,-0.0252726748585701,-0.023022662848234177,-0.01978001557290554,-0.020244641229510307,-0.019142916426062584,-0.020216992124915123,-0.01753808744251728,-0.015785913914442062,-0.017074856907129288,-0.014487193897366524,-0.014188084751367569,-0.015469509176909924,-0.015577569603919983,-0.013084497302770615,-0.01175763737410307,-0.006720920093357563
CHD,24,2026-04-07 19:30:00+00:00,15:30,-0.006783176679164171,down,-0.003504162887111306,-0.0025050300173461437,-0.003978538792580366,-0.003678398672491312,-0.00247124582529068,-0.0037972473073750734,-0.007107535842806101,-0.006872179917991161,-0.008699014782905579,-0.007757280953228474,-0.004413055256009102,-0.00339561328291893,-0.004855152685195208,-0.0028144889511168003,-0.005163355730473995,-0.0037583019584417343,-0.0026380543131381273,-0.0032549791503697634,-0.0014330409467220306,-4.7683570301160216e-05,-0.0008528634207323194,-0.001287480816245079,-0.0036443688441067934,-2.7878595574293286e-05,-0.004335321020334959,-0.006783176679164171
WELL,24,2026-04-07 19:30:00+00:00,15:30,-0.006831922568380833,down,-0.010314944200217724,-0.006546029355376959,-0.006041926331818104,-0.004463990684598684,-0.0026013192255049944,-0.005823267623782158,-0.004772144369781017,-0.00524473749101162,-0.005287238862365484,-0.0069101834669709206,-0.0051724049262702465,-0.00558634614571929,-0.005463408771902323,-0.005706537514925003,-0.005932570435106754,-0.006205292418599129,-0.0036011897027492523,-0.006389408838003874,-0.004464603960514069,-0.00457137543708086,-0.005910085514187813,-0.009804845787584782,-0.00909528136253357,-0.008067293092608452,-0.009452198632061481,-0.006831922568380833
O,24,2026-04-07 19:30:00+00:00,15:30,-0.006927510257810354,down,-0.001899269176647067,-0.0023864596150815487,-0.003195701166987419,-0.0016666961601004004,-0.0019609853625297546,-0.0038675121031701565,-0.007118341978639364,-0.0072517250664532185,-0.0072508216835558414,-0.00687093660235405,-0.004625032655894756,-0.004244735464453697,-0.005307904444634914,-0.006900841370224953,-0.006109143607318401,-0.007232672069221735,-0.005044285673648119,-0.0032209495548158884,-0.003982894122600555,-0.0047658588737249374,-0.007478215266019106,-0.009328690357506275,-0.008493061177432537,-0.004375048913061619,-0.007504752837121487,-0.006927510257810354
CINF,24,2026-04-07 19:30:00+00:00,15:30,-0.006995586212724447,down,-0.0017591059440746903,-7.994835323188454e-05,-0.0008153674425557256,5.188506838749163e-05,0.0006782589480280876,-0.00014644912153016776,-0.0010280925780534744,0.0007252456271089613,0.0006474831607192755,0.00047715730033814907,0.0010023564100265503,0.001968716038390994,8.603819878771901e-05,0.002035025507211685,-0.0005951951607130468,-0.002924196654930711,-0.00033296243054792285,0.00018095230916514993,-0.0015170216793194413,-0.002714254194870591,-0.004967930261045694,-0.006123481318354607,-0.007939728908240795,-0.002845620270818472,-0.007406576070934534,-0.006995586212724447
CB,24,2026-04-07 19:30:00+00:00,15:30,-0.0071449968963861465,down,-0.00727495364844799,-0.004845403600484133,-0.004995778668671846,-0.004279828164726496,-0.0022679208777844906,-0.004793880041688681,-0.007696190383285284,-0.007930170744657516,-0.008092750795185566,-0.006913712713867426,-0.0058675711043179035,-0.004599712789058685,-0.004541018512099981,-0.0038095361087471247,-0.0035111813340336084,-0.005184336565434933,-0.0032085811253637075,-0.004128164611756802,-0.003800338599830866,-0.0029401197098195553,-0.0053352187387645245,-0.006226480007171631,-0.007598115596920252,-0.0032036476768553257,-0.006718707736581564,-0.0071449968963861465
INVH,24,2026-04-07 19:30:00+00:00,15:30,-0.007234735880047083,down,-0.0064870999194681644,-0.002297437284141779,-0.004656102973967791,-0.0032355934381484985,-0.0033331390004605055,-0.004470041953027248,-0.005467861890792847,-0.006830454804003239,-0.0062662940472364426,-0.0089559406042099,-0.0056352135725319386,-0.0067930640652775764,-0.006330661475658417,-0.006197755690664053,-0.004072252195328474,-0.004970076493918896,-0.004073132760822773,-0.003474306082352996,-0.004590355791151524,-0.002402818063274026,-0.004450301639735699,-0.006708680652081966,-0.00807279534637928,-0.003007354913279414,-0.005556692834943533,-0.007234735880047083
ARES,24,2026-04-07 19:30:00+00:00,15:30,-0.007374141830950975,down,-0.010324825532734394,-0.003361768089234829,-0.006177229806780815,-0.008058772422373295,-0.007327728904783726,-0.01154404692351818,-0.018080158159136772,-0.014250191859900951,-0.008623301982879639,-0.013875942677259445,-0.010080881416797638,-0.011578540317714214,-0.010893575847148895,-0.009177553467452526,-0.009920737706124783,-0.008554375730454922,-0.008887868374586105,-0.013328849337995052,-0.014955946244299412,-0.015711786225438118,-0.012143329717218876,-0.014936201274394989,-0.013663046061992645,-0.009188574738800526,-0.010481320321559906,-0.007374141830950975
FISV,24,2026-04-07 19:30:00+00:00,15:30,-0.007436722982674837,down,-0.00692316610366106,0.0028106386307626963,0.0007753521203994751,0.0029437162447720766,-0.0034378115087747574,-0.0007743404130451381,-0.01001738477498293,-0.007380526978522539,-0.003902019700035453,-0.009309175424277782,-0.006493865977972746,-0.0037205107510089874,0.00029383384389802814,0.0007729080971330404,-0.001451090443879366,-0.0027696259785443544,0.0002954473893623799,-0.0002181376185035333,-0.00026940967654809356,-0.0027668329421430826,-0.007953195832669735,-0.014717151410877705,-0.013997950591146946,-0.006453825626522303,-0.00798211432993412,-0.007436722982674837
KDP,24,2026-04-07 19:30:00+00:00,15:30,-0.007584334351122379,down,-0.01174934208393097,-0.006508321035653353,-0.009284286759793758,-0.008910033851861954,-0.0053118993528187275,-0.00790227111428976,-0.009270135313272476,-0.011890582740306854,-0.010350536555051804,-0.01271091029047966,-0.008927058428525925,-0.009370138868689537,-0.0114137539640069,-0.009557210840284824,-0.009034589864313602,-0.010140987113118172,-0.00845164991915226,-0.009784786030650139,-0.008684797212481499,-0.00582096166908741,-0.007937397807836533,-0.008505222387611866,-0.012138285674154758,-0.005669047124683857,-0.005513970740139484,-0.007584334351122379
RVTY,24,2026-04-07 19:30:00+00:00,15:30,-0.0077780489809811115,down,-0.006830110214650631,-0.005005858838558197,-0.008994446136057377,-0.008582830429077148,-0.007473515346646309,-0.01045780349522829,-0.013760671950876713,-0.011489749886095524,-0.010907447896897793,-0.01280311681330204,-0.01454357709735632,-0.012554320506751537,-0.01098618097603321,-0.009230528958141804,-0.009994518011808395,-0.01268079224973917,-0.007822778075933456,-0.009180792607367039,-0.008625995367765427,-0.006520404946058989,-0.009791655465960503,-0.011033957824110985,-0.012696607038378716,-0.007075655739754438,-0.009767328388988972,-0.0077780489809811115
BRK-B,24,2026-04-07 19:30:00+00:00,15:30,-0.007805967703461647,down,-0.00936653558164835,-0.008599371649324894,-0.010327671654522419,-0.007367237005382776,-0.006891632918268442,-0.009240569546818733,-0.011040904559195042,-0.0125094223767519,-0.012572838924825191,-0.013221785426139832,-0.01113412156701088,-0.011075470596551895,-0.012250885367393494,-0.011061043478548527,-0.01106015220284462,-0.012019221670925617,-0.009943324141204357,-0.010057007893919945,-0.009389232844114304,-0.00897119753062725,-0.009543676860630512,-0.010256298817694187,-0.011415417306125164,-0.00888729840517044,-0.009999310597777367,-0.007805967703461647
IFF,24,2026-04-07 19:30:00+00:00,15:30,-0.007925012148916721,down,-0.003684366587549448,0.0007157211657613516,-0.005686813034117222,-0.0025039135944098234,-0.008298277854919434,-0.011929906904697418,-0.014039590954780579,-0.01625787653028965,-0.014970988966524601,-0.015215321443974972,-0.01725154183804989,-0.012771117500960827,-0.00881262682378292,-0.007345208432525396,-0.008519478142261505,-0.01025443710386753,-0.009240367449820042,-0.010358638130128384,-0.014850812032818794,-0.011502373963594437,-0.01002718135714531,-0.010729193687438965,-0.01286048162728548,-0.004762961063534021,-0.010136302560567856,-0.007925012148916721
IQV,24,2026-04-07 19:30:00+00:00,15:30,-0.008023608475923538,down,-0.00828699953854084,-0.005412793718278408,-0.013513164594769478,-0.008852582424879074,-0.012919127009809017,-0.012164019979536533,-0.017732610926032066,-0.013560258783400059,-0.0115091223269701,-0.013238403014838696,-0.007649215869605541,-0.008380887098610401,-0.008335160091519356,-0.005455728620290756,-0.0064599704928696156,-0.008384384214878082,-0.006804860197007656,-0.00755118066444993,-0.009803357534110546,-0.01110085379332304,-0.010755321942269802,-0.01375291682779789,-0.013665963895618916,-0.0073732552118599415,-0.011232276447117329,-0.008023608475923538
SYK,24,2026-04-07 19:30:00+00:00,15:30,-0.00807854812592268,down,-0.007288203574717045,-0.005122350063174963,-0.005781601648777723,-0.006478721275925636,-0.004734598100185394,-0.007918690331280231,-0.010631228797137737,-0.010801625438034534,-0.011054241098463535,-0.01025296188890934,-0.00718553876504302,-0.006061461288481951,-0.006780506577342749,-0.005693238228559494,-0.007612956687808037,-0.008248641155660152,-0.006451179273426533,-0.007731329184025526,-0.00700033875182271,-0.007736587896943092,-0.006624880246818066,-0.009547463618218899,-0.009777235798537731,-0.0058794040232896805,-0.009763187728822231,-0.00807854812592268
MSFT,24,2026-04-07 19:30:00+00:00,15:30,-0.008115134201943874,down,-0.009426599368453026,-0.012034452520310879,-0.013227444142103195,-0.012511353008449078,-0.01583467237651348,-0.021840965375304222,-0.018865851685404778,-0.01553601585328579,-0.013764701783657074,-0.015350224450230598,-0.013540643267333508,-0.01322290487587452,-0.012989010661840439,-0.014564777724444866,-0.010662448592483997,-0.012467369437217712,-0.01225369144231081,-0.011882149614393711,-0.012717142701148987,-0.013672799803316593,-0.01621299237012863,-0.01972990110516548,-0.020152030512690544,-0.0179456640034914,-0.012509587220847607,-0.008115134201943874
IEX,24,2026-04-07 19:30:00+00:00,15:30,-0.008146673440933228,down,-0.0034847778733819723,-0.0012857604306191206,-0.00463205948472023,-0.0032579798717051744,-0.004300716333091259,-0.005698873661458492,-0.006843911949545145,-0.006540083326399326,-0.0075430297292768955,-0.007258359342813492,-0.008198793977499008,-0.006318500265479088,-0.008089140057563782,-0.007638611365109682,-0.006668204441666603,-0.00844486616551876,-0.007035508751869202,-0.006398670841008425,-0.009052576497197151,-0.008402688428759575,-0.009721626527607441,-0.011865731328725815,-0.012037641368806362,-0.007523567881435156,-0.009840096347033978,-0.008146673440933228
APP,24,2026-04-07 19:30:00+00:00,15:30,-0.008188532665371895,down,-0.011809991672635078,-0.01244250126183033,-0.02511640265583992,-0.018176265060901642,-0.024319836869835854,-0.027469247579574585,-0.03056395798921585,-0.024434618651866913,-0.020290564745664597,-0.021590368822216988,-0.014437549747526646,-0.013133956119418144,-0.011904713697731495,-0.030015118420124054,-0.029798364266753197,-0.033306848257780075,-0.035521917045116425,-0.025075417011976242,-0.03877163678407669,-0.03228960558772087,-0.02891705557703972,-0.02533581666648388,-0.020109742879867554,-0.009774453938007355,-0.015314420685172081,-0.008188532665371895
VRSK,24,2026-04-07 19:30:00+00:00,15:30,-0.008194229565560818,down,0.001029917853884399,0.008208420127630234,0.004559153225272894,0.00597398541867733,-0.0014842933742329478,-0.003862416837364435,-0.004255450330674648,-0.003313901135697961,-0.005501545965671539,-0.0006299331435002387,-0.004116817377507687,0.0004510552098508924,-0.0028417869471013546,-0.002562019508332014,-0.005178073886781931,-0.006885208189487457,-0.00924643687903881,-0.008115234784781933,-0.0070664482191205025,-0.006011634599417448,-0.0033985828049480915,-0.007295749615877867,-0.00696180947124958,-0.005372893996536732,-0.010288656689226627,-0.008194229565560818
YUM,24,2026-04-07 19:30:00+00:00,15:30,-0.008333814330399036,down,-0.001618929672986269,0.001557798939757049,-0.0012922852765768766,-0.0006259533111006021,0.00027133553521707654,-0.0022170410957187414,-0.0049902466125786304,-0.006148988846689463,-0.00411071116104722,-0.003944202791899443,-0.0019939749035984278,-0.004009179305285215,-0.004097465425729752,-0.0033994652330875397,-0.004737621173262596,-0.005909355822950602,-0.004110085312277079,-0.0035642196889966726,-0.004470252897590399,-0.005142891779541969,-0.005349352490156889,-0.00673426641151309,-0.008121044375002384,-0.004987666383385658,-0.011268573813140392,-0.008333814330399036
BKR,24,2026-04-07 19:30:00+00:00,15:30,-0.008357712998986244,down,-0.002595421625301242,-0.004071393050253391,-0.009528806433081627,-0.012239135801792145,-0.012802543118596077,-0.013601979240775108,-0.0161844864487648,-0.01209750771522522,-0.012266621924936771,-0.011760025285184383,-0.009471039287745953,-0.007918821647763252,-0.009073920547962189,-0.011052585206925869,-0.01007418055087328,-0.011279565282166004,-0.007123243995010853,-0.007894286885857582,-0.009121020324528217,-0.008966143243014812,-0.009689833968877792,-0.011081663891673088,-0.012016327120363712,-0.01018496137112379,-0.0160660557448864,-0.008357712998986244
DLTR,24,2026-04-07 19:30:00+00:00,15:30,-0.008385500870645046,down,-0.008353902958333492,-0.003088788129389286,-0.010980180464684963,-0.00467688636854291,-0.006792271044105291,-0.009390815161168575,-0.012658525258302689,-0.010059281252324581,-0.009743176400661469,-0.011049186810851097,-0.00847608968615532,-0.007186292205005884,-0.004417582880705595,-0.0024243618827313185,-0.002692913869395852,-0.002696152776479721,-0.004005325026810169,-0.00384210585616529,-0.008872629143297672,-0.007323190104216337,-0.0069679198786616325,-0.007683017756789923,-0.00977771170437336,-0.007072607986629009,-0.010809613391757011,-0.008385500870645046
AEP,24,2026-04-07 19:30:00+00:00,15:30,-0.008527545258402824,down,-0.006628893781453371,-0.006721379701048136,-0.0073922909796237946,-0.006432841066271067,-0.004826090298593044,-0.005959625355899334,-0.009632847271859646,-0.008701562881469727,-0.007224222645163536,-0.009116684086620808,-0.007122814189642668,-0.007302341517060995,-0.007079945877194405,-0.006414399016648531,-0.008649787865579128,-0.008892899379134178,-0.006755668669939041,-0.00663357600569725,-0.005192758049815893,-0.0061182561330497265,-0.006996144540607929,-0.009507546201348305,-0.011676250956952572,-0.006141949445009232,-0.009070456959307194,-0.008527545258402824
HBAN,24,2026-04-07 19:30:00+00:00,15:30,-0.008559166453778744,down,-0.01845455728471279,-0.01336835790425539,-0.01423046924173832,-0.010538679547607899,-0.010288686491549015,-0.008564994670450687,-0.011685982346534729,-0.011005586944520473,-0.012264832854270935,-0.012865977361798286,-0.011460580863058567,-0.011296295560896397,-0.010040122084319592,-0.012537127360701561,-0.010227598249912262,-0.011075683869421482,-0.007490438874810934,-0.009431131184101105,-0.010958805680274963,-0.008567382581532001,-0.010700647719204426,-0.014751744456589222,-0.013364545069634914,-0.006954384967684746,-0.008234387263655663,-0.008559166453778744
NKE,24,2026-04-07 19:30:00+00:00,15:30,-0.008775345981121063,down,-0.015364080667495728,-0.010780162177979946,-0.015754185616970062,-0.015946289524435997,-0.00819381047040224,-0.007507406175136566,-0.014863221906125546,-0.017165837809443474,-0.014217314310371876,-0.01903415285050869,-0.017479995265603065,-0.018481384962797165,-0.014024448581039906,-0.013637583702802658,-0.011526172049343586,-0.013501669280230999,-0.01321097556501627,-0.009277348406612873,-0.012914148159325123,-0.013953383080661297,-0.013207676820456982,-0.016775861382484436,-0.015383361838757992,-0.007213474251329899,-0.011590368114411831,-0.008775345981121063
FSLR,24,2026-04-07 19:30:00+00:00,15:30,-0.00890380423516035,down,-0.005823874846100807,-0.006140677724033594,-0.00844774954020977,-0.0074286628514528275,-0.010299826972186565,-0.010761129669845104,-0.015795527026057243,-0.013887327164411545,-0.019101379439234734,-0.016250070184469223,-0.016437727957963943,-0.01556633785367012,-0.016773002222180367,-0.018795983865857124,-0.01829931139945984,-0.018450729548931122,-0.01735871098935604,-0.01745793968439102,-0.01635284535586834,-0.0141960009932518,-0.01195441372692585,-0.015115422196686268,-0.014811054803431034,-0.008244031108915806,-0.010907105170190334,-0.00890380423516035
KMI,24,2026-04-07 19:30:00+00:00,15:30,-0.0089417090639472,down,0.0016264080768451095,0.002636100398376584,0.001746851485222578,0.0020054401829838753,0.0023253855761140585,-0.00012359298125375062,-0.00026435399195179343,-0.002267829841002822,-0.00021531851962208748,-0.001388590200804174,0.0014278163434937596,-0.002196891698986292,-0.0034672424662858248,-0.004377508535981178,-0.0039543514139950275,-0.005456009414047003,-0.005784944165498018,-0.006668084766715765,-0.0047677126713097095,-0.005205925088375807,-0.005641442723572254,-0.0068058655597269535,-0.008599713444709778,-0.006808432284742594,-0.00907294824719429,-0.0089417090639472
GILD,24,2026-04-07 19:30:00+00:00,15:30,-0.008981348015367985,down,-0.007612383924424648,-0.0025717751123011112,-0.007350951433181763,-0.005866310093551874,-0.0046906075440347195,-0.005434725433588028,-0.007450207602232695,-0.007089055608958006,-0.00800677016377449,-0.010592003352940083,-0.010069946758449078,-0.009398184716701508,-0.011612916365265846,-0.011529725976288319,-0.011382199823856354,-0.013354150578379631,-0.009673954918980598,-0.00994071178138256,-0.010299504734575748,-0.00927034579217434,-0.009127717465162277,-0.010357433930039406,-0.012272748164832592,-0.010488455183804035,-0.011143004521727562,-0.008981348015367985
PPL,24,2026-04-07 19:30:00+00:00,15:30,-0.008987980894744396,down,-0.0026106813456863165,-0.0036469814367592335,-0.0047876774333417416,-0.0026755877770483494,-0.003370140679180622,-0.005391539074480534,-0.00874707568436861,-0.010080115869641304,-0.01095332857221365,-0.010418811812996864,-0.008206614293158054,-0.008332698605954647,-0.007904604077339172,-0.007760734297335148,-0.010271351784467697,-0.009305895306169987,-0.006843212991952896,-0.007147954311221838,-0.005593650974333286,-0.004561242647469044,-0.007939795963466167,-0.010240661911666393,-0.010123402811586857,-0.006759127136319876,-0.0074662575498223305,-0.008987980894744396
EXPE,24,2026-04-07 19:30:00+00:00,15:30,-0.009053145535290241,down,-0.008544832468032837,-0.005509193055331707,-0.009306465275585651,-0.0053927418775856495,-0.009401341900229454,-0.008798534981906414,-0.014880326576530933,-0.010865905322134495,-0.012393787503242493,-0.009695171378552914,-0.00664309598505497,-0.005099728237837553,-0.00685198325663805,-0.004706396255642176,-0.005992707796394825,-0.010601799935102463,-0.006586487405002117,-0.003954598214477301,-0.005578420590609312,-0.00502373743802309,-0.010179056786000729,-0.01603434607386589,-0.013316289521753788,-0.005763345398008823,-0.01018687803298235,-0.009053145535290241
NFLX,24,2026-04-07 19:30:00+00:00,15:30,-0.009096094407141209,down,-0.009348400868475437,-0.005184816662222147,-0.014039389789104462,-0.01087258942425251,-0.01342164445668459,-0.01423747930675745,-0.012718298472464085,-0.012319578789174557,-0.01284494437277317,-0.012850433588027954,-0.011386727914214134,-0.012725315056741238,-0.016153721138834953,-0.014571783132851124,-0.014621676877140999,-0.015364550985395908,-0.012741091661155224,-0.013233430683612823,-0.013615640811622143,-0.013815222308039665,-0.01355690322816372,-0.01452399231493473,-0.011806397698819637,-0.008317138068377972,-0.009522256441414356,-0.009096094407141209
APH,24,2026-04-07 19:30:00+00:00,15:30,-0.00925696361809969,down,-0.014994136057794094,-0.012227718718349934,-0.013950238935649395,-0.011472797952592373,-0.01533109974116087,-0.019377868622541428,-0.02267622947692871,-0.018431570380926132,-0.01736963726580143,-0.017655154690146446,-0.013656096532940865,-0.01632281392812729,-0.01624339260160923,-0.017124200239777565,-0.014775911346077919,-0.01580342836678028,-0.01301038358360529,-0.011717148125171661,-0.012509246356785297,-0.01337676402181387,-0.015195040963590145,-0.019339390099048615,-0.019464315846562386,-0.014806103892624378,-0.019870294257998466,-0.00925696361809969
AFL,24,2026-04-07 19:30:00+00:00,15:30,-0.009316927753388882,down,-0.005317450501024723,-0.005761006381362677,-0.005018138792365789,-0.005395388696342707,-0.0016018860042095184,-0.004044331144541502,-0.006573248654603958,-0.006603467743843794,-0.005727960262447596,-0.00785062462091446,-0.0049791960045695305,-0.0049407873302698135,-0.006330262869596481,-0.006190607789903879,-0.006908494979143143,-0.00579075375571847,-0.004892363213002682,-0.005187585949897766,-0.004062611609697342,-0.004248151555657387,-0.0054640150628983974,-0.006798286456614733,-0.006853361148387194,-0.004199373535811901,-0.007214854937046766,-0.009316927753388882
ZTS,24,2026-04-07 19:30:00+00:00,15:30,-0.009330427274107933,down,-0.009400770999491215,-0.007461680565029383,-0.010163717903196812,-0.007995006628334522,-0.010950949974358082,-0.010890942066907883,-0.013697506859898567,-0.01291852630674839,-0.015105225145816803,-0.015526766888797283,-0.012135842815041542,-0.009574769996106625,-0.010376371443271637,-0.00889185443520546,-0.008681658655405045,-0.008182697929441929,-0.00783801730722189,-0.008682464249432087,-0.009293469600379467,-0.00827166810631752,-0.0076086996123194695,-0.009099037386476994,-0.010899349115788937,-0.005473818629980087,-0.007877828553318977,-0.009330427274107933
ORCL,24,2026-04-07 19:30:00+00:00,15:30,-0.009346814826130867,down,-0.012715652585029602,-0.01458111871033907,-0.018510160967707634,-0.015968484804034233,-0.018069585785269737,-0.01825021393597126,-0.019671734422445297,-0.020047908648848534,-0.019016066566109657,-0.020525282248854637,-0.01504597533494234,-0.016144711524248123,-0.014435685239732265,-0.012611647136509418,-0.011984243057668209,-0.015957878902554512,-0.011098949238657951,-0.009484190493822098,-0.012351440265774727,-0.011292441748082638,-0.013321918435394764,-0.01669364981353283,-0.016962675377726555,-0.011242391541600227,-0.013720116578042507,-0.009346814826130867
A,24,2026-04-07 19:30:00+00:00,15:30,-0.00936987902969122,down,-0.007789374329149723,-0.0046541434712708,-0.007204432040452957,-0.005697117652744055,-0.008432436734437943,-0.008178593590855598,-0.008748834021389484,-0.011464309878647327,-0.01072966679930687,-0.013141688890755177,-0.010206065140664577,-0.01026890892535448,-0.008780027739703655,-0.008580915629863739,-0.007417083252221346,-0.009253596886992455,-0.007706556469202042,-0.008592176251113415,-0.009894631803035736,-0.009536406956613064,-0.009808880276978016,-0.010885107330977917,-0.009616126306355,-0.007213531527668238,-0.008837875910103321,-0.00936987902969122
WST,24,2026-04-07 19:30:00+00:00,15:30,-0.009374315850436687,down,-0.0020023747347295284,0.0005977438413538039,-0.0006858806009404361,-1.3903979379392695e-05,0.00023232925741467625,0.0014275617431849241,-0.002827930962666869,-0.00011532666394487023,-0.0017302926862612367,-0.002747299848124385,0.0015274315373972058,0.0033946875482797623,0.0010301804868504405,0.001855061505921185,0.0014527116436511278,0.0017031169263646007,0.0012272456660866737,-0.0005363853997550905,-0.0003480374871287495,-0.0006315033533610404,-0.0027199317701160908,-0.002859843662008643,-0.005312634631991386,0.00012393663928378373,-0.004901720676571131,-0.009374315850436687
ROK,24,2026-04-07 19:30:00+00:00,15:30,-0.00937589630484581,down,-0.007144196890294552,-0.005142591893672943,-0.008788908831775188,-0.00604111747816205,-0.006229747552424669,-0.008264873176813126,-0.011283314786851406,-0.008756601251661777,-0.008962803520262241,-0.008052676916122437,-0.007052562665194273,-0.0049095493741333485,-0.007046383805572987,-0.005694638472050428,-0.006704210769385099,-0.007429184857755899,-0.0073828804306685925,-0.00863124430179596,-0.009222262538969517,-0.009756236337125301,-0.010597269050776958,-0.01393810473382473,-0.01425627339631319,-0.010765446349978447,-0.01170874573290348,-0.00937589630484581
GCUSD,24,2026-04-07 19:30:00+00:00,15:30,-0.009433447383344173,down,-0.009881928563117981,-0.005589454900473356,-0.009487460367381573,-0.006751320790499449,-0.007433450780808926,-0.012485730461776257,-0.012412901036441326,-0.010549571365118027,-0.011061073280870914,-0.008709295652806759,-0.008595995604991913,-0.006754029076546431,-0.00744663504883647,-0.008769367821514606,-0.008064444176852703,-0.010586529038846493,-0.00892460998147726,-0.007366409990936518,-0.0063839685171842575,-0.007538351695984602,-0.009306450374424458,-0.01053630281239748,-0.014009704813361168,-0.009290873073041439,-0.011590104550123215,-0.009433447383344173
MDT,24,2026-04-07 19:30:00+00:00,15:30,-0.009530692361295223,down,0.001843133824877441,0.0028692088089883327,0.0005004038102924824,0.0005276019801385701,-0.00036831048782914877,-0.0031079149339348078,-0.0060544367879629135,-0.00598641112446785,-0.0025068025570362806,-0.007043507881462574,-0.005295764654874802,-0.007066626101732254,-0.007859848439693451,-0.0054799700155854225,-0.008411395363509655,-0.007744866888970137,-0.0063366699032485485,-0.0033369024749845266,-0.003533031092956662,-0.002388480119407177,-0.0006793232169002295,-0.003087014425545931,-0.0025101900100708008,-0.003939713351428509,-0.009545099921524525,-0.009530692361295223
WMB,24,2026-04-07 19:30:00+00:00,15:30,-0.009837443009018898,down,0.0017767851240932941,0.0007752472884021699,0.0011796755716204643,-0.0021028961054980755,-0.0037166320253163576,-0.0056672790087759495,-0.008678792044520378,-0.008997702039778233,-0.009976114146411419,-0.007448069751262665,-0.006782036740332842,-0.0026540530379861593,-0.00253372173756361,-0.0029791740234941244,-0.003934265114367008,-0.007272845134139061,-0.0060601504519581795,-0.007151154335588217,-0.005521512124687433,-0.003056168556213379,-0.003903063479810953,-0.006525500677525997,-0.008455951698124409,-0.009981011040508747,-0.008259971626102924,-0.009837443009018898
MRSH,24,2026-04-07 19:30:00+00:00,15:30,-0.00987763237208128,down,-0.006845198571681976,-0.004643529187887907,-0.006826887372881174,-0.0060222214087843895,-0.008258160203695297,-0.009757437743246555,-0.011820879764854908,-0.011703693307936192,-0.01227788720279932,-0.012412846088409424,-0.009990226477384567,-0.008023549802601337,-0.00917973555624485,-0.009272412396967411,-0.010306875221431255,-0.011750130914151669,-0.00839957408607006,-0.0062921298667788506,-0.009023810736835003,-0.008099930360913277,-0.008878208696842194,-0.010132384486496449,-0.01158883422613144,-0.009270763956010342,-0.010562003590166569,-0.00987763237208128
TGT,24,2026-04-07 19:30:00+00:00,15:30,-0.009965256787836552,down,-0.009996427223086357,-0.009225159883499146,-0.013132206164300442,-0.009134187363088131,-0.010073043406009674,-0.01450379565358162,-0.014873705804347992,-0.012470327317714691,-0.013583594001829624,-0.01676763966679573,-0.012967932038009167,-0.013500431552529335,-0.011913374066352844,-0.009608227759599686,-0.00854167714715004,-0.009102214127779007,-0.009171664714813232,-0.01148917991667986,-0.009915227070450783,-0.012432117946445942,-0.010318676009774208,-0.011800545267760754,-0.010810086503624916,-0.008382895030081272,-0.009671838022768497,-0.009965256787836552
INCY,24,2026-04-07 19:30:00+00:00,15:30,-0.00996852945536375,down,-0.009267904795706272,-0.008422588929533958,-0.011114221066236496,-0.008514640852808952,-0.006543339695781469,-0.00723500270396471,-0.009049063548445702,-0.010444491170346737,-0.012428833171725273,-0.012350053526461124,-0.009637098759412766,-0.008522097021341324,-0.010515755973756313,-0.008166576735675335,-0.007979718036949635,-0.010836136527359486,-0.010450514033436775,-0.010738152079284191,-0.011623939499258995,-0.010125492699444294,-0.013647662475705147,-0.012409744784235954,-0.01712292805314064,-0.011376279406249523,-0.01470890175551176,-0.00996852945536375
PEG,24,2026-04-07 19:30:00+00:00,15:30,-0.010018873028457165,down,-0.0020377440378069878,-0.0014306030934676528,-0.0033304616808891296,-0.0018746850546449423,-0.002007995033636689,-0.0048414431512355804,-0.006946424022316933,-0.007292466703802347,-0.007470831740647554,-0.008646764792501926,-0.005706146825104952,-0.006873351521790028,-0.006679423153400421,-0.005653804633766413,-0.005985554773360491,-0.007487874943763018,-0.006566746160387993,-0.006631374824792147,-0.0054894560016691685,-0.0045816064812242985,-0.007022314704954624,-0.008334998041391373,-0.01034023892134428,-0.007299050688743591,-0.009888873435556889,-0.010018873028457165
IP,24,2026-04-07 19:30:00+00:00,15:30,-0.010083640925586224,down,-0.009867027401924133,-0.0029770969413220882,-0.005405000410974026,-0.005816446151584387,-0.00952721294015646,-0.00832165777683258,-0.007773242890834808,-0.007408055942505598,-0.007434085942804813,-0.01094694435596466,-0.006966605316847563,-0.01082388125360012,-0.011570658534765244,-0.011674724519252777,-0.009333489462733269,-0.010808882303535938,-0.010918528772890568,-0.010419988073408604,-0.01152313593775034,-0.011175508610904217,-0.007969317957758904,-0.011154083535075188,-0.01100505143404007,-0.009479107335209846,-0.010333087295293808,-0.010083640925586224
MAS,24,2026-04-07 19:30:00+00:00,15:30,-0.010108578950166702,down,-0.009013411588966846,-0.0052981325425207615,-0.009053798392415047,-0.008677134290337563,-0.009743760339915752,-0.00955005269497633,-0.011235861107707024,-0.010498779825866222,-0.010627441108226776,-0.01175080705434084,-0.01194361224770546,-0.010845179669559002,-0.009281918406486511,-0.007162339519709349,-0.006754323840141296,-0.010939628817141056,-0.008139688521623611,-0.009489688090980053,-0.010847688652575016,-0.00892680510878563,-0.009533897042274475,-0.01214306429028511,-0.012073780409991741,-0.007936508394777775,-0.01089788693934679,-0.010108578950166702
Q,24,2026-04-07 19:30:00+00:00,15:30,-0.01015155203640461,down,-0.013765478506684303,-0.016170699149370193,-0.01953759230673313,-0.01821349374949932,-0.021683044731616974,-0.022504186257719994,-0.026241431012749672,-0.01869097724556923,-0.018752843141555786,-0.015317290090024471,-0.009634793736040592,-0.0072222924791276455,-0.005943354684859514,-0.007682774215936661,-0.007388904225081205,-0.010328156873583794,-0.00817199144512415,-0.0080187963321805,-0.010556991212069988,-0.01157788559794426,-0.016877641901373863,-0.01947638764977455,-0.020996470004320145,-0.015605387277901173,-0.015672381967306137,-0.01015155203640461
TYL,24,2026-04-07 19:30:00+00:00,15:30,-0.010155611671507359,down,-0.0015114920679479837,0.0028711999766528606,-0.004458171781152487,-0.0016943815862759948,-0.006076603662222624,-0.007364456541836262,-0.008913366124033928,-0.008960437960922718,-0.00871085561811924,-0.008888201788067818,-0.007395521271973848,-0.005432546138763428,-0.007247505709528923,-0.009180914610624313,-0.011053478345274925,-0.009880696423351765,-0.0077643315307796,-0.00711129792034626,-0.010661378502845764,-0.0081842802464962,-0.006147102452814579,-0.008488914929330349,-0.008336533792316914,-0.003144259564578533,-0.009650664404034615,-0.010155611671507359
PGR,24,2026-04-07 19:30:00+00:00,15:30,-0.010188529267907143,down,-0.005390040576457977,-0.0005572540685534477,-0.0007980865193530917,0.0009278568322770298,0.0006917675491422415,-0.0019727740436792374,-0.004239609465003014,-0.004587678704410791,-0.0024624518118798733,-0.002560583408921957,-0.0009954024571925402,-0.0022729146294295788,-0.0035660152789205313,-0.004338400438427925,-0.004867467097938061,-0.005286173429340124,-0.005461251363158226,-0.004518457688391209,-0.005659333895891905,-0.004255322739481926,-0.005201454274356365,-0.00504695950075984,-0.007769548799842596,-0.005842524580657482,-0.00809090118855238,-0.010188529267907143
OKE,24,2026-04-07 19:30:00+00:00,15:30,-0.010235927999019623,down,-0.007019295822829008,-0.0012329121818765998,-0.0032321393955498934,-0.004163768608123064,-0.0045733945444226265,-0.005627218168228865,-0.00903941411525011,-0.00860507134348154,-0.010956483893096447,-0.01433910708874464,-0.012090974487364292,-0.012642564252018929,-0.014235010370612144,-0.014876295812427998,-0.012195605784654617,-0.01240627933293581,-0.011105052195489407,-0.015441274270415306,-0.015143556520342827,-0.015886295586824417,-0.014609290286898613,-0.017874252051115036,-0.017843879759311676,-0.012215756811201572,-0.013082043267786503,-0.010235927999019623
KHC,24,2026-04-07 19:30:00+00:00,15:30,-0.010544362477958202,down,-0.020488455891609192,-0.016295624896883965,-0.021626858040690422,-0.016025319695472717,-0.014160473830997944,-0.012412789277732372,-0.013357127085328102,-0.012837101705372334,-0.015932707116007805,-0.018690092489123344,-0.01469999086111784,-0.013827774673700333,-0.013587418012320995,-0.013395296409726143,-0.011626772582530975,-0.012341479770839214,-0.010391767136752605,-0.012826650403439999,-0.013130605220794678,-0.012415935285389423,-0.013093716464936733,-0.013927006162703037,-0.015747053548693657,-0.010550379753112793,-0.009517666883766651,-0.010544362477958202
FAST,24,2026-04-07 19:30:00+00:00,15:30,-0.010587990283966064,down,-0.013270976953208447,-0.007970308884978294,-0.00804610550403595,-0.007699903566390276,-0.009140316396951675,-0.009013484232127666,-0.010278732515871525,-0.011650423519313335,-0.014595810323953629,-0.014088236726820469,-0.013607406988739967,-0.013004005886614323,-0.014326118864119053,-0.013861765153706074,-0.012518568895757198,-0.013286164961755276,-0.01310347393155098,-0.01521717756986618,-0.013814558275043964,-0.013513289391994476,-0.014039666391909122,-0.01634565368294716,-0.01756567694246769,-0.013187725096940994,-0.01398464571684599,-0.010587990283966064
HST,24,2026-04-07 19:30:00+00:00,15:30,-0.010598376393318176,down,-0.0029024805407971144,0.0002022400585701689,-0.005239183083176613,-0.005568362772464752,-0.008585991337895393,-0.011262939311563969,-0.013158203102648258,-0.01217119861394167,-0.014010005630552769,-0.015110434032976627,-0.014582536183297634,-0.012149440124630928,-0.010884292423725128,-0.009574903175234795,-0.00973660871386528,-0.010286688804626465,-0.010964879766106606,-0.01198967732489109,-0.012702428735792637,-0.00878954865038395,-0.009827470406889915,-0.012997903861105442,-0.012086828239262104,-0.00890374556183815,-0.013339662924408913,-0.010598376393318176
AXON,24,2026-04-07 19:30:00+00:00,15:30,-0.010832310654222965,down,-0.008427727036178112,-0.012653575278818607,-0.020248280838131905,-0.017500583082437515,-0.03346370905637741,-0.03118092566728592,-0.03366607800126076,-0.027517668902873993,-0.023455191403627396,-0.027053775265812874,-0.02369452640414238,-0.016640441492199898,-0.02271336503326893,-0.03597066551446915,-0.03614095225930214,-0.03595472499728203,-0.04305889457464218,-0.02744661644101143,-0.041082147508859634,-0.028113799169659615,-0.0312957763671875,-0.033317044377326965,-0.02124202437698841,-0.019689753651618958,-0.025674451142549515,-0.010832310654222965
POOL,24,2026-04-07 19:30:00+00:00,15:30,-0.010875181294977665,down,-0.009490852244198322,-0.008891388773918152,-0.009516803547739983,-0.010981797240674496,-0.011705433018505573,-0.010983929969370365,-0.015047692693769932,-0.016436049714684486,-0.01607992872595787,-0.013702754862606525,-0.014910740777850151,-0.014400442130863667,-0.015988659113645554,-0.018040219321846962,-0.015915077179670334,-0.013939021155238152,-0.011886676773428917,-0.011252045631408691,-0.015048198401927948,-0.010037426836788654,-0.01393607072532177,-0.012155136093497276,-0.015511083416640759,-0.01259764563292265,-0.01191268116235733,-0.010875181294977665
SRE,24,2026-04-07 19:30:00+00:00,15:30,-0.010911601595580578,down,-0.00020070937171112746,0.0009751078905537724,0.0001739115105010569,-2.607486749184318e-05,0.0010258100228384137,-0.0007774344994686544,-0.0019444646313786507,-0.0016142569947987795,-0.0021237004548311234,-0.004796276800334454,-0.0039575002156198025,-0.0024396495427936316,-0.00420228810980916,-0.0036867745220661163,-0.0058457194827497005,-0.008393424563109875,-0.006070997100323439,-0.0071413395926356316,-0.0066469828598201275,-0.007179881911724806,-0.007043994497507811,-0.010818726383149624,-0.009636090137064457,-0.005781665910035372,-0.009142052382230759,-0.010911601595580578
DDOG,24,2026-04-07 19:30:00+00:00,15:30,-0.011055795475840569,down,-0.0024602683261036873,-0.012361545115709305,-0.02243797481060028,-0.011287184432148933,-0.015861622989177704,-0.01737303100526333,-0.01840028166770935,-0.013261545449495316,-0.008496847003698349,-0.008982032537460327,-0.0042731002904474735,-0.003331161569803953,-0.004160498734563589,-0.005470619071274996,-0.005460280459374189,-0.004292316734790802,-0.0017484808340668678,0.002004749607294798,-0.0021177842281758785,-0.0017714566783979535,-0.0016179931117221713,-0.003727266564965248,-0.002926998771727085,-0.0023167820181697607,-0.004903199151158333,-0.011055795475840569
RMD,24,2026-04-07 19:30:00+00:00,15:30,-0.01116662472486496,down,-0.0022474019788205624,0.001803944818675518,-0.0042156982235610485,-0.001062396913766861,-0.003608299884945154,-0.0034904370550066233,-0.006600634660571814,-0.003920165356248617,-0.0037141323555260897,-0.00036828801967203617,-0.00042668075184337795,0.0012372018536552787,-0.0003139223263133317,0.0004611488548107445,-0.0013216993538662791,-0.0033467558678239584,-0.001309519517235458,-0.0036183521151542664,-0.004270246252417564,-0.006332548335194588,-0.005826266016811132,-0.010581892915070057,-0.010203151032328606,-0.005089071579277515,-0.011502061039209366,-0.01116662472486496
QCOM,24,2026-04-07 19:30:00+00:00,15:30,-0.011167366057634354,down,-0.01062410231679678,-0.008705908432602882,-0.015721268951892853,-0.012746069580316544,-0.013535910286009312,-0.017905155196785927,-0.019812844693660736,-0.01767432503402233,-0.016726352274417877,-0.018236655741930008,-0.01441240031272173,-0.01537412777543068,-0.01339912973344326,-0.013370674103498459,-0.013386537320911884,-0.013914206065237522,-0.014560909010469913,-0.015730125829577446,-0.015235461294651031,-0.014218371361494064,-0.013312717899680138,-0.014091731049120426,-0.015551782213151455,-0.012390665709972382,-0.012544224038720131,-0.011167366057634354
LDOS,24,2026-04-07 19:30:00+00:00,15:30,-0.011228066869080067,down,-0.0035454509779810905,0.0008718361495994031,-0.0014435594202950597,0.0005575408576987684,-0.0004011566343251616,-0.0006891645607538521,-0.002832951257005334,-0.0014961448032408953,0.00028280756669119,-0.0009298819932155311,0.001769169350154698,0.000647243985440582,-0.001194119919091463,-9.860688442131504e-05,-0.004922608844935894,-0.005825011059641838,-0.002003511879593134,-0.001061260118149221,-0.0029982482083141804,-0.0036588232032954693,-0.0033051511272788048,-0.004928666166961193,-0.003238884499296546,-0.0026509640738368034,-0.00922626443207264,-0.011228066869080067
ABT,24,2026-04-07 19:30:00+00:00,15:30,-0.011329542845487595,down,-0.0002565461036283523,0.003970272373408079,-0.002738178474828601,-0.0019903420470654964,-0.0034370259381830692,-0.006230734754353762,-0.009765103459358215,-0.007432686164975166,-0.003173534059897065,-0.004388649947941303,-0.0026094950735569,-0.003289732849225402,-0.002174702472984791,-0.003277660347521305,-0.0030408098828047514,-0.002053794451057911,-0.004248070064932108,-0.005166240502148867,-0.003702704329043627,-0.003015488386154175,-0.002863063244149089,-0.005029725376516581,-0.004217017441987991,-0.006979548372328281,-0.009408829733729362,-0.011329542845487595
AMP,24,2026-04-07 19:30:00+00:00,15:30,-0.011421484872698784,down,-0.009530412964522839,-0.008717621676623821,-0.009584798477590084,-0.007607474457472563,-0.012364989146590233,-0.015089948661625385,-0.016424844041466713,-0.019164567813277245,-0.017496401444077492,-0.01801963895559311,-0.014288336969912052,-0.015507526695728302,-0.01703309640288353,-0.013692613691091537,-0.020278988406062126,-0.018164727836847305,-0.023223653435707092,-0.016685638576745987,-0.02220725640654564,-0.0255927462130785,-0.018506012856960297,-0.018756983801722527,-0.017925186082720757,-0.009872843511402607,-0.016535457223653793,-0.011421484872698784
BALL,24,2026-04-07 19:30:00+00:00,15:30,-0.011502336710691452,down,-0.0066005936823785305,-0.00424619996920228,-0.005796551238745451,-0.004714182578027248,-0.004835787229239941,-0.007514862809330225,-0.010880290530622005,-0.009700404480099678,-0.009994486346840858,-0.010341660119593143,-0.009436581283807755,-0.009044683538377285,-0.007882918231189251,-0.007610006257891655,-0.007577338721603155,-0.00861860066652298,-0.005783917382359505,-0.0070221032947301865,-0.00865704845637083,-0.00901044998317957,-0.008848465979099274,-0.011449644342064857,-0.01065534632652998,-0.008094660006463528,-0.011656487360596657,-0.011502336710691452
APO,24,2026-04-07 19:30:00+00:00,15:30,-0.01201988197863102,down,-0.010755964554846287,-0.008285746909677982,-0.008332245983183384,-0.007214001379907131,-0.0073509071953594685,-0.009341263212263584,-0.010456681251525879,-0.009867331013083458,-0.009916848503053188,-0.011285616084933281,-0.010625466704368591,-0.010469368658959866,-0.010119902901351452,-0.008278755471110344,-0.008155371062457561,-0.010648555122315884,-0.008302091620862484,-0.009260694496333599,-0.010454119183123112,-0.010493230074644089,-0.01253823284059763,-0.013000406324863434,-0.01502735260874033,-0.010934464633464813,-0.011256602592766285,-0.01201988197863102
CVX,24,2026-04-07 19:30:00+00:00,15:30,-0.012103074230253696,down,-0.009576373733580112,-0.009128685109317303,-0.009080924093723297,-0.010707391425967216,-0.00880538672208786,-0.00917765498161316,-0.00966203399002552,-0.009042229503393173,-0.00966805312782526,-0.00916225928813219,-0.006889021955430508,-0.0059372312389314175,-0.005223736632615328,-0.00522344745695591,-0.005501124542206526,-0.00965095218271017,-0.009664637967944145,-0.00843331404030323,-0.011119420640170574,-0.011907807551324368,-0.010179121047258377,-0.011590750887989998,-0.013024505227804184,-0.008922024630010128,-0.010831031948328018,-0.012103074230253696
PODD,24,2026-04-07 19:30:00+00:00,15:30,-0.012238689698278904,down,-0.007588070351630449,0.0002874796628020704,-0.002005394548177719,-0.0014194812392815948,-0.005627637263387442,-0.0065544056706130505,-0.0079609714448452,-0.007286097854375839,-0.004661950748413801,-0.005128168500959873,-0.0007509512943215668,-0.0021329892333596945,-0.0036491001956164837,0.0014850192237645388,-0.0030355071648955345,-0.005028049927204847,-0.001916570239700377,-0.003489252645522356,-0.006459720432758331,-0.00893574021756649,-0.0090712308883667,-0.011554948054254055,-0.012926488183438778,-0.009444641880691051,-0.012685218825936317,-0.012238689698278904
CMCSA,24,2026-04-07 19:30:00+00:00,15:30,-0.012334801256656647,down,-0.008172022178769112,-0.0018807743908837438,-0.004333564545959234,-0.004179914481937885,-0.0025183914694935083,-0.005057149101048708,-0.008851874619722366,-0.009474160149693489,-0.007625908590853214,-0.012740765698254108,-0.012897088192403316,-0.013114563189446926,-0.012489794753491879,-0.01290410477668047,-0.010981795378029346,-0.01221808884292841,-0.010602126829326153,-0.012237315066158772,-0.010278265923261642,-0.009855873882770538,-0.009939505718648434,-0.012323303148150444,-0.013126242905855179,-0.01173404697328806,-0.011314081959426403,-0.012334801256656647
WMT,24,2026-04-07 19:30:00+00:00,15:30,-0.012547565624117851,down,-0.00992745440453291,-0.011799146421253681,-0.01936561055481434,-0.01746556907892227,-0.011825046502053738,-0.017720382660627365,-0.014840320684015751,-0.014418400824069977,-0.014834312722086906,-0.01541450247168541,-0.011479785665869713,-0.014815648086369038,-0.014986549504101276,-0.013651392422616482,-0.015202976763248444,-0.0150134963914752,-0.014471887610852718,-0.014384723268449306,-0.013990066945552826,-0.014000704512000084,-0.016324222087860107,-0.01952032744884491,-0.01941617950797081,-0.01707128994166851,-0.016653582453727722,-0.012547565624117851
NOW,24,2026-04-07 19:30:00+00:00,15:30,-0.012555376626551151,down,-0.011852072551846504,-0.00759633956477046,-0.020750602707266808,-0.020482171326875687,-0.02022583782672882,-0.023493120446801186,-0.02462679333984852,-0.022781210020184517,-0.02326815575361252,-0.01740220934152603,-0.01433531753718853,-0.015765754505991936,-0.013463018462061882,-0.011846599169075489,-0.014550896361470222,-0.013837953098118305,-0.014651100151240826,-0.013384700752794743,-0.017487799748778343,-0.013398750685155392,-0.012922544963657856,-0.015526385977864265,-0.014948749914765358,-0.011716144159436226,-0.012783206067979336,-0.012555376626551151
KEY,24,2026-04-07 19:30:00+00:00,15:30,-0.01263359747827053,down,-0.015460205264389515,-0.012214298360049725,-0.01943885162472725,-0.0171554796397686,-0.017570676282048225,-0.01630336232483387,-0.017475003376603127,-0.01718897558748722,-0.01781015284359455,-0.021203888580203056,-0.021121950820088387,-0.01962645910680294,-0.02050601877272129,-0.01906798593699932,-0.016985423862934113,-0.019447442144155502,-0.016805153340101242,-0.01862441934645176,-0.020497694611549377,-0.016893183812499046,-0.01793656125664711,-0.018582768738269806,-0.01676446571946144,-0.014622848480939865,-0.014420565217733383,-0.01263359747827053
CTVA,24,2026-04-07 19:30:00+00:00,15:30,-0.01264459453523159,down,-0.011187578551471233,-0.007391708437353373,-0.007881765253841877,-0.004996809177100658,-0.006814540363848209,-0.007316377945244312,-0.010694802738726139,-0.01015058346092701,-0.013178108260035515,-0.010929387994110584,-0.008603356778621674,-0.009264262393116951,-0.009622846730053425,-0.009076983667910099,-0.011665098369121552,-0.012138757854700089,-0.011233486235141754,-0.011172196827828884,-0.011678319424390793,-0.011165015399456024,-0.012025561183691025,-0.014548285864293575,-0.014459501951932907,-0.011498255655169487,-0.013200202956795692,-0.01264459453523159
HRL,24,2026-04-07 19:30:00+00:00,15:30,-0.013012516312301159,down,-0.006560474168509245,-0.0016401573084294796,-0.003557749791070819,-0.003134162863716483,-0.0075193168595433235,-0.0074182720854878426,-0.01094542071223259,-0.009394236840307713,-0.008485944010317326,-0.010472653433680534,-0.010348333045840263,-0.009327739477157593,-0.00826569739729166,-0.005806841887533665,-0.004379164893180132,-0.0054581728763878345,-0.005092238541692495,-0.007824122905731201,-0.00890256091952324,-0.006509932689368725,-0.009050745517015457,-0.012631609104573727,-0.01209669653326273,-0.012120171450078487,-0.011822521686553955,-0.013012516312301159
BEN,24,2026-04-07 19:30:00+00:00,15:30,-0.013126247562468052,down,-0.006993033457547426,-0.003791449125856161,-0.008985549211502075,-0.007392513565719128,-0.01168226357549429,-0.011175527237355709,-0.013436095789074898,-0.015286387875676155,-0.010164903476834297,-0.010749892331659794,-0.007300478871911764,-0.008608038537204266,-0.008800743147730827,-0.007269027642905712,-0.008327755145728588,-0.009035107679665089,-0.005737909581512213,-0.006616396829485893,-0.008380714803934097,-0.008764884434640408,-0.008424333296716213,-0.010529308579862118,-0.015011578798294067,-0.010983039624989033,-0.012019875459372997,-0.013126247562468052
BG,24,2026-04-07 19:30:00+00:00,15:30,-0.013192596845328808,down,-0.007837696932256222,-0.006553890649229288,-0.009388248436152935,-0.008640277199447155,-0.013307313434779644,-0.015274387784302235,-0.016693077981472015,-0.015656886622309685,-0.014176307246088982,-0.0158388651907444,-0.014677605591714382,-0.013304010033607483,-0.014641568064689636,-0.01569770649075508,-0.01188670564442873,-0.013038772158324718,-0.009499520063400269,-0.007965117692947388,-0.00901856366544962,-0.009139788337051868,-0.01149614155292511,-0.012486783787608147,-0.012092809192836285,-0.009195802733302116,-0.013133927248418331,-0.013192596845328808
PPG,24,2026-04-07 19:30:00+00:00,15:30,-0.013357101939618587,down,-0.01372475828975439,-0.009738794527947903,-0.015456533059477806,-0.013257927261292934,-0.014364950358867645,-0.017467767000198364,-0.02070004679262638,-0.016939828172326088,-0.01817769929766655,-0.017641395330429077,-0.013429921120405197,-0.012332323007285595,-0.00929070170968771,-0.0067677549086511135,-0.01158846914768219,-0.012098181992769241,-0.011606316082179546,-0.01277361810207367,-0.013941958546638489,-0.01605665124952793,-0.014652280136942863,-0.016909409314393997,-0.01493462361395359,-0.011180399917066097,-0.01390247792005539,-0.013357101939618587
EPAM,24,2026-04-07 19:30:00+00:00,15:30,-0.013365457765758038,down,-0.01076375599950552,-0.004394549876451492,-0.009816999547183514,-0.009199921041727066,-0.015599622391164303,-0.015510926023125648,-0.019468963146209717,-0.019826002418994904,-0.017630288377404213,-0.018936259672045708,-0.013812496326863766,-0.012985950335860252,-0.012889948673546314,-0.01298766303807497,-0.012777489610016346,-0.012081706896424294,-0.01138292346149683,-0.012469783425331116,-0.01378448773175478,-0.013183304108679295,-0.012754229828715324,-0.017115844413638115,-0.018366441130638123,-0.013773668557405472,-0.016763370484113693,-0.013365457765758038
AOS,24,2026-04-07 19:30:00+00:00,15:30,-0.013517261482775211,down,-0.00987925287336111,-0.005984961986541748,-0.009990105405449867,-0.007609410677105188,-0.009232752025127411,-0.010804732330143452,-0.014024299569427967,-0.012251653708517551,-0.014355278573930264,-0.013289318419992924,-0.014092725701630116,-0.012476271949708462,-0.012184164486825466,-0.010349988006055355,-0.008630799129605293,-0.011246067471802235,-0.008975302800536156,-0.009485884569585323,-0.011965339072048664,-0.012997101061046124,-0.011520231142640114,-0.012309595942497253,-0.014995220117270947,-0.00848979502916336,-0.012520800344645977,-0.013517261482775211
CPRT,24,2026-04-07 19:30:00+00:00,15:30,-0.013620372861623764,down,-0.002616067184135318,0.0012513867113739252,-0.003810306778177619,-0.0020569118205457926,-0.007558113895356655,-0.007105417083948851,-0.009489113464951515,-0.008543184027075768,-0.009523855522274971,-0.004373260773718357,-0.003253509057685733,-0.0031108632683753967,-0.0036535514518618584,-0.004312155302613974,-0.002146483864635229,-0.0053846812807023525,-0.00613293144851923,-0.005779870320111513,-0.00589712942019105,-0.008185509592294693,-0.009885561652481556,-0.012893982231616974,-0.011191978119313717,-0.012274625711143017,-0.016451789066195488,-0.013620372861623764
ALB,24,2026-04-07 19:30:00+00:00,15:30,-0.013788516633212566,down,-0.01801220513880253,-0.02233610674738884,-0.03026423417031765,-0.02559695392847061,-0.025288593024015427,-0.028883982449769974,-0.033894944936037064,-0.027647491544485092,-0.029300685971975327,-0.02285309135913849,-0.01884424313902855,-0.016627488657832146,-0.015573576092720032,-0.01628999225795269,-0.02110269106924534,-0.02404789626598358,-0.019754037261009216,-0.020224951207637787,-0.022986575961112976,-0.022040801122784615,-0.025673259049654007,-0.030386190861463547,-0.02723819389939308,-0.01842491514980793,-0.020631272345781326,-0.013788516633212566
LII,24,2026-04-07 19:30:00+00:00,15:30,-0.013883484527468681,down,-0.011788204312324524,-0.007342134602367878,-0.013229471631348133,-0.007285768631845713,-0.01347402110695839,-0.01482752338051796,-0.014982667751610279,-0.015177360735833645,-0.017980528995394707,-0.016949862241744995,-0.01398082822561264,-0.01078234426677227,-0.014219846576452255,-0.013380175456404686,-0.016688810661435127,-0.018471334129571915,-0.019132589921355247,-0.016736188903450966,-0.017440931871533394,-0.01608089730143547,-0.014611496590077877,-0.01500528585165739,-0.013393556699156761,-0.009145696647465229,-0.01712481677532196,-0.013883484527468681
SJM,24,2026-04-07 19:30:00+00:00,15:30,-0.014099465683102608,down,-0.002739015966653824,0.002128835767507553,-0.0005375015316531062,-0.0001008992621791549,-0.0021191462874412537,-0.0015760522801429033,-0.007217774633318186,-0.006247793324291706,-0.007422841619700193,-0.008323483169078827,-0.007076852954924107,-0.006374616641551256,-0.007540422026067972,-0.007127383723855019,-0.005758210550993681,-0.007184673100709915,-0.005951112136244774,-0.004737065173685551,-0.0033015920780599117,-0.00399070605635643,-0.006269159726798534,-0.006900295149534941,-0.01002100482583046,-0.008484947495162487,-0.011176248081028461,-0.014099465683102608
VZ,24,2026-04-07 19:30:00+00:00,15:30,-0.014152422547340393,down,-0.013244756497442722,-0.0070930225774645805,-0.009813296608626842,-0.01130540482699871,-0.011184279806911945,-0.009616632014513016,-0.009807230904698372,-0.0099083436653018,-0.008994580246508121,-0.008251301012933254,-0.008090537041425705,-0.008159033954143524,-0.009461752139031887,-0.010805604979395866,-0.010223748162388802,-0.010935720056295395,-0.009424013085663319,-0.010822046548128128,-0.009852256625890732,-0.010186612606048584,-0.009261620230972767,-0.010645213536918163,-0.011903464794158936,-0.012081357650458813,-0.013396010734140873,-0.014152422547340393
CPB,24,2026-04-07 19:30:00+00:00,15:30,-0.014194690622389317,down,-0.018677907064557076,-0.008741424418985844,-0.010414768010377884,-0.01148553192615509,-0.017261145636439323,-0.019925426691770554,-0.02248646505177021,-0.023796960711479187,-0.025189584121108055,-0.022830933332443237,-0.021787412464618683,-0.023935552686452866,-0.024622302502393723,-0.01730191893875599,-0.016919579356908798,-0.018454112112522125,-0.020385853946208954,-0.021098513156175613,-0.02433738112449646,-0.022041713818907738,-0.02496805228292942,-0.025744665414094925,-0.022955596446990967,-0.017283020541071892,-0.019810529425740242,-0.014194690622389317
SOLV,24,2026-04-07 19:30:00+00:00,15:30,-0.014231933280825615,down,-0.007338357623666525,-0.0006443089223466814,-0.005907740443944931,-0.005410282872617245,-0.00741358008235693,-0.010361967608332634,-0.011706214398145676,-0.013854488730430603,-0.01417546533048153,-0.016322266310453415,-0.016732346266508102,-0.01596972718834877,-0.016395067796111107,-0.015007146634161472,-0.013713483698666096,-0.013918645679950714,-0.010615860112011433,-0.011133675463497639,-0.011649773456156254,-0.01233416236937046,-0.010855467990040779,-0.012710816226899624,-0.015980970114469528,-0.011020381934940815,-0.014067765325307846,-0.014231933280825615
PG,24,2026-04-07 19:30:00+00:00,15:30,-0.014548582024872303,down,-0.0087205171585083,-0.004469051491469145,-0.009036809206008911,-0.0097510339692235,-0.010506908409297466,-0.012095024809241295,-0.013824974186718464,-0.01603216491639614,-0.013185645453631878,-0.014111331664025784,-0.01205890066921711,-0.01222401112318039,-0.012174013070762157,-0.012090069241821766,-0.013256052508950233,-0.012931684963405132,-0.014292743988335133,-0.014833968132734299,-0.01071462593972683,-0.010953137651085854,-0.009885742329061031,-0.013643374666571617,-0.015037579461932182,-0.013845839537680149,-0.015081862919032574,-0.014548582024872303
MRK,24,2026-04-07 19:30:00+00:00,15:30,-0.014721647836267948,down,-0.013721060007810593,-0.013789553195238113,-0.019792696461081505,-0.01693340390920639,-0.019222205504775047,-0.023149538785219193,-0.021868618205189705,-0.020279275253415108,-0.020624959841370583,-0.022134220227599144,-0.01996804028749466,-0.019739491865038872,-0.017473427578806877,-0.014302155934274197,-0.014552157372236252,-0.014708646573126316,-0.015765557065606117,-0.016920533031225204,-0.018056508153676987,-0.01743680238723755,-0.01746613346040249,-0.017741670832037926,-0.020769288763403893,-0.016170915216207504,-0.017568422481417656,-0.014721647836267948
MDLZ,24,2026-04-07 19:30:00+00:00,15:30,-0.014991655014455318,down,-0.012385155074298382,-0.008446917869150639,-0.00941131729632616,-0.010113761760294437,-0.008981907740235329,-0.007957707159221172,-0.008721984922885895,-0.012821667827665806,-0.013868466950953007,-0.013201026245951653,-0.010323787108063698,-0.012886089272797108,-0.014307976700365543,-0.012369213625788689,-0.012881288304924965,-0.013564215041697025,-0.012812790460884571,-0.01384048257023096,-0.013145613484084606,-0.01218323316425085,-0.01398488599807024,-0.014413800090551376,-0.016990624368190765,-0.013394123874604702,-0.014925515279173851,-0.014991655014455318
NCLH,24,2026-04-07 19:30:00+00:00,15:30,-0.015029496513307095,down,-0.023824408650398254,-0.015750590711832047,-0.025739384815096855,-0.022794736549258232,-0.021797368302941322,-0.023989392444491386,-0.0272316075861454,-0.0274151973426342,-0.03118329495191574,-0.029878174886107445,-0.02678246796131134,-0.02607896737754345,-0.025477752089500427,-0.017391642555594444,-0.023332009091973305,-0.027313480153679848,-0.020125508308410645,-0.018626363947987556,-0.021080907434225082,-0.022275177761912346,-0.0243242010474205,-0.030413279309868813,-0.027086973190307617,-0.01929924450814724,-0.027238158509135246,-0.015029496513307095
VICI,24,2026-04-07 19:30:00+00:00,15:30,-0.015304526314139366,down,-0.007630031555891037,-0.00400990666821599,-0.004411035217344761,-0.0037468464579433203,-0.005856601987034082,-0.006386721506714821,-0.009448539465665817,-0.012854499742388725,-0.01171825546771288,-0.013337955810129642,-0.010121568106114864,-0.01206178031861782,-0.013416952453553677,-0.012393674813210964,-0.010587630793452263,-0.010355532169342041,-0.01018581073731184,-0.009676872752606869,-0.009355162270367146,-0.008296058513224125,-0.008329879492521286,-0.011425197124481201,-0.013301189057528973,-0.00872358400374651,-0.01341943722218275,-0.015304526314139366
GEN,24,2026-04-07 19:30:00+00:00,15:30,-0.015475740656256676,down,-0.013129332102835178,-0.006292643491178751,-0.007566622458398342,-0.007992899045348167,-0.011392449028789997,-0.011129395104944706,-0.014710446819663048,-0.015594853088259697,-0.016697658225893974,-0.016901079565286636,-0.016127964481711388,-0.014366659335792065,-0.015318629331886768,-0.011473148129880428,-0.0151540981605649,-0.017951516434550285,-0.014090915210545063,-0.016436362639069557,-0.017079608514904976,-0.015058955177664757,-0.01219514012336731,-0.017774662002921104,-0.018571140244603157,-0.012811942026019096,-0.014893176034092903,-0.015475740656256676
NEM,24,2026-04-07 19:30:00+00:00,15:30,-0.015580961480736732,down,-0.010579671710729599,-0.007545042783021927,-0.012088576331734657,-0.008686093613505363,-0.012567088007926941,-0.01117962971329689,-0.012364552356302738,-0.012102898210287094,-0.012253107503056526,-0.010861504822969437,-0.009541318751871586,-0.009192777797579765,-0.008023456670343876,-0.007940159179270267,-0.009495552629232407,-0.008822553791105747,-0.009820160456001759,-0.009392334148287773,-0.00964218471199274,-0.014051645994186401,-0.01720607653260231,-0.019186263903975487,-0.021267250180244446,-0.01925376057624817,-0.020837659016251564,-0.015580961480736732
LRCX,24,2026-04-07 19:30:00+00:00,15:30,-0.0157989002764225,down,-0.018083585426211357,-0.019015921279788017,-0.023351557552814484,-0.022176291793584824,-0.028148408979177475,-0.02866753563284874,-0.03213130310177803,-0.027673223987221718,-0.025279266759753227,-0.022681700065732002,-0.019428333267569542,-0.019524728879332542,-0.020381135866045952,-0.017621397972106934,-0.01966681145131588,-0.02219262532889843,-0.020231811329722404,-0.019849881529808044,-0.019949620589613914,-0.020848337560892105,-0.0178361888974905,-0.02147841826081276,-0.026353223249316216,-0.020379943773150444,-0.023689718917012215,-0.0157989002764225
HAL,24,2026-04-07 19:30:00+00:00,15:30,-0.016018567606806755,down,-0.017913341522216797,-0.02237805165350437,-0.02492906153202057,-0.022211918607354164,-0.016381748020648956,-0.01825110800564289,-0.026564035564661026,-0.026479041203856468,-0.02511725015938282,-0.024908235296607018,-0.022446947172284126,-0.020944926887750626,-0.021428054198622704,-0.019577229395508766,-0.017382120713591576,-0.02102276124060154,-0.018820689991116524,-0.021245166659355164,-0.02127808891236782,-0.020843978971242905,-0.020520010963082314,-0.0238394383341074,-0.023807000368833542,-0.021740499883890152,-0.022222671657800674,-0.016018567606806755
BX,24,2026-04-07 19:30:00+00:00,15:30,-0.016187455505132675,down,-0.019200272858142853,-0.014834042638540268,-0.01841839589178562,-0.01404129434376955,-0.016922902315855026,-0.017357369884848595,-0.020054196938872337,-0.017414404079318047,-0.01598631776869297,-0.017198733985424042,-0.01633831113576889,-0.016470320522785187,-0.016388550400733948,-0.016283923760056496,-0.015653273090720177,-0.014393538236618042,-0.014312087558209896,-0.014512202702462673,-0.018173642456531525,-0.018414685502648354,-0.019689103588461876,-0.021878181025385857,-0.022605691105127335,-0.016804909333586693,-0.020432772114872932,-0.016187455505132675
INTU,24,2026-04-07 19:30:00+00:00,15:30,-0.01620671898126602,down,-0.014263398945331573,-0.008783597499132156,-0.017815247178077698,-0.012689555063843727,-0.023139286786317825,-0.02126777544617653,-0.023797623813152313,-0.022734029218554497,-0.02321978658437729,-0.025388449430465698,-0.022394802421331406,-0.021250896155834198,-0.024081284180283546,-0.04229244217276573,-0.051452841609716415,-0.04724451154470444,-0.05637763440608978,-0.03709421679377556,-0.047247420996427536,-0.042699169367551804,-0.04318394139409065,-0.0291182529181242,-0.02267240546643734,-0.010014276951551437,-0.013238497078418732,-0.01620671898126602
CBRE,24,2026-04-07 19:30:00+00:00,15:30,-0.016645772382616997,down,-0.016626035794615746,-0.012515179812908173,-0.0175425224006176,-0.015190326608717442,-0.01683969423174858,-0.019688880071043968,-0.022978099063038826,-0.02126963436603546,-0.0214193407446146,-0.01986653357744217,-0.01705239899456501,-0.016199909150600433,-0.017765045166015625,-0.015334855765104294,-0.016420207917690277,-0.016191553324460983,-0.012874964624643326,-0.013637986965477467,-0.011556325480341911,-0.01331220380961895,-0.01655341498553753,-0.01964317448437214,-0.01943362131714821,-0.014856482855975628,-0.02045338600873947,-0.016645772382616997
HPQ,24,2026-04-07 19:30:00+00:00,15:30,-0.016665339469909668,down,-0.017544828355312347,-0.012688511982560158,-0.015376772731542587,-0.014057696796953678,-0.015431702136993408,-0.014706823043525219,-0.0179000124335289,-0.019196659326553345,-0.019255883991718292,-0.01945595256984234,-0.018771111965179443,-0.016794372349977493,-0.01312104519456625,-0.013034827075898647,-0.017213983461260796,-0.01945028454065323,-0.016951341181993484,-0.019117530435323715,-0.01835845597088337,-0.017710253596305847,-0.017744960263371468,-0.020736416801810265,-0.023141663521528244,-0.01871125027537346,-0.021381115540862083,-0.016665339469909668
CARR,24,2026-04-07 19:30:00+00:00,15:30,-0.01683071441948414,down,-0.01593543216586113,-0.013161513954401016,-0.017896831035614014,-0.013611960224807262,-0.015098625794053078,-0.019310500472784042,-0.02013286203145981,-0.019387252628803253,-0.020615672692656517,-0.021285610273480415,-0.01761282980442047,-0.016105888411402702,-0.015919683501124382,-0.014828894287347794,-0.0168767087161541,-0.01777973398566246,-0.014744285494089127,-0.017200827598571777,-0.01725289411842823,-0.017507370561361313,-0.019215727224946022,-0.020849578082561493,-0.021434204652905464,-0.01840432919561863,-0.02093655988574028,-0.01683071441948414
GPC,24,2026-04-07 19:30:00+00:00,15:30,-0.016955913975834846,down,-0.010756350122392178,-0.009134328924119473,-0.0071218800731003284,-0.007808470167219639,-0.008312473073601723,-0.008319474756717682,-0.011467047035694122,-0.01013502199202776,-0.010471082292497158,-0.011975567787885666,-0.013281268998980522,-0.009841742925345898,-0.012022032402455807,-0.011324916034936905,-0.011731309816241264,-0.01305658370256424,-0.012570630759000778,-0.009136445820331573,-0.014090016484260559,-0.012794586829841137,-0.01329075638204813,-0.014625667594373226,-0.014437617734074593,-0.00991534162312746,-0.014823604375123978,-0.016955913975834846
ZBRA,24,2026-04-07 19:30:00+00:00,15:30,-0.017476918175816536,down,-0.01584506407380104,-0.012106453999876976,-0.015224447473883629,-0.010848596692085266,-0.01623585633933544,-0.015387270599603653,-0.02264718897640705,-0.019469207152724266,-0.021318906918168068,-0.018210571259260178,-0.018004920333623886,-0.016979319974780083,-0.01563301496207714,-0.01427210122346878,-0.01537007000297308,-0.016252713277935982,-0.012755847536027431,-0.014071276411414146,-0.016163107007741928,-0.013397939503192902,-0.01789287105202675,-0.022073108702898026,-0.021535292267799377,-0.015249693766236305,-0.016748841851949692,-0.017476918175816536
NTAP,24,2026-04-07 19:30:00+00:00,15:30,-0.018116477876901627,down,-0.006122788414359093,0.002600917359814048,-0.006854633335024118,-0.006203290540724993,-0.012714788317680359,-0.013492618687450886,-0.01507729385048151,-0.012655004858970642,-0.01204795390367508,-0.01288566179573536,-0.01149814110249281,-0.009055592119693756,-0.008736186660826206,-0.008774392306804657,-0.012511045671999454,-0.01324045192450285,-0.01410496886819601,-0.014092503115534782,-0.017999425530433655,-0.017535435035824776,-0.01429951936006546,-0.015299085527658463,-0.017063628882169724,-0.016955269500613213,-0.01839621365070343,-0.018116477876901627
NEE,24,2026-04-07 19:30:00+00:00,15:30,-0.018680423498153687,down,-0.010167854838073254,-0.00959268119186163,-0.011356834322214127,-0.008805072866380215,-0.010360301472246647,-0.012840270064771175,-0.015396250411868095,-0.016811037436127663,-0.0191187784075737,-0.019865937530994415,-0.016204368323087692,-0.016176631674170494,-0.01885007694363594,-0.016453059390187263,-0.017820363864302635,-0.020287469029426575,-0.02126810885965824,-0.019614433869719505,-0.019019320607185364,-0.017577825114130974,-0.017434149980545044,-0.01915326528251171,-0.02267131581902504,-0.016593577340245247,-0.01978418417274952,-0.018680423498153687
JBL,24,2026-04-07 19:30:00+00:00,15:30,-0.019031748175621033,down,-0.009416955523192883,-0.009639069437980652,-0.01422313041985035,-0.013335797935724258,-0.017330361530184746,-0.01724187098443508,-0.019674036651849747,-0.01764039508998394,-0.021904604509472847,-0.01742440275847912,-0.011952527798712254,-0.012254239059984684,-0.013506380841135979,-0.013771076686680317,-0.01622716337442398,-0.017187941819429398,-0.013320809230208397,-0.0161367766559124,-0.015273338183760643,-0.015593578107655048,-0.017304662615060806,-0.02119404450058937,-0.02157912217080593,-0.015984810888767242,-0.02256677858531475,-0.019031748175621033
PCG,24,2026-04-07 19:30:00+00:00,15:30,-0.019047575071454048,down,-0.007161156740039587,-0.005413162522017956,-0.006567442789673805,-0.006164207588881254,-0.005500638857483864,-0.00838806014508009,-0.009889955632388592,-0.012931360863149166,-0.013036924414336681,-0.0164533369243145,-0.01667361706495285,-0.015147094614803791,-0.015691885724663734,-0.014533129520714283,-0.019090574234724045,-0.020862668752670288,-0.019837170839309692,-0.0197403933852911,-0.01960395649075508,-0.018428562209010124,-0.019061991944909096,-0.021402694284915924,-0.02068309485912323,-0.019066328182816505,-0.021073710173368454,-0.019047575071454048
DIS,24,2026-04-07 19:30:00+00:00,15:30,-0.020504940301179886,down,-0.006328717805445194,-0.0016012117266654968,-0.007840944454073906,-0.007644289638847113,-0.00912246759980917,-0.009292345494031906,-0.012864015996456146,-0.012376395054161549,-0.013270573690533638,-0.01633155718445778,-0.01316166203469038,-0.011624044738709927,-0.015096906572580338,-0.013806297443807125,-0.01482462789863348,-0.015998385846614838,-0.018767764791846275,-0.018448874354362488,-0.016094624996185303,-0.01623591221868992,-0.015645062550902367,-0.017389928922057152,-0.023465488106012344,-0.01847955584526062,-0.02095317840576172,-0.020504940301179886
GNRC,24,2026-04-07 19:30:00+00:00,15:30,-0.022852441295981407,down,-0.008749346248805523,-0.015458066947758198,-0.016647646203637123,-0.015346926636993885,-0.019426196813583374,-0.018170146271586418,-0.018304569646716118,-0.015823056921362877,-0.01654244214296341,-0.015329534187912941,-0.01619201898574829,-0.014812500216066837,-0.014245102182030678,-0.018440905958414078,-0.021881822496652603,-0.022387675940990448,-0.021216480061411858,-0.019249925389885902,-0.020039720460772514,-0.016998816281557083,-0.012755278497934341,-0.016484979540109634,-0.020898614078760147,-0.015539565123617649,-0.021403498947620392,-0.022852441295981407
KIM,24,2026-04-07 19:30:00+00:00,15:30,-0.032262008637189865,down,-0.0021331878378987312,0.00020712640252895653,-0.0023047849535942078,-0.005632992833852768,-0.004916846286505461,-0.00585803110152483,-0.009543097577989101,-0.010521339252591133,-0.0077051627449691296,-0.011652435176074505,-0.0068520596250891685,-0.008838396519422531,-0.008866366930305958,-0.01009190734475851,-0.010189003311097622,-0.012759467586874962,-0.010125244036316872,-0.008887491188943386,-0.010173805989325047,-0.009623292833566666,-0.018727246671915054,-0.01806563138961792,-0.026673294603824615,-0.023676598444581032,-0.03277954086661339,-0.032262008637189865
SMCI,24,2026-04-07 19:30:00+00:00,15:30,-0.04420213773846626,down,-0.020519938319921494,-0.02482748031616211,-0.032821621745824814,-0.02964004874229431,-0.03119855560362339,-0.03560246527194977,-0.03831179067492485,-0.036824554204940796,-0.038443151861429214,-0.037602558732032776,-0.033406663686037064,-0.0320475734770298,-0.026846658438444138,-0.02797042205929756,-0.029247397556900978,-0.03339743986725807,-0.022821342572569847,-0.024249855428934097,-0.02738652564585209,-0.030396591871976852,-0.04116014391183853,-0.04629882797598839,-0.04370320960879326,-0.04023119807243347,-0.04853743687272072,-0.04420213773846626
