symbol,ts,open,high,low,close,volume
GCUSD,2026-05-01 00:00:00,4637.8,4640.3,4631.1,4633.3,570.0
GCUSD,2026-05-01 00:15:00,4632.9,4634.6,4628.6,4628.9,459.0
GCUSD,2026-05-01 00:30:00,4628.9,4629.9,4623.4,4624.8,1136.0
GCUSD,2026-05-01 00:45:00,4625.0,4625.8,4620.3,4620.4,319.0
GCUSD,2026-05-01 01:00:00,4620.7,4626.1,4618.5,4625.1,550.0
GCUSD,2026-05-01 01:15:00,4625.3,4628.2,4622.4,4626.0,294.0
GCUSD,2026-05-01 01:30:00,4626.1,4626.6,4620.5,4621.2,464.0
GCUSD,2026-05-01 01:45:00,4620.7,4624.7,4614.1,4616.2,649.0
GCUSD,2026-05-01 02:00:00,4616.2,4619.4,4612.1,4613.3,820.0
GCUSD,2026-05-01 02:15:00,4613.3,4613.7,4604.8,4605.3,925.0
GCUSD,2026-05-01 02:30:00,4605.4,4609.2,4602.2,4604.8,768.0
GCUSD,2026-05-01 02:45:00,4604.8,4607.7,4602.7,4606.8,607.0
GCUSD,2026-05-01 03:00:00,4606.0,4608.2,4600.6,4607.6,1028.0
GCUSD,2026-05-01 03:15:00,4607.3,4609.7,4596.7,4603.8,1523.0
GCUSD,2026-05-01 03:30:00,4603.9,4603.9,4595.2,4597.1,705.0
GCUSD,2026-05-01 03:45:00,4596.7,4597.6,4586.8,4589.5,1301.0
GCUSD,2026-05-01 04:00:00,4589.7,4594.0,4583.8,4585.1,1063.0
GCUSD,2026-05-01 04:15:00,4585.0,4588.4,4578.0,4579.0,950.0
GCUSD,2026-05-01 04:30:00,4578.5,4583.5,4577.3,4581.9,834.0
GCUSD,2026-05-01 04:45:00,4581.9,4583.9,4575.9,4580.3,694.0
GCUSD,2026-05-01 05:00:00,4580.1,4580.1,4575.2,4576.6,573.0
GCUSD,2026-05-01 05:15:00,4576.6,4582.3,4575.5,4580.4,720.0
GCUSD,2026-05-01 05:30:00,4579.9,4584.0,4578.5,4581.4,769.0
GCUSD,2026-05-01 05:45:00,4581.9,4581.9,4570.0,4573.6,1159.0
GCUSD,2026-05-01 06:00:00,4573.7,4578.9,4572.4,4577.5,556.0
GCUSD,2026-05-01 06:15:00,4577.8,4583.6,4577.5,4583.1,488.0
GCUSD,2026-05-01 06:30:00,4582.9,4587.4,4578.3,4581.1,784.0
GCUSD,2026-05-01 06:45:00,4581.1,4583.1,4576.9,4577.9,376.0
GCUSD,2026-05-01 07:00:00,4577.8,4579.8,4573.0,4576.9,578.0
GCUSD,2026-05-01 07:15:00,4575.9,4587.5,4575.4,4582.8,772.0
GCUSD,2026-05-01 07:30:00,4582.6,4588.7,4581.3,4586.8,636.0
GCUSD,2026-05-01 07:45:00,4586.8,4590.6,4583.6,4590.0,698.0
GCUSD,2026-05-01 08:00:00,4589.5,4601.9,4586.0,4596.0,1412.0
GCUSD,2026-05-01 08:15:00,4596.2,4619.3,4594.1,4614.2,3097.0
GCUSD,2026-05-01 08:30:00,4614.5,4614.7,4600.1,4603.1,1871.0
GCUSD,2026-05-01 08:45:00,4603.3,4606.5,4600.4,4602.1,1366.0
GCUSD,2026-05-01 09:00:00,4601.6,4608.1,4600.6,4602.4,1158.0
GCUSD,2026-05-01 09:15:00,4602.3,4604.0,4596.9,4600.2,975.0
GCUSD,2026-05-01 09:30:00,4600.3,4620.3,4597.3,4619.1,2260.0
GCUSD,2026-05-01 09:45:00,4619.0,4640.9,4609.8,4637.5,3830.0
GCUSD,2026-05-01 10:00:00,4636.9,4673.0,4635.8,4668.0,5945.0
GCUSD,2026-05-01 10:15:00,4668.0,4672.5,4655.6,4656.3,4586.0
GCUSD,2026-05-01 10:30:00,4656.5,4657.9,4642.1,4645.0,3292.0
GCUSD,2026-05-01 10:45:00,4644.8,4647.1,4638.8,4643.6,1709.0
GCUSD,2026-05-01 11:00:00,4644.0,4647.8,4630.4,4647.5,2762.0
GCUSD,2026-05-01 11:15:00,4647.2,4652.0,4645.0,4647.3,1770.0
GCUSD,2026-05-01 11:30:00,4647.8,4655.9,4646.4,4654.9,1467.0
GCUSD,2026-05-01 11:45:00,4654.8,4659.2,4643.5,4654.4,2565.0
GCUSD,2026-05-01 12:00:00,4654.0,4656.6,4649.0,4653.6,810.0
GCUSD,2026-05-01 12:15:00,4654.0,4661.3,4648.9,4649.0,1732.0
GCUSD,2026-05-01 12:30:00,4649.2,4652.8,4644.9,4650.4,1315.0
GCUSD,2026-05-01 12:45:00,4650.2,4654.8,4648.0,4650.6,533.0
GCUSD,2026-05-01 13:00:00,4650.2,4654.5,4649.1,4651.6,610.0
GCUSD,2026-05-01 13:15:00,4651.7,4652.1,4642.5,4643.4,2912.0
GCUSD,2026-05-01 13:30:00,4643.4,4644.5,4638.4,4640.0,1086.0
GCUSD,2026-05-01 13:45:00,4639.8,4646.9,4639.1,4641.3,898.0
GCUSD,2026-05-01 14:00:00,4641.7,4642.8,4627.5,4627.5,1027.0
GCUSD,2026-05-01 14:15:00,4627.5,4636.0,4625.3,4635.5,1114.0
GCUSD,2026-05-01 14:30:00,4635.4,4636.3,4627.8,4634.3,744.0
GCUSD,2026-05-01 14:45:00,4634.1,4637.8,4632.2,4636.1,534.0
GCUSD,2026-05-01 15:00:00,4636.2,4638.3,4632.5,4638.2,328.0
GCUSD,2026-05-01 15:15:00,4638.3,4639.6,4636.3,4636.3,282.0
GCUSD,2026-05-01 15:30:00,4636.3,4636.3,4623.4,4624.0,1124.0
GCUSD,2026-05-01 15:45:00,4623.6,4627.5,4621.0,4623.0,1016.0
GCUSD,2026-05-01 16:00:00,4623.0,4625.0,4619.0,4623.2,498.0
GCUSD,2026-05-01 16:15:00,4623.5,4628.2,4621.7,4625.3,330.0
GCUSD,2026-05-01 16:30:00,4625.1,4627.1,4621.9,4625.7,286.0
GCUSD,2026-05-01 16:45:00,4625.9,4628.9,4624.3,4625.6,440.0
GCUSD,2026-05-03 18:00:00,4644.0,4650.6,4626.3,4634.6,1275.0
GCUSD,2026-05-03 18:15:00,4634.4,4634.5,4623.5,4632.3,584.0
GCUSD,2026-05-03 18:30:00,4632.2,4640.9,4631.5,4639.9,245.0
GCUSD,2026-05-03 18:45:00,4639.3,4640.5,4629.6,4630.7,470.0
GCUSD,2026-05-03 19:00:00,4630.0,4632.4,4622.4,4626.1,391.0
GCUSD,2026-05-03 19:15:00,4626.6,4629.0,4624.7,4628.2,162.0
GCUSD,2026-05-03 19:30:00,4628.1,4630.0,4624.2,4625.1,295.0
GCUSD,2026-05-03 19:45:00,4624.0,4628.3,4622.9,4625.0,177.0
GCUSD,2026-05-03 20:00:00,4624.8,4627.9,4615.6,4623.4,778.0
GCUSD,2026-05-03 20:15:00,4624.0,4625.8,4612.5,4617.0,536.0
GCUSD,2026-05-03 20:30:00,4617.3,4621.3,4616.1,4617.5,332.0
GCUSD,2026-05-03 20:45:00,4617.2,4625.0,4616.0,4623.6,381.0
GCUSD,2026-05-03 21:00:00,4624.7,4625.4,4606.8,4611.7,895.0
GCUSD,2026-05-03 21:15:00,4612.0,4615.8,4605.4,4605.7,431.0
GCUSD,2026-05-03 21:30:00,4605.4,4612.9,4603.8,4612.4,298.0
GCUSD,2026-05-03 21:45:00,4612.5,4624.9,4612.0,4624.2,595.0
GCUSD,2026-05-03 22:00:00,4624.0,4629.9,4614.6,4619.2,889.0
GCUSD,2026-05-03 22:15:00,4618.9,4618.9,4602.5,4603.8,656.0
GCUSD,2026-05-03 22:30:00,4603.8,4615.0,4602.0,4614.8,622.0
GCUSD,2026-05-03 22:45:00,4615.0,4622.1,4612.0,4616.9,663.0
GCUSD,2026-05-03 23:00:00,4616.6,4623.0,4615.3,4620.5,462.0
GCUSD,2026-05-03 23:15:00,4621.6,4622.0,4619.1,4620.9,347.0
GCUSD,2026-05-03 23:30:00,4620.4,4622.3,4609.6,4616.3,863.0
GCUSD,2026-05-03 23:45:00,4616.5,4628.4,4616.5,4626.1,757.0
GCUSD,2026-05-04 00:00:00,4626.5,4626.5,4618.4,4622.2,568.0
GCUSD,2026-05-04 00:15:00,4622.5,4624.1,4618.0,4619.2,326.0
GCUSD,2026-05-04 00:30:00,4619.2,4624.2,4618.0,4620.2,550.0
GCUSD,2026-05-04 00:45:00,4620.4,4621.6,4615.8,4616.6,306.0
GCUSD,2026-05-04 01:00:00,4616.0,4617.7,4612.6,4613.9,440.0
GCUSD,2026-05-04 01:15:00,4614.8,4624.0,4606.4,4607.3,1273.0
GCUSD,2026-05-04 01:30:00,4607.5,4610.2,4603.3,4610.2,702.0
GCUSD,2026-05-04 01:45:00,4610.4,4613.2,4605.8,4610.2,565.0
GCUSD,2026-05-04 02:00:00,4610.1,4611.9,4598.9,4608.7,992.0
GCUSD,2026-05-04 02:15:00,4608.9,4609.1,4600.4,4605.2,587.0
GCUSD,2026-05-04 02:30:00,4605.4,4606.8,4594.5,4596.2,745.0
GCUSD,2026-05-04 02:45:00,4596.7,4603.5,4594.8,4599.7,690.0
GCUSD,2026-05-04 03:00:00,4599.2,4604.4,4596.6,4602.8,658.0
GCUSD,2026-05-04 03:15:00,4602.6,4603.7,4594.0,4596.7,517.0
GCUSD,2026-05-04 03:30:00,4596.7,4599.2,4593.6,4599.2,571.0
GCUSD,2026-05-04 03:45:00,4599.2,4601.9,4588.6,4589.7,740.0
GCUSD,2026-05-04 04:00:00,4589.9,4592.1,4585.4,4591.2,888.0
GCUSD,2026-05-04 04:15:00,4591.0,4592.0,4584.8,4586.1,1017.0
GCUSD,2026-05-04 04:30:00,4585.9,4592.6,4584.5,4589.1,545.0
GCUSD,2026-05-04 04:45:00,4589.1,4590.9,4586.9,4587.5,445.0
GCUSD,2026-05-04 05:00:00,4587.9,4595.3,4587.1,4594.8,561.0
GCUSD,2026-05-04 05:15:00,4595.1,4595.3,4591.4,4592.1,418.0
GCUSD,2026-05-04 05:30:00,4592.2,4595.3,4591.4,4592.5,338.0
GCUSD,2026-05-04 05:45:00,4592.7,4593.5,4582.0,4586.0,712.0
GCUSD,2026-05-04 06:00:00,4586.6,4586.9,4547.3,4552.0,4999.0
GCUSD,2026-05-04 06:15:00,4551.9,4555.6,4535.0,4555.6,3547.0
GCUSD,2026-05-04 06:30:00,4555.0,4574.5,4553.4,4568.8,3055.0
GCUSD,2026-05-04 06:45:00,4569.0,4577.2,4568.4,4573.2,1022.0
GCUSD,2026-05-04 07:00:00,4573.5,4581.8,4571.7,4575.8,1298.0
GCUSD,2026-05-04 07:15:00,4576.3,4580.8,4572.4,4573.3,738.0
GCUSD,2026-05-04 07:30:00,4572.8,4573.3,4562.4,4564.0,1961.0
GCUSD,2026-05-04 07:45:00,4563.9,4574.0,4563.9,4571.1,969.0
GCUSD,2026-05-04 08:00:00,4571.3,4576.8,4570.4,4575.0,854.0
GCUSD,2026-05-04 08:15:00,4575.0,4590.4,4574.2,4579.7,2396.0
GCUSD,2026-05-04 08:30:00,4579.3,4582.5,4571.8,4580.8,1138.0
GCUSD,2026-05-04 08:45:00,4581.0,4586.5,4576.8,4579.3,1146.0
GCUSD,2026-05-04 09:00:00,4579.6,4588.1,4568.0,4577.0,2338.0
GCUSD,2026-05-04 09:15:00,4577.0,4578.5,4571.4,4571.4,940.0
GCUSD,2026-05-04 09:30:00,4572.0,4581.6,4566.3,4576.3,2197.0
GCUSD,2026-05-04 09:45:00,4575.8,4577.6,4568.2,4575.0,1348.0
GCUSD,2026-05-04 10:00:00,4574.9,4576.2,4564.4,4571.0,1852.0
GCUSD,2026-05-04 10:15:00,4570.9,4593.6,4570.6,4582.9,2668.0
GCUSD,2026-05-04 10:30:00,4582.4,4594.7,4581.6,4586.2,1416.0
GCUSD,2026-05-04 10:45:00,4585.9,4588.6,4570.6,4572.7,2096.0
GCUSD,2026-05-04 11:00:00,4572.7,4577.9,4558.2,4559.6,2523.0
GCUSD,2026-05-04 11:15:00,4559.3,4566.8,4524.3,4548.1,7986.0
GCUSD,2026-05-04 11:30:00,4548.7,4553.8,4538.0,4545.7,3123.0
GCUSD,2026-05-04 11:45:00,4545.3,4545.6,4520.6,4531.6,4429.0
GCUSD,2026-05-04 12:00:00,4531.4,4535.7,4510.1,4519.6,5723.0
GCUSD,2026-05-04 12:15:00,4519.2,4537.1,4518.6,4525.4,3832.0
GCUSD,2026-05-04 12:30:00,4525.3,4529.4,4521.1,4522.2,1602.0
GCUSD,2026-05-04 12:45:00,4522.8,4526.3,4517.2,4520.4,1875.0
GCUSD,2026-05-04 13:00:00,4521.1,4536.0,4520.9,4532.4,1894.0
GCUSD,2026-05-04 13:15:00,4532.3,4541.8,4531.5,4534.1,3760.0
GCUSD,2026-05-04 13:30:00,4534.3,4537.6,4531.8,4535.6,899.0
GCUSD,2026-05-04 13:45:00,4536.2,4536.5,4531.6,4532.5,702.0
GCUSD,2026-05-04 14:00:00,4532.9,4535.2,4528.8,4530.1,556.0
GCUSD,2026-05-04 14:15:00,4530.0,4530.4,4519.7,4522.0,1190.0
GCUSD,2026-05-04 14:30:00,4522.1,4525.1,4520.4,4521.8,610.0
GCUSD,2026-05-04 14:45:00,4522.0,4526.3,4520.8,4526.3,688.0
GCUSD,2026-05-04 15:00:00,4525.9,4533.2,4521.0,4528.7,1650.0
GCUSD,2026-05-04 15:15:00,4528.8,4535.7,4527.3,4531.9,1133.0
GCUSD,2026-05-04 15:30:00,4532.5,4536.9,4530.0,4530.7,761.0
GCUSD,2026-05-04 15:45:00,4530.5,4533.0,4525.1,4527.6,1209.0
GCUSD,2026-05-04 16:00:00,4527.5,4528.0,4521.3,4524.7,492.0
GCUSD,2026-05-04 16:15:00,4524.6,4525.2,4521.4,4524.7,390.0
GCUSD,2026-05-04 16:30:00,4525.5,4528.5,4524.7,4528.5,363.0
GCUSD,2026-05-04 16:45:00,4528.6,4533.9,4528.6,4532.4,512.0
GCUSD,2026-05-04 17:00:00,4533.3,4533.3,4533.3,4533.3,0.0
GCUSD,2026-05-04 18:00:00,4534.0,4535.9,4527.6,4530.8,370.0
GCUSD,2026-05-04 18:15:00,4531.1,4532.4,4528.9,4529.5,196.0
GCUSD,2026-05-04 18:30:00,4529.4,4532.1,4528.2,4528.5,198.0
GCUSD,2026-05-04 18:45:00,4528.8,4528.8,4524.8,4527.0,206.0
GCUSD,2026-05-04 19:00:00,4526.8,4530.5,4525.7,4529.1,286.0
GCUSD,2026-05-04 19:15:00,4529.5,4531.0,4528.5,4530.3,225.0
GCUSD,2026-05-04 19:30:00,4530.2,4530.8,4527.6,4527.8,118.0
GCUSD,2026-05-04 19:45:00,4528.1,4530.0,4526.0,4528.1,203.0
GCUSD,2026-05-04 20:00:00,4528.6,4537.9,4526.8,4537.7,800.0
GCUSD,2026-05-04 20:15:00,4537.4,4537.4,4522.7,4526.4,879.0
GCUSD,2026-05-04 20:30:00,4525.7,4533.8,4525.3,4533.5,378.0
GCUSD,2026-05-04 20:45:00,4533.8,4540.1,4533.5,4538.9,688.0
GCUSD,2026-05-04 21:00:00,4538.9,4548.7,4534.5,4548.1,1105.0
GCUSD,2026-05-04 21:15:00,4548.5,4549.2,4544.5,4546.9,695.0
GCUSD,2026-05-04 21:30:00,4547.3,4551.5,4543.3,4546.3,670.0
GCUSD,2026-05-04 21:45:00,4546.0,4550.5,4545.5,4550.4,342.0
GCUSD,2026-05-04 22:00:00,4550.5,4552.0,4546.7,4547.7,466.0
GCUSD,2026-05-04 22:15:00,4547.6,4551.3,4544.0,4551.1,441.0
GCUSD,2026-05-04 22:30:00,4550.8,4555.2,4549.4,4553.7,510.0
GCUSD,2026-05-04 22:45:00,4553.9,4556.4,4548.0,4548.2,882.0
GCUSD,2026-05-04 23:00:00,4548.1,4551.4,4546.7,4551.2,391.0
GCUSD,2026-05-04 23:15:00,4551.4,4551.7,4546.3,4547.4,301.0
GCUSD,2026-05-04 23:30:00,4547.0,4548.4,4544.7,4545.0,323.0
GCUSD,2026-05-04 23:45:00,4545.1,4546.2,4541.4,4543.3,489.0
GCUSD,2026-05-05 00:00:00,4543.5,4544.8,4541.5,4542.1,215.0
GCUSD,2026-05-05 00:15:00,4542.2,4542.9,4538.3,4539.0,593.0
GCUSD,2026-05-05 00:30:00,4538.8,4543.0,4537.0,4540.9,414.0
GCUSD,2026-05-05 00:45:00,4540.7,4545.8,4540.3,4543.0,400.0
GCUSD,2026-05-05 01:00:00,4543.0,4554.8,4540.4,4549.6,771.0
GCUSD,2026-05-05 01:15:00,4549.2,4549.3,4544.9,4549.2,280.0
GCUSD,2026-05-05 01:30:00,4549.2,4561.2,4549.1,4555.4,1217.0
GCUSD,2026-05-05 01:45:00,4555.0,4558.3,4552.9,4555.3,531.0
GCUSD,2026-05-05 02:00:00,4555.3,4561.5,4551.0,4553.3,1235.0
GCUSD,2026-05-05 02:15:00,4553.4,4554.4,4543.2,4546.4,730.0
GCUSD,2026-05-05 02:30:00,4546.1,4559.2,4546.0,4556.1,899.0
GCUSD,2026-05-05 02:45:00,4556.3,4560.5,4555.4,4557.5,451.0
GCUSD,2026-05-05 03:00:00,4557.9,4565.1,4557.2,4563.9,901.0
GCUSD,2026-05-05 03:15:00,4563.6,4565.5,4558.0,4558.7,585.0
GCUSD,2026-05-05 03:30:00,4558.7,4568.1,4558.7,4560.8,957.0
GCUSD,2026-05-05 03:45:00,4561.1,4561.6,4553.3,4555.4,861.0
GCUSD,2026-05-05 04:00:00,4555.4,4563.0,4555.2,4561.0,637.0
GCUSD,2026-05-05 04:15:00,4560.7,4564.5,4559.0,4560.8,571.0
GCUSD,2026-05-05 04:30:00,4561.1,4562.8,4557.6,4559.7,880.0
GCUSD,2026-05-05 04:45:00,4559.7,4569.4,4557.7,4568.2,1160.0
GCUSD,2026-05-05 05:00:00,4568.6,4570.5,4563.4,4568.0,965.0
GCUSD,2026-05-05 05:15:00,4567.9,4567.9,4562.5,4562.6,726.0
GCUSD,2026-05-05 05:30:00,4562.6,4568.2,4561.1,4565.6,1449.0
GCUSD,2026-05-05 05:45:00,4565.6,4567.5,4562.9,4566.5,404.0
GCUSD,2026-05-05 06:00:00,4566.7,4567.2,4560.9,4563.4,593.0
GCUSD,2026-05-05 06:15:00,4563.1,4565.1,4557.3,4558.1,547.0
GCUSD,2026-05-05 06:30:00,4558.7,4564.5,4554.4,4555.4,843.0
GCUSD,2026-05-05 06:45:00,4555.0,4556.2,4550.0,4554.1,803.0
GCUSD,2026-05-05 07:00:00,4554.0,4563.4,4550.1,4562.9,912.0
GCUSD,2026-05-05 07:15:00,4562.8,4567.8,4560.1,4566.5,818.0
GCUSD,2026-05-05 07:30:00,4566.2,4575.3,4565.5,4573.6,1355.0
GCUSD,2026-05-05 07:45:00,4574.0,4575.5,4569.4,4572.9,781.0
GCUSD,2026-05-05 08:00:00,4572.7,4577.3,4564.2,4575.3,1971.0
GCUSD,2026-05-05 08:15:00,4575.3,4585.2,4571.5,4584.1,2384.0
GCUSD,2026-05-05 08:30:00,4584.4,4585.4,4576.8,4577.8,1218.0
GCUSD,2026-05-05 08:45:00,4577.7,4579.0,4572.0,4574.7,1090.0
GCUSD,2026-05-05 09:00:00,4575.0,4591.5,4575.0,4589.6,3538.0
GCUSD,2026-05-05 09:15:00,4589.6,4596.2,4586.2,4586.6,2784.0
GCUSD,2026-05-05 09:30:00,4587.4,4592.2,4582.1,4584.1,1813.0
GCUSD,2026-05-05 09:45:00,4584.1,4594.0,4583.2,4589.8,1525.0
GCUSD,2026-05-05 10:00:00,4590.3,4595.1,4581.0,4584.1,3830.0
GCUSD,2026-05-05 10:15:00,4584.2,4597.5,4576.4,4594.9,4083.0
GCUSD,2026-05-05 10:30:00,4595.0,4596.8,4588.5,4594.0,1501.0
GCUSD,2026-05-05 10:45:00,4594.1,4594.1,4586.3,4593.3,1840.0
GCUSD,2026-05-05 11:00:00,4593.6,4595.1,4588.4,4591.8,1033.0
GCUSD,2026-05-05 11:15:00,4592.0,4592.4,4586.1,4590.4,1299.0
GCUSD,2026-05-05 11:30:00,4590.3,4592.2,4583.6,4583.9,937.0
GCUSD,2026-05-05 11:45:00,4583.9,4587.0,4579.3,4579.4,1107.0
GCUSD,2026-05-05 12:00:00,4579.4,4579.9,4573.5,4577.4,1457.0
GCUSD,2026-05-05 12:15:00,4577.2,4577.2,4567.2,4570.9,2234.0
GCUSD,2026-05-05 12:30:00,4571.0,4571.5,4564.6,4567.4,1696.0
GCUSD,2026-05-05 12:45:00,4567.3,4573.7,4566.3,4572.1,956.0
GCUSD,2026-05-05 13:00:00,4571.7,4573.5,4563.8,4566.7,1063.0
GCUSD,2026-05-05 13:15:00,4567.0,4572.1,4566.7,4568.9,2681.0
GCUSD,2026-05-05 13:30:00,4569.2,4573.6,4566.4,4571.0,888.0
GCUSD,2026-05-05 13:45:00,4570.7,4572.8,4568.6,4570.3,454.0
GCUSD,2026-05-05 14:00:00,4570.5,4575.3,4569.1,4574.8,790.0
GCUSD,2026-05-05 14:15:00,4575.0,4576.2,4571.8,4572.9,449.0
GCUSD,2026-05-05 14:30:00,4573.0,4573.1,4568.0,4572.1,591.0
GCUSD,2026-05-05 14:45:00,4572.2,4576.5,4570.2,4571.7,561.0
GCUSD,2026-05-05 15:00:00,4571.6,4572.0,4567.2,4567.9,493.0
GCUSD,2026-05-05 15:15:00,4567.7,4569.7,4565.5,4567.0,416.0
GCUSD,2026-05-05 15:30:00,4567.1,4568.8,4566.5,4566.5,389.0
GCUSD,2026-05-05 15:45:00,4566.5,4569.7,4562.3,4566.0,1214.0
GCUSD,2026-05-05 16:00:00,4565.9,4567.9,4564.9,4567.5,310.0
GCUSD,2026-05-05 16:15:00,4567.6,4570.6,4566.0,4570.1,209.0
GCUSD,2026-05-05 16:30:00,4570.0,4570.8,4565.6,4566.2,177.0
GCUSD,2026-05-05 16:45:00,4566.0,4568.4,4565.1,4567.8,266.0
GCUSD,2026-05-05 17:00:00,4568.5,4568.5,4568.5,4568.5,0.0
GCUSD,2026-05-05 18:00:00,4569.3,4570.5,4558.6,4560.3,652.0
GCUSD,2026-05-05 18:15:00,4560.6,4561.0,4556.1,4556.9,309.0
GCUSD,2026-05-05 18:30:00,4556.9,4561.0,4556.1,4558.6,356.0
GCUSD,2026-05-05 18:45:00,4558.5,4587.2,4556.9,4583.2,1589.0
GCUSD,2026-05-05 19:00:00,4583.5,4601.4,4579.4,4598.7,1500.0
GCUSD,2026-05-05 19:15:00,4599.2,4599.6,4592.0,4592.1,581.0
GCUSD,2026-05-05 19:30:00,4592.0,4598.8,4589.5,4595.0,500.0
GCUSD,2026-05-05 19:45:00,4595.7,4606.2,4594.7,4604.5,752.0
GCUSD,2026-05-05 20:00:00,4604.1,4609.1,4599.7,4602.2,1064.0
GCUSD,2026-05-05 20:15:00,4601.2,4614.7,4598.3,4612.8,1055.0
GCUSD,2026-05-05 20:30:00,4612.7,4622.3,4612.7,4621.1,1160.0
GCUSD,2026-05-05 20:45:00,4620.9,4631.2,4620.0,4629.8,1440.0
GCUSD,2026-05-05 21:00:00,4629.9,4633.7,4620.4,4622.3,1684.0
GCUSD,2026-05-05 21:15:00,4622.3,4636.5,4620.8,4635.8,1701.0
GCUSD,2026-05-05 21:30:00,4635.7,4637.0,4631.3,4634.5,1023.0
GCUSD,2026-05-05 21:45:00,4634.1,4639.8,4634.1,4636.4,1105.0
GCUSD,2026-05-05 22:00:00,4636.2,4644.9,4635.8,4643.8,1324.0
GCUSD,2026-05-05 22:15:00,4643.6,4646.6,4639.9,4640.5,798.0
GCUSD,2026-05-05 22:30:00,4640.4,4645.0,4636.8,4644.9,938.0
GCUSD,2026-05-05 22:45:00,4644.2,4651.8,4644.0,4650.6,1662.0
GCUSD,2026-05-05 23:00:00,4650.6,4660.2,4648.0,4657.5,1396.0
GCUSD,2026-05-05 23:15:00,4657.3,4660.9,4654.3,4655.4,1294.0
GCUSD,2026-05-05 23:30:00,4655.3,4662.0,4652.3,4657.7,1474.0
GCUSD,2026-05-05 23:45:00,4657.8,4658.4,4652.9,4653.7,539.0
GCUSD,2026-05-06 00:00:00,4653.6,4657.9,4653.3,4657.8,660.0
GCUSD,2026-05-06 00:15:00,4657.9,4664.4,4655.7,4663.3,1024.0
GCUSD,2026-05-06 00:30:00,4663.0,4663.1,4656.6,4658.6,826.0
GCUSD,2026-05-06 00:45:00,4658.3,4663.9,4657.8,4660.0,909.0
GCUSD,2026-05-06 01:00:00,4660.0,4667.5,4660.0,4665.6,1028.0
GCUSD,2026-05-06 01:15:00,4665.5,4666.2,4660.4,4661.2,802.0
GCUSD,2026-05-06 01:30:00,4661.4,4662.9,4655.6,4661.2,1364.0
GCUSD,2026-05-06 01:45:00,4660.9,4674.8,4660.3,4673.9,1829.0
GCUSD,2026-05-06 02:00:00,4673.9,4676.5,4667.8,4671.6,1525.0
GCUSD,2026-05-06 02:15:00,4671.3,4677.5,4668.6,4676.7,1095.0
GCUSD,2026-05-06 02:30:00,4676.8,4679.7,4670.5,4675.1,1620.0
GCUSD,2026-05-06 02:45:00,4674.6,4680.2,4673.3,4679.5,1130.0
GCUSD,2026-05-06 03:00:00,4679.8,4681.4,4669.5,4669.7,1783.0
GCUSD,2026-05-06 03:15:00,4669.4,4680.4,4668.5,4677.7,2608.0
GCUSD,2026-05-06 03:30:00,4677.8,4681.1,4673.2,4681.0,1269.0
GCUSD,2026-05-06 03:45:00,4680.8,4693.2,4680.6,4692.4,3298.0
GCUSD,2026-05-06 04:00:00,4692.7,4693.9,4686.5,4691.4,1829.0
GCUSD,2026-05-06 04:15:00,4691.0,4692.6,4688.3,4688.6,1023.0
GCUSD,2026-05-06 04:30:00,4688.6,4689.9,4682.8,4688.6,1932.0
GCUSD,2026-05-06 04:45:00,4688.7,4714.3,4688.4,4712.0,4648.0
GCUSD,2026-05-06 05:00:00,4712.0,4720.2,4699.7,4706.3,5108.0
GCUSD,2026-05-06 05:15:00,4706.6,4715.6,4702.2,4710.9,2904.0
GCUSD,2026-05-06 05:30:00,4710.5,4717.3,4707.0,4707.3,2127.0
GCUSD,2026-05-06 05:45:00,4707.5,4715.0,4705.6,4713.4,1664.0
GCUSD,2026-05-06 06:00:00,4713.3,4717.4,4707.5,4710.6,1679.0
GCUSD,2026-05-06 06:15:00,4709.7,4716.1,4707.4,4716.0,1240.0
GCUSD,2026-05-06 06:30:00,4716.0,4727.7,4715.8,4725.4,3201.0
GCUSD,2026-05-06 06:45:00,4725.8,4734.6,4718.8,4729.6,3629.0
GCUSD,2026-05-06 07:00:00,4729.4,4732.7,4720.7,4723.6,2437.0
GCUSD,2026-05-06 07:15:00,4723.8,4725.2,4717.0,4717.0,1833.0
GCUSD,2026-05-06 07:30:00,4717.2,4726.8,4707.6,4710.5,2474.0
GCUSD,2026-05-06 07:45:00,4710.8,4713.9,4702.0,4703.3,2673.0
GCUSD,2026-05-06 08:00:00,4703.3,4704.8,4680.6,4684.8,4064.0
GCUSD,2026-05-06 08:15:00,4684.3,4700.5,4671.0,4694.6,5758.0
GCUSD,2026-05-06 08:30:00,4694.6,4697.5,4688.9,4693.8,2468.0
GCUSD,2026-05-06 08:45:00,4694.0,4695.7,4687.8,4694.4,1476.0
GCUSD,2026-05-06 09:00:00,4694.1,4703.4,4679.5,4694.2,4636.0
GCUSD,2026-05-06 09:15:00,4694.2,4702.0,4690.1,4695.7,1855.0
GCUSD,2026-05-06 09:30:00,4695.7,4710.3,4691.2,4706.2,3676.0
GCUSD,2026-05-06 09:45:00,4706.7,4719.2,4703.7,4713.5,3404.0
GCUSD,2026-05-06 10:00:00,4713.4,4724.3,4708.8,4722.3,5437.0
GCUSD,2026-05-06 10:15:00,4722.6,4728.7,4716.3,4717.0,2885.0
GCUSD,2026-05-06 10:30:00,4717.2,4726.0,4716.0,4724.9,1750.0
GCUSD,2026-05-06 10:45:00,4725.0,4725.4,4711.8,4714.2,1715.0
GCUSD,2026-05-06 11:00:00,4714.2,4717.3,4704.9,4708.1,1774.0
GCUSD,2026-05-06 11:15:00,4708.0,4714.8,4705.7,4706.5,1378.0
GCUSD,2026-05-06 11:30:00,4707.1,4709.3,4700.6,4704.4,1714.0
GCUSD,2026-05-06 11:45:00,4704.1,4706.3,4699.2,4699.3,1157.0
GCUSD,2026-05-06 12:00:00,4699.0,4700.1,4692.9,4695.2,1531.0
GCUSD,2026-05-06 12:15:00,4695.2,4699.8,4694.4,4699.4,984.0
GCUSD,2026-05-06 12:30:00,4699.3,4703.5,4696.7,4699.8,1141.0
GCUSD,2026-05-06 12:45:00,4699.9,4700.9,4690.6,4694.0,1526.0
GCUSD,2026-05-06 13:00:00,4693.9,4699.1,4690.6,4696.3,996.0
GCUSD,2026-05-06 13:15:00,4696.6,4697.0,4690.9,4693.8,1892.0
GCUSD,2026-05-06 13:30:00,4693.7,4694.2,4689.8,4691.5,1246.0
GCUSD,2026-05-06 13:45:00,4691.6,4695.5,4691.3,4694.8,692.0
GCUSD,2026-05-06 14:00:00,4695.1,4698.3,4692.7,4697.7,991.0
GCUSD,2026-05-06 14:15:00,4697.7,4701.3,4697.2,4698.4,880.0
GCUSD,2026-05-06 14:30:00,4698.6,4701.0,4695.9,4697.0,755.0
GCUSD,2026-05-06 14:45:00,4696.6,4698.7,4695.6,4696.8,506.0
GCUSD,2026-05-06 15:00:00,4697.1,4706.7,4697.1,4706.3,839.0
GCUSD,2026-05-06 15:15:00,4706.2,4711.3,4706.0,4709.2,880.0
GCUSD,2026-05-06 15:30:00,4709.2,4710.1,4704.8,4706.2,715.0
GCUSD,2026-05-06 15:45:00,4706.3,4708.9,4702.8,4703.0,1331.0
GCUSD,2026-05-06 16:00:00,4703.5,4710.0,4703.2,4709.3,676.0
GCUSD,2026-05-06 16:15:00,4709.5,4710.4,4702.6,4703.3,527.0
GCUSD,2026-05-06 16:30:00,4703.7,4703.9,4699.4,4699.4,438.0
GCUSD,2026-05-06 16:45:00,4699.2,4703.1,4695.8,4703.1,484.0
GCUSD,2026-05-06 17:00:00,4702.2,4702.2,4702.2,4702.2,3.0
GCUSD,2026-05-06 18:00:00,4702.2,4707.7,4698.0,4706.5,574.0
GCUSD,2026-05-06 18:15:00,4706.2,4709.2,4702.4,4704.7,394.0
GCUSD,2026-05-06 18:30:00,4704.4,4708.8,4703.7,4707.7,302.0
GCUSD,2026-05-06 18:45:00,4707.6,4707.6,4703.4,4704.1,311.0
GCUSD,2026-05-06 19:00:00,4703.7,4707.8,4703.0,4703.4,324.0
GCUSD,2026-05-06 19:15:00,4703.7,4707.1,4699.3,4702.4,501.0
GCUSD,2026-05-06 19:30:00,4702.2,4703.6,4700.7,4702.6,113.0
GCUSD,2026-05-06 19:45:00,4703.0,4708.9,4703.0,4708.2,448.0
GCUSD,2026-05-06 20:00:00,4708.3,4710.3,4698.8,4709.0,662.0
GCUSD,2026-05-06 20:15:00,4709.0,4710.4,4700.9,4701.5,415.0
GCUSD,2026-05-06 20:30:00,4701.6,4702.0,4694.8,4696.8,914.0
GCUSD,2026-05-06 20:45:00,4697.3,4700.5,4694.2,4697.6,478.0
GCUSD,2026-05-06 21:00:00,4697.4,4720.6,4694.0,4718.7,1929.0
GCUSD,2026-05-06 21:15:00,4719.1,4725.7,4712.8,4713.3,1892.0
GCUSD,2026-05-06 21:30:00,4713.3,4727.3,4711.2,4721.7,1565.0
GCUSD,2026-05-06 21:45:00,4722.0,4730.5,4721.8,4723.7,1176.0
GCUSD,2026-05-06 22:00:00,4723.4,4727.3,4712.1,4712.6,967.0
GCUSD,2026-05-06 22:15:00,4713.0,4716.4,4710.1,4710.7,629.0
GCUSD,2026-05-06 22:30:00,4710.7,4713.9,4708.2,4712.6,524.0
GCUSD,2026-05-06 22:45:00,4713.2,4718.6,4713.0,4716.0,443.0
GCUSD,2026-05-06 23:00:00,4715.2,4718.6,4712.4,4714.9,479.0
GCUSD,2026-05-06 23:15:00,4714.8,4717.5,4712.7,4713.0,210.0
GCUSD,2026-05-06 23:30:00,4713.0,4713.6,4710.8,4712.5,281.0
GCUSD,2026-05-06 23:45:00,4712.4,4713.5,4707.5,4707.7,487.0
GCUSD,2026-05-07 00:00:00,4707.7,4709.5,4705.3,4705.5,794.0
GCUSD,2026-05-07 00:15:00,4705.5,4706.9,4703.2,4705.4,614.0
GCUSD,2026-05-07 00:30:00,4705.2,4707.8,4700.4,4706.6,349.0
GCUSD,2026-05-07 00:45:00,4706.6,4707.5,4702.6,4705.1,533.0
GCUSD,2026-05-07 01:00:00,4705.0,4709.8,4705.0,4709.1,347.0
GCUSD,2026-05-07 01:15:00,4709.1,4709.2,4703.1,4704.5,406.0
GCUSD,2026-05-07 01:30:00,4704.4,4714.6,4703.3,4711.9,944.0
GCUSD,2026-05-07 01:45:00,4712.3,4715.4,4709.0,4709.4,612.0
GCUSD,2026-05-07 02:00:00,4709.5,4719.0,4709.5,4716.7,600.0
GCUSD,2026-05-07 02:15:00,4716.7,4727.0,4715.7,4726.0,1294.0
GCUSD,2026-05-07 02:30:00,4725.8,4759.4,4724.8,4755.5,4682.0
GCUSD,2026-05-07 02:45:00,4755.0,4756.4,4745.3,4748.6,1292.0
GCUSD,2026-05-07 03:00:00,4747.8,4760.3,4741.0,4759.4,2351.0
GCUSD,2026-05-07 03:15:00,4759.5,4760.5,4747.5,4749.2,1650.0
GCUSD,2026-05-07 03:30:00,4749.6,4754.0,4748.0,4752.6,908.0
GCUSD,2026-05-07 03:45:00,4752.9,4754.4,4746.9,4752.5,1122.0
GCUSD,2026-05-07 04:00:00,4753.2,4763.6,4751.9,4752.3,2700.0
GCUSD,2026-05-07 04:15:00,4752.5,4753.0,4742.7,4749.3,1649.0
GCUSD,2026-05-07 04:30:00,4750.3,4752.0,4742.9,4745.3,870.0
GCUSD,2026-05-07 04:45:00,4744.9,4747.0,4740.9,4741.1,1441.0
GCUSD,2026-05-07 05:00:00,4741.4,4746.3,4732.0,4743.9,1935.0
GCUSD,2026-05-07 05:15:00,4743.8,4748.7,4741.4,4745.4,1113.0
GCUSD,2026-05-07 05:30:00,4745.2,4749.0,4742.6,4747.5,1433.0
GCUSD,2026-05-07 05:45:00,4747.5,4748.4,4735.3,4738.4,961.0
GCUSD,2026-05-07 06:00:00,4738.1,4744.3,4736.0,4744.0,802.0
GCUSD,2026-05-07 06:15:00,4744.5,4745.7,4736.9,4741.9,576.0
GCUSD,2026-05-07 06:30:00,4741.7,4749.6,4737.4,4748.3,1127.0
GCUSD,2026-05-07 06:45:00,4748.8,4749.0,4744.2,4745.0,523.0
GCUSD,2026-05-07 07:00:00,4745.4,4746.5,4737.7,4739.9,685.0
GCUSD,2026-05-07 07:15:00,4739.4,4746.3,4736.4,4742.1,1083.0
GCUSD,2026-05-07 07:30:00,4741.9,4747.4,4741.5,4746.5,876.0
GCUSD,2026-05-07 07:45:00,4745.7,4753.0,4743.0,4752.0,1495.0
GCUSD,2026-05-07 08:00:00,4752.1,4755.8,4748.4,4753.5,2021.0
GCUSD,2026-05-07 08:15:00,4753.3,4756.6,4741.7,4747.5,2056.0
GCUSD,2026-05-07 08:30:00,4748.4,4761.8,4746.3,4761.0,2322.0
GCUSD,2026-05-07 08:45:00,4761.3,4762.7,4754.4,4760.1,2005.0
GCUSD,2026-05-07 09:00:00,4760.2,4760.2,4741.0,4743.0,2643.0
GCUSD,2026-05-07 09:15:00,4742.7,4756.4,4741.1,4754.8,2165.0
GCUSD,2026-05-07 09:30:00,4754.6,4768.5,4752.9,4758.4,3587.0
GCUSD,2026-05-07 09:45:00,4758.8,4759.3,4747.3,4756.5,3185.0
GCUSD,2026-05-07 10:00:00,4756.0,4764.2,4752.5,4762.0,3216.0
GCUSD,2026-05-07 10:15:00,4762.4,4769.9,4751.1,4766.6,3258.0
GCUSD,2026-05-07 10:30:00,4767.0,4769.2,4757.7,4762.0,3312.0
GCUSD,2026-05-07 10:45:00,4762.4,4774.0,4761.4,4773.3,3484.0
GCUSD,2026-05-07 11:00:00,4773.4,4775.2,4764.4,4765.3,2126.0
GCUSD,2026-05-07 11:15:00,4765.4,4766.7,4745.3,4749.8,2778.0
GCUSD,2026-05-07 11:30:00,4750.6,4757.2,4748.6,4749.1,1824.0
GCUSD,2026-05-07 11:45:00,4748.5,4749.7,4736.1,4739.1,3129.0
GCUSD,2026-05-07 12:00:00,4739.3,4739.9,4723.0,4724.8,3629.0
GCUSD,2026-05-07 12:15:00,4724.8,4733.2,4712.6,4729.9,5127.0
GCUSD,2026-05-07 12:30:00,4729.9,4730.8,4720.2,4721.2,1742.0
GCUSD,2026-05-07 12:45:00,4721.0,4728.0,4720.5,4724.8,1208.0
GCUSD,2026-05-07 13:00:00,4725.0,4729.4,4721.4,4724.3,3250.0
GCUSD,2026-05-07 13:15:00,4724.5,4729.5,4696.6,4708.5,7029.0
GCUSD,2026-05-07 13:30:00,4708.5,4715.6,4702.9,4709.8,2846.0
GCUSD,2026-05-07 13:45:00,4709.0,4722.1,4707.6,4721.1,2240.0
GCUSD,2026-05-07 14:00:00,4721.0,4722.3,4714.9,4717.7,1401.0
GCUSD,2026-05-07 14:15:00,4717.6,4722.6,4715.0,4722.6,1198.0
GCUSD,2026-05-07 14:30:00,4722.2,4725.5,4712.7,4715.4,1608.0
GCUSD,2026-05-07 14:45:00,4715.9,4720.7,4704.6,4719.1,2356.0
GCUSD,2026-05-07 15:00:00,4719.6,4722.5,4714.5,4719.5,963.0
GCUSD,2026-05-07 15:15:00,4719.0,4720.2,4707.0,4714.0,1071.0
GCUSD,2026-05-07 15:30:00,4714.5,4721.6,4712.6,4718.5,672.0
GCUSD,2026-05-07 15:45:00,4719.2,4720.6,4712.2,4712.9,1506.0
GCUSD,2026-05-07 16:00:00,4713.0,4729.1,4713.0,4721.3,1272.0
GCUSD,2026-05-07 16:15:00,4721.7,4724.6,4719.2,4723.4,388.0
GCUSD,2026-05-07 16:30:00,4722.8,4725.7,4706.6,4713.8,1220.0
GCUSD,2026-05-07 16:45:00,4713.8,4714.1,4693.3,4696.0,1188.0
GCUSD,2026-05-07 17:00:00,4710.9,4710.9,4710.9,4710.9,0.0
GCUSD,2026-05-07 18:00:00,4682.5,4707.1,4671.0,4699.8,1812.0
GCUSD,2026-05-07 18:15:00,4700.1,4708.5,4698.3,4702.7,955.0
GCUSD,2026-05-07 18:30:00,4703.0,4704.4,4694.9,4696.3,694.0
GCUSD,2026-05-07 18:45:00,4696.1,4697.7,4690.6,4694.9,440.0
GCUSD,2026-05-07 19:00:00,4694.4,4703.6,4693.9,4699.8,499.0
GCUSD,2026-05-07 19:15:00,4700.6,4707.2,4700.6,4705.4,368.0
GCUSD,2026-05-07 19:30:00,4705.6,4708.0,4703.3,4706.5,228.0
GCUSD,2026-05-07 19:45:00,4707.1,4714.4,4706.9,4713.2,534.0
GCUSD,2026-05-07 20:00:00,4713.4,4718.5,4710.1,4711.1,620.0
GCUSD,2026-05-07 20:15:00,4711.1,4714.2,4702.7,4705.8,771.0
GCUSD,2026-05-07 20:30:00,4706.6,4716.8,4705.0,4713.7,546.0
GCUSD,2026-05-07 20:45:00,4714.4,4714.4,4705.6,4710.0,475.0
GCUSD,2026-05-07 21:00:00,4710.1,4728.2,4709.1,4722.5,1234.0
GCUSD,2026-05-07 21:15:00,4722.5,4727.3,4719.2,4721.0,725.0
GCUSD,2026-05-07 21:30:00,4721.6,4723.4,4713.3,4719.1,914.0
GCUSD,2026-05-07 21:45:00,4719.5,4734.3,4719.3,4731.2,1594.0
GCUSD,2026-05-07 22:00:00,4731.1,4741.4,4729.6,4732.4,1103.0
GCUSD,2026-05-07 22:15:00,4732.0,4732.7,4726.6,4729.7,573.0
GCUSD,2026-05-07 22:30:00,4730.0,4731.7,4715.4,4719.1,1056.0
GCUSD,2026-05-07 22:45:00,4719.0,4726.0,4716.9,4721.7,765.0
GCUSD,2026-05-07 23:00:00,4721.6,4728.6,4719.3,4727.8,458.0
GCUSD,2026-05-07 23:15:00,4728.7,4731.2,4725.4,4728.1,418.0
GCUSD,2026-05-07 23:30:00,4728.5,4739.8,4728.1,4733.2,968.0
GCUSD,2026-05-07 23:45:00,4733.7,4733.7,4726.7,4728.1,423.0
GCUSD,2026-05-08 00:00:00,4728.6,4731.9,4723.5,4723.5,582.0
GCUSD,2026-05-08 00:15:00,4723.4,4726.9,4722.0,4725.9,421.0
GCUSD,2026-05-08 00:30:00,4726.4,4726.7,4716.6,4720.8,867.0
GCUSD,2026-05-08 00:45:00,4720.2,4725.0,4718.3,4719.4,326.0
GCUSD,2026-05-08 01:00:00,4719.6,4725.0,4718.3,4720.9,293.0
GCUSD,2026-05-08 01:15:00,4720.6,4728.9,4719.6,4728.0,318.0
GCUSD,2026-05-08 01:30:00,4728.2,4735.7,4728.2,4733.3,929.0
GCUSD,2026-05-08 01:45:00,4733.4,4740.0,4731.9,4736.0,607.0
GCUSD,2026-05-08 02:00:00,4736.5,4739.2,4721.1,4731.7,1454.0
GCUSD,2026-05-08 02:15:00,4732.2,4743.5,4730.1,4742.3,1039.0
GCUSD,2026-05-08 02:30:00,4742.4,4742.9,4734.2,4737.3,646.0
GCUSD,2026-05-08 02:45:00,4737.8,4737.8,4729.4,4734.3,805.0
GCUSD,2026-05-08 03:00:00,4734.0,4734.9,4723.7,4724.3,1149.0
GCUSD,2026-05-08 03:15:00,4723.4,4727.0,4706.2,4715.9,2957.0
GCUSD,2026-05-08 03:30:00,4715.8,4721.1,4710.5,4717.1,1207.0
GCUSD,2026-05-08 03:45:00,4717.5,4722.6,4716.4,4717.4,957.0
GCUSD,2026-05-08 04:00:00,4717.2,4722.5,4715.9,4720.7,661.0
GCUSD,2026-05-08 04:15:00,4721.0,4732.3,4720.9,4726.4,1016.0
GCUSD,2026-05-08 04:30:00,4726.2,4732.9,4725.9,4726.6,540.0
GCUSD,2026-05-08 04:45:00,4726.2,4729.4,4724.5,4724.8,395.0
GCUSD,2026-05-08 05:00:00,4725.4,4730.0,4723.1,4727.9,773.0
GCUSD,2026-05-08 05:15:00,4728.4,4732.5,4727.4,4727.6,532.0
GCUSD,2026-05-08 05:30:00,4727.5,4728.3,4719.0,4722.9,1252.0
GCUSD,2026-05-08 05:45:00,4723.0,4723.3,4716.9,4721.6,713.0
GCUSD,2026-05-08 06:00:00,4721.4,4728.6,4720.7,4728.5,473.0
GCUSD,2026-05-08 06:15:00,4728.4,4733.6,4727.1,4730.9,504.0
GCUSD,2026-05-08 06:30:00,4730.6,4737.8,4730.0,4734.0,761.0
GCUSD,2026-05-08 06:45:00,4734.3,4734.3,4725.2,4729.4,854.0
GCUSD,2026-05-08 07:00:00,4730.1,4737.0,4728.5,4731.4,1138.0
GCUSD,2026-05-08 07:15:00,4731.5,4735.5,4729.8,4734.2,1028.0
GCUSD,2026-05-08 07:30:00,4734.0,4735.9,4730.8,4731.2,490.0
GCUSD,2026-05-08 07:45:00,4730.6,4731.0,4723.2,4727.5,850.0
GCUSD,2026-05-08 08:00:00,4727.5,4729.1,4713.5,4713.9,1383.0
GCUSD,2026-05-08 08:15:00,4713.7,4720.3,4712.2,4720.0,1733.0
GCUSD,2026-05-08 08:30:00,4720.0,4740.3,4709.6,4733.4,4144.0
GCUSD,2026-05-08 08:45:00,4733.6,4741.6,4728.6,4734.1,3350.0
GCUSD,2026-05-08 09:00:00,4733.4,4738.6,4725.7,4729.7,2247.0
GCUSD,2026-05-08 09:15:00,4729.6,4737.5,4729.0,4736.6,2011.0
GCUSD,2026-05-08 09:30:00,4736.9,4754.8,4736.3,4747.8,3732.0
GCUSD,2026-05-08 09:45:00,4748.3,4758.6,4744.9,4757.8,4371.0
GCUSD,2026-05-08 10:00:00,4757.8,4760.4,4728.0,4741.4,6185.0
GCUSD,2026-05-08 10:15:00,4741.3,4743.8,4725.0,4727.5,2913.0
GCUSD,2026-05-08 10:30:00,4727.2,4735.3,4723.5,4732.6,2414.0
GCUSD,2026-05-08 10:45:00,4732.3,4734.3,4723.1,4725.7,1718.0
GCUSD,2026-05-08 11:00:00,4725.8,4730.8,4716.0,4717.5,2167.0
GCUSD,2026-05-08 11:15:00,4717.4,4723.2,4713.9,4723.1,4176.0
GCUSD,2026-05-08 11:30:00,4723.1,4725.0,4713.6,4715.3,2526.0
GCUSD,2026-05-08 11:45:00,4715.4,4720.6,4711.5,4716.6,1551.0
GCUSD,2026-05-08 12:00:00,4716.4,4722.4,4715.0,4721.2,1562.0
GCUSD,2026-05-08 12:15:00,4720.9,4727.3,4720.9,4727.2,1164.0
GCUSD,2026-05-08 12:30:00,4727.4,4729.9,4722.9,4723.1,1067.0
GCUSD,2026-05-08 12:45:00,4723.3,4725.8,4720.7,4721.9,771.0
GCUSD,2026-05-08 13:00:00,4721.9,4725.9,4721.7,4725.0,970.0
GCUSD,2026-05-08 13:15:00,4724.8,4731.8,4724.6,4730.2,3480.0
GCUSD,2026-05-08 13:30:00,4730.3,4731.5,4728.9,4730.7,1780.0
GCUSD,2026-05-08 13:45:00,4730.6,4732.1,4728.7,4730.4,520.0
GCUSD,2026-05-08 14:00:00,4730.4,4738.2,4729.9,4737.1,1664.0
GCUSD,2026-05-08 14:15:00,4737.7,4738.6,4733.4,4735.1,577.0
GCUSD,2026-05-08 14:30:00,4735.0,4736.0,4733.4,4734.4,422.0
GCUSD,2026-05-08 14:45:00,4734.2,4734.3,4729.3,4731.9,361.0
GCUSD,2026-05-08 15:00:00,4731.5,4735.3,4730.6,4733.1,352.0
GCUSD,2026-05-08 15:15:00,4733.2,4734.7,4732.8,4733.2,205.0
GCUSD,2026-05-08 15:30:00,4733.2,4736.4,4731.2,4734.6,584.0
GCUSD,2026-05-08 15:45:00,4735.1,4735.5,4732.4,4733.4,845.0
GCUSD,2026-05-08 16:00:00,4733.8,4733.9,4726.8,4728.5,650.0
GCUSD,2026-05-08 16:15:00,4728.2,4728.9,4724.7,4727.0,302.0
GCUSD,2026-05-08 16:30:00,4726.8,4728.6,4725.0,4725.5,489.0
GCUSD,2026-05-08 16:45:00,4726.1,4726.4,4723.3,4723.7,634.0
GCUSD,2026-05-10 18:00:00,4690.0,4710.0,4680.1,4695.9,1842.0
GCUSD,2026-05-10 18:15:00,4695.3,4704.5,4690.0,4702.9,791.0
GCUSD,2026-05-10 18:30:00,4702.6,4702.7,4695.1,4700.0,632.0
GCUSD,2026-05-10 18:45:00,4699.6,4703.5,4698.4,4700.1,353.0
GCUSD,2026-05-10 19:00:00,4700.0,4705.6,4697.3,4699.0,572.0
GCUSD,2026-05-10 19:15:00,4698.9,4705.9,4697.7,4703.6,338.0
GCUSD,2026-05-10 19:30:00,4703.6,4707.3,4703.6,4706.3,392.0
GCUSD,2026-05-10 19:45:00,4706.3,4707.5,4698.5,4700.3,438.0
GCUSD,2026-05-10 20:00:00,4699.9,4700.3,4688.5,4690.8,1214.0
GCUSD,2026-05-10 20:15:00,4691.5,4695.4,4684.5,4691.9,922.0
GCUSD,2026-05-10 20:30:00,4692.5,4702.1,4692.5,4697.8,845.0
GCUSD,2026-05-10 20:45:00,4698.0,4701.8,4678.4,4692.5,2070.0
GCUSD,2026-05-10 21:00:00,4692.0,4708.5,4683.5,4700.7,2534.0
GCUSD,2026-05-10 21:15:00,4700.9,4714.1,4698.1,4707.9,1612.0
GCUSD,2026-05-10 21:30:00,4707.7,4710.2,4699.5,4702.8,1104.0
GCUSD,2026-05-10 21:45:00,4703.1,4704.8,4688.5,4694.2,1040.0
GCUSD,2026-05-10 22:00:00,4694.7,4701.4,4686.9,4694.4,1271.0
GCUSD,2026-05-10 22:15:00,4694.7,4697.4,4691.0,4697.0,599.0
GCUSD,2026-05-10 22:30:00,4697.4,4709.0,4696.5,4697.1,1351.0
GCUSD,2026-05-10 22:45:00,4696.9,4702.0,4684.7,4690.0,1904.0
GCUSD,2026-05-10 23:00:00,4689.6,4697.5,4683.1,4694.9,775.0
GCUSD,2026-05-10 23:15:00,4694.9,4698.3,4691.6,4697.5,668.0
GCUSD,2026-05-10 23:30:00,4697.5,4698.2,4689.9,4695.5,689.0
GCUSD,2026-05-10 23:45:00,4695.3,4695.4,4684.6,4686.6,693.0
GCUSD,2026-05-11 00:00:00,4686.4,4687.7,4681.0,4685.3,657.0
GCUSD,2026-05-11 00:15:00,4685.3,4686.4,4676.4,4679.3,965.0
GCUSD,2026-05-11 00:30:00,4679.3,4682.3,4675.9,4680.7,691.0
GCUSD,2026-05-11 00:45:00,4681.0,4683.7,4679.5,4679.8,279.0
GCUSD,2026-05-11 01:00:00,4679.8,4683.6,4678.5,4681.3,597.0
GCUSD,2026-05-11 01:15:00,4681.2,4683.0,4678.3,4678.5,410.0
GCUSD,2026-05-11 01:30:00,4678.8,4688.8,4669.3,4671.0,2209.0
GCUSD,2026-05-11 01:45:00,4670.4,4672.0,4655.1,4659.6,2931.0
GCUSD,2026-05-11 02:00:00,4659.5,4674.6,4656.6,4673.0,1866.0
GCUSD,2026-05-11 02:15:00,4672.6,4678.6,4671.2,4675.6,1602.0
GCUSD,2026-05-11 02:30:00,4675.7,4683.9,4675.5,4682.5,1015.0
GCUSD,2026-05-11 02:45:00,4682.4,4688.7,4679.5,4686.7,1035.0
GCUSD,2026-05-11 03:00:00,4686.9,4688.6,4682.6,4684.3,800.0
GCUSD,2026-05-11 03:15:00,4684.1,4686.5,4680.4,4684.1,739.0
GCUSD,2026-05-11 03:30:00,4684.0,4686.4,4680.1,4680.6,775.0
GCUSD,2026-05-11 03:45:00,4680.7,4681.4,4672.8,4676.4,987.0
GCUSD,2026-05-11 04:00:00,4676.3,4682.2,4672.8,4680.4,1384.0
GCUSD,2026-05-11 04:15:00,4681.1,4687.5,4679.6,4679.6,909.0
GCUSD,2026-05-11 04:30:00,4679.5,4684.0,4678.0,4679.1,678.0
GCUSD,2026-05-11 04:45:00,4679.3,4680.2,4675.2,4675.9,662.0
GCUSD,2026-05-11 05:00:00,4675.6,4678.4,4673.6,4676.1,647.0
GCUSD,2026-05-11 05:15:00,4675.6,4676.0,4665.2,4666.0,1590.0
GCUSD,2026-05-11 05:30:00,4665.8,4672.3,4658.7,4671.5,2908.0
GCUSD,2026-05-11 05:45:00,4671.3,4673.5,4664.3,4665.3,1305.0
GCUSD,2026-05-11 06:00:00,4665.0,4671.4,4664.5,4670.8,898.0
GCUSD,2026-05-11 06:15:00,4670.7,4674.5,4668.7,4671.7,689.0
GCUSD,2026-05-11 06:30:00,4671.7,4675.2,4668.7,4671.5,798.0
GCUSD,2026-05-11 06:45:00,4672.0,4675.9,4669.9,4672.2,610.0
GCUSD,2026-05-11 07:00:00,4672.6,4681.0,4672.6,4677.7,1025.0
GCUSD,2026-05-11 07:15:00,4677.7,4680.7,4676.1,4680.6,495.0
GCUSD,2026-05-11 07:30:00,4680.2,4686.0,4677.8,4683.0,1298.0
GCUSD,2026-05-11 07:45:00,4683.2,4683.5,4678.8,4683.3,952.0
GCUSD,2026-05-11 08:00:00,4682.9,4684.7,4675.9,4676.7,1074.0
GCUSD,2026-05-11 08:15:00,4676.7,4704.4,4675.9,4699.5,4118.0
GCUSD,2026-05-11 08:30:00,4699.6,4707.3,4698.0,4701.1,2961.0
GCUSD,2026-05-11 08:45:00,4701.3,4710.2,4695.0,4708.7,2576.0
GCUSD,2026-05-11 09:00:00,4708.9,4731.1,4707.3,4730.0,5937.0
GCUSD,2026-05-11 09:15:00,4730.4,4745.6,4729.8,4737.9,5391.0
GCUSD,2026-05-11 09:30:00,4738.0,4755.7,4737.5,4753.7,5062.0
GCUSD,2026-05-11 09:45:00,4753.3,4758.4,4744.3,4745.7,3839.0
GCUSD,2026-05-11 10:00:00,4745.7,4748.5,4728.0,4740.4,4790.0
GCUSD,2026-05-11 10:15:00,4740.4,4743.4,4733.8,4734.5,2218.0
GCUSD,2026-05-11 10:30:00,4734.8,4743.8,4724.6,4742.5,4244.0
GCUSD,2026-05-11 10:45:00,4741.9,4743.9,4733.4,4735.4,1887.0
GCUSD,2026-05-11 11:00:00,4735.3,4741.6,4732.2,4738.0,1669.0
GCUSD,2026-05-11 11:15:00,4738.5,4748.1,4737.2,4742.5,1605.0
GCUSD,2026-05-11 11:30:00,4742.3,4744.5,4736.2,4736.9,1093.0
GCUSD,2026-05-11 11:45:00,4736.1,4742.2,4734.6,4741.8,1095.0
GCUSD,2026-05-11 12:00:00,4742.0,4743.2,4736.8,4737.6,898.0
GCUSD,2026-05-11 12:15:00,4737.8,4737.8,4732.2,4733.5,1141.0
GCUSD,2026-05-11 12:30:00,4733.8,4735.9,4716.8,4720.9,3525.0
GCUSD,2026-05-11 12:45:00,4720.6,4726.3,4718.4,4726.1,1756.0
GCUSD,2026-05-11 13:00:00,4726.0,4729.5,4725.4,4727.9,1131.0
GCUSD,2026-05-11 13:15:00,4727.8,4731.3,4726.7,4727.7,3963.0
GCUSD,2026-05-11 13:30:00,4727.6,4733.7,4727.4,4733.2,855.0
GCUSD,2026-05-11 13:45:00,4733.0,4734.2,4731.0,4733.0,399.0
GCUSD,2026-05-11 14:00:00,4733.1,4736.1,4731.3,4732.7,671.0
GCUSD,2026-05-11 14:15:00,4732.9,4736.8,4730.1,4736.2,840.0
GCUSD,2026-05-11 14:30:00,4736.5,4738.8,4734.4,4735.9,555.0
GCUSD,2026-05-11 14:45:00,4735.9,4738.3,4733.8,4733.8,534.0
GCUSD,2026-05-11 15:00:00,4734.2,4737.6,4732.9,4734.0,832.0
GCUSD,2026-05-11 15:15:00,4734.5,4734.9,4731.8,4733.9,439.0
GCUSD,2026-05-11 15:30:00,4733.9,4738.1,4732.0,4736.4,688.0
GCUSD,2026-05-11 15:45:00,4736.7,4746.5,4736.7,4743.5,2627.0
GCUSD,2026-05-11 16:00:00,4743.7,4747.7,4739.5,4744.8,827.0
GCUSD,2026-05-11 16:15:00,4745.2,4745.2,4743.3,4745.0,153.0
GCUSD,2026-05-11 16:30:00,4745.3,4748.5,4744.8,4747.4,267.0
GCUSD,2026-05-11 16:45:00,4747.4,4747.8,4742.4,4745.6,455.0
GCUSD,2026-05-11 17:00:00,4728.7,4728.7,4728.7,4728.7,0.0
GCUSD,2026-05-11 18:00:00,4745.3,4753.8,4745.2,4748.5,633.0
GCUSD,2026-05-11 18:15:00,4749.1,4751.7,4747.0,4749.2,299.0
GCUSD,2026-05-11 18:30:00,4749.1,4755.2,4748.5,4754.3,603.0
GCUSD,2026-05-11 18:45:00,4754.1,4766.8,4753.8,4760.7,2698.0
GCUSD,2026-05-11 19:00:00,4760.5,4764.2,4755.2,4760.9,640.0
GCUSD,2026-05-11 19:15:00,4760.4,4764.6,4760.3,4762.7,571.0
GCUSD,2026-05-11 19:30:00,4762.5,4769.3,4761.0,4765.6,794.0
GCUSD,2026-05-11 19:45:00,4765.2,4780.3,4764.6,4777.2,3324.0
GCUSD,2026-05-11 20:00:00,4776.7,4780.0,4768.1,4776.6,1414.0
GCUSD,2026-05-11 20:15:00,4776.8,4783.4,4763.0,4772.3,2022.0
GCUSD,2026-05-11 20:30:00,4772.8,4774.0,4767.2,4767.8,628.0
GCUSD,2026-05-11 20:45:00,4768.0,4771.5,4757.8,4759.3,897.0
GCUSD,2026-05-11 21:00:00,4758.9,4765.6,4751.6,4756.0,1783.0
GCUSD,2026-05-11 21:15:00,4756.3,4761.3,4743.3,4744.8,1375.0
GCUSD,2026-05-11 21:30:00,4744.4,4748.8,4729.8,4738.8,1728.0
GCUSD,2026-05-11 21:45:00,4739.0,4741.0,4733.3,4736.6,630.0
GCUSD,2026-05-11 22:00:00,4736.3,4743.4,4734.6,4740.7,710.0
GCUSD,2026-05-11 22:15:00,4740.6,4740.6,4733.8,4736.1,595.0
GCUSD,2026-05-11 22:30:00,4736.3,4741.0,4731.1,4741.0,485.0
GCUSD,2026-05-11 22:45:00,4740.8,4743.2,4736.5,4739.8,1181.0
GCUSD,2026-05-11 23:00:00,4739.5,4742.4,4736.2,4740.5,797.0
GCUSD,2026-05-11 23:15:00,4740.4,4740.6,4732.0,4733.0,589.0
GCUSD,2026-05-11 23:30:00,4733.0,4736.8,4732.9,4733.4,366.0
GCUSD,2026-05-11 23:45:00,4733.3,4733.7,4726.8,4729.6,847.0
GCUSD,2026-05-12 00:00:00,4729.1,4732.6,4729.1,4730.9,296.0
GCUSD,2026-05-12 00:15:00,4731.2,4739.6,4730.9,4731.4,931.0
GCUSD,2026-05-12 00:30:00,4731.5,4735.7,4730.2,4733.5,222.0
GCUSD,2026-05-12 00:45:00,4733.2,4734.3,4720.1,4723.1,1122.0
GCUSD,2026-05-12 01:00:00,4722.5,4727.6,4717.5,4721.3,1463.0
GCUSD,2026-05-12 01:15:00,4721.5,4725.5,4721.5,4724.4,646.0
GCUSD,2026-05-12 01:30:00,4724.2,4731.0,4721.7,4724.3,780.0
GCUSD,2026-05-12 01:45:00,4723.9,4728.8,4718.6,4723.2,1047.0
GCUSD,2026-05-12 02:00:00,4722.6,4722.6,4711.0,4713.4,2195.0
GCUSD,2026-05-12 02:15:00,4713.6,4715.4,4702.9,4704.3,1858.0
GCUSD,2026-05-12 02:30:00,4704.4,4713.0,4703.5,4710.1,1356.0
GCUSD,2026-05-12 02:45:00,4710.1,4712.3,4701.6,4705.4,1230.0
GCUSD,2026-05-12 03:00:00,4705.0,4706.4,4692.4,4704.1,2182.0
GCUSD,2026-05-12 03:15:00,4703.3,4707.8,4702.2,4705.8,835.0
GCUSD,2026-05-12 03:30:00,4705.9,4710.4,4703.3,4708.1,753.0
GCUSD,2026-05-12 03:45:00,4708.0,4711.7,4705.7,4707.8,1273.0
GCUSD,2026-05-12 04:00:00,4707.5,4714.8,4707.1,4708.1,1023.0
GCUSD,2026-05-12 04:15:00,4707.6,4712.3,4704.6,4710.7,620.0
GCUSD,2026-05-12 04:30:00,4710.7,4712.7,4705.7,4708.1,484.0
GCUSD,2026-05-12 04:45:00,4707.6,4714.5,4707.0,4710.9,530.0
GCUSD,2026-05-12 05:00:00,4710.7,4711.4,4706.0,4706.0,596.0
GCUSD,2026-05-12 05:15:00,4706.1,4710.0,4705.1,4707.3,706.0
GCUSD,2026-05-12 05:30:00,4707.2,4713.3,4702.2,4703.4,1826.0
GCUSD,2026-05-12 05:45:00,4704.3,4709.8,4702.4,4707.6,562.0
GCUSD,2026-05-12 06:00:00,4708.0,4716.7,4706.9,4713.1,1049.0
GCUSD,2026-05-12 06:15:00,4713.5,4713.5,4707.2,4708.2,1087.0
GCUSD,2026-05-12 06:30:00,4708.2,4708.2,4692.8,4698.6,1922.0
GCUSD,2026-05-12 06:45:00,4698.5,4702.1,4697.1,4701.9,640.0
GCUSD,2026-05-12 07:00:00,4702.4,4705.9,4694.7,4699.3,1531.0
GCUSD,2026-05-12 07:15:00,4699.6,4708.1,4699.6,4707.8,657.0
GCUSD,2026-05-12 07:30:00,4708.0,4714.0,4705.8,4711.9,827.0
GCUSD,2026-05-12 07:45:00,4712.3,4717.2,4710.2,4714.6,898.0
GCUSD,2026-05-12 08:00:00,4714.5,4715.9,4706.3,4714.1,1107.0
GCUSD,2026-05-12 08:15:00,4714.0,4716.2,4702.7,4704.7,2377.0
GCUSD,2026-05-12 08:30:00,4704.8,4716.6,4697.4,4711.0,3296.0
GCUSD,2026-05-12 08:45:00,4711.0,4719.8,4708.2,4713.8,2261.0
GCUSD,2026-05-12 09:00:00,4713.6,4717.1,4695.1,4697.2,3088.0
GCUSD,2026-05-12 09:15:00,4696.6,4703.2,4687.0,4698.4,3632.0
GCUSD,2026-05-12 09:30:00,4698.4,4709.5,4691.0,4706.4,3190.0
GCUSD,2026-05-12 09:45:00,4706.6,4709.2,4684.5,4687.0,3300.0
GCUSD,2026-05-12 10:00:00,4686.5,4703.0,4683.4,4700.9,3545.0
GCUSD,2026-05-12 10:15:00,4700.6,4702.1,4690.0,4690.6,1952.0
GCUSD,2026-05-12 10:30:00,4690.7,4695.8,4678.9,4693.3,3198.0
GCUSD,2026-05-12 10:45:00,4692.9,4693.0,4676.0,4680.0,2171.0
GCUSD,2026-05-12 11:00:00,4680.0,4683.6,4670.6,4672.0,3743.0
GCUSD,2026-05-12 11:15:00,4671.5,4673.3,4645.2,4663.3,7355.0
GCUSD,2026-05-12 11:30:00,4663.6,4675.4,4661.2,4672.6,3980.0
GCUSD,2026-05-12 11:45:00,4672.6,4677.3,4671.5,4673.1,1471.0
GCUSD,2026-05-12 12:00:00,4673.5,4680.3,4671.3,4678.9,1491.0
GCUSD,2026-05-12 12:15:00,4678.5,4682.4,4673.5,4675.5,1433.0
GCUSD,2026-05-12 12:30:00,4675.5,4678.7,4672.1,4676.8,794.0
GCUSD,2026-05-12 12:45:00,4676.5,4681.6,4673.7,4678.1,1134.0
GCUSD,2026-05-12 13:00:00,4678.4,4686.8,4678.4,4684.4,1623.0
GCUSD,2026-05-12 13:15:00,4684.1,4689.8,4683.9,4686.6,3480.0
GCUSD,2026-05-12 13:30:00,4686.4,4687.9,4683.4,4686.9,2112.0
GCUSD,2026-05-12 13:45:00,4686.5,4688.3,4684.9,4685.7,1295.0
GCUSD,2026-05-12 14:00:00,4685.7,4690.6,4683.0,4688.1,1549.0
GCUSD,2026-05-12 14:15:00,4688.4,4695.0,4687.1,4692.5,806.0
GCUSD,2026-05-12 14:30:00,4692.1,4704.8,4692.1,4702.8,1647.0
GCUSD,2026-05-12 14:45:00,4702.4,4705.5,4697.8,4703.0,940.0
GCUSD,2026-05-12 15:00:00,4704.1,4710.0,4703.6,4706.9,897.0
GCUSD,2026-05-12 15:15:00,4707.9,4712.0,4706.2,4710.8,930.0
GCUSD,2026-05-12 15:30:00,4710.9,4718.1,4710.9,4716.9,1008.0
GCUSD,2026-05-12 15:45:00,4716.9,4723.3,4716.5,4723.2,1353.0
GCUSD,2026-05-12 16:00:00,4722.8,4726.7,4719.4,4720.7,1055.0
GCUSD,2026-05-12 16:15:00,4721.3,4723.7,4719.8,4720.7,177.0
GCUSD,2026-05-12 16:30:00,4720.3,4722.8,4719.6,4722.2,250.0
GCUSD,2026-05-12 16:45:00,4722.3,4723.4,4720.5,4722.6,282.0
GCUSD,2026-05-12 18:00:00,4722.3,4729.5,4720.3,4722.0,705.0
GCUSD,2026-05-12 18:15:00,4722.7,4727.4,4721.5,4725.3,396.0
GCUSD,2026-05-12 18:30:00,4724.7,4728.2,4723.3,4724.3,381.0
GCUSD,2026-05-12 18:45:00,4724.9,4730.2,4724.1,4724.6,372.0
GCUSD,2026-05-12 19:00:00,4724.5,4730.8,4723.5,4725.0,1053.0
GCUSD,2026-05-12 19:15:00,4725.2,4731.6,4725.0,4727.5,605.0
GCUSD,2026-05-12 19:30:00,4727.9,4729.4,4723.9,4729.1,534.0
GCUSD,2026-05-12 19:45:00,4729.2,4731.2,4723.0,4724.7,702.0
GCUSD,2026-05-12 20:00:00,4724.5,4734.8,4722.7,4728.3,975.0
GCUSD,2026-05-12 20:15:00,4728.6,4734.5,4727.7,4730.9,719.0
GCUSD,2026-05-12 20:30:00,4730.0,4733.4,4724.5,4728.3,520.0
GCUSD,2026-05-12 20:45:00,4728.0,4728.4,4721.0,4723.0,645.0
GCUSD,2026-05-12 21:00:00,4722.6,4725.1,4715.4,4717.6,1650.0
GCUSD,2026-05-12 21:15:00,4718.0,4718.2,4710.9,4712.2,1328.0
GCUSD,2026-05-12 21:30:00,4712.4,4718.5,4710.0,4717.3,994.0
GCUSD,2026-05-12 21:45:00,4717.3,4719.2,4709.2,4710.9,595.0
GCUSD,2026-05-12 22:00:00,4710.5,4715.7,4707.1,4709.9,903.0
GCUSD,2026-05-12 22:15:00,4709.1,4712.4,4705.7,4708.1,830.0
GCUSD,2026-05-12 22:30:00,4708.7,4708.7,4702.2,4702.6,865.0
GCUSD,2026-05-12 22:45:00,4702.6,4705.3,4696.0,4700.6,1474.0
GCUSD,2026-05-12 23:00:00,4700.5,4702.7,4697.1,4700.7,671.0
GCUSD,2026-05-12 23:15:00,4700.7,4708.8,4699.2,4708.7,740.0
GCUSD,2026-05-12 23:30:00,4708.4,4714.3,4708.3,4712.2,810.0
GCUSD,2026-05-12 23:45:00,4712.3,4713.5,4702.0,4703.8,852.0
GCUSD,2026-05-13 00:00:00,4704.5,4707.0,4703.4,4706.2,343.0
GCUSD,2026-05-13 00:15:00,4705.9,4711.3,4705.9,4709.4,336.0
GCUSD,2026-05-13 00:30:00,4709.8,4711.4,4705.3,4706.8,410.0
GCUSD,2026-05-13 00:45:00,4707.1,4710.0,4706.5,4707.9,234.0
GCUSD,2026-05-13 01:00:00,4707.5,4715.7,4706.7,4713.4,445.0
GCUSD,2026-05-13 01:15:00,4713.1,4713.3,4705.7,4706.0,419.0
GCUSD,2026-05-13 01:30:00,4706.3,4710.6,4701.3,4704.5,935.0
GCUSD,2026-05-13 01:45:00,4705.1,4713.7,4703.8,4711.4,665.0
GCUSD,2026-05-13 02:00:00,4711.8,4720.5,4710.9,4718.0,1223.0
GCUSD,2026-05-13 02:15:00,4718.3,4723.1,4714.5,4716.4,981.0
GCUSD,2026-05-13 02:30:00,4716.5,4721.7,4715.3,4719.0,631.0
GCUSD,2026-05-13 02:45:00,4719.2,4720.2,4706.9,4709.8,1522.0
GCUSD,2026-05-13 03:00:00,4709.8,4713.5,4704.8,4709.9,1841.0
GCUSD,2026-05-13 03:15:00,4710.1,4716.6,4709.8,4715.7,931.0
GCUSD,2026-05-13 03:30:00,4715.0,4715.6,4710.5,4711.0,532.0
GCUSD,2026-05-13 03:45:00,4711.4,4712.6,4709.0,4710.4,1078.0
GCUSD,2026-05-13 04:00:00,4710.3,4712.0,4706.0,4707.8,837.0
GCUSD,2026-05-13 04:15:00,4707.8,4708.5,4702.2,4704.5,1117.0
GCUSD,2026-05-13 04:30:00,4705.1,4707.4,4701.8,4703.5,758.0
GCUSD,2026-05-13 04:45:00,4703.8,4710.1,4702.0,4707.7,785.0
GCUSD,2026-05-13 05:00:00,4707.8,4709.2,4700.7,4701.9,681.0
GCUSD,2026-05-13 05:15:00,4701.5,4702.6,4692.3,4695.9,2539.0
GCUSD,2026-05-13 05:30:00,4695.8,4702.2,4693.3,4701.9,1386.0
GCUSD,2026-05-13 05:45:00,4701.5,4709.0,4700.6,4709.0,1277.0
GCUSD,2026-05-13 06:00:00,4708.4,4718.2,4706.5,4709.6,1380.0
GCUSD,2026-05-13 06:15:00,4710.2,4713.6,4706.2,4707.2,561.0
GCUSD,2026-05-13 06:30:00,4707.1,4707.5,4701.4,4703.0,613.0
GCUSD,2026-05-13 06:45:00,4703.4,4704.4,4701.0,4701.6,487.0
GCUSD,2026-05-13 07:00:00,4701.8,4706.9,4698.6,4706.8,651.0
GCUSD,2026-05-13 07:15:00,4706.3,4708.5,4703.6,4706.2,573.0
GCUSD,2026-05-13 07:30:00,4706.5,4713.3,4706.1,4711.4,1180.0
GCUSD,2026-05-13 07:45:00,4711.8,4713.9,4705.2,4705.2,709.0
GCUSD,2026-05-13 08:00:00,4704.9,4709.4,4700.7,4701.4,944.0
GCUSD,2026-05-13 08:15:00,4701.3,4701.5,4690.0,4692.1,3194.0
GCUSD,2026-05-13 08:30:00,4692.4,4695.2,4682.0,4689.9,3898.0
GCUSD,2026-05-13 08:45:00,4690.3,4692.9,4684.3,4690.7,1954.0
GCUSD,2026-05-13 09:00:00,4690.6,4698.4,4690.5,4697.2,1885.0
GCUSD,2026-05-13 09:15:00,4696.7,4702.0,4693.7,4695.9,1916.0
GCUSD,2026-05-13 09:30:00,4696.0,4698.0,4679.9,4685.7,4510.0
GCUSD,2026-05-13 09:45:00,4685.4,4690.2,4676.0,4686.2,2747.0
GCUSD,2026-05-13 10:00:00,4686.2,4690.5,4679.8,4688.0,3414.0
GCUSD,2026-05-13 10:15:00,4687.9,4692.6,4680.2,4691.3,1915.0
GCUSD,2026-05-13 10:30:00,4691.0,4698.3,4690.0,4691.1,2178.0
GCUSD,2026-05-13 10:45:00,4691.2,4692.5,4684.2,4686.8,2428.0
GCUSD,2026-05-13 11:00:00,4687.1,4698.1,4686.0,4694.5,1556.0
GCUSD,2026-05-13 11:15:00,4694.1,4699.0,4692.0,4698.2,994.0
GCUSD,2026-05-13 11:30:00,4698.1,4708.0,4694.1,4707.4,2627.0
GCUSD,2026-05-13 11:45:00,4707.2,4707.3,4702.4,4703.3,920.0
GCUSD,2026-05-13 12:00:00,4703.0,4710.8,4702.8,4709.6,1643.0
GCUSD,2026-05-13 12:15:00,4709.6,4717.9,4706.4,4714.7,3770.0
GCUSD,2026-05-13 12:30:00,4714.7,4715.7,4707.9,4707.9,1923.0
GCUSD,2026-05-13 12:45:00,4708.2,4709.8,4702.9,4703.5,961.0
GCUSD,2026-05-13 13:00:00,4703.7,4708.9,4703.6,4707.6,1351.0
GCUSD,2026-05-13 13:15:00,4707.4,4709.2,4704.5,4706.3,3096.0
GCUSD,2026-05-13 13:30:00,4706.5,4706.6,4698.1,4699.5,1966.0
GCUSD,2026-05-13 13:45:00,4699.6,4702.6,4692.6,4693.4,1010.0
GCUSD,2026-05-13 14:00:00,4693.8,4700.8,4692.5,4700.5,1505.0
GCUSD,2026-05-13 14:15:00,4700.6,4702.0,4696.8,4700.2,497.0
GCUSD,2026-05-13 14:30:00,4699.6,4700.9,4693.4,4694.1,869.0
GCUSD,2026-05-13 14:45:00,4694.2,4695.4,4685.5,4692.9,1259.0
GCUSD,2026-05-13 15:00:00,4692.6,4697.1,4691.3,4696.9,374.0
GCUSD,2026-05-13 15:15:00,4697.0,4698.6,4694.3,4695.0,450.0
GCUSD,2026-05-13 15:30:00,4695.2,4697.1,4692.2,4696.4,434.0
GCUSD,2026-05-13 15:45:00,4696.2,4697.1,4691.8,4696.1,885.0
GCUSD,2026-05-13 16:00:00,4696.0,4699.0,4693.7,4698.9,348.0
GCUSD,2026-05-13 16:15:00,4698.9,4701.4,4698.1,4699.4,243.0
GCUSD,2026-05-13 16:30:00,4699.4,4701.2,4697.0,4698.7,266.0
GCUSD,2026-05-13 16:45:00,4698.2,4699.2,4695.8,4697.1,202.0
GCUSD,2026-05-13 17:00:00,4706.7,4706.7,4706.7,4706.7,2.0
GCUSD,2026-05-13 18:00:00,4696.8,4700.9,4695.5,4697.8,315.0
GCUSD,2026-05-13 18:15:00,4697.5,4704.0,4697.4,4703.4,318.0
GCUSD,2026-05-13 18:30:00,4703.9,4707.0,4702.0,4705.6,276.0
GCUSD,2026-05-13 18:45:00,4705.8,4707.3,4703.1,4706.4,272.0
GCUSD,2026-05-13 19:00:00,4706.2,4709.0,4705.7,4708.2,135.0
GCUSD,2026-05-13 19:15:00,4708.1,4708.1,4703.2,4704.3,228.0
GCUSD,2026-05-13 19:30:00,4703.5,4704.4,4701.0,4701.7,288.0
GCUSD,2026-05-13 19:45:00,4701.9,4703.8,4699.7,4703.5,181.0
GCUSD,2026-05-13 20:00:00,4703.1,4706.2,4696.2,4704.3,611.0
GCUSD,2026-05-13 20:15:00,4704.1,4712.9,4704.1,4708.0,530.0
GCUSD,2026-05-13 20:30:00,4709.0,4710.0,4699.6,4706.9,507.0
GCUSD,2026-05-13 20:45:00,4707.5,4713.7,4706.4,4712.0,472.0
GCUSD,2026-05-13 21:00:00,4712.2,4714.0,4690.7,4696.6,1818.0
GCUSD,2026-05-13 21:15:00,4694.6,4701.9,4694.2,4698.9,670.0
GCUSD,2026-05-13 21:30:00,4699.0,4701.4,4690.3,4695.3,682.0
GCUSD,2026-05-13 21:45:00,4695.3,4701.8,4690.2,4695.0,649.0
GCUSD,2026-05-13 22:00:00,4695.5,4700.8,4693.1,4694.8,343.0
GCUSD,2026-05-13 22:15:00,4694.6,4701.1,4693.8,4700.1,508.0
GCUSD,2026-05-13 22:30:00,4700.3,4706.5,4696.0,4697.9,638.0
GCUSD,2026-05-13 22:45:00,4698.2,4699.8,4686.0,4692.7,976.0
GCUSD,2026-05-13 23:00:00,4692.8,4696.8,4687.6,4689.0,789.0
GCUSD,2026-05-13 23:15:00,4688.8,4699.4,4687.5,4697.2,785.0
GCUSD,2026-05-13 23:30:00,4697.1,4697.5,4681.9,4682.3,819.0
GCUSD,2026-05-13 23:45:00,4682.5,4683.9,4679.3,4680.8,462.0
GCUSD,2026-05-14 00:00:00,4680.8,4688.5,4673.2,4688.0,1432.0
GCUSD,2026-05-14 00:15:00,4688.3,4713.5,4687.5,4708.5,2173.0
GCUSD,2026-05-14 00:30:00,4708.4,4719.7,4707.3,4711.5,1504.0
GCUSD,2026-05-14 00:45:00,4711.8,4713.5,4708.8,4709.2,465.0
GCUSD,2026-05-14 01:00:00,4709.5,4711.2,4706.6,4707.0,523.0
GCUSD,2026-05-14 01:15:00,4706.6,4707.1,4700.0,4700.8,472.0
GCUSD,2026-05-14 01:30:00,4700.2,4708.3,4700.0,4704.2,835.0
GCUSD,2026-05-14 01:45:00,4704.8,4710.2,4696.0,4696.3,755.0
GCUSD,2026-05-14 02:00:00,4696.2,4701.4,4692.7,4694.7,1153.0
GCUSD,2026-05-14 02:15:00,4694.2,4700.2,4693.3,4698.1,497.0
GCUSD,2026-05-14 02:30:00,4698.1,4706.3,4697.3,4705.6,776.0
GCUSD,2026-05-14 02:45:00,4705.5,4709.3,4701.7,4707.2,818.0
GCUSD,2026-05-14 03:00:00,4706.7,4709.1,4701.2,4702.0,766.0
GCUSD,2026-05-14 03:15:00,4701.5,4713.2,4701.5,4711.9,878.0
GCUSD,2026-05-14 03:30:00,4712.3,4725.8,4709.3,4716.6,2304.0
GCUSD,2026-05-14 03:45:00,4716.2,4716.8,4697.7,4700.1,1844.0
GCUSD,2026-05-14 04:00:00,4699.5,4707.9,4698.9,4705.9,920.0
GCUSD,2026-05-14 04:15:00,4706.3,4711.7,4704.0,4710.5,1116.0
GCUSD,2026-05-14 04:30:00,4710.3,4713.6,4702.7,4703.4,860.0
GCUSD,2026-05-14 04:45:00,4703.9,4704.1,4699.8,4700.3,471.0
GCUSD,2026-05-14 05:00:00,4699.8,4704.7,4696.0,4701.5,727.0
GCUSD,2026-05-14 05:15:00,4700.9,4703.1,4697.2,4697.3,521.0
GCUSD,2026-05-14 05:30:00,4697.1,4703.8,4694.6,4702.0,916.0
GCUSD,2026-05-14 05:45:00,4702.5,4709.3,4702.5,4706.1,599.0
GCUSD,2026-05-14 06:00:00,4706.0,4711.9,4702.5,4703.6,683.0
GCUSD,2026-05-14 06:15:00,4704.2,4704.6,4700.2,4704.1,428.0
GCUSD,2026-05-14 06:30:00,4704.3,4704.4,4698.5,4700.2,544.0
GCUSD,2026-05-14 06:45:00,4700.3,4704.4,4698.0,4704.1,861.0
GCUSD,2026-05-14 07:00:00,4703.5,4705.4,4698.9,4704.0,640.0
GCUSD,2026-05-14 07:15:00,4703.6,4703.8,4695.9,4698.2,594.0
GCUSD,2026-05-14 07:30:00,4698.5,4703.5,4697.1,4702.1,282.0
GCUSD,2026-05-14 07:45:00,4701.6,4711.6,4700.4,4700.4,1586.0
GCUSD,2026-05-14 08:00:00,4700.2,4710.1,4698.4,4709.9,1375.0
GCUSD,2026-05-14 08:15:00,4710.3,4714.5,4705.4,4709.1,2386.0
GCUSD,2026-05-14 08:30:00,4710.0,4716.9,4704.7,4704.7,2589.0
GCUSD,2026-05-14 08:45:00,4704.3,4713.3,4702.6,4711.8,1013.0
GCUSD,2026-05-14 09:00:00,4712.2,4715.2,4702.5,4711.3,1384.0
GCUSD,2026-05-14 09:15:00,4710.9,4711.1,4694.2,4694.5,2047.0
GCUSD,2026-05-14 09:30:00,4694.6,4696.0,4671.3,4682.3,5252.0
GCUSD,2026-05-14 09:45:00,4682.2,4696.8,4681.4,4685.2,4579.0
GCUSD,2026-05-14 10:00:00,4685.0,4696.4,4683.0,4694.3,3332.0
GCUSD,2026-05-14 10:15:00,4694.0,4707.3,4692.8,4697.7,3825.0
GCUSD,2026-05-14 10:30:00,4697.7,4698.8,4692.5,4693.3,993.0
GCUSD,2026-05-14 10:45:00,4693.0,4696.6,4685.3,4685.7,1301.0
GCUSD,2026-05-14 11:00:00,4685.6,4692.8,4683.0,4690.7,1445.0
GCUSD,2026-05-14 11:15:00,4690.8,4695.8,4690.2,4692.0,1009.0
GCUSD,2026-05-14 11:30:00,4691.8,4695.2,4687.1,4688.6,1028.0
GCUSD,2026-05-14 11:45:00,4688.5,4693.0,4686.7,4691.9,898.0
GCUSD,2026-05-14 12:00:00,4692.1,4693.5,4680.3,4685.1,1740.0
GCUSD,2026-05-14 12:15:00,4684.7,4687.6,4681.3,4683.2,1020.0
GCUSD,2026-05-14 12:30:00,4683.5,4684.5,4676.1,4681.5,1548.0
GCUSD,2026-05-14 12:45:00,4681.6,4685.4,4678.5,4684.8,816.0
GCUSD,2026-05-14 13:00:00,4684.4,4689.6,4684.4,4684.9,1450.0
GCUSD,2026-05-14 13:15:00,4684.8,4689.3,4683.1,4683.6,2683.0
GCUSD,2026-05-14 13:30:00,4683.7,4687.7,4682.7,4687.7,920.0
GCUSD,2026-05-14 13:45:00,4687.4,4687.9,4683.8,4684.2,492.0
GCUSD,2026-05-14 14:00:00,4684.5,4684.5,4674.5,4680.5,1929.0
GCUSD,2026-05-14 14:15:00,4680.4,4682.3,4678.8,4679.3,778.0
GCUSD,2026-05-14 14:30:00,4679.5,4680.6,4674.2,4674.3,624.0
GCUSD,2026-05-14 14:45:00,4674.5,4677.5,4672.5,4677.3,606.0
GCUSD,2026-05-14 15:00:00,4677.4,4677.4,4672.0,4673.2,700.0
GCUSD,2026-05-14 15:15:00,4672.9,4674.5,4667.6,4668.9,1123.0
GCUSD,2026-05-14 15:30:00,4668.7,4670.8,4660.8,4662.2,1833.0
GCUSD,2026-05-14 15:45:00,4661.7,4664.3,4658.0,4659.5,2040.0
GCUSD,2026-05-14 16:00:00,4659.6,4663.0,4654.2,4655.3,1202.0
GCUSD,2026-05-14 16:15:00,4654.8,4656.2,4651.7,4653.0,465.0
GCUSD,2026-05-14 16:30:00,4653.0,4658.0,4649.3,4655.7,796.0
GCUSD,2026-05-14 16:45:00,4656.1,4657.5,4654.2,4655.4,341.0
GCUSD,2026-05-14 18:00:00,4654.5,4662.6,4651.0,4659.3,830.0
GCUSD,2026-05-14 18:15:00,4659.8,4663.7,4659.8,4662.9,441.0
GCUSD,2026-05-14 18:30:00,4663.3,4666.8,4662.7,4665.6,524.0
GCUSD,2026-05-14 18:45:00,4666.1,4667.0,4664.0,4666.7,208.0
GCUSD,2026-05-14 19:00:00,4666.4,4668.1,4663.0,4663.1,488.0
GCUSD,2026-05-14 19:15:00,4663.4,4668.7,4659.9,4668.4,729.0
GCUSD,2026-05-14 19:30:00,4668.1,4670.1,4651.0,4661.7,1365.0
GCUSD,2026-05-14 19:45:00,4661.3,4661.5,4652.2,4656.7,410.0
GCUSD,2026-05-14 20:00:00,4656.4,4658.2,4645.5,4654.2,1187.0
GCUSD,2026-05-14 20:15:00,4655.5,4662.8,4629.1,4634.6,2712.0
GCUSD,2026-05-14 20:30:00,4634.6,4634.9,4618.3,4624.1,3211.0
GCUSD,2026-05-14 20:45:00,4624.2,4636.0,4621.7,4635.1,1645.0
GCUSD,2026-05-14 21:00:00,4635.0,4636.7,4612.3,4619.2,2306.0
GCUSD,2026-05-14 21:15:00,4619.2,4630.3,4612.5,4613.6,1949.0
GCUSD,2026-05-14 21:30:00,4612.8,4627.4,4611.6,4627.2,1075.0
GCUSD,2026-05-14 21:45:00,4626.5,4628.7,4611.0,4617.9,2008.0
GCUSD,2026-05-14 22:00:00,4617.9,4623.3,4613.5,4617.2,1226.0
GCUSD,2026-05-14 22:15:00,4617.0,4620.6,4613.8,4616.7,725.0
GCUSD,2026-05-14 22:30:00,4616.2,4622.0,4613.5,4621.4,682.0
GCUSD,2026-05-14 22:45:00,4621.9,4627.4,4615.4,4621.9,905.0
GCUSD,2026-05-14 23:00:00,4621.6,4626.5,4618.1,4621.6,1242.0
GCUSD,2026-05-14 23:15:00,4621.9,4622.8,4613.4,4616.5,848.0
GCUSD,2026-05-14 23:30:00,4617.6,4621.6,4611.3,4617.5,765.0
GCUSD,2026-05-14 23:45:00,4617.6,4622.1,4614.5,4619.8,582.0
GCUSD,2026-05-15 00:00:00,4619.3,4625.9,4616.9,4623.9,561.0
GCUSD,2026-05-15 00:15:00,4623.8,4624.6,4611.5,4614.9,918.0
GCUSD,2026-05-15 00:30:00,4615.2,4619.2,4608.2,4610.0,522.0
GCUSD,2026-05-15 00:45:00,4610.2,4616.6,4609.0,4610.0,790.0
GCUSD,2026-05-15 01:00:00,4610.0,4610.6,4592.6,4596.0,2629.0
GCUSD,2026-05-15 01:15:00,4596.2,4599.4,4584.9,4592.8,2686.0
GCUSD,2026-05-15 01:30:00,4592.7,4594.3,4567.5,4572.1,3967.0
GCUSD,2026-05-15 01:45:00,4571.8,4577.2,4560.1,4562.9,2675.0
GCUSD,2026-05-15 02:00:00,4562.4,4576.8,4560.5,4574.2,2448.0
GCUSD,2026-05-15 02:15:00,4574.8,4582.4,4573.8,4579.2,2651.0
GCUSD,2026-05-15 02:30:00,4579.0,4585.4,4571.1,4572.0,1729.0
GCUSD,2026-05-15 02:45:00,4572.0,4578.4,4568.6,4574.5,1659.0
GCUSD,2026-05-15 03:00:00,4573.9,4591.1,4569.8,4590.6,2970.0
GCUSD,2026-05-15 03:15:00,4590.6,4593.8,4583.8,4586.9,1885.0
GCUSD,2026-05-15 03:30:00,4586.0,4587.5,4579.6,4582.8,1599.0
GCUSD,2026-05-15 03:45:00,4582.7,4584.0,4573.4,4575.7,1709.0
GCUSD,2026-05-15 04:00:00,4575.6,4576.9,4561.3,4569.7,2540.0
GCUSD,2026-05-15 04:15:00,4569.5,4569.7,4556.8,4562.5,2473.0
GCUSD,2026-05-15 04:30:00,4562.1,4567.4,4553.2,4567.0,2377.0
GCUSD,2026-05-15 04:45:00,4567.0,4568.6,4556.3,4558.9,1333.0
GCUSD,2026-05-15 05:00:00,4559.0,4568.2,4549.7,4551.6,2370.0
GCUSD,2026-05-15 05:15:00,4551.2,4558.8,4543.1,4556.8,2423.0
GCUSD,2026-05-15 05:30:00,4557.1,4559.7,4546.7,4547.8,1717.0
GCUSD,2026-05-15 05:45:00,4547.2,4551.0,4535.4,4549.8,2561.0
GCUSD,2026-05-15 06:00:00,4549.9,4567.0,4548.0,4565.0,2230.0
GCUSD,2026-05-15 06:15:00,4565.1,4567.6,4555.6,4555.8,1674.0
GCUSD,2026-05-15 06:30:00,4555.9,4560.5,4553.6,4559.0,1027.0
GCUSD,2026-05-15 06:45:00,4559.0,4577.0,4558.3,4570.2,3113.0
GCUSD,2026-05-15 07:00:00,4570.5,4574.8,4565.0,4570.6,1511.0
GCUSD,2026-05-15 07:15:00,4571.0,4573.6,4563.4,4566.7,807.0
GCUSD,2026-05-15 07:30:00,4567.0,4567.0,4555.4,4556.1,1394.0
GCUSD,2026-05-15 07:45:00,4555.8,4563.5,4554.0,4555.9,1302.0
GCUSD,2026-05-15 08:00:00,4556.0,4559.5,4549.3,4549.9,1870.0
GCUSD,2026-05-15 08:15:00,4549.6,4562.7,4549.0,4559.7,2900.0
GCUSD,2026-05-15 08:30:00,4558.6,4559.1,4546.3,4549.9,2251.0
GCUSD,2026-05-15 08:45:00,4549.3,4559.8,4547.7,4550.2,1593.0
GCUSD,2026-05-15 09:00:00,4550.1,4553.9,4539.9,4550.6,3885.0
GCUSD,2026-05-15 09:15:00,4550.7,4561.9,4543.8,4553.2,2297.0
GCUSD,2026-05-15 09:30:00,4553.2,4555.3,4523.8,4523.9,6313.0
GCUSD,2026-05-15 09:45:00,4523.8,4545.7,4513.8,4537.3,5471.0
GCUSD,2026-05-15 10:00:00,4536.9,4554.5,4529.3,4547.6,5110.0
GCUSD,2026-05-15 10:15:00,4547.6,4567.1,4544.4,4559.7,4102.0
GCUSD,2026-05-15 10:30:00,4560.0,4565.0,4554.9,4561.1,2084.0
GCUSD,2026-05-15 10:45:00,4561.4,4570.9,4550.2,4566.8,2339.0
GCUSD,2026-05-15 11:00:00,4567.3,4568.0,4554.6,4555.9,1870.0
GCUSD,2026-05-15 11:15:00,4556.6,4557.5,4546.7,4551.1,2266.0
GCUSD,2026-05-15 11:30:00,4551.0,4554.5,4543.5,4545.6,1594.0
GCUSD,2026-05-15 11:45:00,4545.1,4547.7,4538.0,4543.8,2058.0
GCUSD,2026-05-15 12:00:00,4543.8,4546.5,4533.2,4536.6,2011.0
GCUSD,2026-05-15 12:15:00,4536.6,4546.7,4535.4,4544.8,1486.0
GCUSD,2026-05-15 12:30:00,4545.4,4552.4,4544.3,4551.5,1240.0
GCUSD,2026-05-15 12:45:00,4551.5,4552.2,4546.1,4548.7,942.0
GCUSD,2026-05-15 13:00:00,4548.5,4562.5,4547.2,4561.2,2397.0
GCUSD,2026-05-15 13:15:00,4561.4,4568.7,4558.6,4561.8,3064.0
GCUSD,2026-05-15 13:30:00,4561.7,4568.0,4561.6,4565.1,1322.0
GCUSD,2026-05-15 13:45:00,4565.3,4566.9,4561.5,4564.0,590.0
GCUSD,2026-05-15 14:00:00,4564.3,4566.3,4560.1,4566.3,637.0
GCUSD,2026-05-15 14:15:00,4565.8,4567.3,4557.2,4562.4,1091.0
GCUSD,2026-05-15 14:30:00,4562.5,4562.9,4556.5,4561.8,685.0
GCUSD,2026-05-15 14:45:00,4561.1,4567.0,4560.8,4563.4,391.0
GCUSD,2026-05-15 15:00:00,4563.9,4564.2,4553.5,4554.7,1017.0
GCUSD,2026-05-15 15:15:00,4554.6,4556.8,4552.7,4554.3,727.0
GCUSD,2026-05-15 15:30:00,4554.4,4559.3,4553.8,4557.7,718.0
GCUSD,2026-05-15 15:45:00,4557.7,4558.4,4548.9,4549.8,1229.0
GCUSD,2026-05-15 16:00:00,4550.2,4550.7,4540.2,4542.5,835.0
GCUSD,2026-05-15 16:15:00,4542.5,4543.3,4537.0,4542.9,483.0
GCUSD,2026-05-15 16:30:00,4543.4,4547.9,4542.4,4544.4,385.0
GCUSD,2026-05-15 16:45:00,4544.5,4545.4,4540.5,4543.6,355.0
GCUSD,2026-05-17 18:00:00,4547.6,4559.0,4531.9,4551.9,1205.0
GCUSD,2026-05-17 18:15:00,4552.6,4553.6,4541.4,4545.6,698.0
GCUSD,2026-05-17 18:30:00,4544.7,4557.6,4544.7,4554.0,754.0
GCUSD,2026-05-17 18:45:00,4553.5,4558.0,4547.3,4549.7,480.0
GCUSD,2026-05-17 19:00:00,4550.2,4551.4,4543.0,4545.3,381.0
GCUSD,2026-05-17 19:15:00,4544.9,4548.0,4541.2,4541.4,373.0
GCUSD,2026-05-17 19:30:00,4540.9,4545.6,4535.6,4542.9,615.0
GCUSD,2026-05-17 19:45:00,4542.3,4547.4,4535.1,4540.9,542.0
GCUSD,2026-05-17 20:00:00,4541.0,4546.0,4526.5,4529.2,1215.0
GCUSD,2026-05-17 20:15:00,4529.7,4536.8,4517.4,4519.0,1075.0
GCUSD,2026-05-17 20:30:00,4518.6,4522.2,4483.5,4485.4,4886.0
GCUSD,2026-05-17 20:45:00,4485.0,4519.8,4483.8,4518.5,2633.0
GCUSD,2026-05-17 21:00:00,4518.1,4519.3,4492.1,4500.2,3094.0
GCUSD,2026-05-17 21:15:00,4499.8,4513.0,4495.4,4507.5,1726.0
GCUSD,2026-05-17 21:30:00,4505.3,4516.3,4502.5,4515.2,1679.0
GCUSD,2026-05-17 21:45:00,4515.6,4538.6,4513.9,4527.9,2273.0
GCUSD,2026-05-17 22:00:00,4527.9,4542.0,4524.9,4539.7,1635.0
GCUSD,2026-05-17 22:15:00,4539.8,4544.0,4535.1,4536.2,946.0
GCUSD,2026-05-17 22:30:00,4536.7,4544.1,4532.0,4539.3,914.0
GCUSD,2026-05-17 22:45:00,4538.7,4545.9,4533.3,4536.4,882.0
GCUSD,2026-05-17 23:00:00,4537.0,4538.9,4530.0,4532.5,882.0
GCUSD,2026-05-17 23:15:00,4532.0,4541.3,4531.5,4538.6,697.0
GCUSD,2026-05-17 23:30:00,4539.3,4551.4,4528.0,4548.6,1307.0
GCUSD,2026-05-17 23:45:00,4548.6,4551.2,4542.9,4544.9,1444.0
GCUSD,2026-05-18 00:00:00,4545.2,4553.8,4545.2,4548.2,848.0
GCUSD,2026-05-18 00:15:00,4548.2,4551.1,4533.4,4535.9,1979.0
GCUSD,2026-05-18 00:30:00,4535.9,4548.0,4535.5,4545.5,1046.0
GCUSD,2026-05-18 00:45:00,4545.1,4549.4,4539.3,4544.2,1318.0
GCUSD,2026-05-18 01:00:00,4544.8,4546.7,4536.4,4541.6,1371.0
GCUSD,2026-05-18 01:15:00,4539.6,4554.3,4538.6,4552.4,1522.0
GCUSD,2026-05-18 01:30:00,4552.5,4556.0,4542.4,4543.8,1124.0
GCUSD,2026-05-18 01:45:00,4542.7,4546.9,4533.6,4534.6,1286.0
GCUSD,2026-05-18 02:00:00,4534.3,4544.0,4533.1,4541.3,1594.0
GCUSD,2026-05-18 02:15:00,4540.6,4551.4,4538.0,4541.1,2517.0
GCUSD,2026-05-18 02:30:00,4541.1,4550.6,4538.3,4543.9,1165.0
GCUSD,2026-05-18 02:45:00,4544.1,4551.8,4542.1,4550.5,1647.0
GCUSD,2026-05-18 03:00:00,4551.0,4553.1,4545.7,4546.6,1055.0
GCUSD,2026-05-18 03:15:00,4547.0,4555.2,4541.6,4554.6,1506.0
GCUSD,2026-05-18 03:30:00,4554.7,4564.0,4551.0,4553.3,1857.0
GCUSD,2026-05-18 03:45:00,4552.3,4555.1,4543.5,4550.0,1342.0
GCUSD,2026-05-18 04:00:00,4550.0,4552.6,4546.0,4550.3,781.0
GCUSD,2026-05-18 04:15:00,4550.0,4555.5,4546.6,4551.2,1141.0
GCUSD,2026-05-18 04:30:00,4551.5,4556.8,4549.4,4552.1,1236.0
GCUSD,2026-05-18 04:45:00,4552.1,4560.9,4552.1,4553.8,832.0
GCUSD,2026-05-18 05:00:00,4553.9,4555.7,4544.9,4550.3,851.0
GCUSD,2026-05-18 05:15:00,4549.8,4552.8,4548.2,4549.0,767.0
GCUSD,2026-05-18 05:30:00,4548.7,4550.3,4544.0,4546.6,1798.0
GCUSD,2026-05-18 05:45:00,4546.7,4548.2,4543.8,4547.0,279.0
GCUSD,2026-05-18 06:00:00,4546.4,4548.7,4539.3,4542.9,1222.0
GCUSD,2026-05-18 06:15:00,4542.6,4546.2,4541.7,4543.3,563.0
GCUSD,2026-05-18 06:30:00,4543.0,4547.5,4535.6,4546.9,1185.0
GCUSD,2026-05-18 06:45:00,4547.3,4551.4,4540.2,4543.4,1016.0
GCUSD,2026-05-18 07:00:00,4543.5,4545.3,4533.5,4543.0,1062.0
GCUSD,2026-05-18 07:15:00,4542.9,4543.8,4535.6,4539.6,1432.0
GCUSD,2026-05-18 07:30:00,4539.2,4571.9,4539.2,4566.5,4239.0
GCUSD,2026-05-18 07:45:00,4566.9,4568.7,4553.0,4554.2,3013.0
GCUSD,2026-05-18 08:00:00,4554.4,4560.5,4550.8,4557.1,1415.0
GCUSD,2026-05-18 08:15:00,4557.0,4558.8,4548.8,4554.4,2055.0
GCUSD,2026-05-18 08:30:00,4554.0,4574.1,4553.7,4573.6,2830.0
GCUSD,2026-05-18 08:45:00,4573.9,4579.4,4566.6,4575.2,3061.0
GCUSD,2026-05-18 09:00:00,4575.4,4581.5,4565.4,4572.0,3879.0
GCUSD,2026-05-18 09:15:00,4571.4,4580.0,4567.7,4575.6,1857.0
GCUSD,2026-05-18 09:30:00,4576.1,4584.3,4568.9,4570.5,3414.0
GCUSD,2026-05-18 09:45:00,4570.6,4588.6,4567.5,4579.9,3828.0
GCUSD,2026-05-18 10:00:00,4579.9,4579.9,4563.7,4568.7,3812.0
GCUSD,2026-05-18 10:15:00,4569.0,4573.3,4557.2,4566.2,2937.0
GCUSD,2026-05-18 10:30:00,4565.6,4567.5,4542.9,4552.0,4772.0
GCUSD,2026-05-18 10:45:00,4551.9,4552.8,4542.1,4550.8,2443.0
GCUSD,2026-05-18 11:00:00,4551.0,4552.4,4536.2,4544.7,3472.0
GCUSD,2026-05-18 11:15:00,4544.6,4547.0,4538.8,4539.4,1504.0
GCUSD,2026-05-18 11:30:00,4538.7,4548.9,4538.1,4543.0,1484.0
GCUSD,2026-05-18 11:45:00,4543.1,4551.3,4542.3,4547.7,1231.0
GCUSD,2026-05-18 12:00:00,4548.6,4553.1,4544.4,4552.8,2709.0
GCUSD,2026-05-18 12:15:00,4552.9,4555.0,4537.6,4541.2,3143.0
GCUSD,2026-05-18 12:30:00,4540.9,4549.1,4538.3,4547.6,1601.0
GCUSD,2026-05-18 12:45:00,4547.4,4558.7,4547.0,4554.4,2979.0
GCUSD,2026-05-18 13:00:00,4554.3,4562.5,4551.6,4557.5,1844.0
GCUSD,2026-05-18 13:15:00,4557.3,4559.9,4556.1,4558.3,1960.0
GCUSD,2026-05-18 13:30:00,4558.0,4558.4,4551.1,4552.5,1102.0
GCUSD,2026-05-18 13:45:00,4552.4,4553.8,4549.8,4551.4,690.0
GCUSD,2026-05-18 14:00:00,4551.3,4552.4,4548.0,4549.4,696.0
GCUSD,2026-05-18 14:15:00,4549.2,4549.6,4540.3,4546.4,1167.0
GCUSD,2026-05-18 14:30:00,4545.9,4548.2,4543.1,4545.9,723.0
GCUSD,2026-05-18 14:45:00,4545.5,4547.4,4538.3,4539.8,1046.0
GCUSD,2026-05-18 15:00:00,4539.9,4569.5,4539.1,4558.5,3331.0
GCUSD,2026-05-18 15:15:00,4558.7,4560.2,4551.0,4556.0,1180.0
GCUSD,2026-05-18 15:30:00,4556.0,4565.8,4554.4,4562.5,932.0
GCUSD,2026-05-18 15:45:00,4562.3,4567.4,4562.1,4562.9,1259.0
GCUSD,2026-05-18 16:00:00,4563.3,4567.7,4562.4,4567.7,413.0
GCUSD,2026-05-18 16:15:00,4566.9,4571.6,4566.9,4567.3,446.0
GCUSD,2026-05-18 16:30:00,4568.0,4569.7,4566.2,4569.3,219.0
GCUSD,2026-05-18 16:45:00,4569.3,4571.2,4566.4,4570.8,245.0
GCUSD,2026-05-18 17:00:00,4558.0,4558.0,4558.0,4558.0,1.0
GCUSD,2026-05-18 18:00:00,4570.6,4577.5,4570.6,4576.8,459.0
GCUSD,2026-05-18 18:15:00,4577.6,4578.7,4575.2,4576.9,345.0
GCUSD,2026-05-18 18:30:00,4577.1,4582.3,4575.6,4580.8,391.0
GCUSD,2026-05-18 18:45:00,4580.7,4581.1,4576.6,4578.2,135.0
GCUSD,2026-05-18 19:00:00,4578.2,4590.6,4577.9,4589.6,848.0
GCUSD,2026-05-18 19:15:00,4589.4,4593.2,4587.1,4589.6,536.0
GCUSD,2026-05-18 19:30:00,4589.8,4591.7,4586.7,4589.0,327.0
GCUSD,2026-05-18 19:45:00,4589.5,4590.2,4582.6,4585.5,445.0
GCUSD,2026-05-18 20:00:00,4585.4,4593.1,4580.0,4582.4,1170.0
GCUSD,2026-05-18 20:15:00,4582.2,4589.3,4572.2,4576.6,1076.0
GCUSD,2026-05-18 20:30:00,4577.3,4579.5,4571.4,4573.6,740.0
GCUSD,2026-05-18 20:45:00,4573.9,4575.5,4564.7,4566.3,868.0
GCUSD,2026-05-18 21:00:00,4565.6,4572.5,4560.7,4568.3,1328.0
GCUSD,2026-05-18 21:15:00,4569.3,4572.0,4557.6,4561.7,824.0
GCUSD,2026-05-18 21:30:00,4562.0,4575.4,4558.2,4573.9,761.0
GCUSD,2026-05-18 21:45:00,4574.3,4575.1,4564.7,4567.0,696.0
GCUSD,2026-05-18 22:00:00,4566.7,4566.7,4556.2,4557.6,1149.0
GCUSD,2026-05-18 22:15:00,4556.7,4565.3,4554.7,4562.8,901.0
GCUSD,2026-05-18 22:30:00,4562.7,4562.8,4553.7,4559.3,1047.0
GCUSD,2026-05-18 22:45:00,4559.0,4561.1,4548.6,4550.3,921.0
GCUSD,2026-05-18 23:00:00,4549.9,4555.7,4545.8,4554.9,1401.0
GCUSD,2026-05-18 23:15:00,4555.0,4556.1,4549.6,4552.3,393.0
GCUSD,2026-05-18 23:30:00,4552.6,4558.1,4550.0,4551.0,800.0
GCUSD,2026-05-18 23:45:00,4550.6,4552.7,4545.2,4548.2,970.0
GCUSD,2026-05-19 00:00:00,4547.8,4548.8,4541.9,4543.2,678.0
GCUSD,2026-05-19 00:15:00,4543.8,4546.4,4541.3,4543.3,620.0
GCUSD,2026-05-19 00:30:00,4543.8,4545.3,4540.9,4542.4,294.0
GCUSD,2026-05-19 00:45:00,4543.0,4546.9,4542.8,4545.4,360.0
GCUSD,2026-05-19 01:00:00,4545.6,4549.9,4542.7,4547.8,545.0
GCUSD,2026-05-19 01:15:00,4547.7,4548.1,4533.9,4541.7,1166.0
GCUSD,2026-05-19 01:30:00,4541.8,4547.2,4535.8,4541.7,991.0
GCUSD,2026-05-19 01:45:00,4541.3,4546.7,4536.0,4543.8,2053.0
GCUSD,2026-05-19 02:00:00,4543.7,4549.1,4536.5,4545.2,1314.0
GCUSD,2026-05-19 02:15:00,4545.0,4557.1,4544.1,4551.0,2022.0
GCUSD,2026-05-19 02:30:00,4549.8,4556.0,4547.7,4555.9,1199.0
GCUSD,2026-05-19 02:45:00,4555.6,4556.4,4546.2,4551.3,775.0
GCUSD,2026-05-19 03:00:00,4550.4,4558.9,4547.6,4551.1,1438.0
GCUSD,2026-05-19 03:15:00,4551.9,4553.0,4546.3,4551.5,790.0
GCUSD,2026-05-19 03:30:00,4551.5,4552.3,4544.7,4545.5,1056.0
GCUSD,2026-05-19 03:45:00,4545.4,4562.7,4545.4,4560.7,1616.0
GCUSD,2026-05-19 04:00:00,4560.7,4562.5,4545.8,4550.0,1834.0
GCUSD,2026-05-19 04:15:00,4550.0,4551.3,4539.1,4541.7,1252.0
GCUSD,2026-05-19 04:30:00,4541.7,4548.3,4540.3,4546.4,936.0
GCUSD,2026-05-19 04:45:00,4546.3,4551.9,4541.7,4546.4,1381.0
GCUSD,2026-05-19 05:00:00,4545.8,4545.8,4540.0,4542.6,657.0
GCUSD,2026-05-19 05:15:00,4542.6,4550.0,4538.8,4543.5,1132.0
GCUSD,2026-05-19 05:30:00,4543.6,4546.1,4539.6,4542.7,1119.0
GCUSD,2026-05-19 05:45:00,4542.5,4548.4,4541.0,4545.0,721.0
GCUSD,2026-05-19 06:00:00,4544.5,4545.9,4538.6,4544.5,885.0
GCUSD,2026-05-19 06:15:00,4545.0,4545.0,4541.3,4543.2,233.0
GCUSD,2026-05-19 06:30:00,4544.2,4546.6,4528.6,4532.7,1820.0
GCUSD,2026-05-19 06:45:00,4532.2,4548.0,4531.1,4547.9,1597.0
GCUSD,2026-05-19 07:00:00,4547.7,4551.5,4539.2,4540.1,1204.0
GCUSD,2026-05-19 07:15:00,4539.9,4545.8,4539.1,4542.7,726.0
GCUSD,2026-05-19 07:30:00,4542.4,4546.7,4540.2,4545.2,553.0
GCUSD,2026-05-19 07:45:00,4545.5,4545.7,4533.1,4534.0,1066.0
GCUSD,2026-05-19 08:00:00,4533.8,4550.0,4530.3,4545.6,1672.0
GCUSD,2026-05-19 08:15:00,4545.9,4548.2,4540.1,4546.7,1889.0
GCUSD,2026-05-19 08:30:00,4546.7,4550.9,4540.3,4540.7,1822.0
GCUSD,2026-05-19 08:45:00,4541.1,4545.2,4539.0,4541.6,1125.0
GCUSD,2026-05-19 09:00:00,4540.4,4541.0,4516.3,4527.3,6065.0
GCUSD,2026-05-19 09:15:00,4527.1,4529.2,4493.0,4494.4,7397.0
GCUSD,2026-05-19 09:30:00,4494.7,4498.1,4467.1,4478.5,10800.0
GCUSD,2026-05-19 09:45:00,4478.7,4513.9,4476.3,4506.7,8640.0
GCUSD,2026-05-19 10:00:00,4506.6,4517.0,4494.1,4495.7,6020.0
GCUSD,2026-05-19 10:15:00,4495.7,4503.5,4487.0,4492.7,3972.0
GCUSD,2026-05-19 10:30:00,4493.0,4501.9,4491.2,4497.4,3888.0
GCUSD,2026-05-19 10:45:00,4497.3,4500.3,4489.2,4496.9,2646.0
GCUSD,2026-05-19 11:00:00,4497.9,4503.4,4492.8,4502.6,1956.0
GCUSD,2026-05-19 11:15:00,4502.3,4508.6,4497.5,4503.0,2047.0
GCUSD,2026-05-19 11:30:00,4502.0,4511.3,4501.4,4505.5,2390.0
GCUSD,2026-05-19 11:45:00,4505.8,4512.9,4503.7,4511.7,995.0
GCUSD,2026-05-19 12:00:00,4512.0,4514.0,4499.5,4504.4,2010.0
GCUSD,2026-05-19 12:15:00,4504.5,4515.6,4501.9,4512.2,1115.0
GCUSD,2026-05-19 12:30:00,4512.5,4516.0,4508.9,4509.1,915.0
GCUSD,2026-05-19 12:45:00,4509.5,4512.8,4508.2,4511.2,753.0
GCUSD,2026-05-19 13:00:00,4511.0,4514.5,4509.4,4514.1,1022.0
GCUSD,2026-05-19 13:15:00,4513.8,4514.6,4506.7,4510.5,2218.0
GCUSD,2026-05-19 13:30:00,4510.3,4511.8,4506.0,4507.9,1272.0
GCUSD,2026-05-19 13:45:00,4508.2,4508.2,4502.6,4504.6,470.0
GCUSD,2026-05-19 14:00:00,4504.5,4507.5,4503.2,4504.6,421.0
GCUSD,2026-05-19 14:15:00,4504.7,4505.5,4498.6,4499.4,808.0
GCUSD,2026-05-19 14:30:00,4499.3,4504.0,4496.5,4502.1,637.0
GCUSD,2026-05-19 14:45:00,4501.9,4503.2,4493.1,4496.8,561.0
GCUSD,2026-05-19 15:00:00,4496.4,4500.7,4496.2,4499.8,360.0
GCUSD,2026-05-19 15:15:00,4500.2,4500.2,4488.6,4490.0,1078.0
GCUSD,2026-05-19 15:30:00,4490.6,4493.2,4489.3,4491.6,801.0
GCUSD,2026-05-19 15:45:00,4491.9,4492.3,4484.8,4487.0,1171.0
GCUSD,2026-05-19 16:00:00,4486.9,4490.6,4484.3,4488.9,511.0
GCUSD,2026-05-19 16:15:00,4488.8,4491.9,4486.9,4489.4,239.0
GCUSD,2026-05-19 16:30:00,4489.7,4489.7,4485.1,4486.6,335.0
GCUSD,2026-05-19 16:45:00,4487.1,4487.7,4484.9,4485.4,400.0
GCUSD,2026-05-19 18:00:00,4486.6,4488.6,4482.0,4485.9,295.0
GCUSD,2026-05-19 18:15:00,4485.4,4485.5,4480.7,4482.2,235.0
GCUSD,2026-05-19 18:30:00,4482.2,4488.8,4480.0,4485.9,475.0
GCUSD,2026-05-19 18:45:00,4484.6,4487.6,4482.1,4487.6,262.0
GCUSD,2026-05-19 19:00:00,4486.5,4489.5,4482.9,4489.2,268.0
GCUSD,2026-05-19 19:15:00,4489.1,4492.1,4486.0,4488.9,398.0
GCUSD,2026-05-19 19:30:00,4489.4,4499.5,4488.4,4495.1,682.0
GCUSD,2026-05-19 19:45:00,4495.0,4498.2,4491.1,4491.8,1110.0
GCUSD,2026-05-19 20:00:00,4492.2,4493.4,4482.2,4492.4,780.0
GCUSD,2026-05-19 20:15:00,4491.6,4505.0,4484.0,4504.8,1366.0
GCUSD,2026-05-19 20:30:00,4505.0,4510.4,4502.7,4507.8,905.0
GCUSD,2026-05-19 20:45:00,4507.5,4512.0,4500.9,4503.9,481.0
GCUSD,2026-05-19 21:00:00,4503.8,4509.3,4490.6,4495.1,1484.0
GCUSD,2026-05-19 21:15:00,4495.4,4499.3,4475.6,4476.0,1115.0
GCUSD,2026-05-19 21:30:00,4476.6,4479.9,4458.0,4469.8,2898.0
GCUSD,2026-05-19 21:45:00,4469.9,4490.9,4465.8,4484.3,1727.0
GCUSD,2026-05-19 22:00:00,4484.0,4489.5,4478.6,4483.7,768.0
GCUSD,2026-05-19 22:15:00,4483.9,4489.6,4478.7,4483.8,919.0
GCUSD,2026-05-19 22:30:00,4483.6,4485.7,4462.9,4463.1,1680.0
GCUSD,2026-05-19 22:45:00,4463.1,4468.2,4460.6,4467.2,1126.0
GCUSD,2026-05-19 23:00:00,4467.4,4469.2,4455.0,4459.3,1897.0
GCUSD,2026-05-19 23:15:00,4460.1,4466.1,4459.5,4463.1,559.0
GCUSD,2026-05-19 23:30:00,4463.9,4468.3,4459.7,4462.4,872.0
GCUSD,2026-05-19 23:45:00,4462.7,4467.3,4459.9,4466.0,534.0
GCUSD,2026-05-20 00:00:00,4465.8,4472.2,4465.4,4471.2,522.0
GCUSD,2026-05-20 00:15:00,4471.5,4472.5,4464.0,4467.1,731.0
GCUSD,2026-05-20 00:30:00,4467.4,4467.7,4462.2,4464.9,402.0
GCUSD,2026-05-20 00:45:00,4464.6,4465.1,4458.6,4464.2,606.0
GCUSD,2026-05-20 01:00:00,4464.0,4475.9,4463.8,4471.6,656.0
GCUSD,2026-05-20 01:15:00,4471.5,4477.9,4469.2,4470.6,855.0
GCUSD,2026-05-20 01:30:00,4470.9,4481.8,4470.1,4474.4,1048.0
GCUSD,2026-05-20 01:45:00,4474.5,4477.2,4465.2,4475.2,916.0
GCUSD,2026-05-20 02:00:00,4474.8,4479.8,4469.8,4474.0,829.0
GCUSD,2026-05-20 02:15:00,4475.0,4480.7,4470.1,4474.4,1418.0
GCUSD,2026-05-20 02:30:00,4474.2,4475.1,4463.6,4469.3,926.0
GCUSD,2026-05-20 02:45:00,4469.6,4481.1,4467.9,4476.7,1623.0
GCUSD,2026-05-20 03:00:00,4476.4,4487.8,4474.5,4483.9,1708.0
GCUSD,2026-05-20 03:15:00,4483.4,4486.6,4479.0,4485.1,975.0
GCUSD,2026-05-20 03:30:00,4485.4,4488.7,4478.6,4483.7,1665.0
GCUSD,2026-05-20 03:45:00,4483.6,4484.3,4477.5,4480.9,1297.0
GCUSD,2026-05-20 04:00:00,4481.1,4486.6,4479.1,4484.8,1478.0
GCUSD,2026-05-20 04:15:00,4484.6,4489.4,4480.6,4489.4,1255.0
GCUSD,2026-05-20 04:30:00,4489.3,4492.0,4479.1,4482.0,1224.0
GCUSD,2026-05-20 04:45:00,4481.9,4492.8,4481.9,4486.5,1274.0
GCUSD,2026-05-20 05:00:00,4486.2,4488.7,4482.0,4482.6,2707.0
GCUSD,2026-05-20 05:15:00,4482.8,4486.1,4475.2,4476.4,1770.0
GCUSD,2026-05-20 05:30:00,4476.5,4487.5,4475.1,4485.7,2068.0
GCUSD,2026-05-20 05:45:00,4485.9,4494.2,4484.4,4487.5,1496.0
GCUSD,2026-05-20 06:00:00,4487.5,4494.9,4487.3,4490.9,1553.0
GCUSD,2026-05-20 06:15:00,4490.8,4495.5,4490.0,4491.7,1450.0
GCUSD,2026-05-20 06:30:00,4491.4,4499.8,4491.1,4497.0,977.0
GCUSD,2026-05-20 06:45:00,4497.3,4498.6,4492.9,4497.1,1116.0
GCUSD,2026-05-20 07:00:00,4497.5,4499.4,4495.1,4495.4,885.0
GCUSD,2026-05-20 07:15:00,4495.8,4503.7,4493.7,4502.8,1042.0
GCUSD,2026-05-20 07:30:00,4502.1,4502.7,4495.9,4497.9,1020.0
GCUSD,2026-05-20 07:45:00,4497.3,4501.6,4493.1,4501.2,2371.0
GCUSD,2026-05-20 08:00:00,4501.0,4503.6,4498.1,4498.7,1324.0
GCUSD,2026-05-20 08:15:00,4498.7,4502.3,4495.3,4502.3,1664.0
GCUSD,2026-05-20 08:30:00,4502.3,4507.3,4501.9,4505.4,1889.0
GCUSD,2026-05-20 08:45:00,4505.7,4508.1,4496.5,4499.0,2528.0
GCUSD,2026-05-20 09:00:00,4499.0,4509.0,4496.5,4507.9,3904.0
GCUSD,2026-05-20 09:15:00,4507.7,4508.1,4491.7,4491.9,2451.0
GCUSD,2026-05-20 09:30:00,4491.8,4495.8,4485.5,4492.8,2952.0
GCUSD,2026-05-20 09:45:00,4492.4,4495.3,4484.6,4485.7,2304.0
GCUSD,2026-05-20 10:00:00,4485.5,4488.1,4469.1,4479.5,4872.0
GCUSD,2026-05-20 10:15:00,4479.4,4514.1,4478.9,4509.5,7685.0
GCUSD,2026-05-20 10:30:00,4509.9,4531.9,4509.9,4523.8,6311.0
GCUSD,2026-05-20 10:45:00,4524.0,4540.5,4519.5,4534.4,4307.0
GCUSD,2026-05-20 11:00:00,4534.8,4539.2,4526.5,4527.8,3211.0
GCUSD,2026-05-20 11:15:00,4528.1,4558.4,4527.8,4532.9,6648.0
GCUSD,2026-05-20 11:30:00,4532.7,4542.8,4531.0,4540.3,2144.0
GCUSD,2026-05-20 11:45:00,4540.3,4541.2,4530.4,4532.1,2181.0
GCUSD,2026-05-20 12:00:00,4532.1,4538.8,4531.5,4537.0,1660.0
GCUSD,2026-05-20 12:15:00,4536.6,4536.6,4527.1,4529.3,1683.0
GCUSD,2026-05-20 12:30:00,4529.2,4537.1,4527.4,4537.0,1468.0
GCUSD,2026-05-20 12:45:00,4537.1,4538.8,4533.4,4537.5,1997.0
GCUSD,2026-05-20 13:00:00,4537.7,4542.0,4534.2,4537.8,2145.0
GCUSD,2026-05-20 13:15:00,4537.8,4540.4,4534.2,4535.5,2279.0
GCUSD,2026-05-20 13:30:00,4535.8,4539.7,4533.0,4536.2,1387.0
GCUSD,2026-05-20 13:45:00,4536.3,4538.6,4533.5,4535.1,586.0
GCUSD,2026-05-20 14:00:00,4534.6,4537.7,4532.3,4536.4,581.0
GCUSD,2026-05-20 14:15:00,4536.4,4540.0,4535.2,4538.6,637.0
GCUSD,2026-05-20 14:30:00,4538.6,4546.9,4538.4,4540.7,1727.0
GCUSD,2026-05-20 14:45:00,4540.4,4548.5,4540.4,4545.6,598.0
GCUSD,2026-05-20 15:00:00,4545.8,4548.5,4544.9,4546.8,457.0
GCUSD,2026-05-20 15:15:00,4547.3,4549.3,4546.6,4548.1,595.0
GCUSD,2026-05-20 15:30:00,4548.3,4553.8,4547.6,4549.5,1176.0
GCUSD,2026-05-20 15:45:00,4549.7,4551.3,4547.9,4548.1,1216.0
GCUSD,2026-05-20 16:00:00,4548.4,4553.2,4548.0,4549.2,744.0
GCUSD,2026-05-20 16:15:00,4549.7,4551.2,4545.8,4548.6,603.0
GCUSD,2026-05-20 16:30:00,4549.0,4549.1,4545.2,4546.2,516.0
GCUSD,2026-05-20 16:45:00,4545.9,4547.3,4544.5,4546.2,419.0
GCUSD,2026-05-20 17:00:00,4535.3,4535.3,4535.3,4535.3,10.0
GCUSD,2026-05-20 18:00:00,4548.0,4549.9,4539.5,4541.2,656.0
GCUSD,2026-05-20 18:15:00,4541.2,4541.2,4536.0,4540.1,481.0
GCUSD,2026-05-20 18:30:00,4540.5,4544.3,4540.2,4543.0,321.0
GCUSD,2026-05-20 18:45:00,4542.8,4545.6,4538.2,4541.2,756.0
GCUSD,2026-05-20 19:00:00,4540.9,4544.7,4538.9,4541.2,253.0
GCUSD,2026-05-20 19:15:00,4541.3,4541.6,4535.6,4539.4,367.0
GCUSD,2026-05-20 19:30:00,4539.6,4546.2,4538.9,4544.2,458.0
GCUSD,2026-05-20 19:45:00,4543.8,4548.6,4543.4,4548.0,296.0
GCUSD,2026-05-20 20:00:00,4548.3,4549.9,4541.4,4546.2,489.0
GCUSD,2026-05-20 20:15:00,4546.9,4554.6,4538.7,4545.2,1190.0
GCUSD,2026-05-20 20:30:00,4545.6,4547.1,4541.4,4545.2,182.0
GCUSD,2026-05-20 20:45:00,4545.5,4550.2,4543.9,4547.0,321.0
GCUSD,2026-05-20 21:00:00,4548.0,4562.5,4541.4,4562.1,2167.0
GCUSD,2026-05-20 21:15:00,4562.1,4570.2,4558.9,4569.1,1669.0
GCUSD,2026-05-20 21:30:00,4568.7,4572.4,4563.6,4569.7,1132.0
GCUSD,2026-05-20 21:45:00,4569.4,4570.1,4560.7,4562.9,891.0
GCUSD,2026-05-20 22:00:00,4562.6,4566.8,4552.6,4554.2,822.0
GCUSD,2026-05-20 22:15:00,4553.5,4555.1,4541.6,4542.1,1182.0
GCUSD,2026-05-20 22:30:00,4541.8,4544.4,4535.7,4538.0,1224.0
GCUSD,2026-05-20 22:45:00,4537.8,4538.6,4533.2,4535.3,520.0
GCUSD,2026-05-20 23:00:00,4534.6,4540.5,4532.5,4539.3,702.0
GCUSD,2026-05-20 23:15:00,4539.4,4541.7,4534.7,4537.6,343.0
GCUSD,2026-05-20 23:30:00,4537.4,4539.0,4533.1,4535.3,372.0
GCUSD,2026-05-20 23:45:00,4535.7,4536.0,4528.3,4530.0,865.0
GCUSD,2026-05-21 00:00:00,4529.4,4537.6,4528.4,4537.5,468.0
GCUSD,2026-05-21 00:15:00,4537.8,4541.4,4535.7,4541.0,475.0
GCUSD,2026-05-21 00:30:00,4541.2,4541.6,4535.1,4538.3,350.0
GCUSD,2026-05-21 00:45:00,4538.2,4540.3,4536.5,4540.0,177.0
GCUSD,2026-05-21 01:00:00,4539.8,4541.6,4531.0,4532.4,407.0
GCUSD,2026-05-21 01:15:00,4531.9,4532.5,4522.8,4524.0,1241.0
GCUSD,2026-05-21 01:30:00,4524.5,4528.2,4519.0,4526.8,838.0
GCUSD,2026-05-21 01:45:00,4526.6,4531.0,4519.1,4528.9,767.0
GCUSD,2026-05-21 02:00:00,4528.0,4536.5,4527.5,4532.7,1235.0
GCUSD,2026-05-21 02:15:00,4532.1,4541.2,4529.3,4534.1,1416.0
GCUSD,2026-05-21 02:30:00,4534.1,4536.1,4523.9,4526.0,1202.0
GCUSD,2026-05-21 02:45:00,4525.9,4527.4,4520.0,4523.1,848.0
GCUSD,2026-05-21 03:00:00,4522.9,4525.8,4518.8,4522.2,767.0
GCUSD,2026-05-21 03:15:00,4521.4,4524.5,4513.2,4514.2,1112.0
GCUSD,2026-05-21 03:30:00,4514.3,4519.0,4513.3,4517.4,1605.0
GCUSD,2026-05-21 03:45:00,4517.6,4524.5,4515.4,4520.8,1207.0
GCUSD,2026-05-21 04:00:00,4520.9,4537.2,4519.2,4535.3,1673.0
GCUSD,2026-05-21 04:15:00,4535.8,4538.2,4530.2,4536.8,1587.0
GCUSD,2026-05-21 04:30:00,4536.9,4536.9,4528.1,4531.3,1187.0
GCUSD,2026-05-21 04:45:00,4530.6,4536.1,4529.2,4534.3,666.0
GCUSD,2026-05-21 05:00:00,4533.7,4541.9,4533.0,4539.0,820.0
GCUSD,2026-05-21 05:15:00,4539.1,4543.9,4536.5,4538.4,1210.0
GCUSD,2026-05-21 05:30:00,4538.0,4544.2,4530.7,4531.0,1544.0
GCUSD,2026-05-21 05:45:00,4530.8,4534.3,4528.8,4531.7,691.0
GCUSD,2026-05-21 06:00:00,4531.6,4537.6,4531.1,4533.5,1038.0
GCUSD,2026-05-21 06:15:00,4533.7,4536.0,4511.4,4519.3,2427.0
GCUSD,2026-05-21 06:30:00,4519.3,4519.4,4505.7,4518.4,2653.0
GCUSD,2026-05-21 06:45:00,4517.8,4518.8,4511.8,4511.9,1056.0
GCUSD,2026-05-21 07:00:00,4512.3,4521.1,4511.4,4517.1,950.0
GCUSD,2026-05-21 07:15:00,4517.8,4522.5,4513.5,4515.2,938.0
GCUSD,2026-05-21 07:30:00,4515.3,4516.9,4508.8,4513.4,583.0
GCUSD,2026-05-21 07:45:00,4513.0,4518.3,4511.9,4515.0,534.0
GCUSD,2026-05-21 08:00:00,4515.2,4520.2,4514.8,4515.5,1073.0
GCUSD,2026-05-21 08:15:00,4515.1,4515.5,4503.3,4507.5,1687.0
GCUSD,2026-05-21 08:30:00,4507.5,4518.8,4505.2,4516.1,3111.0
GCUSD,2026-05-21 08:45:00,4516.2,4519.1,4501.4,4505.0,2386.0
GCUSD,2026-05-21 09:00:00,4505.1,4513.7,4500.0,4502.8,2609.0
GCUSD,2026-05-21 09:15:00,4503.0,4506.6,4496.0,4502.0,2664.0
GCUSD,2026-05-21 09:30:00,4502.2,4503.5,4488.3,4498.7,4440.0
GCUSD,2026-05-21 09:45:00,4498.4,4522.3,4495.6,4513.7,4603.0
GCUSD,2026-05-21 10:00:00,4514.1,4516.7,4504.1,4509.5,5550.0
GCUSD,2026-05-21 10:15:00,4509.8,4510.8,4499.2,4508.9,3751.0
GCUSD,2026-05-21 10:30:00,4508.9,4512.7,4503.9,4506.1,3798.0
GCUSD,2026-05-21 10:45:00,4506.5,4512.0,4503.1,4510.0,4821.0
GCUSD,2026-05-21 11:00:00,4510.5,4517.0,4498.0,4511.3,2692.0
GCUSD,2026-05-21 11:15:00,4511.7,4513.1,4503.2,4504.6,5088.0
GCUSD,2026-05-21 11:30:00,4504.4,4511.1,4503.7,4508.1,4003.0
GCUSD,2026-05-21 11:45:00,4508.4,4513.9,4508.1,4513.0,1930.0
GCUSD,2026-05-21 12:00:00,4513.2,4522.4,4513.1,4518.6,2391.0
GCUSD,2026-05-21 12:15:00,4518.7,4520.0,4515.8,4517.8,3204.0
GCUSD,2026-05-21 12:30:00,4517.7,4520.7,4516.8,4519.3,898.0
GCUSD,2026-05-21 12:45:00,4519.2,4521.9,4517.5,4520.7,881.0
GCUSD,2026-05-21 13:00:00,4521.0,4533.0,4515.0,4527.7,3220.0
GCUSD,2026-05-21 13:15:00,4527.7,4548.1,4527.6,4543.4,6427.0
GCUSD,2026-05-21 13:30:00,4543.3,4550.9,4540.3,4550.0,4042.0
GCUSD,2026-05-21 13:45:00,4550.4,4561.2,4546.5,4553.1,2470.0
GCUSD,2026-05-21 14:00:00,4553.0,4557.8,4544.5,4547.2,1796.0
GCUSD,2026-05-21 14:15:00,4547.3,4552.3,4545.9,4549.9,804.0
GCUSD,2026-05-21 14:30:00,4549.7,4551.1,4544.2,4547.0,807.0
GCUSD,2026-05-21 14:45:00,4546.6,4547.5,4528.6,4533.7,2167.0
GCUSD,2026-05-21 15:00:00,4533.4,4539.4,4531.3,4538.8,785.0
GCUSD,2026-05-21 15:15:00,4539.5,4543.5,4539.0,4540.2,569.0
GCUSD,2026-05-21 15:30:00,4540.1,4544.4,4539.8,4540.3,416.0
GCUSD,2026-05-21 15:45:00,4540.5,4545.0,4535.5,4544.1,1406.0
GCUSD,2026-05-21 16:00:00,4543.9,4545.9,4542.0,4543.3,596.0
GCUSD,2026-05-21 16:15:00,4542.9,4543.4,4540.9,4542.4,90.0
GCUSD,2026-05-21 16:30:00,4542.5,4543.3,4541.3,4541.7,136.0
GCUSD,2026-05-21 16:45:00,4541.5,4544.7,4540.8,4544.2,1695.0
GCUSD,2026-05-21 17:00:00,4542.5,4542.5,4542.5,4542.5,1.0
GCUSD,2026-05-21 18:00:00,4544.2,4547.0,4540.4,4543.0,313.0
GCUSD,2026-05-21 18:15:00,4542.6,4543.7,4540.5,4541.2,92.0
GCUSD,2026-05-21 18:30:00,4542.1,4544.7,4540.8,4543.3,145.0
GCUSD,2026-05-21 18:45:00,4543.7,4544.1,4541.7,4544.1,64.0
GCUSD,2026-05-21 19:00:00,4544.4,4545.8,4543.2,4544.2,89.0
GCUSD,2026-05-21 19:15:00,4544.4,4545.3,4535.6,4541.3,192.0
GCUSD,2026-05-21 19:30:00,4540.8,4540.8,4533.4,4533.5,262.0
GCUSD,2026-05-21 19:45:00,4533.9,4537.1,4532.7,4536.0,390.0
GCUSD,2026-05-21 20:00:00,4536.2,4537.6,4531.5,4532.0,332.0
GCUSD,2026-05-21 20:15:00,4532.3,4538.3,4530.9,4537.6,278.0
GCUSD,2026-05-21 20:30:00,4537.8,4541.9,4536.8,4538.7,564.0
GCUSD,2026-05-21 20:45:00,4539.4,4539.4,4526.5,4528.4,619.0
GCUSD,2026-05-21 21:00:00,4527.6,4537.3,4524.1,4530.9,1000.0
GCUSD,2026-05-21 21:15:00,4530.9,4534.5,4527.3,4530.0,390.0
GCUSD,2026-05-21 21:30:00,4529.0,4530.6,4521.7,4526.1,707.0
GCUSD,2026-05-21 21:45:00,4525.7,4533.5,4525.7,4526.7,431.0
GCUSD,2026-05-21 22:00:00,4526.9,4530.4,4522.4,4528.8,578.0
GCUSD,2026-05-21 22:15:00,4528.9,4529.6,4523.2,4525.4,247.0
GCUSD,2026-05-21 22:30:00,4524.8,4525.5,4519.4,4524.2,557.0
GCUSD,2026-05-21 22:45:00,4524.1,4528.2,4520.4,4523.8,500.0
GCUSD,2026-05-21 23:00:00,4523.9,4526.0,4521.2,4521.4,363.0
GCUSD,2026-05-21 23:15:00,4521.4,4523.6,4519.7,4522.4,379.0
GCUSD,2026-05-21 23:30:00,4522.7,4528.4,4522.3,4527.3,893.0
GCUSD,2026-05-21 23:45:00,4527.9,4530.5,4527.2,4530.5,276.0
GCUSD,2026-05-22 00:00:00,4530.6,4531.3,4528.7,4530.3,317.0
GCUSD,2026-05-22 00:15:00,4530.3,4533.8,4528.4,4533.2,247.0
GCUSD,2026-05-22 00:30:00,4533.2,4533.8,4526.6,4530.3,351.0
GCUSD,2026-05-22 00:45:00,4529.8,4531.2,4528.0,4528.1,148.0
GCUSD,2026-05-22 01:00:00,4528.4,4530.5,4524.3,4526.5,301.0
GCUSD,2026-05-22 01:15:00,4526.1,4529.8,4524.5,4527.4,377.0
GCUSD,2026-05-22 01:30:00,4526.4,4535.3,4526.0,4534.7,606.0
GCUSD,2026-05-22 01:45:00,4535.0,4535.4,4508.2,4512.4,1700.0
GCUSD,2026-05-22 02:00:00,4511.9,4525.0,4511.1,4522.5,1306.0
GCUSD,2026-05-22 02:15:00,4522.2,4527.0,4517.1,4525.9,1117.0
GCUSD,2026-05-22 02:30:00,4526.0,4528.3,4522.3,4527.6,754.0
GCUSD,2026-05-22 02:45:00,4527.6,4529.6,4524.7,4527.7,1090.0
GCUSD,2026-05-22 03:00:00,4527.2,4527.7,4521.6,4523.2,1116.0
GCUSD,2026-05-22 03:15:00,4523.2,4528.2,4522.7,4526.2,950.0
GCUSD,2026-05-22 03:30:00,4526.5,4526.5,4516.7,4520.8,803.0
GCUSD,2026-05-22 03:45:00,4520.3,4524.1,4518.3,4522.7,725.0
GCUSD,2026-05-22 04:00:00,4522.7,4530.7,4522.5,4525.3,1295.0
GCUSD,2026-05-22 04:15:00,4525.5,4531.9,4524.5,4527.4,1404.0
GCUSD,2026-05-22 04:30:00,4528.0,4528.0,4516.9,4523.1,1261.0
GCUSD,2026-05-22 04:45:00,4523.5,4526.0,4522.3,4522.9,637.0
GCUSD,2026-05-22 05:00:00,4522.4,4526.3,4517.5,4517.9,1087.0
GCUSD,2026-05-22 05:15:00,4517.6,4521.1,4515.8,4518.2,1176.0
GCUSD,2026-05-22 05:30:00,4518.1,4527.0,4515.0,4525.5,1451.0
GCUSD,2026-05-22 05:45:00,4526.0,4536.7,4524.9,4532.9,1589.0
GCUSD,2026-05-22 06:00:00,4532.9,4537.6,4530.3,4534.6,1071.0
GCUSD,2026-05-22 06:15:00,4534.8,4535.1,4525.4,4525.8,1457.0
GCUSD,2026-05-22 06:30:00,4525.4,4526.2,4513.5,4513.6,2049.0
GCUSD,2026-05-22 06:45:00,4513.7,4516.3,4511.4,4515.5,1112.0
GCUSD,2026-05-22 07:00:00,4515.7,4518.2,4514.5,4516.7,711.0
GCUSD,2026-05-22 07:15:00,4516.4,4516.4,4512.3,4512.6,1180.0
GCUSD,2026-05-22 07:30:00,4512.5,4524.0,4512.0,4522.5,847.0
GCUSD,2026-05-22 07:45:00,4522.7,4525.8,4520.6,4521.5,790.0
GCUSD,2026-05-22 08:00:00,4521.1,4532.4,4519.0,4530.5,2006.0
GCUSD,2026-05-22 08:15:00,4530.4,4537.4,4521.6,4522.6,2752.0
GCUSD,2026-05-22 08:30:00,4522.8,4524.7,4515.7,4519.6,1570.0
GCUSD,2026-05-22 08:45:00,4519.5,4529.7,4518.4,4529.5,4097.0
GCUSD,2026-05-22 09:00:00,4529.6,4535.7,4521.6,4529.1,2505.0
GCUSD,2026-05-22 09:15:00,4529.4,4531.0,4521.8,4522.9,1741.0
GCUSD,2026-05-22 09:30:00,4522.6,4528.1,4511.2,4518.4,3637.0
GCUSD,2026-05-22 09:45:00,4518.0,4519.7,4510.0,4514.5,2446.0
GCUSD,2026-05-22 10:00:00,4514.5,4515.0,4488.0,4498.0,5356.0
GCUSD,2026-05-22 10:15:00,4497.8,4501.4,4488.9,4499.1,3794.0
GCUSD,2026-05-22 10:30:00,4499.7,4507.4,4497.8,4505.1,3579.0
GCUSD,2026-05-22 10:45:00,4504.9,4508.3,4501.2,4501.4,2233.0
GCUSD,2026-05-22 11:00:00,4501.6,4512.8,4501.0,4511.6,1598.0
GCUSD,2026-05-22 11:15:00,4512.0,4519.9,4511.6,4519.9,2335.0
GCUSD,2026-05-22 11:30:00,4520.0,4522.9,4518.0,4518.8,1658.0
GCUSD,2026-05-22 11:45:00,4519.2,4523.2,4515.4,4521.0,2346.0
GCUSD,2026-05-22 12:00:00,4521.3,4521.6,4517.9,4520.4,1519.0
GCUSD,2026-05-22 12:15:00,4520.3,4526.0,4517.7,4525.4,1439.0
GCUSD,2026-05-22 12:30:00,4525.1,4528.4,4512.8,4516.0,1550.0
GCUSD,2026-05-22 12:45:00,4515.9,4519.5,4513.6,4516.3,1207.0
GCUSD,2026-05-22 13:00:00,4516.5,4522.9,4516.2,4520.8,1460.0
GCUSD,2026-05-22 13:15:00,4520.8,4527.6,4514.5,4526.9,3703.0
GCUSD,2026-05-22 13:30:00,4526.8,4529.9,4521.1,4523.4,1737.0
GCUSD,2026-05-22 13:45:00,4523.9,4524.2,4520.1,4520.2,441.0
GCUSD,2026-05-22 14:00:00,4520.5,4521.0,4513.5,4515.7,1026.0
GCUSD,2026-05-22 14:15:00,4515.4,4519.6,4514.0,4517.2,643.0
GCUSD,2026-05-22 14:30:00,4517.0,4522.7,4515.7,4516.8,914.0
GCUSD,2026-05-22 14:45:00,4517.2,4517.9,4514.6,4517.0,825.0
GCUSD,2026-05-22 15:00:00,4516.9,4517.7,4508.7,4509.0,1191.0
GCUSD,2026-05-22 15:15:00,4509.0,4511.0,4508.0,4508.7,412.0
GCUSD,2026-05-22 15:30:00,4509.1,4512.6,4505.6,4511.4,1224.0
GCUSD,2026-05-22 15:45:00,4511.3,4511.5,4508.3,4510.0,890.0
GCUSD,2026-05-22 16:00:00,4510.1,4510.9,4505.9,4509.7,441.0
GCUSD,2026-05-22 16:15:00,4509.8,4511.9,4508.3,4511.9,192.0
GCUSD,2026-05-22 16:30:00,4511.6,4512.0,4505.8,4506.2,438.0
GCUSD,2026-05-22 16:45:00,4506.4,4511.5,4505.4,4510.5,550.0
GCUSD,2026-05-24 18:00:00,4532.0,4560.3,4531.3,4557.6,2770.0
GCUSD,2026-05-24 18:15:00,4557.7,4558.3,4550.8,4553.9,893.0
GCUSD,2026-05-24 18:30:00,4553.7,4563.1,4553.6,4560.1,726.0
GCUSD,2026-05-24 18:45:00,4560.6,4567.7,4560.0,4567.6,456.0
GCUSD,2026-05-24 19:00:00,4567.6,4578.9,4567.6,4576.4,1163.0
GCUSD,2026-05-24 19:15:00,4576.7,4580.4,4575.7,4577.3,648.0
GCUSD,2026-05-24 19:30:00,4577.4,4582.6,4577.3,4579.1,671.0
GCUSD,2026-05-24 19:45:00,4579.5,4580.1,4567.3,4569.1,776.0
GCUSD,2026-05-24 20:00:00,4569.1,4577.9,4568.5,4574.4,748.0
GCUSD,2026-05-24 20:15:00,4574.9,4577.6,4571.4,4574.3,414.0
GCUSD,2026-05-24 20:30:00,4574.4,4577.3,4572.3,4573.0,377.0
GCUSD,2026-05-24 20:45:00,4573.7,4581.5,4566.9,4571.2,788.0
GCUSD,2026-05-24 21:00:00,4570.8,4577.8,4561.7,4567.2,1227.0
GCUSD,2026-05-24 21:15:00,4567.5,4576.7,4563.6,4574.7,777.0
GCUSD,2026-05-24 21:30:00,4574.9,4575.7,4564.4,4564.4,414.0
GCUSD,2026-05-24 21:45:00,4564.0,4568.0,4561.1,4563.4,764.0
GCUSD,2026-05-24 22:00:00,4563.8,4569.4,4561.8,4562.8,431.0
GCUSD,2026-05-24 22:15:00,4562.6,4564.2,4559.4,4563.5,333.0
GCUSD,2026-05-24 22:30:00,4563.6,4570.5,4562.4,4570.5,599.0
GCUSD,2026-05-24 22:45:00,4570.2,4571.2,4559.7,4562.0,726.0
GCUSD,2026-05-24 23:00:00,4562.5,4565.0,4560.7,4563.6,429.0
GCUSD,2026-05-24 23:15:00,4563.7,4565.2,4560.9,4561.1,349.0
GCUSD,2026-05-24 23:30:00,4561.2,4564.7,4558.4,4559.3,426.0
GCUSD,2026-05-24 23:45:00,4559.2,4561.9,4557.3,4560.4,356.0
GCUSD,2026-05-25 00:00:00,4560.3,4563.4,4560.1,4561.4,280.0
GCUSD,2026-05-25 00:15:00,4561.4,4566.6,4560.8,4565.8,291.0
GCUSD,2026-05-25 00:30:00,4566.0,4566.1,4560.4,4563.1,502.0
GCUSD,2026-05-25 00:45:00,4563.2,4566.8,4563.1,4566.0,234.0
GCUSD,2026-05-25 01:00:00,4566.1,4567.2,4564.0,4564.5,315.0
GCUSD,2026-05-25 01:15:00,4564.5,4564.6,4555.1,4555.2,502.0
GCUSD,2026-05-25 01:30:00,4555.6,4562.0,4553.9,4558.2,793.0
GCUSD,2026-05-25 01:45:00,4558.1,4559.2,4553.2,4554.6,453.0
GCUSD,2026-05-25 02:00:00,4553.9,4556.9,4551.3,4554.9,506.0
GCUSD,2026-05-25 02:15:00,4555.2,4558.5,4553.1,4555.1,345.0
GCUSD,2026-05-25 02:30:00,4555.2,4558.4,4554.7,4557.4,312.0
GCUSD,2026-05-25 02:45:00,4557.5,4564.1,4557.3,4563.3,738.0
GCUSD,2026-05-25 03:00:00,4563.5,4565.5,4561.4,4562.0,599.0
GCUSD,2026-05-25 03:15:00,4561.7,4562.2,4553.3,4555.5,1373.0
GCUSD,2026-05-25 03:30:00,4555.4,4563.2,4555.3,4561.2,619.0
GCUSD,2026-05-25 03:45:00,4561.0,4566.8,4559.8,4566.0,460.0
GCUSD,2026-05-25 04:00:00,4566.2,4566.6,4561.1,4562.5,595.0
GCUSD,2026-05-25 04:15:00,4562.3,4562.6,4555.2,4556.1,1098.0
GCUSD,2026-05-25 04:30:00,4556.6,4559.5,4554.9,4556.1,572.0
GCUSD,2026-05-25 04:45:00,4556.2,4558.1,4555.0,4557.6,470.0
GCUSD,2026-05-25 05:00:00,4557.5,4560.2,4556.5,4557.2,393.0
GCUSD,2026-05-25 05:15:00,4557.0,4560.6,4557.0,4560.6,303.0
GCUSD,2026-05-25 05:30:00,4560.6,4567.7,4559.9,4567.3,1030.0
GCUSD,2026-05-25 05:45:00,4567.0,4570.6,4566.1,4569.4,546.0
GCUSD,2026-05-25 06:00:00,4569.4,4574.4,4569.1,4573.4,577.0
GCUSD,2026-05-25 06:15:00,4573.8,4575.3,4571.5,4572.3,474.0
GCUSD,2026-05-25 06:30:00,4572.2,4574.9,4570.2,4572.1,890.0
GCUSD,2026-05-25 06:45:00,4572.2,4574.2,4570.5,4570.7,324.0
GCUSD,2026-05-25 07:00:00,4570.4,4574.1,4569.3,4574.0,322.0
GCUSD,2026-05-25 07:15:00,4574.2,4577.6,4571.5,4573.5,749.0
GCUSD,2026-05-25 07:30:00,4573.7,4578.3,4573.7,4576.3,467.0
GCUSD,2026-05-25 07:45:00,4576.9,4579.0,4571.2,4571.2,579.0
GCUSD,2026-05-25 08:00:00,4570.9,4571.2,4557.5,4558.1,1871.0
GCUSD,2026-05-25 08:15:00,4558.0,4562.3,4554.4,4561.9,1359.0
GCUSD,2026-05-25 08:30:00,4562.0,4572.0,4561.4,4568.3,1005.0
GCUSD,2026-05-25 08:45:00,4568.5,4570.5,4565.9,4569.6,478.0
GCUSD,2026-05-25 09:00:00,4569.4,4573.4,4563.4,4566.0,1012.0
GCUSD,2026-05-25 09:15:00,4565.8,4566.3,4562.2,4563.3,487.0
GCUSD,2026-05-25 09:30:00,4563.3,4567.4,4563.1,4566.6,240.0
GCUSD,2026-05-25 09:45:00,4566.8,4566.8,4561.8,4564.8,326.0
GCUSD,2026-05-25 10:00:00,4564.6,4571.8,4564.3,4569.3,975.0
GCUSD,2026-05-25 10:15:00,4569.2,4572.4,4569.0,4569.5,277.0
GCUSD,2026-05-25 10:30:00,4569.5,4570.1,4566.7,4568.4,434.0
GCUSD,2026-05-25 10:45:00,4568.7,4570.6,4567.1,4568.3,513.0
GCUSD,2026-05-25 11:00:00,4568.3,4575.8,4567.4,4571.8,740.0
GCUSD,2026-05-25 11:15:00,4572.1,4576.8,4569.7,4575.3,844.0
GCUSD,2026-05-25 11:30:00,4575.0,4575.2,4568.5,4570.5,467.0
GCUSD,2026-05-25 11:45:00,4570.6,4574.5,4570.5,4572.7,281.0
GCUSD,2026-05-25 12:00:00,4572.9,4572.9,4570.3,4572.2,206.0
GCUSD,2026-05-25 12:15:00,4572.2,4572.5,4569.9,4570.0,108.0
GCUSD,2026-05-25 12:30:00,4569.9,4574.5,4569.9,4574.3,231.0
GCUSD,2026-05-25 12:45:00,4574.3,4576.7,4572.8,4575.7,427.0
GCUSD,2026-05-25 13:00:00,4576.0,4581.0,4575.4,4576.6,684.0
GCUSD,2026-05-25 13:15:00,4576.4,4577.0,4572.7,4573.9,198.0
GCUSD,2026-05-25 13:30:00,4573.8,4573.8,4568.8,4568.9,310.0
GCUSD,2026-05-25 13:45:00,4569.1,4569.1,4565.6,4567.5,328.0
GCUSD,2026-05-25 14:00:00,4567.5,4573.9,4566.6,4571.4,176.0
GCUSD,2026-05-25 14:15:00,4571.4,4573.6,4569.8,4573.6,152.0
GCUSD,2026-05-25 14:30:00,4573.6,4573.6,4573.6,4573.6,8.0
GCUSD,2026-05-25 18:00:00,4571.6,4576.1,4571.3,4574.9,496.0
GCUSD,2026-05-25 18:15:00,4575.5,4577.6,4574.7,4575.0,194.0
GCUSD,2026-05-25 18:30:00,4574.4,4577.3,4571.3,4575.9,349.0
GCUSD,2026-05-25 18:45:00,4575.5,4578.6,4575.4,4577.2,117.0
GCUSD,2026-05-25 19:00:00,4577.2,4582.0,4575.6,4581.4,452.0
GCUSD,2026-05-25 19:15:00,4581.4,4583.3,4569.2,4570.4,689.0
GCUSD,2026-05-25 19:30:00,4570.5,4570.9,4556.8,4559.0,1108.0
GCUSD,2026-05-25 19:45:00,4559.1,4565.0,4558.8,4561.3,555.0
GCUSD,2026-05-25 20:00:00,4561.7,4562.1,4549.0,4553.0,1345.0
GCUSD,2026-05-25 20:15:00,4553.7,4554.6,4542.3,4550.6,958.0
GCUSD,2026-05-25 20:30:00,4550.5,4554.0,4544.3,4549.4,502.0
GCUSD,2026-05-25 20:45:00,4548.1,4552.6,4540.8,4550.7,731.0
GCUSD,2026-05-25 21:00:00,4550.7,4552.2,4542.5,4550.1,918.0
GCUSD,2026-05-25 21:15:00,4549.6,4549.7,4542.7,4544.8,497.0
GCUSD,2026-05-25 21:30:00,4544.8,4544.8,4528.1,4533.2,1787.0
GCUSD,2026-05-25 21:45:00,4532.3,4538.3,4532.3,4538.0,807.0
GCUSD,2026-05-25 22:00:00,4538.2,4540.6,4536.3,4539.3,413.0
GCUSD,2026-05-25 22:15:00,4539.8,4540.1,4537.3,4537.7,432.0
GCUSD,2026-05-25 22:30:00,4537.8,4539.6,4534.2,4534.7,833.0
GCUSD,2026-05-25 22:45:00,4534.9,4535.5,4530.7,4532.8,808.0
GCUSD,2026-05-25 23:00:00,4533.0,4539.1,4533.0,4537.7,617.0
GCUSD,2026-05-25 23:15:00,4537.5,4544.3,4537.4,4542.7,656.0
GCUSD,2026-05-25 23:30:00,4542.7,4546.0,4541.4,4542.0,666.0
GCUSD,2026-05-25 23:45:00,4541.6,4544.5,4541.2,4542.9,407.0
GCUSD,2026-05-26 00:00:00,4542.7,4543.6,4536.3,4538.3,503.0
GCUSD,2026-05-26 00:15:00,4538.1,4540.2,4533.0,4533.0,627.0
GCUSD,2026-05-26 00:30:00,4533.2,4533.8,4525.6,4526.8,2765.0
GCUSD,2026-05-26 00:45:00,4526.6,4529.6,4523.9,4526.1,526.0
GCUSD,2026-05-26 01:00:00,4525.8,4531.8,4523.4,4529.7,700.0
GCUSD,2026-05-26 01:15:00,4529.7,4531.9,4529.2,4531.8,444.0
GCUSD,2026-05-26 01:30:00,4531.5,4535.6,4528.3,4529.9,1063.0
GCUSD,2026-05-26 01:45:00,4529.6,4530.2,4524.0,4527.8,866.0
GCUSD,2026-05-26 02:00:00,4527.9,4533.2,4527.4,4532.0,868.0
GCUSD,2026-05-26 02:15:00,4532.0,4536.7,4528.5,4530.8,1645.0
GCUSD,2026-05-26 02:30:00,4530.7,4534.4,4529.3,4534.3,1244.0
GCUSD,2026-05-26 02:45:00,4534.3,4534.5,4529.2,4531.8,1610.0
GCUSD,2026-05-26 03:00:00,4531.9,4534.6,4526.1,4529.0,1599.0
GCUSD,2026-05-26 03:15:00,4528.6,4531.9,4522.3,4530.0,988.0
GCUSD,2026-05-26 03:30:00,4530.1,4530.1,4521.8,4527.0,1179.0
GCUSD,2026-05-26 03:45:00,4527.4,4539.9,4526.1,4538.6,1971.0
GCUSD,2026-05-26 04:00:00,4539.0,4539.6,4527.0,4527.7,2518.0
GCUSD,2026-05-26 04:15:00,4528.0,4530.2,4520.7,4522.9,1951.0
GCUSD,2026-05-26 04:30:00,4522.4,4526.7,4520.2,4525.6,1847.0
GCUSD,2026-05-26 04:45:00,4525.5,4527.9,4520.4,4524.7,1990.0
GCUSD,2026-05-26 05:00:00,4524.3,4525.5,4519.3,4520.7,1689.0
GCUSD,2026-05-26 05:15:00,4520.6,4527.2,4518.2,4525.2,2011.0
GCUSD,2026-05-26 05:30:00,4525.3,4525.3,4512.3,4513.6,2601.0
GCUSD,2026-05-26 05:45:00,4513.4,4523.9,4513.3,4523.1,2132.0
GCUSD,2026-05-26 06:00:00,4523.0,4532.7,4519.5,4529.5,3439.0
GCUSD,2026-05-26 06:15:00,4529.8,4535.9,4527.8,4533.9,2349.0
GCUSD,2026-05-26 06:30:00,4534.0,4539.3,4531.8,4533.6,1863.0
GCUSD,2026-05-26 06:45:00,4533.8,4540.9,4533.7,4534.9,1920.0
GCUSD,2026-05-26 07:00:00,4535.1,4537.0,4532.1,4532.1,1665.0
GCUSD,2026-05-26 07:15:00,4532.5,4533.2,4522.9,4523.7,3221.0
GCUSD,2026-05-26 07:30:00,4523.9,4524.0,4504.3,4510.1,6305.0
GCUSD,2026-05-26 07:45:00,4509.8,4515.8,4503.0,4507.5,3658.0
GCUSD,2026-05-26 08:00:00,4507.1,4512.6,4503.9,4510.5,3710.0
GCUSD,2026-05-26 08:15:00,4510.1,4515.9,4503.8,4506.3,3514.0
GCUSD,2026-05-26 08:30:00,4506.0,4512.0,4500.2,4512.0,4797.0
GCUSD,2026-05-26 08:45:00,4512.1,4524.3,4510.3,4520.7,4706.0
GCUSD,2026-05-26 09:00:00,4520.6,4526.8,4516.5,4518.6,5928.0
GCUSD,2026-05-26 09:15:00,4518.9,4528.5,4518.6,4522.7,3297.0
GCUSD,2026-05-26 09:30:00,4523.0,4532.3,4521.5,4528.0,4452.0
GCUSD,2026-05-26 09:45:00,4528.1,4530.1,4512.6,4514.6,6137.0
GCUSD,2026-05-26 10:00:00,4515.1,4521.3,4508.3,4511.2,4067.0
GCUSD,2026-05-26 10:15:00,4511.3,4518.8,4509.2,4518.1,2868.0
GCUSD,2026-05-26 10:30:00,4518.1,4525.6,4517.2,4522.0,2965.0
GCUSD,2026-05-26 10:45:00,4521.9,4522.9,4512.9,4515.6,2217.0
GCUSD,2026-05-26 11:00:00,4515.6,4515.8,4508.4,4509.7,2748.0
GCUSD,2026-05-26 11:15:00,4509.6,4511.2,4505.2,4506.2,4065.0
GCUSD,2026-05-26 11:30:00,4506.7,4509.5,4502.5,4508.7,3391.0
GCUSD,2026-05-26 11:45:00,4508.5,4511.3,4506.2,4506.7,3268.0
GCUSD,2026-05-26 12:00:00,4506.5,4508.6,4499.3,4502.0,1932.0
GCUSD,2026-05-26 12:15:00,4501.8,4509.4,4499.6,4508.6,2117.0
GCUSD,2026-05-26 12:30:00,4508.7,4512.0,4506.5,4506.9,2039.0
GCUSD,2026-05-26 12:45:00,4506.9,4508.2,4503.1,4505.2,1484.0
GCUSD,2026-05-26 13:00:00,4504.9,4507.9,4503.5,4503.8,964.0
GCUSD,2026-05-26 13:15:00,4503.8,4508.9,4500.7,4501.4,3058.0
GCUSD,2026-05-26 13:30:00,4501.6,4502.0,4494.6,4498.5,4095.0
GCUSD,2026-05-26 13:45:00,4498.4,4501.1,4487.4,4490.0,3878.0
GCUSD,2026-05-26 14:00:00,4490.0,4492.8,4480.0,4486.5,3928.0
GCUSD,2026-05-26 14:15:00,4486.7,4495.6,4485.7,4494.6,1622.0
GCUSD,2026-05-26 14:30:00,4494.6,4497.9,4493.7,4495.6,573.0
GCUSD,2026-05-26 14:45:00,4495.5,4499.2,4495.5,4498.7,841.0
GCUSD,2026-05-26 15:00:00,4499.0,4500.7,4497.2,4499.3,627.0
GCUSD,2026-05-26 15:15:00,4499.2,4505.0,4499.0,4502.1,1233.0
GCUSD,2026-05-26 15:30:00,4502.0,4505.7,4500.4,4504.4,1129.0
GCUSD,2026-05-26 15:45:00,4504.7,4509.8,4503.7,4508.7,1727.0
GCUSD,2026-05-26 16:00:00,4509.0,4511.8,4506.1,4507.8,719.0
GCUSD,2026-05-26 16:15:00,4508.2,4509.9,4506.3,4506.6,650.0
GCUSD,2026-05-26 16:30:00,4507.1,4510.0,4506.0,4508.9,258.0
GCUSD,2026-05-26 16:45:00,4509.1,4510.5,4504.3,4507.3,640.0
GCUSD,2026-05-26 17:00:00,4502.3,4502.3,4502.3,4502.3,1.0
GCUSD,2026-05-26 18:00:00,4507.4,4509.9,4503.3,4505.0,454.0
GCUSD,2026-05-26 18:15:00,4505.4,4510.9,4504.3,4505.8,174.0
GCUSD,2026-05-26 18:30:00,4506.3,4506.9,4498.9,4501.3,238.0
GCUSD,2026-05-26 18:45:00,4502.0,4512.7,4499.9,4510.9,348.0
GCUSD,2026-05-26 19:00:00,4512.3,4514.1,4507.4,4508.7,125.0
GCUSD,2026-05-26 19:15:00,4509.4,4511.8,4504.7,4511.8,122.0
GCUSD,2026-05-26 19:30:00,4512.0,4526.8,4511.0,4526.0,793.0
GCUSD,2026-05-26 19:45:00,4526.8,4528.1,4519.2,4519.6,291.0
GCUSD,2026-05-26 20:00:00,4517.4,4525.8,4517.0,4521.9,192.0
GCUSD,2026-05-26 20:15:00,4520.9,4521.5,4513.6,4517.8,139.0
GCUSD,2026-05-26 20:30:00,4517.5,4520.3,4516.3,4518.0,234.0
GCUSD,2026-05-26 20:45:00,4519.2,4521.7,4514.6,4514.6,146.0
GCUSD,2026-05-26 21:00:00,4516.8,4520.3,4512.1,4519.0,298.0
GCUSD,2026-05-26 21:15:00,4519.3,4520.2,4514.0,4515.4,205.0
GCUSD,2026-05-26 21:30:00,4514.4,4516.3,4508.6,4509.3,235.0
GCUSD,2026-05-26 21:45:00,4508.9,4509.4,4506.2,4507.5,153.0
GCUSD,2026-05-26 22:00:00,4508.6,4508.6,4501.6,4502.4,208.0
GCUSD,2026-05-26 22:15:00,4503.7,4505.1,4498.4,4505.1,199.0
GCUSD,2026-05-26 22:30:00,4505.1,4505.3,4498.1,4500.3,170.0
GCUSD,2026-05-26 22:45:00,4498.9,4506.4,4497.8,4505.2,118.0
GCUSD,2026-05-26 23:00:00,4505.3,4509.4,4505.2,4508.9,79.0
GCUSD,2026-05-26 23:15:00,4508.7,4510.4,4504.7,4504.8,110.0
GCUSD,2026-05-26 23:30:00,4505.1,4505.5,4501.0,4503.0,110.0
GCUSD,2026-05-26 23:45:00,4502.7,4503.9,4495.8,4495.8,111.0
GCUSD,2026-05-27 00:00:00,4496.0,4502.1,4494.8,4501.4,165.0
GCUSD,2026-05-27 00:15:00,4501.5,4501.9,4498.7,4499.4,112.0
GCUSD,2026-05-27 00:30:00,4498.3,4507.7,4496.9,4507.7,206.0
GCUSD,2026-05-27 00:45:00,4507.4,4516.2,4507.4,4509.3,356.0
GCUSD,2026-05-27 01:00:00,4508.8,4512.8,4507.9,4508.0,343.0
GCUSD,2026-05-27 01:15:00,4506.1,4506.4,4503.4,4505.8,437.0
GCUSD,2026-05-27 01:30:00,4506.8,4506.9,4491.0,4492.5,549.0
GCUSD,2026-05-27 01:45:00,4491.7,4500.5,4490.5,4496.5,474.0
GCUSD,2026-05-27 02:00:00,4496.4,4497.8,4492.3,4492.9,362.0
GCUSD,2026-05-27 02:15:00,4493.0,4494.8,4483.0,4486.5,1058.0
GCUSD,2026-05-27 02:30:00,4485.5,4487.1,4478.5,4486.6,620.0
GCUSD,2026-05-27 02:45:00,4486.7,4489.4,4483.0,4484.5,822.0
GCUSD,2026-05-27 03:00:00,4485.3,4487.5,4479.7,4479.8,385.0
GCUSD,2026-05-27 03:15:00,4479.5,4488.1,4479.5,4485.5,882.0
GCUSD,2026-05-27 03:30:00,4485.4,4487.9,4480.3,4481.9,783.0
GCUSD,2026-05-27 03:45:00,4481.5,4483.0,4473.4,4480.7,1896.0
GCUSD,2026-05-27 04:00:00,4480.1,4487.9,4479.5,4484.7,1844.0
GCUSD,2026-05-27 04:15:00,4484.8,4490.4,4484.7,4487.5,1525.0
GCUSD,2026-05-27 04:30:00,4487.4,4495.3,4484.6,4494.2,1314.0
GCUSD,2026-05-27 04:45:00,4494.7,4496.7,4491.9,4494.9,1927.0
GCUSD,2026-05-27 05:00:00,4494.9,4495.7,4487.1,4491.0,2374.0
GCUSD,2026-05-27 05:15:00,4490.8,4493.7,4487.5,4487.9,1827.0
GCUSD,2026-05-27 05:30:00,4488.6,4490.8,4485.1,4487.6,2079.0
GCUSD,2026-05-27 05:45:00,4487.3,4491.7,4487.3,4488.9,981.0
GCUSD,2026-05-27 06:00:00,4488.9,4489.3,4483.0,4483.6,2013.0
GCUSD,2026-05-27 06:15:00,4484.3,4484.4,4475.2,4477.1,2158.0
GCUSD,2026-05-27 06:30:00,4475.7,4475.7,4459.6,4463.2,5478.0
GCUSD,2026-05-27 06:45:00,4463.1,4464.2,4440.0,4446.6,5371.0
GCUSD,2026-05-27 07:00:00,4443.2,4450.3,4441.0,4448.0,4568.0
GCUSD,2026-05-27 07:15:00,4448.8,4449.9,4437.6,4438.9,4492.0
GCUSD,2026-05-27 07:30:00,4437.9,4441.5,4429.6,4440.2,3593.0
GCUSD,2026-05-27 07:45:00,4441.5,4442.0,4421.8,4425.6,3982.0
GCUSD,2026-05-27 08:00:00,4426.0,4434.9,4425.9,4427.7,4032.0
GCUSD,2026-05-27 08:15:00,4428.0,4463.4,4425.3,4452.1,2421.0
GCUSD,2026-05-27 08:30:00,4453.3,4456.9,4442.4,4444.3,4726.0
GCUSD,2026-05-27 08:45:00,4443.7,4444.8,4435.7,4436.5,4464.0
GCUSD,2026-05-27 09:00:00,4436.3,4437.1,4409.6,4414.5,4753.0
GCUSD,2026-05-27 09:15:00,4414.4,4419.0,4398.5,4401.6,6524.0
GCUSD,2026-05-27 09:30:00,4401.4,4423.2,4401.4,4417.7,5446.0
GCUSD,2026-05-27 09:45:00,4417.2,4432.5,4417.1,4424.7,4473.0
GCUSD,2026-05-27 10:00:00,4425.8,4454.3,4424.8,4446.0,4929.0
GCUSD,2026-05-27 10:15:00,4446.6,4453.3,4439.0,4444.2,4352.0
GCUSD,2026-05-27 10:30:00,4443.9,4447.8,4433.9,4441.9,2093.0
GCUSD,2026-05-27 10:45:00,4442.4,4444.0,4432.3,4433.0,3421.0
GCUSD,2026-05-27 11:00:00,4433.4,4436.5,4426.7,4429.8,4857.0
GCUSD,2026-05-27 11:15:00,4428.3,4434.6,4428.3,4434.6,2500.0
GCUSD,2026-05-27 11:30:00,4435.7,4439.6,4432.0,4432.2,2862.0
GCUSD,2026-05-27 11:45:00,4433.2,4436.8,4429.4,4435.1,1723.0
GCUSD,2026-05-27 12:00:00,4434.4,4440.2,4433.1,4438.7,2832.0
GCUSD,2026-05-27 12:15:00,4439.2,4446.1,4439.2,4445.4,2006.0
GCUSD,2026-05-27 12:30:00,4445.7,4451.5,4443.7,4449.1,2114.0
GCUSD,2026-05-27 12:45:00,4449.5,4451.1,4447.9,4449.4,2267.0
GCUSD,2026-05-27 13:00:00,4448.0,4450.4,4439.9,4441.9,2450.0
GCUSD,2026-05-27 13:15:00,4441.8,4449.7,4441.6,4448.5,2909.0
GCUSD,2026-05-27 13:30:00,4448.6,4452.8,4448.5,4449.0,3324.0
GCUSD,2026-05-27 13:45:00,4449.6,4452.8,4448.5,4448.9,1160.0
GCUSD,2026-05-27 14:00:00,4448.3,4450.4,4446.2,4448.3,802.0
GCUSD,2026-05-27 14:15:00,4448.2,4456.9,4448.2,4453.0,1082.0
GCUSD,2026-05-27 14:30:00,4454.5,4454.6,4450.0,4452.2,761.0
GCUSD,2026-05-27 14:45:00,4451.4,4453.6,4450.8,4453.3,296.0
GCUSD,2026-05-27 15:00:00,4452.2,4452.2,4449.0,4449.0,968.0
GCUSD,2026-05-27 15:15:00,4449.9,4452.4,4447.9,4449.3,711.0
GCUSD,2026-05-27 15:30:00,4449.6,4453.5,4448.3,4452.5,892.0
GCUSD,2026-05-27 15:45:00,4452.1,4452.1,4447.7,4449.1,1184.0
GCUSD,2026-05-27 16:00:00,4449.5,4452.5,4449.1,4452.5,656.0
GCUSD,2026-05-27 16:15:00,4455.0,4457.2,4454.0,4454.3,465.0
GCUSD,2026-05-27 16:30:00,4453.8,4454.5,4450.5,4451.5,201.0
GCUSD,2026-05-27 16:45:00,4451.9,4455.0,4451.3,4454.9,256.0
GCUSD,2026-05-27 17:00:00,4448.4,4448.4,4448.4,4448.4,5.0
GCUSD,2026-05-27 18:00:00,4488.0,4502.0,4485.9,4488.8,795.0
GCUSD,2026-05-27 18:15:00,4488.0,4492.6,4487.2,4490.1,275.0
GCUSD,2026-05-27 18:30:00,4490.1,4492.9,4485.5,4488.9,473.0
GCUSD,2026-05-27 18:45:00,4488.7,4489.0,4485.5,4488.0,165.0
GCUSD,2026-05-27 19:00:00,4487.7,4488.2,4481.9,4484.5,325.0
GCUSD,2026-05-27 19:15:00,4483.9,4485.7,4479.4,4481.1,443.0
GCUSD,2026-05-27 19:30:00,4480.7,4484.7,4480.0,4481.2,348.0
GCUSD,2026-05-27 19:45:00,4481.0,4481.0,4473.2,4477.7,725.0
GCUSD,2026-05-27 20:00:00,4477.4,4482.9,4475.0,4475.3,358.0
GCUSD,2026-05-27 20:15:00,4475.3,4485.1,4474.4,4476.6,512.0
GCUSD,2026-05-27 20:30:00,4477.1,4483.8,4474.0,4482.6,516.0
GCUSD,2026-05-27 20:45:00,4482.6,4488.8,4481.4,4487.6,415.0
GCUSD,2026-05-27 21:00:00,4487.9,4489.5,4467.8,4468.4,1350.0
GCUSD,2026-05-27 21:15:00,4468.7,4470.9,4447.7,4449.8,2765.0
GCUSD,2026-05-27 21:30:00,4449.5,4457.2,4446.4,4448.2,1352.0
GCUSD,2026-05-27 21:45:00,4447.9,4450.9,4437.3,4440.4,1364.0
GCUSD,2026-05-27 22:00:00,4441.6,4443.2,4426.7,4433.5,2533.0
GCUSD,2026-05-27 22:15:00,4433.5,4439.0,4430.1,4436.9,1156.0
GCUSD,2026-05-27 22:30:00,4436.8,4441.4,4431.0,4432.7,1339.0
GCUSD,2026-05-27 22:45:00,4432.2,4432.8,4423.0,4424.4,1507.0
GCUSD,2026-05-27 23:00:00,4424.2,4428.4,4420.4,4423.9,1133.0
GCUSD,2026-05-27 23:15:00,4424.0,4424.6,4411.7,4417.9,2013.0
GCUSD,2026-05-27 23:30:00,4417.9,4417.9,4400.3,4406.8,1969.0
GCUSD,2026-05-27 23:45:00,4406.2,4409.0,4398.0,4404.4,1153.0
GCUSD,2026-05-28 00:00:00,4404.2,4411.8,4398.9,4405.8,1053.0
GCUSD,2026-05-28 00:15:00,4405.8,4407.0,4395.6,4398.1,851.0
GCUSD,2026-05-28 00:30:00,4398.2,4404.5,4398.2,4403.6,689.0
GCUSD,2026-05-28 00:45:00,4403.2,4404.5,4397.4,4402.2,808.0
GCUSD,2026-05-28 01:00:00,4402.7,4406.3,4396.1,4404.1,1307.0
GCUSD,2026-05-28 01:15:00,4404.4,4409.0,4400.7,4407.3,797.0
GCUSD,2026-05-28 01:30:00,4407.7,4422.5,4403.7,4418.6,2006.0
GCUSD,2026-05-28 01:45:00,4418.9,4425.5,4416.7,4417.1,1177.0
GCUSD,2026-05-28 02:00:00,4417.2,4419.9,4403.9,4405.3,1865.0
GCUSD,2026-05-28 02:15:00,4405.7,4414.5,4403.8,4410.2,1298.0
GCUSD,2026-05-28 02:30:00,4409.6,4415.0,4406.7,4409.8,960.0
GCUSD,2026-05-28 02:45:00,4409.8,4414.4,4408.9,4413.3,614.0
GCUSD,2026-05-28 03:00:00,4413.6,4422.2,4413.6,4418.6,1240.0
GCUSD,2026-05-28 03:15:00,4418.8,4426.0,4415.8,4422.4,1759.0
GCUSD,2026-05-28 03:30:00,4422.4,4423.7,4414.9,4418.6,1185.0
GCUSD,2026-05-28 03:45:00,4419.3,4420.6,4412.4,4417.2,1384.0
GCUSD,2026-05-28 04:00:00,4417.5,4424.8,4415.9,4422.5,1065.0
GCUSD,2026-05-28 04:15:00,4422.9,4424.4,4417.0,4418.9,868.0
GCUSD,2026-05-28 04:30:00,4419.0,4424.4,4415.8,4419.9,1029.0
GCUSD,2026-05-28 04:45:00,4419.8,4421.4,4415.6,4416.8,772.0
GCUSD,2026-05-28 05:00:00,4416.3,4421.3,4416.1,4419.3,954.0
GCUSD,2026-05-28 05:15:00,4419.0,4429.0,4418.4,4426.2,1491.0
GCUSD,2026-05-28 05:30:00,4426.0,4426.8,4420.3,4421.2,1082.0
GCUSD,2026-05-28 05:45:00,4421.5,4426.6,4419.9,4424.0,587.0
GCUSD,2026-05-28 06:00:00,4424.1,4434.3,4421.8,4429.4,1322.0
GCUSD,2026-05-28 06:15:00,4429.8,4432.7,4423.9,4431.6,753.0
GCUSD,2026-05-28 06:30:00,4431.1,4432.6,4418.0,4419.3,1068.0
GCUSD,2026-05-28 06:45:00,4419.0,4419.2,4405.5,4413.6,2820.0
GCUSD,2026-05-28 07:00:00,4413.0,4419.5,4412.0,4417.3,920.0
GCUSD,2026-05-28 07:15:00,4416.9,4421.0,4414.5,4415.3,874.0
GCUSD,2026-05-28 07:30:00,4415.0,4420.6,4410.9,4415.9,1021.0
GCUSD,2026-05-28 07:45:00,4415.5,4418.5,4411.1,4418.2,792.0
GCUSD,2026-05-28 08:00:00,4417.9,4423.5,4417.9,4422.6,1214.0
GCUSD,2026-05-28 08:15:00,4422.6,4423.0,4409.8,4415.0,1822.0
GCUSD,2026-05-28 08:30:00,4415.4,4433.7,4412.8,4433.1,3477.0
GCUSD,2026-05-28 08:45:00,4432.7,4464.0,4432.0,4461.9,5279.0
GCUSD,2026-05-28 09:00:00,4462.3,4469.4,4455.0,4456.7,5082.0
GCUSD,2026-05-28 09:15:00,4457.0,4464.8,4455.9,4458.8,2038.0
GCUSD,2026-05-28 09:30:00,4459.5,4460.9,4448.0,4452.4,3317.0
GCUSD,2026-05-28 09:45:00,4452.1,4464.8,4451.8,4460.6,2398.0
GCUSD,2026-05-28 10:00:00,4460.1,4498.9,4450.6,4495.2,7385.0
GCUSD,2026-05-28 10:15:00,4495.1,4504.4,4481.7,4491.8,6577.0
GCUSD,2026-05-28 10:30:00,4491.8,4502.4,4483.3,4499.6,4881.0
GCUSD,2026-05-28 10:45:00,4499.9,4511.4,4492.6,4500.3,5614.0
GCUSD,2026-05-28 11:00:00,4500.7,4511.3,4499.4,4501.6,2787.0
GCUSD,2026-05-28 11:15:00,4501.9,4513.6,4499.9,4507.1,1940.0
GCUSD,2026-05-28 11:30:00,4507.8,4515.9,4507.0,4509.5,2199.0
GCUSD,2026-05-28 11:45:00,4509.9,4512.8,4508.8,4512.5,946.0
GCUSD,2026-05-28 12:00:00,4512.9,4516.3,4507.5,4514.9,1707.0
GCUSD,2026-05-28 12:15:00,4515.2,4533.9,4514.6,4531.0,4150.0
GCUSD,2026-05-28 12:30:00,4531.3,4537.1,4528.0,4535.0,2540.0
GCUSD,2026-05-28 12:45:00,4535.2,4542.0,4534.9,4541.8,2285.0
GCUSD,2026-05-28 13:00:00,4541.9,4545.4,4534.0,4534.7,2243.0
GCUSD,2026-05-28 13:15:00,4534.7,4537.4,4531.5,4532.5,3490.0
GCUSD,2026-05-28 13:30:00,4532.6,4537.7,4532.6,4535.4,900.0
GCUSD,2026-05-28 13:45:00,4535.5,4540.3,4535.2,4539.2,898.0
GCUSD,2026-05-28 14:00:00,4539.2,4547.1,4536.4,4538.0,1403.0
GCUSD,2026-05-28 14:15:00,4538.3,4543.7,4536.0,4537.0,1360.0
GCUSD,2026-05-28 14:30:00,4537.2,4537.2,4531.5,4532.6,1022.0
GCUSD,2026-05-28 14:45:00,4532.7,4534.5,4529.3,4532.5,991.0
GCUSD,2026-05-28 15:00:00,4532.2,4534.6,4529.3,4530.5,778.0
GCUSD,2026-05-28 15:15:00,4530.3,4533.9,4530.3,4530.8,552.0
GCUSD,2026-05-28 15:30:00,4530.8,4532.7,4530.0,4530.3,638.0
GCUSD,2026-05-28 15:45:00,4530.4,4531.4,4528.0,4528.7,1519.0
GCUSD,2026-05-28 16:00:00,4528.7,4529.3,4525.6,4527.8,646.0
GCUSD,2026-05-28 16:15:00,4527.7,4531.5,4527.0,4530.0,483.0
GCUSD,2026-05-28 16:30:00,4529.7,4531.7,4525.8,4526.6,415.0
GCUSD,2026-05-28 16:45:00,4526.3,4527.8,4525.8,4527.3,248.0
GCUSD,2026-05-28 17:00:00,4532.4,4532.4,4532.4,4532.4,3.0
GCUSD,2026-05-28 18:00:00,4527.6,4530.3,4522.3,4524.3,389.0
GCUSD,2026-05-28 18:15:00,4524.5,4527.0,4523.6,4526.4,122.0
GCUSD,2026-05-28 18:30:00,4526.3,4527.0,4523.6,4526.6,119.0
GCUSD,2026-05-28 18:45:00,4526.0,4527.1,4521.6,4521.7,227.0
GCUSD,2026-05-28 19:00:00,4522.5,4526.5,4521.7,4525.8,159.0
GCUSD,2026-05-28 19:15:00,4525.8,4527.9,4522.4,4523.1,191.0
GCUSD,2026-05-28 19:30:00,4522.9,4525.4,4519.7,4520.7,433.0
GCUSD,2026-05-28 19:45:00,4520.5,4527.2,4519.5,4525.6,460.0
GCUSD,2026-05-28 20:00:00,4525.5,4529.0,4522.5,4527.9,708.0
GCUSD,2026-05-28 20:15:00,4527.8,4531.5,4526.3,4530.3,526.0
GCUSD,2026-05-28 20:30:00,4530.6,4530.9,4523.5,4528.7,468.0
GCUSD,2026-05-28 20:45:00,4528.5,4528.6,4523.5,4525.3,354.0
GCUSD,2026-05-28 21:00:00,4526.0,4545.8,4522.7,4545.2,1866.0
GCUSD,2026-05-28 21:15:00,4545.4,4551.2,4535.5,4535.5,1605.0
GCUSD,2026-05-28 21:30:00,4535.4,4538.6,4532.8,4536.6,811.0
GCUSD,2026-05-28 21:45:00,4536.1,4538.0,4531.1,4536.9,736.0
GCUSD,2026-05-28 22:00:00,4536.6,4541.4,4534.4,4537.2,604.0
GCUSD,2026-05-28 22:15:00,4537.3,4539.2,4531.5,4533.4,675.0
GCUSD,2026-05-28 22:30:00,4533.1,4538.0,4528.4,4535.3,704.0
GCUSD,2026-05-28 22:45:00,4535.1,4538.3,4531.5,4531.7,351.0
GCUSD,2026-05-28 23:00:00,4532.0,4532.2,4525.2,4527.1,841.0
GCUSD,2026-05-28 23:15:00,4527.2,4529.9,4525.4,4526.8,418.0
GCUSD,2026-05-28 23:30:00,4527.6,4529.8,4525.4,4528.5,398.0
GCUSD,2026-05-28 23:45:00,4529.0,4532.0,4526.9,4531.1,351.0
GCUSD,2026-05-29 00:00:00,4531.4,4535.9,4531.4,4532.6,382.0
GCUSD,2026-05-29 00:15:00,4532.6,4542.4,4532.6,4539.9,674.0
GCUSD,2026-05-29 00:30:00,4539.9,4541.8,4538.8,4541.2,521.0
GCUSD,2026-05-29 00:45:00,4541.5,4545.4,4538.8,4544.7,823.0
GCUSD,2026-05-29 01:00:00,4544.6,4546.2,4539.7,4542.9,428.0
GCUSD,2026-05-29 01:15:00,4542.5,4543.0,4540.4,4540.5,201.0
GCUSD,2026-05-29 01:30:00,4540.4,4543.5,4533.0,4537.5,1085.0
GCUSD,2026-05-29 01:45:00,4537.1,4547.0,4534.9,4545.8,1811.0
GCUSD,2026-05-29 02:00:00,4546.1,4553.5,4541.9,4546.5,2331.0
GCUSD,2026-05-29 02:15:00,4546.3,4552.0,4540.7,4547.5,915.0
GCUSD,2026-05-29 02:30:00,4547.6,4551.5,4542.0,4547.3,822.0
GCUSD,2026-05-29 02:45:00,4547.6,4554.9,4546.1,4554.4,897.0
GCUSD,2026-05-29 03:00:00,4554.2,4554.7,4546.5,4546.7,1033.0
GCUSD,2026-05-29 03:15:00,4546.8,4547.8,4541.3,4544.8,785.0
GCUSD,2026-05-29 03:30:00,4544.6,4557.0,4543.5,4556.0,2672.0
GCUSD,2026-05-29 03:45:00,4555.9,4557.2,4552.5,4555.5,1340.0
GCUSD,2026-05-29 04:00:00,4555.0,4555.5,4544.8,4546.0,1243.0
GCUSD,2026-05-29 04:15:00,4545.6,4548.7,4543.2,4548.1,1027.0
GCUSD,2026-05-29 04:30:00,4547.7,4548.7,4544.3,4545.2,770.0
GCUSD,2026-05-29 04:45:00,4545.0,4546.9,4540.0,4544.7,865.0
GCUSD,2026-05-29 05:00:00,4545.2,4561.3,4543.4,4559.8,1416.0
GCUSD,2026-05-29 05:15:00,4560.0,4563.1,4552.7,4559.5,1221.0
GCUSD,2026-05-29 05:30:00,4559.4,4563.9,4554.9,4563.2,2333.0
GCUSD,2026-05-29 05:45:00,4563.5,4571.2,4560.8,4562.0,2632.0
GCUSD,2026-05-29 06:00:00,4562.0,4562.1,4556.4,4559.5,721.0
GCUSD,2026-05-29 06:15:00,4559.3,4561.8,4556.6,4561.6,460.0
GCUSD,2026-05-29 06:30:00,4561.7,4574.4,4561.4,4569.0,1782.0
GCUSD,2026-05-29 06:45:00,4569.3,4572.2,4566.4,4569.6,694.0
GCUSD,2026-05-29 07:00:00,4569.4,4571.7,4562.0,4563.6,724.0
GCUSD,2026-05-29 07:15:00,4563.0,4565.6,4557.7,4558.7,1148.0
GCUSD,2026-05-29 07:30:00,4559.0,4562.4,4556.7,4561.9,883.0
GCUSD,2026-05-29 07:45:00,4562.0,4569.7,4558.2,4569.1,1272.0
GCUSD,2026-05-29 08:00:00,4569.2,4569.3,4557.3,4559.5,1421.0
GCUSD,2026-05-29 08:15:00,4559.2,4562.5,4550.3,4553.1,1561.0
GCUSD,2026-05-29 08:30:00,4552.9,4554.0,4543.6,4545.2,2035.0
GCUSD,2026-05-29 08:45:00,4545.0,4554.8,4543.4,4554.0,1382.0
GCUSD,2026-05-29 09:00:00,4553.6,4557.4,4547.5,4553.3,2031.0
GCUSD,2026-05-29 09:15:00,4553.7,4560.0,4551.9,4558.8,1285.0
GCUSD,2026-05-29 09:30:00,4558.9,4566.1,4553.0,4563.8,2531.0
GCUSD,2026-05-29 09:45:00,4563.9,4571.0,4559.7,4567.3,2457.0
GCUSD,2026-05-29 10:00:00,4567.0,4584.0,4565.2,4575.0,4942.0
GCUSD,2026-05-29 10:15:00,4575.1,4576.3,4557.0,4561.0,3181.0
GCUSD,2026-05-29 10:30:00,4560.7,4573.2,4556.1,4571.3,2666.0
GCUSD,2026-05-29 10:45:00,4571.5,4604.1,4567.6,4595.2,7078.0
GCUSD,2026-05-29 11:00:00,4596.1,4627.1,4595.4,4621.5,9274.0
GCUSD,2026-05-29 11:15:00,4621.8,4623.3,4609.2,4610.0,4821.0
GCUSD,2026-05-29 11:30:00,4609.9,4614.7,4592.3,4597.9,4222.0
GCUSD,2026-05-29 11:45:00,4597.9,4602.5,4587.3,4602.1,2257.0
GCUSD,2026-05-29 12:00:00,4602.1,4602.9,4590.5,4594.5,1772.0
GCUSD,2026-05-29 12:15:00,4594.0,4599.0,4591.1,4593.9,1079.0
GCUSD,2026-05-29 12:30:00,4593.7,4604.5,4592.7,4600.5,2149.0
GCUSD,2026-05-29 12:45:00,4600.3,4600.3,4591.7,4597.9,1344.0
GCUSD,2026-05-29 13:00:00,4597.9,4599.3,4593.8,4594.9,992.0
GCUSD,2026-05-29 13:15:00,4595.1,4597.8,4590.9,4592.7,2600.0
GCUSD,2026-05-29 13:30:00,4592.5,4593.1,4583.9,4584.8,1368.0
GCUSD,2026-05-29 13:45:00,4585.2,4588.5,4582.4,4584.4,822.0
GCUSD,2026-05-29 14:00:00,4584.2,4589.7,4583.5,4589.2,698.0
GCUSD,2026-05-29 14:15:00,4589.2,4591.5,4586.4,4590.3,708.0
GCUSD,2026-05-29 14:30:00,4590.6,4592.7,4588.6,4589.1,422.0
GCUSD,2026-05-29 14:45:00,4589.0,4589.1,4581.6,4584.2,992.0
GCUSD,2026-05-29 15:00:00,4584.3,4591.4,4583.4,4589.8,755.0
GCUSD,2026-05-29 15:15:00,4589.3,4590.4,4586.1,4586.8,877.0
GCUSD,2026-05-29 15:30:00,4586.6,4587.5,4582.3,4582.7,922.0
GCUSD,2026-05-29 15:45:00,4582.7,4582.9,4574.1,4576.8,1552.0
GCUSD,2026-05-29 16:00:00,4576.9,4580.7,4574.1,4579.6,664.0
GCUSD,2026-05-29 16:15:00,4580.2,4580.3,4573.7,4574.1,268.0
GCUSD,2026-05-29 16:30:00,4573.9,4575.7,4572.8,4575.3,282.0
GCUSD,2026-05-29 16:45:00,4574.9,4575.0,4567.3,4569.9,566.0
GCUSD,2026-05-31 18:00:00,4575.2,4575.2,4545.5,4565.5,1589.0
GCUSD,2026-05-31 18:15:00,4565.0,4567.6,4561.8,4563.9,376.0
GCUSD,2026-05-31 18:30:00,4563.6,4567.0,4561.3,4566.2,325.0
GCUSD,2026-05-31 18:45:00,4566.6,4571.1,4565.4,4565.9,340.0
GCUSD,2026-05-31 19:00:00,4566.2,4574.0,4565.9,4573.5,355.0
GCUSD,2026-05-31 19:15:00,4573.3,4575.8,4571.0,4575.7,753.0
GCUSD,2026-05-31 19:30:00,4575.9,4576.4,4569.3,4572.7,442.0
GCUSD,2026-05-31 19:45:00,4572.3,4576.0,4569.2,4570.7,400.0
GCUSD,2026-05-31 20:00:00,4570.5,4577.3,4568.1,4570.5,598.0
GCUSD,2026-05-31 20:15:00,4572.6,4575.0,4568.8,4573.8,463.0
GCUSD,2026-05-31 20:30:00,4574.0,4575.7,4565.5,4566.5,597.0
GCUSD,2026-05-31 20:45:00,4567.3,4573.2,4567.0,4571.4,703.0
GCUSD,2026-05-31 21:00:00,4571.2,4572.1,4556.3,4564.7,1684.0
GCUSD,2026-05-31 21:15:00,4564.6,4567.9,4559.0,4559.8,638.0
GCUSD,2026-05-31 21:30:00,4559.7,4564.8,4557.9,4564.1,512.0
GCUSD,2026-05-31 21:45:00,4563.8,4564.4,4554.4,4556.2,670.0
GCUSD,2026-05-31 22:00:00,4556.1,4564.9,4555.1,4563.0,604.0
GCUSD,2026-05-31 22:15:00,4563.1,4565.7,4560.3,4561.0,410.0
GCUSD,2026-05-31 22:30:00,4560.9,4561.5,4552.6,4553.6,601.0
GCUSD,2026-05-31 22:45:00,4553.3,4555.6,4551.4,4552.0,404.0
GCUSD,2026-05-31 23:00:00,4551.7,4556.3,4546.0,4549.0,992.0
GCUSD,2026-05-31 23:15:00,4549.0,4552.0,4543.5,4550.7,735.0
GCUSD,2026-05-31 23:30:00,4550.7,4554.8,4540.3,4541.2,731.0
GCUSD,2026-05-31 23:45:00,4541.4,4546.8,4540.3,4546.8,390.0
SIUSD,2026-05-01 00:00:00,74.79,74.84,74.61,74.65,45.0
SIUSD,2026-05-01 00:15:00,74.64,74.67,74.6,74.62,10.0
SIUSD,2026-05-01 00:30:00,74.59,74.59,74.32,74.4,167.0
SIUSD,2026-05-01 00:45:00,74.4,74.41,74.25,74.36,108.0
SIUSD,2026-05-01 01:00:00,74.33,74.47,74.32,74.46,29.0
SIUSD,2026-05-01 01:15:00,74.48,74.54,74.39,74.53,55.0
SIUSD,2026-05-01 01:30:00,74.5,74.55,74.41,74.42,49.0
SIUSD,2026-05-01 01:45:00,74.41,74.54,74.25,74.29,92.0
SIUSD,2026-05-01 02:00:00,74.33,74.38,74.16,74.29,147.0
SIUSD,2026-05-01 02:15:00,74.3,74.33,74.11,74.2,206.0
SIUSD,2026-05-01 02:30:00,74.13,74.19,73.82,73.95,399.0
SIUSD,2026-05-01 02:45:00,73.97,74.08,73.82,73.95,142.0
SIUSD,2026-05-01 03:00:00,73.94,74.09,73.84,74.07,179.0
SIUSD,2026-05-01 03:15:00,74.07,74.15,73.8,74.05,135.0
SIUSD,2026-05-01 03:30:00,74.03,74.03,73.78,73.86,145.0
SIUSD,2026-05-01 03:45:00,73.84,73.86,73.54,73.64,272.0
SIUSD,2026-05-01 04:00:00,73.65,73.78,73.6,73.65,124.0
SIUSD,2026-05-01 04:15:00,73.64,73.73,73.56,73.6,141.0
SIUSD,2026-05-01 04:30:00,73.58,73.65,73.55,73.65,62.0
SIUSD,2026-05-01 04:45:00,73.63,73.65,73.5,73.61,110.0
SIUSD,2026-05-01 05:00:00,73.6,73.6,73.44,73.55,103.0
SIUSD,2026-05-01 05:15:00,73.57,73.71,73.56,73.69,88.0
SIUSD,2026-05-01 05:30:00,73.69,73.79,73.68,73.72,89.0
SIUSD,2026-05-01 05:45:00,73.74,73.79,73.58,73.59,145.0
SIUSD,2026-05-01 06:00:00,73.6,73.8,73.6,73.75,59.0
SIUSD,2026-05-01 06:15:00,73.78,73.83,73.76,73.76,85.0
SIUSD,2026-05-01 06:30:00,73.77,73.83,73.73,73.8,69.0
SIUSD,2026-05-01 06:45:00,73.8,73.86,73.78,73.78,93.0
SIUSD,2026-05-01 07:00:00,73.79,73.82,73.62,73.74,298.0
SIUSD,2026-05-01 07:15:00,73.72,74.12,73.72,74.0,269.0
SIUSD,2026-05-01 07:30:00,73.98,74.08,73.96,74.05,116.0
SIUSD,2026-05-01 07:45:00,74.02,74.22,74.0,74.19,187.0
SIUSD,2026-05-01 08:00:00,74.2,74.71,74.18,74.49,625.0
SIUSD,2026-05-01 08:15:00,74.48,75.76,74.48,75.41,1621.0
SIUSD,2026-05-01 08:30:00,75.43,75.45,74.82,74.91,1021.0
SIUSD,2026-05-01 08:45:00,74.9,74.94,74.47,74.69,1063.0
SIUSD,2026-05-01 09:00:00,74.69,75.18,74.67,75.08,652.0
SIUSD,2026-05-01 09:15:00,75.06,75.26,75.04,75.2,351.0
SIUSD,2026-05-01 09:30:00,75.22,76.19,75.11,76.17,1485.0
SIUSD,2026-05-01 09:45:00,76.17,76.93,75.86,76.81,2062.0
SIUSD,2026-05-01 10:00:00,76.83,77.42,76.74,77.36,1872.0
SIUSD,2026-05-01 10:15:00,77.34,77.53,77.03,77.06,1428.0
SIUSD,2026-05-01 10:30:00,77.05,77.06,76.36,76.36,1401.0
SIUSD,2026-05-01 10:45:00,76.36,76.47,76.18,76.28,611.0
SIUSD,2026-05-01 11:00:00,76.23,76.29,75.8,76.16,817.0
SIUSD,2026-05-01 11:15:00,76.16,76.43,76.15,76.24,811.0
SIUSD,2026-05-01 11:30:00,76.25,76.86,76.25,76.64,879.0
SIUSD,2026-05-01 11:45:00,76.64,76.84,76.41,76.61,654.0
SIUSD,2026-05-01 12:00:00,76.63,76.69,76.46,76.56,361.0
SIUSD,2026-05-01 12:15:00,76.58,76.78,76.31,76.31,841.0
SIUSD,2026-05-01 12:30:00,76.31,76.49,76.16,76.44,417.0
SIUSD,2026-05-01 12:45:00,76.4,76.66,76.38,76.56,311.0
SIUSD,2026-05-01 13:00:00,76.54,76.72,76.53,76.69,373.0
SIUSD,2026-05-01 13:15:00,76.65,76.65,76.36,76.49,1065.0
SIUSD,2026-05-01 13:30:00,76.49,76.49,76.38,76.44,169.0
SIUSD,2026-05-01 13:45:00,76.45,76.66,76.43,76.53,191.0
SIUSD,2026-05-01 14:00:00,76.52,76.53,76.18,76.2,313.0
SIUSD,2026-05-01 14:15:00,76.21,76.46,76.17,76.46,173.0
SIUSD,2026-05-01 14:30:00,76.44,76.46,76.19,76.23,176.0
SIUSD,2026-05-01 14:45:00,76.24,76.33,76.13,76.33,120.0
SIUSD,2026-05-01 15:00:00,76.33,76.37,76.22,76.37,72.0
SIUSD,2026-05-01 15:15:00,76.35,76.41,76.25,76.25,102.0
SIUSD,2026-05-01 15:30:00,76.27,76.29,75.96,75.99,230.0
SIUSD,2026-05-01 15:45:00,75.99,76.09,75.9,75.94,224.0
SIUSD,2026-05-01 16:00:00,75.97,76.02,75.81,75.92,83.0
SIUSD,2026-05-01 16:15:00,75.92,76.0,75.91,75.94,112.0
SIUSD,2026-05-01 16:30:00,75.94,75.97,75.88,75.94,57.0
SIUSD,2026-05-01 16:45:00,75.91,76.0,75.8,75.84,215.0
SIUSD,2026-05-03 18:00:00,76.46,76.5,75.9,76.2,493.0
SIUSD,2026-05-03 18:15:00,76.21,76.35,75.94,76.26,170.0
SIUSD,2026-05-03 18:30:00,76.19,76.45,76.17,76.42,89.0
SIUSD,2026-05-03 18:45:00,76.45,76.5,76.26,76.26,96.0
SIUSD,2026-05-03 19:00:00,76.3,76.53,76.14,76.25,197.0
SIUSD,2026-05-03 19:15:00,76.23,76.29,76.17,76.28,38.0
SIUSD,2026-05-03 19:30:00,76.26,76.39,76.22,76.24,52.0
SIUSD,2026-05-03 19:45:00,76.23,76.36,76.21,76.22,38.0
SIUSD,2026-05-03 20:00:00,76.17,76.33,75.95,76.1,130.0
SIUSD,2026-05-03 20:15:00,76.15,76.17,75.83,75.97,72.0
SIUSD,2026-05-03 20:30:00,75.97,76.04,75.92,75.97,31.0
SIUSD,2026-05-03 20:45:00,75.99,76.18,75.94,76.09,51.0
SIUSD,2026-05-03 21:00:00,76.14,76.14,75.53,75.9,268.0
SIUSD,2026-05-03 21:15:00,75.97,76.02,75.61,75.66,137.0
SIUSD,2026-05-03 21:30:00,75.64,75.92,75.62,75.89,58.0
SIUSD,2026-05-03 21:45:00,75.89,76.29,75.89,76.25,78.0
SIUSD,2026-05-03 22:00:00,76.24,76.33,76.01,76.18,143.0
SIUSD,2026-05-03 22:15:00,76.13,76.13,75.65,75.67,108.0
SIUSD,2026-05-03 22:30:00,75.69,76.01,75.67,76.01,80.0
SIUSD,2026-05-03 22:45:00,76.0,76.24,75.97,76.11,103.0
SIUSD,2026-05-03 23:00:00,76.1,76.28,76.1,76.22,80.0
SIUSD,2026-05-03 23:15:00,76.24,76.24,76.17,76.21,15.0
SIUSD,2026-05-03 23:30:00,76.19,76.22,75.99,76.11,58.0
SIUSD,2026-05-03 23:45:00,76.15,76.31,76.15,76.26,74.0
SIUSD,2026-05-04 00:00:00,76.24,76.24,76.1,76.19,30.0
SIUSD,2026-05-04 00:15:00,76.21,76.22,76.07,76.08,36.0
SIUSD,2026-05-04 00:30:00,76.08,76.16,75.97,76.01,83.0
SIUSD,2026-05-04 00:45:00,76.01,76.04,75.88,75.91,42.0
SIUSD,2026-05-04 01:00:00,75.87,75.91,75.8,75.83,92.0
SIUSD,2026-05-04 01:15:00,75.83,76.08,75.67,75.69,184.0
SIUSD,2026-05-04 01:30:00,75.71,75.82,75.68,75.82,92.0
SIUSD,2026-05-04 01:45:00,75.82,75.83,75.58,75.78,61.0
SIUSD,2026-05-04 02:00:00,75.8,75.82,75.38,75.57,243.0
SIUSD,2026-05-04 02:15:00,75.51,75.57,75.36,75.5,155.0
SIUSD,2026-05-04 02:30:00,75.52,75.6,75.27,75.36,155.0
SIUSD,2026-05-04 02:45:00,75.32,75.49,75.3,75.47,135.0
SIUSD,2026-05-04 03:00:00,75.41,75.49,75.31,75.39,175.0
SIUSD,2026-05-04 03:15:00,75.37,75.44,75.11,75.19,188.0
SIUSD,2026-05-04 03:30:00,75.21,75.32,75.07,75.15,109.0
SIUSD,2026-05-04 03:45:00,75.16,75.24,74.92,74.92,146.0
SIUSD,2026-05-04 04:00:00,74.93,74.97,74.72,74.88,357.0
SIUSD,2026-05-04 04:15:00,74.88,74.88,74.64,74.77,192.0
SIUSD,2026-05-04 04:30:00,74.77,74.86,74.7,74.79,106.0
SIUSD,2026-05-04 04:45:00,74.79,74.95,74.77,74.85,172.0
SIUSD,2026-05-04 05:00:00,74.83,75.0,74.79,75.0,137.0
SIUSD,2026-05-04 05:15:00,74.98,75.03,74.93,74.96,158.0
SIUSD,2026-05-04 05:30:00,74.97,75.03,74.96,75.0,51.0
SIUSD,2026-05-04 05:45:00,74.99,75.05,74.76,74.78,153.0
SIUSD,2026-05-04 06:00:00,74.79,74.79,73.1,73.38,2192.0
SIUSD,2026-05-04 06:15:00,73.41,73.46,72.6,73.45,2046.0
SIUSD,2026-05-04 06:30:00,73.44,73.95,73.34,73.8,877.0
SIUSD,2026-05-04 06:45:00,73.79,74.03,73.77,73.81,294.0
SIUSD,2026-05-04 07:00:00,73.82,74.15,73.78,73.91,389.0
SIUSD,2026-05-04 07:15:00,73.91,74.04,73.83,73.85,203.0
SIUSD,2026-05-04 07:30:00,73.83,73.88,73.44,73.59,484.0
SIUSD,2026-05-04 07:45:00,73.61,73.88,73.56,73.85,292.0
SIUSD,2026-05-04 08:00:00,73.86,74.19,73.78,74.19,320.0
SIUSD,2026-05-04 08:15:00,74.17,74.76,74.15,74.32,701.0
SIUSD,2026-05-04 08:30:00,74.29,74.44,74.13,74.42,461.0
SIUSD,2026-05-04 08:45:00,74.4,74.5,74.17,74.21,309.0
SIUSD,2026-05-04 09:00:00,74.19,74.47,73.91,74.11,825.0
SIUSD,2026-05-04 09:15:00,74.1,74.16,73.8,73.83,268.0
SIUSD,2026-05-04 09:30:00,73.82,74.49,73.71,74.33,815.0
SIUSD,2026-05-04 09:45:00,74.3,74.44,74.05,74.34,376.0
SIUSD,2026-05-04 10:00:00,74.32,74.47,74.08,74.37,530.0
SIUSD,2026-05-04 10:15:00,74.36,75.14,74.36,74.71,922.0
SIUSD,2026-05-04 10:30:00,74.69,75.08,74.68,74.83,518.0
SIUSD,2026-05-04 10:45:00,74.86,74.91,74.31,74.33,400.0
SIUSD,2026-05-04 11:00:00,74.34,74.47,74.14,74.23,492.0
SIUSD,2026-05-04 11:15:00,74.13,74.5,73.06,73.79,2254.0
SIUSD,2026-05-04 11:30:00,73.82,73.91,73.57,73.85,498.0
SIUSD,2026-05-04 11:45:00,73.81,73.83,73.03,73.36,1056.0
SIUSD,2026-05-04 12:00:00,73.34,73.6,73.03,73.18,725.0
SIUSD,2026-05-04 12:15:00,73.18,73.76,73.13,73.52,679.0
SIUSD,2026-05-04 12:30:00,73.51,73.65,73.36,73.36,409.0
SIUSD,2026-05-04 12:45:00,73.38,73.46,73.1,73.18,448.0
SIUSD,2026-05-04 13:00:00,73.22,73.62,73.22,73.52,535.0
SIUSD,2026-05-04 13:15:00,73.53,73.72,73.32,73.36,1244.0
SIUSD,2026-05-04 13:30:00,73.37,73.46,73.2,73.32,251.0
SIUSD,2026-05-04 13:45:00,73.31,73.39,73.28,73.31,97.0
SIUSD,2026-05-04 14:00:00,73.31,73.43,73.18,73.21,151.0
SIUSD,2026-05-04 14:15:00,73.18,73.19,72.9,73.12,277.0
SIUSD,2026-05-04 14:30:00,73.11,73.19,73.02,73.03,112.0
SIUSD,2026-05-04 14:45:00,73.01,73.18,72.97,73.17,193.0
SIUSD,2026-05-04 15:00:00,73.18,73.45,73.1,73.22,274.0
SIUSD,2026-05-04 15:15:00,73.26,73.49,73.24,73.36,484.0
SIUSD,2026-05-04 15:30:00,73.38,73.52,73.35,73.37,148.0
SIUSD,2026-05-04 15:45:00,73.36,73.43,73.25,73.29,178.0
SIUSD,2026-05-04 16:00:00,73.28,73.28,73.11,73.18,88.0
SIUSD,2026-05-04 16:15:00,73.16,73.17,73.09,73.13,38.0
SIUSD,2026-05-04 16:30:00,73.15,73.2,73.13,73.2,49.0
SIUSD,2026-05-04 16:45:00,73.2,73.22,73.15,73.16,63.0
SIUSD,2026-05-04 17:00:00,73.522,73.522,73.522,73.522,2.0
SIUSD,2026-05-04 18:00:00,73.17,73.27,73.14,73.27,44.0
SIUSD,2026-05-04 18:15:00,73.27,73.3,73.22,73.23,50.0
SIUSD,2026-05-04 18:30:00,73.24,73.3,73.22,73.22,27.0
SIUSD,2026-05-04 18:45:00,73.2,73.2,73.01,73.02,120.0
SIUSD,2026-05-04 19:00:00,73.04,73.13,72.93,73.1,110.0
SIUSD,2026-05-04 19:15:00,73.09,73.15,73.09,73.13,30.0
SIUSD,2026-05-04 19:30:00,73.08,73.16,73.07,73.08,21.0
SIUSD,2026-05-04 19:45:00,73.07,73.1,72.99,73.05,344.0
SIUSD,2026-05-04 20:00:00,73.06,73.31,73.06,73.28,102.0
SIUSD,2026-05-04 20:15:00,73.21,73.26,72.81,72.91,302.0
SIUSD,2026-05-04 20:30:00,72.93,73.13,72.92,73.13,62.0
SIUSD,2026-05-04 20:45:00,73.16,73.26,73.15,73.2,72.0
SIUSD,2026-05-04 21:00:00,73.21,73.41,73.07,73.4,99.0
SIUSD,2026-05-04 21:15:00,73.41,73.44,73.24,73.24,63.0
SIUSD,2026-05-04 21:30:00,73.28,73.35,73.02,73.18,151.0
SIUSD,2026-05-04 21:45:00,73.13,73.31,73.11,73.29,36.0
SIUSD,2026-05-04 22:00:00,73.33,73.5,73.25,73.44,147.0
SIUSD,2026-05-04 22:15:00,73.44,73.51,73.38,73.49,86.0
SIUSD,2026-05-04 22:30:00,73.47,73.66,73.46,73.65,133.0
SIUSD,2026-05-04 22:45:00,73.61,73.67,73.48,73.53,92.0
SIUSD,2026-05-04 23:00:00,73.5,73.61,73.5,73.53,64.0
SIUSD,2026-05-04 23:15:00,73.54,73.54,73.21,73.27,111.0
SIUSD,2026-05-04 23:30:00,73.24,73.36,73.18,73.27,93.0
SIUSD,2026-05-04 23:45:00,73.27,73.27,73.07,73.11,58.0
SIUSD,2026-05-05 00:00:00,73.16,73.21,73.15,73.16,46.0
SIUSD,2026-05-05 00:15:00,73.14,73.25,73.13,73.19,51.0
SIUSD,2026-05-05 00:30:00,73.25,73.27,73.14,73.21,40.0
SIUSD,2026-05-05 00:45:00,73.25,73.32,73.12,73.18,46.0
SIUSD,2026-05-05 01:00:00,73.11,73.49,73.1,73.38,100.0
SIUSD,2026-05-05 01:15:00,73.36,73.47,73.26,73.46,35.0
SIUSD,2026-05-05 01:30:00,73.47,73.79,73.42,73.69,256.0
SIUSD,2026-05-05 01:45:00,73.65,73.7,73.56,73.58,45.0
SIUSD,2026-05-05 02:00:00,73.58,73.86,73.36,73.44,312.0
SIUSD,2026-05-05 02:15:00,73.42,73.47,73.04,73.24,228.0
SIUSD,2026-05-05 02:30:00,73.36,73.63,73.32,73.61,162.0
SIUSD,2026-05-05 02:45:00,73.6,73.71,73.58,73.59,47.0
SIUSD,2026-05-05 03:00:00,73.59,73.85,73.58,73.83,175.0
SIUSD,2026-05-05 03:15:00,73.83,73.97,73.77,73.8,183.0
SIUSD,2026-05-05 03:30:00,73.84,74.22,73.84,73.99,343.0
SIUSD,2026-05-05 03:45:00,74.0,74.0,73.74,73.78,128.0
SIUSD,2026-05-05 04:00:00,73.78,73.9,73.75,73.86,146.0
SIUSD,2026-05-05 04:15:00,73.85,73.94,73.8,73.87,71.0
SIUSD,2026-05-05 04:30:00,73.85,74.04,73.83,74.0,206.0
SIUSD,2026-05-05 04:45:00,74.0,74.23,73.98,74.18,261.0
SIUSD,2026-05-05 05:00:00,74.19,74.21,74.05,74.13,123.0
SIUSD,2026-05-05 05:15:00,74.11,74.14,73.99,74.05,181.0
SIUSD,2026-05-05 05:30:00,74.03,74.26,74.01,74.19,192.0
SIUSD,2026-05-05 05:45:00,74.19,74.23,74.08,74.16,35.0
SIUSD,2026-05-05 06:00:00,74.2,74.2,74.03,74.08,82.0
SIUSD,2026-05-05 06:15:00,74.11,74.11,73.99,73.99,70.0
SIUSD,2026-05-05 06:30:00,73.97,74.21,73.86,73.86,195.0
SIUSD,2026-05-05 06:45:00,73.88,73.94,73.82,73.86,142.0
SIUSD,2026-05-05 07:00:00,73.86,74.06,73.7,73.99,465.0
SIUSD,2026-05-05 07:15:00,73.97,74.11,73.86,74.07,133.0
SIUSD,2026-05-05 07:30:00,74.1,74.22,74.06,74.19,168.0
SIUSD,2026-05-05 07:45:00,74.19,74.24,74.04,74.17,254.0
SIUSD,2026-05-05 08:00:00,74.18,74.47,73.93,74.41,606.0
SIUSD,2026-05-05 08:15:00,74.41,74.47,74.2,74.4,490.0
SIUSD,2026-05-05 08:30:00,74.37,74.42,73.93,73.99,498.0
SIUSD,2026-05-05 08:45:00,74.01,74.04,73.8,73.89,382.0
SIUSD,2026-05-05 09:00:00,73.9,74.65,73.83,74.33,1122.0
SIUSD,2026-05-05 09:15:00,74.32,74.39,74.1,74.25,479.0
SIUSD,2026-05-05 09:30:00,74.27,74.33,73.86,73.93,526.0
SIUSD,2026-05-05 09:45:00,73.92,74.21,73.88,74.19,370.0
SIUSD,2026-05-05 10:00:00,74.2,74.45,73.91,73.98,784.0
SIUSD,2026-05-05 10:15:00,73.97,74.49,73.72,74.29,1402.0
SIUSD,2026-05-05 10:30:00,74.29,74.37,74.07,74.3,400.0
SIUSD,2026-05-05 10:45:00,74.27,74.3,74.06,74.21,355.0
SIUSD,2026-05-05 11:00:00,74.23,74.31,74.04,74.24,260.0
SIUSD,2026-05-05 11:15:00,74.22,74.25,74.01,74.11,253.0
SIUSD,2026-05-05 11:30:00,74.15,74.21,73.88,73.92,348.0
SIUSD,2026-05-05 11:45:00,73.96,74.08,73.91,73.95,259.0
SIUSD,2026-05-05 12:00:00,73.96,73.96,73.7,73.82,305.0
SIUSD,2026-05-05 12:15:00,73.81,73.81,73.42,73.52,484.0
SIUSD,2026-05-05 12:30:00,73.54,73.65,73.29,73.6,459.0
SIUSD,2026-05-05 12:45:00,73.57,73.7,73.54,73.58,270.0
SIUSD,2026-05-05 13:00:00,73.58,73.61,73.38,73.57,433.0
SIUSD,2026-05-05 13:15:00,73.61,73.79,73.52,73.56,983.0
SIUSD,2026-05-05 13:30:00,73.58,73.67,73.54,73.58,180.0
SIUSD,2026-05-05 13:45:00,73.61,73.68,73.51,73.53,173.0
SIUSD,2026-05-05 14:00:00,73.53,73.67,73.5,73.67,180.0
SIUSD,2026-05-05 14:15:00,73.67,73.7,73.62,73.69,50.0
SIUSD,2026-05-05 14:30:00,73.69,73.69,73.58,73.6,73.0
SIUSD,2026-05-05 14:45:00,73.64,73.66,73.39,73.41,303.0
SIUSD,2026-05-05 15:00:00,73.41,73.44,73.24,73.27,190.0
SIUSD,2026-05-05 15:15:00,73.28,73.34,73.23,73.29,84.0
SIUSD,2026-05-05 15:30:00,73.32,73.36,73.28,73.29,87.0
SIUSD,2026-05-05 15:45:00,73.3,73.4,73.23,73.28,194.0
SIUSD,2026-05-05 16:00:00,73.32,73.33,73.26,73.3,54.0
SIUSD,2026-05-05 16:15:00,73.3,73.45,73.27,73.41,80.0
SIUSD,2026-05-05 16:30:00,73.4,73.4,73.25,73.25,168.0
SIUSD,2026-05-05 16:45:00,73.25,73.29,73.2,73.27,152.0
SIUSD,2026-05-05 17:00:00,73.581,73.581,73.581,73.581,0.0
SIUSD,2026-05-05 18:00:00,73.3,73.33,73.2,73.25,53.0
SIUSD,2026-05-05 18:15:00,73.22,73.23,73.05,73.11,120.0
SIUSD,2026-05-05 18:30:00,73.08,73.22,73.08,73.16,59.0
SIUSD,2026-05-05 18:45:00,73.13,74.04,73.11,73.69,386.0
SIUSD,2026-05-05 19:00:00,73.7,74.44,73.65,74.39,500.0
SIUSD,2026-05-05 19:15:00,74.4,74.55,74.19,74.22,385.0
SIUSD,2026-05-05 19:30:00,74.19,74.35,74.14,74.25,77.0
SIUSD,2026-05-05 19:45:00,74.26,74.45,74.26,74.35,81.0
SIUSD,2026-05-05 20:00:00,74.35,74.39,74.05,74.11,192.0
SIUSD,2026-05-05 20:15:00,74.08,74.46,74.06,74.35,157.0
SIUSD,2026-05-05 20:30:00,74.36,74.58,74.35,74.51,164.0
SIUSD,2026-05-05 20:45:00,74.49,74.98,74.37,74.94,501.0
SIUSD,2026-05-05 21:00:00,74.91,75.22,74.68,74.74,554.0
SIUSD,2026-05-05 21:15:00,74.75,75.44,74.68,75.39,411.0
SIUSD,2026-05-05 21:30:00,75.36,75.49,75.2,75.3,374.0
SIUSD,2026-05-05 21:45:00,75.32,75.54,75.2,75.21,181.0
SIUSD,2026-05-05 22:00:00,75.3,75.44,75.24,75.31,189.0
SIUSD,2026-05-05 22:15:00,75.32,75.4,75.19,75.19,96.0
SIUSD,2026-05-05 22:30:00,75.2,75.48,75.08,75.44,278.0
SIUSD,2026-05-05 22:45:00,75.42,75.79,75.42,75.69,404.0
SIUSD,2026-05-05 23:00:00,75.72,76.2,75.68,76.1,656.0
SIUSD,2026-05-05 23:15:00,76.1,76.1,75.86,76.0,237.0
SIUSD,2026-05-05 23:30:00,75.99,76.09,75.89,76.0,169.0
SIUSD,2026-05-05 23:45:00,76.02,76.06,75.93,75.98,122.0
SIUSD,2026-05-06 00:00:00,75.98,76.16,75.97,76.11,95.0
SIUSD,2026-05-06 00:15:00,76.18,76.31,76.06,76.29,216.0
SIUSD,2026-05-06 00:30:00,76.27,76.29,76.15,76.17,113.0
SIUSD,2026-05-06 00:45:00,76.17,76.25,76.12,76.12,92.0
SIUSD,2026-05-06 01:00:00,76.11,76.22,76.03,76.19,166.0
SIUSD,2026-05-06 01:15:00,76.18,76.19,76.07,76.09,190.0
SIUSD,2026-05-06 01:30:00,76.09,76.32,75.92,76.27,381.0
SIUSD,2026-05-06 01:45:00,76.27,76.48,76.24,76.43,372.0
SIUSD,2026-05-06 02:00:00,76.42,76.49,76.28,76.3,480.0
SIUSD,2026-05-06 02:15:00,76.29,76.46,76.24,76.36,217.0
SIUSD,2026-05-06 02:30:00,76.33,76.39,76.14,76.25,358.0
SIUSD,2026-05-06 02:45:00,76.27,76.41,76.22,76.4,224.0
SIUSD,2026-05-06 03:00:00,76.39,76.47,76.22,76.22,231.0
SIUSD,2026-05-06 03:15:00,76.22,76.49,76.2,76.42,230.0
SIUSD,2026-05-06 03:30:00,76.41,76.44,76.32,76.44,77.0
SIUSD,2026-05-06 03:45:00,76.47,76.83,76.44,76.83,534.0
SIUSD,2026-05-06 04:00:00,76.81,76.85,76.61,76.68,301.0
SIUSD,2026-05-06 04:15:00,76.65,76.7,76.61,76.61,86.0
SIUSD,2026-05-06 04:30:00,76.61,76.65,76.48,76.52,153.0
SIUSD,2026-05-06 04:45:00,76.53,77.72,76.53,77.47,2035.0
SIUSD,2026-05-06 05:00:00,77.45,77.66,77.14,77.33,722.0
SIUSD,2026-05-06 05:15:00,77.36,77.49,77.29,77.36,472.0
SIUSD,2026-05-06 05:30:00,77.39,77.58,77.33,77.45,241.0
SIUSD,2026-05-06 05:45:00,77.45,77.78,77.43,77.74,606.0
SIUSD,2026-05-06 06:00:00,77.76,77.88,77.68,77.84,512.0
SIUSD,2026-05-06 06:15:00,77.82,77.94,77.79,77.85,204.0
SIUSD,2026-05-06 06:30:00,77.87,78.13,77.87,78.06,609.0
SIUSD,2026-05-06 06:45:00,78.05,78.33,77.87,78.11,1091.0
SIUSD,2026-05-06 07:00:00,78.07,78.21,77.85,78.11,713.0
SIUSD,2026-05-06 07:15:00,78.09,78.14,77.96,77.96,287.0
SIUSD,2026-05-06 07:30:00,77.98,78.3,77.77,77.8,731.0
SIUSD,2026-05-06 07:45:00,77.81,77.84,77.31,77.39,820.0
SIUSD,2026-05-06 08:00:00,77.38,77.4,76.86,76.96,1030.0
SIUSD,2026-05-06 08:15:00,76.88,77.17,76.26,77.07,1444.0
SIUSD,2026-05-06 08:30:00,77.06,77.39,77.04,77.26,553.0
SIUSD,2026-05-06 08:45:00,77.27,77.44,77.24,77.36,454.0
SIUSD,2026-05-06 09:00:00,77.36,77.76,76.92,77.41,1678.0
SIUSD,2026-05-06 09:15:00,77.41,77.58,77.27,77.42,548.0
SIUSD,2026-05-06 09:30:00,77.43,77.85,77.28,77.68,883.0
SIUSD,2026-05-06 09:45:00,77.71,77.97,77.58,77.83,909.0
SIUSD,2026-05-06 10:00:00,77.83,78.18,77.52,78.1,1202.0
SIUSD,2026-05-06 10:15:00,78.09,78.26,77.85,77.92,981.0
SIUSD,2026-05-06 10:30:00,77.92,78.31,77.89,78.27,750.0
SIUSD,2026-05-06 10:45:00,78.15,78.21,77.97,77.98,357.0
SIUSD,2026-05-06 11:00:00,78.0,78.11,77.59,77.79,714.0
SIUSD,2026-05-06 11:15:00,77.79,78.0,77.72,77.84,431.0
SIUSD,2026-05-06 11:30:00,77.83,77.93,77.68,77.82,481.0
SIUSD,2026-05-06 11:45:00,77.81,77.87,77.53,77.54,400.0
SIUSD,2026-05-06 12:00:00,77.54,77.64,77.42,77.58,546.0
SIUSD,2026-05-06 12:15:00,77.57,77.73,77.54,77.67,376.0
SIUSD,2026-05-06 12:30:00,77.69,77.76,77.64,77.68,357.0
SIUSD,2026-05-06 12:45:00,77.66,77.69,77.26,77.35,566.0
SIUSD,2026-05-06 13:00:00,77.34,77.52,77.25,77.43,483.0
SIUSD,2026-05-06 13:15:00,77.44,77.45,77.23,77.39,1239.0
SIUSD,2026-05-06 13:30:00,77.36,77.46,77.31,77.46,344.0
SIUSD,2026-05-06 13:45:00,77.47,77.63,77.42,77.63,354.0
SIUSD,2026-05-06 14:00:00,77.62,77.76,77.54,77.73,261.0
SIUSD,2026-05-06 14:15:00,77.74,77.81,77.69,77.69,156.0
SIUSD,2026-05-06 14:30:00,77.69,77.74,77.62,77.69,126.0
SIUSD,2026-05-06 14:45:00,77.67,77.72,77.57,77.57,129.0
SIUSD,2026-05-06 15:00:00,77.58,77.89,77.58,77.88,219.0
SIUSD,2026-05-06 15:15:00,77.89,78.03,77.88,78.01,292.0
SIUSD,2026-05-06 15:30:00,78.0,78.02,77.87,77.97,256.0
SIUSD,2026-05-06 15:45:00,77.96,78.03,77.89,77.94,235.0
SIUSD,2026-05-06 16:00:00,77.95,78.1,77.94,78.08,161.0
SIUSD,2026-05-06 16:15:00,78.08,78.1,78.01,78.01,96.0
SIUSD,2026-05-06 16:30:00,78.01,78.02,77.94,77.94,81.0
SIUSD,2026-05-06 16:45:00,77.94,77.94,77.76,77.83,175.0
SIUSD,2026-05-06 17:00:00,77.303,77.303,77.303,77.303,0.0
SIUSD,2026-05-06 18:00:00,77.83,78.08,77.76,78.08,168.0
SIUSD,2026-05-06 18:15:00,78.07,78.07,77.8,77.83,31.0
SIUSD,2026-05-06 18:30:00,77.91,78.02,77.89,77.96,64.0
SIUSD,2026-05-06 18:45:00,77.97,77.97,77.87,77.89,26.0
SIUSD,2026-05-06 19:00:00,77.91,77.96,77.89,77.92,46.0
SIUSD,2026-05-06 19:15:00,77.9,77.96,77.86,77.89,18.0
SIUSD,2026-05-06 19:30:00,77.91,77.94,77.9,77.94,12.0
SIUSD,2026-05-06 19:45:00,77.97,78.29,77.94,78.03,334.0
SIUSD,2026-05-06 20:00:00,78.04,78.08,77.69,77.88,134.0
SIUSD,2026-05-06 20:15:00,77.9,77.9,77.69,77.71,83.0
SIUSD,2026-05-06 20:30:00,77.71,77.79,77.58,77.61,139.0
SIUSD,2026-05-06 20:45:00,77.66,77.8,77.61,77.65,112.0
SIUSD,2026-05-06 21:00:00,77.65,78.44,77.46,78.36,603.0
SIUSD,2026-05-06 21:15:00,78.36,78.7,78.19,78.23,658.0
SIUSD,2026-05-06 21:30:00,78.23,78.66,78.19,78.62,364.0
SIUSD,2026-05-06 21:45:00,78.58,78.81,78.55,78.6,363.0
SIUSD,2026-05-06 22:00:00,78.57,78.81,78.12,78.25,376.0
SIUSD,2026-05-06 22:15:00,78.28,78.44,78.24,78.36,101.0
SIUSD,2026-05-06 22:30:00,78.31,78.4,78.07,78.37,194.0
SIUSD,2026-05-06 22:45:00,78.38,78.53,78.33,78.39,145.0
SIUSD,2026-05-06 23:00:00,78.36,78.4,78.24,78.26,102.0
SIUSD,2026-05-06 23:15:00,78.28,78.47,78.28,78.36,67.0
SIUSD,2026-05-06 23:30:00,78.32,78.36,78.22,78.24,77.0
SIUSD,2026-05-06 23:45:00,78.21,78.24,78.08,78.09,55.0
SIUSD,2026-05-07 00:00:00,78.08,78.23,77.98,77.98,106.0
SIUSD,2026-05-07 00:15:00,78.02,78.16,77.99,78.11,50.0
SIUSD,2026-05-07 00:30:00,78.12,78.21,78.02,78.21,81.0
SIUSD,2026-05-07 00:45:00,78.19,78.22,78.14,78.21,33.0
SIUSD,2026-05-07 01:00:00,78.19,78.43,78.19,78.4,132.0
SIUSD,2026-05-07 01:15:00,78.37,78.39,78.05,78.15,290.0
SIUSD,2026-05-07 01:30:00,78.15,78.51,78.09,78.46,373.0
SIUSD,2026-05-07 01:45:00,78.44,78.47,78.16,78.24,203.0
SIUSD,2026-05-07 02:00:00,78.23,78.66,78.23,78.6,329.0
SIUSD,2026-05-07 02:15:00,78.57,79.0,78.55,78.99,668.0
SIUSD,2026-05-07 02:30:00,79.0,79.47,78.96,79.4,1255.0
SIUSD,2026-05-07 02:45:00,79.38,79.4,79.2,79.34,385.0
SIUSD,2026-05-07 03:00:00,79.32,79.94,79.18,79.89,1297.0
SIUSD,2026-05-07 03:15:00,79.9,80.01,79.75,79.82,664.0
SIUSD,2026-05-07 03:30:00,79.82,80.08,79.78,80.05,284.0
SIUSD,2026-05-07 03:45:00,80.08,80.26,79.94,80.2,436.0
SIUSD,2026-05-07 04:00:00,80.22,80.38,80.14,80.15,485.0
SIUSD,2026-05-07 04:15:00,80.16,80.28,80.05,80.22,332.0
SIUSD,2026-05-07 04:30:00,80.26,80.38,80.08,80.09,265.0
SIUSD,2026-05-07 04:45:00,80.08,80.19,80.02,80.12,267.0
SIUSD,2026-05-07 05:00:00,80.11,80.27,79.94,80.24,290.0
SIUSD,2026-05-07 05:15:00,80.25,80.31,80.17,80.26,215.0
SIUSD,2026-05-07 05:30:00,80.26,80.75,80.25,80.72,881.0
SIUSD,2026-05-07 05:45:00,80.73,80.78,80.66,80.7,605.0
SIUSD,2026-05-07 06:00:00,80.69,80.99,80.65,80.95,586.0
SIUSD,2026-05-07 06:15:00,80.97,80.97,80.72,80.82,344.0
SIUSD,2026-05-07 06:30:00,80.85,81.08,80.72,81.05,410.0
SIUSD,2026-05-07 06:45:00,81.08,81.09,80.83,80.83,289.0
SIUSD,2026-05-07 07:00:00,80.85,81.03,80.81,80.86,434.0
SIUSD,2026-05-07 07:15:00,80.88,81.3,80.8,81.18,605.0
SIUSD,2026-05-07 07:30:00,81.19,81.52,81.17,81.4,883.0
SIUSD,2026-05-07 07:45:00,81.39,81.51,81.32,81.46,776.0
SIUSD,2026-05-07 08:00:00,81.46,81.94,81.44,81.9,1178.0
SIUSD,2026-05-07 08:15:00,81.87,82.24,81.65,82.08,1703.0
SIUSD,2026-05-07 08:30:00,82.13,82.15,81.73,82.09,831.0
SIUSD,2026-05-07 08:45:00,82.1,82.19,81.96,82.01,819.0
SIUSD,2026-05-07 09:00:00,82.02,82.03,81.36,81.39,1889.0
SIUSD,2026-05-07 09:15:00,81.4,81.83,81.39,81.53,1138.0
SIUSD,2026-05-07 09:30:00,81.53,81.86,81.39,81.79,1007.0
SIUSD,2026-05-07 09:45:00,81.79,81.91,81.4,81.82,975.0
SIUSD,2026-05-07 10:00:00,81.83,82.38,81.76,82.34,1057.0
SIUSD,2026-05-07 10:15:00,82.34,82.39,81.83,82.26,1222.0
SIUSD,2026-05-07 10:30:00,82.26,82.48,82.19,82.32,1237.0
SIUSD,2026-05-07 10:45:00,82.34,82.68,82.34,82.55,1057.0
SIUSD,2026-05-07 11:00:00,82.55,82.56,82.05,82.11,932.0
SIUSD,2026-05-07 11:15:00,82.09,82.16,81.49,81.6,808.0
SIUSD,2026-05-07 11:30:00,81.62,81.85,81.52,81.55,569.0
SIUSD,2026-05-07 11:45:00,81.54,81.57,80.91,80.97,1318.0
SIUSD,2026-05-07 12:00:00,80.97,81.05,80.33,80.39,1702.0
SIUSD,2026-05-07 12:15:00,80.38,80.72,79.91,80.55,1855.0
SIUSD,2026-05-07 12:30:00,80.55,80.58,80.24,80.32,820.0
SIUSD,2026-05-07 12:45:00,80.34,80.54,80.28,80.42,548.0
SIUSD,2026-05-07 13:00:00,80.41,80.56,80.15,80.21,808.0
SIUSD,2026-05-07 13:15:00,80.2,80.3,79.35,79.63,2541.0
SIUSD,2026-05-07 13:30:00,79.62,79.97,79.46,79.81,701.0
SIUSD,2026-05-07 13:45:00,79.83,80.3,79.76,80.28,857.0
SIUSD,2026-05-07 14:00:00,80.29,80.31,80.1,80.12,400.0
SIUSD,2026-05-07 14:15:00,80.19,80.2,79.99,80.16,167.0
SIUSD,2026-05-07 14:30:00,80.14,80.2,79.75,79.83,439.0
SIUSD,2026-05-07 14:45:00,79.83,79.83,79.15,79.76,1018.0
SIUSD,2026-05-07 15:00:00,79.76,79.88,79.53,79.78,203.0
SIUSD,2026-05-07 15:15:00,79.75,79.8,79.27,79.53,389.0
SIUSD,2026-05-07 15:30:00,79.53,79.87,79.53,79.82,276.0
SIUSD,2026-05-07 15:45:00,79.82,79.82,79.56,79.64,570.0
SIUSD,2026-05-07 16:00:00,79.64,80.36,79.63,80.15,561.0
SIUSD,2026-05-07 16:15:00,80.14,80.36,80.08,80.33,185.0
SIUSD,2026-05-07 16:30:00,80.28,80.33,79.62,79.7,501.0
SIUSD,2026-05-07 16:45:00,79.71,79.81,78.85,78.92,549.0
SIUSD,2026-05-07 17:00:00,80.18,80.18,80.18,80.18,0.0
SIUSD,2026-05-07 18:00:00,78.8,79.41,78.58,79.21,434.0
SIUSD,2026-05-07 18:15:00,79.19,79.4,79.17,79.33,151.0
SIUSD,2026-05-07 18:30:00,79.33,79.4,79.08,79.15,114.0
SIUSD,2026-05-07 18:45:00,79.1,79.1,78.8,79.04,181.0
SIUSD,2026-05-07 19:00:00,79.05,79.34,79.05,79.22,124.0
SIUSD,2026-05-07 19:15:00,79.26,79.63,79.26,79.52,211.0
SIUSD,2026-05-07 19:30:00,79.6,79.63,79.51,79.54,58.0
SIUSD,2026-05-07 19:45:00,79.61,79.78,79.6,79.75,103.0
SIUSD,2026-05-07 20:00:00,79.75,79.97,79.66,79.71,225.0
SIUSD,2026-05-07 20:15:00,79.69,79.69,79.32,79.38,244.0
SIUSD,2026-05-07 20:30:00,79.34,79.7,79.34,79.58,82.0
SIUSD,2026-05-07 20:45:00,79.52,79.67,79.35,79.61,154.0
SIUSD,2026-05-07 21:00:00,79.61,80.53,79.58,80.3,696.0
SIUSD,2026-05-07 21:15:00,80.3,80.51,80.21,80.44,211.0
SIUSD,2026-05-07 21:30:00,80.44,80.57,80.14,80.25,261.0
SIUSD,2026-05-07 21:45:00,80.29,80.75,80.29,80.47,561.0
SIUSD,2026-05-07 22:00:00,80.49,80.69,80.41,80.44,171.0
SIUSD,2026-05-07 22:15:00,80.41,80.42,80.23,80.34,225.0
SIUSD,2026-05-07 22:30:00,80.25,80.38,79.9,80.1,378.0
SIUSD,2026-05-07 22:45:00,80.07,80.38,80.07,80.19,215.0
SIUSD,2026-05-07 23:00:00,80.21,80.39,80.1,80.39,91.0
SIUSD,2026-05-07 23:15:00,80.41,80.47,80.26,80.34,162.0
SIUSD,2026-05-07 23:30:00,80.36,80.69,80.36,80.52,213.0
SIUSD,2026-05-07 23:45:00,80.5,80.5,80.29,80.42,151.0
SIUSD,2026-05-08 00:00:00,80.43,80.5,80.25,80.25,90.0
SIUSD,2026-05-08 00:15:00,80.27,80.36,80.22,80.35,79.0
SIUSD,2026-05-08 00:30:00,80.37,80.37,79.82,80.06,270.0
SIUSD,2026-05-08 00:45:00,80.07,80.27,79.97,80.11,89.0
SIUSD,2026-05-08 01:00:00,80.18,80.28,80.17,80.26,54.0
SIUSD,2026-05-08 01:15:00,80.22,80.47,80.2,80.47,102.0
SIUSD,2026-05-08 01:30:00,80.47,80.93,80.47,80.73,322.0
SIUSD,2026-05-08 01:45:00,80.78,81.08,80.67,80.97,303.0
SIUSD,2026-05-08 02:00:00,81.0,81.25,80.61,80.94,570.0
SIUSD,2026-05-08 02:15:00,80.95,81.21,80.85,81.21,363.0
SIUSD,2026-05-08 02:30:00,81.22,81.22,80.94,81.06,246.0
SIUSD,2026-05-08 02:45:00,81.01,81.03,80.8,80.85,254.0
SIUSD,2026-05-08 03:00:00,80.81,80.87,80.47,80.5,350.0
SIUSD,2026-05-08 03:15:00,80.47,80.6,79.86,80.18,581.0
SIUSD,2026-05-08 03:30:00,80.15,80.33,79.91,80.33,253.0
SIUSD,2026-05-08 03:45:00,80.36,80.53,80.27,80.43,243.0
SIUSD,2026-05-08 04:00:00,80.43,80.57,80.35,80.55,173.0
SIUSD,2026-05-08 04:15:00,80.55,80.88,80.55,80.79,313.0
SIUSD,2026-05-08 04:30:00,80.8,80.88,80.64,80.64,172.0
SIUSD,2026-05-08 04:45:00,80.63,80.78,80.63,80.69,117.0
SIUSD,2026-05-08 05:00:00,80.7,80.9,80.6,80.85,132.0
SIUSD,2026-05-08 05:15:00,80.85,81.14,80.81,81.02,224.0
SIUSD,2026-05-08 05:30:00,81.02,81.02,80.77,80.91,112.0
SIUSD,2026-05-08 05:45:00,80.9,80.91,80.57,80.74,315.0
SIUSD,2026-05-08 06:00:00,80.76,80.92,80.76,80.86,199.0
SIUSD,2026-05-08 06:15:00,80.89,81.25,80.88,81.1,206.0
SIUSD,2026-05-08 06:30:00,81.08,81.41,81.08,81.29,218.0
SIUSD,2026-05-08 06:45:00,81.3,81.33,80.92,81.17,255.0
SIUSD,2026-05-08 07:00:00,81.19,81.33,81.01,81.13,496.0
SIUSD,2026-05-08 07:15:00,81.12,81.21,81.1,81.14,123.0
SIUSD,2026-05-08 07:30:00,81.14,81.3,81.06,81.19,215.0
SIUSD,2026-05-08 07:45:00,81.19,81.31,81.01,81.29,326.0
SIUSD,2026-05-08 08:00:00,81.3,81.4,80.98,81.06,446.0
SIUSD,2026-05-08 08:15:00,81.08,81.26,80.91,81.14,482.0
SIUSD,2026-05-08 08:30:00,81.16,82.0,80.92,81.79,1931.0
SIUSD,2026-05-08 08:45:00,81.8,82.07,81.6,81.73,883.0
SIUSD,2026-05-08 09:00:00,81.71,81.83,81.11,81.17,1348.0
SIUSD,2026-05-08 09:15:00,81.17,81.66,81.13,81.55,536.0
SIUSD,2026-05-08 09:30:00,81.55,82.16,81.5,81.78,1469.0
SIUSD,2026-05-08 09:45:00,81.82,82.09,81.69,82.08,648.0
SIUSD,2026-05-08 10:00:00,82.08,82.13,81.04,81.5,1154.0
SIUSD,2026-05-08 10:15:00,81.48,81.64,81.15,81.16,790.0
SIUSD,2026-05-08 10:30:00,81.16,81.52,81.07,81.47,573.0
SIUSD,2026-05-08 10:45:00,81.47,81.5,81.11,81.19,410.0
SIUSD,2026-05-08 11:00:00,81.13,81.38,80.66,80.74,758.0
SIUSD,2026-05-08 11:15:00,80.74,80.9,80.55,80.89,811.0
SIUSD,2026-05-08 11:30:00,80.9,80.98,80.45,80.56,586.0
SIUSD,2026-05-08 11:45:00,80.55,80.69,80.43,80.47,356.0
SIUSD,2026-05-08 12:00:00,80.47,80.75,80.43,80.71,525.0
SIUSD,2026-05-08 12:15:00,80.74,81.04,80.73,81.03,460.0
SIUSD,2026-05-08 12:30:00,81.05,81.08,80.87,80.89,287.0
SIUSD,2026-05-08 12:45:00,80.9,80.95,80.6,80.64,282.0
SIUSD,2026-05-08 13:00:00,80.63,80.74,80.58,80.61,342.0
SIUSD,2026-05-08 13:15:00,80.61,80.96,80.61,80.92,963.0
SIUSD,2026-05-08 13:30:00,80.92,81.05,80.87,80.97,227.0
SIUSD,2026-05-08 13:45:00,80.96,81.0,80.89,80.92,184.0
SIUSD,2026-05-08 14:00:00,80.93,81.44,80.91,81.38,707.0
SIUSD,2026-05-08 14:15:00,81.4,81.4,81.08,81.2,265.0
SIUSD,2026-05-08 14:30:00,81.17,81.19,81.06,81.07,119.0
SIUSD,2026-05-08 14:45:00,81.05,81.11,80.97,81.02,114.0
SIUSD,2026-05-08 15:00:00,81.01,81.14,80.96,80.97,183.0
SIUSD,2026-05-08 15:15:00,80.99,81.14,80.96,81.07,236.0
SIUSD,2026-05-08 15:30:00,81.04,81.28,81.0,81.28,149.0
SIUSD,2026-05-08 15:45:00,81.29,81.3,81.11,81.19,361.0
SIUSD,2026-05-08 16:00:00,81.19,81.19,80.9,80.94,212.0
SIUSD,2026-05-08 16:15:00,80.93,80.96,80.82,80.89,115.0
SIUSD,2026-05-08 16:30:00,80.88,80.97,80.83,80.89,97.0
SIUSD,2026-05-08 16:45:00,80.91,80.92,80.81,80.83,154.0
SIUSD,2026-05-10 18:00:00,80.15,80.15,79.53,79.97,520.0
SIUSD,2026-05-10 18:15:00,79.98,80.23,79.76,80.23,154.0
SIUSD,2026-05-10 18:30:00,80.18,80.33,80.09,80.33,164.0
SIUSD,2026-05-10 18:45:00,80.3,80.53,80.29,80.45,120.0
SIUSD,2026-05-10 19:00:00,80.44,80.66,80.43,80.56,192.0
SIUSD,2026-05-10 19:15:00,80.54,80.8,80.54,80.72,98.0
SIUSD,2026-05-10 19:30:00,80.7,80.81,80.67,80.71,117.0
SIUSD,2026-05-10 19:45:00,80.65,80.73,80.42,80.49,71.0
SIUSD,2026-05-10 20:00:00,80.46,80.66,80.33,80.45,209.0
SIUSD,2026-05-10 20:15:00,80.46,80.7,80.31,80.57,177.0
SIUSD,2026-05-10 20:30:00,80.61,81.04,80.55,80.79,306.0
SIUSD,2026-05-10 20:45:00,80.72,80.79,80.11,80.56,375.0
SIUSD,2026-05-10 21:00:00,80.51,80.89,80.06,80.46,594.0
SIUSD,2026-05-10 21:15:00,80.5,81.29,80.44,81.15,403.0
SIUSD,2026-05-10 21:30:00,81.16,81.3,80.98,81.22,360.0
SIUSD,2026-05-10 21:45:00,81.25,81.41,81.0,81.3,662.0
SIUSD,2026-05-10 22:00:00,81.35,81.78,81.22,81.51,723.0
SIUSD,2026-05-10 22:15:00,81.51,81.64,81.4,81.64,107.0
SIUSD,2026-05-10 22:30:00,81.62,82.21,81.62,81.86,491.0
SIUSD,2026-05-10 22:45:00,81.86,82.01,81.47,81.53,381.0
SIUSD,2026-05-10 23:00:00,81.51,81.69,81.29,81.59,226.0
SIUSD,2026-05-10 23:15:00,81.59,81.59,81.37,81.54,151.0
SIUSD,2026-05-10 23:30:00,81.58,81.58,81.15,81.28,292.0
SIUSD,2026-05-10 23:45:00,81.29,81.35,81.11,81.19,43.0
SIUSD,2026-05-11 00:00:00,81.15,81.23,81.06,81.08,62.0
SIUSD,2026-05-11 00:15:00,81.08,81.16,80.89,80.99,154.0
SIUSD,2026-05-11 00:30:00,80.96,80.96,80.75,80.94,154.0
SIUSD,2026-05-11 00:45:00,80.97,81.03,80.83,80.83,81.0
SIUSD,2026-05-11 01:00:00,80.86,81.08,80.78,80.87,188.0
SIUSD,2026-05-11 01:15:00,80.88,80.96,80.69,80.72,150.0
SIUSD,2026-05-11 01:30:00,80.72,81.22,80.56,80.56,470.0
SIUSD,2026-05-11 01:45:00,80.55,80.72,80.28,80.4,457.0
SIUSD,2026-05-11 02:00:00,80.43,80.88,80.4,80.81,321.0
SIUSD,2026-05-11 02:15:00,80.81,80.99,80.78,80.94,200.0
SIUSD,2026-05-11 02:30:00,81.0,81.17,80.93,81.05,250.0
SIUSD,2026-05-11 02:45:00,81.04,81.29,80.99,81.16,214.0
SIUSD,2026-05-11 03:00:00,81.15,81.23,80.92,80.98,150.0
SIUSD,2026-05-11 03:15:00,80.97,81.15,80.93,81.08,134.0
SIUSD,2026-05-11 03:30:00,81.11,81.13,80.89,80.94,105.0
SIUSD,2026-05-11 03:45:00,80.93,80.93,80.72,80.83,123.0
SIUSD,2026-05-11 04:00:00,80.86,81.08,80.76,81.05,177.0
SIUSD,2026-05-11 04:15:00,81.04,81.24,80.96,80.96,173.0
SIUSD,2026-05-11 04:30:00,80.93,81.07,80.93,80.96,64.0
SIUSD,2026-05-11 04:45:00,80.96,80.96,80.82,80.82,85.0
SIUSD,2026-05-11 05:00:00,80.82,80.86,80.69,80.85,94.0
SIUSD,2026-05-11 05:15:00,80.88,80.88,80.68,80.71,79.0
SIUSD,2026-05-11 05:30:00,80.69,80.88,80.57,80.88,89.0
SIUSD,2026-05-11 05:45:00,80.86,80.96,80.69,80.72,98.0
SIUSD,2026-05-11 06:00:00,80.69,80.83,80.69,80.81,41.0
SIUSD,2026-05-11 06:15:00,80.82,81.01,80.79,80.94,136.0
SIUSD,2026-05-11 06:30:00,80.95,81.12,80.91,81.05,143.0
SIUSD,2026-05-11 06:45:00,81.06,81.13,80.91,80.97,98.0
SIUSD,2026-05-11 07:00:00,80.94,81.08,80.92,81.05,288.0
SIUSD,2026-05-11 07:15:00,81.03,81.21,80.97,81.19,130.0
SIUSD,2026-05-11 07:30:00,81.21,81.98,81.14,81.79,1008.0
SIUSD,2026-05-11 07:45:00,81.81,81.95,81.43,81.93,473.0
SIUSD,2026-05-11 08:00:00,81.96,82.11,81.67,81.75,825.0
SIUSD,2026-05-11 08:15:00,81.72,83.73,81.71,83.63,3183.0
SIUSD,2026-05-11 08:30:00,83.63,84.0,83.5,83.54,1335.0
SIUSD,2026-05-11 08:45:00,83.52,84.66,83.47,84.44,3077.0
SIUSD,2026-05-11 09:00:00,84.46,85.95,84.31,85.87,4184.0
SIUSD,2026-05-11 09:15:00,85.88,86.13,85.58,85.98,2812.0
SIUSD,2026-05-11 09:30:00,86.0,86.69,85.8,86.63,2489.0
SIUSD,2026-05-11 09:45:00,86.63,86.64,86.2,86.37,2210.0
SIUSD,2026-05-11 10:00:00,86.36,86.42,85.17,85.91,3045.0
SIUSD,2026-05-11 10:15:00,85.91,85.94,85.38,85.42,1132.0
SIUSD,2026-05-11 10:30:00,85.43,85.82,84.98,85.74,1459.0
SIUSD,2026-05-11 10:45:00,85.75,85.81,85.52,85.7,637.0
SIUSD,2026-05-11 11:00:00,85.68,86.27,85.62,86.02,1049.0
SIUSD,2026-05-11 11:15:00,86.02,86.64,85.94,86.43,1034.0
SIUSD,2026-05-11 11:30:00,86.44,86.73,86.33,86.52,770.0
SIUSD,2026-05-11 11:45:00,86.46,86.8,86.35,86.73,819.0
SIUSD,2026-05-11 12:00:00,86.75,86.8,86.35,86.4,558.0
SIUSD,2026-05-11 12:15:00,86.42,86.44,86.22,86.29,659.0
SIUSD,2026-05-11 12:30:00,86.27,86.42,85.78,85.86,934.0
SIUSD,2026-05-11 12:45:00,85.86,86.04,85.73,85.94,670.0
SIUSD,2026-05-11 13:00:00,85.96,86.05,85.77,85.81,686.0
SIUSD,2026-05-11 13:15:00,85.79,86.2,85.75,86.14,2137.0
SIUSD,2026-05-11 13:30:00,86.14,86.39,86.13,86.33,376.0
SIUSD,2026-05-11 13:45:00,86.3,86.4,86.23,86.4,237.0
SIUSD,2026-05-11 14:00:00,86.4,86.61,86.27,86.33,447.0
SIUSD,2026-05-11 14:15:00,86.35,86.65,86.23,86.58,455.0
SIUSD,2026-05-11 14:30:00,86.56,86.69,86.55,86.61,215.0
SIUSD,2026-05-11 14:45:00,86.63,86.83,86.52,86.56,311.0
SIUSD,2026-05-11 15:00:00,86.55,86.85,86.52,86.69,247.0
SIUSD,2026-05-11 15:15:00,86.7,86.76,86.65,86.72,178.0
SIUSD,2026-05-11 15:30:00,86.7,86.8,86.52,86.75,770.0
SIUSD,2026-05-11 15:45:00,86.76,86.9,86.74,86.84,554.0
SIUSD,2026-05-11 16:00:00,86.87,86.88,86.34,86.58,405.0
SIUSD,2026-05-11 16:15:00,86.57,86.73,86.55,86.72,71.0
SIUSD,2026-05-11 16:30:00,86.71,86.95,86.71,86.9,147.0
SIUSD,2026-05-11 16:45:00,86.89,86.98,86.74,86.81,198.0
SIUSD,2026-05-11 18:00:00,86.74,87.14,86.74,87.02,171.0
SIUSD,2026-05-11 18:15:00,87.01,87.2,86.97,87.12,148.0
SIUSD,2026-05-11 18:30:00,87.1,87.54,87.07,87.54,350.0
SIUSD,2026-05-11 18:45:00,87.55,87.8,87.5,87.66,353.0
SIUSD,2026-05-11 19:00:00,87.7,87.92,86.84,87.17,697.0
SIUSD,2026-05-11 19:15:00,87.18,87.52,87.18,87.39,195.0
SIUSD,2026-05-11 19:30:00,87.37,88.0,87.36,87.64,833.0
SIUSD,2026-05-11 19:45:00,87.66,87.99,87.52,87.93,178.0
SIUSD,2026-05-11 20:00:00,87.91,87.91,87.19,87.56,290.0
SIUSD,2026-05-11 20:15:00,87.51,87.79,86.99,87.35,181.0
SIUSD,2026-05-11 20:30:00,87.35,87.35,87.06,87.06,163.0
SIUSD,2026-05-11 20:45:00,87.1,87.22,86.72,86.77,311.0
SIUSD,2026-05-11 21:00:00,86.76,87.65,86.58,87.5,831.0
SIUSD,2026-05-11 21:15:00,87.46,87.77,87.05,87.05,519.0
SIUSD,2026-05-11 21:30:00,87.04,87.35,86.18,86.79,1014.0
SIUSD,2026-05-11 21:45:00,86.79,86.89,86.57,86.7,438.0
SIUSD,2026-05-11 22:00:00,86.74,87.19,86.74,86.96,370.0
SIUSD,2026-05-11 22:15:00,86.97,87.0,86.61,86.7,233.0
SIUSD,2026-05-11 22:30:00,86.74,86.9,86.23,86.67,544.0
SIUSD,2026-05-11 22:45:00,86.66,87.15,86.59,86.97,374.0
SIUSD,2026-05-11 23:00:00,87.0,87.11,86.79,86.97,202.0
SIUSD,2026-05-11 23:15:00,86.98,86.98,86.61,86.7,201.0
SIUSD,2026-05-11 23:30:00,86.72,87.12,86.72,86.91,158.0
SIUSD,2026-05-11 23:45:00,86.94,86.95,86.57,86.78,162.0
SIUSD,2026-05-12 00:00:00,86.78,87.0,86.75,86.92,114.0
SIUSD,2026-05-12 00:15:00,86.95,87.18,86.79,86.82,204.0
SIUSD,2026-05-12 00:30:00,86.81,87.02,86.8,86.92,154.0
SIUSD,2026-05-12 00:45:00,86.96,86.97,86.58,86.72,157.0
SIUSD,2026-05-12 01:00:00,86.64,86.89,86.31,86.44,362.0
SIUSD,2026-05-12 01:15:00,86.46,86.54,86.32,86.51,177.0
SIUSD,2026-05-12 01:30:00,86.49,86.83,86.2,86.32,454.0
SIUSD,2026-05-12 01:45:00,86.35,86.42,85.88,86.21,712.0
SIUSD,2026-05-12 02:00:00,86.22,86.22,85.45,85.55,998.0
SIUSD,2026-05-12 02:15:00,85.57,85.81,85.34,85.38,490.0
SIUSD,2026-05-12 02:30:00,85.39,85.55,85.05,85.17,815.0
SIUSD,2026-05-12 02:45:00,85.15,85.36,84.46,84.91,1705.0
SIUSD,2026-05-12 03:00:00,84.88,84.98,84.15,84.82,909.0
SIUSD,2026-05-12 03:15:00,84.81,85.06,84.69,84.9,377.0
SIUSD,2026-05-12 03:30:00,84.92,85.06,84.73,84.96,244.0
SIUSD,2026-05-12 03:45:00,84.96,85.41,84.82,85.16,857.0
SIUSD,2026-05-12 04:00:00,85.16,85.41,84.76,84.88,603.0
SIUSD,2026-05-12 04:15:00,84.84,85.12,84.79,84.98,169.0
SIUSD,2026-05-12 04:30:00,84.96,85.01,84.63,84.88,240.0
SIUSD,2026-05-12 04:45:00,84.82,85.07,84.78,84.98,173.0
SIUSD,2026-05-12 05:00:00,84.98,85.01,84.74,84.74,129.0
SIUSD,2026-05-12 05:15:00,84.73,84.84,84.55,84.68,200.0
SIUSD,2026-05-12 05:30:00,84.7,85.11,84.69,84.72,231.0
SIUSD,2026-05-12 05:45:00,84.74,84.88,84.56,84.7,261.0
SIUSD,2026-05-12 06:00:00,84.68,85.15,84.68,85.09,390.0
SIUSD,2026-05-12 06:15:00,85.05,85.05,84.69,84.71,263.0
SIUSD,2026-05-12 06:30:00,84.71,84.71,84.29,84.4,518.0
SIUSD,2026-05-12 06:45:00,84.4,84.5,84.25,84.45,288.0
SIUSD,2026-05-12 07:00:00,84.48,84.69,83.82,84.13,1113.0
SIUSD,2026-05-12 07:15:00,84.16,84.37,84.0,84.37,285.0
SIUSD,2026-05-12 07:30:00,84.35,84.72,84.35,84.65,444.0
SIUSD,2026-05-12 07:45:00,84.64,84.91,84.53,84.87,317.0
SIUSD,2026-05-12 08:00:00,84.87,84.9,84.23,84.37,534.0
SIUSD,2026-05-12 08:15:00,84.35,84.77,84.28,84.69,874.0
SIUSD,2026-05-12 08:30:00,84.6,85.23,84.04,85.03,1041.0
SIUSD,2026-05-12 08:45:00,85.03,85.58,85.03,85.24,849.0
SIUSD,2026-05-12 09:00:00,85.21,85.66,84.99,85.14,1265.0
SIUSD,2026-05-12 09:15:00,85.09,85.25,84.67,85.2,1149.0
SIUSD,2026-05-12 09:30:00,85.2,86.02,85.15,85.93,1916.0
SIUSD,2026-05-12 09:45:00,85.93,86.05,85.12,85.18,1378.0
SIUSD,2026-05-12 10:00:00,85.19,86.13,85.0,86.06,1351.0
SIUSD,2026-05-12 10:15:00,86.06,86.07,85.6,85.71,1036.0
SIUSD,2026-05-12 10:30:00,85.7,85.8,85.22,85.68,1113.0
SIUSD,2026-05-12 10:45:00,85.66,85.67,84.91,85.02,1327.0
SIUSD,2026-05-12 11:00:00,85.01,85.14,84.72,84.72,1060.0
SIUSD,2026-05-12 11:15:00,84.7,84.77,83.67,84.28,2442.0
SIUSD,2026-05-12 11:30:00,84.27,84.83,84.18,84.75,694.0
SIUSD,2026-05-12 11:45:00,84.76,84.9,84.62,84.77,699.0
SIUSD,2026-05-12 12:00:00,84.81,85.21,84.7,85.15,857.0
SIUSD,2026-05-12 12:15:00,85.12,85.21,84.95,85.04,780.0
SIUSD,2026-05-12 12:30:00,85.05,85.17,84.91,84.97,596.0
SIUSD,2026-05-12 12:45:00,84.98,85.36,84.8,85.28,486.0
SIUSD,2026-05-12 13:00:00,85.3,85.7,85.3,85.59,855.0
SIUSD,2026-05-12 13:15:00,85.6,85.77,85.5,85.57,1028.0
SIUSD,2026-05-12 13:30:00,85.6,85.96,85.5,85.93,460.0
SIUSD,2026-05-12 13:45:00,85.94,85.98,85.69,85.72,280.0
SIUSD,2026-05-12 14:00:00,85.72,85.94,85.54,85.7,435.0
SIUSD,2026-05-12 14:15:00,85.69,86.13,85.66,86.05,431.0
SIUSD,2026-05-12 14:30:00,86.05,86.61,86.04,86.58,717.0
SIUSD,2026-05-12 14:45:00,86.56,86.86,86.37,86.74,525.0
SIUSD,2026-05-12 15:00:00,86.76,87.15,86.76,86.96,564.0
SIUSD,2026-05-12 15:15:00,86.98,87.02,86.65,86.91,571.0
SIUSD,2026-05-12 15:30:00,86.94,87.27,86.92,87.23,368.0
SIUSD,2026-05-12 15:45:00,87.22,87.46,87.2,87.38,382.0
SIUSD,2026-05-12 16:00:00,87.38,87.46,87.19,87.3,242.0
SIUSD,2026-05-12 16:15:00,87.31,87.4,87.19,87.23,120.0
SIUSD,2026-05-12 16:30:00,87.25,87.28,87.13,87.22,86.0
SIUSD,2026-05-12 16:45:00,87.23,87.27,87.12,87.21,137.0
SIUSD,2026-05-12 18:00:00,87.32,87.59,87.27,87.44,187.0
SIUSD,2026-05-12 18:15:00,87.45,87.65,87.45,87.59,162.0
SIUSD,2026-05-12 18:30:00,87.59,87.63,87.5,87.52,65.0
SIUSD,2026-05-12 18:45:00,87.53,87.73,87.47,87.47,97.0
SIUSD,2026-05-12 19:00:00,87.47,87.6,87.43,87.43,61.0
SIUSD,2026-05-12 19:15:00,87.42,87.54,87.32,87.54,91.0
SIUSD,2026-05-12 19:30:00,87.5,87.79,87.5,87.78,263.0
SIUSD,2026-05-12 19:45:00,87.8,88.02,87.61,87.9,362.0
SIUSD,2026-05-12 20:00:00,87.86,88.36,87.7,87.92,1056.0
SIUSD,2026-05-12 20:15:00,87.91,88.3,87.9,88.2,251.0
SIUSD,2026-05-12 20:30:00,88.25,88.44,88.03,88.22,259.0
SIUSD,2026-05-12 20:45:00,88.18,88.27,87.91,87.94,343.0
SIUSD,2026-05-12 21:00:00,87.97,88.58,87.71,88.29,1195.0
SIUSD,2026-05-12 21:15:00,88.32,88.4,87.54,87.57,475.0
SIUSD,2026-05-12 21:30:00,87.54,87.91,87.31,87.83,808.0
SIUSD,2026-05-12 21:45:00,87.88,88.05,87.45,87.56,382.0
SIUSD,2026-05-12 22:00:00,87.53,87.98,87.49,87.64,401.0
SIUSD,2026-05-12 22:15:00,87.59,87.83,87.56,87.68,148.0
SIUSD,2026-05-12 22:30:00,87.7,87.7,87.33,87.34,389.0
SIUSD,2026-05-12 22:45:00,87.37,87.38,86.66,86.91,774.0
SIUSD,2026-05-12 23:00:00,86.97,87.13,86.79,87.12,180.0
SIUSD,2026-05-12 23:15:00,87.11,87.38,87.02,87.28,260.0
SIUSD,2026-05-12 23:30:00,87.28,87.71,87.27,87.61,333.0
SIUSD,2026-05-12 23:45:00,87.61,87.69,87.24,87.32,280.0
SIUSD,2026-05-13 00:00:00,87.34,87.5,87.34,87.38,73.0
SIUSD,2026-05-13 00:15:00,87.42,87.49,87.35,87.37,106.0
SIUSD,2026-05-13 00:30:00,87.35,87.43,87.1,87.16,150.0
SIUSD,2026-05-13 00:45:00,87.13,87.26,87.07,87.13,167.0
SIUSD,2026-05-13 01:00:00,87.07,87.45,87.01,87.34,154.0
SIUSD,2026-05-13 01:15:00,87.31,87.31,86.83,86.83,236.0
SIUSD,2026-05-13 01:30:00,86.81,86.95,86.33,86.71,623.0
SIUSD,2026-05-13 01:45:00,86.75,87.18,86.68,87.14,141.0
SIUSD,2026-05-13 02:00:00,87.15,87.41,87.02,87.41,393.0
SIUSD,2026-05-13 02:15:00,87.42,87.66,87.27,87.33,441.0
SIUSD,2026-05-13 02:30:00,87.29,87.57,87.28,87.53,271.0
SIUSD,2026-05-13 02:45:00,87.54,87.54,87.18,87.35,263.0
SIUSD,2026-05-13 03:00:00,87.32,87.51,87.21,87.4,320.0
SIUSD,2026-05-13 03:15:00,87.4,87.67,87.4,87.51,292.0
SIUSD,2026-05-13 03:30:00,87.51,87.51,87.26,87.34,79.0
SIUSD,2026-05-13 03:45:00,87.34,87.41,87.03,87.23,269.0
SIUSD,2026-05-13 04:00:00,87.24,87.3,87.1,87.19,96.0
SIUSD,2026-05-13 04:15:00,87.22,87.23,86.9,87.02,295.0
SIUSD,2026-05-13 04:30:00,87.05,87.23,86.97,87.01,147.0
SIUSD,2026-05-13 04:45:00,87.02,87.25,86.94,87.19,133.0
SIUSD,2026-05-13 05:00:00,87.17,87.22,86.96,86.96,89.0
SIUSD,2026-05-13 05:15:00,87.02,87.19,86.88,87.08,304.0
SIUSD,2026-05-13 05:30:00,87.08,87.34,86.99,87.28,129.0
SIUSD,2026-05-13 05:45:00,87.32,87.62,87.28,87.53,261.0
SIUSD,2026-05-13 06:00:00,87.54,88.24,87.53,87.84,598.0
SIUSD,2026-05-13 06:15:00,87.83,87.93,87.57,87.68,316.0
SIUSD,2026-05-13 06:30:00,87.65,87.7,87.48,87.53,224.0
SIUSD,2026-05-13 06:45:00,87.53,87.6,87.36,87.4,108.0
SIUSD,2026-05-13 07:00:00,87.4,87.85,87.33,87.85,356.0
SIUSD,2026-05-13 07:15:00,87.85,87.87,87.53,87.81,240.0
SIUSD,2026-05-13 07:30:00,87.77,88.31,87.77,88.18,612.0
SIUSD,2026-05-13 07:45:00,88.18,88.39,87.82,87.87,432.0
SIUSD,2026-05-13 08:00:00,87.85,88.05,87.71,87.83,375.0
SIUSD,2026-05-13 08:15:00,87.82,87.82,87.05,87.46,905.0
SIUSD,2026-05-13 08:30:00,87.5,87.5,86.69,87.13,1703.0
SIUSD,2026-05-13 08:45:00,87.1,87.27,86.77,87.1,863.0
SIUSD,2026-05-13 09:00:00,87.1,87.71,87.09,87.67,920.0
SIUSD,2026-05-13 09:15:00,87.68,87.83,87.56,87.63,667.0
SIUSD,2026-05-13 09:30:00,87.62,88.08,87.22,87.8,1610.0
SIUSD,2026-05-13 09:45:00,87.81,87.95,87.22,87.83,1174.0
SIUSD,2026-05-13 10:00:00,87.8,88.29,87.57,88.2,1048.0
SIUSD,2026-05-13 10:15:00,88.19,88.5,87.83,88.44,1012.0
SIUSD,2026-05-13 10:30:00,88.41,88.97,88.4,88.69,1886.0
SIUSD,2026-05-13 10:45:00,88.69,88.98,88.48,88.6,860.0
SIUSD,2026-05-13 11:00:00,88.59,89.38,88.53,89.08,1291.0
SIUSD,2026-05-13 11:15:00,89.08,89.2,88.99,89.11,672.0
SIUSD,2026-05-13 11:30:00,89.09,89.46,88.94,89.36,579.0
SIUSD,2026-05-13 11:45:00,89.37,89.57,89.29,89.56,560.0
SIUSD,2026-05-13 12:00:00,89.56,89.97,89.51,89.93,1532.0
SIUSD,2026-05-13 12:15:00,89.94,90.11,89.67,90.03,1431.0
SIUSD,2026-05-13 12:30:00,90.06,90.09,89.59,89.68,1216.0
SIUSD,2026-05-13 12:45:00,89.69,89.84,89.33,89.37,1053.0
SIUSD,2026-05-13 13:00:00,89.38,89.83,89.34,89.8,667.0
SIUSD,2026-05-13 13:15:00,89.8,89.84,89.18,89.21,1525.0
SIUSD,2026-05-13 13:30:00,89.24,89.24,88.62,88.67,986.0
SIUSD,2026-05-13 13:45:00,88.67,88.81,88.52,88.59,408.0
SIUSD,2026-05-13 14:00:00,88.54,89.0,88.53,88.93,451.0
SIUSD,2026-05-13 14:15:00,88.95,88.97,88.62,88.88,403.0
SIUSD,2026-05-13 14:30:00,88.87,88.93,88.36,88.42,589.0
SIUSD,2026-05-13 14:45:00,88.42,88.53,87.94,88.23,806.0
SIUSD,2026-05-13 15:00:00,88.26,88.61,88.22,88.6,298.0
SIUSD,2026-05-13 15:15:00,88.59,88.62,88.4,88.47,201.0
SIUSD,2026-05-13 15:30:00,88.48,88.51,88.31,88.44,177.0
SIUSD,2026-05-13 15:45:00,88.42,88.48,88.27,88.32,286.0
SIUSD,2026-05-13 16:00:00,88.32,88.35,88.14,88.28,294.0
SIUSD,2026-05-13 16:15:00,88.29,88.46,88.26,88.31,115.0
SIUSD,2026-05-13 16:30:00,88.32,88.35,88.11,88.23,127.0
SIUSD,2026-05-13 16:45:00,88.27,88.27,88.08,88.16,126.0
SIUSD,2026-05-13 18:00:00,88.13,88.42,88.13,88.3,110.0
SIUSD,2026-05-13 18:15:00,88.31,88.57,88.3,88.46,182.0
SIUSD,2026-05-13 18:30:00,88.48,88.64,88.42,88.63,67.0
SIUSD,2026-05-13 18:45:00,88.61,88.61,88.48,88.52,208.0
SIUSD,2026-05-13 19:00:00,88.54,88.59,88.41,88.56,147.0
SIUSD,2026-05-13 19:15:00,88.56,88.56,88.23,88.35,93.0
SIUSD,2026-05-13 19:30:00,88.35,88.45,88.29,88.3,100.0
SIUSD,2026-05-13 19:45:00,88.34,88.42,88.1,88.42,213.0
SIUSD,2026-05-13 20:00:00,88.4,88.56,88.07,88.46,574.0
SIUSD,2026-05-13 20:15:00,88.49,88.71,88.13,88.23,279.0
SIUSD,2026-05-13 20:30:00,88.23,88.38,88.03,88.37,238.0
SIUSD,2026-05-13 20:45:00,88.39,88.82,88.26,88.75,910.0
SIUSD,2026-05-13 21:00:00,88.75,89.17,87.63,87.91,1866.0
SIUSD,2026-05-13 21:15:00,87.85,88.37,87.68,88.29,507.0
SIUSD,2026-05-13 21:30:00,88.2,88.24,87.78,88.01,287.0
SIUSD,2026-05-13 21:45:00,88.05,88.35,87.64,87.91,370.0
SIUSD,2026-05-13 22:00:00,87.95,88.07,87.64,87.72,213.0
SIUSD,2026-05-13 22:15:00,87.78,88.14,87.72,88.09,199.0
SIUSD,2026-05-13 22:30:00,88.08,88.38,87.73,87.94,409.0
SIUSD,2026-05-13 22:45:00,87.93,88.01,87.38,87.63,530.0
SIUSD,2026-05-13 23:00:00,87.63,87.91,87.2,87.27,624.0
SIUSD,2026-05-13 23:15:00,87.32,87.68,87.13,87.67,464.0
SIUSD,2026-05-13 23:30:00,87.7,87.71,86.97,87.12,622.0
SIUSD,2026-05-13 23:45:00,87.14,87.24,86.91,86.98,432.0
SIUSD,2026-05-14 00:00:00,86.96,87.27,86.8,87.23,294.0
SIUSD,2026-05-14 00:15:00,87.24,87.88,87.24,87.67,363.0
SIUSD,2026-05-14 00:30:00,87.66,87.92,87.57,87.69,320.0
SIUSD,2026-05-14 00:45:00,87.65,87.78,87.48,87.5,282.0
SIUSD,2026-05-14 01:00:00,87.49,87.79,87.45,87.5,309.0
SIUSD,2026-05-14 01:15:00,87.47,87.64,87.41,87.48,188.0
SIUSD,2026-05-14 01:30:00,87.46,87.91,87.44,87.88,453.0
SIUSD,2026-05-14 01:45:00,87.89,88.06,87.51,87.51,366.0
SIUSD,2026-05-14 02:00:00,87.5,87.87,87.48,87.65,204.0
SIUSD,2026-05-14 02:15:00,87.61,87.82,87.55,87.71,126.0
SIUSD,2026-05-14 02:30:00,87.66,87.86,87.52,87.84,226.0
SIUSD,2026-05-14 02:45:00,87.83,87.99,87.53,87.76,306.0
SIUSD,2026-05-14 03:00:00,87.7,87.75,87.2,87.33,391.0
SIUSD,2026-05-14 03:15:00,87.33,87.92,87.25,87.87,265.0
SIUSD,2026-05-14 03:30:00,87.86,88.17,87.68,87.95,215.0
SIUSD,2026-05-14 03:45:00,87.93,87.98,87.52,87.59,234.0
SIUSD,2026-05-14 04:00:00,87.56,87.91,87.51,87.85,150.0
SIUSD,2026-05-14 04:15:00,87.91,88.04,87.82,88.04,147.0
SIUSD,2026-05-14 04:30:00,88.09,88.16,87.67,87.71,171.0
SIUSD,2026-05-14 04:45:00,87.72,87.76,87.58,87.58,110.0
SIUSD,2026-05-14 05:00:00,87.58,87.82,87.49,87.61,274.0
SIUSD,2026-05-14 05:15:00,87.65,87.76,87.59,87.59,60.0
SIUSD,2026-05-14 05:30:00,87.53,87.88,87.25,87.76,342.0
SIUSD,2026-05-14 05:45:00,87.78,88.04,87.73,87.73,407.0
SIUSD,2026-05-14 06:00:00,87.75,87.84,87.45,87.56,383.0
SIUSD,2026-05-14 06:15:00,87.56,87.63,87.36,87.47,330.0
SIUSD,2026-05-14 06:30:00,87.48,87.57,87.37,87.45,346.0
SIUSD,2026-05-14 06:45:00,87.46,87.79,87.4,87.71,456.0
SIUSD,2026-05-14 07:00:00,87.71,87.82,87.26,87.56,500.0
SIUSD,2026-05-14 07:15:00,87.54,87.54,87.04,87.12,337.0
SIUSD,2026-05-14 07:30:00,87.12,87.43,87.04,87.38,265.0
SIUSD,2026-05-14 07:45:00,87.32,87.63,87.29,87.29,285.0
SIUSD,2026-05-14 08:00:00,87.24,87.59,87.23,87.46,380.0
SIUSD,2026-05-14 08:15:00,87.49,87.63,87.11,87.15,751.0
SIUSD,2026-05-14 08:30:00,87.29,87.29,86.75,86.8,899.0
SIUSD,2026-05-14 08:45:00,86.79,87.24,86.67,87.13,604.0
SIUSD,2026-05-14 09:00:00,87.12,87.34,86.48,86.84,1519.0
SIUSD,2026-05-14 09:15:00,86.85,86.87,85.77,85.95,2227.0
SIUSD,2026-05-14 09:30:00,85.91,85.91,84.64,85.02,3635.0
SIUSD,2026-05-14 09:45:00,85.01,85.4,84.38,84.49,2014.0
SIUSD,2026-05-14 10:00:00,84.47,85.17,84.36,85.13,1965.0
SIUSD,2026-05-14 10:15:00,85.13,85.61,85.04,85.23,1566.0
SIUSD,2026-05-14 10:30:00,85.21,85.56,85.17,85.36,745.0
SIUSD,2026-05-14 10:45:00,85.37,85.52,85.02,85.02,604.0
SIUSD,2026-05-14 11:00:00,85.01,85.41,84.97,85.34,706.0
SIUSD,2026-05-14 11:15:00,85.34,85.77,85.21,85.68,838.0
SIUSD,2026-05-14 11:30:00,85.61,85.81,85.47,85.55,400.0
SIUSD,2026-05-14 11:45:00,85.58,85.63,85.29,85.44,480.0
SIUSD,2026-05-14 12:00:00,85.45,85.54,85.13,85.34,655.0
SIUSD,2026-05-14 12:15:00,85.36,85.54,85.17,85.19,344.0
SIUSD,2026-05-14 12:30:00,85.23,85.26,84.82,85.16,640.0
SIUSD,2026-05-14 12:45:00,85.15,85.34,85.04,85.29,489.0
SIUSD,2026-05-14 13:00:00,85.3,85.48,85.11,85.18,702.0
SIUSD,2026-05-14 13:15:00,85.16,85.43,85.11,85.28,1132.0
SIUSD,2026-05-14 13:30:00,85.31,85.51,85.23,85.47,257.0
SIUSD,2026-05-14 13:45:00,85.47,85.49,85.34,85.34,380.0
SIUSD,2026-05-14 14:00:00,85.34,85.34,84.89,85.18,717.0
SIUSD,2026-05-14 14:15:00,85.18,85.26,85.09,85.1,121.0
SIUSD,2026-05-14 14:30:00,85.08,85.14,84.88,84.88,121.0
SIUSD,2026-05-14 14:45:00,84.91,85.03,84.66,85.03,431.0
SIUSD,2026-05-14 15:00:00,85.04,85.04,84.61,84.68,277.0
SIUSD,2026-05-14 15:15:00,84.69,84.79,84.56,84.56,455.0
SIUSD,2026-05-14 15:30:00,84.57,84.62,84.01,84.06,1191.0
SIUSD,2026-05-14 15:45:00,84.03,84.27,83.87,84.05,943.0
SIUSD,2026-05-14 16:00:00,84.05,84.21,83.81,83.81,342.0
SIUSD,2026-05-14 16:15:00,83.82,83.88,83.73,83.83,177.0
SIUSD,2026-05-14 16:30:00,83.83,84.04,83.63,84.01,403.0
SIUSD,2026-05-14 16:45:00,84.01,84.1,84.0,84.01,126.0
SIUSD,2026-05-14 18:00:00,84.0,84.18,83.85,84.09,136.0
SIUSD,2026-05-14 18:15:00,84.11,84.14,84.04,84.12,107.0
SIUSD,2026-05-14 18:30:00,84.17,84.38,84.13,84.38,149.0
SIUSD,2026-05-14 18:45:00,84.38,84.38,84.15,84.29,87.0
SIUSD,2026-05-14 19:00:00,84.29,84.34,84.1,84.11,66.0
SIUSD,2026-05-14 19:15:00,84.06,84.3,83.91,84.29,282.0
SIUSD,2026-05-14 19:30:00,84.31,84.35,83.32,84.18,538.0
SIUSD,2026-05-14 19:45:00,84.16,84.18,83.67,83.99,244.0
SIUSD,2026-05-14 20:00:00,83.96,84.07,83.6,83.73,262.0
SIUSD,2026-05-14 20:15:00,83.79,84.18,83.32,83.43,485.0
SIUSD,2026-05-14 20:30:00,83.45,83.45,82.4,82.74,1272.0
SIUSD,2026-05-14 20:45:00,82.78,83.02,82.25,82.95,956.0
SIUSD,2026-05-14 21:00:00,82.97,83.01,81.6,81.94,1229.0
SIUSD,2026-05-14 21:15:00,81.92,82.1,81.44,81.46,706.0
SIUSD,2026-05-14 21:30:00,81.47,82.07,81.42,82.07,679.0
SIUSD,2026-05-14 21:45:00,82.03,82.08,81.02,81.22,796.0
SIUSD,2026-05-14 22:00:00,81.24,81.64,81.08,81.52,456.0
SIUSD,2026-05-14 22:15:00,81.49,81.66,81.32,81.52,153.0
SIUSD,2026-05-14 22:30:00,81.54,81.72,81.39,81.69,231.0
SIUSD,2026-05-14 22:45:00,81.72,82.09,81.58,81.82,450.0
SIUSD,2026-05-14 23:00:00,81.85,82.07,81.78,81.82,285.0
SIUSD,2026-05-14 23:15:00,81.83,81.84,81.35,81.43,305.0
SIUSD,2026-05-14 23:30:00,81.47,81.83,81.27,81.65,391.0
SIUSD,2026-05-14 23:45:00,81.65,81.86,81.47,81.85,157.0
SIUSD,2026-05-15 00:00:00,81.83,81.93,81.68,81.93,110.0
SIUSD,2026-05-15 00:15:00,81.94,81.94,81.53,81.82,248.0
SIUSD,2026-05-15 00:30:00,81.76,81.88,81.39,81.44,91.0
SIUSD,2026-05-15 00:45:00,81.44,81.64,81.35,81.4,140.0
SIUSD,2026-05-15 01:00:00,81.38,81.39,80.64,80.83,678.0
SIUSD,2026-05-15 01:15:00,80.79,80.94,80.41,80.63,690.0
SIUSD,2026-05-15 01:30:00,80.64,80.68,78.2,78.57,4260.0
SIUSD,2026-05-15 01:45:00,78.56,78.93,78.1,78.36,1464.0
SIUSD,2026-05-15 02:00:00,78.36,78.78,77.96,78.78,1432.0
SIUSD,2026-05-15 02:15:00,78.79,79.19,78.69,78.77,1141.0
SIUSD,2026-05-15 02:30:00,78.79,79.12,78.79,78.9,506.0
SIUSD,2026-05-15 02:45:00,78.94,79.12,78.62,78.77,436.0
SIUSD,2026-05-15 03:00:00,78.8,79.67,78.52,79.63,980.0
SIUSD,2026-05-15 03:15:00,79.62,79.79,79.37,79.64,988.0
SIUSD,2026-05-15 03:30:00,79.63,79.66,79.33,79.55,407.0
SIUSD,2026-05-15 03:45:00,79.56,79.57,79.19,79.36,339.0
SIUSD,2026-05-15 04:00:00,79.38,79.44,78.78,79.0,651.0
SIUSD,2026-05-15 04:15:00,78.94,78.94,78.44,78.57,773.0
SIUSD,2026-05-15 04:30:00,78.55,79.1,78.29,79.1,616.0
SIUSD,2026-05-15 04:45:00,79.11,79.14,78.5,78.58,310.0
SIUSD,2026-05-15 05:00:00,78.62,78.95,78.24,78.39,438.0
SIUSD,2026-05-15 05:15:00,78.39,78.45,77.7,78.4,928.0
SIUSD,2026-05-15 05:30:00,78.39,78.47,77.79,77.88,637.0
SIUSD,2026-05-15 05:45:00,77.86,77.99,77.2,77.86,1914.0
SIUSD,2026-05-15 06:00:00,77.89,78.58,77.81,78.55,706.0
SIUSD,2026-05-15 06:15:00,78.53,79.12,78.47,78.88,1011.0
SIUSD,2026-05-15 06:30:00,78.89,79.08,78.65,79.08,600.0
SIUSD,2026-05-15 06:45:00,79.07,79.55,79.01,79.34,953.0
SIUSD,2026-05-15 07:00:00,79.31,79.48,79.09,79.17,577.0
SIUSD,2026-05-15 07:15:00,79.15,79.38,78.9,79.01,476.0
SIUSD,2026-05-15 07:30:00,79.03,79.04,78.62,78.74,400.0
SIUSD,2026-05-15 07:45:00,78.74,79.04,78.74,78.79,370.0
SIUSD,2026-05-15 08:00:00,78.77,78.77,78.43,78.49,455.0
SIUSD,2026-05-15 08:15:00,78.44,79.04,78.44,78.8,678.0
SIUSD,2026-05-15 08:30:00,78.74,78.75,77.9,78.0,755.0
SIUSD,2026-05-15 08:45:00,77.95,78.16,77.6,77.65,1013.0
SIUSD,2026-05-15 09:00:00,77.62,77.74,76.7,77.29,3021.0
SIUSD,2026-05-15 09:15:00,77.28,77.77,77.0,77.48,1379.0
SIUSD,2026-05-15 09:30:00,77.49,77.54,76.4,76.42,2492.0
SIUSD,2026-05-15 09:45:00,76.41,77.18,76.18,76.83,2260.0
SIUSD,2026-05-15 10:00:00,76.83,77.22,76.44,77.08,1555.0
SIUSD,2026-05-15 10:15:00,77.07,77.51,76.74,77.28,1830.0
SIUSD,2026-05-15 10:30:00,77.3,77.44,76.83,76.96,949.0
SIUSD,2026-05-15 10:45:00,76.94,77.33,76.58,77.26,1133.0
SIUSD,2026-05-15 11:00:00,77.27,77.36,76.82,76.94,999.0
SIUSD,2026-05-15 11:15:00,76.93,77.01,76.65,76.83,834.0
SIUSD,2026-05-15 11:30:00,76.83,77.02,76.68,76.88,742.0
SIUSD,2026-05-15 11:45:00,76.9,76.93,76.4,76.6,727.0
SIUSD,2026-05-15 12:00:00,76.61,76.76,76.28,76.42,563.0
SIUSD,2026-05-15 12:15:00,76.42,76.86,76.36,76.69,600.0
SIUSD,2026-05-15 12:30:00,76.71,76.86,76.68,76.76,540.0
SIUSD,2026-05-15 12:45:00,76.79,76.83,76.54,76.69,552.0
SIUSD,2026-05-15 13:00:00,76.67,77.12,76.61,77.1,1045.0
SIUSD,2026-05-15 13:15:00,77.11,77.81,77.05,77.58,2372.0
SIUSD,2026-05-15 13:30:00,77.57,77.79,77.44,77.66,661.0
SIUSD,2026-05-15 13:45:00,77.67,77.71,77.37,77.52,388.0
SIUSD,2026-05-15 14:00:00,77.52,77.59,77.38,77.58,365.0
SIUSD,2026-05-15 14:15:00,77.56,77.61,77.24,77.4,395.0
SIUSD,2026-05-15 14:30:00,77.4,77.42,77.11,77.29,341.0
SIUSD,2026-05-15 14:45:00,77.28,77.44,77.18,77.32,260.0
SIUSD,2026-05-15 15:00:00,77.32,77.32,76.88,76.94,388.0
SIUSD,2026-05-15 15:15:00,76.94,77.06,76.8,76.89,245.0
SIUSD,2026-05-15 15:30:00,76.93,77.06,76.86,76.86,303.0
SIUSD,2026-05-15 15:45:00,76.89,76.9,76.65,76.68,569.0
SIUSD,2026-05-15 16:00:00,76.66,76.66,76.1,76.25,558.0
SIUSD,2026-05-15 16:15:00,76.25,76.34,76.09,76.34,292.0
SIUSD,2026-05-15 16:30:00,76.35,76.47,76.35,76.38,103.0
SIUSD,2026-05-15 16:45:00,76.4,76.45,76.21,76.3,199.0
SIUSD,2026-05-17 18:00:00,76.21,76.86,75.5,76.65,893.0
SIUSD,2026-05-17 18:15:00,76.68,76.77,76.34,76.66,248.0
SIUSD,2026-05-17 18:30:00,76.65,77.18,76.65,77.04,274.0
SIUSD,2026-05-17 18:45:00,77.12,77.25,76.96,77.1,265.0
SIUSD,2026-05-17 19:00:00,77.16,77.18,76.8,76.96,117.0
SIUSD,2026-05-17 19:15:00,76.96,76.96,76.48,76.55,258.0
SIUSD,2026-05-17 19:30:00,76.48,76.94,76.39,76.94,268.0
SIUSD,2026-05-17 19:45:00,76.94,77.22,76.53,76.96,226.0
SIUSD,2026-05-17 20:00:00,76.99,77.22,76.53,76.61,271.0
SIUSD,2026-05-17 20:15:00,76.63,76.68,75.21,75.4,1036.0
SIUSD,2026-05-17 20:30:00,75.4,75.58,74.33,74.41,1322.0
SIUSD,2026-05-17 20:45:00,74.42,75.83,74.31,75.72,1067.0
SIUSD,2026-05-17 21:00:00,75.74,75.74,74.35,74.43,1568.0
SIUSD,2026-05-17 21:15:00,74.41,74.75,74.11,74.49,638.0
SIUSD,2026-05-17 21:30:00,74.39,74.98,74.39,74.97,479.0
SIUSD,2026-05-17 21:45:00,74.98,75.83,74.89,75.19,776.0
SIUSD,2026-05-17 22:00:00,75.18,75.51,74.91,75.36,424.0
SIUSD,2026-05-17 22:15:00,75.37,75.68,75.28,75.43,318.0
SIUSD,2026-05-17 22:30:00,75.4,75.75,75.19,75.53,287.0
SIUSD,2026-05-17 22:45:00,75.48,75.79,75.22,75.28,223.0
SIUSD,2026-05-17 23:00:00,75.3,75.5,75.01,75.14,335.0
SIUSD,2026-05-17 23:15:00,75.13,75.45,75.01,75.23,426.0
SIUSD,2026-05-17 23:30:00,75.31,75.4,74.66,75.32,522.0
SIUSD,2026-05-17 23:45:00,75.33,75.59,75.2,75.54,310.0
SIUSD,2026-05-18 00:00:00,75.55,76.01,75.54,75.91,425.0
SIUSD,2026-05-18 00:15:00,75.91,76.0,75.35,75.5,291.0
SIUSD,2026-05-18 00:30:00,75.67,75.86,75.62,75.72,128.0
SIUSD,2026-05-18 00:45:00,75.69,75.7,75.4,75.7,120.0
SIUSD,2026-05-18 01:00:00,75.74,75.83,75.5,75.61,176.0
SIUSD,2026-05-18 01:15:00,75.52,75.92,75.46,75.81,321.0
SIUSD,2026-05-18 01:30:00,75.81,75.97,75.55,75.63,242.0
SIUSD,2026-05-18 01:45:00,75.63,75.71,75.16,75.21,301.0
SIUSD,2026-05-18 02:00:00,75.19,75.54,75.15,75.42,406.0
SIUSD,2026-05-18 02:15:00,75.43,75.83,75.35,75.6,217.0
SIUSD,2026-05-18 02:30:00,75.57,75.9,75.45,75.8,335.0
SIUSD,2026-05-18 02:45:00,75.85,76.52,75.8,76.5,883.0
SIUSD,2026-05-18 03:00:00,76.52,76.57,76.03,76.09,631.0
SIUSD,2026-05-18 03:15:00,76.09,76.4,75.92,76.38,388.0
SIUSD,2026-05-18 03:30:00,76.39,76.67,76.24,76.24,286.0
SIUSD,2026-05-18 03:45:00,76.26,76.42,76.15,76.3,223.0
SIUSD,2026-05-18 04:00:00,76.3,76.47,76.13,76.3,183.0
SIUSD,2026-05-18 04:15:00,76.28,76.55,76.16,76.43,226.0
SIUSD,2026-05-18 04:30:00,76.42,76.65,76.33,76.36,425.0
SIUSD,2026-05-18 04:45:00,76.37,76.69,76.36,76.52,201.0
SIUSD,2026-05-18 05:00:00,76.53,76.58,76.22,76.31,230.0
SIUSD,2026-05-18 05:15:00,76.33,76.44,76.16,76.26,216.0
SIUSD,2026-05-18 05:30:00,76.21,76.28,76.03,76.16,122.0
SIUSD,2026-05-18 05:45:00,76.13,76.2,75.95,76.16,265.0
SIUSD,2026-05-18 06:00:00,76.17,76.24,75.91,76.1,275.0
SIUSD,2026-05-18 06:15:00,76.13,76.19,75.96,76.02,114.0
SIUSD,2026-05-18 06:30:00,76.02,76.27,75.76,76.25,216.0
SIUSD,2026-05-18 06:45:00,76.3,76.56,76.07,76.08,341.0
SIUSD,2026-05-18 07:00:00,76.08,76.22,75.74,76.22,634.0
SIUSD,2026-05-18 07:15:00,76.22,76.33,76.0,76.1,213.0
SIUSD,2026-05-18 07:30:00,76.05,77.48,76.05,77.32,1276.0
SIUSD,2026-05-18 07:45:00,77.3,77.34,76.77,76.77,451.0
SIUSD,2026-05-18 08:00:00,76.78,76.99,76.66,76.96,453.0
SIUSD,2026-05-18 08:15:00,76.97,77.32,76.7,77.13,842.0
SIUSD,2026-05-18 08:30:00,77.14,77.79,77.09,77.79,804.0
SIUSD,2026-05-18 08:45:00,77.78,77.94,77.35,77.88,872.0
SIUSD,2026-05-18 09:00:00,77.88,78.19,77.65,77.96,1594.0
SIUSD,2026-05-18 09:15:00,77.94,78.22,77.77,78.08,595.0
SIUSD,2026-05-18 09:30:00,78.07,78.42,77.86,77.99,1317.0
SIUSD,2026-05-18 09:45:00,77.98,78.62,77.88,78.26,1085.0
SIUSD,2026-05-18 10:00:00,78.25,78.32,77.55,77.63,1724.0
SIUSD,2026-05-18 10:15:00,77.64,77.86,77.22,77.52,1107.0
SIUSD,2026-05-18 10:30:00,77.5,77.55,76.67,76.98,1339.0
SIUSD,2026-05-18 10:45:00,76.99,77.14,76.58,77.05,732.0
SIUSD,2026-05-18 11:00:00,77.06,77.16,76.48,76.92,1170.0
SIUSD,2026-05-18 11:15:00,76.9,77.05,76.67,76.69,592.0
SIUSD,2026-05-18 11:30:00,76.67,77.19,76.64,77.0,427.0
SIUSD,2026-05-18 11:45:00,77.02,77.3,77.0,77.23,432.0
SIUSD,2026-05-18 12:00:00,77.22,77.31,76.96,77.3,462.0
SIUSD,2026-05-18 12:15:00,77.29,77.42,76.65,76.77,747.0
SIUSD,2026-05-18 12:30:00,76.78,77.32,76.69,77.04,674.0
SIUSD,2026-05-18 12:45:00,77.02,77.47,77.02,77.31,539.0
SIUSD,2026-05-18 13:00:00,77.29,77.57,77.21,77.47,556.0
SIUSD,2026-05-18 13:15:00,77.47,77.61,77.36,77.41,809.0
SIUSD,2026-05-18 13:30:00,77.38,77.47,77.33,77.42,206.0
SIUSD,2026-05-18 13:45:00,77.42,77.45,77.29,77.35,90.0
SIUSD,2026-05-18 14:00:00,77.33,77.35,77.15,77.19,148.0
SIUSD,2026-05-18 14:15:00,77.19,77.22,76.99,77.22,317.0
SIUSD,2026-05-18 14:30:00,77.23,77.26,77.11,77.19,107.0
SIUSD,2026-05-18 14:45:00,77.19,77.26,76.81,76.91,245.0
SIUSD,2026-05-18 15:00:00,76.93,78.02,76.88,77.69,1254.0
SIUSD,2026-05-18 15:15:00,77.68,77.72,77.27,77.43,287.0
SIUSD,2026-05-18 15:30:00,77.39,77.8,77.39,77.73,326.0
SIUSD,2026-05-18 15:45:00,77.72,77.93,77.7,77.75,313.0
SIUSD,2026-05-18 16:00:00,77.77,77.92,77.75,77.92,98.0
SIUSD,2026-05-18 16:15:00,77.9,78.08,77.9,77.96,316.0
SIUSD,2026-05-18 16:30:00,77.97,78.0,77.88,78.0,88.0
SIUSD,2026-05-18 16:45:00,77.97,78.14,77.92,78.12,226.0
SIUSD,2026-05-18 17:00:00,77.444,77.444,77.444,77.444,0.0
SIUSD,2026-05-18 18:00:00,78.05,78.47,78.05,78.42,576.0
SIUSD,2026-05-18 18:15:00,78.45,78.49,78.33,78.47,149.0
SIUSD,2026-05-18 18:30:00,78.46,78.72,78.43,78.68,301.0
SIUSD,2026-05-18 18:45:00,78.69,78.7,78.54,78.65,96.0
SIUSD,2026-05-18 19:00:00,78.69,79.33,78.69,79.28,569.0
SIUSD,2026-05-18 19:15:00,79.29,79.3,79.07,79.17,132.0
SIUSD,2026-05-18 19:30:00,79.18,79.4,79.06,79.34,211.0
SIUSD,2026-05-18 19:45:00,79.35,79.35,79.09,79.18,76.0
SIUSD,2026-05-18 20:00:00,79.18,79.36,78.86,79.03,229.0
SIUSD,2026-05-18 20:15:00,78.96,79.24,78.82,78.91,266.0
SIUSD,2026-05-18 20:30:00,78.92,79.06,78.64,78.69,133.0
SIUSD,2026-05-18 20:45:00,78.7,78.7,77.97,78.0,512.0
SIUSD,2026-05-18 21:00:00,77.99,78.24,77.67,77.94,559.0
SIUSD,2026-05-18 21:15:00,77.99,78.08,77.46,77.61,417.0
SIUSD,2026-05-18 21:30:00,77.61,78.1,77.34,78.02,384.0
SIUSD,2026-05-18 21:45:00,77.97,78.02,77.58,77.58,199.0
SIUSD,2026-05-18 22:00:00,77.57,77.63,77.01,77.15,565.0
SIUSD,2026-05-18 22:15:00,77.13,77.25,76.96,77.08,401.0
SIUSD,2026-05-18 22:30:00,77.07,77.14,76.65,76.92,387.0
SIUSD,2026-05-18 22:45:00,76.91,77.0,76.63,76.79,319.0
SIUSD,2026-05-18 23:00:00,76.76,76.96,76.53,76.93,315.0
SIUSD,2026-05-18 23:15:00,76.96,77.07,76.74,76.94,280.0
SIUSD,2026-05-18 23:30:00,76.93,76.98,76.72,76.79,203.0
SIUSD,2026-05-18 23:45:00,76.69,76.87,76.63,76.65,95.0
SIUSD,2026-05-19 00:00:00,76.58,76.61,76.39,76.51,178.0
SIUSD,2026-05-19 00:15:00,76.5,76.67,76.39,76.46,85.0
SIUSD,2026-05-19 00:30:00,76.46,76.61,76.34,76.5,125.0
SIUSD,2026-05-19 00:45:00,76.53,76.67,76.46,76.65,49.0
SIUSD,2026-05-19 01:00:00,76.64,76.82,76.53,76.71,154.0
SIUSD,2026-05-19 01:15:00,76.71,76.72,76.2,76.5,371.0
SIUSD,2026-05-19 01:30:00,76.51,76.56,76.04,76.35,485.0
SIUSD,2026-05-19 01:45:00,76.3,76.84,76.14,76.68,772.0
SIUSD,2026-05-19 02:00:00,76.71,76.95,76.46,76.83,318.0
SIUSD,2026-05-19 02:15:00,76.83,77.07,76.78,76.78,357.0
SIUSD,2026-05-19 02:30:00,76.73,76.9,76.64,76.87,315.0
SIUSD,2026-05-19 02:45:00,76.85,76.86,76.47,76.69,269.0
SIUSD,2026-05-19 03:00:00,76.72,76.72,76.29,76.44,273.0
SIUSD,2026-05-19 03:15:00,76.47,76.47,76.19,76.41,158.0
SIUSD,2026-05-19 03:30:00,76.46,76.47,76.18,76.18,102.0
SIUSD,2026-05-19 03:45:00,76.19,76.89,76.18,76.87,361.0
SIUSD,2026-05-19 04:00:00,76.91,76.97,76.34,76.46,260.0
SIUSD,2026-05-19 04:15:00,76.46,76.5,76.21,76.36,172.0
SIUSD,2026-05-19 04:30:00,76.33,76.58,76.31,76.58,148.0
SIUSD,2026-05-19 04:45:00,76.53,76.61,76.37,76.39,81.0
SIUSD,2026-05-19 05:00:00,76.33,76.37,75.84,76.06,367.0
SIUSD,2026-05-19 05:15:00,76.09,76.4,75.93,76.08,238.0
SIUSD,2026-05-19 05:30:00,76.08,76.21,75.88,75.97,139.0
SIUSD,2026-05-19 05:45:00,75.97,76.24,75.97,76.18,83.0
SIUSD,2026-05-19 06:00:00,76.14,76.38,76.09,76.26,175.0
SIUSD,2026-05-19 06:15:00,76.27,76.29,76.14,76.27,46.0
SIUSD,2026-05-19 06:30:00,76.3,76.43,75.82,75.9,360.0
SIUSD,2026-05-19 06:45:00,75.94,76.45,75.87,76.45,260.0
SIUSD,2026-05-19 07:00:00,76.49,76.67,76.3,76.46,385.0
SIUSD,2026-05-19 07:15:00,76.43,76.5,76.28,76.32,87.0
SIUSD,2026-05-19 07:30:00,76.4,76.45,76.25,76.39,119.0
SIUSD,2026-05-19 07:45:00,76.36,76.39,76.12,76.12,180.0
SIUSD,2026-05-19 08:00:00,76.1,76.54,76.03,76.44,226.0
SIUSD,2026-05-19 08:15:00,76.51,76.69,76.25,76.61,400.0
SIUSD,2026-05-19 08:30:00,76.58,76.75,76.4,76.46,364.0
SIUSD,2026-05-19 08:45:00,76.46,76.56,76.37,76.4,240.0
SIUSD,2026-05-19 09:00:00,76.41,76.41,75.64,75.95,1228.0
SIUSD,2026-05-19 09:15:00,76.02,76.04,73.82,73.99,3958.0
SIUSD,2026-05-19 09:30:00,74.02,74.1,73.35,73.76,5140.0
SIUSD,2026-05-19 09:45:00,73.78,74.94,73.76,74.71,2703.0
SIUSD,2026-05-19 10:00:00,74.71,75.22,74.5,74.56,1722.0
SIUSD,2026-05-19 10:15:00,74.57,74.78,74.24,74.57,1139.0
SIUSD,2026-05-19 10:30:00,74.56,74.69,74.21,74.47,842.0
SIUSD,2026-05-19 10:45:00,74.42,74.45,73.97,74.39,732.0
SIUSD,2026-05-19 11:00:00,74.41,74.56,74.1,74.43,564.0
SIUSD,2026-05-19 11:15:00,74.49,74.78,74.41,74.63,727.0
SIUSD,2026-05-19 11:30:00,74.6,74.89,74.57,74.69,761.0
SIUSD,2026-05-19 11:45:00,74.68,74.86,74.5,74.81,420.0
SIUSD,2026-05-19 12:00:00,74.82,74.99,74.59,74.64,516.0
SIUSD,2026-05-19 12:15:00,74.65,74.94,74.54,74.92,411.0
SIUSD,2026-05-19 12:30:00,74.89,75.07,74.85,74.93,414.0
SIUSD,2026-05-19 12:45:00,74.94,75.04,74.89,75.0,281.0
SIUSD,2026-05-19 13:00:00,74.99,75.21,74.97,75.21,571.0
SIUSD,2026-05-19 13:15:00,75.2,75.28,75.01,75.03,1239.0
SIUSD,2026-05-19 13:30:00,75.01,75.09,74.82,74.89,367.0
SIUSD,2026-05-19 13:45:00,74.88,74.92,74.76,74.82,229.0
SIUSD,2026-05-19 14:00:00,74.84,74.9,74.79,74.85,250.0
SIUSD,2026-05-19 14:15:00,74.85,74.85,74.43,74.61,523.0
SIUSD,2026-05-19 14:30:00,74.56,74.8,74.44,74.76,191.0
SIUSD,2026-05-19 14:45:00,74.73,74.79,74.39,74.49,235.0
SIUSD,2026-05-19 15:00:00,74.5,74.58,74.43,74.5,193.0
SIUSD,2026-05-19 15:15:00,74.5,74.5,74.25,74.33,307.0
SIUSD,2026-05-19 15:30:00,74.33,74.57,74.29,74.47,447.0
SIUSD,2026-05-19 15:45:00,74.47,74.47,74.14,74.25,351.0
SIUSD,2026-05-19 16:00:00,74.24,74.24,74.01,74.17,219.0
SIUSD,2026-05-19 16:15:00,74.18,74.22,74.07,74.19,52.0
SIUSD,2026-05-19 16:30:00,74.19,74.2,74.08,74.12,70.0
SIUSD,2026-05-19 16:45:00,74.08,74.1,73.92,73.97,265.0
SIUSD,2026-05-19 18:00:00,74.08,74.33,73.97,74.23,127.0
SIUSD,2026-05-19 18:15:00,74.21,74.22,74.07,74.18,91.0
SIUSD,2026-05-19 18:30:00,74.15,74.38,74.15,74.25,45.0
SIUSD,2026-05-19 18:45:00,74.21,74.32,74.16,74.32,39.0
SIUSD,2026-05-19 19:00:00,74.31,74.49,74.23,74.44,65.0
SIUSD,2026-05-19 19:15:00,74.38,74.48,74.38,74.42,27.0
SIUSD,2026-05-19 19:30:00,74.45,74.73,74.45,74.65,216.0
SIUSD,2026-05-19 19:45:00,74.63,74.65,74.39,74.5,115.0
SIUSD,2026-05-19 20:00:00,74.49,74.56,74.18,74.39,183.0
SIUSD,2026-05-19 20:15:00,74.32,74.72,74.16,74.72,202.0
SIUSD,2026-05-19 20:30:00,74.72,74.91,74.64,74.68,221.0
SIUSD,2026-05-19 20:45:00,74.7,74.94,74.68,74.93,108.0
SIUSD,2026-05-19 21:00:00,74.92,75.23,74.27,74.58,610.0
SIUSD,2026-05-19 21:15:00,74.58,74.82,73.92,73.92,331.0
SIUSD,2026-05-19 21:30:00,73.94,74.19,73.69,73.96,394.0
SIUSD,2026-05-19 21:45:00,73.93,74.68,73.86,74.54,489.0
SIUSD,2026-05-19 22:00:00,74.55,74.64,74.11,74.29,116.0
SIUSD,2026-05-19 22:15:00,74.27,74.49,74.15,74.31,94.0
SIUSD,2026-05-19 22:30:00,74.31,74.33,73.39,73.5,521.0
SIUSD,2026-05-19 22:45:00,73.5,73.78,73.49,73.73,181.0
SIUSD,2026-05-19 23:00:00,73.71,73.77,73.42,73.72,255.0
SIUSD,2026-05-19 23:15:00,73.76,74.07,73.72,74.05,138.0
SIUSD,2026-05-19 23:30:00,74.01,74.19,73.93,74.15,134.0
SIUSD,2026-05-19 23:45:00,74.11,74.13,73.8,73.82,152.0
SIUSD,2026-05-20 00:00:00,73.92,74.15,73.92,74.07,36.0
SIUSD,2026-05-20 00:15:00,74.08,74.08,73.81,73.9,36.0
SIUSD,2026-05-20 00:30:00,73.91,73.97,73.73,73.9,78.0
SIUSD,2026-05-20 00:45:00,73.88,73.9,73.77,73.81,74.0
SIUSD,2026-05-20 01:00:00,73.92,74.36,73.92,74.18,176.0
SIUSD,2026-05-20 01:15:00,74.11,74.39,74.11,74.15,89.0
SIUSD,2026-05-20 01:30:00,74.13,74.86,74.13,74.51,467.0
SIUSD,2026-05-20 01:45:00,74.51,74.65,74.32,74.55,220.0
SIUSD,2026-05-20 02:00:00,74.46,74.86,74.46,74.86,208.0
SIUSD,2026-05-20 02:15:00,74.89,75.22,74.89,75.01,463.0
SIUSD,2026-05-20 02:30:00,75.02,75.04,74.74,75.04,260.0
SIUSD,2026-05-20 02:45:00,75.07,75.74,75.04,75.52,811.0
SIUSD,2026-05-20 03:00:00,75.5,75.75,75.35,75.46,303.0
SIUSD,2026-05-20 03:15:00,75.46,75.51,75.26,75.46,186.0
SIUSD,2026-05-20 03:30:00,75.41,75.47,75.12,75.31,113.0
SIUSD,2026-05-20 03:45:00,75.32,75.38,75.18,75.26,85.0
SIUSD,2026-05-20 04:00:00,75.28,75.51,75.21,75.41,131.0
SIUSD,2026-05-20 04:15:00,75.46,75.74,75.34,75.74,205.0
SIUSD,2026-05-20 04:30:00,75.75,75.87,75.49,75.72,216.0
SIUSD,2026-05-20 04:45:00,75.72,75.87,75.68,75.69,228.0
SIUSD,2026-05-20 05:00:00,75.64,75.74,75.46,75.48,153.0
SIUSD,2026-05-20 05:15:00,75.47,75.66,75.45,75.57,136.0
SIUSD,2026-05-20 05:30:00,75.6,75.83,75.57,75.69,160.0
SIUSD,2026-05-20 05:45:00,75.69,75.92,75.64,75.75,154.0
SIUSD,2026-05-20 06:00:00,75.74,75.91,75.7,75.71,125.0
SIUSD,2026-05-20 06:15:00,75.69,75.86,75.68,75.74,143.0
SIUSD,2026-05-20 06:30:00,75.7,76.01,75.69,75.94,359.0
SIUSD,2026-05-20 06:45:00,75.94,76.03,75.9,76.02,187.0
SIUSD,2026-05-20 07:00:00,76.04,76.14,75.93,75.97,276.0
SIUSD,2026-05-20 07:15:00,75.96,76.09,75.8,76.05,208.0
SIUSD,2026-05-20 07:30:00,76.08,76.13,75.9,76.01,206.0
SIUSD,2026-05-20 07:45:00,75.99,76.11,75.91,76.08,197.0
SIUSD,2026-05-20 08:00:00,76.07,76.14,75.78,75.82,367.0
SIUSD,2026-05-20 08:15:00,75.79,76.03,75.71,75.8,385.0
SIUSD,2026-05-20 08:30:00,75.81,76.05,75.79,75.91,213.0
SIUSD,2026-05-20 08:45:00,75.89,76.05,75.76,75.82,240.0
SIUSD,2026-05-20 09:00:00,75.85,76.14,75.36,75.71,1114.0
SIUSD,2026-05-20 09:15:00,75.72,75.72,75.24,75.24,351.0
SIUSD,2026-05-20 09:30:00,75.24,75.45,74.9,75.31,948.0
SIUSD,2026-05-20 09:45:00,75.33,75.47,74.99,75.16,645.0
SIUSD,2026-05-20 10:00:00,75.16,75.29,74.72,75.1,1018.0
SIUSD,2026-05-20 10:15:00,75.13,76.29,75.12,76.2,2625.0
SIUSD,2026-05-20 10:30:00,76.22,77.0,76.21,76.38,2445.0
SIUSD,2026-05-20 10:45:00,76.4,76.78,76.26,76.44,872.0
SIUSD,2026-05-20 11:00:00,76.43,76.62,75.94,76.01,806.0
SIUSD,2026-05-20 11:15:00,76.01,76.91,75.99,76.13,2298.0
SIUSD,2026-05-20 11:30:00,76.12,76.4,76.12,76.33,457.0
SIUSD,2026-05-20 11:45:00,76.36,76.46,75.96,76.08,547.0
SIUSD,2026-05-20 12:00:00,76.06,76.33,76.06,76.27,355.0
SIUSD,2026-05-20 12:15:00,76.25,76.25,75.89,76.0,612.0
SIUSD,2026-05-20 12:30:00,75.98,76.24,75.94,76.24,260.0
SIUSD,2026-05-20 12:45:00,76.25,76.29,76.06,76.28,285.0
SIUSD,2026-05-20 13:00:00,76.29,76.53,76.18,76.43,518.0
SIUSD,2026-05-20 13:15:00,76.42,76.52,76.1,76.26,812.0
SIUSD,2026-05-20 13:30:00,76.28,76.41,76.15,76.28,354.0
SIUSD,2026-05-20 13:45:00,76.26,76.36,76.15,76.17,113.0
SIUSD,2026-05-20 14:00:00,76.18,76.46,76.08,76.39,195.0
SIUSD,2026-05-20 14:15:00,76.4,76.53,76.28,76.46,205.0
SIUSD,2026-05-20 14:30:00,76.47,76.75,76.44,76.46,256.0
SIUSD,2026-05-20 14:45:00,76.45,76.65,76.45,76.54,116.0
SIUSD,2026-05-20 15:00:00,76.57,76.66,76.56,76.63,91.0
SIUSD,2026-05-20 15:15:00,76.61,76.64,76.38,76.43,169.0
SIUSD,2026-05-20 15:30:00,76.43,76.63,76.36,76.49,352.0
SIUSD,2026-05-20 15:45:00,76.49,76.49,76.27,76.3,251.0
SIUSD,2026-05-20 16:00:00,76.31,76.44,76.27,76.36,79.0
SIUSD,2026-05-20 16:15:00,76.4,76.41,76.11,76.29,157.0
SIUSD,2026-05-20 16:30:00,76.28,76.3,76.16,76.21,57.0
SIUSD,2026-05-20 16:45:00,76.2,76.23,76.13,76.21,89.0
SIUSD,2026-05-20 17:00:00,76.181,76.181,76.181,76.181,3.0
SIUSD,2026-05-20 18:00:00,76.19,76.23,75.58,75.83,137.0
SIUSD,2026-05-20 18:15:00,75.83,75.84,75.59,75.76,123.0
SIUSD,2026-05-20 18:30:00,75.77,76.0,75.77,76.0,72.0
SIUSD,2026-05-20 18:45:00,75.97,76.04,75.9,76.04,37.0
SIUSD,2026-05-20 19:00:00,76.05,76.09,75.9,75.99,43.0
SIUSD,2026-05-20 19:15:00,75.93,75.98,75.74,75.82,54.0
SIUSD,2026-05-20 19:30:00,75.87,76.23,75.87,76.21,103.0
SIUSD,2026-05-20 19:45:00,76.21,76.36,76.07,76.25,91.0
SIUSD,2026-05-20 20:00:00,76.26,76.27,75.79,75.93,120.0
SIUSD,2026-05-20 20:15:00,75.99,76.29,75.69,76.01,235.0
SIUSD,2026-05-20 20:30:00,75.97,76.2,75.9,76.16,68.0
SIUSD,2026-05-20 20:45:00,76.15,76.49,76.03,76.41,188.0
SIUSD,2026-05-20 21:00:00,76.44,76.97,76.1,76.91,576.0
SIUSD,2026-05-20 21:15:00,76.91,77.08,76.74,77.02,475.0
SIUSD,2026-05-20 21:30:00,77.03,77.31,76.83,76.9,441.0
SIUSD,2026-05-20 21:45:00,76.94,76.94,76.59,76.69,267.0
SIUSD,2026-05-20 22:00:00,76.74,76.9,76.54,76.65,187.0
SIUSD,2026-05-20 22:15:00,76.64,76.64,76.25,76.29,62.0
SIUSD,2026-05-20 22:30:00,76.26,76.35,75.68,75.75,629.0
SIUSD,2026-05-20 22:45:00,75.69,75.8,75.52,75.71,369.0
SIUSD,2026-05-20 23:00:00,75.69,75.97,75.67,75.92,106.0
SIUSD,2026-05-20 23:15:00,75.85,76.02,75.63,75.82,147.0
SIUSD,2026-05-20 23:30:00,75.82,75.94,75.76,75.91,110.0
SIUSD,2026-05-20 23:45:00,75.89,75.94,75.63,75.64,123.0
SIUSD,2026-05-21 00:00:00,75.61,75.94,75.58,75.91,93.0
SIUSD,2026-05-21 00:15:00,75.9,76.09,75.88,76.02,105.0
SIUSD,2026-05-21 00:30:00,76.03,76.06,75.8,75.9,45.0
SIUSD,2026-05-21 00:45:00,75.91,76.09,75.87,76.09,69.0
SIUSD,2026-05-21 01:00:00,76.04,76.11,75.77,75.85,115.0
SIUSD,2026-05-21 01:15:00,75.79,75.82,75.46,75.47,153.0
SIUSD,2026-05-21 01:30:00,75.51,75.58,75.25,75.56,431.0
SIUSD,2026-05-21 01:45:00,75.55,75.81,75.26,75.79,225.0
SIUSD,2026-05-21 02:00:00,75.69,75.86,75.53,75.58,204.0
SIUSD,2026-05-21 02:15:00,75.58,75.91,75.41,75.44,486.0
SIUSD,2026-05-21 02:30:00,75.47,75.54,75.14,75.4,515.0
SIUSD,2026-05-21 02:45:00,75.44,75.44,75.04,75.18,363.0
SIUSD,2026-05-21 03:00:00,75.19,75.47,75.17,75.26,259.0
SIUSD,2026-05-21 03:15:00,75.24,75.36,75.19,75.19,91.0
SIUSD,2026-05-21 03:30:00,75.2,75.32,75.17,75.25,87.0
SIUSD,2026-05-21 03:45:00,75.2,75.29,75.08,75.08,211.0
SIUSD,2026-05-21 04:00:00,75.1,75.78,74.96,75.71,486.0
SIUSD,2026-05-21 04:15:00,75.76,75.86,75.51,75.81,304.0
SIUSD,2026-05-21 04:30:00,75.78,75.8,75.54,75.63,110.0
SIUSD,2026-05-21 04:45:00,75.63,75.89,75.54,75.84,268.0
SIUSD,2026-05-21 05:00:00,75.82,75.95,75.78,75.85,192.0
SIUSD,2026-05-21 05:15:00,75.85,76.01,75.8,75.95,158.0
SIUSD,2026-05-21 05:30:00,75.94,76.14,75.63,75.67,93.0
SIUSD,2026-05-21 05:45:00,75.68,75.76,75.64,75.75,109.0
SIUSD,2026-05-21 06:00:00,75.72,75.82,75.65,75.82,129.0
SIUSD,2026-05-21 06:15:00,75.79,75.88,75.0,75.26,488.0
SIUSD,2026-05-21 06:30:00,75.2,75.33,74.84,75.21,518.0
SIUSD,2026-05-21 06:45:00,75.2,75.26,74.97,75.02,261.0
SIUSD,2026-05-21 07:00:00,74.98,75.33,74.97,75.17,338.0
SIUSD,2026-05-21 07:15:00,75.19,75.43,75.15,75.15,251.0
SIUSD,2026-05-21 07:30:00,75.17,75.27,75.02,75.18,78.0
SIUSD,2026-05-21 07:45:00,75.17,75.36,75.13,75.28,99.0
SIUSD,2026-05-21 08:00:00,75.31,75.41,75.18,75.25,155.0
SIUSD,2026-05-21 08:15:00,75.24,75.26,74.94,75.07,260.0
SIUSD,2026-05-21 08:30:00,75.11,75.46,75.07,75.36,624.0
SIUSD,2026-05-21 08:45:00,75.36,75.41,74.97,75.02,391.0
SIUSD,2026-05-21 09:00:00,74.96,75.52,74.74,75.13,971.0
SIUSD,2026-05-21 09:15:00,75.15,75.39,74.9,75.1,526.0
SIUSD,2026-05-21 09:30:00,75.1,75.1,74.69,74.98,873.0
SIUSD,2026-05-21 09:45:00,74.99,76.03,74.99,75.75,1466.0
SIUSD,2026-05-21 10:00:00,75.75,75.77,75.31,75.52,802.0
SIUSD,2026-05-21 10:15:00,75.59,75.59,75.2,75.5,403.0
SIUSD,2026-05-21 10:30:00,75.5,75.58,75.23,75.3,260.0
SIUSD,2026-05-21 10:45:00,75.35,75.52,75.17,75.45,283.0
SIUSD,2026-05-21 11:00:00,75.47,75.9,75.24,75.7,574.0
SIUSD,2026-05-21 11:15:00,75.72,75.86,75.54,75.61,435.0
SIUSD,2026-05-21 11:30:00,75.58,75.73,75.58,75.61,193.0
SIUSD,2026-05-21 11:45:00,75.65,75.94,75.65,75.89,264.0
SIUSD,2026-05-21 12:00:00,75.91,76.36,75.91,76.11,655.0
SIUSD,2026-05-21 12:15:00,76.1,76.22,76.01,76.13,293.0
SIUSD,2026-05-21 12:30:00,76.15,76.35,76.15,76.3,373.0
SIUSD,2026-05-21 12:45:00,76.31,76.39,76.19,76.35,209.0
SIUSD,2026-05-21 13:00:00,76.36,76.87,76.25,76.59,1021.0
SIUSD,2026-05-21 13:15:00,76.58,77.29,76.57,76.95,2042.0
SIUSD,2026-05-21 13:30:00,76.93,77.25,76.84,77.17,397.0
SIUSD,2026-05-21 13:45:00,77.21,77.48,77.05,77.14,639.0
SIUSD,2026-05-21 14:00:00,77.13,77.27,76.86,77.08,455.0
SIUSD,2026-05-21 14:15:00,77.09,77.36,77.04,77.28,255.0
SIUSD,2026-05-21 14:30:00,77.28,77.29,77.04,77.22,199.0
SIUSD,2026-05-21 14:45:00,77.21,77.21,76.4,76.64,615.0
SIUSD,2026-05-21 15:00:00,76.64,76.8,76.56,76.78,240.0
SIUSD,2026-05-21 15:15:00,76.78,77.02,76.78,76.88,164.0
SIUSD,2026-05-21 15:30:00,76.92,77.09,76.86,77.04,172.0
SIUSD,2026-05-21 15:45:00,77.01,77.21,76.84,77.1,495.0
SIUSD,2026-05-21 16:00:00,77.11,77.11,76.94,76.99,144.0
SIUSD,2026-05-21 16:15:00,76.99,77.01,76.96,76.99,42.0
SIUSD,2026-05-21 16:30:00,76.97,77.01,76.93,76.96,63.0
SIUSD,2026-05-21 16:45:00,76.97,77.05,76.96,77.02,81.0
SIUSD,2026-05-21 17:00:00,76.732,76.732,76.732,76.732,0.0
SIUSD,2026-05-21 18:00:00,77.02,77.2,76.96,77.01,75.0
SIUSD,2026-05-21 18:15:00,77.07,77.09,76.96,77.05,33.0
SIUSD,2026-05-21 18:30:00,77.04,77.14,76.92,77.14,30.0
SIUSD,2026-05-21 18:45:00,77.16,77.17,77.04,77.1,35.0
SIUSD,2026-05-21 19:00:00,77.11,77.16,77.08,77.09,36.0
SIUSD,2026-05-21 19:15:00,77.1,77.15,76.94,77.03,60.0
SIUSD,2026-05-21 19:30:00,76.99,77.0,76.84,76.85,34.0
SIUSD,2026-05-21 19:45:00,76.83,77.0,76.83,76.99,90.0
SIUSD,2026-05-21 20:00:00,77.0,77.0,76.74,76.77,87.0
SIUSD,2026-05-21 20:15:00,76.73,76.92,76.71,76.86,85.0
SIUSD,2026-05-21 20:30:00,76.9,77.0,76.78,76.78,52.0
SIUSD,2026-05-21 20:45:00,76.82,76.82,76.55,76.55,218.0
SIUSD,2026-05-21 21:00:00,76.56,76.85,76.33,76.47,356.0
SIUSD,2026-05-21 21:15:00,76.48,76.78,76.43,76.69,127.0
SIUSD,2026-05-21 21:30:00,76.68,76.68,76.35,76.56,136.0
SIUSD,2026-05-21 21:45:00,76.55,77.03,76.55,76.75,211.0
SIUSD,2026-05-21 22:00:00,76.77,76.82,76.52,76.64,113.0
SIUSD,2026-05-21 22:15:00,76.65,76.72,76.52,76.53,48.0
SIUSD,2026-05-21 22:30:00,76.53,76.63,76.22,76.48,219.0
SIUSD,2026-05-21 22:45:00,76.5,76.66,76.44,76.64,112.0
SIUSD,2026-05-21 23:00:00,76.65,76.71,76.49,76.49,55.0
SIUSD,2026-05-21 23:15:00,76.53,76.53,76.32,76.43,76.0
SIUSD,2026-05-21 23:30:00,76.46,76.75,76.46,76.75,76.0
SIUSD,2026-05-21 23:45:00,76.77,76.8,76.66,76.8,34.0
SIUSD,2026-05-22 00:00:00,76.82,76.96,76.79,76.94,67.0
SIUSD,2026-05-22 00:15:00,76.89,77.0,76.79,76.97,79.0
SIUSD,2026-05-22 00:30:00,76.93,76.99,76.88,76.94,43.0
SIUSD,2026-05-22 00:45:00,76.9,76.91,76.86,76.89,16.0
SIUSD,2026-05-22 01:00:00,76.89,76.96,76.82,76.85,70.0
SIUSD,2026-05-22 01:15:00,76.83,76.86,76.75,76.78,33.0
SIUSD,2026-05-22 01:30:00,76.8,77.42,76.73,77.18,594.0
SIUSD,2026-05-22 01:45:00,77.17,77.33,76.13,76.19,582.0
SIUSD,2026-05-22 02:00:00,76.21,76.71,76.05,76.63,378.0
SIUSD,2026-05-22 02:15:00,76.58,76.83,76.58,76.82,99.0
SIUSD,2026-05-22 02:30:00,76.85,76.9,76.52,76.69,297.0
SIUSD,2026-05-22 02:45:00,76.72,76.76,76.53,76.63,217.0
SIUSD,2026-05-22 03:00:00,76.58,76.58,76.25,76.28,228.0
SIUSD,2026-05-22 03:15:00,76.3,76.54,76.3,76.45,101.0
SIUSD,2026-05-22 03:30:00,76.38,76.43,76.11,76.2,189.0
SIUSD,2026-05-22 03:45:00,76.15,76.35,76.09,76.35,124.0
SIUSD,2026-05-22 04:00:00,76.34,76.45,76.29,76.33,123.0
SIUSD,2026-05-22 04:15:00,76.36,76.55,76.25,76.26,194.0
SIUSD,2026-05-22 04:30:00,76.35,76.39,76.02,76.3,237.0
SIUSD,2026-05-22 04:45:00,76.32,76.4,76.21,76.25,124.0
SIUSD,2026-05-22 05:00:00,76.23,76.24,76.01,76.02,134.0
SIUSD,2026-05-22 05:15:00,76.0,76.12,75.89,76.02,138.0
SIUSD,2026-05-22 05:30:00,76.05,76.32,75.95,76.29,141.0
SIUSD,2026-05-22 05:45:00,76.28,76.46,76.28,76.36,91.0
SIUSD,2026-05-22 06:00:00,76.36,76.54,76.23,76.47,129.0
SIUSD,2026-05-22 06:15:00,76.47,76.54,76.29,76.3,102.0
SIUSD,2026-05-22 06:30:00,76.31,76.32,76.09,76.09,105.0
SIUSD,2026-05-22 06:45:00,76.08,76.18,76.04,76.16,138.0
SIUSD,2026-05-22 07:00:00,76.18,76.25,76.06,76.08,232.0
SIUSD,2026-05-22 07:15:00,76.11,76.13,75.98,76.08,87.0
SIUSD,2026-05-22 07:30:00,76.07,76.28,76.0,76.18,252.0
SIUSD,2026-05-22 07:45:00,76.18,76.33,76.12,76.13,200.0
SIUSD,2026-05-22 08:00:00,76.11,76.44,76.04,76.36,926.0
SIUSD,2026-05-22 08:15:00,76.46,76.72,76.14,76.14,1013.0
SIUSD,2026-05-22 08:30:00,76.16,76.18,75.72,76.03,826.0
SIUSD,2026-05-22 08:45:00,76.01,76.5,75.97,76.5,445.0
SIUSD,2026-05-22 09:00:00,76.51,76.83,76.19,76.61,1051.0
SIUSD,2026-05-22 09:15:00,76.58,76.69,76.4,76.44,387.0
SIUSD,2026-05-22 09:30:00,76.42,76.63,75.98,76.3,926.0
SIUSD,2026-05-22 09:45:00,76.3,76.4,76.07,76.33,366.0
SIUSD,2026-05-22 10:00:00,76.3,76.32,75.57,75.69,997.0
SIUSD,2026-05-22 10:15:00,75.66,75.86,75.27,75.55,1259.0
SIUSD,2026-05-22 10:30:00,75.57,75.8,75.49,75.79,524.0
SIUSD,2026-05-22 10:45:00,75.82,75.9,75.58,75.58,394.0
SIUSD,2026-05-22 11:00:00,75.61,76.0,75.57,75.87,479.0
SIUSD,2026-05-22 11:15:00,75.91,76.24,75.89,76.2,374.0
SIUSD,2026-05-22 11:30:00,76.21,76.27,76.06,76.11,227.0
SIUSD,2026-05-22 11:45:00,76.09,76.35,76.03,76.33,430.0
SIUSD,2026-05-22 12:00:00,76.33,76.4,76.18,76.3,433.0
SIUSD,2026-05-22 12:15:00,76.3,76.58,76.13,76.54,438.0
SIUSD,2026-05-22 12:30:00,76.53,76.65,76.16,76.2,453.0
SIUSD,2026-05-22 12:45:00,76.21,76.3,76.07,76.24,389.0
SIUSD,2026-05-22 13:00:00,76.25,76.47,76.25,76.41,414.0
SIUSD,2026-05-22 13:15:00,76.4,76.63,76.13,76.61,1584.0
SIUSD,2026-05-22 13:30:00,76.63,76.7,76.28,76.34,494.0
SIUSD,2026-05-22 13:45:00,76.33,76.39,76.27,76.32,179.0
SIUSD,2026-05-22 14:00:00,76.32,76.36,76.13,76.3,431.0
SIUSD,2026-05-22 14:15:00,76.3,76.4,76.25,76.32,185.0
SIUSD,2026-05-22 14:30:00,76.3,76.47,76.19,76.31,282.0
SIUSD,2026-05-22 14:45:00,76.32,76.34,76.21,76.28,120.0
SIUSD,2026-05-22 15:00:00,76.31,76.32,75.93,75.94,441.0
SIUSD,2026-05-22 15:15:00,75.95,76.0,75.86,75.88,110.0
SIUSD,2026-05-22 15:30:00,75.89,76.05,75.75,76.03,249.0
SIUSD,2026-05-22 15:45:00,76.0,76.03,75.92,75.96,213.0
SIUSD,2026-05-22 16:00:00,75.97,75.97,75.78,75.85,143.0
SIUSD,2026-05-22 16:15:00,75.86,75.93,75.83,75.92,53.0
SIUSD,2026-05-22 16:30:00,75.94,75.94,75.76,75.78,200.0
SIUSD,2026-05-22 16:45:00,75.78,75.92,75.77,75.92,89.0
SIUSD,2026-05-24 18:00:00,76.75,78.0,76.71,77.9,1309.0
SIUSD,2026-05-24 18:15:00,77.9,78.0,77.71,77.74,391.0
SIUSD,2026-05-24 18:30:00,77.74,77.92,77.74,77.89,181.0
SIUSD,2026-05-24 18:45:00,77.89,78.27,77.86,78.27,269.0
SIUSD,2026-05-24 19:00:00,78.27,78.76,78.27,78.69,349.0
SIUSD,2026-05-24 19:15:00,78.69,79.04,78.69,78.92,350.0
SIUSD,2026-05-24 19:30:00,78.94,79.25,78.9,79.08,273.0
SIUSD,2026-05-24 19:45:00,79.08,79.1,78.5,78.59,291.0
SIUSD,2026-05-24 20:00:00,78.58,78.96,78.55,78.77,144.0
SIUSD,2026-05-24 20:15:00,78.76,78.96,78.74,78.86,81.0
SIUSD,2026-05-24 20:30:00,78.91,79.08,78.86,78.88,92.0
SIUSD,2026-05-24 20:45:00,78.89,79.16,78.36,78.6,379.0
SIUSD,2026-05-24 21:00:00,78.58,78.97,78.36,78.62,632.0
SIUSD,2026-05-24 21:15:00,78.63,78.71,78.32,78.61,294.0
SIUSD,2026-05-24 21:30:00,78.58,78.7,78.38,78.38,170.0
SIUSD,2026-05-24 21:45:00,78.34,78.49,78.09,78.21,616.0
SIUSD,2026-05-24 22:00:00,78.22,78.43,78.09,78.21,221.0
SIUSD,2026-05-24 22:15:00,78.21,78.32,78.08,78.27,107.0
SIUSD,2026-05-24 22:30:00,78.29,78.32,78.09,78.26,151.0
SIUSD,2026-05-24 22:45:00,78.27,78.3,77.85,77.97,186.0
SIUSD,2026-05-24 23:00:00,77.97,78.1,77.64,77.9,286.0
SIUSD,2026-05-24 23:15:00,77.93,78.19,77.88,78.03,181.0
SIUSD,2026-05-24 23:30:00,78.1,78.2,77.88,77.92,301.0
SIUSD,2026-05-24 23:45:00,77.91,78.05,77.84,77.96,72.0
SIUSD,2026-05-25 00:00:00,77.97,78.1,77.97,78.05,60.0
SIUSD,2026-05-25 00:15:00,78.06,78.27,78.06,78.16,98.0
SIUSD,2026-05-25 00:30:00,78.18,78.31,78.17,78.28,67.0
SIUSD,2026-05-25 00:45:00,78.24,78.35,78.24,78.28,74.0
SIUSD,2026-05-25 01:00:00,78.27,78.27,78.1,78.1,62.0
SIUSD,2026-05-25 01:15:00,78.15,78.18,77.94,77.97,175.0
SIUSD,2026-05-25 01:30:00,77.97,78.17,77.79,78.01,193.0
SIUSD,2026-05-25 01:45:00,78.03,78.11,77.83,77.83,115.0
SIUSD,2026-05-25 02:00:00,77.83,77.93,77.72,77.83,174.0
SIUSD,2026-05-25 02:15:00,77.85,77.96,77.72,77.74,184.0
SIUSD,2026-05-25 02:30:00,77.73,77.9,77.68,77.85,131.0
SIUSD,2026-05-25 02:45:00,77.86,78.09,77.86,78.05,146.0
SIUSD,2026-05-25 03:00:00,78.06,78.18,78.01,78.01,149.0
SIUSD,2026-05-25 03:15:00,77.99,78.02,77.64,77.93,520.0
SIUSD,2026-05-25 03:30:00,77.94,78.27,77.94,78.16,192.0
SIUSD,2026-05-25 03:45:00,78.16,78.3,78.1,78.24,102.0
SIUSD,2026-05-25 04:00:00,78.26,78.26,78.1,78.16,75.0
SIUSD,2026-05-25 04:15:00,78.15,78.21,78.01,78.21,141.0
SIUSD,2026-05-25 04:30:00,78.22,78.36,78.17,78.35,158.0
SIUSD,2026-05-25 04:45:00,78.35,78.39,78.19,78.2,162.0
SIUSD,2026-05-25 05:00:00,78.22,78.3,78.19,78.23,52.0
SIUSD,2026-05-25 05:15:00,78.23,78.26,78.11,78.18,66.0
SIUSD,2026-05-25 05:30:00,78.18,78.33,78.18,78.31,49.0
SIUSD,2026-05-25 05:45:00,78.3,78.44,78.28,78.39,41.0
SIUSD,2026-05-25 06:00:00,78.36,78.57,78.36,78.48,147.0
SIUSD,2026-05-25 06:15:00,78.48,78.56,78.48,78.54,76.0
SIUSD,2026-05-25 06:30:00,78.55,78.57,78.49,78.5,46.0
SIUSD,2026-05-25 06:45:00,78.5,78.57,78.44,78.44,68.0
SIUSD,2026-05-25 07:00:00,78.44,78.57,78.35,78.57,68.0
SIUSD,2026-05-25 07:15:00,78.56,78.6,78.36,78.5,90.0
SIUSD,2026-05-25 07:30:00,78.5,78.6,78.48,78.52,127.0
SIUSD,2026-05-25 07:45:00,78.54,78.58,78.32,78.35,165.0
SIUSD,2026-05-25 08:00:00,78.27,78.27,78.07,78.08,214.0
SIUSD,2026-05-25 08:15:00,78.08,78.18,77.93,78.14,246.0
SIUSD,2026-05-25 08:30:00,78.17,78.3,78.08,78.17,112.0
SIUSD,2026-05-25 08:45:00,78.18,78.21,78.06,78.13,86.0
SIUSD,2026-05-25 09:00:00,78.11,78.11,77.64,77.8,587.0
SIUSD,2026-05-25 09:15:00,77.76,77.82,77.64,77.76,187.0
SIUSD,2026-05-25 09:30:00,77.74,77.97,77.72,77.92,123.0
SIUSD,2026-05-25 09:45:00,77.9,77.93,77.66,77.9,177.0
SIUSD,2026-05-25 10:00:00,77.88,78.22,77.88,78.04,223.0
SIUSD,2026-05-25 10:15:00,78.04,78.17,78.03,78.09,64.0
SIUSD,2026-05-25 10:30:00,78.09,78.19,78.0,78.07,134.0
SIUSD,2026-05-25 10:45:00,78.05,78.23,78.03,78.11,150.0
SIUSD,2026-05-25 11:00:00,78.1,78.37,78.07,78.23,312.0
SIUSD,2026-05-25 11:15:00,78.25,78.32,78.16,78.22,161.0
SIUSD,2026-05-25 11:30:00,78.17,78.19,78.05,78.1,103.0
SIUSD,2026-05-25 11:45:00,78.08,78.17,78.07,78.07,78.0
SIUSD,2026-05-25 12:00:00,78.1,78.11,78.0,78.1,72.0
SIUSD,2026-05-25 12:15:00,78.1,78.14,78.04,78.07,39.0
SIUSD,2026-05-25 12:30:00,78.07,78.2,78.07,78.19,57.0
SIUSD,2026-05-25 12:45:00,78.19,78.37,78.19,78.35,204.0
SIUSD,2026-05-25 13:00:00,78.39,78.84,78.39,78.76,386.0
SIUSD,2026-05-25 13:15:00,78.76,78.76,78.52,78.55,120.0
SIUSD,2026-05-25 13:30:00,78.54,78.55,78.32,78.4,118.0
SIUSD,2026-05-25 13:45:00,78.37,78.43,78.32,78.43,20.0
SIUSD,2026-05-25 14:00:00,78.44,78.53,78.32,78.39,80.0
SIUSD,2026-05-25 14:15:00,78.39,78.44,78.36,78.4,40.0
SIUSD,2026-05-25 14:30:00,78.4,78.4,78.4,78.4,4.0
SIUSD,2026-05-25 18:00:00,78.5,78.74,78.13,78.58,186.0
SIUSD,2026-05-25 18:15:00,78.58,78.61,78.42,78.47,112.0
SIUSD,2026-05-25 18:30:00,78.46,78.46,78.25,78.44,90.0
SIUSD,2026-05-25 18:45:00,78.43,78.54,78.41,78.54,40.0
SIUSD,2026-05-25 19:00:00,78.51,78.62,78.47,78.59,70.0
SIUSD,2026-05-25 19:15:00,78.61,78.67,78.26,78.26,85.0
SIUSD,2026-05-25 19:30:00,78.29,78.32,77.39,77.79,669.0
SIUSD,2026-05-25 19:45:00,77.83,78.03,77.81,77.97,75.0
SIUSD,2026-05-25 20:00:00,78.0,78.0,77.6,77.81,219.0
SIUSD,2026-05-25 20:15:00,77.85,77.87,77.4,77.73,235.0
SIUSD,2026-05-25 20:30:00,77.73,77.94,77.73,77.8,137.0
SIUSD,2026-05-25 20:45:00,77.8,77.94,77.58,77.92,115.0
SIUSD,2026-05-25 21:00:00,77.92,77.92,77.25,77.61,488.0
SIUSD,2026-05-25 21:15:00,77.6,77.6,77.3,77.36,150.0
SIUSD,2026-05-25 21:30:00,77.36,77.37,76.03,76.25,1071.0
SIUSD,2026-05-25 21:45:00,76.24,76.79,76.21,76.79,536.0
SIUSD,2026-05-25 22:00:00,76.7,76.97,76.65,76.94,196.0
SIUSD,2026-05-25 22:15:00,76.98,77.0,76.9,76.98,72.0
SIUSD,2026-05-25 22:30:00,76.99,77.18,76.89,77.04,161.0
SIUSD,2026-05-25 22:45:00,77.04,77.04,76.78,76.82,125.0
SIUSD,2026-05-25 23:00:00,76.82,77.06,76.82,76.94,83.0
SIUSD,2026-05-25 23:15:00,76.94,77.32,76.94,77.19,77.0
SIUSD,2026-05-25 23:30:00,77.21,77.32,77.14,77.17,61.0
SIUSD,2026-05-25 23:45:00,77.16,77.21,77.15,77.19,45.0
SIUSD,2026-05-26 00:00:00,77.19,77.22,77.01,77.04,47.0
SIUSD,2026-05-26 00:15:00,77.08,77.1,76.9,76.91,80.0
SIUSD,2026-05-26 00:30:00,76.9,76.99,76.77,76.8,65.0
SIUSD,2026-05-26 00:45:00,76.79,76.83,76.69,76.71,83.0
SIUSD,2026-05-26 01:00:00,76.72,76.96,76.6,76.9,153.0
SIUSD,2026-05-26 01:15:00,76.9,77.08,76.85,77.05,86.0
SIUSD,2026-05-26 01:30:00,77.05,77.11,76.61,76.76,202.0
SIUSD,2026-05-26 01:45:00,76.78,76.82,76.57,76.78,142.0
SIUSD,2026-05-26 02:00:00,76.75,76.87,76.66,76.83,197.0
SIUSD,2026-05-26 02:15:00,76.8,76.97,76.67,76.81,308.0
SIUSD,2026-05-26 02:30:00,76.8,76.91,76.69,76.87,164.0
SIUSD,2026-05-26 02:45:00,76.88,76.91,76.77,76.85,82.0
SIUSD,2026-05-26 03:00:00,76.88,76.94,76.5,76.56,236.0
SIUSD,2026-05-26 03:15:00,76.54,76.66,76.18,76.58,331.0
SIUSD,2026-05-26 03:30:00,76.58,76.61,76.31,76.49,221.0
SIUSD,2026-05-26 03:45:00,76.51,76.78,76.44,76.69,160.0
SIUSD,2026-05-26 04:00:00,76.74,76.76,76.54,76.57,112.0
SIUSD,2026-05-26 04:15:00,76.6,76.67,76.42,76.46,82.0
SIUSD,2026-05-26 04:30:00,76.47,76.53,76.36,76.51,265.0
SIUSD,2026-05-26 04:45:00,76.47,76.49,76.27,76.35,138.0
SIUSD,2026-05-26 05:00:00,76.36,76.42,76.25,76.25,112.0
SIUSD,2026-05-26 05:15:00,76.21,76.51,76.21,76.42,213.0
SIUSD,2026-05-26 05:30:00,76.39,76.39,75.92,75.97,384.0
SIUSD,2026-05-26 05:45:00,76.0,76.32,75.94,76.25,408.0
SIUSD,2026-05-26 06:00:00,76.27,76.44,76.16,76.44,191.0
SIUSD,2026-05-26 06:15:00,76.46,76.79,76.44,76.76,430.0
SIUSD,2026-05-26 06:30:00,76.76,76.92,76.61,76.66,194.0
SIUSD,2026-05-26 06:45:00,76.67,76.71,76.55,76.67,115.0
SIUSD,2026-05-26 07:00:00,76.67,76.68,76.52,76.57,251.0
SIUSD,2026-05-26 07:15:00,76.55,76.6,76.47,76.5,158.0
SIUSD,2026-05-26 07:30:00,76.49,76.56,76.17,76.35,367.0
SIUSD,2026-05-26 07:45:00,76.3,76.49,76.25,76.29,176.0
SIUSD,2026-05-26 08:00:00,76.29,76.35,76.05,76.26,522.0
SIUSD,2026-05-26 08:15:00,76.25,76.44,76.06,76.08,343.0
SIUSD,2026-05-26 08:30:00,76.11,76.11,75.76,75.96,916.0
SIUSD,2026-05-26 08:45:00,75.96,76.54,75.88,76.54,728.0
SIUSD,2026-05-26 09:00:00,76.53,76.69,76.3,76.43,498.0
SIUSD,2026-05-26 09:15:00,76.42,76.84,76.42,76.6,581.0
SIUSD,2026-05-26 09:30:00,76.61,76.97,76.54,76.8,776.0
SIUSD,2026-05-26 09:45:00,76.79,76.88,76.22,76.33,889.0
SIUSD,2026-05-26 10:00:00,76.25,76.56,76.13,76.4,900.0
SIUSD,2026-05-26 10:15:00,76.41,76.65,76.39,76.63,508.0
SIUSD,2026-05-26 10:30:00,76.64,76.89,76.6,76.69,500.0
SIUSD,2026-05-26 10:45:00,76.71,76.79,76.44,76.62,479.0
SIUSD,2026-05-26 11:00:00,76.64,76.64,76.38,76.47,408.0
SIUSD,2026-05-26 11:15:00,76.47,76.54,76.28,76.35,469.0
SIUSD,2026-05-26 11:30:00,76.36,76.47,76.26,76.47,386.0
SIUSD,2026-05-26 11:45:00,76.47,76.49,76.15,76.26,350.0
SIUSD,2026-05-26 12:00:00,76.26,76.35,76.21,76.31,266.0
SIUSD,2026-05-26 12:15:00,76.28,76.53,76.25,76.47,290.0
SIUSD,2026-05-26 12:30:00,76.49,76.68,76.44,76.44,512.0
SIUSD,2026-05-26 12:45:00,76.44,76.49,76.33,76.45,273.0
SIUSD,2026-05-26 13:00:00,76.46,76.54,76.4,76.47,339.0
SIUSD,2026-05-26 13:15:00,76.47,76.66,76.47,76.51,1110.0
SIUSD,2026-05-26 13:30:00,76.49,76.5,76.28,76.33,427.0
SIUSD,2026-05-26 13:45:00,76.34,76.43,76.25,76.28,266.0
SIUSD,2026-05-26 14:00:00,76.26,76.32,76.11,76.26,356.0
SIUSD,2026-05-26 14:15:00,76.25,76.45,76.25,76.4,172.0
SIUSD,2026-05-26 14:30:00,76.38,76.56,76.36,76.56,111.0
SIUSD,2026-05-26 14:45:00,76.58,76.8,76.58,76.77,274.0
SIUSD,2026-05-26 15:00:00,76.79,77.01,76.76,77.0,246.0
SIUSD,2026-05-26 15:15:00,76.97,77.17,76.96,76.99,337.0
SIUSD,2026-05-26 15:30:00,76.99,77.3,76.97,77.3,189.0
SIUSD,2026-05-26 15:45:00,77.29,77.41,77.2,77.35,376.0
SIUSD,2026-05-26 16:00:00,77.4,77.4,77.2,77.27,124.0
SIUSD,2026-05-26 16:15:00,77.28,77.35,77.27,77.29,57.0
SIUSD,2026-05-26 16:30:00,77.28,77.38,77.21,77.31,212.0
SIUSD,2026-05-26 16:45:00,77.3,77.33,77.2,77.27,123.0
SIUSD,2026-05-26 18:00:00,77.33,77.48,77.3,77.33,145.0
SIUSD,2026-05-26 18:15:00,77.34,77.43,77.32,77.39,62.0
SIUSD,2026-05-26 18:30:00,77.41,77.46,77.29,77.43,71.0
SIUSD,2026-05-26 18:45:00,77.38,77.6,77.35,77.58,105.0
SIUSD,2026-05-26 19:00:00,77.58,77.59,77.44,77.47,59.0
SIUSD,2026-05-26 19:15:00,77.5,77.61,77.43,77.58,73.0
SIUSD,2026-05-26 19:30:00,77.6,77.76,77.55,77.74,220.0
SIUSD,2026-05-26 19:45:00,77.74,77.85,77.67,77.69,241.0
SIUSD,2026-05-26 20:00:00,77.7,77.86,77.65,77.76,131.0
SIUSD,2026-05-26 20:15:00,77.79,77.82,77.69,77.77,105.0
SIUSD,2026-05-26 20:30:00,77.8,77.9,77.69,77.75,98.0
SIUSD,2026-05-26 20:45:00,77.75,77.86,77.49,77.53,212.0
SIUSD,2026-05-26 21:00:00,77.51,77.69,77.33,77.56,542.0
SIUSD,2026-05-26 21:15:00,77.5,77.81,77.44,77.64,263.0
SIUSD,2026-05-26 21:30:00,77.56,77.6,77.3,77.31,128.0
SIUSD,2026-05-26 21:45:00,77.31,77.31,77.04,77.13,233.0
SIUSD,2026-05-26 22:00:00,77.16,77.19,77.01,77.1,141.0
SIUSD,2026-05-26 22:15:00,77.14,77.25,77.06,77.22,82.0
SIUSD,2026-05-26 22:30:00,77.21,77.24,76.82,76.93,213.0
SIUSD,2026-05-26 22:45:00,76.92,77.19,76.91,77.15,96.0
SIUSD,2026-05-26 23:00:00,77.11,77.3,77.1,77.2,77.0
SIUSD,2026-05-26 23:15:00,77.18,77.3,77.02,77.06,113.0
SIUSD,2026-05-26 23:30:00,77.06,77.06,76.88,76.95,98.0
SIUSD,2026-05-26 23:45:00,76.97,77.05,76.91,76.91,44.0
SIUSD,2026-05-27 00:00:00,76.9,77.08,76.88,77.04,43.0
SIUSD,2026-05-27 00:15:00,76.99,77.06,76.88,76.88,23.0
SIUSD,2026-05-27 00:30:00,76.86,77.08,76.86,77.08,39.0
SIUSD,2026-05-27 00:45:00,77.1,77.35,77.1,77.17,133.0
SIUSD,2026-05-27 01:00:00,77.15,77.28,77.04,77.09,82.0
SIUSD,2026-05-27 01:15:00,77.04,77.13,76.96,77.11,83.0
SIUSD,2026-05-27 01:30:00,77.13,77.19,75.9,76.01,952.0
SIUSD,2026-05-27 01:45:00,75.99,76.23,75.85,75.94,469.0
SIUSD,2026-05-27 02:00:00,75.98,76.11,75.86,75.94,366.0
SIUSD,2026-05-27 02:15:00,75.97,76.0,75.08,75.31,1152.0
SIUSD,2026-05-27 02:30:00,75.3,75.44,74.96,75.44,633.0
SIUSD,2026-05-27 02:45:00,75.44,75.61,75.38,75.43,307.0
SIUSD,2026-05-27 03:00:00,75.47,75.61,75.27,75.36,401.0
SIUSD,2026-05-27 03:15:00,75.33,75.51,75.21,75.42,299.0
SIUSD,2026-05-27 03:30:00,75.4,75.5,75.21,75.28,211.0
SIUSD,2026-05-27 03:45:00,75.29,75.39,74.9,75.27,420.0
SIUSD,2026-05-27 04:00:00,75.27,75.6,75.23,75.41,297.0
SIUSD,2026-05-27 04:15:00,75.47,75.65,75.44,75.56,157.0
SIUSD,2026-05-27 04:30:00,75.56,75.82,75.46,75.78,289.0
SIUSD,2026-05-27 04:45:00,75.79,75.79,75.68,75.76,87.0
SIUSD,2026-05-27 05:00:00,75.76,75.78,75.55,75.72,189.0
SIUSD,2026-05-27 05:15:00,75.71,75.84,75.61,75.68,171.0
SIUSD,2026-05-27 05:30:00,75.64,75.76,75.57,75.64,205.0
SIUSD,2026-05-27 05:45:00,75.68,75.86,75.63,75.76,76.0
SIUSD,2026-05-27 06:00:00,75.76,75.81,75.63,75.8,57.0
SIUSD,2026-05-27 06:15:00,75.79,75.81,75.57,75.63,235.0
SIUSD,2026-05-27 06:30:00,75.59,75.61,75.12,75.31,671.0
SIUSD,2026-05-27 06:45:00,75.3,75.3,74.36,74.57,1615.0
SIUSD,2026-05-27 07:00:00,74.58,74.86,74.41,74.66,701.0
SIUSD,2026-05-27 07:15:00,74.68,74.77,74.4,74.4,617.0
SIUSD,2026-05-27 07:30:00,74.42,74.55,73.72,74.52,1604.0
SIUSD,2026-05-27 07:45:00,74.5,74.52,73.93,74.06,679.0
SIUSD,2026-05-27 08:00:00,74.07,74.5,74.01,74.47,512.0
SIUSD,2026-05-27 08:15:00,74.5,75.49,74.42,75.13,1944.0
SIUSD,2026-05-27 08:30:00,75.13,75.24,74.67,74.8,1131.0
SIUSD,2026-05-27 08:45:00,74.82,75.0,74.62,74.63,653.0
SIUSD,2026-05-27 09:00:00,74.63,74.98,74.3,74.42,1293.0
SIUSD,2026-05-27 09:15:00,74.46,74.58,74.14,74.19,810.0
SIUSD,2026-05-27 09:30:00,74.17,74.89,74.16,74.52,1550.0
SIUSD,2026-05-27 09:45:00,74.55,74.98,74.5,74.78,926.0
SIUSD,2026-05-27 10:00:00,74.83,75.22,74.72,74.94,1151.0
SIUSD,2026-05-27 10:15:00,74.99,75.33,74.86,75.04,943.0
SIUSD,2026-05-27 10:30:00,75.04,75.14,74.72,74.86,829.0
SIUSD,2026-05-27 10:45:00,74.9,75.05,74.53,74.58,932.0
SIUSD,2026-05-27 11:00:00,74.56,74.69,74.43,74.64,822.0
SIUSD,2026-05-27 11:15:00,74.65,74.78,74.55,74.78,369.0
SIUSD,2026-05-27 11:30:00,74.78,74.93,74.62,74.67,471.0
SIUSD,2026-05-27 11:45:00,74.67,74.83,74.58,74.77,350.0
SIUSD,2026-05-27 12:00:00,74.76,74.93,74.68,74.87,343.0
SIUSD,2026-05-27 12:15:00,74.86,75.04,74.82,75.0,444.0
SIUSD,2026-05-27 12:30:00,75.0,75.11,74.94,75.0,458.0
SIUSD,2026-05-27 12:45:00,75.04,75.08,74.88,74.99,327.0
SIUSD,2026-05-27 13:00:00,74.98,75.0,74.72,74.81,618.0
SIUSD,2026-05-27 13:15:00,74.81,74.99,74.78,74.82,1339.0
SIUSD,2026-05-27 13:30:00,74.82,74.96,74.8,74.83,539.0
SIUSD,2026-05-27 13:45:00,74.83,74.9,74.74,74.74,163.0
SIUSD,2026-05-27 14:00:00,74.72,74.8,74.66,74.8,210.0
SIUSD,2026-05-27 14:15:00,74.8,75.26,74.8,75.02,460.0
SIUSD,2026-05-27 14:30:00,75.02,75.1,74.92,74.99,89.0
SIUSD,2026-05-27 14:45:00,74.98,75.07,74.91,75.06,193.0
SIUSD,2026-05-27 15:00:00,75.06,75.06,74.92,74.96,73.0
SIUSD,2026-05-27 15:15:00,74.97,75.02,74.85,74.87,144.0
SIUSD,2026-05-27 15:30:00,74.87,75.03,74.81,74.96,184.0
SIUSD,2026-05-27 15:45:00,74.94,74.97,74.83,74.9,197.0
SIUSD,2026-05-27 16:00:00,74.89,74.94,74.83,74.91,99.0
SIUSD,2026-05-27 16:15:00,74.91,75.01,74.91,74.93,55.0
SIUSD,2026-05-27 16:30:00,74.94,74.95,74.86,74.89,25.0
SIUSD,2026-05-27 16:45:00,74.9,74.97,74.88,74.89,120.0
SIUSD,2026-05-27 17:00:00,74.895,74.895,74.895,74.895,1.0
SIUSD,2026-05-27 18:00:00,74.93,75.23,74.83,74.96,124.0
SIUSD,2026-05-27 18:15:00,75.0,75.08,74.99,75.0,21.0
SIUSD,2026-05-27 18:30:00,74.96,75.05,74.86,74.94,69.0
SIUSD,2026-05-27 18:45:00,74.93,74.94,74.86,74.9,40.0
SIUSD,2026-05-27 19:00:00,74.9,74.94,74.85,74.9,21.0
SIUSD,2026-05-27 19:15:00,74.92,74.95,74.81,74.81,43.0
SIUSD,2026-05-27 19:30:00,74.83,74.89,74.82,74.88,31.0
SIUSD,2026-05-27 19:45:00,74.8,74.8,74.61,74.75,112.0
SIUSD,2026-05-27 20:00:00,74.74,74.88,74.68,74.69,69.0
SIUSD,2026-05-27 20:15:00,74.69,75.07,74.69,74.83,100.0
SIUSD,2026-05-27 20:30:00,74.86,74.95,74.74,74.95,50.0
SIUSD,2026-05-27 20:45:00,74.99,75.19,74.95,75.17,105.0
SIUSD,2026-05-27 21:00:00,75.18,75.21,74.21,74.25,492.0
SIUSD,2026-05-27 21:15:00,74.22,74.28,73.35,73.61,1084.0
SIUSD,2026-05-27 21:30:00,73.6,73.86,73.54,73.6,323.0
SIUSD,2026-05-27 21:45:00,73.61,73.74,73.21,73.38,664.0
SIUSD,2026-05-27 22:00:00,73.39,73.51,73.2,73.44,369.0
SIUSD,2026-05-27 22:15:00,73.44,73.55,73.35,73.47,196.0
SIUSD,2026-05-27 22:30:00,73.5,73.76,73.41,73.5,392.0
SIUSD,2026-05-27 22:45:00,73.49,73.52,73.25,73.29,242.0
SIUSD,2026-05-27 23:00:00,73.3,73.48,73.15,73.21,269.0
SIUSD,2026-05-27 23:15:00,73.22,73.25,72.62,73.03,1139.0
SIUSD,2026-05-27 23:30:00,73.01,73.01,72.44,72.69,601.0
SIUSD,2026-05-27 23:45:00,72.65,72.72,72.41,72.52,166.0
SIUSD,2026-05-28 00:00:00,72.5,72.69,72.35,72.54,277.0
SIUSD,2026-05-28 00:15:00,72.53,72.55,72.17,72.19,284.0
SIUSD,2026-05-28 00:30:00,72.17,72.31,72.15,72.22,335.0
SIUSD,2026-05-28 00:45:00,72.22,72.24,72.05,72.22,184.0
SIUSD,2026-05-28 01:00:00,72.24,72.26,72.0,72.19,439.0
SIUSD,2026-05-28 01:15:00,72.21,72.29,72.14,72.22,88.0
SIUSD,2026-05-28 01:30:00,72.25,73.32,72.12,73.16,1053.0
SIUSD,2026-05-28 01:45:00,73.18,73.55,73.16,73.32,368.0
SIUSD,2026-05-28 02:00:00,73.38,73.38,72.86,72.96,438.0
SIUSD,2026-05-28 02:15:00,72.94,73.27,72.88,73.07,297.0
SIUSD,2026-05-28 02:30:00,73.12,73.39,73.08,73.26,226.0
SIUSD,2026-05-28 02:45:00,73.27,73.46,73.27,73.4,225.0
SIUSD,2026-05-28 03:00:00,73.44,73.73,73.44,73.59,280.0
SIUSD,2026-05-28 03:15:00,73.6,73.76,73.57,73.67,181.0
SIUSD,2026-05-28 03:30:00,73.67,73.77,73.55,73.72,189.0
SIUSD,2026-05-28 03:45:00,73.75,73.79,73.58,73.72,180.0
SIUSD,2026-05-28 04:00:00,73.72,73.86,73.66,73.83,142.0
SIUSD,2026-05-28 04:15:00,73.85,73.86,73.6,73.66,97.0
SIUSD,2026-05-28 04:30:00,73.68,73.72,73.49,73.53,184.0
SIUSD,2026-05-28 04:45:00,73.53,73.57,73.42,73.46,110.0
SIUSD,2026-05-28 05:00:00,73.47,73.67,73.47,73.55,86.0
SIUSD,2026-05-28 05:15:00,73.57,73.88,73.56,73.77,160.0
SIUSD,2026-05-28 05:30:00,73.74,73.74,73.51,73.56,78.0
SIUSD,2026-05-28 05:45:00,73.56,73.78,73.56,73.78,88.0
SIUSD,2026-05-28 06:00:00,73.8,73.83,73.69,73.75,193.0
SIUSD,2026-05-28 06:15:00,73.76,73.78,73.49,73.72,112.0
SIUSD,2026-05-28 06:30:00,73.72,73.76,73.34,73.4,157.0
SIUSD,2026-05-28 06:45:00,73.38,73.44,72.96,73.28,615.0
SIUSD,2026-05-28 07:00:00,73.22,73.46,73.16,73.33,341.0
SIUSD,2026-05-28 07:15:00,73.36,73.48,73.25,73.31,110.0
SIUSD,2026-05-28 07:30:00,73.31,73.34,73.19,73.27,168.0
SIUSD,2026-05-28 07:45:00,73.29,73.3,72.96,73.26,263.0
SIUSD,2026-05-28 08:00:00,73.28,73.41,73.16,73.31,225.0
SIUSD,2026-05-28 08:15:00,73.33,73.36,73.03,73.16,330.0
SIUSD,2026-05-28 08:30:00,73.17,73.77,73.17,73.77,744.0
SIUSD,2026-05-28 08:45:00,73.74,74.44,73.71,74.42,1184.0
SIUSD,2026-05-28 09:00:00,74.42,74.47,73.84,73.84,1475.0
SIUSD,2026-05-28 09:15:00,73.83,74.15,73.8,73.82,768.0
SIUSD,2026-05-28 09:30:00,73.82,73.88,73.43,73.61,1079.0
SIUSD,2026-05-28 09:45:00,73.58,73.83,73.47,73.61,999.0
SIUSD,2026-05-28 10:00:00,73.6,74.83,73.39,74.74,1846.0
SIUSD,2026-05-28 10:15:00,74.72,75.1,74.47,74.86,2092.0
SIUSD,2026-05-28 10:30:00,74.84,75.02,74.43,74.82,1117.0
SIUSD,2026-05-28 10:45:00,74.81,75.11,74.7,74.88,1277.0
SIUSD,2026-05-28 11:00:00,74.9,75.13,74.83,74.91,722.0
SIUSD,2026-05-28 11:15:00,74.94,75.09,74.75,74.99,543.0
SIUSD,2026-05-28 11:30:00,75.01,75.3,75.01,75.22,763.0
SIUSD,2026-05-28 11:45:00,75.21,75.35,75.17,75.35,461.0
SIUSD,2026-05-28 12:00:00,75.35,75.38,75.1,75.32,497.0
SIUSD,2026-05-28 12:15:00,75.32,76.05,75.29,75.9,1624.0
SIUSD,2026-05-28 12:30:00,75.9,75.99,75.69,75.97,701.0
SIUSD,2026-05-28 12:45:00,75.96,76.11,75.94,76.06,606.0
SIUSD,2026-05-28 13:00:00,76.08,76.17,75.9,76.02,720.0
SIUSD,2026-05-28 13:15:00,76.0,76.01,75.82,75.83,1496.0
SIUSD,2026-05-28 13:30:00,75.84,76.05,75.84,76.01,334.0
SIUSD,2026-05-28 13:45:00,76.05,76.28,76.05,76.18,505.0
SIUSD,2026-05-28 14:00:00,76.17,76.29,76.01,76.11,366.0
SIUSD,2026-05-28 14:15:00,76.11,76.3,76.05,76.08,399.0
SIUSD,2026-05-28 14:30:00,76.07,76.07,75.87,75.94,272.0
SIUSD,2026-05-28 14:45:00,75.96,75.96,75.86,75.93,224.0
SIUSD,2026-05-28 15:00:00,75.94,75.94,75.8,75.81,151.0
SIUSD,2026-05-28 15:15:00,75.8,75.91,75.8,75.86,91.0
SIUSD,2026-05-28 15:30:00,75.86,75.97,75.85,75.91,145.0
SIUSD,2026-05-28 15:45:00,75.91,75.92,75.81,75.85,164.0
SIUSD,2026-05-28 16:00:00,75.84,75.91,75.83,75.83,143.0
SIUSD,2026-05-28 16:15:00,75.86,75.97,75.86,75.96,69.0
SIUSD,2026-05-28 16:30:00,75.94,76.01,75.89,75.91,102.0
SIUSD,2026-05-28 16:45:00,75.91,75.96,75.89,75.92,71.0
SIUSD,2026-05-28 17:00:00,75.912,75.912,75.912,75.912,5.0
SIUSD,2026-05-28 18:00:00,76.03,76.1,75.89,75.98,148.0
SIUSD,2026-05-28 18:15:00,75.98,75.98,75.88,75.97,64.0
SIUSD,2026-05-28 18:30:00,75.96,76.0,75.9,75.97,63.0
SIUSD,2026-05-28 18:45:00,75.97,76.01,75.86,75.86,29.0
SIUSD,2026-05-28 19:00:00,75.88,76.04,75.87,75.98,65.0
SIUSD,2026-05-28 19:15:00,76.0,76.08,76.0,76.04,80.0
SIUSD,2026-05-28 19:30:00,76.03,76.09,75.93,75.93,73.0
SIUSD,2026-05-28 19:45:00,75.93,76.03,75.82,75.97,135.0
SIUSD,2026-05-28 20:00:00,75.99,76.38,75.92,76.26,434.0
SIUSD,2026-05-28 20:15:00,76.26,76.43,76.19,76.25,298.0
SIUSD,2026-05-28 20:30:00,76.21,76.22,75.95,76.16,329.0
SIUSD,2026-05-28 20:45:00,76.08,76.08,75.85,75.92,174.0
SIUSD,2026-05-28 21:00:00,75.93,76.57,75.89,76.55,875.0
SIUSD,2026-05-28 21:15:00,76.57,76.72,76.4,76.4,563.0
SIUSD,2026-05-28 21:30:00,76.4,76.53,76.21,76.37,379.0
SIUSD,2026-05-28 21:45:00,76.35,76.41,76.18,76.28,127.0
SIUSD,2026-05-28 22:00:00,76.25,76.47,76.06,76.22,299.0
SIUSD,2026-05-28 22:15:00,76.27,76.28,76.06,76.14,80.0
SIUSD,2026-05-28 22:30:00,76.12,76.27,75.9,76.18,281.0
SIUSD,2026-05-28 22:45:00,76.18,76.27,76.0,76.03,69.0
SIUSD,2026-05-28 23:00:00,76.03,76.04,75.72,75.83,530.0
SIUSD,2026-05-28 23:15:00,75.81,75.9,75.58,75.72,228.0
SIUSD,2026-05-28 23:30:00,75.76,75.85,75.71,75.78,75.0
SIUSD,2026-05-28 23:45:00,75.78,75.9,75.72,75.77,47.0
SIUSD,2026-05-29 00:00:00,75.79,75.88,75.79,75.8,30.0
SIUSD,2026-05-29 00:15:00,75.81,76.26,75.81,76.09,274.0
SIUSD,2026-05-29 00:30:00,76.06,76.1,75.97,76.08,99.0
SIUSD,2026-05-29 00:45:00,76.1,76.22,76.01,76.21,85.0
SIUSD,2026-05-29 01:00:00,76.2,76.22,76.06,76.1,37.0
SIUSD,2026-05-29 01:15:00,76.11,76.13,76.05,76.07,31.0
SIUSD,2026-05-29 01:30:00,76.05,76.12,75.58,75.69,366.0
SIUSD,2026-05-29 01:45:00,75.67,75.97,75.64,75.87,238.0
SIUSD,2026-05-29 02:00:00,75.89,76.03,75.77,75.91,183.0
SIUSD,2026-05-29 02:15:00,75.93,76.0,75.72,75.88,112.0
SIUSD,2026-05-29 02:30:00,75.89,75.96,75.69,75.75,154.0
SIUSD,2026-05-29 02:45:00,75.74,76.15,75.74,76.13,219.0
SIUSD,2026-05-29 03:00:00,76.12,76.15,75.56,75.57,354.0
SIUSD,2026-05-29 03:15:00,75.56,75.75,75.47,75.66,319.0
SIUSD,2026-05-29 03:30:00,75.68,75.77,75.53,75.77,366.0
SIUSD,2026-05-29 03:45:00,75.76,75.85,75.71,75.85,167.0
SIUSD,2026-05-29 04:00:00,75.82,75.82,75.33,75.47,709.0
SIUSD,2026-05-29 04:15:00,75.46,75.55,75.4,75.55,105.0
SIUSD,2026-05-29 04:30:00,75.55,75.55,75.35,75.42,184.0
SIUSD,2026-05-29 04:45:00,75.43,75.44,75.22,75.33,177.0
SIUSD,2026-05-29 05:00:00,75.35,75.81,75.29,75.81,271.0
SIUSD,2026-05-29 05:15:00,75.79,75.93,75.69,75.9,131.0
SIUSD,2026-05-29 05:30:00,75.92,75.94,75.74,75.84,105.0
SIUSD,2026-05-29 05:45:00,75.85,76.0,75.79,75.85,263.0
SIUSD,2026-05-29 06:00:00,75.86,75.86,75.75,75.79,76.0
SIUSD,2026-05-29 06:15:00,75.8,75.85,75.66,75.75,145.0
SIUSD,2026-05-29 06:30:00,75.75,76.02,75.75,75.94,132.0
SIUSD,2026-05-29 06:45:00,75.92,76.06,75.89,76.03,250.0
SIUSD,2026-05-29 07:00:00,76.01,76.07,75.77,75.85,253.0
SIUSD,2026-05-29 07:15:00,75.83,75.97,75.8,75.88,127.0
SIUSD,2026-05-29 07:30:00,75.89,75.89,75.72,75.85,180.0
SIUSD,2026-05-29 07:45:00,75.85,76.0,75.61,76.0,312.0
SIUSD,2026-05-29 08:00:00,76.0,76.01,75.59,75.65,280.0
SIUSD,2026-05-29 08:15:00,75.66,75.74,75.36,75.58,395.0
SIUSD,2026-05-29 08:30:00,75.57,75.69,75.34,75.66,651.0
SIUSD,2026-05-29 08:45:00,75.66,75.97,75.56,75.92,308.0
SIUSD,2026-05-29 09:00:00,75.94,76.0,75.7,75.85,510.0
SIUSD,2026-05-29 09:15:00,75.86,76.08,75.75,76.06,469.0
SIUSD,2026-05-29 09:30:00,76.05,76.11,75.44,75.8,888.0
SIUSD,2026-05-29 09:45:00,75.81,75.83,75.61,75.68,655.0
SIUSD,2026-05-29 10:00:00,75.73,75.97,75.57,75.58,693.0
SIUSD,2026-05-29 10:15:00,75.58,75.6,74.94,75.03,1818.0
SIUSD,2026-05-29 10:30:00,75.02,75.3,74.82,75.24,1201.0
SIUSD,2026-05-29 10:45:00,75.22,76.04,75.12,75.91,1623.0
SIUSD,2026-05-29 11:00:00,75.91,76.96,75.91,76.83,2327.0
SIUSD,2026-05-29 11:15:00,76.87,76.91,76.17,76.2,1532.0
SIUSD,2026-05-29 11:30:00,76.2,76.33,75.81,75.94,828.0
SIUSD,2026-05-29 11:45:00,75.94,76.07,75.77,76.02,575.0
SIUSD,2026-05-29 12:00:00,76.03,76.03,75.69,75.82,561.0
SIUSD,2026-05-29 12:15:00,75.82,75.97,75.81,75.83,257.0
SIUSD,2026-05-29 12:30:00,75.86,76.27,75.81,76.22,1223.0
SIUSD,2026-05-29 12:45:00,76.23,76.23,75.95,76.13,446.0
SIUSD,2026-05-29 13:00:00,76.13,76.22,75.91,75.96,549.0
SIUSD,2026-05-29 13:15:00,75.97,75.99,75.74,75.88,1230.0
SIUSD,2026-05-29 13:30:00,75.86,75.91,75.76,75.84,341.0
SIUSD,2026-05-29 13:45:00,75.82,75.92,75.6,75.69,309.0
SIUSD,2026-05-29 14:00:00,75.69,75.92,75.64,75.9,280.0
SIUSD,2026-05-29 14:15:00,75.93,76.01,75.89,75.96,158.0
SIUSD,2026-05-29 14:30:00,75.97,76.05,75.96,75.96,126.0
SIUSD,2026-05-29 14:45:00,75.94,75.94,75.68,75.77,278.0
SIUSD,2026-05-29 15:00:00,75.78,76.12,75.76,76.04,280.0
SIUSD,2026-05-29 15:15:00,76.02,76.05,75.92,75.94,125.0
SIUSD,2026-05-29 15:30:00,75.93,75.96,75.86,75.89,248.0
SIUSD,2026-05-29 15:45:00,75.91,75.91,75.76,75.83,287.0
SIUSD,2026-05-29 16:00:00,75.86,75.97,75.77,75.97,170.0
SIUSD,2026-05-29 16:15:00,75.94,75.95,75.78,75.79,93.0
SIUSD,2026-05-29 16:30:00,75.78,75.83,75.64,75.69,180.0
SIUSD,2026-05-29 16:45:00,75.67,75.68,75.55,75.58,161.0
SIUSD,2026-05-31 18:00:00,75.57,75.57,73.51,75.18,947.0
SIUSD,2026-05-31 18:15:00,75.18,75.2,75.06,75.13,121.0
SIUSD,2026-05-31 18:30:00,75.15,75.28,75.14,75.22,83.0
SIUSD,2026-05-31 18:45:00,75.26,75.5,75.26,75.35,158.0
SIUSD,2026-05-31 19:00:00,75.37,75.6,75.32,75.55,126.0
SIUSD,2026-05-31 19:15:00,75.54,75.76,75.47,75.7,223.0
SIUSD,2026-05-31 19:30:00,75.76,75.83,75.64,75.83,144.0
SIUSD,2026-05-31 19:45:00,75.79,76.01,75.71,75.9,280.0
SIUSD,2026-05-31 20:00:00,75.85,76.07,75.75,75.89,175.0
SIUSD,2026-05-31 20:15:00,75.97,76.02,75.8,75.92,30.0
SIUSD,2026-05-31 20:30:00,75.93,76.0,75.76,75.76,121.0
SIUSD,2026-05-31 20:45:00,75.78,75.95,75.76,75.86,90.0
SIUSD,2026-05-31 21:00:00,75.86,75.96,75.1,75.44,495.0
SIUSD,2026-05-31 21:15:00,75.44,75.83,75.33,75.78,203.0
SIUSD,2026-05-31 21:30:00,75.78,76.06,75.58,76.03,344.0
SIUSD,2026-05-31 21:45:00,76.03,76.06,75.78,75.86,204.0
SIUSD,2026-05-31 22:00:00,75.84,76.3,75.83,76.25,257.0
SIUSD,2026-05-31 22:15:00,76.22,76.27,76.16,76.22,109.0
SIUSD,2026-05-31 22:30:00,76.2,76.26,75.85,75.99,230.0
SIUSD,2026-05-31 22:45:00,76.0,76.05,75.85,75.87,175.0
SIUSD,2026-05-31 23:00:00,75.87,76.09,75.75,75.79,204.0
SIUSD,2026-05-31 23:15:00,75.75,75.92,75.62,75.86,179.0
SIUSD,2026-05-31 23:30:00,75.9,76.05,75.52,75.57,201.0
SIUSD,2026-05-31 23:45:00,75.6,75.68,75.42,75.68,206.0
CLUSD,2026-05-01 00:00:00,105.52,105.6,105.37,105.52,249.0
CLUSD,2026-05-01 00:15:00,105.52,105.55,105.18,105.37,424.0
CLUSD,2026-05-01 00:30:00,105.37,105.4,105.23,105.25,231.0
CLUSD,2026-05-01 00:45:00,105.24,105.3,104.98,104.99,709.0
CLUSD,2026-05-01 01:00:00,105.0,105.28,104.99,105.22,418.0
CLUSD,2026-05-01 01:15:00,105.19,105.22,105.06,105.17,234.0
CLUSD,2026-05-01 01:30:00,105.19,105.33,105.15,105.16,364.0
CLUSD,2026-05-01 01:45:00,105.18,105.27,105.0,105.12,385.0
CLUSD,2026-05-01 02:00:00,105.11,105.61,105.11,105.46,703.0
CLUSD,2026-05-01 02:15:00,105.45,106.12,105.37,106.02,1078.0
CLUSD,2026-05-01 02:30:00,106.04,106.65,106.01,106.34,1846.0
CLUSD,2026-05-01 02:45:00,106.32,106.48,105.87,105.93,828.0
CLUSD,2026-05-01 03:00:00,105.94,106.14,104.71,104.71,2927.0
CLUSD,2026-05-01 03:15:00,104.73,104.84,104.13,104.59,2477.0
CLUSD,2026-05-01 03:30:00,104.65,105.26,104.51,105.25,1292.0
CLUSD,2026-05-01 03:45:00,105.28,105.53,104.83,105.52,2047.0
CLUSD,2026-05-01 04:00:00,105.52,105.74,105.37,105.37,1488.0
CLUSD,2026-05-01 04:15:00,105.37,105.67,104.68,105.11,2339.0
CLUSD,2026-05-01 04:30:00,105.12,105.61,105.12,105.34,1650.0
CLUSD,2026-05-01 04:45:00,105.32,105.64,105.32,105.53,677.0
CLUSD,2026-05-01 05:00:00,105.54,106.17,105.54,105.92,1707.0
CLUSD,2026-05-01 05:15:00,105.93,105.93,105.65,105.8,905.0
CLUSD,2026-05-01 05:30:00,105.83,105.91,105.22,105.43,1170.0
CLUSD,2026-05-01 05:45:00,105.43,105.6,105.29,105.42,984.0
CLUSD,2026-05-01 06:00:00,105.44,105.68,105.21,105.22,792.0
CLUSD,2026-05-01 06:15:00,105.22,105.53,105.22,105.4,600.0
CLUSD,2026-05-01 06:30:00,105.41,105.72,105.3,105.3,600.0
CLUSD,2026-05-01 06:45:00,105.3,105.33,104.96,105.01,1969.0
CLUSD,2026-05-01 07:00:00,105.0,105.2,104.82,104.88,1944.0
CLUSD,2026-05-01 07:15:00,104.9,105.0,104.26,104.48,2603.0
CLUSD,2026-05-01 07:30:00,104.5,104.52,103.95,104.38,3762.0
CLUSD,2026-05-01 07:45:00,104.38,104.45,104.01,104.07,2190.0
CLUSD,2026-05-01 08:00:00,104.1,104.41,102.61,103.34,6388.0
CLUSD,2026-05-01 08:15:00,103.34,103.42,102.21,102.82,7296.0
CLUSD,2026-05-01 08:30:00,102.83,103.74,102.51,103.74,4636.0
CLUSD,2026-05-01 08:45:00,103.72,104.03,103.6,103.76,3542.0
CLUSD,2026-05-01 09:00:00,103.78,103.87,102.79,103.17,5810.0
CLUSD,2026-05-01 09:15:00,103.18,103.35,102.51,102.64,4085.0
CLUSD,2026-05-01 09:30:00,102.61,102.93,101.61,101.66,8682.0
CLUSD,2026-05-01 09:45:00,101.66,102.09,100.42,100.85,12039.0
CLUSD,2026-05-01 10:00:00,100.81,100.94,99.3,99.73,12904.0
CLUSD,2026-05-01 10:15:00,99.71,100.81,99.6,100.66,9102.0
CLUSD,2026-05-01 10:30:00,100.67,101.62,100.54,101.57,7293.0
CLUSD,2026-05-01 10:45:00,101.56,101.74,101.34,101.61,3770.0
CLUSD,2026-05-01 11:00:00,101.59,102.24,101.59,101.74,5654.0
CLUSD,2026-05-01 11:15:00,101.72,102.48,101.49,102.06,5359.0
CLUSD,2026-05-01 11:30:00,102.03,102.05,101.25,101.26,4740.0
CLUSD,2026-05-01 11:45:00,101.28,101.65,100.76,101.06,7654.0
CLUSD,2026-05-01 12:00:00,101.09,101.25,100.71,101.04,4408.0
CLUSD,2026-05-01 12:15:00,101.05,102.59,100.8,102.53,11519.0
CLUSD,2026-05-01 12:30:00,102.55,102.58,101.68,101.97,5289.0
CLUSD,2026-05-01 12:45:00,101.99,102.1,101.55,101.83,2967.0
CLUSD,2026-05-01 13:00:00,101.88,101.88,101.37,101.6,3479.0
CLUSD,2026-05-01 13:15:00,101.61,101.84,101.45,101.62,4379.0
CLUSD,2026-05-01 13:30:00,101.62,102.0,101.46,101.91,4551.0
CLUSD,2026-05-01 13:45:00,101.92,102.13,101.23,101.44,7774.0
CLUSD,2026-05-01 14:00:00,101.45,101.99,101.14,101.91,5975.0
CLUSD,2026-05-01 14:15:00,101.92,102.17,101.72,101.84,8780.0
CLUSD,2026-05-01 14:30:00,101.85,102.71,101.79,102.12,5535.0
CLUSD,2026-05-01 14:45:00,102.13,102.3,102.04,102.18,1505.0
CLUSD,2026-05-01 15:00:00,102.2,102.23,101.84,101.89,1211.0
CLUSD,2026-05-01 15:15:00,101.91,102.12,101.84,102.04,764.0
CLUSD,2026-05-01 15:30:00,102.04,102.16,101.82,101.95,1054.0
CLUSD,2026-05-01 15:45:00,101.96,102.43,101.95,102.18,1602.0
CLUSD,2026-05-01 16:00:00,102.19,102.31,102.03,102.3,637.0
CLUSD,2026-05-01 16:15:00,102.25,102.69,102.25,102.51,1270.0
CLUSD,2026-05-01 16:30:00,102.51,102.75,102.32,102.34,503.0
CLUSD,2026-05-01 16:45:00,102.34,102.71,102.25,102.5,1970.0
CLUSD,2026-05-03 18:00:00,99.73,100.35,99.11,100.2,6597.0
CLUSD,2026-05-03 18:15:00,100.2,101.58,100.18,101.25,2480.0
CLUSD,2026-05-03 18:30:00,101.26,101.49,101.01,101.03,883.0
CLUSD,2026-05-03 18:45:00,101.03,101.25,100.86,101.06,766.0
CLUSD,2026-05-03 19:00:00,101.04,101.25,101.0,101.21,465.0
CLUSD,2026-05-03 19:15:00,101.19,101.55,101.19,101.55,557.0
CLUSD,2026-05-03 19:30:00,101.53,101.72,101.21,101.62,864.0
CLUSD,2026-05-03 19:45:00,101.64,101.77,101.56,101.73,291.0
CLUSD,2026-05-03 20:00:00,101.73,102.18,101.73,102.01,1528.0
CLUSD,2026-05-03 20:15:00,102.01,102.33,101.95,102.17,750.0
CLUSD,2026-05-03 20:30:00,102.17,102.17,101.69,101.71,875.0
CLUSD,2026-05-03 20:45:00,101.69,101.72,101.06,101.16,1366.0
CLUSD,2026-05-03 21:00:00,101.15,101.78,101.15,101.61,930.0
CLUSD,2026-05-03 21:15:00,101.62,101.95,101.49,101.94,862.0
CLUSD,2026-05-03 21:30:00,101.93,101.99,101.7,101.79,323.0
CLUSD,2026-05-03 21:45:00,101.8,101.84,101.58,101.63,300.0
CLUSD,2026-05-03 22:00:00,101.62,101.77,101.39,101.5,406.0
CLUSD,2026-05-03 22:15:00,101.52,102.1,101.52,102.02,738.0
CLUSD,2026-05-03 22:30:00,102.02,102.03,101.73,101.84,281.0
CLUSD,2026-05-03 22:45:00,101.82,101.9,101.74,101.82,158.0
CLUSD,2026-05-03 23:00:00,101.83,101.89,101.76,101.85,126.0
CLUSD,2026-05-03 23:15:00,101.87,101.97,101.79,101.85,303.0
CLUSD,2026-05-03 23:30:00,101.83,102.14,101.82,102.08,576.0
CLUSD,2026-05-03 23:45:00,102.07,102.2,101.87,101.9,595.0
CLUSD,2026-05-04 00:00:00,101.89,101.93,101.12,101.48,892.0
CLUSD,2026-05-04 00:15:00,101.49,101.7,101.4,101.63,425.0
CLUSD,2026-05-04 00:30:00,101.63,101.81,101.55,101.72,191.0
CLUSD,2026-05-04 00:45:00,101.73,101.73,101.59,101.68,136.0
CLUSD,2026-05-04 01:00:00,101.68,101.76,101.37,101.43,382.0
CLUSD,2026-05-04 01:15:00,101.43,101.43,100.12,101.12,2763.0
CLUSD,2026-05-04 01:30:00,101.12,101.41,100.99,101.1,590.0
CLUSD,2026-05-04 01:45:00,101.12,101.12,100.81,100.95,604.0
CLUSD,2026-05-04 02:00:00,100.97,101.22,100.83,100.88,736.0
CLUSD,2026-05-04 02:15:00,100.91,101.74,100.87,101.57,984.0
CLUSD,2026-05-04 02:30:00,101.56,102.78,101.39,102.61,2688.0
CLUSD,2026-05-04 02:45:00,102.61,102.77,102.23,102.42,1277.0
CLUSD,2026-05-04 03:00:00,102.41,102.88,102.38,102.63,1246.0
CLUSD,2026-05-04 03:15:00,102.62,103.09,102.39,102.66,1609.0
CLUSD,2026-05-04 03:30:00,102.69,103.06,102.64,102.79,1084.0
CLUSD,2026-05-04 03:45:00,102.79,103.45,102.65,103.45,2324.0
CLUSD,2026-05-04 04:00:00,103.44,104.35,103.44,104.11,3614.0
CLUSD,2026-05-04 04:15:00,104.13,104.54,103.57,103.69,1758.0
CLUSD,2026-05-04 04:30:00,103.67,103.69,103.16,103.24,1485.0
CLUSD,2026-05-04 04:45:00,103.25,103.38,103.12,103.26,983.0
CLUSD,2026-05-04 05:00:00,103.29,103.34,102.61,102.7,1410.0
CLUSD,2026-05-04 05:15:00,102.69,103.32,102.69,103.21,700.0
CLUSD,2026-05-04 05:30:00,103.21,103.22,102.77,102.87,950.0
CLUSD,2026-05-04 05:45:00,102.86,103.14,102.74,103.06,1033.0
CLUSD,2026-05-04 06:00:00,103.06,106.78,102.98,106.27,13345.0
CLUSD,2026-05-04 06:15:00,106.26,107.46,106.16,106.9,7101.0
CLUSD,2026-05-04 06:30:00,106.92,107.13,104.67,104.94,8493.0
CLUSD,2026-05-04 06:45:00,104.97,105.8,104.61,105.67,3066.0
CLUSD,2026-05-04 07:00:00,105.67,106.05,105.03,105.36,3516.0
CLUSD,2026-05-04 07:15:00,105.35,105.47,105.03,105.14,1665.0
CLUSD,2026-05-04 07:30:00,105.16,105.93,104.86,104.99,3927.0
CLUSD,2026-05-04 07:45:00,105.01,105.08,103.89,104.13,4054.0
CLUSD,2026-05-04 08:00:00,104.14,104.19,103.26,103.36,3819.0
CLUSD,2026-05-04 08:15:00,103.37,103.65,102.89,103.23,4538.0
CLUSD,2026-05-04 08:30:00,103.26,103.72,102.44,102.57,5368.0
CLUSD,2026-05-04 08:45:00,102.6,102.98,102.12,102.83,4317.0
CLUSD,2026-05-04 09:00:00,102.82,104.18,102.02,102.31,11389.0
CLUSD,2026-05-04 09:15:00,102.32,102.91,101.83,102.8,4741.0
CLUSD,2026-05-04 09:30:00,102.78,102.99,101.9,102.34,6790.0
CLUSD,2026-05-04 09:45:00,102.35,102.56,102.14,102.2,3768.0
CLUSD,2026-05-04 10:00:00,102.22,102.88,101.81,102.42,8038.0
CLUSD,2026-05-04 10:15:00,102.41,102.42,101.49,102.29,8356.0
CLUSD,2026-05-04 10:30:00,102.29,102.6,101.99,102.47,6769.0
CLUSD,2026-05-04 10:45:00,102.43,103.65,102.27,103.47,8844.0
CLUSD,2026-05-04 11:00:00,103.49,104.03,102.99,103.72,9946.0
CLUSD,2026-05-04 11:15:00,103.75,105.85,103.4,105.24,13286.0
CLUSD,2026-05-04 11:30:00,105.25,105.8,105.01,105.1,8838.0
CLUSD,2026-05-04 11:45:00,105.13,106.03,105.05,105.6,10245.0
CLUSD,2026-05-04 12:00:00,105.63,106.64,105.33,105.68,6488.0
CLUSD,2026-05-04 12:15:00,105.71,105.94,104.69,105.55,9218.0
CLUSD,2026-05-04 12:30:00,105.55,106.12,105.44,106.08,6329.0
CLUSD,2026-05-04 12:45:00,106.09,106.49,105.94,106.13,5598.0
CLUSD,2026-05-04 13:00:00,106.13,106.25,105.34,105.72,6326.0
CLUSD,2026-05-04 13:15:00,105.73,105.73,104.97,105.07,5937.0
CLUSD,2026-05-04 13:30:00,105.08,105.64,105.04,105.19,3242.0
CLUSD,2026-05-04 13:45:00,105.2,105.4,105.09,105.27,3607.0
CLUSD,2026-05-04 14:00:00,105.27,105.33,104.75,105.15,5149.0
CLUSD,2026-05-04 14:15:00,105.15,106.76,105.08,106.28,8889.0
CLUSD,2026-05-04 14:30:00,106.27,106.39,105.83,106.1,4608.0
CLUSD,2026-05-04 14:45:00,106.11,106.25,105.65,105.69,3077.0
CLUSD,2026-05-04 15:00:00,105.69,105.85,104.81,105.25,5029.0
CLUSD,2026-05-04 15:15:00,105.23,105.6,105.04,105.21,2380.0
CLUSD,2026-05-04 15:30:00,105.17,105.42,104.96,105.41,1169.0
CLUSD,2026-05-04 15:45:00,105.39,105.41,105.05,105.29,1353.0
CLUSD,2026-05-04 16:00:00,105.29,105.32,104.94,104.95,848.0
CLUSD,2026-05-04 16:15:00,104.97,105.0,104.81,104.9,618.0
CLUSD,2026-05-04 16:30:00,104.88,105.01,104.61,104.75,1144.0
CLUSD,2026-05-04 16:45:00,104.73,105.23,104.73,105.14,489.0
CLUSD,2026-05-04 17:00:00,106.42,106.42,106.42,106.42,0.0
CLUSD,2026-05-04 17:30:00,106.42,106.42,106.42,106.42,0.0
CLUSD,2026-05-04 18:00:00,104.93,105.48,104.92,105.05,432.0
CLUSD,2026-05-04 18:15:00,104.95,105.18,104.8,104.82,199.0
CLUSD,2026-05-04 18:30:00,104.8,104.99,104.75,104.92,126.0
CLUSD,2026-05-04 18:45:00,104.89,105.03,104.81,104.91,84.0
CLUSD,2026-05-04 19:00:00,104.93,105.03,104.85,104.89,217.0
CLUSD,2026-05-04 19:15:00,104.92,104.98,104.81,104.9,80.0
CLUSD,2026-05-04 19:30:00,104.91,105.12,104.91,105.02,123.0
CLUSD,2026-05-04 19:45:00,105.05,105.05,104.89,104.99,156.0
CLUSD,2026-05-04 20:00:00,105.0,105.06,104.52,104.89,661.0
CLUSD,2026-05-04 20:15:00,104.87,105.18,104.87,105.1,228.0
CLUSD,2026-05-04 20:30:00,105.06,105.25,104.95,105.03,239.0
CLUSD,2026-05-04 20:45:00,104.98,105.01,104.72,104.84,359.0
CLUSD,2026-05-04 21:00:00,104.82,105.07,104.75,104.97,359.0
CLUSD,2026-05-04 21:15:00,104.96,105.01,104.68,104.83,460.0
CLUSD,2026-05-04 21:30:00,104.85,104.91,104.54,104.82,421.0
CLUSD,2026-05-04 21:45:00,104.83,104.87,104.69,104.79,455.0
CLUSD,2026-05-04 22:00:00,104.79,104.79,104.33,104.53,600.0
CLUSD,2026-05-04 22:15:00,104.48,104.51,104.19,104.41,415.0
CLUSD,2026-05-04 22:30:00,104.43,104.44,103.92,103.92,754.0
CLUSD,2026-05-04 22:45:00,103.99,104.5,103.96,104.19,768.0
CLUSD,2026-05-04 23:00:00,104.21,104.38,104.1,104.33,205.0
CLUSD,2026-05-04 23:15:00,104.31,104.35,104.22,104.33,116.0
CLUSD,2026-05-04 23:30:00,104.35,104.52,104.34,104.5,311.0
CLUSD,2026-05-04 23:45:00,104.47,104.47,104.31,104.37,174.0
CLUSD,2026-05-05 00:00:00,104.37,104.38,104.28,104.35,120.0
CLUSD,2026-05-05 00:15:00,104.32,104.38,104.01,104.1,248.0
CLUSD,2026-05-05 00:30:00,104.1,104.19,103.93,103.97,365.0
CLUSD,2026-05-05 00:45:00,103.96,104.24,103.85,104.17,226.0
CLUSD,2026-05-05 01:00:00,104.18,104.58,104.17,104.37,680.0
CLUSD,2026-05-05 01:15:00,104.36,104.5,104.17,104.38,603.0
CLUSD,2026-05-05 01:30:00,104.35,104.57,104.3,104.35,388.0
CLUSD,2026-05-05 01:45:00,104.32,104.39,104.26,104.27,223.0
CLUSD,2026-05-05 02:00:00,104.29,104.61,103.99,104.56,905.0
CLUSD,2026-05-05 02:15:00,104.53,105.35,104.5,105.01,1312.0
CLUSD,2026-05-05 02:30:00,104.99,105.03,104.19,104.38,1363.0
CLUSD,2026-05-05 02:45:00,104.38,104.53,104.33,104.42,606.0
CLUSD,2026-05-05 03:00:00,104.41,104.46,103.98,104.22,1299.0
CLUSD,2026-05-05 03:15:00,104.22,104.51,103.88,104.41,1351.0
CLUSD,2026-05-05 03:30:00,104.41,104.52,103.15,103.91,2724.0
CLUSD,2026-05-05 03:45:00,103.86,104.82,103.75,104.55,1677.0
CLUSD,2026-05-05 04:00:00,104.54,104.69,104.03,104.05,1329.0
CLUSD,2026-05-05 04:15:00,104.08,104.25,103.33,103.93,2437.0
CLUSD,2026-05-05 04:30:00,103.93,103.96,103.39,103.69,1694.0
CLUSD,2026-05-05 04:45:00,103.75,103.79,103.08,103.43,1928.0
CLUSD,2026-05-05 05:00:00,103.44,104.37,103.44,104.29,2065.0
CLUSD,2026-05-05 05:15:00,104.31,104.5,103.88,103.91,1451.0
CLUSD,2026-05-05 05:30:00,103.91,104.18,103.72,103.86,863.0
CLUSD,2026-05-05 05:45:00,103.86,104.35,103.74,104.01,1004.0
CLUSD,2026-05-05 06:00:00,104.01,104.37,104.01,104.26,1131.0
CLUSD,2026-05-05 06:15:00,104.26,104.27,104.02,104.1,571.0
CLUSD,2026-05-05 06:30:00,104.09,104.15,103.5,104.11,2413.0
CLUSD,2026-05-05 06:45:00,104.12,104.41,104.09,104.18,938.0
CLUSD,2026-05-05 07:00:00,104.19,105.0,104.16,104.89,2455.0
CLUSD,2026-05-05 07:15:00,104.88,105.09,104.09,104.21,2364.0
CLUSD,2026-05-05 07:30:00,104.23,104.36,103.84,103.9,1480.0
CLUSD,2026-05-05 07:45:00,103.91,104.12,103.73,103.75,1003.0
CLUSD,2026-05-05 08:00:00,103.74,104.21,103.03,103.2,6196.0
CLUSD,2026-05-05 08:15:00,103.17,103.38,102.71,102.85,4838.0
CLUSD,2026-05-05 08:30:00,102.84,103.16,102.59,103.07,3196.0
CLUSD,2026-05-05 08:45:00,103.08,103.37,103.05,103.22,2647.0
CLUSD,2026-05-05 09:00:00,103.22,103.36,102.04,102.75,7232.0
CLUSD,2026-05-05 09:15:00,102.73,102.83,102.38,102.46,4088.0
CLUSD,2026-05-05 09:30:00,102.43,102.71,102.29,102.37,4744.0
CLUSD,2026-05-05 09:45:00,102.34,102.49,102.06,102.06,5085.0
CLUSD,2026-05-05 10:00:00,102.11,102.73,101.08,102.51,11526.0
CLUSD,2026-05-05 10:15:00,102.49,103.0,101.74,101.86,10301.0
CLUSD,2026-05-05 10:30:00,101.88,102.45,101.82,102.23,5146.0
CLUSD,2026-05-05 10:45:00,102.24,102.63,101.57,101.62,5156.0
CLUSD,2026-05-05 11:00:00,101.62,101.87,101.5,101.85,4657.0
CLUSD,2026-05-05 11:15:00,101.84,102.52,101.71,101.97,6073.0
CLUSD,2026-05-05 11:30:00,101.98,102.06,101.59,101.73,4571.0
CLUSD,2026-05-05 11:45:00,101.7,102.22,101.28,102.1,5550.0
CLUSD,2026-05-05 12:00:00,102.09,102.38,101.75,101.92,3160.0
CLUSD,2026-05-05 12:15:00,101.91,102.28,101.87,102.16,3622.0
CLUSD,2026-05-05 12:30:00,102.15,102.37,101.91,102.06,3489.0
CLUSD,2026-05-05 12:45:00,102.09,102.42,102.03,102.31,2291.0
CLUSD,2026-05-05 13:00:00,102.31,102.38,101.97,102.02,3003.0
CLUSD,2026-05-05 13:15:00,102.01,102.07,101.63,101.74,4126.0
CLUSD,2026-05-05 13:30:00,101.74,101.77,101.45,101.67,4729.0
CLUSD,2026-05-05 13:45:00,101.66,102.13,101.56,102.07,4113.0
CLUSD,2026-05-05 14:00:00,102.06,102.38,101.83,102.33,4896.0
CLUSD,2026-05-05 14:15:00,102.35,102.63,102.07,102.16,5595.0
CLUSD,2026-05-05 14:30:00,102.17,102.29,102.03,102.13,2942.0
CLUSD,2026-05-05 14:45:00,102.14,102.29,101.97,102.27,2520.0
CLUSD,2026-05-05 15:00:00,102.28,102.4,102.17,102.4,1151.0
CLUSD,2026-05-05 15:15:00,102.4,102.56,102.36,102.55,1285.0
CLUSD,2026-05-05 15:30:00,102.56,102.77,102.51,102.6,2154.0
CLUSD,2026-05-05 15:45:00,102.62,102.91,102.58,102.78,1970.0
CLUSD,2026-05-05 16:00:00,102.79,102.81,102.56,102.57,1221.0
CLUSD,2026-05-05 16:15:00,102.58,102.66,102.52,102.64,1494.0
CLUSD,2026-05-05 16:30:00,102.64,102.71,102.38,102.55,1457.0
CLUSD,2026-05-05 16:45:00,102.52,102.75,102.36,102.68,797.0
CLUSD,2026-05-05 17:00:00,102.27,102.27,102.27,102.27,0.0
CLUSD,2026-05-05 18:00:00,102.7,102.7,102.45,102.52,222.0
CLUSD,2026-05-05 18:15:00,102.56,102.67,102.42,102.45,795.0
CLUSD,2026-05-05 18:30:00,102.48,102.53,102.3,102.37,224.0
CLUSD,2026-05-05 18:45:00,102.4,102.48,99.12,101.03,5177.0
CLUSD,2026-05-05 19:00:00,101.03,101.15,99.19,99.88,3086.0
CLUSD,2026-05-05 19:15:00,99.87,100.35,99.61,100.07,1478.0
CLUSD,2026-05-05 19:30:00,100.1,100.28,99.76,100.24,961.0
CLUSD,2026-05-05 19:45:00,100.23,100.28,99.66,99.8,1171.0
CLUSD,2026-05-05 20:00:00,99.8,101.06,99.61,100.88,3342.0
CLUSD,2026-05-05 20:15:00,100.9,101.41,100.82,101.25,1694.0
CLUSD,2026-05-05 20:30:00,101.25,101.35,100.96,101.06,863.0
CLUSD,2026-05-05 20:45:00,101.05,101.29,100.87,100.91,1114.0
CLUSD,2026-05-05 21:00:00,100.89,101.29,100.35,101.2,2058.0
CLUSD,2026-05-05 21:15:00,101.2,101.24,100.96,100.96,526.0
CLUSD,2026-05-05 21:30:00,100.95,100.98,100.11,100.3,1399.0
CLUSD,2026-05-05 21:45:00,100.31,100.61,100.28,100.56,703.0
CLUSD,2026-05-05 22:00:00,100.57,100.73,100.54,100.62,453.0
CLUSD,2026-05-05 22:15:00,100.63,100.71,100.45,100.61,479.0
CLUSD,2026-05-05 22:30:00,100.63,100.74,100.57,100.7,277.0
CLUSD,2026-05-05 22:45:00,100.71,100.79,100.56,100.64,405.0
CLUSD,2026-05-05 23:00:00,100.66,100.94,100.58,100.9,310.0
CLUSD,2026-05-05 23:15:00,100.9,100.98,100.8,100.93,280.0
CLUSD,2026-05-05 23:30:00,100.93,100.94,100.33,100.4,646.0
CLUSD,2026-05-05 23:45:00,100.4,100.59,100.32,100.58,491.0
CLUSD,2026-05-06 00:00:00,100.6,100.74,100.57,100.68,178.0
CLUSD,2026-05-06 00:15:00,100.67,100.67,100.33,100.36,286.0
CLUSD,2026-05-06 00:30:00,100.37,100.43,100.21,100.31,251.0
CLUSD,2026-05-06 00:45:00,100.32,100.41,100.27,100.39,327.0
CLUSD,2026-05-06 01:00:00,100.39,100.77,100.36,100.76,349.0
CLUSD,2026-05-06 01:15:00,100.77,101.37,100.77,100.95,1338.0
CLUSD,2026-05-06 01:30:00,100.94,101.08,100.87,100.93,353.0
CLUSD,2026-05-06 01:45:00,100.93,101.0,100.19,100.29,1014.0
CLUSD,2026-05-06 02:00:00,100.3,100.33,99.74,100.27,1761.0
CLUSD,2026-05-06 02:15:00,100.28,100.72,100.22,100.41,745.0
CLUSD,2026-05-06 02:30:00,100.44,101.3,100.22,100.82,1679.0
CLUSD,2026-05-06 02:45:00,100.83,100.96,100.66,100.85,833.0
CLUSD,2026-05-06 03:00:00,100.86,101.19,100.66,100.71,1213.0
CLUSD,2026-05-06 03:15:00,100.71,100.74,100.25,100.35,1286.0
CLUSD,2026-05-06 03:30:00,100.34,100.75,99.89,99.94,1974.0
CLUSD,2026-05-06 03:45:00,99.94,99.94,97.7,97.8,8047.0
CLUSD,2026-05-06 04:00:00,97.76,98.67,97.59,98.41,4976.0
CLUSD,2026-05-06 04:15:00,98.43,99.09,98.4,99.02,2834.0
CLUSD,2026-05-06 04:30:00,99.04,99.07,98.41,98.62,1736.0
CLUSD,2026-05-06 04:45:00,98.59,98.93,95.19,95.45,4989.0
CLUSD,2026-05-06 05:00:00,95.45,96.33,94.6,95.68,7729.0
CLUSD,2026-05-06 05:15:00,95.69,95.78,94.32,95.38,5624.0
CLUSD,2026-05-06 05:30:00,95.38,95.58,93.96,94.54,7157.0
CLUSD,2026-05-06 05:45:00,94.52,94.65,93.31,93.35,7693.0
CLUSD,2026-05-06 06:00:00,93.35,93.39,92.49,93.05,8758.0
CLUSD,2026-05-06 06:15:00,93.05,93.18,92.1,93.01,5755.0
CLUSD,2026-05-06 06:30:00,93.0,93.01,91.11,91.53,9560.0
CLUSD,2026-05-06 06:45:00,91.52,92.19,89.53,89.81,14206.0
CLUSD,2026-05-06 07:00:00,89.79,90.29,88.66,90.05,14330.0
CLUSD,2026-05-06 07:15:00,90.03,90.94,89.8,90.51,7362.0
CLUSD,2026-05-06 07:30:00,90.49,91.68,90.26,91.56,7689.0
CLUSD,2026-05-06 07:45:00,91.56,92.63,91.48,92.56,8964.0
CLUSD,2026-05-06 08:00:00,92.56,95.09,92.47,94.88,12874.0
CLUSD,2026-05-06 08:15:00,94.77,96.1,94.09,94.14,13126.0
CLUSD,2026-05-06 08:30:00,94.13,94.99,94.02,94.71,6182.0
CLUSD,2026-05-06 08:45:00,94.71,95.67,94.4,95.42,6299.0
CLUSD,2026-05-06 09:00:00,95.42,96.8,95.12,96.08,12873.0
CLUSD,2026-05-06 09:15:00,96.06,96.63,95.79,96.28,6034.0
CLUSD,2026-05-06 09:30:00,96.28,96.63,95.43,96.34,9615.0
CLUSD,2026-05-06 09:45:00,96.34,96.59,95.83,96.04,6458.0
CLUSD,2026-05-06 10:00:00,96.03,97.33,94.91,95.14,11757.0
CLUSD,2026-05-06 10:15:00,95.14,95.63,94.87,95.63,6720.0
CLUSD,2026-05-06 10:30:00,95.63,95.87,94.48,94.77,7964.0
CLUSD,2026-05-06 10:45:00,94.77,95.66,94.56,94.78,6468.0
CLUSD,2026-05-06 11:00:00,94.77,96.11,94.77,95.53,6825.0
CLUSD,2026-05-06 11:15:00,95.52,95.69,94.81,95.0,4935.0
CLUSD,2026-05-06 11:30:00,95.0,95.54,94.62,95.15,7391.0
CLUSD,2026-05-06 11:45:00,95.17,95.56,95.08,95.33,3182.0
CLUSD,2026-05-06 12:00:00,95.33,95.72,95.26,95.32,4176.0
CLUSD,2026-05-06 12:15:00,95.35,95.41,94.76,94.85,4257.0
CLUSD,2026-05-06 12:30:00,94.86,95.1,94.57,95.1,4285.0
CLUSD,2026-05-06 12:45:00,95.08,96.35,95.01,95.87,7246.0
CLUSD,2026-05-06 13:00:00,95.86,95.95,95.14,95.57,4767.0
CLUSD,2026-05-06 13:15:00,95.58,95.72,95.21,95.24,3227.0
CLUSD,2026-05-06 13:30:00,95.27,95.69,94.99,95.44,4233.0
CLUSD,2026-05-06 13:45:00,95.44,95.52,95.16,95.24,3607.0
CLUSD,2026-05-06 14:00:00,95.25,95.31,94.42,94.63,6571.0
CLUSD,2026-05-06 14:15:00,94.66,95.26,94.33,95.22,11038.0
CLUSD,2026-05-06 14:30:00,95.22,95.24,94.82,95.15,4312.0
CLUSD,2026-05-06 14:45:00,95.14,95.29,94.99,95.21,1484.0
CLUSD,2026-05-06 15:00:00,95.22,95.24,94.87,95.1,2150.0
CLUSD,2026-05-06 15:15:00,95.09,95.19,94.83,95.19,1285.0
CLUSD,2026-05-06 15:30:00,95.2,95.57,95.16,95.19,1780.0
CLUSD,2026-05-06 15:45:00,95.21,95.37,94.9,95.37,1828.0
CLUSD,2026-05-06 16:00:00,95.35,95.63,95.06,95.5,1662.0
CLUSD,2026-05-06 16:15:00,95.53,95.68,95.45,95.57,1926.0
CLUSD,2026-05-06 16:30:00,95.57,96.34,95.42,96.07,2735.0
CLUSD,2026-05-06 16:45:00,96.08,96.37,96.04,96.21,3573.0
CLUSD,2026-05-06 17:00:00,95.08,95.08,95.08,95.08,2.0
CLUSD,2026-05-06 18:00:00,96.3,96.33,95.62,95.83,549.0
CLUSD,2026-05-06 18:15:00,95.86,95.91,95.64,95.86,351.0
CLUSD,2026-05-06 18:30:00,95.85,96.24,95.8,96.05,397.0
CLUSD,2026-05-06 18:45:00,96.08,96.14,95.82,95.86,215.0
CLUSD,2026-05-06 19:00:00,95.85,95.96,95.72,95.89,227.0
CLUSD,2026-05-06 19:15:00,95.91,96.02,95.87,95.95,152.0
CLUSD,2026-05-06 19:30:00,95.95,96.06,95.91,96.05,270.0
CLUSD,2026-05-06 19:45:00,96.03,96.05,95.85,95.89,235.0
CLUSD,2026-05-06 20:00:00,95.9,96.48,95.74,95.92,1198.0
CLUSD,2026-05-06 20:15:00,95.96,96.35,95.94,96.22,461.0
CLUSD,2026-05-06 20:30:00,96.24,96.43,96.1,96.31,413.0
CLUSD,2026-05-06 20:45:00,96.31,96.38,96.04,96.15,512.0
CLUSD,2026-05-06 21:00:00,96.18,96.45,95.68,95.95,1319.0
CLUSD,2026-05-06 21:15:00,95.97,96.11,95.6,95.64,689.0
CLUSD,2026-05-06 21:30:00,95.66,95.78,95.51,95.6,383.0
CLUSD,2026-05-06 21:45:00,95.58,95.83,95.38,95.43,847.0
CLUSD,2026-05-06 22:00:00,95.41,95.46,94.83,95.3,1547.0
CLUSD,2026-05-06 22:15:00,95.28,95.73,95.23,95.62,463.0
CLUSD,2026-05-06 22:30:00,95.63,95.78,95.47,95.64,422.0
CLUSD,2026-05-06 22:45:00,95.63,95.74,95.6,95.7,152.0
CLUSD,2026-05-06 23:00:00,95.69,95.87,95.69,95.7,305.0
CLUSD,2026-05-06 23:15:00,95.72,95.95,95.69,95.87,228.0
CLUSD,2026-05-06 23:30:00,95.9,95.93,95.35,95.61,423.0
CLUSD,2026-05-06 23:45:00,95.63,95.88,95.58,95.81,184.0
CLUSD,2026-05-07 00:00:00,95.82,95.84,95.69,95.75,104.0
CLUSD,2026-05-07 00:15:00,95.75,95.76,95.65,95.72,100.0
CLUSD,2026-05-07 00:30:00,95.72,95.83,95.69,95.71,170.0
CLUSD,2026-05-07 00:45:00,95.71,95.76,95.5,95.55,387.0
CLUSD,2026-05-07 01:00:00,95.55,95.73,95.51,95.62,264.0
CLUSD,2026-05-07 01:15:00,95.64,95.77,95.57,95.67,249.0
CLUSD,2026-05-07 01:30:00,95.66,95.68,95.4,95.59,285.0
CLUSD,2026-05-07 01:45:00,95.58,95.61,95.26,95.36,562.0
CLUSD,2026-05-07 02:00:00,95.38,95.56,94.98,95.56,813.0
CLUSD,2026-05-07 02:15:00,95.58,95.67,95.43,95.49,512.0
CLUSD,2026-05-07 02:30:00,95.49,95.55,94.18,94.26,2103.0
CLUSD,2026-05-07 02:45:00,94.28,95.01,94.17,94.63,2111.0
CLUSD,2026-05-07 03:00:00,94.66,94.74,92.19,92.24,7484.0
CLUSD,2026-05-07 03:15:00,92.25,93.03,91.92,92.8,6415.0
CLUSD,2026-05-07 03:30:00,92.79,93.33,92.66,93.18,2596.0
CLUSD,2026-05-07 03:45:00,93.17,93.73,93.14,93.33,2517.0
CLUSD,2026-05-07 04:00:00,93.33,93.94,92.95,93.56,2411.0
CLUSD,2026-05-07 04:15:00,93.59,94.59,93.48,93.9,4052.0
CLUSD,2026-05-07 04:30:00,93.91,93.93,93.06,93.38,2445.0
CLUSD,2026-05-07 04:45:00,93.37,93.48,92.73,92.88,1258.0
CLUSD,2026-05-07 05:00:00,92.88,93.2,92.8,93.12,1176.0
CLUSD,2026-05-07 05:15:00,93.11,93.18,92.46,92.47,1356.0
CLUSD,2026-05-07 05:30:00,92.5,92.71,92.14,92.41,1561.0
CLUSD,2026-05-07 05:45:00,92.38,93.1,92.18,92.87,2307.0
CLUSD,2026-05-07 06:00:00,92.89,93.05,92.67,92.7,1408.0
CLUSD,2026-05-07 06:15:00,92.71,93.0,92.24,92.7,2103.0
CLUSD,2026-05-07 06:30:00,92.68,93.33,92.65,92.81,1711.0
CLUSD,2026-05-07 06:45:00,92.78,93.2,92.68,92.86,1427.0
CLUSD,2026-05-07 07:00:00,92.81,92.96,92.27,92.38,1753.0
CLUSD,2026-05-07 07:15:00,92.39,92.53,91.33,91.71,5172.0
CLUSD,2026-05-07 07:30:00,91.68,91.92,91.5,91.69,2339.0
CLUSD,2026-05-07 07:45:00,91.72,92.16,91.7,91.82,1807.0
CLUSD,2026-05-07 08:00:00,91.8,92.07,91.24,91.47,3861.0
CLUSD,2026-05-07 08:15:00,91.48,91.61,90.53,90.62,7051.0
CLUSD,2026-05-07 08:30:00,90.61,90.78,90.31,90.47,5059.0
CLUSD,2026-05-07 08:45:00,90.45,90.77,89.85,90.69,6829.0
CLUSD,2026-05-07 09:00:00,90.7,91.79,90.68,91.71,9115.0
CLUSD,2026-05-07 09:15:00,91.71,91.72,91.01,91.28,4995.0
CLUSD,2026-05-07 09:30:00,91.3,91.41,91.06,91.4,3999.0
CLUSD,2026-05-07 09:45:00,91.38,92.69,91.13,91.16,10876.0
CLUSD,2026-05-07 10:00:00,91.17,91.28,90.33,90.36,6994.0
CLUSD,2026-05-07 10:15:00,90.38,91.04,90.3,90.96,6168.0
CLUSD,2026-05-07 10:30:00,91.0,91.58,90.84,91.49,7673.0
CLUSD,2026-05-07 10:45:00,91.47,91.55,91.04,91.2,4349.0
CLUSD,2026-05-07 11:00:00,91.17,91.83,91.16,91.69,5492.0
CLUSD,2026-05-07 11:15:00,91.7,92.7,91.55,92.17,11053.0
CLUSD,2026-05-07 11:30:00,92.13,92.22,91.69,92.1,5680.0
CLUSD,2026-05-07 11:45:00,92.1,93.43,92.03,93.31,11410.0
CLUSD,2026-05-07 12:00:00,93.31,94.3,93.27,94.14,9941.0
CLUSD,2026-05-07 12:15:00,94.14,95.08,93.7,94.03,13393.0
CLUSD,2026-05-07 12:30:00,94.03,95.33,93.94,95.09,10732.0
CLUSD,2026-05-07 12:45:00,95.09,95.89,95.09,95.64,10450.0
CLUSD,2026-05-07 13:00:00,95.63,95.93,95.35,95.58,8996.0
CLUSD,2026-05-07 13:15:00,95.58,97.46,95.16,97.0,8040.0
CLUSD,2026-05-07 13:30:00,96.99,97.18,95.81,96.08,10443.0
CLUSD,2026-05-07 13:45:00,96.1,96.2,94.56,94.88,10633.0
CLUSD,2026-05-07 14:00:00,94.88,95.32,94.66,95.13,7200.0
CLUSD,2026-05-07 14:15:00,95.12,95.19,94.57,94.89,9383.0
CLUSD,2026-05-07 14:30:00,94.89,96.52,94.84,96.22,8783.0
CLUSD,2026-05-07 14:45:00,96.21,96.6,95.51,95.61,9271.0
CLUSD,2026-05-07 15:00:00,95.64,96.05,95.48,95.79,3138.0
CLUSD,2026-05-07 15:15:00,95.77,97.23,95.49,96.66,6690.0
CLUSD,2026-05-07 15:30:00,96.69,96.84,95.7,96.32,3162.0
CLUSD,2026-05-07 15:45:00,96.3,97.3,95.92,96.36,5686.0
CLUSD,2026-05-07 16:00:00,96.37,96.4,94.72,95.61,5160.0
CLUSD,2026-05-07 16:15:00,95.58,96.21,95.58,96.0,1653.0
CLUSD,2026-05-07 16:30:00,95.99,97.49,95.85,97.12,3806.0
CLUSD,2026-05-07 16:45:00,97.15,97.99,96.9,97.66,3094.0
CLUSD,2026-05-07 18:00:00,98.25,98.64,96.94,97.26,2234.0
CLUSD,2026-05-07 18:15:00,97.24,97.41,96.12,96.9,2168.0
CLUSD,2026-05-07 18:30:00,96.88,97.74,96.7,97.4,1824.0
CLUSD,2026-05-07 18:45:00,97.39,97.47,97.06,97.27,731.0
CLUSD,2026-05-07 19:00:00,97.25,97.26,96.93,97.14,333.0
CLUSD,2026-05-07 19:15:00,97.1,97.14,96.88,96.93,387.0
CLUSD,2026-05-07 19:30:00,96.96,97.24,96.93,97.0,337.0
CLUSD,2026-05-07 19:45:00,97.02,97.08,96.69,96.98,346.0
CLUSD,2026-05-07 20:00:00,96.99,97.08,96.4,96.64,846.0
CLUSD,2026-05-07 20:15:00,96.69,97.3,96.59,97.09,723.0
CLUSD,2026-05-07 20:30:00,97.1,97.1,96.81,96.89,237.0
CLUSD,2026-05-07 20:45:00,96.88,96.97,96.56,96.59,282.0
CLUSD,2026-05-07 21:00:00,96.58,96.59,95.52,96.06,2494.0
CLUSD,2026-05-07 21:15:00,96.06,96.11,95.7,95.78,947.0
CLUSD,2026-05-07 21:30:00,95.76,96.12,95.74,95.93,812.0
CLUSD,2026-05-07 21:45:00,95.92,96.05,95.72,96.03,619.0
CLUSD,2026-05-07 22:00:00,96.04,96.04,95.72,95.85,711.0
CLUSD,2026-05-07 22:15:00,95.85,95.95,95.73,95.91,444.0
CLUSD,2026-05-07 22:30:00,95.92,96.47,95.8,96.3,1246.0
CLUSD,2026-05-07 22:45:00,96.29,96.3,95.08,95.75,1444.0
CLUSD,2026-05-07 23:00:00,95.7,95.74,95.56,95.65,395.0
CLUSD,2026-05-07 23:15:00,95.62,95.72,95.6,95.68,217.0
CLUSD,2026-05-07 23:30:00,95.67,95.81,95.36,95.55,437.0
CLUSD,2026-05-07 23:45:00,95.58,95.78,95.55,95.71,213.0
CLUSD,2026-05-08 00:00:00,95.7,96.03,95.67,96.03,457.0
CLUSD,2026-05-08 00:15:00,96.01,96.48,96.01,96.28,799.0
CLUSD,2026-05-08 00:30:00,96.28,96.35,96.06,96.24,398.0
CLUSD,2026-05-08 00:45:00,96.23,96.3,95.65,95.8,522.0
CLUSD,2026-05-08 01:00:00,95.77,95.91,95.31,95.84,892.0
CLUSD,2026-05-08 01:15:00,95.8,95.89,95.69,95.79,276.0
CLUSD,2026-05-08 01:30:00,95.8,95.83,95.35,95.64,529.0
CLUSD,2026-05-08 01:45:00,95.64,95.65,95.36,95.42,266.0
CLUSD,2026-05-08 02:00:00,95.43,95.79,94.86,95.2,1241.0
CLUSD,2026-05-08 02:15:00,95.21,95.22,94.15,94.62,2044.0
CLUSD,2026-05-08 02:30:00,94.62,95.15,94.51,94.86,1620.0
CLUSD,2026-05-08 02:45:00,94.87,95.54,94.83,95.14,1435.0
CLUSD,2026-05-08 03:00:00,95.12,95.26,94.78,95.22,1216.0
CLUSD,2026-05-08 03:15:00,95.23,95.91,95.06,95.47,1986.0
CLUSD,2026-05-08 03:30:00,95.48,95.62,95.1,95.26,926.0
CLUSD,2026-05-08 03:45:00,95.23,95.56,95.01,95.26,1186.0
CLUSD,2026-05-08 04:00:00,95.26,95.53,95.13,95.31,1319.0
CLUSD,2026-05-08 04:15:00,95.28,95.28,94.38,94.45,2135.0
CLUSD,2026-05-08 04:30:00,94.44,94.79,94.17,94.53,2176.0
CLUSD,2026-05-08 04:45:00,94.55,94.78,94.17,94.6,1880.0
CLUSD,2026-05-08 05:00:00,94.6,94.72,94.05,94.37,1770.0
CLUSD,2026-05-08 05:15:00,94.34,94.47,93.82,94.15,1626.0
CLUSD,2026-05-08 05:30:00,94.14,94.69,94.07,94.55,1131.0
CLUSD,2026-05-08 05:45:00,94.59,95.39,94.57,95.15,2264.0
CLUSD,2026-05-08 06:00:00,95.16,95.3,94.67,95.2,1475.0
CLUSD,2026-05-08 06:15:00,95.18,95.23,94.53,94.67,1563.0
CLUSD,2026-05-08 06:30:00,94.67,94.74,94.45,94.69,1086.0
CLUSD,2026-05-08 06:45:00,94.71,95.3,94.56,94.89,2135.0
CLUSD,2026-05-08 07:00:00,94.93,94.94,94.21,94.83,1840.0
CLUSD,2026-05-08 07:15:00,94.81,94.92,94.53,94.61,950.0
CLUSD,2026-05-08 07:30:00,94.6,95.03,94.6,95.01,1018.0
CLUSD,2026-05-08 07:45:00,95.03,95.26,94.8,94.97,1534.0
CLUSD,2026-05-08 08:00:00,94.98,95.34,94.61,95.12,2991.0
CLUSD,2026-05-08 08:15:00,95.13,95.34,94.9,95.08,1555.0
CLUSD,2026-05-08 08:30:00,95.16,95.21,94.63,94.9,1849.0
CLUSD,2026-05-08 08:45:00,94.91,95.63,94.85,95.35,3020.0
CLUSD,2026-05-08 09:00:00,95.35,95.4,94.56,94.92,6756.0
CLUSD,2026-05-08 09:15:00,94.88,95.04,93.91,94.16,6157.0
CLUSD,2026-05-08 09:30:00,94.11,94.86,94.01,94.47,5480.0
CLUSD,2026-05-08 09:45:00,94.45,94.45,94.09,94.31,3449.0
CLUSD,2026-05-08 10:00:00,94.34,95.46,94.32,95.18,5121.0
CLUSD,2026-05-08 10:15:00,95.17,95.59,95.13,95.55,5596.0
CLUSD,2026-05-08 10:30:00,95.56,95.85,94.75,94.94,6515.0
CLUSD,2026-05-08 10:45:00,94.93,95.48,94.85,95.41,4390.0
CLUSD,2026-05-08 11:00:00,95.42,95.75,95.1,95.57,4623.0
CLUSD,2026-05-08 11:15:00,95.55,96.12,95.5,95.62,6310.0
CLUSD,2026-05-08 11:30:00,95.61,96.11,95.2,95.97,7964.0
CLUSD,2026-05-08 11:45:00,95.97,96.12,95.6,95.81,7033.0
CLUSD,2026-05-08 12:00:00,95.81,96.1,95.45,95.91,6254.0
CLUSD,2026-05-08 12:15:00,95.94,96.0,95.54,95.63,3589.0
CLUSD,2026-05-08 12:30:00,95.61,96.18,95.56,96.12,3263.0
CLUSD,2026-05-08 12:45:00,96.13,96.16,95.79,96.13,3237.0
CLUSD,2026-05-08 13:00:00,96.13,96.16,95.78,95.84,3043.0
CLUSD,2026-05-08 13:15:00,95.82,95.9,95.31,95.43,3361.0
CLUSD,2026-05-08 13:30:00,95.43,95.69,95.35,95.67,2972.0
CLUSD,2026-05-08 13:45:00,95.68,95.78,95.36,95.49,3511.0
CLUSD,2026-05-08 14:00:00,95.49,95.62,94.59,95.22,7057.0
CLUSD,2026-05-08 14:15:00,95.23,95.6,95.01,95.39,6821.0
CLUSD,2026-05-08 14:30:00,95.39,95.45,94.83,95.32,4807.0
CLUSD,2026-05-08 14:45:00,95.31,95.81,95.2,95.56,2497.0
CLUSD,2026-05-08 15:00:00,95.56,95.65,95.34,95.43,1654.0
CLUSD,2026-05-08 15:15:00,95.43,95.48,95.3,95.38,678.0
CLUSD,2026-05-08 15:30:00,95.39,95.47,94.69,94.88,2258.0
CLUSD,2026-05-08 15:45:00,94.86,95.0,94.73,94.91,1469.0
CLUSD,2026-05-08 16:00:00,94.92,95.05,94.62,94.94,1096.0
CLUSD,2026-05-08 16:15:00,94.93,94.95,94.78,94.85,326.0
CLUSD,2026-05-08 16:30:00,94.87,94.88,94.52,94.57,475.0
CLUSD,2026-05-08 16:45:00,94.57,94.76,94.41,94.68,1112.0
CLUSD,2026-05-10 18:00:00,98.19,98.85,97.65,97.76,4803.0
CLUSD,2026-05-10 18:15:00,97.8,98.18,97.71,97.91,1147.0
CLUSD,2026-05-10 18:30:00,97.89,98.1,97.84,98.06,942.0
CLUSD,2026-05-10 18:45:00,98.05,98.42,97.99,98.29,1193.0
CLUSD,2026-05-10 19:00:00,98.31,98.47,98.21,98.32,585.0
CLUSD,2026-05-10 19:15:00,98.32,98.36,98.19,98.35,498.0
CLUSD,2026-05-10 19:30:00,98.35,98.55,98.32,98.4,746.0
CLUSD,2026-05-10 19:45:00,98.37,98.92,98.26,98.87,1065.0
CLUSD,2026-05-10 20:00:00,98.86,98.91,98.54,98.66,1189.0
CLUSD,2026-05-10 20:15:00,98.66,98.67,98.5,98.61,633.0
CLUSD,2026-05-10 20:30:00,98.62,99.19,98.62,99.14,786.0
CLUSD,2026-05-10 20:45:00,99.14,99.91,99.03,99.25,3685.0
CLUSD,2026-05-10 21:00:00,99.23,99.31,98.84,98.96,2899.0
CLUSD,2026-05-10 21:15:00,98.96,99.06,98.84,99.02,778.0
CLUSD,2026-05-10 21:30:00,99.04,99.37,99.04,99.16,1064.0
CLUSD,2026-05-10 21:45:00,99.18,99.19,98.94,98.98,587.0
CLUSD,2026-05-10 22:00:00,99.02,99.12,98.88,98.99,619.0
CLUSD,2026-05-10 22:15:00,99.01,99.12,98.95,99.11,366.0
CLUSD,2026-05-10 22:30:00,99.1,99.49,99.05,99.44,1132.0
CLUSD,2026-05-10 22:45:00,99.43,99.87,99.4,99.81,1734.0
CLUSD,2026-05-10 23:00:00,99.81,100.31,99.79,99.85,2004.0
CLUSD,2026-05-10 23:15:00,99.82,99.97,99.7,99.84,675.0
CLUSD,2026-05-10 23:30:00,99.85,99.86,99.69,99.79,400.0
CLUSD,2026-05-10 23:45:00,99.79,99.99,99.68,99.95,544.0
CLUSD,2026-05-11 00:00:00,99.95,100.28,99.94,100.18,733.0
CLUSD,2026-05-11 00:15:00,100.18,100.2,100.05,100.1,334.0
CLUSD,2026-05-11 00:30:00,100.1,100.19,100.05,100.16,262.0
CLUSD,2026-05-11 00:45:00,100.18,100.37,100.09,100.3,376.0
CLUSD,2026-05-11 01:00:00,100.29,100.34,99.84,99.94,958.0
CLUSD,2026-05-11 01:15:00,99.92,100.2,99.91,100.0,488.0
CLUSD,2026-05-11 01:30:00,100.01,100.14,99.76,99.82,530.0
CLUSD,2026-05-11 01:45:00,99.82,99.95,99.62,99.77,563.0
CLUSD,2026-05-11 02:00:00,99.77,99.89,99.7,99.89,618.0
CLUSD,2026-05-11 02:15:00,99.88,100.13,99.78,99.85,805.0
CLUSD,2026-05-11 02:30:00,99.84,99.85,98.9,99.05,1636.0
CLUSD,2026-05-11 02:45:00,99.03,99.2,98.9,99.03,1523.0
CLUSD,2026-05-11 03:00:00,99.01,99.32,98.71,99.19,2161.0
CLUSD,2026-05-11 03:15:00,99.14,99.15,98.88,98.97,945.0
CLUSD,2026-05-11 03:30:00,98.96,99.11,98.65,98.78,1408.0
CLUSD,2026-05-11 03:45:00,98.77,98.97,98.24,98.3,1471.0
CLUSD,2026-05-11 04:00:00,98.28,98.44,97.1,97.37,3689.0
CLUSD,2026-05-11 04:15:00,97.35,97.61,96.92,97.55,3568.0
CLUSD,2026-05-11 04:30:00,97.55,97.7,97.34,97.6,1744.0
CLUSD,2026-05-11 04:45:00,97.61,97.67,97.4,97.59,1130.0
CLUSD,2026-05-11 05:00:00,97.62,97.87,97.41,97.56,1166.0
CLUSD,2026-05-11 05:15:00,97.56,97.67,97.37,97.67,655.0
CLUSD,2026-05-11 05:30:00,97.66,97.72,97.47,97.63,716.0
CLUSD,2026-05-11 05:45:00,97.63,98.11,97.56,98.09,1563.0
CLUSD,2026-05-11 06:00:00,98.08,98.11,97.34,97.58,1700.0
CLUSD,2026-05-11 06:15:00,97.58,97.69,97.28,97.69,1034.0
CLUSD,2026-05-11 06:30:00,97.68,97.84,97.48,97.77,619.0
CLUSD,2026-05-11 06:45:00,97.77,98.03,97.63,98.02,690.0
CLUSD,2026-05-11 07:00:00,98.03,98.06,97.83,97.88,763.0
CLUSD,2026-05-11 07:15:00,97.89,98.06,97.87,97.91,615.0
CLUSD,2026-05-11 07:30:00,97.94,97.94,97.71,97.9,713.0
CLUSD,2026-05-11 07:45:00,97.88,98.58,97.87,98.32,1802.0
CLUSD,2026-05-11 08:00:00,98.32,98.7,98.32,98.56,1312.0
CLUSD,2026-05-11 08:15:00,98.54,98.6,97.48,97.54,3195.0
CLUSD,2026-05-11 08:30:00,97.56,97.85,96.59,97.82,4866.0
CLUSD,2026-05-11 08:45:00,97.83,98.68,97.61,98.08,4991.0
CLUSD,2026-05-11 09:00:00,98.08,98.12,96.59,96.79,7050.0
CLUSD,2026-05-11 09:15:00,96.8,97.02,96.4,96.85,3846.0
CLUSD,2026-05-11 09:30:00,96.84,97.28,96.45,96.52,6393.0
CLUSD,2026-05-11 09:45:00,96.54,96.66,96.13,96.62,6820.0
CLUSD,2026-05-11 10:00:00,96.64,97.15,96.56,96.99,3460.0
CLUSD,2026-05-11 10:15:00,96.97,97.32,96.74,97.28,3717.0
CLUSD,2026-05-11 10:30:00,97.28,97.96,97.12,97.22,7046.0
CLUSD,2026-05-11 10:45:00,97.22,97.75,97.14,97.69,4690.0
CLUSD,2026-05-11 11:00:00,97.67,97.79,97.41,97.75,4595.0
CLUSD,2026-05-11 11:15:00,97.74,97.92,97.21,97.5,3464.0
CLUSD,2026-05-11 11:30:00,97.5,98.17,97.19,98.0,5500.0
CLUSD,2026-05-11 11:45:00,97.98,98.3,97.61,97.87,5795.0
CLUSD,2026-05-11 12:00:00,97.88,98.41,97.85,98.35,3743.0
CLUSD,2026-05-11 12:15:00,98.35,98.8,98.32,98.72,4093.0
CLUSD,2026-05-11 12:30:00,98.73,99.84,98.63,99.7,7491.0
CLUSD,2026-05-11 12:45:00,99.7,99.77,99.25,99.26,4775.0
CLUSD,2026-05-11 13:00:00,99.26,99.26,98.82,98.96,3140.0
CLUSD,2026-05-11 13:15:00,98.95,99.03,98.4,98.64,3665.0
CLUSD,2026-05-11 13:30:00,98.63,98.68,98.11,98.18,3510.0
CLUSD,2026-05-11 13:45:00,98.17,98.51,98.12,98.34,3394.0
CLUSD,2026-05-11 14:00:00,98.36,98.68,97.82,98.55,6071.0
CLUSD,2026-05-11 14:15:00,98.54,98.9,97.98,98.07,11594.0
CLUSD,2026-05-11 14:30:00,98.08,98.29,97.93,98.18,3885.0
CLUSD,2026-05-11 14:45:00,98.18,98.25,97.89,98.13,2138.0
CLUSD,2026-05-11 15:00:00,98.12,98.16,97.84,97.92,1655.0
CLUSD,2026-05-11 15:15:00,97.93,98.04,97.84,98.03,705.0
CLUSD,2026-05-11 15:30:00,98.03,98.2,97.92,98.02,1135.0
CLUSD,2026-05-11 15:45:00,98.02,98.5,98.02,98.33,1700.0
CLUSD,2026-05-11 16:00:00,98.31,98.98,98.17,98.68,2709.0
CLUSD,2026-05-11 16:15:00,98.68,98.68,98.23,98.26,1040.0
CLUSD,2026-05-11 16:30:00,98.29,98.33,98.19,98.32,593.0
CLUSD,2026-05-11 16:45:00,98.31,98.51,98.25,98.25,940.0
CLUSD,2026-05-11 17:00:00,98.07,98.07,98.07,98.07,0.0
CLUSD,2026-05-11 17:30:00,98.07,98.07,98.07,98.07,0.0
CLUSD,2026-05-11 18:00:00,98.39,98.45,98.02,98.13,316.0
CLUSD,2026-05-11 18:15:00,98.09,98.18,98.08,98.14,64.0
CLUSD,2026-05-11 18:30:00,98.15,98.27,98.04,98.16,416.0
CLUSD,2026-05-11 18:45:00,98.17,98.24,98.12,98.24,68.0
CLUSD,2026-05-11 19:00:00,98.24,98.28,98.15,98.19,95.0
CLUSD,2026-05-11 19:15:00,98.19,98.24,98.17,98.2,55.0
CLUSD,2026-05-11 19:30:00,98.18,98.19,98.1,98.12,123.0
CLUSD,2026-05-11 19:45:00,98.1,98.13,98.0,98.11,200.0
CLUSD,2026-05-11 20:00:00,98.12,98.43,98.12,98.2,774.0
CLUSD,2026-05-11 20:15:00,98.22,98.48,98.1,98.45,549.0
CLUSD,2026-05-11 20:30:00,98.44,98.71,98.32,98.69,830.0
CLUSD,2026-05-11 20:45:00,98.68,98.79,98.56,98.73,724.0
CLUSD,2026-05-11 21:00:00,98.71,98.73,98.36,98.63,557.0
CLUSD,2026-05-11 21:15:00,98.64,98.9,98.61,98.8,392.0
CLUSD,2026-05-11 21:30:00,98.83,99.14,98.72,99.08,738.0
CLUSD,2026-05-11 21:45:00,99.06,99.08,98.8,99.04,657.0
CLUSD,2026-05-11 22:00:00,99.05,99.24,98.93,98.94,741.0
CLUSD,2026-05-11 22:15:00,98.93,99.28,98.93,99.12,506.0
CLUSD,2026-05-11 22:30:00,99.13,99.22,99.1,99.17,309.0
CLUSD,2026-05-11 22:45:00,99.16,99.16,98.95,98.97,357.0
CLUSD,2026-05-11 23:00:00,99.0,99.09,98.95,99.05,263.0
CLUSD,2026-05-11 23:15:00,99.03,99.06,98.98,99.05,173.0
CLUSD,2026-05-11 23:30:00,99.04,99.04,98.83,98.92,515.0
CLUSD,2026-05-11 23:45:00,98.93,99.21,98.93,99.15,406.0
CLUSD,2026-05-12 00:00:00,99.14,99.17,99.04,99.09,165.0
CLUSD,2026-05-12 00:15:00,99.09,99.09,98.67,98.96,597.0
CLUSD,2026-05-12 00:30:00,98.96,98.99,98.76,98.85,243.0
CLUSD,2026-05-12 00:45:00,98.85,99.03,98.84,99.02,130.0
CLUSD,2026-05-12 01:00:00,99.04,99.04,98.82,98.97,164.0
CLUSD,2026-05-12 01:15:00,99.0,99.04,98.9,98.96,113.0
CLUSD,2026-05-12 01:30:00,98.96,99.22,98.83,99.2,315.0
CLUSD,2026-05-12 01:45:00,99.2,99.52,99.11,99.2,1073.0
CLUSD,2026-05-12 02:00:00,99.22,99.79,99.19,99.64,2143.0
CLUSD,2026-05-12 02:15:00,99.64,99.64,99.39,99.46,1003.0
CLUSD,2026-05-12 02:30:00,99.47,100.16,99.41,99.9,1776.0
CLUSD,2026-05-12 02:45:00,99.89,100.71,99.88,100.52,2590.0
CLUSD,2026-05-12 03:00:00,100.54,100.68,100.25,100.53,1608.0
CLUSD,2026-05-12 03:15:00,100.56,100.65,100.31,100.37,1012.0
CLUSD,2026-05-12 03:30:00,100.35,100.57,100.3,100.5,893.0
CLUSD,2026-05-12 03:45:00,100.48,100.71,100.4,100.67,1307.0
CLUSD,2026-05-12 04:00:00,100.66,101.24,100.6,101.19,2399.0
CLUSD,2026-05-12 04:15:00,101.2,101.47,100.79,101.18,2619.0
CLUSD,2026-05-12 04:30:00,101.18,101.31,100.92,101.16,1131.0
CLUSD,2026-05-12 04:45:00,101.16,101.16,100.81,100.9,948.0
CLUSD,2026-05-12 05:00:00,100.92,101.45,100.86,101.32,2299.0
CLUSD,2026-05-12 05:15:00,101.28,101.76,101.26,101.47,1421.0
CLUSD,2026-05-12 05:30:00,101.48,101.48,100.97,101.3,1651.0
CLUSD,2026-05-12 05:45:00,101.31,101.31,101.03,101.09,1080.0
CLUSD,2026-05-12 06:00:00,101.08,101.18,100.82,101.0,1484.0
CLUSD,2026-05-12 06:15:00,100.99,101.27,100.96,101.11,998.0
CLUSD,2026-05-12 06:30:00,101.12,101.69,101.06,101.61,1458.0
CLUSD,2026-05-12 06:45:00,101.61,101.97,101.58,101.67,1814.0
CLUSD,2026-05-12 07:00:00,101.66,102.05,101.15,101.43,2664.0
CLUSD,2026-05-12 07:15:00,101.43,101.45,101.21,101.24,949.0
CLUSD,2026-05-12 07:30:00,101.25,101.5,101.15,101.28,1263.0
CLUSD,2026-05-12 07:45:00,101.28,101.47,101.26,101.27,1287.0
CLUSD,2026-05-12 08:00:00,101.28,101.67,101.16,101.46,3040.0
CLUSD,2026-05-12 08:15:00,101.47,101.76,101.34,101.54,2651.0
CLUSD,2026-05-12 08:30:00,101.56,101.61,101.08,101.27,1994.0
CLUSD,2026-05-12 08:45:00,101.27,101.27,100.6,100.77,4613.0
CLUSD,2026-05-12 09:00:00,100.76,101.49,100.67,101.26,4896.0
CLUSD,2026-05-12 09:15:00,101.29,101.68,101.2,101.65,2974.0
CLUSD,2026-05-12 09:30:00,101.67,102.13,101.29,101.51,6209.0
CLUSD,2026-05-12 09:45:00,101.52,101.84,101.39,101.77,3217.0
CLUSD,2026-05-12 10:00:00,101.77,101.81,101.38,101.46,3503.0
CLUSD,2026-05-12 10:15:00,101.47,101.98,101.38,101.97,4279.0
CLUSD,2026-05-12 10:30:00,101.94,102.18,101.5,101.55,4908.0
CLUSD,2026-05-12 10:45:00,101.55,102.07,101.5,101.94,4404.0
CLUSD,2026-05-12 11:00:00,101.94,102.19,101.59,101.8,5543.0
CLUSD,2026-05-12 11:15:00,101.82,102.24,101.73,101.92,5242.0
CLUSD,2026-05-12 11:30:00,101.91,101.95,101.21,101.28,5245.0
CLUSD,2026-05-12 11:45:00,101.28,101.65,101.16,101.5,3491.0
CLUSD,2026-05-12 12:00:00,101.48,101.68,101.25,101.28,3029.0
CLUSD,2026-05-12 12:15:00,101.29,101.75,101.22,101.71,3190.0
CLUSD,2026-05-12 12:30:00,101.7,101.97,101.65,101.9,3874.0
CLUSD,2026-05-12 12:45:00,101.9,101.94,101.61,101.64,3528.0
CLUSD,2026-05-12 13:00:00,101.63,101.63,101.35,101.56,3413.0
CLUSD,2026-05-12 13:15:00,101.56,101.56,101.24,101.36,3284.0
CLUSD,2026-05-12 13:30:00,101.35,101.54,101.23,101.49,3077.0
CLUSD,2026-05-12 13:45:00,101.48,101.72,101.38,101.69,4875.0
CLUSD,2026-05-12 14:00:00,101.69,102.66,101.53,102.3,8371.0
CLUSD,2026-05-12 14:15:00,102.3,102.35,101.95,102.3,10502.0
CLUSD,2026-05-12 14:30:00,102.29,102.57,102.23,102.44,4514.0
CLUSD,2026-05-12 14:45:00,102.43,102.72,102.43,102.54,2358.0
CLUSD,2026-05-12 15:00:00,102.55,102.56,102.23,102.27,1514.0
CLUSD,2026-05-12 15:15:00,102.27,102.45,102.21,102.26,1566.0
CLUSD,2026-05-12 15:30:00,102.28,102.46,102.22,102.34,1497.0
CLUSD,2026-05-12 15:45:00,102.34,102.5,102.25,102.38,1386.0
CLUSD,2026-05-12 16:00:00,102.37,102.47,102.33,102.45,604.0
CLUSD,2026-05-12 16:15:00,102.45,102.46,102.23,102.28,499.0
CLUSD,2026-05-12 16:30:00,102.26,102.35,102.13,102.18,1297.0
CLUSD,2026-05-12 16:45:00,102.18,102.18,101.91,102.05,839.0
CLUSD,2026-05-12 17:00:00,102.18,102.18,102.18,102.18,33.0
CLUSD,2026-05-12 17:30:00,102.18,102.18,102.18,102.18,0.0
CLUSD,2026-05-12 18:00:00,102.16,102.27,102.0,102.0,248.0
CLUSD,2026-05-12 18:15:00,102.02,102.02,101.7,101.83,577.0
CLUSD,2026-05-12 18:30:00,101.83,101.9,101.78,101.85,138.0
CLUSD,2026-05-12 18:45:00,101.85,101.94,101.82,101.94,163.0
CLUSD,2026-05-12 19:00:00,101.93,102.05,101.93,102.03,167.0
CLUSD,2026-05-12 19:15:00,102.03,102.06,101.92,101.95,122.0
CLUSD,2026-05-12 19:30:00,101.98,102.06,101.96,102.02,77.0
CLUSD,2026-05-12 19:45:00,102.05,102.13,102.04,102.07,125.0
CLUSD,2026-05-12 20:00:00,102.06,102.08,101.64,101.85,1281.0
CLUSD,2026-05-12 20:15:00,101.87,101.95,101.44,101.53,889.0
CLUSD,2026-05-12 20:30:00,101.52,101.7,100.93,101.36,1404.0
CLUSD,2026-05-12 20:45:00,101.4,101.6,101.39,101.46,676.0
CLUSD,2026-05-12 21:00:00,101.47,101.53,101.26,101.43,439.0
CLUSD,2026-05-12 21:15:00,101.44,101.52,101.35,101.48,294.0
CLUSD,2026-05-12 21:30:00,101.45,101.63,101.44,101.59,210.0
CLUSD,2026-05-12 21:45:00,101.6,101.63,101.45,101.58,203.0
CLUSD,2026-05-12 22:00:00,101.6,101.75,101.48,101.58,449.0
CLUSD,2026-05-12 22:15:00,101.58,101.61,101.51,101.56,147.0
CLUSD,2026-05-12 22:30:00,101.56,101.65,101.52,101.55,110.0
CLUSD,2026-05-12 22:45:00,101.53,101.55,100.77,101.07,1071.0
CLUSD,2026-05-12 23:00:00,101.06,101.2,100.86,100.92,471.0
CLUSD,2026-05-12 23:15:00,100.94,101.08,100.9,101.05,285.0
CLUSD,2026-05-12 23:30:00,101.06,101.18,100.84,100.97,306.0
CLUSD,2026-05-12 23:45:00,100.97,101.16,100.94,101.06,173.0
CLUSD,2026-05-13 00:00:00,101.05,101.05,100.9,100.93,156.0
CLUSD,2026-05-13 00:15:00,100.94,101.01,100.85,100.87,162.0
CLUSD,2026-05-13 00:30:00,100.89,101.0,100.88,100.89,146.0
CLUSD,2026-05-13 00:45:00,100.9,100.92,100.58,100.75,563.0
CLUSD,2026-05-13 01:00:00,100.74,100.9,100.66,100.87,223.0
CLUSD,2026-05-13 01:15:00,100.88,100.89,100.63,100.75,321.0
CLUSD,2026-05-13 01:30:00,100.74,100.77,100.61,100.74,248.0
CLUSD,2026-05-13 01:45:00,100.73,100.73,100.56,100.67,295.0
CLUSD,2026-05-13 02:00:00,100.66,101.06,100.6,100.94,634.0
CLUSD,2026-05-13 02:15:00,100.92,100.94,100.57,100.77,795.0
CLUSD,2026-05-13 02:30:00,100.74,100.99,100.74,100.91,425.0
CLUSD,2026-05-13 02:45:00,100.89,101.12,100.89,100.98,555.0
CLUSD,2026-05-13 03:00:00,100.98,101.35,100.81,101.08,1270.0
CLUSD,2026-05-13 03:15:00,101.06,101.1,100.65,100.77,734.0
CLUSD,2026-05-13 03:30:00,100.78,101.11,100.72,101.06,780.0
CLUSD,2026-05-13 03:45:00,101.03,101.32,100.98,101.23,720.0
CLUSD,2026-05-13 04:00:00,101.23,101.43,101.05,101.12,1345.0
CLUSD,2026-05-13 04:15:00,101.1,101.42,101.09,101.2,1142.0
CLUSD,2026-05-13 04:30:00,101.19,101.79,101.12,101.75,1308.0
CLUSD,2026-05-13 04:45:00,101.75,101.81,101.47,101.57,913.0
CLUSD,2026-05-13 05:00:00,101.56,101.98,101.49,101.9,968.0
CLUSD,2026-05-13 05:15:00,101.89,101.89,101.37,101.48,678.0
CLUSD,2026-05-13 05:30:00,101.5,101.69,101.41,101.59,637.0
CLUSD,2026-05-13 05:45:00,101.59,101.63,101.19,101.3,899.0
CLUSD,2026-05-13 06:00:00,101.33,101.64,101.32,101.61,750.0
CLUSD,2026-05-13 06:15:00,101.6,102.07,101.58,102.02,1426.0
CLUSD,2026-05-13 06:30:00,102.03,102.31,102.0,102.06,1786.0
CLUSD,2026-05-13 06:45:00,102.05,102.39,101.94,102.3,1078.0
CLUSD,2026-05-13 07:00:00,102.31,102.36,102.08,102.12,1191.0
CLUSD,2026-05-13 07:15:00,102.12,102.19,101.96,102.07,631.0
CLUSD,2026-05-13 07:30:00,102.08,102.12,101.67,101.8,1489.0
CLUSD,2026-05-13 07:45:00,101.81,101.99,101.75,101.85,1567.0
CLUSD,2026-05-13 08:00:00,101.86,101.95,101.76,101.87,1644.0
CLUSD,2026-05-13 08:15:00,101.87,102.27,101.83,102.2,2894.0
CLUSD,2026-05-13 08:30:00,102.19,102.75,102.16,102.56,2907.0
CLUSD,2026-05-13 08:45:00,102.56,102.61,102.22,102.33,2421.0
CLUSD,2026-05-13 09:00:00,102.33,102.34,102.03,102.32,4588.0
CLUSD,2026-05-13 09:15:00,102.33,102.64,102.3,102.57,4764.0
CLUSD,2026-05-13 09:30:00,102.58,102.63,102.28,102.35,5044.0
CLUSD,2026-05-13 09:45:00,102.37,102.89,102.36,102.87,7518.0
CLUSD,2026-05-13 10:00:00,102.87,103.67,102.87,103.4,8541.0
CLUSD,2026-05-13 10:15:00,103.39,103.58,103.24,103.54,5121.0
CLUSD,2026-05-13 10:30:00,103.53,103.67,102.99,103.02,7192.0
CLUSD,2026-05-13 10:45:00,103.03,103.16,102.69,103.14,4925.0
CLUSD,2026-05-13 11:00:00,103.14,103.24,102.65,102.85,4540.0
CLUSD,2026-05-13 11:15:00,102.84,103.0,102.55,102.6,4119.0
CLUSD,2026-05-13 11:30:00,102.59,102.78,102.02,102.27,5598.0
CLUSD,2026-05-13 11:45:00,102.28,102.52,102.15,102.22,3329.0
CLUSD,2026-05-13 12:00:00,102.23,102.37,101.74,101.92,4567.0
CLUSD,2026-05-13 12:15:00,101.91,101.92,100.85,101.27,8285.0
CLUSD,2026-05-13 12:30:00,101.28,101.93,101.14,101.85,5731.0
CLUSD,2026-05-13 12:45:00,101.85,102.22,101.85,102.1,4136.0
CLUSD,2026-05-13 13:00:00,102.08,102.18,101.74,101.82,3360.0
CLUSD,2026-05-13 13:15:00,101.81,101.95,101.69,101.71,2226.0
CLUSD,2026-05-13 13:30:00,101.7,101.72,101.47,101.66,2807.0
CLUSD,2026-05-13 13:45:00,101.64,101.64,101.22,101.33,4249.0
CLUSD,2026-05-13 14:00:00,101.32,101.4,101.02,101.16,4494.0
CLUSD,2026-05-13 14:15:00,101.15,101.33,100.93,101.01,6594.0
CLUSD,2026-05-13 14:30:00,101.02,101.12,100.8,100.9,3085.0
CLUSD,2026-05-13 14:45:00,100.89,101.06,100.69,101.01,2914.0
CLUSD,2026-05-13 15:00:00,101.03,101.11,100.95,101.04,768.0
CLUSD,2026-05-13 15:15:00,101.07,101.19,101.02,101.15,633.0
CLUSD,2026-05-13 15:30:00,101.15,101.41,101.1,101.19,1125.0
CLUSD,2026-05-13 15:45:00,101.2,101.38,101.17,101.36,728.0
CLUSD,2026-05-13 16:00:00,101.37,101.58,101.22,101.23,1376.0
CLUSD,2026-05-13 16:15:00,101.23,101.32,101.18,101.24,400.0
CLUSD,2026-05-13 16:30:00,101.23,101.25,100.75,100.76,832.0
CLUSD,2026-05-13 16:45:00,100.75,101.05,100.7,101.0,752.0
CLUSD,2026-05-13 17:00:00,101.02,101.02,101.02,101.02,22.0
CLUSD,2026-05-13 18:00:00,101.02,101.26,100.88,100.88,298.0
CLUSD,2026-05-13 18:15:00,100.88,100.91,100.72,100.85,295.0
CLUSD,2026-05-13 18:30:00,100.83,100.91,100.78,100.83,96.0
CLUSD,2026-05-13 18:45:00,100.8,100.96,100.79,100.87,100.0
CLUSD,2026-05-13 19:00:00,100.84,101.07,100.8,101.04,72.0
CLUSD,2026-05-13 19:15:00,101.07,101.07,100.93,100.99,114.0
CLUSD,2026-05-13 19:30:00,101.01,101.05,100.97,101.0,141.0
CLUSD,2026-05-13 19:45:00,101.0,101.07,100.93,101.02,87.0
CLUSD,2026-05-13 20:00:00,101.05,101.23,100.89,101.18,463.0
CLUSD,2026-05-13 20:15:00,101.17,101.28,101.05,101.1,210.0
CLUSD,2026-05-13 20:30:00,101.1,101.29,101.03,101.18,144.0
CLUSD,2026-05-13 20:45:00,101.17,101.19,101.04,101.15,228.0
CLUSD,2026-05-13 21:00:00,101.14,101.41,100.87,100.95,625.0
CLUSD,2026-05-13 21:15:00,100.95,101.19,100.92,101.08,285.0
CLUSD,2026-05-13 21:30:00,101.09,101.12,100.74,100.76,521.0
CLUSD,2026-05-13 21:45:00,100.77,101.13,100.73,101.08,437.0
CLUSD,2026-05-13 22:00:00,101.05,101.11,100.93,101.06,324.0
CLUSD,2026-05-13 22:15:00,101.07,101.24,101.07,101.15,141.0
CLUSD,2026-05-13 22:30:00,101.17,101.33,101.15,101.28,255.0
CLUSD,2026-05-13 22:45:00,101.26,101.52,101.25,101.49,478.0
CLUSD,2026-05-13 23:00:00,101.46,101.49,101.28,101.36,324.0
CLUSD,2026-05-13 23:15:00,101.32,101.32,101.16,101.23,190.0
CLUSD,2026-05-13 23:30:00,101.24,101.56,101.24,101.53,506.0
CLUSD,2026-05-13 23:45:00,101.54,101.74,101.33,101.4,707.0
CLUSD,2026-05-14 00:00:00,101.38,101.54,101.36,101.53,213.0
CLUSD,2026-05-14 00:15:00,101.56,101.58,101.42,101.45,184.0
CLUSD,2026-05-14 00:30:00,101.49,101.57,101.48,101.51,153.0
CLUSD,2026-05-14 00:45:00,101.5,101.54,101.41,101.46,202.0
CLUSD,2026-05-14 01:00:00,101.48,101.72,101.48,101.56,560.0
CLUSD,2026-05-14 01:15:00,101.56,101.66,101.53,101.61,198.0
CLUSD,2026-05-14 01:30:00,101.62,101.82,101.61,101.64,434.0
CLUSD,2026-05-14 01:45:00,101.63,101.63,101.36,101.46,405.0
CLUSD,2026-05-14 02:00:00,101.45,101.46,101.12,101.35,609.0
CLUSD,2026-05-14 02:15:00,101.35,101.4,101.09,101.24,353.0
CLUSD,2026-05-14 02:30:00,101.24,101.24,99.97,99.99,2537.0
CLUSD,2026-05-14 02:45:00,99.99,101.06,99.6,101.06,3389.0
CLUSD,2026-05-14 03:00:00,101.07,101.56,100.92,101.32,1691.0
CLUSD,2026-05-14 03:15:00,101.32,101.44,101.05,101.27,746.0
CLUSD,2026-05-14 03:30:00,101.29,101.39,101.01,101.22,643.0
CLUSD,2026-05-14 03:45:00,101.21,102.1,101.21,101.94,1666.0
CLUSD,2026-05-14 04:00:00,101.95,102.35,101.67,101.98,1813.0
CLUSD,2026-05-14 04:15:00,101.96,101.98,101.31,101.55,2385.0
CLUSD,2026-05-14 04:30:00,101.56,101.64,101.0,101.48,2076.0
CLUSD,2026-05-14 04:45:00,101.46,101.46,101.13,101.34,1224.0
CLUSD,2026-05-14 05:00:00,101.31,102.1,101.22,101.66,2317.0
CLUSD,2026-05-14 05:15:00,101.67,101.85,101.56,101.77,703.0
CLUSD,2026-05-14 05:30:00,101.8,101.81,101.39,101.44,900.0
CLUSD,2026-05-14 05:45:00,101.42,101.43,100.81,101.07,1074.0
CLUSD,2026-05-14 06:00:00,101.08,101.14,100.11,100.8,2816.0
CLUSD,2026-05-14 06:15:00,100.78,100.89,100.31,100.73,1868.0
CLUSD,2026-05-14 06:30:00,100.75,101.45,100.69,101.37,1248.0
CLUSD,2026-05-14 06:45:00,101.36,101.72,100.82,101.07,3038.0
CLUSD,2026-05-14 07:00:00,101.11,101.31,100.73,101.03,2132.0
CLUSD,2026-05-14 07:15:00,101.03,101.21,100.77,100.84,1091.0
CLUSD,2026-05-14 07:30:00,100.83,101.0,100.69,100.82,1033.0
CLUSD,2026-05-14 07:45:00,100.82,100.85,100.04,100.27,2399.0
CLUSD,2026-05-14 08:00:00,100.28,100.38,99.53,99.72,2923.0
CLUSD,2026-05-14 08:15:00,99.7,100.51,99.39,100.49,2900.0
CLUSD,2026-05-14 08:30:00,100.45,100.61,100.17,100.6,2278.0
CLUSD,2026-05-14 08:45:00,100.61,100.94,100.33,100.36,2706.0
CLUSD,2026-05-14 09:00:00,100.38,100.75,100.33,100.5,7789.0
CLUSD,2026-05-14 09:15:00,100.51,100.57,100.17,100.35,2831.0
CLUSD,2026-05-14 09:30:00,100.36,101.05,100.32,100.88,4903.0
CLUSD,2026-05-14 09:45:00,100.87,101.1,100.23,100.89,4979.0
CLUSD,2026-05-14 10:00:00,100.91,101.25,100.75,101.14,2061.0
CLUSD,2026-05-14 10:15:00,101.14,101.76,100.99,101.32,3752.0
CLUSD,2026-05-14 10:30:00,101.32,101.53,101.14,101.32,2657.0
CLUSD,2026-05-14 10:45:00,101.31,101.31,100.33,100.59,4189.0
CLUSD,2026-05-14 11:00:00,100.59,100.98,100.39,100.87,3133.0
CLUSD,2026-05-14 11:15:00,100.86,100.96,100.52,100.73,2759.0
CLUSD,2026-05-14 11:30:00,100.73,100.94,100.59,100.72,2184.0
CLUSD,2026-05-14 11:45:00,100.71,101.08,100.64,100.97,2218.0
CLUSD,2026-05-14 12:00:00,100.98,101.07,100.49,100.54,2393.0
CLUSD,2026-05-14 12:15:00,100.52,100.95,100.25,100.88,3114.0
CLUSD,2026-05-14 12:30:00,100.87,101.18,100.78,100.99,3446.0
CLUSD,2026-05-14 12:45:00,101.0,101.07,100.87,101.06,2008.0
CLUSD,2026-05-14 13:00:00,101.07,101.48,100.91,101.41,3399.0
CLUSD,2026-05-14 13:15:00,101.4,101.67,101.34,101.52,2817.0
CLUSD,2026-05-14 13:30:00,101.53,101.83,101.51,101.65,2538.0
CLUSD,2026-05-14 13:45:00,101.64,102.07,101.64,101.74,3377.0
CLUSD,2026-05-14 14:00:00,101.73,102.0,101.41,101.41,4541.0
CLUSD,2026-05-14 14:15:00,101.43,101.56,101.08,101.16,5042.0
CLUSD,2026-05-14 14:30:00,101.16,101.66,101.07,101.53,3158.0
CLUSD,2026-05-14 14:45:00,101.53,101.55,101.34,101.43,905.0
CLUSD,2026-05-14 15:00:00,101.43,101.66,101.35,101.61,982.0
CLUSD,2026-05-14 15:15:00,101.61,101.75,101.52,101.61,1107.0
CLUSD,2026-05-14 15:30:00,101.62,101.83,101.62,101.77,618.0
CLUSD,2026-05-14 15:45:00,101.78,102.01,101.74,102.0,786.0
CLUSD,2026-05-14 16:00:00,102.01,102.14,101.82,102.09,1107.0
CLUSD,2026-05-14 16:15:00,102.1,102.18,101.9,101.92,783.0
CLUSD,2026-05-14 16:30:00,101.91,102.14,101.9,102.09,538.0
CLUSD,2026-05-14 16:45:00,102.08,102.09,102.0,102.02,352.0
CLUSD,2026-05-14 17:00:00,101.17,101.17,101.17,101.17,0.0
CLUSD,2026-05-14 18:00:00,97.71,97.84,97.26,97.29,419.0
CLUSD,2026-05-14 18:15:00,97.29,97.44,97.23,97.34,353.0
CLUSD,2026-05-14 18:30:00,97.35,97.42,97.35,97.41,77.0
CLUSD,2026-05-14 18:45:00,97.41,97.75,97.23,97.72,316.0
CLUSD,2026-05-14 19:00:00,97.71,97.74,97.5,97.64,168.0
CLUSD,2026-05-14 19:15:00,97.65,97.88,97.6,97.75,254.0
CLUSD,2026-05-14 19:30:00,97.75,97.83,97.7,97.83,96.0
CLUSD,2026-05-14 19:45:00,97.84,97.86,97.71,97.74,165.0
CLUSD,2026-05-14 20:00:00,97.73,97.81,97.5,97.67,364.0
CLUSD,2026-05-14 20:15:00,97.63,97.66,97.43,97.58,256.0
CLUSD,2026-05-14 20:30:00,97.6,97.78,97.57,97.74,265.0
CLUSD,2026-05-14 20:45:00,97.75,97.84,97.62,97.67,229.0
CLUSD,2026-05-14 21:00:00,97.64,97.96,97.5,97.87,426.0
CLUSD,2026-05-14 21:15:00,97.9,98.43,97.85,98.36,810.0
CLUSD,2026-05-14 21:30:00,98.35,98.72,98.06,98.08,1336.0
CLUSD,2026-05-14 21:45:00,98.1,98.29,97.97,98.24,900.0
CLUSD,2026-05-14 22:00:00,98.25,98.36,98.14,98.31,364.0
CLUSD,2026-05-14 22:15:00,98.29,98.55,98.25,98.52,380.0
CLUSD,2026-05-14 22:30:00,98.55,98.73,98.43,98.56,455.0
CLUSD,2026-05-14 22:45:00,98.55,98.57,97.83,98.45,1019.0
CLUSD,2026-05-14 23:00:00,98.44,98.53,98.25,98.25,311.0
CLUSD,2026-05-14 23:15:00,98.3,98.41,98.26,98.37,185.0
CLUSD,2026-05-14 23:30:00,98.37,98.45,98.25,98.25,272.0
CLUSD,2026-05-14 23:45:00,98.26,98.3,98.16,98.17,219.0
CLUSD,2026-05-15 00:00:00,98.18,98.4,98.18,98.37,181.0
CLUSD,2026-05-15 00:15:00,98.36,98.41,98.27,98.32,180.0
CLUSD,2026-05-15 00:30:00,98.32,98.37,98.21,98.36,205.0
CLUSD,2026-05-15 00:45:00,98.36,98.38,98.22,98.24,616.0
CLUSD,2026-05-15 01:00:00,98.24,98.47,98.24,98.35,199.0
CLUSD,2026-05-15 01:15:00,98.35,98.4,98.23,98.33,314.0
CLUSD,2026-05-15 01:30:00,98.34,98.87,98.34,98.75,647.0
CLUSD,2026-05-15 01:45:00,98.75,99.4,98.75,98.97,1366.0
CLUSD,2026-05-15 02:00:00,98.99,99.29,98.85,99.05,717.0
CLUSD,2026-05-15 02:15:00,99.05,99.08,98.83,99.03,654.0
CLUSD,2026-05-15 02:30:00,99.03,99.08,98.76,98.86,597.0
CLUSD,2026-05-15 02:45:00,98.86,99.02,98.77,98.89,395.0
CLUSD,2026-05-15 03:00:00,98.89,99.12,98.73,98.77,673.0
CLUSD,2026-05-15 03:15:00,98.77,98.84,98.39,98.64,961.0
CLUSD,2026-05-15 03:30:00,98.64,98.81,98.55,98.72,575.0
CLUSD,2026-05-15 03:45:00,98.73,99.25,98.7,99.21,1002.0
CLUSD,2026-05-15 04:00:00,99.21,99.69,99.06,99.61,2063.0
CLUSD,2026-05-15 04:15:00,99.61,100.58,99.61,100.51,5041.0
CLUSD,2026-05-15 04:30:00,100.53,100.76,100.24,100.4,2418.0
CLUSD,2026-05-15 04:45:00,100.4,100.59,100.34,100.41,1859.0
CLUSD,2026-05-15 05:00:00,100.42,100.54,100.07,100.33,1475.0
CLUSD,2026-05-15 05:15:00,100.3,100.62,100.3,100.36,1064.0
CLUSD,2026-05-15 05:30:00,100.39,100.63,100.28,100.53,1009.0
CLUSD,2026-05-15 05:45:00,100.52,100.94,100.44,100.81,3786.0
CLUSD,2026-05-15 06:00:00,100.8,100.84,100.04,100.19,2432.0
CLUSD,2026-05-15 06:15:00,100.22,100.4,99.88,100.1,2192.0
CLUSD,2026-05-15 06:30:00,100.07,100.38,99.61,99.64,2209.0
CLUSD,2026-05-15 06:45:00,99.64,99.86,98.65,99.06,7436.0
CLUSD,2026-05-15 07:00:00,99.06,99.84,98.88,99.49,2624.0
CLUSD,2026-05-15 07:15:00,99.47,99.68,99.3,99.66,1161.0
CLUSD,2026-05-15 07:30:00,99.65,99.97,99.56,99.83,1834.0
CLUSD,2026-05-15 07:45:00,99.83,100.16,99.69,100.04,1417.0
CLUSD,2026-05-15 08:00:00,100.05,100.18,99.93,99.97,3481.0
CLUSD,2026-05-15 08:15:00,99.96,100.03,99.51,99.87,3740.0
CLUSD,2026-05-15 08:30:00,99.88,100.05,99.84,99.98,1466.0
CLUSD,2026-05-15 08:45:00,99.98,100.01,99.8,99.84,2107.0
CLUSD,2026-05-15 09:00:00,99.83,99.89,99.36,99.49,3971.0
CLUSD,2026-05-15 09:15:00,99.49,99.61,99.3,99.48,3441.0
CLUSD,2026-05-15 09:30:00,99.49,99.6,99.18,99.57,4755.0
CLUSD,2026-05-15 09:45:00,99.58,99.9,99.53,99.89,3123.0
CLUSD,2026-05-15 10:00:00,99.89,100.04,99.36,99.4,4229.0
CLUSD,2026-05-15 10:15:00,99.39,99.98,99.21,99.78,4972.0
CLUSD,2026-05-15 10:30:00,99.77,100.25,99.71,100.16,4232.0
CLUSD,2026-05-15 10:45:00,100.16,100.56,100.12,100.28,4810.0
CLUSD,2026-05-15 11:00:00,100.29,100.4,99.99,100.24,5053.0
CLUSD,2026-05-15 11:15:00,100.25,100.41,100.1,100.1,4262.0
CLUSD,2026-05-15 11:30:00,100.09,100.59,99.91,100.53,4400.0
CLUSD,2026-05-15 11:45:00,100.52,101.19,100.51,100.93,5540.0
CLUSD,2026-05-15 12:00:00,100.92,101.23,100.68,100.8,5108.0
CLUSD,2026-05-15 12:15:00,100.81,100.93,100.59,100.65,3089.0
CLUSD,2026-05-15 12:30:00,100.65,100.8,100.57,100.75,3325.0
CLUSD,2026-05-15 12:45:00,100.75,100.81,100.59,100.73,2887.0
CLUSD,2026-05-15 13:00:00,100.73,100.77,100.35,100.38,2633.0
CLUSD,2026-05-15 13:15:00,100.38,100.62,100.31,100.59,2733.0
CLUSD,2026-05-15 13:30:00,100.59,100.74,100.55,100.65,2568.0
CLUSD,2026-05-15 13:45:00,100.66,100.9,100.57,100.67,4256.0
CLUSD,2026-05-15 14:00:00,100.66,101.09,100.62,100.9,3332.0
CLUSD,2026-05-15 14:15:00,100.9,101.13,100.82,101.13,8748.0
CLUSD,2026-05-15 14:30:00,101.12,101.39,101.07,101.09,3415.0
CLUSD,2026-05-15 14:45:00,101.09,101.18,100.96,100.98,2250.0
CLUSD,2026-05-15 15:00:00,100.98,101.07,100.9,100.98,1185.0
CLUSD,2026-05-15 15:15:00,100.98,101.24,100.97,101.1,1466.0
CLUSD,2026-05-15 15:30:00,101.08,101.15,100.93,101.03,1340.0
CLUSD,2026-05-15 15:45:00,101.02,101.38,100.98,101.21,2079.0
CLUSD,2026-05-15 16:00:00,101.24,101.57,101.21,101.49,1458.0
CLUSD,2026-05-15 16:15:00,101.47,101.47,101.23,101.27,686.0
CLUSD,2026-05-15 16:30:00,101.28,101.35,101.05,101.07,689.0
CLUSD,2026-05-15 16:45:00,101.07,101.24,100.98,101.16,1336.0
CLUSD,2026-05-17 18:00:00,101.74,103.09,101.57,102.26,2651.0
CLUSD,2026-05-17 18:15:00,102.24,102.56,102.19,102.54,907.0
CLUSD,2026-05-17 18:30:00,102.53,102.56,102.27,102.31,589.0
CLUSD,2026-05-17 18:45:00,102.32,102.47,102.25,102.25,286.0
CLUSD,2026-05-17 19:00:00,102.26,102.48,102.25,102.43,344.0
CLUSD,2026-05-17 19:15:00,102.42,102.67,102.41,102.64,458.0
CLUSD,2026-05-17 19:30:00,102.65,102.7,102.52,102.62,388.0
CLUSD,2026-05-17 19:45:00,102.61,102.64,102.35,102.48,472.0
CLUSD,2026-05-17 20:00:00,102.45,102.45,102.0,102.26,1121.0
CLUSD,2026-05-17 20:15:00,102.24,102.4,102.17,102.32,702.0
CLUSD,2026-05-17 20:30:00,102.3,102.87,102.3,102.84,988.0
CLUSD,2026-05-17 20:45:00,102.85,103.23,102.81,102.98,1559.0
CLUSD,2026-05-17 21:00:00,102.97,103.59,102.65,103.56,2251.0
CLUSD,2026-05-17 21:15:00,103.59,104.37,103.44,104.03,3815.0
CLUSD,2026-05-17 21:30:00,103.96,104.0,103.64,103.71,1238.0
CLUSD,2026-05-17 21:45:00,103.69,103.7,103.1,103.32,1095.0
CLUSD,2026-05-17 22:00:00,103.33,103.73,103.26,103.4,970.0
CLUSD,2026-05-17 22:15:00,103.35,103.4,103.21,103.3,331.0
CLUSD,2026-05-17 22:30:00,103.34,103.41,103.14,103.26,612.0
CLUSD,2026-05-17 22:45:00,103.29,103.35,103.14,103.27,390.0
CLUSD,2026-05-17 23:00:00,103.26,103.33,103.18,103.3,251.0
CLUSD,2026-05-17 23:15:00,103.29,103.31,103.08,103.22,352.0
CLUSD,2026-05-17 23:30:00,103.21,103.4,103.11,103.16,335.0
CLUSD,2026-05-17 23:45:00,103.16,103.31,103.15,103.17,280.0
CLUSD,2026-05-18 00:00:00,103.19,103.21,103.04,103.15,364.0
CLUSD,2026-05-18 00:15:00,103.16,103.34,103.1,103.32,446.0
CLUSD,2026-05-18 00:30:00,103.32,103.33,103.02,103.04,392.0
CLUSD,2026-05-18 00:45:00,103.03,103.28,103.0,103.17,344.0
CLUSD,2026-05-18 01:00:00,103.15,103.18,102.87,103.12,498.0
CLUSD,2026-05-18 01:15:00,103.1,103.31,103.05,103.17,371.0
CLUSD,2026-05-18 01:30:00,103.12,103.25,102.7,102.79,692.0
CLUSD,2026-05-18 01:45:00,102.85,102.89,102.56,102.88,518.0
CLUSD,2026-05-18 02:00:00,102.88,103.14,102.81,103.05,842.0
CLUSD,2026-05-18 02:15:00,103.06,103.32,102.97,103.26,893.0
CLUSD,2026-05-18 02:30:00,103.26,103.45,103.18,103.2,915.0
CLUSD,2026-05-18 02:45:00,103.18,103.21,102.8,102.87,1079.0
CLUSD,2026-05-18 03:00:00,102.84,102.93,102.57,102.91,1260.0
CLUSD,2026-05-18 03:15:00,102.89,102.92,102.02,102.12,2388.0
CLUSD,2026-05-18 03:30:00,102.11,102.11,101.6,101.95,3424.0
CLUSD,2026-05-18 03:45:00,101.93,102.28,101.83,102.18,2548.0
CLUSD,2026-05-18 04:00:00,102.18,102.19,101.63,102.16,1975.0
CLUSD,2026-05-18 04:15:00,102.15,102.43,101.96,102.11,2058.0
CLUSD,2026-05-18 04:30:00,102.11,102.17,101.76,102.0,1556.0
CLUSD,2026-05-18 04:45:00,101.99,101.99,101.71,101.81,1163.0
CLUSD,2026-05-18 05:00:00,101.8,102.19,101.7,102.08,1073.0
CLUSD,2026-05-18 05:15:00,102.08,102.56,102.04,102.22,1523.0
CLUSD,2026-05-18 05:30:00,102.22,102.23,101.86,102.08,1500.0
CLUSD,2026-05-18 05:45:00,102.07,102.31,101.98,102.21,1214.0
CLUSD,2026-05-18 06:00:00,102.2,102.4,102.1,102.27,1071.0
CLUSD,2026-05-18 06:15:00,102.28,102.33,102.12,102.12,631.0
CLUSD,2026-05-18 06:30:00,102.12,102.52,102.06,102.25,890.0
CLUSD,2026-05-18 06:45:00,102.24,102.51,102.15,102.43,946.0
CLUSD,2026-05-18 07:00:00,102.46,103.26,102.32,102.58,6184.0
CLUSD,2026-05-18 07:15:00,102.59,102.64,102.26,102.39,1479.0
CLUSD,2026-05-18 07:30:00,102.4,102.46,100.16,100.39,10446.0
CLUSD,2026-05-18 07:45:00,100.37,101.1,100.34,100.89,4874.0
CLUSD,2026-05-18 08:00:00,100.91,101.38,100.75,101.33,3759.0
CLUSD,2026-05-18 08:15:00,101.32,101.61,101.03,101.12,3950.0
CLUSD,2026-05-18 08:30:00,101.09,101.1,99.24,99.25,10593.0
CLUSD,2026-05-18 08:45:00,99.23,99.5,98.6,99.04,11085.0
CLUSD,2026-05-18 09:00:00,99.07,100.0,98.95,99.57,9942.0
CLUSD,2026-05-18 09:15:00,99.55,99.79,99.41,99.61,4374.0
CLUSD,2026-05-18 09:30:00,99.63,100.24,99.5,100.04,10420.0
CLUSD,2026-05-18 09:45:00,100.02,100.07,99.04,99.59,7791.0
CLUSD,2026-05-18 10:00:00,99.58,101.07,99.55,100.76,10411.0
CLUSD,2026-05-18 10:15:00,100.77,101.41,100.5,101.37,7020.0
CLUSD,2026-05-18 10:30:00,101.36,102.21,101.25,102.06,7991.0
CLUSD,2026-05-18 10:45:00,102.07,102.37,101.93,102.22,5533.0
CLUSD,2026-05-18 11:00:00,102.21,103.06,102.03,102.68,10710.0
CLUSD,2026-05-18 11:15:00,102.68,103.02,102.6,102.99,7440.0
CLUSD,2026-05-18 11:30:00,102.98,103.13,102.6,102.92,6777.0
CLUSD,2026-05-18 11:45:00,102.92,102.93,102.68,102.85,4777.0
CLUSD,2026-05-18 12:00:00,102.84,103.14,102.79,102.96,4481.0
CLUSD,2026-05-18 12:15:00,102.97,103.64,102.72,103.33,7543.0
CLUSD,2026-05-18 12:30:00,103.34,103.47,102.89,103.11,5167.0
CLUSD,2026-05-18 12:45:00,103.11,103.18,102.71,102.91,5339.0
CLUSD,2026-05-18 13:00:00,102.91,103.06,102.24,102.52,5847.0
CLUSD,2026-05-18 13:15:00,102.51,102.66,102.19,102.61,3143.0
CLUSD,2026-05-18 13:30:00,102.59,103.07,102.58,102.97,4818.0
CLUSD,2026-05-18 13:45:00,102.98,103.12,102.86,103.03,4005.0
CLUSD,2026-05-18 14:00:00,103.02,103.71,103.01,103.7,7837.0
CLUSD,2026-05-18 14:15:00,103.68,105.21,103.67,104.42,19956.0
CLUSD,2026-05-18 14:30:00,104.42,104.55,104.16,104.2,4929.0
CLUSD,2026-05-18 14:45:00,104.2,104.7,104.16,104.65,3555.0
CLUSD,2026-05-18 15:00:00,104.66,104.8,101.92,102.52,12904.0
CLUSD,2026-05-18 15:15:00,102.5,102.87,101.97,102.39,3621.0
CLUSD,2026-05-18 15:30:00,102.41,102.45,101.56,101.8,2652.0
CLUSD,2026-05-18 15:45:00,101.82,102.03,101.41,101.96,2741.0
CLUSD,2026-05-18 16:00:00,101.96,102.06,101.37,101.39,2636.0
CLUSD,2026-05-18 16:15:00,101.43,101.74,101.1,101.7,1671.0
CLUSD,2026-05-18 16:30:00,101.72,102.02,101.68,101.91,966.0
CLUSD,2026-05-18 16:45:00,101.92,102.6,101.87,102.49,2750.0
CLUSD,2026-05-18 17:00:00,102.49,102.49,102.49,102.49,2.0
CLUSD,2026-05-18 18:00:00,102.58,102.74,102.12,102.46,744.0
CLUSD,2026-05-18 18:15:00,102.44,102.68,102.3,102.4,394.0
CLUSD,2026-05-18 18:30:00,102.38,102.51,102.33,102.45,1042.0
CLUSD,2026-05-18 18:45:00,102.44,102.55,102.41,102.45,218.0
CLUSD,2026-05-18 19:00:00,102.45,102.52,102.45,102.45,131.0
CLUSD,2026-05-18 19:15:00,102.45,102.48,102.32,102.44,154.0
CLUSD,2026-05-18 19:30:00,102.43,102.48,102.36,102.36,86.0
CLUSD,2026-05-18 19:45:00,102.39,102.52,102.26,102.3,206.0
CLUSD,2026-05-18 20:00:00,102.3,102.75,102.22,102.47,726.0
CLUSD,2026-05-18 20:15:00,102.47,102.7,102.43,102.54,363.0
CLUSD,2026-05-18 20:30:00,102.54,102.55,102.34,102.36,435.0
CLUSD,2026-05-18 20:45:00,102.36,102.56,102.24,102.51,692.0
CLUSD,2026-05-18 21:00:00,102.47,102.93,102.46,102.91,1085.0
CLUSD,2026-05-18 21:15:00,102.9,103.0,102.72,102.78,635.0
CLUSD,2026-05-18 21:30:00,102.77,102.8,102.24,102.4,1006.0
CLUSD,2026-05-18 21:45:00,102.4,102.67,102.37,102.53,494.0
CLUSD,2026-05-18 22:00:00,102.5,102.69,102.42,102.58,301.0
CLUSD,2026-05-18 22:15:00,102.58,102.82,102.51,102.59,423.0
CLUSD,2026-05-18 22:30:00,102.63,103.1,102.59,102.86,391.0
CLUSD,2026-05-18 22:45:00,102.87,102.94,102.8,102.91,267.0
CLUSD,2026-05-18 23:00:00,102.93,103.13,102.9,102.94,365.0
CLUSD,2026-05-18 23:15:00,102.92,102.93,102.79,102.81,188.0
CLUSD,2026-05-18 23:30:00,102.81,102.81,102.67,102.73,302.0
CLUSD,2026-05-18 23:45:00,102.75,102.91,102.74,102.83,225.0
CLUSD,2026-05-19 00:00:00,102.84,102.91,102.64,102.75,210.0
CLUSD,2026-05-19 00:15:00,102.74,102.82,102.7,102.73,130.0
CLUSD,2026-05-19 00:30:00,102.73,102.92,102.69,102.84,224.0
CLUSD,2026-05-19 00:45:00,102.85,102.91,102.59,102.65,150.0
CLUSD,2026-05-19 01:00:00,102.64,102.73,102.58,102.64,263.0
CLUSD,2026-05-19 01:15:00,102.63,103.38,102.63,103.01,942.0
CLUSD,2026-05-19 01:30:00,103.05,103.45,103.04,103.29,497.0
CLUSD,2026-05-19 01:45:00,103.28,103.32,103.09,103.16,309.0
CLUSD,2026-05-19 02:00:00,103.16,103.7,102.74,102.91,3203.0
CLUSD,2026-05-19 02:15:00,102.9,103.52,102.87,103.43,1217.0
CLUSD,2026-05-19 02:30:00,103.45,103.64,103.36,103.52,1655.0
CLUSD,2026-05-19 02:45:00,103.52,103.85,103.5,103.72,1110.0
CLUSD,2026-05-19 03:00:00,103.71,104.0,103.49,103.53,1735.0
CLUSD,2026-05-19 03:15:00,103.56,103.7,103.49,103.55,839.0
CLUSD,2026-05-19 03:30:00,103.54,103.77,103.48,103.55,817.0
CLUSD,2026-05-19 03:45:00,103.55,103.58,103.02,103.15,1675.0
CLUSD,2026-05-19 04:00:00,103.17,103.86,103.03,103.69,1632.0
CLUSD,2026-05-19 04:15:00,103.7,103.7,103.32,103.44,1385.0
CLUSD,2026-05-19 04:30:00,103.46,103.52,103.12,103.23,1336.0
CLUSD,2026-05-19 04:45:00,103.23,103.26,103.03,103.24,734.0
CLUSD,2026-05-19 05:00:00,103.25,103.41,103.16,103.34,682.0
CLUSD,2026-05-19 05:15:00,103.35,103.58,103.08,103.34,927.0
CLUSD,2026-05-19 05:30:00,103.33,103.43,103.22,103.26,473.0
CLUSD,2026-05-19 05:45:00,103.27,103.35,102.56,102.79,2094.0
CLUSD,2026-05-19 06:00:00,102.79,103.05,102.73,103.05,675.0
CLUSD,2026-05-19 06:15:00,103.03,103.23,103.0,103.05,766.0
CLUSD,2026-05-19 06:30:00,103.01,103.96,102.97,103.78,3378.0
CLUSD,2026-05-19 06:45:00,103.76,104.18,103.28,103.42,4087.0
CLUSD,2026-05-19 07:00:00,103.45,104.04,103.41,104.0,1784.0
CLUSD,2026-05-19 07:15:00,103.99,104.1,103.67,103.84,1431.0
CLUSD,2026-05-19 07:30:00,103.86,103.94,103.69,103.76,598.0
CLUSD,2026-05-19 07:45:00,103.77,104.0,103.71,103.97,956.0
CLUSD,2026-05-19 08:00:00,103.98,104.01,103.56,103.58,1847.0
CLUSD,2026-05-19 08:15:00,103.59,103.77,103.28,103.48,1884.0
CLUSD,2026-05-19 08:30:00,103.48,103.54,103.23,103.34,1651.0
CLUSD,2026-05-19 08:45:00,103.36,103.62,103.31,103.51,1744.0
CLUSD,2026-05-19 09:00:00,103.5,103.65,103.14,103.52,4145.0
CLUSD,2026-05-19 09:15:00,103.51,104.64,103.48,104.42,5644.0
CLUSD,2026-05-19 09:30:00,104.42,104.71,103.95,104.11,7482.0
CLUSD,2026-05-19 09:45:00,104.09,104.22,103.2,103.46,8672.0
CLUSD,2026-05-19 10:00:00,103.48,103.75,102.61,103.7,9884.0
CLUSD,2026-05-19 10:15:00,103.71,103.79,103.06,103.14,3443.0
CLUSD,2026-05-19 10:30:00,103.14,103.5,102.81,103.29,5783.0
CLUSD,2026-05-19 10:45:00,103.3,103.75,103.2,103.49,4350.0
CLUSD,2026-05-19 11:00:00,103.48,103.5,102.96,103.44,4681.0
CLUSD,2026-05-19 11:15:00,103.45,103.71,103.08,103.49,4875.0
CLUSD,2026-05-19 11:30:00,103.5,103.63,103.21,103.55,2827.0
CLUSD,2026-05-19 11:45:00,103.57,103.91,103.56,103.83,4819.0
CLUSD,2026-05-19 12:00:00,103.82,104.05,103.76,103.97,3138.0
CLUSD,2026-05-19 12:15:00,103.96,104.03,103.66,103.82,2183.0
CLUSD,2026-05-19 12:30:00,103.83,104.15,103.65,103.96,3755.0
CLUSD,2026-05-19 12:45:00,103.96,103.97,103.51,103.71,3727.0
CLUSD,2026-05-19 13:00:00,103.71,104.09,103.68,103.93,2735.0
CLUSD,2026-05-19 13:15:00,103.92,104.06,103.84,103.91,1809.0
CLUSD,2026-05-19 13:30:00,103.91,103.91,103.27,103.47,4759.0
CLUSD,2026-05-19 13:45:00,103.46,103.84,103.41,103.44,5273.0
CLUSD,2026-05-19 14:00:00,103.43,103.51,103.09,103.17,5580.0
CLUSD,2026-05-19 14:15:00,103.17,104.46,103.14,104.41,15602.0
CLUSD,2026-05-19 14:30:00,104.4,104.66,104.22,104.43,4489.0
CLUSD,2026-05-19 14:45:00,104.44,104.86,104.41,104.65,2712.0
CLUSD,2026-05-19 15:00:00,104.66,104.66,104.16,104.2,1775.0
CLUSD,2026-05-19 15:15:00,104.21,104.58,104.12,104.44,1330.0
CLUSD,2026-05-19 15:30:00,104.45,104.5,104.34,104.42,563.0
CLUSD,2026-05-19 15:45:00,104.43,104.49,104.21,104.48,952.0
CLUSD,2026-05-19 16:00:00,104.49,104.59,104.39,104.44,485.0
CLUSD,2026-05-19 16:15:00,104.44,104.45,104.16,104.22,769.0
CLUSD,2026-05-19 16:30:00,104.21,104.23,103.95,104.05,1053.0
CLUSD,2026-05-19 16:45:00,104.06,104.18,103.98,104.03,694.0
CLUSD,2026-05-19 17:00:00,104.15,104.15,104.15,104.15,0.0
CLUSD,2026-05-19 18:00:00,104.12,104.36,104.03,104.31,393.0
CLUSD,2026-05-19 18:15:00,104.34,104.34,104.18,104.23,192.0
CLUSD,2026-05-19 18:30:00,104.23,104.25,104.1,104.17,191.0
CLUSD,2026-05-19 18:45:00,104.16,104.23,104.16,104.21,68.0
CLUSD,2026-05-19 19:00:00,104.21,104.29,104.14,104.15,148.0
CLUSD,2026-05-19 19:15:00,104.17,104.25,104.02,104.05,210.0
CLUSD,2026-05-19 19:30:00,104.07,104.09,103.76,103.86,605.0
CLUSD,2026-05-19 19:45:00,103.88,104.01,103.8,103.92,194.0
CLUSD,2026-05-19 20:00:00,103.92,104.02,103.77,103.83,555.0
CLUSD,2026-05-19 20:15:00,103.83,104.0,103.71,103.82,459.0
CLUSD,2026-05-19 20:30:00,103.8,103.89,103.71,103.79,253.0
CLUSD,2026-05-19 20:45:00,103.81,103.91,103.79,103.87,320.0
CLUSD,2026-05-19 21:00:00,103.85,104.45,103.85,104.22,1036.0
CLUSD,2026-05-19 21:15:00,104.24,104.25,103.93,104.15,452.0
CLUSD,2026-05-19 21:30:00,104.14,104.38,104.08,104.1,525.0
CLUSD,2026-05-19 21:45:00,104.08,104.1,103.12,103.61,2487.0
CLUSD,2026-05-19 22:00:00,103.58,103.74,103.41,103.63,530.0
CLUSD,2026-05-19 22:15:00,103.6,103.95,103.6,103.91,461.0
CLUSD,2026-05-19 22:30:00,103.92,104.45,103.89,104.15,1362.0
CLUSD,2026-05-19 22:45:00,104.13,104.23,104.07,104.2,332.0
CLUSD,2026-05-19 23:00:00,104.2,104.33,104.17,104.3,302.0
CLUSD,2026-05-19 23:15:00,104.27,104.33,104.01,104.04,505.0
CLUSD,2026-05-19 23:30:00,104.05,104.08,103.72,103.82,488.0
CLUSD,2026-05-19 23:45:00,103.81,103.91,103.57,103.68,565.0
CLUSD,2026-05-20 00:00:00,103.68,103.68,103.32,103.49,704.0
CLUSD,2026-05-20 00:15:00,103.5,103.62,103.49,103.53,189.0
CLUSD,2026-05-20 00:30:00,103.53,103.8,103.51,103.76,311.0
CLUSD,2026-05-20 00:45:00,103.74,103.97,103.7,103.9,209.0
CLUSD,2026-05-20 01:00:00,103.88,103.88,103.57,103.71,208.0
CLUSD,2026-05-20 01:15:00,103.72,103.85,103.66,103.77,240.0
CLUSD,2026-05-20 01:30:00,103.76,103.85,103.59,103.73,387.0
CLUSD,2026-05-20 01:45:00,103.75,103.94,103.75,103.84,400.0
CLUSD,2026-05-20 02:00:00,103.86,104.01,103.63,103.86,581.0
CLUSD,2026-05-20 02:15:00,103.85,103.86,102.92,103.04,2076.0
CLUSD,2026-05-20 02:30:00,103.03,103.35,102.87,103.09,1379.0
CLUSD,2026-05-20 02:45:00,103.05,103.09,102.65,102.79,1285.0
CLUSD,2026-05-20 03:00:00,102.75,103.17,102.68,103.07,1261.0
CLUSD,2026-05-20 03:15:00,103.07,103.15,102.5,102.67,1133.0
CLUSD,2026-05-20 03:30:00,102.7,103.17,102.68,102.97,1313.0
CLUSD,2026-05-20 03:45:00,102.99,103.15,102.93,103.04,750.0
CLUSD,2026-05-20 04:00:00,103.05,103.08,102.51,102.95,1328.0
CLUSD,2026-05-20 04:15:00,102.98,103.12,102.77,102.77,1419.0
CLUSD,2026-05-20 04:30:00,102.76,102.85,102.2,102.35,2586.0
CLUSD,2026-05-20 04:45:00,102.36,102.38,101.82,102.06,3451.0
CLUSD,2026-05-20 05:00:00,102.09,102.56,101.64,102.52,2276.0
CLUSD,2026-05-20 05:15:00,102.52,102.67,102.33,102.5,1006.0
CLUSD,2026-05-20 05:30:00,102.48,102.61,102.28,102.57,1257.0
CLUSD,2026-05-20 05:45:00,102.57,102.72,102.3,102.35,1220.0
CLUSD,2026-05-20 06:00:00,102.34,102.51,102.14,102.17,1087.0
CLUSD,2026-05-20 06:15:00,102.18,102.34,102.09,102.16,1407.0
CLUSD,2026-05-20 06:30:00,102.15,102.16,100.98,101.26,5595.0
CLUSD,2026-05-20 06:45:00,101.23,101.56,100.87,101.48,2911.0
CLUSD,2026-05-20 07:00:00,101.48,102.01,101.42,101.96,1569.0
CLUSD,2026-05-20 07:15:00,101.96,102.28,101.83,102.08,2388.0
CLUSD,2026-05-20 07:30:00,102.06,102.51,102.04,102.37,2330.0
CLUSD,2026-05-20 07:45:00,102.38,102.77,102.24,102.52,3683.0
CLUSD,2026-05-20 08:00:00,102.53,102.65,101.9,101.91,2890.0
CLUSD,2026-05-20 08:15:00,101.9,101.9,101.21,101.27,5149.0
CLUSD,2026-05-20 08:30:00,101.28,101.43,100.75,101.28,5208.0
CLUSD,2026-05-20 08:45:00,101.29,101.8,101.24,101.66,3927.0
CLUSD,2026-05-20 09:00:00,101.68,102.0,101.33,101.33,7566.0
CLUSD,2026-05-20 09:15:00,101.35,102.11,101.29,102.04,5054.0
CLUSD,2026-05-20 09:30:00,102.05,102.17,101.85,101.96,4734.0
CLUSD,2026-05-20 09:45:00,101.97,102.33,101.64,102.27,5744.0
CLUSD,2026-05-20 10:00:00,102.26,102.8,101.45,101.73,5028.0
CLUSD,2026-05-20 10:15:00,101.74,101.8,99.45,100.39,9875.0
CLUSD,2026-05-20 10:30:00,100.42,101.0,99.45,100.45,11933.0
CLUSD,2026-05-20 10:45:00,100.46,100.99,100.22,100.49,5522.0
CLUSD,2026-05-20 11:00:00,100.5,100.67,100.0,100.58,5844.0
CLUSD,2026-05-20 11:15:00,100.57,100.57,97.0,99.72,9725.0
CLUSD,2026-05-20 11:30:00,99.7,99.78,98.81,99.04,7351.0
CLUSD,2026-05-20 11:45:00,99.04,99.7,98.72,99.26,6585.0
CLUSD,2026-05-20 12:00:00,99.23,99.3,98.35,98.54,4490.0
CLUSD,2026-05-20 12:15:00,98.55,99.64,98.55,99.42,5537.0
CLUSD,2026-05-20 12:30:00,99.42,99.51,97.94,98.05,6731.0
CLUSD,2026-05-20 12:45:00,98.03,98.18,97.6,97.89,8166.0
CLUSD,2026-05-20 13:00:00,97.84,98.08,97.01,97.46,7621.0
CLUSD,2026-05-20 13:15:00,97.5,97.8,96.94,97.46,8313.0
CLUSD,2026-05-20 13:30:00,97.45,97.8,97.12,97.73,6573.0
CLUSD,2026-05-20 13:45:00,97.72,98.35,97.52,98.32,6414.0
CLUSD,2026-05-20 14:00:00,98.3,98.5,97.95,98.4,6564.0
CLUSD,2026-05-20 14:15:00,98.4,98.71,98.06,98.19,7498.0
CLUSD,2026-05-20 14:30:00,98.18,98.28,97.76,98.26,4523.0
CLUSD,2026-05-20 14:45:00,98.27,98.28,97.88,97.95,2331.0
CLUSD,2026-05-20 15:00:00,97.94,98.12,97.77,98.07,1820.0
CLUSD,2026-05-20 15:15:00,98.08,98.28,98.06,98.23,1176.0
CLUSD,2026-05-20 15:30:00,98.22,98.39,97.82,98.17,2674.0
CLUSD,2026-05-20 15:45:00,98.18,98.58,98.18,98.53,1730.0
CLUSD,2026-05-20 16:00:00,98.52,98.58,98.33,98.45,1303.0
CLUSD,2026-05-20 16:15:00,98.45,98.58,98.34,98.44,554.0
CLUSD,2026-05-20 16:30:00,98.44,98.69,98.34,98.66,920.0
CLUSD,2026-05-20 16:45:00,98.67,99.11,98.66,99.08,1485.0
CLUSD,2026-05-20 17:00:00,98.26,98.26,98.26,98.26,0.0
CLUSD,2026-05-20 18:00:00,98.95,99.07,98.75,98.85,518.0
CLUSD,2026-05-20 18:15:00,98.87,99.2,98.82,99.2,507.0
CLUSD,2026-05-20 18:30:00,99.2,99.22,98.89,98.98,429.0
CLUSD,2026-05-20 18:45:00,98.99,99.06,98.87,98.99,148.0
CLUSD,2026-05-20 19:00:00,98.96,99.14,98.95,99.11,284.0
CLUSD,2026-05-20 19:15:00,99.11,99.14,99.06,99.11,171.0
CLUSD,2026-05-20 19:30:00,99.11,99.21,98.96,98.97,287.0
CLUSD,2026-05-20 19:45:00,98.97,98.99,98.75,98.88,338.0
CLUSD,2026-05-20 20:00:00,98.87,99.28,98.79,99.13,1069.0
CLUSD,2026-05-20 20:15:00,99.14,100.11,99.12,99.55,2195.0
CLUSD,2026-05-20 20:30:00,99.52,99.62,99.13,99.35,508.0
CLUSD,2026-05-20 20:45:00,99.34,99.37,99.07,99.12,463.0
CLUSD,2026-05-20 21:00:00,99.12,99.16,98.64,98.68,1632.0
CLUSD,2026-05-20 21:15:00,98.69,98.88,98.6,98.79,1069.0
CLUSD,2026-05-20 21:30:00,98.81,98.9,98.7,98.72,617.0
CLUSD,2026-05-20 21:45:00,98.73,98.85,98.5,98.6,645.0
CLUSD,2026-05-20 22:00:00,98.59,98.79,98.52,98.77,379.0
CLUSD,2026-05-20 22:15:00,98.76,98.87,98.62,98.68,228.0
CLUSD,2026-05-20 22:30:00,98.67,98.87,98.65,98.83,311.0
CLUSD,2026-05-20 22:45:00,98.85,99.25,98.85,99.15,655.0
CLUSD,2026-05-20 23:00:00,99.16,99.19,99.03,99.12,297.0
CLUSD,2026-05-20 23:15:00,99.14,99.27,99.03,99.05,299.0
CLUSD,2026-05-20 23:30:00,99.07,99.14,98.94,98.95,217.0
CLUSD,2026-05-20 23:45:00,98.98,99.19,98.98,99.12,171.0
CLUSD,2026-05-21 00:00:00,99.1,99.27,99.06,99.18,177.0
CLUSD,2026-05-21 00:15:00,99.18,99.26,99.14,99.24,107.0
CLUSD,2026-05-21 00:30:00,99.26,99.29,98.99,99.02,234.0
CLUSD,2026-05-21 00:45:00,99.01,99.18,98.79,98.84,300.0
CLUSD,2026-05-21 01:00:00,98.84,98.98,98.82,98.95,254.0
CLUSD,2026-05-21 01:15:00,98.94,99.24,98.86,99.21,283.0
CLUSD,2026-05-21 01:30:00,99.24,99.4,99.12,99.35,640.0
CLUSD,2026-05-21 01:45:00,99.34,100.06,99.26,99.42,1408.0
CLUSD,2026-05-21 02:00:00,99.45,99.48,99.0,99.44,1016.0
CLUSD,2026-05-21 02:15:00,99.42,99.82,98.8,99.29,2790.0
CLUSD,2026-05-21 02:30:00,99.28,99.68,99.24,99.66,656.0
CLUSD,2026-05-21 02:45:00,99.66,99.85,99.51,99.55,763.0
CLUSD,2026-05-21 03:00:00,99.58,99.93,99.54,99.78,678.0
CLUSD,2026-05-21 03:15:00,99.76,99.88,99.62,99.64,592.0
CLUSD,2026-05-21 03:30:00,99.63,99.66,99.28,99.41,784.0
CLUSD,2026-05-21 03:45:00,99.43,99.47,99.24,99.28,858.0
CLUSD,2026-05-21 04:00:00,99.28,99.33,98.04,98.27,2596.0
CLUSD,2026-05-21 04:15:00,98.26,99.19,98.1,98.73,2438.0
CLUSD,2026-05-21 04:30:00,98.72,99.55,98.72,99.4,1774.0
CLUSD,2026-05-21 04:45:00,99.39,99.58,98.32,98.47,2238.0
CLUSD,2026-05-21 05:00:00,98.5,98.5,97.76,98.16,2250.0
CLUSD,2026-05-21 05:15:00,98.18,98.38,97.58,97.65,1456.0
CLUSD,2026-05-21 05:30:00,97.61,97.82,97.25,97.82,2066.0
CLUSD,2026-05-21 05:45:00,97.81,97.89,97.55,97.59,1884.0
CLUSD,2026-05-21 06:00:00,97.6,97.77,97.48,97.59,952.0
CLUSD,2026-05-21 06:15:00,97.58,99.8,97.57,99.63,1299.0
CLUSD,2026-05-21 06:30:00,99.6,101.0,99.59,100.66,9740.0
CLUSD,2026-05-21 06:45:00,100.67,101.34,100.56,101.06,5811.0
CLUSD,2026-05-21 07:00:00,101.08,101.08,100.52,100.67,3959.0
CLUSD,2026-05-21 07:15:00,100.69,100.84,100.15,100.38,3274.0
CLUSD,2026-05-21 07:30:00,100.4,100.65,100.33,100.62,2432.0
CLUSD,2026-05-21 07:45:00,100.6,100.71,100.38,100.59,1933.0
CLUSD,2026-05-21 08:00:00,100.57,100.88,100.48,100.87,1884.0
CLUSD,2026-05-21 08:15:00,100.87,101.2,100.76,101.18,3801.0
CLUSD,2026-05-21 08:30:00,101.18,101.29,100.44,100.75,6468.0
CLUSD,2026-05-21 08:45:00,100.73,101.21,100.58,101.09,3661.0
CLUSD,2026-05-21 09:00:00,101.09,101.99,100.74,101.8,7588.0
CLUSD,2026-05-21 09:15:00,101.81,102.19,101.69,101.93,5869.0
CLUSD,2026-05-21 09:30:00,101.93,102.66,101.85,102.25,8308.0
CLUSD,2026-05-21 09:45:00,102.27,102.32,100.29,100.53,8331.0
CLUSD,2026-05-21 10:00:00,100.53,101.34,100.27,101.24,7869.0
CLUSD,2026-05-21 10:15:00,101.21,101.56,100.43,100.59,7478.0
CLUSD,2026-05-21 10:30:00,100.6,101.2,100.37,101.08,4580.0
CLUSD,2026-05-21 10:45:00,101.08,101.45,100.95,101.35,5041.0
CLUSD,2026-05-21 11:00:00,101.36,102.14,101.17,101.43,7983.0
CLUSD,2026-05-21 11:15:00,101.43,102.0,101.31,101.77,4589.0
CLUSD,2026-05-21 11:30:00,101.78,101.8,101.33,101.39,3824.0
CLUSD,2026-05-21 11:45:00,101.39,101.4,100.72,100.73,4560.0
CLUSD,2026-05-21 12:00:00,100.72,100.72,99.79,100.32,9555.0
CLUSD,2026-05-21 12:15:00,100.31,100.78,100.25,100.42,3746.0
CLUSD,2026-05-21 12:30:00,100.41,100.52,100.17,100.2,1948.0
CLUSD,2026-05-21 12:45:00,100.19,100.43,100.0,100.01,2825.0
CLUSD,2026-05-21 13:00:00,100.0,100.43,98.84,99.24,3213.0
CLUSD,2026-05-21 13:15:00,99.25,99.31,97.59,98.48,10290.0
CLUSD,2026-05-21 13:30:00,98.49,98.88,97.16,97.29,6830.0
CLUSD,2026-05-21 13:45:00,97.28,97.46,95.76,96.33,10023.0
CLUSD,2026-05-21 14:00:00,96.34,97.26,96.0,96.76,14074.0
CLUSD,2026-05-21 14:15:00,96.74,97.05,96.21,96.28,10246.0
CLUSD,2026-05-21 14:30:00,96.28,96.78,96.19,96.52,6929.0
CLUSD,2026-05-21 14:45:00,96.51,98.3,96.43,98.01,8770.0
CLUSD,2026-05-21 15:00:00,98.01,98.09,97.37,97.43,5890.0
CLUSD,2026-05-21 15:15:00,97.44,97.61,97.18,97.44,3482.0
CLUSD,2026-05-21 15:30:00,97.46,97.57,97.06,97.5,2822.0
CLUSD,2026-05-21 15:45:00,97.51,98.21,97.11,97.32,5708.0
CLUSD,2026-05-21 16:00:00,97.35,97.66,97.21,97.57,1624.0
CLUSD,2026-05-21 16:15:00,97.56,97.89,97.53,97.86,935.0
CLUSD,2026-05-21 16:30:00,97.86,98.13,97.82,98.07,840.0
CLUSD,2026-05-21 16:45:00,98.06,98.18,97.96,98.0,740.0
CLUSD,2026-05-21 17:00:00,96.35,96.35,96.35,96.35,14.0
CLUSD,2026-05-21 18:00:00,98.0,98.0,97.29,97.58,654.0
CLUSD,2026-05-21 18:15:00,97.56,97.79,97.48,97.53,317.0
CLUSD,2026-05-21 18:30:00,97.53,97.86,97.53,97.79,487.0
CLUSD,2026-05-21 18:45:00,97.79,97.82,97.66,97.73,371.0
CLUSD,2026-05-21 19:00:00,97.73,97.9,97.72,97.75,217.0
CLUSD,2026-05-21 19:15:00,97.78,97.91,97.6,97.62,517.0
CLUSD,2026-05-21 19:30:00,97.61,97.7,97.51,97.66,277.0
CLUSD,2026-05-21 19:45:00,97.66,97.78,97.64,97.74,220.0
CLUSD,2026-05-21 20:00:00,97.74,97.98,97.63,97.73,1068.0
CLUSD,2026-05-21 20:15:00,97.7,98.15,97.6,98.07,713.0
CLUSD,2026-05-21 20:30:00,98.08,98.14,98.03,98.08,262.0
CLUSD,2026-05-21 20:45:00,98.05,98.08,97.74,97.93,648.0
CLUSD,2026-05-21 21:00:00,97.92,98.24,97.78,98.2,919.0
CLUSD,2026-05-21 21:15:00,98.2,98.35,98.03,98.09,660.0
CLUSD,2026-05-21 21:30:00,98.08,98.14,97.85,97.88,544.0
CLUSD,2026-05-21 21:45:00,97.87,97.93,97.62,97.69,621.0
CLUSD,2026-05-21 22:00:00,97.66,97.92,97.66,97.88,518.0
CLUSD,2026-05-21 22:15:00,97.89,97.97,97.68,97.81,347.0
CLUSD,2026-05-21 22:30:00,97.82,97.82,97.42,97.5,530.0
CLUSD,2026-05-21 22:45:00,97.49,97.56,97.33,97.47,461.0
CLUSD,2026-05-21 23:00:00,97.44,97.46,97.24,97.37,476.0
CLUSD,2026-05-21 23:15:00,97.37,97.57,97.35,97.55,555.0
CLUSD,2026-05-21 23:30:00,97.53,97.54,97.42,97.48,193.0
CLUSD,2026-05-21 23:45:00,97.47,97.53,97.43,97.46,161.0
CLUSD,2026-05-22 00:00:00,97.48,97.48,97.18,97.22,679.0
CLUSD,2026-05-22 00:15:00,97.2,97.28,96.92,97.25,778.0
CLUSD,2026-05-22 00:30:00,97.27,97.33,97.21,97.28,276.0
CLUSD,2026-05-22 00:45:00,97.31,97.43,97.21,97.35,238.0
CLUSD,2026-05-22 01:00:00,97.34,97.73,97.34,97.71,571.0
CLUSD,2026-05-22 01:15:00,97.71,97.75,97.62,97.7,322.0
CLUSD,2026-05-22 01:30:00,97.68,97.9,97.66,97.78,305.0
CLUSD,2026-05-22 01:45:00,97.76,98.55,97.72,98.38,1095.0
CLUSD,2026-05-22 02:00:00,98.38,98.73,98.18,98.22,1209.0
CLUSD,2026-05-22 02:15:00,98.23,98.28,97.97,97.99,716.0
CLUSD,2026-05-22 02:30:00,97.98,98.11,97.92,98.05,508.0
CLUSD,2026-05-22 02:45:00,98.05,98.35,97.95,98.0,1432.0
CLUSD,2026-05-22 03:00:00,97.98,98.53,97.95,98.52,1688.0
CLUSD,2026-05-22 03:15:00,98.51,98.56,97.99,98.16,1956.0
CLUSD,2026-05-22 03:30:00,98.17,98.87,98.17,98.63,2169.0
CLUSD,2026-05-22 03:45:00,98.62,98.93,98.43,98.46,1767.0
CLUSD,2026-05-22 04:00:00,98.46,98.69,98.26,98.56,1705.0
CLUSD,2026-05-22 04:15:00,98.54,98.74,98.09,98.38,3203.0
CLUSD,2026-05-22 04:30:00,98.39,99.43,98.33,98.88,4604.0
CLUSD,2026-05-22 04:45:00,98.86,98.87,98.27,98.7,1859.0
CLUSD,2026-05-22 05:00:00,98.72,99.07,98.72,98.99,1126.0
CLUSD,2026-05-22 05:15:00,99.0,99.07,98.78,98.8,981.0
CLUSD,2026-05-22 05:30:00,98.81,98.85,97.89,98.39,2003.0
CLUSD,2026-05-22 05:45:00,98.4,98.67,98.33,98.52,1164.0
CLUSD,2026-05-22 06:00:00,98.5,98.5,97.66,98.06,1637.0
CLUSD,2026-05-22 06:15:00,98.06,98.53,98.04,98.5,1056.0
CLUSD,2026-05-22 06:30:00,98.49,98.8,98.23,98.28,1714.0
CLUSD,2026-05-22 06:45:00,98.3,98.39,98.08,98.31,1157.0
CLUSD,2026-05-22 07:00:00,98.32,98.52,98.13,98.49,1456.0
CLUSD,2026-05-22 07:15:00,98.5,98.63,98.42,98.58,1376.0
CLUSD,2026-05-22 07:30:00,98.57,98.66,97.66,97.7,1531.0
CLUSD,2026-05-22 07:45:00,97.72,97.91,97.16,97.52,2925.0
CLUSD,2026-05-22 08:00:00,97.55,97.77,96.04,96.15,3226.0
CLUSD,2026-05-22 08:15:00,96.16,96.88,95.65,96.61,10141.0
CLUSD,2026-05-22 08:30:00,96.6,96.95,96.34,96.72,2903.0
CLUSD,2026-05-22 08:45:00,96.73,96.81,96.17,96.22,2760.0
CLUSD,2026-05-22 09:00:00,96.2,96.88,95.46,96.16,9195.0
CLUSD,2026-05-22 09:15:00,96.16,96.6,95.86,96.57,5129.0
CLUSD,2026-05-22 09:30:00,96.59,97.65,96.38,97.25,9652.0
CLUSD,2026-05-22 09:45:00,97.27,98.11,97.16,97.77,6420.0
CLUSD,2026-05-22 10:00:00,97.78,98.17,97.66,97.87,4537.0
CLUSD,2026-05-22 10:15:00,97.86,97.86,97.47,97.54,3601.0
CLUSD,2026-05-22 10:30:00,97.56,97.78,97.29,97.55,2788.0
CLUSD,2026-05-22 10:45:00,97.55,97.63,97.34,97.57,2575.0
CLUSD,2026-05-22 11:00:00,97.57,97.96,97.41,97.72,5115.0
CLUSD,2026-05-22 11:15:00,97.73,97.84,97.43,97.45,3600.0
CLUSD,2026-05-22 11:30:00,97.44,97.47,96.91,96.93,5188.0
CLUSD,2026-05-22 11:45:00,96.92,97.1,96.8,97.06,3167.0
CLUSD,2026-05-22 12:00:00,97.06,97.41,96.92,97.02,5454.0
CLUSD,2026-05-22 12:15:00,97.03,97.33,96.85,96.9,4349.0
CLUSD,2026-05-22 12:30:00,96.89,96.99,96.52,96.86,3719.0
CLUSD,2026-05-22 12:45:00,96.86,97.21,96.63,96.86,4389.0
CLUSD,2026-05-22 13:00:00,96.83,96.83,96.27,96.57,5071.0
CLUSD,2026-05-22 13:15:00,96.54,97.24,94.73,95.0,6955.0
CLUSD,2026-05-22 13:30:00,94.98,96.0,94.8,95.69,9126.0
CLUSD,2026-05-22 13:45:00,95.69,96.27,95.59,96.07,6860.0
CLUSD,2026-05-22 14:00:00,96.07,96.7,96.0,96.46,7978.0
CLUSD,2026-05-22 14:15:00,96.47,96.75,96.18,96.75,5825.0
CLUSD,2026-05-22 14:30:00,96.76,96.77,96.15,96.33,4331.0
CLUSD,2026-05-22 14:45:00,96.32,96.5,96.0,96.25,1790.0
CLUSD,2026-05-22 15:00:00,96.23,96.95,96.2,96.8,3539.0
CLUSD,2026-05-22 15:15:00,96.8,96.86,96.59,96.82,1055.0
CLUSD,2026-05-22 15:30:00,96.82,96.94,96.54,96.59,1446.0
CLUSD,2026-05-22 15:45:00,96.59,96.71,96.08,96.28,3264.0
CLUSD,2026-05-22 16:00:00,96.23,96.48,96.14,96.23,968.0
CLUSD,2026-05-22 16:15:00,96.23,96.29,95.97,96.18,1185.0
CLUSD,2026-05-22 16:30:00,96.18,97.27,96.07,97.15,3423.0
CLUSD,2026-05-22 16:45:00,97.17,97.18,96.7,97.0,1474.0
CLUSD,2026-05-24 18:00:00,93.88,93.9,91.36,92.0,6197.0
CLUSD,2026-05-24 18:15:00,92.0,92.14,91.85,92.11,1033.0
CLUSD,2026-05-24 18:30:00,92.11,92.21,91.58,91.61,1764.0
CLUSD,2026-05-24 18:45:00,91.61,91.62,91.25,91.54,1158.0
CLUSD,2026-05-24 19:00:00,91.52,91.69,91.3,91.64,764.0
CLUSD,2026-05-24 19:15:00,91.66,91.82,91.58,91.78,435.0
CLUSD,2026-05-24 19:30:00,91.77,91.82,91.42,91.68,461.0
CLUSD,2026-05-24 19:45:00,91.68,92.18,91.67,92.14,704.0
CLUSD,2026-05-24 20:00:00,92.12,92.29,91.95,92.17,846.0
CLUSD,2026-05-24 20:15:00,92.19,92.21,91.86,92.03,559.0
CLUSD,2026-05-24 20:30:00,92.01,92.2,91.87,92.09,536.0
CLUSD,2026-05-24 20:45:00,92.1,92.11,90.87,91.9,2036.0
CLUSD,2026-05-24 21:00:00,91.92,92.36,91.7,92.27,1905.0
CLUSD,2026-05-24 21:15:00,92.27,92.36,92.1,92.3,920.0
CLUSD,2026-05-24 21:30:00,92.26,92.52,92.23,92.46,722.0
CLUSD,2026-05-24 21:45:00,92.45,92.52,92.26,92.41,622.0
CLUSD,2026-05-24 22:00:00,92.42,92.55,92.11,92.12,660.0
CLUSD,2026-05-24 22:15:00,92.13,92.27,92.04,92.11,300.0
CLUSD,2026-05-24 22:30:00,92.11,92.15,91.86,91.9,633.0
CLUSD,2026-05-24 22:45:00,91.91,92.05,91.71,91.74,643.0
CLUSD,2026-05-24 23:00:00,91.72,91.78,91.21,91.38,1307.0
CLUSD,2026-05-24 23:15:00,91.39,91.41,90.68,90.81,2779.0
CLUSD,2026-05-24 23:30:00,90.81,91.02,90.32,90.95,2504.0
CLUSD,2026-05-24 23:45:00,90.96,91.21,90.84,90.94,1120.0
CLUSD,2026-05-25 00:00:00,91.01,91.29,90.95,91.25,607.0
CLUSD,2026-05-25 00:15:00,91.23,91.3,90.99,91.03,493.0
CLUSD,2026-05-25 00:30:00,91.02,91.14,91.0,91.06,327.0
CLUSD,2026-05-25 00:45:00,91.05,91.15,90.87,90.98,427.0
CLUSD,2026-05-25 01:00:00,90.97,91.05,90.62,90.77,526.0
CLUSD,2026-05-25 01:15:00,90.77,90.89,90.58,90.89,495.0
CLUSD,2026-05-25 01:30:00,90.89,91.01,90.76,90.9,544.0
CLUSD,2026-05-25 01:45:00,90.91,91.04,90.79,90.98,492.0
CLUSD,2026-05-25 02:00:00,91.0,91.29,90.87,91.24,806.0
CLUSD,2026-05-25 02:15:00,91.25,91.38,91.19,91.25,462.0
CLUSD,2026-05-25 02:30:00,91.25,91.58,91.25,91.49,789.0
CLUSD,2026-05-25 02:45:00,91.51,91.61,91.37,91.4,728.0
CLUSD,2026-05-25 03:00:00,91.4,91.91,91.25,91.91,1115.0
CLUSD,2026-05-25 03:15:00,91.9,92.7,91.82,92.4,3868.0
CLUSD,2026-05-25 03:30:00,92.4,92.56,91.62,91.93,2336.0
CLUSD,2026-05-25 03:45:00,91.93,92.07,91.59,91.76,743.0
CLUSD,2026-05-25 04:00:00,91.76,91.97,91.63,91.92,643.0
CLUSD,2026-05-25 04:15:00,91.93,92.47,91.93,92.44,1168.0
CLUSD,2026-05-25 04:30:00,92.42,92.52,91.98,92.11,1062.0
CLUSD,2026-05-25 04:45:00,92.1,92.11,91.68,91.75,835.0
CLUSD,2026-05-25 05:00:00,91.74,91.77,91.46,91.52,822.0
CLUSD,2026-05-25 05:15:00,91.56,91.85,91.51,91.82,503.0
CLUSD,2026-05-25 05:30:00,91.83,91.83,91.14,91.19,1083.0
CLUSD,2026-05-25 05:45:00,91.2,91.29,91.01,91.23,810.0
CLUSD,2026-05-25 06:00:00,91.23,91.35,91.05,91.1,787.0
CLUSD,2026-05-25 06:15:00,91.1,91.24,90.71,91.17,1244.0
CLUSD,2026-05-25 06:30:00,91.18,91.28,90.86,90.91,582.0
CLUSD,2026-05-25 06:45:00,90.89,91.03,90.79,90.91,540.0
CLUSD,2026-05-25 07:00:00,90.91,91.42,90.78,90.89,1096.0
CLUSD,2026-05-25 07:15:00,90.89,91.34,90.67,91.25,1164.0
CLUSD,2026-05-25 07:30:00,91.24,91.24,90.75,90.78,1281.0
CLUSD,2026-05-25 07:45:00,90.79,90.99,90.54,90.89,1288.0
CLUSD,2026-05-25 08:00:00,90.91,91.07,90.64,90.75,916.0
CLUSD,2026-05-25 08:15:00,90.78,91.01,90.34,90.92,1786.0
CLUSD,2026-05-25 08:30:00,90.92,91.25,90.85,91.13,671.0
CLUSD,2026-05-25 08:45:00,91.12,91.55,91.11,91.47,1976.0
CLUSD,2026-05-25 09:00:00,91.5,91.87,91.44,91.67,1489.0
CLUSD,2026-05-25 09:15:00,91.65,91.83,91.63,91.73,1057.0
CLUSD,2026-05-25 09:30:00,91.73,91.79,91.44,91.67,940.0
CLUSD,2026-05-25 09:45:00,91.67,91.88,91.31,91.39,1259.0
CLUSD,2026-05-25 10:00:00,91.39,91.51,91.22,91.49,1034.0
CLUSD,2026-05-25 10:15:00,91.49,91.5,90.89,90.99,1716.0
CLUSD,2026-05-25 10:30:00,90.98,91.41,90.96,91.3,794.0
CLUSD,2026-05-25 10:45:00,91.3,91.52,91.06,91.43,1936.0
CLUSD,2026-05-25 11:00:00,91.46,91.82,90.42,90.88,4977.0
CLUSD,2026-05-25 11:15:00,90.87,91.15,90.61,90.91,2984.0
CLUSD,2026-05-25 11:30:00,90.92,91.07,90.82,91.01,1478.0
CLUSD,2026-05-25 11:45:00,91.02,91.11,90.89,91.09,582.0
CLUSD,2026-05-25 12:00:00,91.1,91.6,91.09,91.15,1222.0
CLUSD,2026-05-25 12:15:00,91.15,91.42,91.12,91.26,614.0
CLUSD,2026-05-25 12:30:00,91.28,91.31,90.76,90.8,713.0
CLUSD,2026-05-25 12:45:00,90.81,90.82,89.75,89.85,3709.0
CLUSD,2026-05-25 13:00:00,89.86,90.07,89.41,89.99,2011.0
CLUSD,2026-05-25 13:15:00,90.01,90.03,89.63,89.85,1043.0
CLUSD,2026-05-25 13:30:00,89.92,90.26,89.87,90.14,711.0
CLUSD,2026-05-25 13:45:00,90.15,90.45,90.14,90.33,742.0
CLUSD,2026-05-25 14:00:00,90.33,90.44,90.14,90.29,411.0
CLUSD,2026-05-25 14:15:00,90.27,90.42,90.22,90.3,433.0
CLUSD,2026-05-25 14:30:00,90.32,90.32,90.3,90.3,427.0
CLUSD,2026-05-25 18:00:00,91.0,91.23,90.35,90.62,2630.0
CLUSD,2026-05-25 18:15:00,90.6,90.67,90.37,90.53,309.0
CLUSD,2026-05-25 18:30:00,90.56,90.58,90.38,90.4,331.0
CLUSD,2026-05-25 18:45:00,90.44,90.77,90.44,90.77,638.0
CLUSD,2026-05-25 19:00:00,90.75,91.03,90.6,90.83,665.0
CLUSD,2026-05-25 19:15:00,90.83,90.98,90.82,90.91,360.0
CLUSD,2026-05-25 19:30:00,90.91,91.12,90.9,91.07,421.0
CLUSD,2026-05-25 19:45:00,91.07,91.07,90.86,90.93,654.0
CLUSD,2026-05-25 20:00:00,90.94,91.6,90.9,91.34,2750.0
CLUSD,2026-05-25 20:15:00,91.35,91.48,91.17,91.28,1539.0
CLUSD,2026-05-25 20:30:00,91.28,91.32,91.04,91.24,968.0
CLUSD,2026-05-25 20:45:00,91.26,91.59,91.21,91.48,843.0
CLUSD,2026-05-25 21:00:00,91.5,91.88,91.38,91.76,1591.0
CLUSD,2026-05-25 21:15:00,91.75,91.98,91.73,91.89,658.0
CLUSD,2026-05-25 21:30:00,91.92,92.04,91.9,91.98,756.0
CLUSD,2026-05-25 21:45:00,91.97,92.04,91.77,91.85,642.0
CLUSD,2026-05-25 22:00:00,91.85,91.94,91.66,91.77,424.0
CLUSD,2026-05-25 22:15:00,91.77,91.79,91.69,91.72,380.0
CLUSD,2026-05-25 22:30:00,91.72,91.76,91.39,91.7,867.0
CLUSD,2026-05-25 22:45:00,91.68,91.68,91.5,91.58,384.0
CLUSD,2026-05-25 23:00:00,91.58,91.61,91.44,91.58,445.0
CLUSD,2026-05-25 23:15:00,91.58,91.63,91.4,91.47,503.0
CLUSD,2026-05-25 23:30:00,91.49,91.54,91.43,91.51,230.0
CLUSD,2026-05-25 23:45:00,91.52,91.72,91.52,91.66,251.0
CLUSD,2026-05-26 00:00:00,91.66,91.85,91.58,91.74,415.0
CLUSD,2026-05-26 00:15:00,91.74,91.9,91.74,91.82,337.0
CLUSD,2026-05-26 00:30:00,91.84,91.88,91.69,91.85,434.0
CLUSD,2026-05-26 00:45:00,91.87,92.12,91.87,92.02,652.0
CLUSD,2026-05-26 01:00:00,92.01,92.55,92.0,92.48,1626.0
CLUSD,2026-05-26 01:15:00,92.47,92.47,92.01,92.05,468.0
CLUSD,2026-05-26 01:30:00,92.06,92.11,91.79,92.0,684.0
CLUSD,2026-05-26 01:45:00,92.0,92.19,91.88,91.89,556.0
CLUSD,2026-05-26 02:00:00,91.9,91.95,91.61,91.71,791.0
CLUSD,2026-05-26 02:15:00,91.71,92.31,91.58,91.96,2112.0
CLUSD,2026-05-26 02:30:00,91.94,92.18,91.61,91.7,1455.0
CLUSD,2026-05-26 02:45:00,91.67,91.79,91.4,91.67,885.0
CLUSD,2026-05-26 03:00:00,91.66,92.6,91.53,92.43,3194.0
CLUSD,2026-05-26 03:15:00,92.44,92.75,92.24,92.31,1901.0
CLUSD,2026-05-26 03:30:00,92.31,92.96,92.27,92.63,2455.0
CLUSD,2026-05-26 03:45:00,92.65,92.79,92.38,92.47,2142.0
CLUSD,2026-05-26 04:00:00,92.47,92.73,92.33,92.72,1883.0
CLUSD,2026-05-26 04:15:00,92.71,92.85,92.56,92.77,1694.0
CLUSD,2026-05-26 04:30:00,92.77,93.36,92.68,93.33,2457.0
CLUSD,2026-05-26 04:45:00,93.35,93.64,93.17,93.2,1856.0
CLUSD,2026-05-26 05:00:00,93.21,93.28,92.79,93.08,1514.0
CLUSD,2026-05-26 05:15:00,93.08,93.26,92.7,93.02,2027.0
CLUSD,2026-05-26 05:30:00,93.03,93.08,92.79,93.05,1100.0
CLUSD,2026-05-26 05:45:00,93.06,93.12,92.51,92.61,1644.0
CLUSD,2026-05-26 06:00:00,92.61,92.73,92.19,92.2,2273.0
CLUSD,2026-05-26 06:15:00,92.22,92.42,91.78,91.84,2296.0
CLUSD,2026-05-26 06:30:00,91.85,92.09,91.5,91.91,2818.0
CLUSD,2026-05-26 06:45:00,91.92,92.08,91.84,92.02,1001.0
CLUSD,2026-05-26 07:00:00,92.02,92.41,91.98,92.41,1415.0
CLUSD,2026-05-26 07:15:00,92.41,92.5,92.19,92.43,2052.0
CLUSD,2026-05-26 07:30:00,92.44,92.9,92.17,92.6,3432.0
CLUSD,2026-05-26 07:45:00,92.61,92.78,92.5,92.72,1035.0
CLUSD,2026-05-26 08:00:00,92.72,93.36,92.55,92.64,5262.0
CLUSD,2026-05-26 08:15:00,92.66,92.79,92.42,92.75,1425.0
CLUSD,2026-05-26 08:30:00,92.72,93.02,92.72,92.95,1924.0
CLUSD,2026-05-26 08:45:00,92.94,92.94,92.48,92.8,2012.0
CLUSD,2026-05-26 09:00:00,92.81,92.96,92.54,92.81,3812.0
CLUSD,2026-05-26 09:15:00,92.8,93.06,92.68,93.04,2485.0
CLUSD,2026-05-26 09:30:00,93.06,93.22,92.8,93.14,3617.0
CLUSD,2026-05-26 09:45:00,93.13,94.51,93.04,94.2,10087.0
CLUSD,2026-05-26 10:00:00,94.16,94.43,93.52,93.83,6432.0
CLUSD,2026-05-26 10:15:00,93.83,94.1,93.71,93.82,3541.0
CLUSD,2026-05-26 10:30:00,93.8,93.86,93.17,93.75,8647.0
CLUSD,2026-05-26 10:45:00,93.74,94.4,93.52,94.19,6972.0
CLUSD,2026-05-26 11:00:00,94.19,94.48,94.13,94.28,6481.0
CLUSD,2026-05-26 11:15:00,94.27,94.7,94.12,94.64,5053.0
CLUSD,2026-05-26 11:30:00,94.62,94.63,94.03,94.07,5528.0
CLUSD,2026-05-26 11:45:00,94.09,94.09,93.81,93.9,4557.0
CLUSD,2026-05-26 12:00:00,93.89,94.33,93.85,94.3,4784.0
CLUSD,2026-05-26 12:15:00,94.3,94.36,93.95,94.07,3091.0
CLUSD,2026-05-26 12:30:00,94.07,94.17,93.71,94.15,4765.0
CLUSD,2026-05-26 12:45:00,94.15,94.31,94.02,94.03,2836.0
CLUSD,2026-05-26 13:00:00,94.04,94.09,93.85,93.96,4030.0
CLUSD,2026-05-26 13:15:00,93.95,94.16,93.82,94.05,3904.0
CLUSD,2026-05-26 13:30:00,94.05,94.14,93.58,93.62,3804.0
CLUSD,2026-05-26 13:45:00,93.61,93.95,93.56,93.76,3481.0
CLUSD,2026-05-26 14:00:00,93.76,94.09,93.72,93.8,5140.0
CLUSD,2026-05-26 14:15:00,93.8,94.0,93.55,93.89,8955.0
CLUSD,2026-05-26 14:30:00,93.88,94.07,93.73,93.86,3613.0
CLUSD,2026-05-26 14:45:00,93.84,93.88,93.41,93.68,2663.0
CLUSD,2026-05-26 15:00:00,93.69,94.04,93.68,93.95,1919.0
CLUSD,2026-05-26 15:15:00,93.96,94.06,93.87,93.96,1469.0
CLUSD,2026-05-26 15:30:00,93.96,94.02,93.67,93.87,1333.0
CLUSD,2026-05-26 15:45:00,93.88,93.93,93.51,93.53,1717.0
CLUSD,2026-05-26 16:00:00,93.51,93.72,93.2,93.65,1687.0
CLUSD,2026-05-26 16:15:00,93.66,93.73,93.54,93.7,370.0
CLUSD,2026-05-26 16:30:00,93.7,93.87,93.63,93.63,675.0
CLUSD,2026-05-26 16:45:00,93.63,93.65,93.48,93.57,972.0
CLUSD,2026-05-26 17:00:00,93.89,93.89,93.89,93.89,25.0
CLUSD,2026-05-26 18:00:00,93.39,93.61,93.3,93.48,475.0
CLUSD,2026-05-26 18:15:00,93.47,93.69,93.38,93.67,263.0
CLUSD,2026-05-26 18:30:00,93.67,93.67,93.55,93.57,196.0
CLUSD,2026-05-26 18:45:00,93.58,93.68,93.55,93.58,98.0
CLUSD,2026-05-26 19:00:00,93.57,93.61,93.55,93.61,148.0
CLUSD,2026-05-26 19:15:00,93.6,93.62,93.29,93.32,605.0
CLUSD,2026-05-26 19:30:00,93.33,93.4,93.2,93.21,270.0
CLUSD,2026-05-26 19:45:00,93.2,93.35,93.1,93.31,323.0
CLUSD,2026-05-26 20:00:00,93.33,93.43,92.81,93.11,1321.0
CLUSD,2026-05-26 20:15:00,93.11,93.2,93.01,93.14,420.0
CLUSD,2026-05-26 20:30:00,93.16,93.24,93.07,93.08,344.0
CLUSD,2026-05-26 20:45:00,93.07,93.08,92.81,92.96,872.0
CLUSD,2026-05-26 21:00:00,92.97,93.22,92.55,92.81,1940.0
CLUSD,2026-05-26 21:15:00,92.81,92.96,92.81,92.89,446.0
CLUSD,2026-05-26 21:30:00,92.9,92.98,92.73,92.88,403.0
CLUSD,2026-05-26 21:45:00,92.9,92.97,92.74,92.85,335.0
CLUSD,2026-05-26 22:00:00,92.84,92.84,92.62,92.76,474.0
CLUSD,2026-05-26 22:15:00,92.76,92.82,92.41,92.63,751.0
CLUSD,2026-05-26 22:30:00,92.63,92.75,92.51,92.69,371.0
CLUSD,2026-05-26 22:45:00,92.69,92.69,92.16,92.4,1358.0
CLUSD,2026-05-26 23:00:00,92.38,92.39,91.87,92.07,1402.0
CLUSD,2026-05-26 23:15:00,92.1,92.1,91.94,92.03,556.0
CLUSD,2026-05-26 23:30:00,92.04,92.31,92.01,92.21,731.0
CLUSD,2026-05-26 23:45:00,92.23,92.26,92.07,92.11,202.0
CLUSD,2026-05-27 00:00:00,92.11,92.15,91.91,92.06,385.0
CLUSD,2026-05-27 00:15:00,92.06,92.07,91.81,91.97,314.0
CLUSD,2026-05-27 00:30:00,91.98,92.06,91.87,91.99,498.0
CLUSD,2026-05-27 00:45:00,91.99,92.05,91.91,91.94,340.0
CLUSD,2026-05-27 01:00:00,91.95,92.1,91.82,91.89,478.0
CLUSD,2026-05-27 01:15:00,91.89,91.97,91.73,91.94,518.0
CLUSD,2026-05-27 01:30:00,91.92,92.22,91.86,91.95,790.0
CLUSD,2026-05-27 01:45:00,91.93,92.08,91.74,91.85,698.0
CLUSD,2026-05-27 02:00:00,91.84,92.04,91.52,91.83,1673.0
CLUSD,2026-05-27 02:15:00,91.84,92.02,91.78,91.9,695.0
CLUSD,2026-05-27 02:30:00,91.91,92.04,91.64,91.83,826.0
CLUSD,2026-05-27 02:45:00,91.83,91.85,91.41,91.54,1847.0
CLUSD,2026-05-27 03:00:00,91.54,91.65,91.12,91.33,2422.0
CLUSD,2026-05-27 03:15:00,91.33,91.39,91.0,91.17,1736.0
CLUSD,2026-05-27 03:30:00,91.16,91.22,90.85,91.05,2168.0
CLUSD,2026-05-27 03:45:00,91.05,91.49,91.01,91.12,2029.0
CLUSD,2026-05-27 04:00:00,91.1,91.26,90.56,90.96,2647.0
CLUSD,2026-05-27 04:15:00,90.97,91.05,90.37,90.58,2429.0
CLUSD,2026-05-27 04:30:00,90.57,90.82,90.13,90.17,2537.0
CLUSD,2026-05-27 04:45:00,90.18,90.23,89.69,90.17,3620.0
CLUSD,2026-05-27 05:00:00,90.16,90.53,90.01,90.06,2776.0
CLUSD,2026-05-27 05:15:00,90.08,90.08,89.64,90.0,2364.0
CLUSD,2026-05-27 05:30:00,89.99,90.45,89.98,90.35,2057.0
CLUSD,2026-05-27 05:45:00,90.36,90.39,89.78,89.87,2253.0
CLUSD,2026-05-27 06:00:00,89.86,90.25,89.83,90.01,1341.0
CLUSD,2026-05-27 06:15:00,90.01,90.36,89.94,90.33,1354.0
CLUSD,2026-05-27 06:30:00,90.33,90.51,90.13,90.18,1991.0
CLUSD,2026-05-27 06:45:00,90.18,90.41,90.09,90.21,1354.0
CLUSD,2026-05-27 07:00:00,90.2,90.83,90.07,90.37,3146.0
CLUSD,2026-05-27 07:15:00,90.37,90.71,89.96,90.69,3490.0
CLUSD,2026-05-27 07:30:00,90.69,90.85,90.37,90.54,2565.0
CLUSD,2026-05-27 07:45:00,90.55,90.75,90.52,90.54,2033.0
CLUSD,2026-05-27 08:00:00,90.55,90.77,90.27,90.33,2346.0
CLUSD,2026-05-27 08:15:00,90.33,90.42,88.25,88.52,10493.0
CLUSD,2026-05-27 08:30:00,88.51,88.76,87.77,88.71,12101.0
CLUSD,2026-05-27 08:45:00,88.74,89.02,88.53,88.84,5518.0
CLUSD,2026-05-27 09:00:00,88.85,89.68,88.76,89.34,9751.0
CLUSD,2026-05-27 09:15:00,89.34,89.76,89.25,89.71,4029.0
CLUSD,2026-05-27 09:30:00,89.72,89.88,89.43,89.68,5129.0
CLUSD,2026-05-27 09:45:00,89.69,90.02,89.35,89.8,6508.0
CLUSD,2026-05-27 10:00:00,89.79,90.01,89.54,89.92,5298.0
CLUSD,2026-05-27 10:15:00,89.92,90.29,89.46,89.57,7680.0
CLUSD,2026-05-27 10:30:00,89.58,90.79,89.48,90.72,9722.0
CLUSD,2026-05-27 10:45:00,90.73,91.01,90.42,90.81,6438.0
CLUSD,2026-05-27 11:00:00,90.82,91.19,90.47,90.79,7781.0
CLUSD,2026-05-27 11:15:00,90.8,90.97,90.62,90.62,3874.0
CLUSD,2026-05-27 11:30:00,90.61,90.75,89.93,90.59,10811.0
CLUSD,2026-05-27 11:45:00,90.58,90.83,89.94,90.01,6268.0
CLUSD,2026-05-27 12:00:00,90.02,90.4,89.87,90.27,4932.0
CLUSD,2026-05-27 12:15:00,90.27,90.31,89.66,89.88,5479.0
CLUSD,2026-05-27 12:30:00,89.88,90.08,89.42,89.61,3754.0
CLUSD,2026-05-27 12:45:00,89.61,89.94,89.53,89.88,3401.0
CLUSD,2026-05-27 13:00:00,89.88,90.1,89.83,89.83,3801.0
CLUSD,2026-05-27 13:15:00,89.82,89.88,89.51,89.66,2549.0
CLUSD,2026-05-27 13:30:00,89.65,89.76,89.37,89.7,2672.0
CLUSD,2026-05-27 13:45:00,89.7,89.74,89.16,89.52,3968.0
CLUSD,2026-05-27 14:00:00,89.53,89.6,89.31,89.35,5330.0
CLUSD,2026-05-27 14:15:00,89.34,89.37,88.57,88.6,9209.0
CLUSD,2026-05-27 14:30:00,88.61,89.0,88.48,88.99,4965.0
CLUSD,2026-05-27 14:45:00,88.99,89.06,88.84,88.94,1989.0
CLUSD,2026-05-27 15:00:00,88.94,89.2,88.83,89.16,1391.0
CLUSD,2026-05-27 15:15:00,89.17,89.43,89.14,89.35,1324.0
CLUSD,2026-05-27 15:30:00,89.35,89.49,89.12,89.4,2747.0
CLUSD,2026-05-27 15:45:00,89.4,89.58,89.34,89.44,1791.0
CLUSD,2026-05-27 16:00:00,89.44,89.45,89.3,89.41,733.0
CLUSD,2026-05-27 16:15:00,89.41,89.6,89.36,89.5,1133.0
CLUSD,2026-05-27 16:30:00,89.52,89.57,89.34,89.44,704.0
CLUSD,2026-05-27 16:45:00,89.47,89.55,89.38,89.41,843.0
CLUSD,2026-05-27 17:00:00,88.68,88.68,88.68,88.68,5.0
CLUSD,2026-05-27 18:00:00,89.11,89.59,89.11,89.54,455.0
CLUSD,2026-05-27 18:15:00,89.49,89.87,89.48,89.84,505.0
CLUSD,2026-05-27 18:30:00,89.83,90.08,89.41,89.62,1006.0
CLUSD,2026-05-27 18:45:00,89.63,89.75,89.56,89.7,131.0
CLUSD,2026-05-27 19:00:00,89.75,89.79,89.7,89.79,128.0
CLUSD,2026-05-27 19:15:00,89.79,90.17,89.61,89.99,945.0
CLUSD,2026-05-27 19:30:00,89.99,90.13,89.89,89.98,604.0
CLUSD,2026-05-27 19:45:00,90.0,90.4,90.0,90.2,1173.0
CLUSD,2026-05-27 20:00:00,90.21,90.5,90.18,90.39,1692.0
CLUSD,2026-05-27 20:15:00,90.4,90.69,90.26,90.29,1197.0
CLUSD,2026-05-27 20:30:00,90.31,90.66,90.31,90.57,566.0
CLUSD,2026-05-27 20:45:00,90.59,90.62,90.36,90.48,1001.0
CLUSD,2026-05-27 21:00:00,90.46,90.48,90.15,90.29,1161.0
CLUSD,2026-05-27 21:15:00,90.29,90.3,90.05,90.1,769.0
CLUSD,2026-05-27 21:30:00,90.11,90.35,89.97,90.26,602.0
CLUSD,2026-05-27 21:45:00,90.26,90.42,90.16,90.18,544.0
CLUSD,2026-05-27 22:00:00,90.17,90.29,90.04,90.05,581.0
CLUSD,2026-05-27 22:15:00,90.09,90.23,90.07,90.19,258.0
CLUSD,2026-05-27 22:30:00,90.21,90.66,89.93,90.6,1043.0
CLUSD,2026-05-27 22:45:00,90.59,90.97,90.55,90.94,1555.0
CLUSD,2026-05-27 23:00:00,90.94,91.56,90.86,91.5,2378.0
CLUSD,2026-05-27 23:15:00,91.5,91.91,91.38,91.44,2159.0
CLUSD,2026-05-27 23:30:00,91.42,92.13,91.42,92.02,1873.0
CLUSD,2026-05-27 23:45:00,92.04,92.23,91.96,92.18,1230.0
CLUSD,2026-05-28 00:00:00,92.2,92.41,91.99,92.18,1122.0
CLUSD,2026-05-28 00:15:00,92.2,92.52,92.16,92.42,1019.0
CLUSD,2026-05-28 00:30:00,92.41,92.42,92.08,92.22,715.0
CLUSD,2026-05-28 00:45:00,92.22,92.22,92.01,92.17,574.0
CLUSD,2026-05-28 01:00:00,92.14,92.23,91.92,92.01,749.0
CLUSD,2026-05-28 01:15:00,92.01,92.09,91.93,92.02,724.0
CLUSD,2026-05-28 01:30:00,92.01,92.01,91.41,91.7,1795.0
CLUSD,2026-05-28 01:45:00,91.68,91.7,91.45,91.58,463.0
CLUSD,2026-05-28 02:00:00,91.57,91.62,91.22,91.36,926.0
CLUSD,2026-05-28 02:15:00,91.36,91.44,91.15,91.28,854.0
CLUSD,2026-05-28 02:30:00,91.29,91.32,90.9,90.93,1282.0
CLUSD,2026-05-28 02:45:00,90.92,91.16,90.75,91.15,1131.0
CLUSD,2026-05-28 03:00:00,91.15,91.17,90.81,91.04,1200.0
CLUSD,2026-05-28 03:15:00,91.07,91.31,90.98,91.21,1300.0
CLUSD,2026-05-28 03:30:00,91.2,91.24,90.81,91.03,1490.0
CLUSD,2026-05-28 03:45:00,91.04,91.42,90.85,90.93,1209.0
CLUSD,2026-05-28 04:00:00,90.93,91.01,90.65,90.8,1883.0
CLUSD,2026-05-28 04:15:00,90.86,91.03,90.56,90.81,1928.0
CLUSD,2026-05-28 04:30:00,90.83,91.02,90.68,90.92,990.0
CLUSD,2026-05-28 04:45:00,90.91,90.94,90.48,90.56,1333.0
CLUSD,2026-05-28 05:00:00,90.56,90.66,90.16,90.44,1492.0
CLUSD,2026-05-28 05:15:00,90.44,90.65,90.37,90.44,1002.0
CLUSD,2026-05-28 05:30:00,90.46,90.78,90.42,90.53,832.0
CLUSD,2026-05-28 05:45:00,90.51,90.56,89.87,90.25,1943.0
CLUSD,2026-05-28 06:00:00,90.26,90.37,90.05,90.07,936.0
CLUSD,2026-05-28 06:15:00,90.07,90.38,90.0,90.23,1198.0
CLUSD,2026-05-28 06:30:00,90.23,90.79,90.23,90.78,1348.0
CLUSD,2026-05-28 06:45:00,90.77,91.37,90.67,91.01,3701.0
CLUSD,2026-05-28 07:00:00,91.0,91.39,90.74,91.25,2365.0
CLUSD,2026-05-28 07:15:00,91.25,91.33,91.05,91.24,1259.0
CLUSD,2026-05-28 07:30:00,91.25,91.46,91.2,91.31,2131.0
CLUSD,2026-05-28 07:45:00,91.31,91.57,91.28,91.3,1601.0
CLUSD,2026-05-28 08:00:00,91.31,91.45,91.0,91.08,2727.0
CLUSD,2026-05-28 08:15:00,91.1,91.37,91.02,91.05,2160.0
CLUSD,2026-05-28 08:30:00,91.05,91.09,90.5,90.72,3467.0
CLUSD,2026-05-28 08:45:00,90.74,90.75,90.4,90.54,2791.0
CLUSD,2026-05-28 09:00:00,90.54,90.93,90.3,90.86,4067.0
CLUSD,2026-05-28 09:15:00,90.87,91.01,90.75,90.99,2528.0
CLUSD,2026-05-28 09:30:00,91.0,91.35,90.8,90.95,4064.0
CLUSD,2026-05-28 09:45:00,90.94,90.94,90.54,90.83,4187.0
CLUSD,2026-05-28 10:00:00,90.83,91.14,87.11,88.44,9164.0
CLUSD,2026-05-28 10:15:00,88.44,89.66,88.0,89.14,9304.0
CLUSD,2026-05-28 10:30:00,89.15,89.98,88.89,89.14,6677.0
CLUSD,2026-05-28 10:45:00,89.14,90.0,88.88,89.49,6427.0
CLUSD,2026-05-28 11:00:00,89.51,89.8,88.98,89.69,5679.0
CLUSD,2026-05-28 11:15:00,89.7,90.16,89.55,89.78,5097.0
CLUSD,2026-05-28 11:30:00,89.77,89.99,89.4,89.98,4299.0
CLUSD,2026-05-28 11:45:00,89.98,90.05,89.78,89.78,3756.0
CLUSD,2026-05-28 12:00:00,89.77,90.25,89.58,89.6,4571.0
CLUSD,2026-05-28 12:15:00,89.58,89.82,88.8,89.17,5595.0
CLUSD,2026-05-28 12:30:00,89.17,89.28,88.5,88.55,5130.0
CLUSD,2026-05-28 12:45:00,88.54,88.54,88.02,88.24,5595.0
CLUSD,2026-05-28 13:00:00,88.26,89.01,88.2,88.98,4708.0
CLUSD,2026-05-28 13:15:00,88.97,89.16,88.81,89.04,4202.0
CLUSD,2026-05-28 13:30:00,89.03,89.06,88.79,88.91,3502.0
CLUSD,2026-05-28 13:45:00,88.91,89.0,88.65,88.85,3592.0
CLUSD,2026-05-28 14:00:00,88.86,89.35,88.59,88.96,4662.0
CLUSD,2026-05-28 14:15:00,88.94,89.25,88.59,88.92,9081.0
CLUSD,2026-05-28 14:30:00,88.93,89.54,88.87,89.35,3734.0
CLUSD,2026-05-28 14:45:00,89.36,89.39,89.1,89.25,1025.0
CLUSD,2026-05-28 15:00:00,89.24,89.32,89.11,89.14,745.0
CLUSD,2026-05-28 15:15:00,89.16,89.31,89.13,89.29,852.0
CLUSD,2026-05-28 15:30:00,89.32,89.34,89.01,89.25,1435.0
CLUSD,2026-05-28 15:45:00,89.25,89.49,89.23,89.48,1537.0
CLUSD,2026-05-28 16:00:00,89.47,89.64,89.32,89.35,1744.0
CLUSD,2026-05-28 16:15:00,89.33,89.35,88.7,88.79,2076.0
CLUSD,2026-05-28 16:30:00,88.79,88.96,88.67,88.81,672.0
CLUSD,2026-05-28 16:45:00,88.83,88.89,88.53,88.53,1088.0
CLUSD,2026-05-28 17:00:00,88.9,88.9,88.9,88.9,18.0
CLUSD,2026-05-28 18:00:00,88.55,88.8,88.26,88.58,744.0
CLUSD,2026-05-28 18:15:00,88.56,88.92,88.48,88.79,390.0
CLUSD,2026-05-28 18:30:00,88.77,88.8,88.47,88.54,213.0
CLUSD,2026-05-28 18:45:00,88.52,88.65,88.51,88.51,78.0
CLUSD,2026-05-28 19:00:00,88.54,88.59,88.2,88.46,409.0
CLUSD,2026-05-28 19:15:00,88.45,88.59,88.37,88.47,384.0
CLUSD,2026-05-28 19:30:00,88.48,88.57,88.33,88.42,216.0
CLUSD,2026-05-28 19:45:00,88.43,88.67,88.41,88.53,222.0
CLUSD,2026-05-28 20:00:00,88.53,88.53,88.23,88.3,836.0
CLUSD,2026-05-28 20:15:00,88.31,88.36,87.63,87.92,1608.0
CLUSD,2026-05-28 20:30:00,87.93,88.15,87.88,88.12,377.0
CLUSD,2026-05-28 20:45:00,88.12,88.45,88.09,88.36,387.0
CLUSD,2026-05-28 21:00:00,88.35,88.36,87.67,87.89,1186.0
CLUSD,2026-05-28 21:15:00,87.89,88.44,87.87,88.32,772.0
CLUSD,2026-05-28 21:30:00,88.3,88.44,88.25,88.26,323.0
CLUSD,2026-05-28 21:45:00,88.24,88.24,87.86,87.89,479.0
CLUSD,2026-05-28 22:00:00,87.9,87.9,87.57,87.82,1294.0
CLUSD,2026-05-28 22:15:00,87.8,88.03,87.8,87.89,446.0
CLUSD,2026-05-28 22:30:00,87.9,88.05,87.74,87.86,314.0
CLUSD,2026-05-28 22:45:00,87.85,87.96,87.73,87.77,361.0
CLUSD,2026-05-28 23:00:00,87.81,87.86,87.37,87.47,921.0
CLUSD,2026-05-28 23:15:00,87.5,87.7,87.48,87.64,469.0
CLUSD,2026-05-28 23:30:00,87.63,87.83,87.63,87.76,498.0
CLUSD,2026-05-28 23:45:00,87.77,88.29,87.76,88.2,990.0
CLUSD,2026-05-29 00:00:00,88.18,88.25,87.77,87.83,555.0
CLUSD,2026-05-29 00:15:00,87.84,87.84,87.47,87.72,1570.0
CLUSD,2026-05-29 00:30:00,87.7,87.99,87.56,87.76,706.0
CLUSD,2026-05-29 00:45:00,87.78,87.83,87.64,87.71,314.0
CLUSD,2026-05-29 01:00:00,87.72,87.82,87.7,87.82,316.0
CLUSD,2026-05-29 01:15:00,87.82,87.82,87.7,87.77,200.0
CLUSD,2026-05-29 01:30:00,87.8,88.0,87.67,87.89,593.0
CLUSD,2026-05-29 01:45:00,87.9,88.13,87.84,88.02,552.0
CLUSD,2026-05-29 02:00:00,88.01,88.04,87.8,87.82,469.0
CLUSD,2026-05-29 02:15:00,87.82,87.91,87.37,87.4,1050.0
CLUSD,2026-05-29 02:30:00,87.42,87.61,87.17,87.56,1190.0
CLUSD,2026-05-29 02:45:00,87.58,87.69,87.43,87.48,692.0
CLUSD,2026-05-29 03:00:00,87.48,87.7,87.34,87.61,809.0
CLUSD,2026-05-29 03:15:00,87.62,88.17,87.61,88.05,1385.0
CLUSD,2026-05-29 03:30:00,88.03,89.01,88.03,88.78,2268.0
CLUSD,2026-05-29 03:45:00,88.79,88.81,88.5,88.72,1256.0
CLUSD,2026-05-29 04:00:00,88.72,89.02,88.59,88.92,1063.0
CLUSD,2026-05-29 04:15:00,88.9,88.96,88.58,88.76,1209.0
CLUSD,2026-05-29 04:30:00,88.74,88.98,88.71,88.86,839.0
CLUSD,2026-05-29 04:45:00,88.87,88.96,88.52,88.68,937.0
CLUSD,2026-05-29 05:00:00,88.69,88.72,87.69,87.7,4048.0
CLUSD,2026-05-29 05:15:00,87.69,87.77,86.86,87.09,5132.0
CLUSD,2026-05-29 05:30:00,87.07,87.45,87.02,87.32,1649.0
CLUSD,2026-05-29 05:45:00,87.31,87.53,86.96,87.5,2080.0
CLUSD,2026-05-29 06:00:00,87.5,87.65,87.36,87.42,935.0
CLUSD,2026-05-29 06:15:00,87.41,87.82,87.39,87.7,831.0
CLUSD,2026-05-29 06:30:00,87.71,87.75,87.0,87.07,1416.0
CLUSD,2026-05-29 06:45:00,87.07,87.44,86.71,87.35,1536.0
CLUSD,2026-05-29 07:00:00,87.34,87.48,87.19,87.24,1344.0
CLUSD,2026-05-29 07:15:00,87.23,87.5,87.16,87.28,1151.0
CLUSD,2026-05-29 07:30:00,87.29,87.72,87.29,87.65,1320.0
CLUSD,2026-05-29 07:45:00,87.65,88.31,87.54,87.61,3067.0
CLUSD,2026-05-29 08:00:00,87.62,88.0,87.52,87.91,1688.0
CLUSD,2026-05-29 08:15:00,87.9,87.93,87.6,87.68,1508.0
CLUSD,2026-05-29 08:30:00,87.67,88.16,87.46,87.82,3952.0
CLUSD,2026-05-29 08:45:00,87.82,87.93,87.21,87.33,3168.0
CLUSD,2026-05-29 09:00:00,87.32,87.52,86.73,87.47,6063.0
CLUSD,2026-05-29 09:15:00,87.46,87.87,87.43,87.53,4778.0
CLUSD,2026-05-29 09:30:00,87.54,87.7,87.2,87.24,4557.0
CLUSD,2026-05-29 09:45:00,87.23,87.85,87.22,87.69,4381.0
CLUSD,2026-05-29 10:00:00,87.68,88.38,87.67,88.21,8443.0
CLUSD,2026-05-29 10:15:00,88.21,88.55,88.06,88.44,5059.0
CLUSD,2026-05-29 10:30:00,88.45,88.89,88.28,88.67,5612.0
CLUSD,2026-05-29 10:45:00,88.67,88.95,87.46,87.96,12035.0
CLUSD,2026-05-29 11:00:00,87.97,88.01,86.35,86.51,13234.0
CLUSD,2026-05-29 11:15:00,86.51,87.27,86.47,87.25,9391.0
CLUSD,2026-05-29 11:30:00,87.25,87.67,86.92,87.48,9063.0
CLUSD,2026-05-29 11:45:00,87.5,87.8,87.41,87.6,4208.0
CLUSD,2026-05-29 12:00:00,87.6,87.97,87.57,87.83,4124.0
CLUSD,2026-05-29 12:15:00,87.82,87.86,87.39,87.48,3122.0
CLUSD,2026-05-29 12:30:00,87.44,87.45,86.43,86.56,9744.0
CLUSD,2026-05-29 12:45:00,86.58,86.8,86.52,86.58,5382.0
CLUSD,2026-05-29 13:00:00,86.59,86.99,86.57,86.9,3248.0
CLUSD,2026-05-29 13:15:00,86.9,87.32,86.73,87.1,6930.0
CLUSD,2026-05-29 13:30:00,87.1,87.12,86.62,86.64,4878.0
CLUSD,2026-05-29 13:45:00,86.63,87.27,86.56,87.19,5499.0
CLUSD,2026-05-29 14:00:00,87.18,87.33,87.04,87.29,5274.0
CLUSD,2026-05-29 14:15:00,87.29,87.55,87.0,87.42,9922.0
CLUSD,2026-05-29 14:30:00,87.42,87.43,87.12,87.18,2987.0
CLUSD,2026-05-29 14:45:00,87.19,88.0,87.18,87.64,6218.0
CLUSD,2026-05-29 15:00:00,87.66,87.74,87.5,87.58,1250.0
CLUSD,2026-05-29 15:15:00,87.56,87.77,87.51,87.63,1480.0
CLUSD,2026-05-29 15:30:00,87.63,88.15,87.6,88.07,1674.0
CLUSD,2026-05-29 15:45:00,88.09,88.17,87.84,88.08,1778.0
CLUSD,2026-05-29 16:00:00,88.08,88.14,87.71,87.72,915.0
CLUSD,2026-05-29 16:15:00,87.72,87.98,87.72,87.87,997.0
CLUSD,2026-05-29 16:30:00,87.85,87.98,87.67,87.69,587.0
CLUSD,2026-05-29 16:45:00,87.7,87.89,87.62,87.76,1311.0
CLUSD,2026-05-31 18:00:00,88.5,90.08,88.45,89.61,3905.0
CLUSD,2026-05-31 18:15:00,89.63,89.8,89.62,89.65,1139.0
CLUSD,2026-05-31 18:30:00,89.67,89.67,89.34,89.39,829.0
CLUSD,2026-05-31 18:45:00,89.39,89.63,89.37,89.59,573.0
CLUSD,2026-05-31 19:00:00,89.6,89.63,89.42,89.5,370.0
CLUSD,2026-05-31 19:15:00,89.51,89.6,89.21,89.37,598.0
CLUSD,2026-05-31 19:30:00,89.33,89.65,89.11,89.44,968.0
CLUSD,2026-05-31 19:45:00,89.43,89.48,89.35,89.42,303.0
CLUSD,2026-05-31 20:00:00,89.43,89.65,89.41,89.63,477.0
CLUSD,2026-05-31 20:15:00,89.61,89.89,89.57,89.7,790.0
CLUSD,2026-05-31 20:30:00,89.7,89.95,89.61,89.69,641.0
CLUSD,2026-05-31 20:45:00,89.67,89.69,89.25,89.33,686.0
CLUSD,2026-05-31 21:00:00,89.33,89.77,89.03,89.7,1111.0
CLUSD,2026-05-31 21:15:00,89.7,89.8,89.64,89.73,395.0
CLUSD,2026-05-31 21:30:00,89.74,90.02,89.7,89.76,1097.0
CLUSD,2026-05-31 21:45:00,89.75,90.2,89.73,89.88,1090.0
CLUSD,2026-05-31 22:00:00,89.89,90.0,89.8,89.95,518.0
CLUSD,2026-05-31 22:15:00,89.94,89.94,89.72,89.86,329.0
CLUSD,2026-05-31 22:30:00,89.84,89.94,89.55,89.62,548.0
CLUSD,2026-05-31 22:45:00,89.64,89.72,89.51,89.61,434.0
CLUSD,2026-05-31 23:00:00,89.59,89.87,89.45,89.69,703.0
CLUSD,2026-05-31 23:15:00,89.7,90.04,89.59,89.64,1186.0
CLUSD,2026-05-31 23:30:00,89.65,89.69,89.16,89.67,1079.0
CLUSD,2026-05-31 23:45:00,89.68,89.8,89.56,89.74,441.0
SPY,2026-05-01 09:30:00,721.25,722.62,720.74,722.52,3055159.0
SPY,2026-05-01 09:45:00,722.49,724.24,721.87,724.17,2070464.0
SPY,2026-05-01 10:00:00,724.19,724.66,723.77,724.45,1571759.0
SPY,2026-05-01 10:15:00,724.45,724.87,724.18,724.26,1463068.0
SPY,2026-05-01 10:30:00,724.27,724.27,722.3,722.96,2249162.0
SPY,2026-05-01 10:45:00,722.91,723.39,722.67,722.72,795773.0
SPY,2026-05-01 11:00:00,722.73,723.02,722.04,722.99,1055386.0
SPY,2026-05-01 11:15:00,723.0,723.38,722.79,723.29,659853.0
SPY,2026-05-01 11:30:00,723.34,724.06,723.17,724.01,1222251.0
SPY,2026-05-01 11:45:00,724.01,724.38,722.72,723.39,1630819.0
SPY,2026-05-01 12:00:00,723.36,723.61,722.38,722.5,1166650.0
SPY,2026-05-01 12:15:00,722.49,723.17,721.87,722.14,1435492.0
SPY,2026-05-01 12:30:00,722.12,722.34,721.63,721.69,952529.0
SPY,2026-05-01 12:45:00,721.68,722.36,721.49,721.89,832776.0
SPY,2026-05-01 13:00:00,722.08,722.54,721.86,722.51,1369749.0
SPY,2026-05-01 13:15:00,722.5,722.98,722.31,722.98,694877.0
SPY,2026-05-01 13:30:00,722.96,723.1,722.62,722.91,693885.0
SPY,2026-05-01 13:45:00,722.9,723.21,722.76,722.8,717633.0
SPY,2026-05-01 14:00:00,722.79,722.92,721.75,721.82,615103.0
SPY,2026-05-01 14:15:00,721.8,722.24,721.5,722.24,1296506.0
SPY,2026-05-01 14:30:00,722.2,722.21,721.13,721.23,951983.0
SPY,2026-05-01 14:45:00,721.22,721.31,720.78,721.17,1089416.0
SPY,2026-05-01 15:00:00,721.17,722.11,721.08,722.05,1077836.0
SPY,2026-05-01 15:15:00,722.06,722.59,722.0,722.42,1247766.0
SPY,2026-05-01 15:30:00,722.43,722.5,722.0,722.14,1427088.0
SPY,2026-05-01 15:45:00,722.14,722.16,720.47,720.56,2125989.0
SPY,2026-05-04 09:30:00,720.07,720.31,719.25,719.96,1383844.0
SPY,2026-05-04 09:45:00,719.91,720.8,719.85,720.76,929877.0
SPY,2026-05-04 10:00:00,720.8,721.21,719.88,720.99,1500036.0
SPY,2026-05-04 10:15:00,720.99,721.71,720.88,721.22,876130.0
SPY,2026-05-04 10:30:00,721.23,722.09,721.14,721.9,1073583.0
SPY,2026-05-04 10:45:00,721.91,722.12,720.77,720.9,1502952.0
SPY,2026-05-04 11:00:00,720.9,721.57,720.0,720.24,1855204.0
SPY,2026-05-04 11:15:00,720.24,720.5,717.44,718.44,1546351.0
SPY,2026-05-04 11:30:00,718.45,718.74,717.26,718.31,680201.0
SPY,2026-05-04 11:45:00,718.3,718.57,716.98,717.56,1501668.0
SPY,2026-05-04 12:00:00,717.6,717.75,715.0,715.94,2100643.0
SPY,2026-05-04 12:15:00,715.92,717.84,715.51,717.02,2294359.0
SPY,2026-05-04 12:30:00,716.99,717.67,716.61,716.92,944269.0
SPY,2026-05-04 12:45:00,716.88,717.08,716.31,716.55,794006.0
SPY,2026-05-04 13:00:00,716.54,717.63,716.49,717.47,915994.0
SPY,2026-05-04 13:15:00,717.45,718.64,717.22,718.55,1053608.0
SPY,2026-05-04 13:30:00,718.56,718.6,717.59,718.2,494596.0
SPY,2026-05-04 13:45:00,718.23,718.63,718.09,718.33,679447.0
SPY,2026-05-04 14:00:00,718.33,718.99,718.32,718.46,1076347.0
SPY,2026-05-04 14:15:00,718.46,718.49,717.17,717.77,1151480.0
SPY,2026-05-04 14:30:00,717.76,717.86,717.03,717.07,855943.0
SPY,2026-05-04 14:45:00,717.06,717.6,716.84,717.47,1053575.0
SPY,2026-05-04 15:00:00,717.48,718.25,717.15,718.0,2305621.0
SPY,2026-05-04 15:15:00,718.04,718.19,717.43,717.74,1672892.0
SPY,2026-05-04 15:30:00,717.74,718.26,717.7,717.77,1612207.0
SPY,2026-05-04 15:45:00,717.73,718.19,717.36,718.09,1237421.0
SPY,2026-05-05 09:30:00,721.78,722.48,721.5,722.2,818402.0
SPY,2026-05-05 09:45:00,722.23,722.79,722.1,722.53,1501534.0
SPY,2026-05-05 10:00:00,722.55,723.39,722.14,722.31,1872106.0
SPY,2026-05-05 10:15:00,722.28,723.66,721.79,723.32,1198269.0
SPY,2026-05-05 10:30:00,723.31,723.39,722.56,722.7,883664.0
SPY,2026-05-05 10:45:00,722.7,723.15,722.35,723.14,926538.0
SPY,2026-05-05 11:00:00,723.15,723.64,723.03,723.55,515084.0
SPY,2026-05-05 11:15:00,723.55,723.65,723.12,723.48,435434.0
SPY,2026-05-05 11:30:00,723.49,723.53,722.91,723.14,617069.0
SPY,2026-05-05 11:45:00,723.12,723.42,723.0,723.01,508136.0
SPY,2026-05-05 12:00:00,723.06,723.58,722.96,723.51,481520.0
SPY,2026-05-05 12:15:00,723.5,723.87,723.04,723.58,711273.0
SPY,2026-05-05 12:30:00,723.56,723.69,723.28,723.43,556606.0
SPY,2026-05-05 12:45:00,723.41,723.74,723.37,723.46,447933.0
SPY,2026-05-05 13:00:00,723.46,723.57,723.12,723.26,427991.0
SPY,2026-05-05 13:15:00,723.31,723.86,723.31,723.85,650756.0
SPY,2026-05-05 13:30:00,723.86,724.01,723.72,723.86,753285.0
SPY,2026-05-05 13:45:00,723.87,724.22,723.86,724.01,425762.0
SPY,2026-05-05 14:00:00,724.02,724.66,724.0,724.62,702956.0
SPY,2026-05-05 14:15:00,724.63,724.69,724.44,724.48,448281.0
SPY,2026-05-05 14:30:00,724.48,724.51,724.09,724.25,601993.0
SPY,2026-05-05 14:45:00,724.25,724.46,724.13,724.32,593151.0
SPY,2026-05-05 15:00:00,724.33,724.97,724.31,724.75,1010006.0
SPY,2026-05-05 15:15:00,724.73,725.04,724.57,724.72,1163177.0
SPY,2026-05-05 15:30:00,724.72,724.87,724.42,724.74,1656773.0
SPY,2026-05-05 15:45:00,724.74,724.77,723.28,723.74,2300791.0
SPY,2026-05-06 09:30:00,728.16,729.55,727.82,729.15,882309.0
SPY,2026-05-06 09:45:00,729.17,729.79,728.33,729.65,1592168.0
SPY,2026-05-06 10:00:00,729.7,730.22,728.71,730.08,1682157.0
SPY,2026-05-06 10:15:00,730.07,730.68,729.57,730.04,735085.0
SPY,2026-05-06 10:30:00,730.04,731.9,730.02,731.84,1218041.0
SPY,2026-05-06 10:45:00,731.84,732.2,731.5,732.16,1363407.0
SPY,2026-05-06 11:00:00,732.16,732.49,731.39,731.72,1317373.0
SPY,2026-05-06 11:15:00,731.74,732.37,731.55,732.05,1284421.0
SPY,2026-05-06 11:30:00,732.05,732.14,730.94,731.62,1198002.0
SPY,2026-05-06 11:45:00,731.6,731.92,731.15,731.64,741037.0
SPY,2026-05-06 12:00:00,731.64,731.98,731.48,731.9,822025.0
SPY,2026-05-06 12:15:00,731.91,732.04,731.75,731.77,579018.0
SPY,2026-05-06 12:30:00,731.82,732.04,731.49,731.59,475459.0
SPY,2026-05-06 12:45:00,731.6,731.62,730.54,731.0,870768.0
SPY,2026-05-06 13:00:00,730.99,731.74,730.68,731.53,1040688.0
SPY,2026-05-06 13:15:00,731.53,731.81,731.4,731.68,542513.0
SPY,2026-05-06 13:30:00,731.67,731.9,731.55,731.88,590549.0
SPY,2026-05-06 13:45:00,731.9,732.13,731.81,732.13,530757.0
SPY,2026-05-06 14:00:00,732.14,732.58,732.03,732.5,1000636.0
SPY,2026-05-06 14:15:00,732.52,733.18,732.52,733.04,1034335.0
SPY,2026-05-06 14:30:00,733.04,733.46,732.88,733.03,1527659.0
SPY,2026-05-06 14:45:00,733.03,733.16,732.72,732.97,1520168.0
SPY,2026-05-06 15:00:00,732.97,733.8,732.94,733.76,2911851.0
SPY,2026-05-06 15:15:00,733.77,733.99,733.59,733.87,2158662.0
SPY,2026-05-06 15:30:00,733.84,734.0,733.55,733.68,2253063.0
SPY,2026-05-06 15:45:00,733.67,734.6,733.59,733.77,2330143.0
SPY,2026-05-07 09:30:00,735.05,735.11,734.17,734.23,1402251.0
SPY,2026-05-07 09:45:00,734.23,734.42,733.55,733.94,1900279.0
SPY,2026-05-07 10:00:00,733.94,734.91,733.89,734.51,1216036.0
SPY,2026-05-07 10:15:00,734.52,735.08,734.08,734.53,1359683.0
SPY,2026-05-07 10:30:00,734.66,735.33,734.46,735.17,918645.0
SPY,2026-05-07 10:45:00,735.2,736.11,734.96,736.08,1236459.0
SPY,2026-05-07 11:00:00,736.08,736.12,735.2,735.37,885603.0
SPY,2026-05-07 11:15:00,735.3,735.59,734.3,734.88,716581.0
SPY,2026-05-07 11:30:00,734.97,735.61,734.86,735.29,1051116.0
SPY,2026-05-07 11:45:00,735.29,735.41,733.8,734.0,1185921.0
SPY,2026-05-07 12:00:00,733.96,733.96,732.6,732.7,1583859.0
SPY,2026-05-07 12:15:00,732.66,733.41,731.73,733.38,2305651.0
SPY,2026-05-07 12:30:00,733.36,733.82,732.54,732.78,1151075.0
SPY,2026-05-07 12:45:00,732.78,732.87,731.58,732.03,890580.0
SPY,2026-05-07 13:00:00,732.06,732.64,731.68,732.01,1038508.0
SPY,2026-05-07 13:15:00,731.94,732.57,729.76,730.57,1921728.0
SPY,2026-05-07 13:30:00,730.63,731.71,730.2,730.71,1503230.0
SPY,2026-05-07 13:45:00,730.73,731.8,730.15,731.72,1468765.0
SPY,2026-05-07 14:00:00,731.78,732.14,731.06,731.62,1267225.0
SPY,2026-05-07 14:15:00,731.68,732.19,731.16,731.29,599690.0
SPY,2026-05-07 14:30:00,731.28,731.93,729.97,730.33,985014.0
SPY,2026-05-07 14:45:00,730.33,731.19,729.75,731.12,1453493.0
SPY,2026-05-07 15:00:00,731.16,731.5,730.67,731.18,1519014.0
SPY,2026-05-07 15:15:00,731.22,731.33,729.98,730.49,1403472.0
SPY,2026-05-07 15:30:00,730.52,731.47,730.4,731.25,1509619.0
SPY,2026-05-07 15:45:00,731.26,731.9,730.57,731.57,1481815.0
SPY,2026-05-08 09:30:00,734.98,735.45,734.58,735.29,1154764.0
SPY,2026-05-08 09:45:00,735.29,736.65,735.29,736.64,2495598.0
SPY,2026-05-08 10:00:00,736.61,736.89,736.24,736.8,1695892.0
SPY,2026-05-08 10:15:00,736.81,737.55,736.55,736.82,1344155.0
SPY,2026-05-08 10:30:00,736.82,737.14,736.11,737.14,1176064.0
SPY,2026-05-08 10:45:00,737.15,737.45,736.96,737.08,961951.0
SPY,2026-05-08 11:00:00,737.05,737.37,736.48,736.6,941654.0
SPY,2026-05-08 11:15:00,736.58,736.95,736.05,736.91,821674.0
SPY,2026-05-08 11:30:00,736.91,737.37,736.33,736.75,745121.0
SPY,2026-05-08 11:45:00,736.79,737.32,736.65,736.89,889538.0
SPY,2026-05-08 12:00:00,736.88,737.51,736.88,737.39,694547.0
SPY,2026-05-08 12:15:00,737.4,737.75,737.16,737.55,1204864.0
SPY,2026-05-08 12:30:00,737.57,737.63,736.81,736.81,1069834.0
SPY,2026-05-08 12:45:00,736.82,737.3,736.82,736.9,730690.0
SPY,2026-05-08 13:00:00,736.89,737.6,736.82,737.17,1644927.0
SPY,2026-05-08 13:15:00,737.18,737.84,737.17,737.7,871131.0
SPY,2026-05-08 13:30:00,737.69,737.91,737.26,737.28,738326.0
SPY,2026-05-08 13:45:00,737.29,737.59,737.08,737.18,597454.0
SPY,2026-05-08 14:00:00,737.19,738.1,737.16,737.75,1406711.0
SPY,2026-05-08 14:15:00,737.78,737.93,737.64,737.73,842374.0
SPY,2026-05-08 14:30:00,737.73,737.95,737.25,737.25,571772.0
SPY,2026-05-08 14:45:00,737.22,737.22,736.1,736.37,1615852.0
SPY,2026-05-08 15:00:00,736.39,737.07,736.36,736.83,1147133.0
SPY,2026-05-08 15:15:00,736.82,737.27,736.63,736.64,1602177.0
SPY,2026-05-08 15:30:00,736.64,737.41,736.53,737.35,2543731.0
SPY,2026-05-08 15:45:00,737.34,737.59,737.1,737.54,2875250.0
SPY,2026-05-11 09:30:00,736.45,738.4,736.45,738.38,1477149.0
SPY,2026-05-11 09:45:00,738.41,739.13,738.32,738.68,2088949.0
SPY,2026-05-11 10:00:00,738.68,739.06,738.51,739.03,1112561.0
SPY,2026-05-11 10:15:00,739.04,739.59,738.4,738.44,1676109.0
SPY,2026-05-11 10:30:00,738.44,739.09,737.59,738.95,861497.0
SPY,2026-05-11 10:45:00,738.97,739.94,738.65,739.66,1378071.0
SPY,2026-05-11 11:00:00,739.66,739.76,739.05,739.11,896865.0
SPY,2026-05-11 11:15:00,739.12,740.1,738.95,740.08,1451454.0
SPY,2026-05-11 11:30:00,740.09,740.19,739.67,739.86,1254348.0
SPY,2026-05-11 11:45:00,739.85,740.34,739.73,740.23,1172277.0
SPY,2026-05-11 12:00:00,740.22,740.32,740.0,740.11,757047.0
SPY,2026-05-11 12:15:00,740.12,740.43,739.97,740.33,766856.0
SPY,2026-05-11 12:30:00,740.32,740.43,738.84,739.65,1527288.0
SPY,2026-05-11 12:45:00,739.65,739.93,739.08,739.33,1302010.0
SPY,2026-05-11 13:00:00,739.34,739.68,739.0,739.07,835746.0
SPY,2026-05-11 13:15:00,739.05,739.9,738.88,739.81,994868.0
SPY,2026-05-11 13:30:00,739.79,740.67,739.78,740.64,927349.0
SPY,2026-05-11 13:45:00,740.64,740.79,740.14,740.2,1192830.0
SPY,2026-05-11 14:00:00,740.2,740.65,740.17,740.33,1246556.0
SPY,2026-05-11 14:15:00,740.33,740.51,740.05,740.34,863557.0
SPY,2026-05-11 14:30:00,740.33,740.35,739.61,739.77,1165250.0
SPY,2026-05-11 14:45:00,739.75,739.78,738.5,738.52,1445423.0
SPY,2026-05-11 15:00:00,738.56,739.19,738.21,738.78,1785540.0
SPY,2026-05-11 15:15:00,738.79,738.81,738.16,738.5,1708085.0
SPY,2026-05-11 15:30:00,738.49,738.89,738.18,738.19,1960552.0
SPY,2026-05-11 15:45:00,738.18,739.21,738.13,739.2,2476002.0
SPY,2026-05-12 09:30:00,736.91,737.22,735.51,736.72,1464482.0
SPY,2026-05-12 09:45:00,736.69,736.9,734.86,735.1,1919418.0
SPY,2026-05-12 10:00:00,735.11,736.15,734.65,736.11,1425074.0
SPY,2026-05-12 10:15:00,736.12,736.36,734.57,734.92,951782.0
SPY,2026-05-12 10:30:00,734.92,735.17,733.54,734.63,1221013.0
SPY,2026-05-12 10:45:00,734.6,734.64,733.65,733.8,943586.0
SPY,2026-05-12 11:00:00,733.78,734.04,733.2,733.23,1954451.0
SPY,2026-05-12 11:15:00,733.25,733.26,731.84,732.32,1732780.0
SPY,2026-05-12 11:30:00,732.32,733.56,732.12,733.52,1034242.0
SPY,2026-05-12 11:45:00,733.52,733.73,732.38,732.49,1322871.0
SPY,2026-05-12 12:00:00,732.51,733.48,732.11,733.37,1360262.0
SPY,2026-05-12 12:15:00,733.35,733.4,732.57,732.75,760696.0
SPY,2026-05-12 12:30:00,732.73,733.04,732.19,732.42,1205198.0
SPY,2026-05-12 12:45:00,732.42,732.58,731.83,732.1,1034041.0
SPY,2026-05-12 13:00:00,732.1,733.39,732.04,733.31,1351566.0
SPY,2026-05-12 13:15:00,733.29,735.01,733.29,734.35,1821186.0
SPY,2026-05-12 13:30:00,734.32,734.97,734.13,734.75,1172822.0
SPY,2026-05-12 13:45:00,734.77,735.2,734.4,735.07,1347068.0
SPY,2026-05-12 14:00:00,735.06,735.25,734.66,735.08,1842390.0
SPY,2026-05-12 14:15:00,735.1,736.47,735.01,736.19,1323531.0
SPY,2026-05-12 14:30:00,736.19,736.46,735.88,736.23,1111135.0
SPY,2026-05-12 14:45:00,736.25,736.56,735.77,735.99,1063794.0
SPY,2026-05-12 15:00:00,736.0,737.32,735.99,737.12,1298359.0
SPY,2026-05-12 15:15:00,737.15,737.42,736.53,737.08,1169558.0
SPY,2026-05-12 15:30:00,737.08,738.07,737.07,737.96,2019587.0
SPY,2026-05-12 15:45:00,737.96,738.84,737.74,738.14,1421708.0
SPY,2026-05-13 09:30:00,738.46,738.47,736.57,736.9,1300328.0
SPY,2026-05-13 09:45:00,736.89,737.25,735.48,736.9,1672661.0
SPY,2026-05-13 10:00:00,736.93,737.66,736.8,737.58,1082417.0
SPY,2026-05-13 10:15:00,737.64,738.74,737.16,738.3,1193499.0
SPY,2026-05-13 10:30:00,738.3,738.72,737.77,738.38,1285308.0
SPY,2026-05-13 10:45:00,738.46,738.98,738.08,738.83,1325520.0
SPY,2026-05-13 11:00:00,738.87,739.34,738.69,738.94,1120502.0
SPY,2026-05-13 11:15:00,738.98,739.38,738.93,739.28,904722.0
SPY,2026-05-13 11:30:00,739.27,740.26,738.94,740.11,1127548.0
SPY,2026-05-13 11:45:00,740.12,740.13,739.54,739.77,961918.0
SPY,2026-05-13 12:00:00,739.7,740.7,739.55,740.65,870437.0
SPY,2026-05-13 12:15:00,740.67,741.98,740.5,741.73,1272071.0
SPY,2026-05-13 12:30:00,741.72,741.86,741.37,741.61,1068315.0
SPY,2026-05-13 12:45:00,741.62,742.29,741.44,742.03,979944.0
SPY,2026-05-13 13:00:00,742.11,742.9,742.1,742.63,1011607.0
SPY,2026-05-13 13:15:00,742.63,742.8,742.32,742.62,878752.0
SPY,2026-05-13 13:30:00,742.62,742.69,742.18,742.61,572608.0
SPY,2026-05-13 13:45:00,742.62,742.77,742.1,742.14,848038.0
SPY,2026-05-13 14:00:00,742.13,743.38,742.09,743.31,812162.0
SPY,2026-05-13 14:15:00,743.32,743.91,743.32,743.53,1276126.0
SPY,2026-05-13 14:30:00,743.54,743.54,742.82,742.82,1278411.0
SPY,2026-05-13 14:45:00,742.84,743.36,742.55,742.65,865590.0
SPY,2026-05-13 15:00:00,742.65,743.55,742.63,743.55,1532418.0
SPY,2026-05-13 15:15:00,743.53,743.71,743.01,743.49,1318052.0
SPY,2026-05-13 15:30:00,743.49,743.55,743.02,743.46,1909523.0
SPY,2026-05-13 15:45:00,743.46,743.61,742.22,742.3,6359066.0
SPY,2026-05-14 09:30:00,743.65,745.63,743.56,745.41,2311354.0
SPY,2026-05-14 09:45:00,745.42,745.89,744.25,744.43,1693025.0
SPY,2026-05-14 10:00:00,744.42,745.63,744.28,745.51,1161159.0
SPY,2026-05-14 10:15:00,745.5,746.37,745.48,745.96,1704963.0
SPY,2026-05-14 10:30:00,745.95,746.99,745.76,746.97,1186832.0
SPY,2026-05-14 10:45:00,746.98,747.53,746.98,747.18,1192782.0
SPY,2026-05-14 11:00:00,747.19,748.04,747.12,748.04,808267.0
SPY,2026-05-14 11:15:00,748.04,748.81,748.04,748.51,1232687.0
SPY,2026-05-14 11:30:00,748.51,748.82,748.22,748.78,1162071.0
SPY,2026-05-14 11:45:00,748.77,749.28,748.61,749.27,1246724.0
SPY,2026-05-14 12:00:00,749.28,749.53,748.92,748.95,844262.0
SPY,2026-05-14 12:15:00,748.96,749.34,747.85,748.0,953874.0
SPY,2026-05-14 12:30:00,748.01,748.34,747.38,747.85,983424.0
SPY,2026-05-14 12:45:00,747.85,748.24,747.15,747.83,1200646.0
SPY,2026-05-14 13:00:00,747.83,748.31,746.97,747.06,1283370.0
SPY,2026-05-14 13:15:00,747.05,747.2,746.31,746.91,1344649.0
SPY,2026-05-14 13:30:00,746.92,747.94,746.71,747.71,1689593.0
SPY,2026-05-14 13:45:00,747.75,748.27,747.69,747.72,749228.0
SPY,2026-05-14 14:00:00,747.71,747.82,746.66,747.82,1610194.0
SPY,2026-05-14 14:15:00,747.83,748.29,747.39,747.56,1193492.0
SPY,2026-05-14 14:30:00,747.56,748.09,747.38,747.77,831401.0
SPY,2026-05-14 14:45:00,747.77,748.38,747.52,748.3,1022545.0
SPY,2026-05-14 15:00:00,748.25,748.69,748.19,748.4,1342020.0
SPY,2026-05-14 15:15:00,748.4,748.65,748.03,748.08,1297984.0
SPY,2026-05-14 15:30:00,748.08,748.68,747.99,748.52,1692812.0
SPY,2026-05-14 15:45:00,748.52,748.63,747.78,748.07,1307863.0
SPY,2026-05-15 09:30:00,741.84,741.93,738.63,738.66,2035196.0
SPY,2026-05-15 09:45:00,738.64,741.0,737.96,739.15,2764916.0
SPY,2026-05-15 10:00:00,739.37,741.15,738.97,741.14,2069972.0
SPY,2026-05-15 10:15:00,741.12,742.67,740.8,741.1,1367144.0
SPY,2026-05-15 10:30:00,741.15,742.29,741.05,742.06,1247753.0
SPY,2026-05-15 10:45:00,742.05,742.12,740.39,740.97,1286611.0
SPY,2026-05-15 11:00:00,740.98,741.46,740.14,740.9,1675031.0
SPY,2026-05-15 11:15:00,740.88,741.78,740.73,741.23,1003851.0
SPY,2026-05-15 11:30:00,741.26,741.95,739.87,740.15,1078769.0
SPY,2026-05-15 11:45:00,740.15,740.38,739.12,740.28,1152870.0
SPY,2026-05-15 12:00:00,740.29,740.64,739.69,740.44,838697.0
SPY,2026-05-15 12:15:00,740.41,741.37,739.86,741.28,481653.0
SPY,2026-05-15 12:30:00,741.35,741.6,741.03,741.53,903468.0
SPY,2026-05-15 12:45:00,741.57,741.69,740.28,740.96,603660.0
SPY,2026-05-15 13:00:00,740.81,741.75,740.68,741.64,469641.0
SPY,2026-05-15 13:15:00,741.65,742.94,741.26,742.52,592446.0
SPY,2026-05-15 13:30:00,742.51,742.87,742.07,742.44,1105433.0
SPY,2026-05-15 13:45:00,742.45,743.0,742.25,742.96,756443.0
SPY,2026-05-15 14:00:00,743.0,743.45,742.9,743.0,1236094.0
SPY,2026-05-15 14:15:00,742.98,743.04,741.51,741.73,1285706.0
SPY,2026-05-15 14:30:00,741.74,741.8,740.46,741.38,1073840.0
SPY,2026-05-15 14:45:00,741.38,741.88,740.91,741.62,764047.0
SPY,2026-05-15 15:00:00,741.64,741.74,740.29,740.57,1008710.0
SPY,2026-05-15 15:15:00,740.58,740.76,740.05,740.16,984346.0
SPY,2026-05-15 15:30:00,740.14,740.82,739.95,740.05,1642288.0
SPY,2026-05-15 15:45:00,740.03,740.42,738.54,739.08,1095964.0
SPY,2026-05-18 09:30:00,739.83,740.04,737.98,738.06,1333006.0
SPY,2026-05-18 09:45:00,738.03,741.4,737.56,740.55,2231661.0
SPY,2026-05-18 10:00:00,740.55,740.67,738.6,739.95,1696628.0
SPY,2026-05-18 10:15:00,739.91,740.8,739.25,739.5,917825.0
SPY,2026-05-18 10:30:00,739.52,739.82,736.44,738.3,2205430.0
SPY,2026-05-18 10:45:00,738.26,738.74,737.28,738.29,1038824.0
SPY,2026-05-18 11:00:00,738.33,739.02,736.52,737.24,1661821.0
SPY,2026-05-18 11:15:00,737.23,737.39,735.53,735.62,950761.0
SPY,2026-05-18 11:30:00,735.58,737.36,735.21,736.26,1040712.0
SPY,2026-05-18 11:45:00,736.24,737.2,736.01,736.28,830925.0
SPY,2026-05-18 12:00:00,736.37,736.96,735.72,736.96,700058.0
SPY,2026-05-18 12:15:00,736.94,737.93,734.47,734.83,1219367.0
SPY,2026-05-18 12:30:00,734.82,736.12,734.22,735.14,1030800.0
SPY,2026-05-18 12:45:00,735.13,737.34,735.1,736.49,992763.0
SPY,2026-05-18 13:00:00,736.49,737.4,735.94,736.76,1138068.0
SPY,2026-05-18 13:15:00,736.73,737.42,736.62,737.36,679907.0
SPY,2026-05-18 13:30:00,737.35,737.42,736.24,736.81,664849.0
SPY,2026-05-18 13:45:00,736.81,737.33,736.38,737.03,849310.0
SPY,2026-05-18 14:00:00,737.04,737.15,735.04,735.06,1446193.0
SPY,2026-05-18 14:15:00,735.09,735.13,733.71,734.71,1651825.0
SPY,2026-05-18 14:30:00,734.73,735.18,733.97,734.57,1367563.0
SPY,2026-05-18 14:45:00,734.56,734.74,733.39,733.67,1345974.0
SPY,2026-05-18 15:00:00,733.68,738.02,733.62,736.06,3658165.0
SPY,2026-05-18 15:15:00,736.08,736.5,734.67,735.52,1528923.0
SPY,2026-05-18 15:30:00,735.53,737.82,735.28,737.76,1870153.0
SPY,2026-05-18 15:45:00,737.77,738.75,737.54,738.56,3332492.0
SPY,2026-05-19 09:30:00,734.78,735.66,733.45,733.56,2678945.0
SPY,2026-05-19 09:45:00,733.61,736.3,733.09,735.32,1820635.0
SPY,2026-05-19 10:00:00,735.33,735.34,732.82,732.92,2246534.0
SPY,2026-05-19 10:15:00,732.9,733.17,731.74,732.42,3167400.0
SPY,2026-05-19 10:30:00,732.42,733.47,732.03,732.76,1870858.0
SPY,2026-05-19 10:45:00,732.76,733.18,731.53,733.16,1386975.0
SPY,2026-05-19 11:00:00,733.16,733.7,732.64,733.56,1148167.0
SPY,2026-05-19 11:15:00,733.57,733.96,731.7,732.23,1000052.0
SPY,2026-05-19 11:30:00,732.22,733.94,732.04,733.55,1160766.0
SPY,2026-05-19 11:45:00,733.56,733.93,732.55,732.99,751319.0
SPY,2026-05-19 12:00:00,733.0,734.0,732.32,732.78,715498.0
SPY,2026-05-19 12:15:00,732.82,734.74,732.78,734.49,1129075.0
SPY,2026-05-19 12:30:00,734.49,735.45,734.35,735.44,1334118.0
SPY,2026-05-19 12:45:00,735.42,736.3,735.25,736.12,1383660.0
SPY,2026-05-19 13:00:00,736.12,737.02,735.92,736.88,1305316.0
SPY,2026-05-19 13:15:00,736.87,737.65,736.73,736.98,1429046.0
SPY,2026-05-19 13:30:00,736.97,737.57,736.71,737.12,1230412.0
SPY,2026-05-19 13:45:00,737.14,737.16,736.0,736.77,1195200.0
SPY,2026-05-19 14:00:00,736.83,737.31,736.61,736.99,1534584.0
SPY,2026-05-19 14:15:00,736.98,737.11,735.82,735.88,1586425.0
SPY,2026-05-19 14:30:00,735.89,736.37,735.5,735.85,1300480.0
SPY,2026-05-19 14:45:00,735.86,735.86,734.2,734.45,1321242.0
SPY,2026-05-19 15:00:00,734.41,736.08,734.37,736.01,1279501.0
SPY,2026-05-19 15:15:00,736.03,736.15,733.9,734.77,1478915.0
SPY,2026-05-19 15:30:00,734.79,735.01,733.75,733.86,2154015.0
SPY,2026-05-19 15:45:00,733.84,734.07,732.58,733.79,6410636.0
SPY,2026-05-20 09:30:00,735.71,736.31,734.27,735.98,2409838.0
SPY,2026-05-20 09:45:00,736.03,737.23,735.33,736.13,1665743.0
SPY,2026-05-20 10:00:00,736.14,736.26,733.89,735.3,1538483.0
SPY,2026-05-20 10:15:00,735.35,738.54,735.21,737.89,2762651.0
SPY,2026-05-20 10:30:00,737.9,738.98,737.44,738.3,1871697.0
SPY,2026-05-20 10:45:00,738.31,739.48,737.6,739.2,1189613.0
SPY,2026-05-20 11:00:00,739.19,739.5,738.59,738.8,922290.0
SPY,2026-05-20 11:15:00,738.8,741.87,738.8,739.29,3327504.0
SPY,2026-05-20 11:30:00,739.29,740.43,739.23,740.32,992394.0
SPY,2026-05-20 11:45:00,740.33,740.92,739.92,740.24,937411.0
SPY,2026-05-20 12:00:00,740.26,740.53,739.84,740.08,645144.0
SPY,2026-05-20 12:15:00,740.07,740.13,738.55,738.93,1005260.0
SPY,2026-05-20 12:30:00,738.95,739.94,738.51,739.94,979035.0
SPY,2026-05-20 12:45:00,739.91,740.01,738.71,739.36,1045753.0
SPY,2026-05-20 13:00:00,739.4,740.12,738.74,739.67,1037671.0
SPY,2026-05-20 13:15:00,739.64,740.35,739.52,740.16,681707.0
SPY,2026-05-20 13:30:00,740.16,740.72,739.79,740.26,737258.0
SPY,2026-05-20 13:45:00,740.27,740.36,739.61,739.85,703418.0
SPY,2026-05-20 14:00:00,739.86,740.49,739.3,740.07,1342486.0
SPY,2026-05-20 14:15:00,740.08,740.31,739.64,740.08,953542.0
SPY,2026-05-20 14:30:00,740.13,740.85,739.76,739.78,957783.0
SPY,2026-05-20 14:45:00,739.79,740.3,739.68,740.16,652698.0
SPY,2026-05-20 15:00:00,740.16,740.74,740.02,740.54,1007533.0
SPY,2026-05-20 15:15:00,740.55,740.96,740.4,740.82,1394131.0
SPY,2026-05-20 15:30:00,740.83,741.61,740.57,741.24,1986856.0
SPY,2026-05-20 15:45:00,741.22,741.46,740.55,741.25,4174487.0
SPY,2026-05-21 09:30:00,738.64,738.69,737.45,737.65,2258053.0
SPY,2026-05-21 09:45:00,737.64,740.18,737.41,739.79,2180428.0
SPY,2026-05-21 10:00:00,739.78,740.61,739.23,739.44,1256693.0
SPY,2026-05-21 10:15:00,739.39,739.52,737.44,738.51,1710522.0
SPY,2026-05-21 10:30:00,738.5,739.27,738.0,738.59,880331.0
SPY,2026-05-21 10:45:00,738.56,739.24,737.6,738.91,717856.0
SPY,2026-05-21 11:00:00,738.96,739.33,737.03,738.93,1398031.0
SPY,2026-05-21 11:15:00,738.95,739.37,738.63,738.8,1106572.0
SPY,2026-05-21 11:30:00,738.81,739.35,737.82,739.12,887046.0
SPY,2026-05-21 11:45:00,739.13,739.81,739.11,739.3,831466.0
SPY,2026-05-21 12:00:00,739.3,739.96,739.2,739.44,828550.0
SPY,2026-05-21 12:15:00,739.44,739.52,738.38,738.8,732431.0
SPY,2026-05-21 12:30:00,738.81,739.18,738.4,738.9,770226.0
SPY,2026-05-21 12:45:00,738.93,739.17,738.09,738.9,744791.0
SPY,2026-05-21 13:00:00,738.93,741.14,738.93,740.45,1505852.0
SPY,2026-05-21 13:15:00,740.49,743.05,740.37,742.15,1572038.0
SPY,2026-05-21 13:30:00,742.15,743.61,741.97,743.51,1311463.0
SPY,2026-05-21 13:45:00,743.58,744.87,743.15,743.68,1632877.0
SPY,2026-05-21 14:00:00,743.68,744.11,742.75,742.89,1599149.0
SPY,2026-05-21 14:15:00,742.88,743.64,742.58,743.34,1064034.0
SPY,2026-05-21 14:30:00,743.38,743.71,742.95,743.49,981107.0
SPY,2026-05-21 14:45:00,743.48,743.65,740.08,741.02,2420883.0
SPY,2026-05-21 15:00:00,741.02,742.54,741.01,742.52,1208956.0
SPY,2026-05-21 15:15:00,742.54,742.87,742.33,742.68,1234951.0
SPY,2026-05-21 15:30:00,742.65,742.98,742.08,742.37,1419168.0
SPY,2026-05-21 15:45:00,742.35,743.15,741.93,742.71,1953531.0
SPY,2026-05-22 09:30:00,746.2,748.15,745.65,747.42,1448931.0
SPY,2026-05-22 09:45:00,747.46,748.08,746.63,747.54,1745124.0
SPY,2026-05-22 10:00:00,747.54,747.54,745.28,745.57,1415015.0
SPY,2026-05-22 10:15:00,745.54,746.06,744.49,745.69,962510.0
SPY,2026-05-22 10:30:00,745.69,746.51,745.46,746.37,729176.0
SPY,2026-05-22 10:45:00,746.36,746.72,745.79,746.49,636818.0
SPY,2026-05-22 11:00:00,746.52,747.13,746.46,747.02,716954.0
SPY,2026-05-22 11:15:00,747.03,747.88,746.9,747.88,734275.0
SPY,2026-05-22 11:30:00,747.89,748.05,747.43,747.74,754482.0
SPY,2026-05-22 11:45:00,747.71,747.79,747.31,747.62,743026.0
SPY,2026-05-22 12:00:00,747.6,747.74,747.19,747.42,543852.0
SPY,2026-05-22 12:15:00,747.41,747.41,746.85,747.38,670508.0
SPY,2026-05-22 12:30:00,747.4,747.63,746.87,747.03,443825.0
SPY,2026-05-22 12:45:00,747.03,747.55,747.03,747.28,331016.0
SPY,2026-05-22 13:00:00,747.31,747.87,747.3,747.65,620296.0
SPY,2026-05-22 13:15:00,747.66,748.77,746.63,748.75,1583672.0
SPY,2026-05-22 13:30:00,748.74,748.92,747.8,748.0,1629729.0
SPY,2026-05-22 13:45:00,748.01,748.1,747.11,747.37,623870.0
SPY,2026-05-22 14:00:00,747.38,747.68,746.82,747.24,1140221.0
SPY,2026-05-22 14:15:00,747.2,747.57,746.99,747.34,668635.0
SPY,2026-05-22 14:30:00,747.31,747.47,746.82,747.33,673042.0
SPY,2026-05-22 14:45:00,747.35,747.46,746.94,747.12,862388.0
SPY,2026-05-22 15:00:00,747.12,747.27,746.14,746.36,1090602.0
SPY,2026-05-22 15:15:00,746.35,746.44,745.5,745.58,1538798.0
SPY,2026-05-22 15:30:00,745.58,746.12,745.26,745.64,2082550.0
SPY,2026-05-22 15:45:00,745.65,746.21,744.96,745.6,2585747.0
SPY,2026-05-26 09:30:00,750.05,750.69,749.13,750.65,1338257.0
SPY,2026-05-26 09:45:00,750.65,751.12,749.59,750.75,1515978.0
SPY,2026-05-26 10:00:00,750.78,751.45,750.54,751.44,1240604.0
SPY,2026-05-26 10:15:00,751.44,751.86,751.19,751.55,1133591.0
SPY,2026-05-26 10:30:00,751.54,752.12,751.35,752.04,1112281.0
SPY,2026-05-26 10:45:00,752.02,752.06,751.16,751.38,872924.0
SPY,2026-05-26 11:00:00,751.41,751.46,750.37,750.59,1459588.0
SPY,2026-05-26 11:15:00,750.55,750.57,749.73,749.83,1326265.0
SPY,2026-05-26 11:30:00,749.85,750.0,749.18,749.37,1442031.0
SPY,2026-05-26 11:45:00,749.39,749.43,748.37,748.93,1178034.0
SPY,2026-05-26 12:00:00,748.93,749.41,748.63,748.9,1177254.0
SPY,2026-05-26 12:15:00,748.88,749.76,748.81,749.73,872034.0
SPY,2026-05-26 12:30:00,749.74,750.02,749.2,749.22,953173.0
SPY,2026-05-26 12:45:00,749.22,749.44,748.87,749.01,1017817.0
SPY,2026-05-26 13:00:00,749.0,749.42,748.92,749.28,759974.0
SPY,2026-05-26 13:15:00,749.3,749.3,748.52,748.65,633861.0
SPY,2026-05-26 13:30:00,748.65,749.15,748.5,748.84,720747.0
SPY,2026-05-26 13:45:00,748.85,749.32,748.78,749.03,735753.0
SPY,2026-05-26 14:00:00,749.03,749.7,748.8,749.65,1486042.0
SPY,2026-05-26 14:15:00,749.66,750.0,749.61,749.65,796426.0
SPY,2026-05-26 14:30:00,749.64,750.0,749.4,749.41,943170.0
SPY,2026-05-26 14:45:00,749.41,749.58,749.04,749.09,1455418.0
SPY,2026-05-26 15:00:00,749.09,749.44,748.85,749.2,1162843.0
SPY,2026-05-26 15:15:00,749.19,749.57,749.19,749.51,1188994.0
SPY,2026-05-26 15:30:00,749.5,750.54,749.5,750.51,1725744.0
SPY,2026-05-26 15:45:00,750.5,750.87,750.04,750.45,2558870.0
SPY,2026-05-27 09:30:00,750.91,751.28,749.23,749.47,2132866.0
SPY,2026-05-27 09:45:00,749.46,750.77,749.3,750.49,2364982.0
SPY,2026-05-27 10:00:00,750.5,751.3,750.16,750.74,1313979.0
SPY,2026-05-27 10:15:00,750.82,751.37,749.55,750.07,1741102.0
SPY,2026-05-27 10:30:00,750.0,751.02,749.29,750.42,1272314.0
SPY,2026-05-27 10:45:00,750.43,750.57,749.48,749.68,720776.0
SPY,2026-05-27 11:00:00,749.69,750.14,749.42,749.82,744842.0
SPY,2026-05-27 11:15:00,749.87,749.87,748.91,749.54,883419.0
SPY,2026-05-27 11:30:00,749.54,750.2,748.54,748.62,1727816.0
SPY,2026-05-27 11:45:00,748.62,749.28,748.37,749.11,949130.0
SPY,2026-05-27 12:00:00,749.09,749.72,748.56,749.56,765190.0
SPY,2026-05-27 12:15:00,749.62,749.82,749.32,749.7,800387.0
SPY,2026-05-27 12:30:00,749.65,750.43,749.48,750.25,660709.0
SPY,2026-05-27 12:45:00,750.25,750.62,749.6,749.79,480092.0
SPY,2026-05-27 13:00:00,749.81,749.91,748.22,748.89,890508.0
SPY,2026-05-27 13:15:00,748.85,749.5,748.75,749.15,832132.0
SPY,2026-05-27 13:30:00,749.17,749.94,749.17,749.38,663088.0
SPY,2026-05-27 13:45:00,749.36,750.04,749.2,749.72,639269.0
SPY,2026-05-27 14:00:00,749.71,750.07,749.3,750.04,880439.0
SPY,2026-05-27 14:15:00,750.05,750.81,749.91,750.71,942043.0
SPY,2026-05-27 14:30:00,750.72,750.91,750.41,750.83,695295.0
SPY,2026-05-27 14:45:00,750.82,751.05,750.7,750.81,787130.0
SPY,2026-05-27 15:00:00,750.82,751.13,750.64,750.9,1025776.0
SPY,2026-05-27 15:15:00,750.9,751.01,750.31,750.57,924544.0
SPY,2026-05-27 15:30:00,750.56,750.89,750.37,750.87,1271131.0
SPY,2026-05-27 15:45:00,750.86,750.86,750.1,750.51,2355986.0
SPY,2026-05-28 09:30:00,750.22,750.42,749.23,749.53,1019187.0
SPY,2026-05-28 09:45:00,749.51,750.33,749.27,750.19,1435404.0
SPY,2026-05-28 10:00:00,750.2,754.0,750.0,753.06,1363780.0
SPY,2026-05-28 10:15:00,753.01,753.46,751.94,752.73,2273539.0
SPY,2026-05-28 10:30:00,752.77,752.98,751.73,752.48,996250.0
SPY,2026-05-28 10:45:00,752.48,752.95,751.81,752.88,1266319.0
SPY,2026-05-28 11:00:00,752.87,753.93,752.78,753.3,1803883.0
SPY,2026-05-28 11:15:00,753.32,754.14,753.13,753.94,1015502.0
SPY,2026-05-28 11:30:00,753.95,754.25,753.79,754.05,776618.0
SPY,2026-05-28 11:45:00,754.02,754.29,753.87,754.09,576415.0
SPY,2026-05-28 12:00:00,754.08,754.23,753.69,754.17,610938.0
SPY,2026-05-28 12:15:00,754.17,754.85,754.02,754.37,843992.0
SPY,2026-05-28 12:30:00,754.4,754.49,754.06,754.43,613855.0
SPY,2026-05-28 12:45:00,754.43,754.78,754.25,754.72,587418.0
SPY,2026-05-28 13:00:00,754.73,754.87,754.27,754.28,606717.0
SPY,2026-05-28 13:15:00,754.3,754.53,754.12,754.25,462298.0
SPY,2026-05-28 13:30:00,754.28,754.56,754.1,754.48,887007.0
SPY,2026-05-28 13:45:00,754.49,754.92,754.46,754.67,1233425.0
SPY,2026-05-28 14:00:00,754.69,754.9,754.48,754.51,1402942.0
SPY,2026-05-28 14:15:00,754.52,754.86,754.41,754.77,875133.0
SPY,2026-05-28 14:30:00,754.76,754.76,754.26,754.38,1444402.0
SPY,2026-05-28 14:45:00,754.36,754.57,754.19,754.24,1049019.0
SPY,2026-05-28 15:00:00,754.23,754.52,754.11,754.25,1152776.0
SPY,2026-05-28 15:15:00,754.24,754.77,754.19,754.76,1131432.0
SPY,2026-05-28 15:30:00,754.76,755.15,754.7,754.71,2423672.0
SPY,2026-05-28 15:45:00,754.71,754.95,754.45,754.64,2318820.0
SPY,2026-05-29 09:30:00,755.9,757.48,755.5,757.47,1848160.0
SPY,2026-05-29 09:45:00,757.47,757.91,757.29,757.83,1961507.0
SPY,2026-05-29 10:00:00,757.82,758.08,757.19,757.31,1608196.0
SPY,2026-05-29 10:15:00,757.29,757.32,755.85,756.62,1511860.0
SPY,2026-05-29 10:30:00,756.61,756.96,755.1,755.17,1558875.0
SPY,2026-05-29 10:45:00,755.1,756.73,754.71,756.05,1411529.0
SPY,2026-05-29 11:00:00,756.08,757.32,755.89,757.31,1314198.0
SPY,2026-05-29 11:15:00,757.34,757.42,756.3,756.79,1424457.0
SPY,2026-05-29 11:30:00,756.76,757.34,756.51,756.71,922202.0
SPY,2026-05-29 11:45:00,756.71,756.88,756.29,756.41,747045.0
SPY,2026-05-29 12:00:00,756.48,757.46,756.34,757.31,775497.0
SPY,2026-05-29 12:15:00,757.31,757.39,756.69,756.75,662230.0
SPY,2026-05-29 12:30:00,756.76,757.83,756.5,757.47,927321.0
SPY,2026-05-29 12:45:00,757.48,757.55,756.56,756.8,628781.0
SPY,2026-05-29 13:00:00,756.81,757.02,756.49,756.76,475803.0
SPY,2026-05-29 13:15:00,756.78,757.0,756.22,756.6,613425.0
SPY,2026-05-29 13:30:00,756.6,756.67,756.03,756.07,1364248.0
SPY,2026-05-29 13:45:00,756.07,756.27,755.22,755.29,800814.0
SPY,2026-05-29 14:00:00,755.31,756.14,755.13,755.75,1072035.0
SPY,2026-05-29 14:15:00,755.76,756.41,755.61,756.3,942108.0
SPY,2026-05-29 14:30:00,756.33,756.77,756.33,756.43,959166.0
SPY,2026-05-29 14:45:00,756.4,756.41,755.42,755.5,1436920.0
SPY,2026-05-29 15:00:00,755.5,756.51,755.36,756.36,1091223.0
SPY,2026-05-29 15:15:00,756.35,756.87,755.97,756.86,1671142.0
SPY,2026-05-29 15:30:00,756.86,757.63,756.83,757.21,2779456.0
SPY,2026-05-29 15:45:00,757.21,757.37,756.18,756.38,985195.0
QQQ,2026-05-01 09:30:00,669.15,673.06,668.81,672.91,2040892.0
QQQ,2026-05-01 09:45:00,672.95,674.96,672.07,674.96,3117071.0
QQQ,2026-05-01 10:00:00,674.97,675.76,674.47,675.31,1521057.0
QQQ,2026-05-01 10:15:00,675.3,675.73,674.6,674.87,2318069.0
QQQ,2026-05-01 10:30:00,674.87,674.88,672.01,673.51,2398254.0
QQQ,2026-05-01 10:45:00,673.59,674.28,673.06,673.6,702607.0
QQQ,2026-05-01 11:00:00,673.61,674.06,672.48,674.05,970823.0
QQQ,2026-05-01 11:15:00,674.06,674.87,673.89,674.69,846736.0
QQQ,2026-05-01 11:30:00,674.71,675.69,674.53,675.49,1389886.0
QQQ,2026-05-01 11:45:00,675.43,675.97,674.12,675.36,631960.0
QQQ,2026-05-01 12:00:00,675.3,675.61,674.12,674.28,1352667.0
QQQ,2026-05-01 12:15:00,674.22,675.05,673.65,674.0,304997.0
QQQ,2026-05-01 12:30:00,673.98,674.35,673.42,673.65,626899.0
QQQ,2026-05-01 12:45:00,673.63,674.51,673.34,673.94,739574.0
QQQ,2026-05-01 13:00:00,673.89,674.56,673.89,674.56,586374.0
QQQ,2026-05-01 13:15:00,674.55,675.28,674.54,675.24,656510.0
QQQ,2026-05-01 13:30:00,675.25,675.34,674.75,675.23,449687.0
QQQ,2026-05-01 13:45:00,675.27,675.53,675.05,675.22,455304.0
QQQ,2026-05-01 14:00:00,675.23,675.37,674.27,674.33,896395.0
QQQ,2026-05-01 14:15:00,674.3,674.98,674.09,674.91,585624.0
QQQ,2026-05-01 14:30:00,674.92,674.92,673.54,673.76,674863.0
QQQ,2026-05-01 14:45:00,673.75,673.84,673.1,673.76,874879.0
QQQ,2026-05-01 15:00:00,673.77,674.98,673.68,674.89,958137.0
QQQ,2026-05-01 15:15:00,674.88,675.63,674.72,675.55,1073865.0
QQQ,2026-05-01 15:30:00,675.58,675.66,674.78,675.02,1054839.0
QQQ,2026-05-01 15:45:00,675.01,675.19,673.84,674.09,1399586.0
QQQ,2026-05-04 09:30:00,674.62,675.4,673.54,674.64,1052645.0
QQQ,2026-05-04 09:45:00,674.58,675.67,674.38,675.61,1218844.0
QQQ,2026-05-04 10:00:00,675.58,676.05,674.46,675.55,1348945.0
QQQ,2026-05-04 10:15:00,675.53,676.02,674.96,675.05,549176.0
QQQ,2026-05-04 10:30:00,675.01,676.48,674.88,676.35,903845.0
QQQ,2026-05-04 10:45:00,676.4,676.73,675.15,675.26,1016179.0
QQQ,2026-05-04 11:00:00,675.32,676.07,674.29,674.7,1076110.0
QQQ,2026-05-04 11:15:00,674.65,674.95,671.22,672.74,2492371.0
QQQ,2026-05-04 11:30:00,672.74,672.92,670.88,672.46,1457451.0
QQQ,2026-05-04 11:45:00,672.45,672.62,670.97,671.75,1128470.0
QQQ,2026-05-04 12:00:00,671.78,672.03,668.91,669.9,1564257.0
QQQ,2026-05-04 12:15:00,669.83,672.08,669.24,671.28,761768.0
QQQ,2026-05-04 12:30:00,671.26,672.0,670.7,671.25,703905.0
QQQ,2026-05-04 12:45:00,671.26,671.47,670.67,671.12,977477.0
QQQ,2026-05-04 13:00:00,671.08,672.36,671.07,672.03,1044021.0
QQQ,2026-05-04 13:15:00,672.0,673.45,671.93,673.21,965449.0
QQQ,2026-05-04 13:30:00,673.23,673.32,672.23,672.8,516325.0
QQQ,2026-05-04 13:45:00,672.8,673.43,672.58,673.17,726318.0
QQQ,2026-05-04 14:00:00,673.17,673.79,673.07,673.07,721524.0
QQQ,2026-05-04 14:15:00,673.06,673.08,671.72,672.71,498018.0
QQQ,2026-05-04 14:30:00,672.66,672.76,671.6,671.62,377935.0
QQQ,2026-05-04 14:45:00,671.61,672.49,671.39,672.4,630889.0
QQQ,2026-05-04 15:00:00,672.43,673.03,671.91,672.75,1615599.0
QQQ,2026-05-04 15:15:00,672.76,673.06,672.1,672.86,999938.0
QQQ,2026-05-04 15:30:00,672.81,673.2,672.48,672.63,972281.0
QQQ,2026-05-04 15:45:00,672.63,673.1,672.07,672.84,2110474.0
QQQ,2026-05-05 09:30:00,677.98,680.2,677.51,680.17,1816435.0
QQQ,2026-05-05 09:45:00,680.21,680.91,679.8,680.23,1868290.0
QQQ,2026-05-05 10:00:00,680.23,680.83,679.35,679.54,1523551.0
QQQ,2026-05-05 10:15:00,679.5,681.45,679.02,681.12,2125879.0
QQQ,2026-05-05 10:30:00,681.1,681.58,680.25,680.33,593780.0
QQQ,2026-05-05 10:45:00,680.31,680.94,680.03,680.53,352372.0
QQQ,2026-05-05 11:00:00,680.5,681.47,680.35,681.43,94731.0
QQQ,2026-05-05 11:15:00,681.42,681.6,681.07,681.35,863345.0
QQQ,2026-05-05 11:30:00,681.38,681.67,680.9,681.51,1151430.0
QQQ,2026-05-05 11:45:00,681.53,681.8,681.16,681.29,814257.0
QQQ,2026-05-05 12:00:00,681.33,681.93,681.16,681.85,611753.0
QQQ,2026-05-05 12:15:00,681.86,681.89,680.42,681.04,783051.0
QQQ,2026-05-05 12:30:00,681.01,681.34,680.51,680.87,641947.0
QQQ,2026-05-05 12:45:00,680.83,681.52,680.73,681.27,495347.0
QQQ,2026-05-05 13:00:00,681.27,681.49,680.88,681.19,261057.0
QQQ,2026-05-05 13:15:00,681.19,681.75,681.19,681.75,649991.0
QQQ,2026-05-05 13:30:00,681.75,681.91,681.52,681.83,1278895.0
QQQ,2026-05-05 13:45:00,681.87,682.29,681.79,682.11,694985.8548600003
QQQ,2026-05-05 14:00:00,682.08,682.7,682.03,682.64,601476.0
QQQ,2026-05-05 14:15:00,682.62,682.71,682.35,682.55,700233.0
QQQ,2026-05-05 14:30:00,682.53,682.63,682.38,682.49,223449.0
QQQ,2026-05-05 14:45:00,682.48,682.62,681.95,682.3,530469.0
QQQ,2026-05-05 15:00:00,682.31,682.77,682.18,682.41,460131.0
QQQ,2026-05-05 15:15:00,682.41,682.54,682.13,682.28,769101.0
QQQ,2026-05-05 15:30:00,682.26,682.34,681.89,682.07,675293.0
QQQ,2026-05-05 15:45:00,682.05,682.11,680.87,681.58,1570227.0
QQQ,2026-05-06 09:30:00,687.78,689.97,686.49,689.96,1866040.0
QQQ,2026-05-06 09:45:00,689.99,690.52,688.45,689.63,2259916.0
QQQ,2026-05-06 10:00:00,689.63,690.37,687.64,689.75,1300720.0
QQQ,2026-05-06 10:15:00,689.76,690.08,688.07,688.42,1551666.0
QQQ,2026-05-06 10:30:00,688.44,691.01,688.44,690.91,957157.0
QQQ,2026-05-06 10:45:00,690.98,691.59,690.88,691.28,1038982.0
QQQ,2026-05-06 11:00:00,691.23,691.8,690.85,691.27,982640.0
QQQ,2026-05-06 11:15:00,691.27,692.4,691.19,692.29,530394.0
QQQ,2026-05-06 11:30:00,692.3,692.47,691.15,691.75,394503.0
QQQ,2026-05-06 11:45:00,691.78,692.22,691.6,691.88,577165.0
QQQ,2026-05-06 12:00:00,691.87,692.86,691.77,692.74,608027.0
QQQ,2026-05-06 12:15:00,692.73,692.75,692.03,692.2,918101.0
QQQ,2026-05-06 12:30:00,692.22,692.47,691.71,692.07,583003.0
QQQ,2026-05-06 12:45:00,692.06,692.07,690.72,691.34,717765.0
QQQ,2026-05-06 13:00:00,691.37,692.44,691.1,692.33,644295.0
QQQ,2026-05-06 13:15:00,692.32,692.62,692.05,692.44,402285.0
QQQ,2026-05-06 13:30:00,692.4,693.03,692.38,692.99,246412.0
QQQ,2026-05-06 13:45:00,693.02,693.04,692.51,692.82,627744.0
QQQ,2026-05-06 14:00:00,692.82,693.38,692.65,693.3,788884.0
QQQ,2026-05-06 14:15:00,693.32,693.74,693.32,693.63,696531.0
QQQ,2026-05-06 14:30:00,693.64,694.39,693.44,693.97,805686.0
QQQ,2026-05-06 14:45:00,693.97,694.17,693.61,693.78,756941.0
QQQ,2026-05-06 15:00:00,693.75,694.73,693.7,694.65,1219674.0
QQQ,2026-05-06 15:15:00,694.66,695.21,694.56,695.06,1089210.0
QQQ,2026-05-06 15:30:00,695.06,695.06,694.42,694.51,1342734.0
QQQ,2026-05-06 15:45:00,694.48,695.92,694.44,695.61,2419581.0
QQQ,2026-05-07 09:30:00,696.58,697.32,695.94,696.29,1378776.0
QQQ,2026-05-07 09:45:00,696.33,697.85,695.54,697.32,1777995.0
QQQ,2026-05-07 10:00:00,697.33,698.89,697.25,698.66,1388958.0
QQQ,2026-05-07 10:15:00,698.7,700.1,698.34,699.52,2023165.0
QQQ,2026-05-07 10:30:00,699.6,700.5,699.21,700.14,1167589.0
QQQ,2026-05-07 10:45:00,700.14,701.23,699.43,700.82,520608.0
QQQ,2026-05-07 11:00:00,700.84,700.84,698.89,699.26,1243264.1606200002
QQQ,2026-05-07 11:15:00,699.22,699.77,698.35,699.05,844732.0
QQQ,2026-05-07 11:30:00,699.16,700.1,698.99,699.7,855318.0
QQQ,2026-05-07 11:45:00,699.7,699.87,697.11,697.36,1061495.0
QQQ,2026-05-07 12:00:00,697.36,697.45,695.12,695.31,1678992.0
QQQ,2026-05-07 12:15:00,694.24,696.48,693.79,696.32,1903531.0
QQQ,2026-05-07 12:30:00,696.31,697.16,695.46,695.91,1159050.0
QQQ,2026-05-07 12:45:00,695.91,696.13,694.4,695.21,1162655.0
QQQ,2026-05-07 13:00:00,695.29,695.61,694.15,694.57,949934.0
QQQ,2026-05-07 13:15:00,694.48,695.27,691.78,693.08,2074898.0
QQQ,2026-05-07 13:30:00,693.09,695.06,692.65,693.98,1297702.0
QQQ,2026-05-07 13:45:00,693.95,695.4,693.08,695.23,1166318.0
QQQ,2026-05-07 14:00:00,695.3,695.78,694.18,694.72,1531148.0
QQQ,2026-05-07 14:15:00,694.78,695.46,693.92,694.2,824910.0
QQQ,2026-05-07 14:30:00,694.2,695.08,692.77,693.14,929380.0
QQQ,2026-05-07 14:45:00,693.19,694.06,692.48,693.94,1661704.0
QQQ,2026-05-07 15:00:00,693.99,694.4,693.28,694.15,833344.0
QQQ,2026-05-07 15:15:00,694.16,694.24,692.58,693.15,1517915.0
QQQ,2026-05-07 15:30:00,693.19,694.94,693.08,694.78,1626298.0
QQQ,2026-05-07 15:45:00,694.81,695.55,694.06,694.92,4419129.0
QQQ,2026-05-08 09:30:00,699.92,702.76,699.53,702.73,2411515.0
QQQ,2026-05-08 09:45:00,702.74,705.44,702.74,705.33,2366632.0
QQQ,2026-05-08 10:00:00,705.32,705.84,704.63,705.2,1867410.0
QQQ,2026-05-08 10:15:00,705.36,706.78,704.9,705.47,1665263.0
QQQ,2026-05-08 10:30:00,705.48,706.1,704.57,706.09,1883468.0
QQQ,2026-05-08 10:45:00,706.1,706.95,705.79,706.7,1144516.0
QQQ,2026-05-08 11:00:00,706.65,707.27,706.33,706.54,1202161.0
QQQ,2026-05-08 11:15:00,706.53,707.22,705.81,707.22,1268251.0994799994
QQQ,2026-05-08 11:30:00,707.23,708.0,706.5,707.22,867568.0
QQQ,2026-05-08 11:45:00,707.24,708.03,707.05,707.4,432611.0
QQQ,2026-05-08 12:00:00,707.41,708.24,707.41,708.07,668517.0
QQQ,2026-05-08 12:15:00,708.03,708.66,707.86,708.62,981544.0
QQQ,2026-05-08 12:30:00,708.62,708.66,707.52,707.53,1671080.0
QQQ,2026-05-08 12:45:00,707.57,708.79,707.53,708.62,1012784.0
QQQ,2026-05-08 13:00:00,708.62,709.96,708.48,709.67,993338.0
QQQ,2026-05-08 13:15:00,709.67,710.45,709.63,710.2,1153592.0
QQQ,2026-05-08 13:30:00,710.24,710.48,709.48,709.56,755818.0
QQQ,2026-05-08 13:45:00,709.58,710.02,708.98,709.19,1501595.0
QQQ,2026-05-08 14:00:00,709.21,710.12,709.12,709.79,688585.7018700019
QQQ,2026-05-08 14:15:00,709.81,709.92,709.36,709.73,721092.0
QQQ,2026-05-08 14:30:00,709.75,709.87,709.31,709.45,1315205.0
QQQ,2026-05-08 14:45:00,709.45,709.61,708.54,708.57,970194.0
QQQ,2026-05-08 15:00:00,708.59,710.14,708.56,709.92,1114787.0
QQQ,2026-05-08 15:15:00,709.9,710.2,709.11,709.13,905461.0
QQQ,2026-05-08 15:30:00,709.14,710.19,709.0,710.11,1202864.0
QQQ,2026-05-08 15:45:00,710.1,711.14,710.01,711.13,1657901.0
QQQ,2026-05-11 09:30:00,710.36,713.5,709.8,712.63,3340459.0
QQQ,2026-05-11 09:45:00,712.64,712.95,710.22,710.48,2188604.0
QQQ,2026-05-11 10:00:00,710.44,712.71,710.44,712.6,1591378.0
QQQ,2026-05-11 10:15:00,712.6,713.04,709.61,709.83,1305001.7487500012
QQQ,2026-05-11 10:30:00,709.86,711.98,708.91,711.8,1834872.0
QQQ,2026-05-11 10:45:00,711.78,712.91,711.57,712.38,1261521.6501400005
QQQ,2026-05-11 11:00:00,712.38,712.81,711.72,711.84,757823.5960799996
QQQ,2026-05-11 11:15:00,711.82,713.31,711.64,713.27,1434779.0
QQQ,2026-05-11 11:30:00,713.25,713.6,712.77,713.21,361985.0
QQQ,2026-05-11 11:45:00,713.12,714.39,713.0,714.18,1041633.0
QQQ,2026-05-11 12:00:00,714.18,714.58,714.0,714.54,786738.0
QQQ,2026-05-11 12:15:00,714.53,714.54,713.73,714.2,576634.0
QQQ,2026-05-11 12:30:00,714.18,714.5,711.92,712.98,887993.0
QQQ,2026-05-11 12:45:00,712.93,713.36,712.55,712.74,807223.0
QQQ,2026-05-11 13:00:00,712.77,713.42,712.24,712.46,836827.0
QQQ,2026-05-11 13:15:00,712.42,713.61,712.1,713.56,595779.0
QQQ,2026-05-11 13:30:00,713.53,714.37,713.52,714.26,657013.0
QQQ,2026-05-11 13:45:00,714.27,714.46,713.58,713.61,761338.0
QQQ,2026-05-11 14:00:00,713.63,714.43,713.61,714.18,629885.0
QQQ,2026-05-11 14:15:00,714.17,714.42,713.79,714.34,954035.0
QQQ,2026-05-11 14:30:00,714.35,714.35,713.55,713.76,873460.0
QQQ,2026-05-11 14:45:00,713.75,713.86,712.3,712.32,1010308.0
QQQ,2026-05-11 15:00:00,712.32,713.45,712.03,713.01,1162348.0
QQQ,2026-05-11 15:15:00,713.03,713.1,711.93,712.16,1254417.0
QQQ,2026-05-11 15:30:00,712.14,712.78,711.88,712.17,1140044.0
QQQ,2026-05-11 15:45:00,712.15,713.39,712.05,713.36,1395214.0
QQQ,2026-05-12 09:30:00,708.19,709.93,706.57,709.93,1380403.0
QQQ,2026-05-12 09:45:00,709.94,710.17,705.68,706.06,1997637.0
QQQ,2026-05-12 10:00:00,706.09,707.71,705.18,707.62,1306685.0
QQQ,2026-05-12 10:15:00,707.66,708.48,704.95,705.05,1260325.0
QQQ,2026-05-12 10:30:00,705.07,706.01,703.12,704.98,1929695.0
QQQ,2026-05-12 10:45:00,704.95,705.03,702.95,703.3,1431218.0
QQQ,2026-05-12 11:00:00,703.3,703.68,702.08,702.1,1069250.0
QQQ,2026-05-12 11:15:00,702.12,702.2,699.48,699.93,1864814.0
QQQ,2026-05-12 11:30:00,699.94,701.65,699.8,701.23,1699395.0
QQQ,2026-05-12 11:45:00,701.27,701.5,698.81,699.03,796886.0
QQQ,2026-05-12 12:00:00,699.04,700.89,698.39,700.75,1120402.4425499998
QQQ,2026-05-12 12:15:00,700.7,700.81,698.83,699.05,1052770.0
QQQ,2026-05-12 12:30:00,699.04,699.19,697.35,697.85,1239572.0
QQQ,2026-05-12 12:45:00,697.83,698.21,696.66,696.8,1311510.0
QQQ,2026-05-12 13:00:00,696.82,699.16,696.82,699.1,1410333.0
QQQ,2026-05-12 13:15:00,699.1,701.29,699.06,700.23,1736306.0
QQQ,2026-05-12 13:30:00,700.25,701.24,699.96,700.56,1212013.0
QQQ,2026-05-12 13:45:00,700.58,701.15,699.99,701.03,594000.0
QQQ,2026-05-12 14:00:00,701.01,701.73,700.85,701.72,947594.0
QQQ,2026-05-12 14:15:00,701.68,703.02,701.32,702.75,1178610.0
QQQ,2026-05-12 14:30:00,702.75,703.16,702.33,702.46,898398.0
QQQ,2026-05-12 14:45:00,702.45,703.14,701.69,701.87,1168788.0
QQQ,2026-05-12 15:00:00,701.92,704.18,701.9,703.93,827847.0
QQQ,2026-05-12 15:15:00,704.0,704.5,703.32,704.08,1072376.0
QQQ,2026-05-12 15:30:00,704.08,706.17,704.08,706.05,1753222.0
QQQ,2026-05-12 15:45:00,706.05,707.55,705.7,707.2,3461307.0
QQQ,2026-05-13 09:30:00,709.82,709.95,707.34,708.2,2829610.0
QQQ,2026-05-13 09:45:00,708.13,708.48,704.83,707.11,2385594.0
QQQ,2026-05-13 10:00:00,707.17,707.68,705.79,707.21,1541737.0
QQQ,2026-05-13 10:15:00,707.19,709.48,706.67,708.79,1484574.0
QQQ,2026-05-13 10:30:00,708.78,709.82,708.36,709.46,1618554.0
QQQ,2026-05-13 10:45:00,709.47,710.85,708.81,710.74,1180772.0
QQQ,2026-05-13 11:00:00,710.73,711.53,710.25,710.83,1058343.0
QQQ,2026-05-13 11:15:00,710.84,711.3,709.85,710.57,1059413.0
QQQ,2026-05-13 11:30:00,710.56,712.36,709.95,712.19,1343571.0
QQQ,2026-05-13 11:45:00,712.19,712.19,710.24,710.54,894342.0
QQQ,2026-05-13 12:00:00,710.56,712.44,710.3,712.4,670397.0
QQQ,2026-05-13 12:15:00,712.4,713.77,712.07,713.6,1119233.0
QQQ,2026-05-13 12:30:00,713.59,713.85,713.03,713.52,1001343.0
QQQ,2026-05-13 12:45:00,713.51,714.2,713.11,713.86,1128746.0
QQQ,2026-05-13 13:00:00,713.9,714.93,713.9,714.81,762976.0
QQQ,2026-05-13 13:15:00,714.8,715.02,714.23,714.8,570747.0
QQQ,2026-05-13 13:30:00,714.79,714.9,714.27,714.65,589163.0
QQQ,2026-05-13 13:45:00,714.63,714.82,713.7,713.72,586005.0
QQQ,2026-05-13 14:00:00,713.75,715.69,713.67,715.63,986153.0
QQQ,2026-05-13 14:15:00,715.65,716.65,715.65,716.28,1305539.0
QQQ,2026-05-13 14:30:00,716.28,716.41,715.34,715.41,1105540.0
QQQ,2026-05-13 14:45:00,715.41,715.64,714.27,714.35,1116141.0
QQQ,2026-05-13 15:00:00,714.43,715.76,714.38,715.71,1321254.0
QQQ,2026-05-13 15:15:00,715.68,716.05,715.07,715.68,736409.0
QQQ,2026-05-13 15:30:00,715.69,715.93,715.36,715.87,1065266.0
QQQ,2026-05-13 15:45:00,715.88,716.05,713.86,714.48,3833425.0
QQQ,2026-05-14 09:30:00,714.62,718.35,714.22,718.27,2473747.0
QQQ,2026-05-14 09:45:00,718.25,719.69,715.9,716.27,2283188.0
QQQ,2026-05-14 10:00:00,716.24,718.05,716.04,717.24,1631307.0
QQQ,2026-05-14 10:15:00,717.21,719.25,717.13,718.19,1407017.0
QQQ,2026-05-14 10:30:00,718.17,719.7,717.88,719.7,970976.0
QQQ,2026-05-14 10:45:00,719.7,720.74,719.18,719.42,1413134.0
QQQ,2026-05-14 11:00:00,719.46,720.93,719.23,720.86,888689.0
QQQ,2026-05-14 11:15:00,720.86,721.81,720.84,721.38,1972388.8344400004
QQQ,2026-05-14 11:30:00,721.41,721.72,720.74,721.32,798739.0
QQQ,2026-05-14 11:45:00,721.36,721.74,720.88,721.4,879449.0
QQQ,2026-05-14 12:00:00,721.41,722.03,721.32,721.41,810377.0
QQQ,2026-05-14 12:15:00,721.45,722.02,720.42,720.68,701292.0
QQQ,2026-05-14 12:30:00,720.74,721.08,720.02,720.51,1089352.0
QQQ,2026-05-14 12:45:00,720.47,720.99,719.93,720.76,685866.0
QQQ,2026-05-14 13:00:00,720.8,721.36,718.91,719.07,733657.0
QQQ,2026-05-14 13:15:00,719.1,719.36,717.56,718.79,1719643.0
QQQ,2026-05-14 13:30:00,718.81,720.11,718.57,720.01,714543.0
QQQ,2026-05-14 13:45:00,720.05,721.33,720.04,720.79,915892.0
QQQ,2026-05-14 14:00:00,720.79,720.79,718.65,719.82,1291849.0
QQQ,2026-05-14 14:15:00,719.83,720.27,719.1,719.43,721061.0
QQQ,2026-05-14 14:30:00,719.47,720.02,719.0,719.4,513643.0
QQQ,2026-05-14 14:45:00,719.39,720.49,719.03,720.27,676332.0
QQQ,2026-05-14 15:00:00,720.27,720.84,719.9,720.22,576325.0
QQQ,2026-05-14 15:15:00,720.19,720.9,719.94,720.02,557830.0
QQQ,2026-05-14 15:30:00,720.02,720.9,719.98,720.73,949169.0
QQQ,2026-05-14 15:45:00,720.73,720.8,719.56,719.72,2151012.0
QQQ,2026-05-15 09:30:00,710.1,710.4,707.07,707.45,3955421.0
QQQ,2026-05-15 09:45:00,707.43,710.35,705.55,706.88,2829805.0
QQQ,2026-05-15 10:00:00,706.9,710.75,706.61,710.69,2092286.0
QQQ,2026-05-15 10:15:00,710.68,712.66,709.96,710.43,2726156.0
QQQ,2026-05-15 10:30:00,710.46,712.1,710.29,711.8,1584901.0
QQQ,2026-05-15 10:45:00,711.83,711.94,709.4,710.16,1160387.0
QQQ,2026-05-15 11:00:00,710.22,711.24,709.24,710.31,1176949.0
QQQ,2026-05-15 11:15:00,710.29,712.09,710.02,711.42,1091976.0
QQQ,2026-05-15 11:30:00,711.45,712.58,709.96,710.27,1082613.0
QQQ,2026-05-15 11:45:00,710.3,710.66,708.54,710.16,2364247.0
QQQ,2026-05-15 12:00:00,710.23,710.9,709.48,710.35,766964.0
QQQ,2026-05-15 12:15:00,710.29,711.48,709.51,711.37,580889.0
QQQ,2026-05-15 12:30:00,711.46,711.77,711.04,711.73,503281.0
QQQ,2026-05-15 12:45:00,711.75,711.83,710.14,711.18,1505859.0
QQQ,2026-05-15 13:00:00,711.2,712.12,710.92,712.1,656948.0
QQQ,2026-05-15 13:15:00,712.12,713.74,711.69,713.47,1092237.0
QQQ,2026-05-15 13:30:00,713.4,714.14,713.17,713.65,967142.0
QQQ,2026-05-15 13:45:00,713.67,714.28,713.35,714.26,433945.0
QQQ,2026-05-15 14:00:00,714.28,715.12,714.23,714.67,1736811.0
QQQ,2026-05-15 14:15:00,714.68,714.74,712.48,712.65,1198021.0
QQQ,2026-05-15 14:30:00,712.63,712.76,711.03,712.42,1095993.0
QQQ,2026-05-15 14:45:00,712.48,713.17,711.91,712.77,978720.0
QQQ,2026-05-15 15:00:00,712.9,712.99,710.63,711.12,1332836.0
QQQ,2026-05-15 15:15:00,711.13,711.14,710.23,710.4,1087942.0
QQQ,2026-05-15 15:30:00,710.4,711.58,710.32,710.48,1306858.0
QQQ,2026-05-15 15:45:00,710.47,710.75,708.39,708.93,2119051.0
QQQ,2026-05-18 09:30:00,711.57,712.07,707.26,707.42,1929959.0
QQQ,2026-05-18 09:45:00,707.32,710.81,706.69,709.25,2525133.0
QQQ,2026-05-18 10:00:00,709.25,709.96,706.53,709.75,1466910.0
QQQ,2026-05-18 10:15:00,709.71,710.62,706.72,707.08,1204907.0
QQQ,2026-05-18 10:30:00,707.1,707.63,702.67,705.54,2170676.0
QQQ,2026-05-18 10:45:00,705.47,705.97,703.42,705.34,1183372.0
QQQ,2026-05-18 11:00:00,705.43,706.4,703.54,705.0,1609219.0
QQQ,2026-05-18 11:15:00,704.92,705.03,702.31,702.35,1259589.0
QQQ,2026-05-18 11:30:00,702.32,704.92,701.94,703.43,1158984.0
QQQ,2026-05-18 11:45:00,703.35,704.51,702.88,703.29,1164225.0
QQQ,2026-05-18 12:00:00,703.3,704.05,702.23,704.02,1206029.0
QQQ,2026-05-18 12:15:00,703.99,705.14,700.0,700.44,2270550.0
QQQ,2026-05-18 12:30:00,700.42,702.41,699.61,701.49,2274175.0
QQQ,2026-05-18 12:45:00,701.47,704.45,701.13,703.49,1099588.0
QQQ,2026-05-18 13:00:00,703.41,704.29,702.59,703.28,993857.0
QQQ,2026-05-18 13:15:00,703.25,703.76,702.57,703.57,831226.0
QQQ,2026-05-18 13:30:00,703.46,704.07,702.45,703.67,605855.0
QQQ,2026-05-18 13:45:00,703.59,703.9,702.74,703.68,930408.0
QQQ,2026-05-18 14:00:00,703.72,703.82,701.33,701.36,1049480.0
QQQ,2026-05-18 14:15:00,701.3,701.38,699.34,700.76,1817068.0
QQQ,2026-05-18 14:30:00,700.77,701.34,699.6,700.3,928551.0
QQQ,2026-05-18 14:45:00,700.3,700.49,698.88,699.56,1178287.0
QQQ,2026-05-18 15:00:00,699.59,705.05,699.46,702.34,1580584.0
QQQ,2026-05-18 15:15:00,702.36,702.75,700.47,701.47,1356050.0
QQQ,2026-05-18 15:30:00,701.44,704.65,701.27,704.63,1300901.0
QQQ,2026-05-18 15:45:00,704.62,706.13,704.37,705.67,1860989.0
QQQ,2026-05-19 09:30:00,699.84,705.08,699.83,701.29,1859098.0
QQQ,2026-05-19 09:45:00,701.33,704.06,700.29,701.76,1596140.0
QQQ,2026-05-19 10:00:00,701.92,702.05,696.88,697.02,1917327.0
QQQ,2026-05-19 10:15:00,697.02,697.5,695.26,696.45,2150414.0
QQQ,2026-05-19 10:30:00,696.52,698.61,695.77,697.25,1958083.0
QQQ,2026-05-19 10:45:00,697.24,698.7,695.57,698.67,1244197.0
QQQ,2026-05-19 11:00:00,698.65,699.42,697.47,699.27,1522771.0
QQQ,2026-05-19 11:15:00,699.3,700.01,696.85,697.84,1301676.0
QQQ,2026-05-19 11:30:00,697.85,700.43,697.57,699.9,1289468.0
QQQ,2026-05-19 11:45:00,699.99,700.12,698.08,699.0,1115212.0
QQQ,2026-05-19 12:00:00,699.0,700.5,698.44,698.93,976690.0
QQQ,2026-05-19 12:15:00,698.99,701.55,698.94,701.31,1468935.0
QQQ,2026-05-19 12:30:00,701.21,703.18,701.07,703.16,1275673.0
QQQ,2026-05-19 12:45:00,703.16,704.26,702.64,704.02,1488468.0
QQQ,2026-05-19 13:00:00,703.95,705.36,703.74,705.23,1135608.0
QQQ,2026-05-19 13:15:00,705.23,706.49,704.88,705.45,1598543.0
QQQ,2026-05-19 13:30:00,705.44,706.32,705.35,705.6,1108706.0
QQQ,2026-05-19 13:45:00,705.62,705.65,703.67,705.15,998284.0
QQQ,2026-05-19 14:00:00,705.19,705.93,705.01,705.19,1065086.0
QQQ,2026-05-19 14:15:00,705.18,705.44,703.69,704.0,880858.0
QQQ,2026-05-19 14:30:00,704.03,704.89,703.48,703.83,802443.0
QQQ,2026-05-19 14:45:00,703.86,703.93,702.02,702.46,1267704.0
QQQ,2026-05-19 15:00:00,702.47,704.76,702.4,704.72,874450.0
QQQ,2026-05-19 15:15:00,704.73,704.87,701.63,702.87,1255791.0
QQQ,2026-05-19 15:30:00,702.87,703.52,701.66,701.78,1076921.0
QQQ,2026-05-19 15:45:00,701.76,702.01,700.22,701.53,2065711.0
QQQ,2026-05-20 09:30:00,705.29,707.4,704.11,706.95,1630695.0
QQQ,2026-05-20 09:45:00,706.97,708.21,704.66,706.0,2026928.0
QQQ,2026-05-20 10:00:00,706.14,706.64,703.79,705.71,1895088.0
QQQ,2026-05-20 10:15:00,705.75,709.16,705.46,708.58,2136878.0
QQQ,2026-05-20 10:30:00,708.59,709.88,707.77,708.93,1298133.0
QQQ,2026-05-20 10:45:00,708.95,710.3,707.83,709.91,943491.0
QQQ,2026-05-20 11:00:00,709.84,710.33,709.16,709.71,587577.0
QQQ,2026-05-20 11:15:00,709.83,713.09,709.79,710.6,2168896.0
QQQ,2026-05-20 11:30:00,710.67,711.62,710.43,711.3,980703.0
QQQ,2026-05-20 11:45:00,711.39,712.22,710.95,711.59,1196325.0
QQQ,2026-05-20 12:00:00,711.54,711.71,710.5,710.84,496609.0
QQQ,2026-05-20 12:15:00,710.75,710.81,708.61,709.35,1198736.0
QQQ,2026-05-20 12:30:00,709.4,710.56,708.95,710.54,851858.0
QQQ,2026-05-20 12:45:00,710.57,710.72,709.02,709.87,873821.0
QQQ,2026-05-20 13:00:00,709.96,710.9,709.09,710.42,921116.0
QQQ,2026-05-20 13:15:00,710.44,710.95,709.9,710.66,525584.0
QQQ,2026-05-20 13:30:00,710.69,711.41,710.2,710.89,749830.0
QQQ,2026-05-20 13:45:00,710.89,711.07,710.41,710.86,868218.0
QQQ,2026-05-20 14:00:00,710.89,711.42,710.29,710.98,674871.0
QQQ,2026-05-20 14:15:00,710.97,711.2,710.29,710.91,897404.0
QQQ,2026-05-20 14:30:00,710.97,711.88,710.75,710.78,709293.0
QQQ,2026-05-20 14:45:00,710.75,711.2,710.59,710.84,522635.0
QQQ,2026-05-20 15:00:00,710.86,711.72,710.83,711.72,699849.0
QQQ,2026-05-20 15:15:00,711.71,712.02,711.56,711.83,907027.0
QQQ,2026-05-20 15:30:00,711.8,712.69,711.48,712.14,1327822.0
QQQ,2026-05-20 15:45:00,712.07,713.11,711.69,713.07,758656.0
QQQ,2026-05-21 09:30:00,708.92,710.22,707.94,708.92,1456586.0
QQQ,2026-05-21 09:45:00,709.0,711.35,708.3,710.65,2064399.0
QQQ,2026-05-21 10:00:00,710.66,711.89,709.8,710.27,1638525.0
QQQ,2026-05-21 10:15:00,710.23,710.44,706.8,708.32,1683903.0
QQQ,2026-05-21 10:30:00,708.29,709.84,707.99,709.46,1348724.0
QQQ,2026-05-21 10:45:00,709.5,709.8,707.75,709.41,863788.0
QQQ,2026-05-21 11:00:00,709.41,709.67,707.0,709.32,1466673.0
QQQ,2026-05-21 11:15:00,709.4,710.01,709.04,709.35,1133702.0
QQQ,2026-05-21 11:30:00,709.39,710.34,707.98,709.95,990241.0
QQQ,2026-05-21 11:45:00,709.97,711.01,709.97,710.16,685420.0
QQQ,2026-05-21 12:00:00,710.17,711.22,710.0,710.35,789538.0
QQQ,2026-05-21 12:15:00,710.46,710.53,708.98,709.71,862536.0
QQQ,2026-05-21 12:30:00,709.74,710.32,709.38,709.89,462524.0
QQQ,2026-05-21 12:45:00,709.91,710.3,708.79,709.98,486879.0
QQQ,2026-05-21 13:00:00,710.0,712.96,710.0,712.01,1142681.0
QQQ,2026-05-21 13:15:00,712.08,715.22,711.89,713.7,2093986.0
QQQ,2026-05-21 13:30:00,713.75,715.74,713.6,715.63,1418567.0
QQQ,2026-05-21 13:45:00,715.66,717.11,715.08,715.7,1689483.0
QQQ,2026-05-21 14:00:00,715.67,716.3,714.5,714.6,1078366.0
QQQ,2026-05-21 14:15:00,714.59,715.25,714.15,714.8,687173.0
QQQ,2026-05-21 14:30:00,714.83,715.07,714.29,714.83,416946.0
QQQ,2026-05-21 14:45:00,714.85,714.95,710.87,711.9,1909391.0
QQQ,2026-05-21 15:00:00,711.89,713.69,711.89,713.69,1122816.0
QQQ,2026-05-21 15:15:00,713.76,714.31,713.49,714.07,782599.0
QQQ,2026-05-21 15:30:00,714.02,714.48,713.45,713.77,1013448.0
QQQ,2026-05-21 15:45:00,713.76,714.89,713.4,714.52,1241363.0
QQQ,2026-05-22 09:30:00,718.08,721.34,717.41,719.62,1601514.0
QQQ,2026-05-22 09:45:00,719.63,720.16,718.24,719.56,1557482.0
QQQ,2026-05-22 10:00:00,719.51,719.56,716.5,717.72,1504149.0
QQQ,2026-05-22 10:15:00,717.66,718.53,715.95,717.67,1305963.0
QQQ,2026-05-22 10:30:00,717.76,719.47,717.49,719.37,1068013.0
QQQ,2026-05-22 10:45:00,719.44,719.82,718.77,719.66,770556.0
QQQ,2026-05-22 11:00:00,719.74,720.83,719.69,720.64,853731.0
QQQ,2026-05-22 11:15:00,720.7,721.15,720.21,721.15,780487.0
QQQ,2026-05-22 11:30:00,721.14,721.28,720.44,720.85,921109.0
QQQ,2026-05-22 11:45:00,720.82,720.85,720.01,720.69,721836.0
QQQ,2026-05-22 12:00:00,720.72,720.8,720.14,720.53,628591.0
QQQ,2026-05-22 12:15:00,720.49,720.52,719.5,720.17,550008.0
QQQ,2026-05-22 12:30:00,720.19,720.44,719.39,719.57,880579.0
QQQ,2026-05-22 12:45:00,719.57,720.34,719.56,720.32,503826.0
QQQ,2026-05-22 13:00:00,720.33,721.1,720.33,720.96,910168.0
QQQ,2026-05-22 13:15:00,720.95,721.85,719.71,721.78,1124332.0
QQQ,2026-05-22 13:30:00,721.8,722.12,720.62,721.05,854643.0
QQQ,2026-05-22 13:45:00,721.07,721.18,720.08,720.46,842982.0
QQQ,2026-05-22 14:00:00,720.5,720.68,719.71,720.13,792925.0
QQQ,2026-05-22 14:15:00,720.08,720.37,719.8,720.12,686706.0
QQQ,2026-05-22 14:30:00,720.05,720.4,719.2,720.21,980911.0
QQQ,2026-05-22 14:45:00,720.29,720.34,719.6,719.8,439518.0
QQQ,2026-05-22 15:00:00,719.79,720.04,718.32,718.58,1239376.0
QQQ,2026-05-22 15:15:00,718.58,718.66,717.21,717.36,1133526.0
QQQ,2026-05-22 15:30:00,717.43,718.26,717.0,717.65,2100928.0
QQQ,2026-05-22 15:45:00,717.64,718.15,716.93,717.5,1452087.0
QQQ,2026-05-26 09:30:00,725.98,726.81,724.15,726.69,1816598.0
QQQ,2026-05-26 09:45:00,726.76,728.42,726.25,728.42,1533921.0
QQQ,2026-05-26 10:00:00,728.43,729.03,727.69,729.0,1705959.0
QQQ,2026-05-26 10:15:00,729.02,730.33,728.5,729.94,1805370.0
QQQ,2026-05-26 10:30:00,729.91,731.17,729.78,730.91,1394104.0
QQQ,2026-05-26 10:45:00,730.85,731.03,729.61,729.63,1044755.4082999993
QQQ,2026-05-26 11:00:00,729.66,729.93,728.39,729.28,1625198.0
QQQ,2026-05-26 11:15:00,729.25,729.26,728.15,728.31,1282282.0
QQQ,2026-05-26 11:30:00,728.32,728.49,727.39,727.65,907795.0
QQQ,2026-05-26 11:45:00,727.66,727.96,725.57,726.57,1533917.0
QQQ,2026-05-26 12:00:00,726.56,727.83,726.39,726.84,1064415.0
QQQ,2026-05-26 12:15:00,726.8,728.14,726.57,728.12,462930.0
QQQ,2026-05-26 12:30:00,728.16,728.69,727.37,727.42,817239.0
QQQ,2026-05-26 12:45:00,727.43,727.93,727.04,727.71,843524.0
QQQ,2026-05-26 13:00:00,727.71,728.36,727.54,728.0,290445.0
QQQ,2026-05-26 13:15:00,728.05,728.09,727.23,727.6,382637.0
QQQ,2026-05-26 13:30:00,727.59,728.36,727.32,727.98,777545.0
QQQ,2026-05-26 13:45:00,728.0,728.63,727.98,728.26,557289.0
QQQ,2026-05-26 14:00:00,728.23,729.07,727.9,728.94,435622.0
QQQ,2026-05-26 14:15:00,728.94,729.62,728.85,729.44,764560.0
QQQ,2026-05-26 14:30:00,729.43,729.77,729.03,729.06,661421.0
QQQ,2026-05-26 14:45:00,729.06,729.42,728.51,728.63,444172.0
QQQ,2026-05-26 15:00:00,728.61,729.69,728.45,729.56,919619.0
QQQ,2026-05-26 15:15:00,729.55,729.8,729.37,729.58,651936.0
QQQ,2026-05-26 15:30:00,729.57,730.59,729.55,730.51,1161927.0
QQQ,2026-05-26 15:45:00,730.51,731.02,729.96,730.22,2794933.0
QQQ,2026-05-27 09:30:00,732.95,733.32,727.51,727.9,4532781.0
QQQ,2026-05-27 09:45:00,727.9,730.28,726.86,729.9,2692204.0
QQQ,2026-05-27 10:00:00,729.84,730.81,727.99,728.76,1627337.0
QQQ,2026-05-27 10:15:00,728.79,729.78,725.67,726.35,2043338.0
QQQ,2026-05-27 10:30:00,726.32,728.96,725.44,728.19,1562513.0
QQQ,2026-05-27 10:45:00,728.19,728.96,726.5,726.92,1302367.0
QQQ,2026-05-27 11:00:00,726.94,727.82,726.23,727.19,955182.0
QQQ,2026-05-27 11:15:00,727.2,727.2,725.54,727.18,852787.0
QQQ,2026-05-27 11:30:00,727.18,727.92,725.59,725.72,1037467.816709999
QQQ,2026-05-27 11:45:00,725.7,726.99,725.54,726.8,763595.0
QQQ,2026-05-27 12:00:00,726.79,728.4,726.11,728.29,866726.0
QQQ,2026-05-27 12:15:00,728.29,728.78,727.78,728.19,954507.0
QQQ,2026-05-27 12:30:00,728.16,729.34,727.78,729.12,1898432.2080300003
QQQ,2026-05-27 12:45:00,729.13,729.56,727.79,728.1,895315.0
QQQ,2026-05-27 13:00:00,728.11,728.3,725.85,726.45,799749.0
QQQ,2026-05-27 13:15:00,726.46,727.8,726.3,727.3,534034.0
QQQ,2026-05-27 13:30:00,727.35,728.15,727.02,727.12,467262.0
QQQ,2026-05-27 13:45:00,727.09,728.2,726.97,727.74,440698.0
QQQ,2026-05-27 14:00:00,727.72,728.46,727.5,728.32,841122.0
QQQ,2026-05-27 14:15:00,728.29,729.67,728.19,729.67,882565.0
QQQ,2026-05-27 14:30:00,729.66,729.85,728.95,729.54,590736.0
QQQ,2026-05-27 14:45:00,729.52,729.73,729.2,729.32,518534.0
QQQ,2026-05-27 15:00:00,729.31,729.85,728.92,729.37,511449.0
QQQ,2026-05-27 15:15:00,729.36,729.66,728.59,728.99,594011.0
QQQ,2026-05-27 15:30:00,728.99,730.07,728.97,729.95,985750.0
QQQ,2026-05-27 15:45:00,729.97,729.97,729.17,729.49,2132573.0
QQQ,2026-05-28 09:30:00,729.74,731.12,727.04,727.3,2627981.0
QQQ,2026-05-28 09:45:00,727.29,728.36,726.41,728.12,2044910.0
QQQ,2026-05-28 10:00:00,728.12,732.85,727.47,732.26,2426468.0
QQQ,2026-05-28 10:15:00,732.21,732.53,729.91,731.93,1696226.0
QQQ,2026-05-28 10:30:00,731.93,732.46,730.92,732.45,872738.0
QQQ,2026-05-28 10:45:00,732.41,732.94,731.26,732.86,878483.0
QQQ,2026-05-28 11:00:00,732.85,734.22,732.69,733.66,1577718.0
QQQ,2026-05-28 11:15:00,733.68,734.98,733.38,734.67,1031956.0
QQQ,2026-05-28 11:30:00,734.69,735.41,734.55,734.65,1012749.0
QQQ,2026-05-28 11:45:00,734.64,735.12,734.39,734.72,1081705.0
QQQ,2026-05-28 12:00:00,734.77,735.17,734.11,735.0,787299.0
QQQ,2026-05-28 12:15:00,734.95,736.0,734.84,735.64,702435.0
QQQ,2026-05-28 12:30:00,735.63,735.83,735.07,735.76,420093.0
QQQ,2026-05-28 12:45:00,735.78,736.29,735.58,736.22,414973.0
QQQ,2026-05-28 13:00:00,736.24,736.45,735.95,735.99,570178.0
QQQ,2026-05-28 13:15:00,736.0,736.07,735.53,735.58,653515.0
QQQ,2026-05-28 13:30:00,735.58,736.17,735.17,736.12,1026365.0
QQQ,2026-05-28 13:45:00,736.15,736.6,735.89,736.0,735350.0
QQQ,2026-05-28 14:00:00,736.05,736.48,735.55,735.65,620216.0
QQQ,2026-05-28 14:15:00,735.68,736.18,735.49,735.96,566391.0
QQQ,2026-05-28 14:30:00,735.83,735.91,735.23,735.57,675912.0
QQQ,2026-05-28 14:45:00,735.6,735.96,735.11,735.38,1442912.0
QQQ,2026-05-28 15:00:00,735.37,735.84,735.05,735.27,649260.0
QQQ,2026-05-28 15:15:00,735.24,735.71,734.92,735.65,817935.0
QQQ,2026-05-28 15:30:00,735.63,736.24,735.6,735.73,1002042.0
QQQ,2026-05-28 15:45:00,735.73,736.18,735.07,735.54,1500578.0
QQQ,2026-05-29 09:30:00,737.84,739.77,737.46,739.77,1759031.0
QQQ,2026-05-29 09:45:00,739.8,741.2,739.57,741.18,1488864.0
QQQ,2026-05-29 10:00:00,741.17,741.63,739.42,739.77,2009839.0
QQQ,2026-05-29 10:15:00,739.79,739.84,737.04,738.55,2594555.0
QQQ,2026-05-29 10:30:00,738.5,739.26,735.7,735.82,2131911.0
QQQ,2026-05-29 10:45:00,735.69,738.3,735.25,737.54,1643853.0
QQQ,2026-05-29 11:00:00,737.48,739.13,736.93,739.06,920161.0
QQQ,2026-05-29 11:15:00,739.05,739.34,737.41,738.26,855821.0
QQQ,2026-05-29 11:30:00,738.29,738.85,737.55,737.87,315438.0
QQQ,2026-05-29 11:45:00,737.81,738.29,737.3,737.47,526642.0
QQQ,2026-05-29 12:00:00,737.5,739.53,737.4,739.28,721604.0
QQQ,2026-05-29 12:15:00,739.24,739.52,738.43,738.49,653742.0
QQQ,2026-05-29 12:30:00,738.49,739.54,738.1,738.9,676202.0
QQQ,2026-05-29 12:45:00,738.94,739.03,737.83,738.34,396659.0
QQQ,2026-05-29 13:00:00,738.39,738.64,737.9,738.21,597498.0
QQQ,2026-05-29 13:15:00,738.23,738.39,737.33,737.72,628703.0
QQQ,2026-05-29 13:30:00,737.62,737.81,736.98,737.12,462856.0
QQQ,2026-05-29 13:45:00,737.11,737.43,735.88,736.02,863430.0
QQQ,2026-05-29 14:00:00,736.03,737.55,735.78,736.95,1368952.0
QQQ,2026-05-29 14:15:00,737.01,738.0,736.65,737.87,563572.0
QQQ,2026-05-29 14:30:00,737.86,738.41,737.56,737.94,602899.0
QQQ,2026-05-29 14:45:00,737.98,737.98,736.36,736.52,896928.0
QQQ,2026-05-29 15:00:00,736.53,737.59,736.32,737.47,1026464.0
QQQ,2026-05-29 15:15:00,737.49,737.95,736.99,737.86,1060739.0
QQQ,2026-05-29 15:30:00,737.9,739.26,737.9,739.03,1171604.0
QQQ,2026-05-29 15:45:00,739.03,739.42,738.21,738.26,1157613.0
TLT,2026-05-01 09:30:00,85.5,85.53,85.41,85.42,549414.0
TLT,2026-05-01 09:45:00,85.42,85.6,85.34,85.56,1155162.0
TLT,2026-05-01 10:00:00,85.57,85.91,85.57,85.89,1214784.0
TLT,2026-05-01 10:15:00,85.9,85.99,85.89,85.91,1079139.0
TLT,2026-05-01 10:30:00,85.9,85.91,85.68,85.7,971342.0
TLT,2026-05-01 10:45:00,85.71,85.75,85.63,85.71,536970.0
TLT,2026-05-01 11:00:00,85.71,85.71,85.59,85.64,777560.0
TLT,2026-05-01 11:15:00,85.65,85.68,85.63,85.65,250995.0
TLT,2026-05-01 11:30:00,85.69,85.7,85.63,85.67,452852.0
TLT,2026-05-01 11:45:00,85.68,85.73,85.56,85.58,731457.8227900006
TLT,2026-05-01 12:00:00,85.58,85.67,85.57,85.67,94079.0
TLT,2026-05-01 12:15:00,85.67,85.76,85.61,85.67,766635.0
TLT,2026-05-01 12:30:00,85.66,85.72,85.6,85.7,314146.0
TLT,2026-05-01 12:45:00,85.69,85.73,85.63,85.63,311721.0
TLT,2026-05-01 13:00:00,85.63,85.64,85.56,85.62,636391.0
TLT,2026-05-01 13:15:00,85.62,85.67,85.58,85.62,340233.0
TLT,2026-05-01 13:30:00,85.63,85.66,85.62,85.64,207273.0
TLT,2026-05-01 13:45:00,85.64,85.71,85.63,85.66,233607.0
TLT,2026-05-01 14:00:00,85.67,85.67,85.61,85.62,254046.0
TLT,2026-05-01 14:15:00,85.62,85.67,85.6,85.66,334244.0
TLT,2026-05-01 14:30:00,85.67,85.7,85.65,85.69,620295.0
TLT,2026-05-01 14:45:00,85.69,85.73,85.68,85.68,413596.0
TLT,2026-05-01 15:00:00,85.67,85.71,85.65,85.69,367250.0
TLT,2026-05-01 15:15:00,85.7,85.71,85.65,85.65,723900.0
TLT,2026-05-01 15:30:00,85.65,85.65,85.6,85.6,852257.0
TLT,2026-05-01 15:45:00,85.61,85.62,85.55,85.6,507452.0
TLT,2026-05-04 09:30:00,85.35,85.36,85.25,85.26,477308.0
TLT,2026-05-04 09:45:00,85.25,85.26,85.16,85.17,1194137.0
TLT,2026-05-04 10:00:00,85.16,85.21,85.13,85.19,1016890.0
TLT,2026-05-04 10:15:00,85.19,85.34,85.18,85.28,510543.0
TLT,2026-05-04 10:30:00,85.27,85.31,85.26,85.28,515506.0
TLT,2026-05-04 10:45:00,85.28,85.32,85.19,85.19,443496.0
TLT,2026-05-04 11:00:00,85.19,85.26,85.13,85.18,807023.2434400003
TLT,2026-05-04 11:15:00,85.18,85.24,84.95,85.06,1825166.0
TLT,2026-05-04 11:30:00,85.06,85.06,84.94,84.97,880884.0
TLT,2026-05-04 11:45:00,84.97,84.99,84.89,84.92,1097496.0
TLT,2026-05-04 12:00:00,84.92,84.96,84.76,84.82,1866049.0
TLT,2026-05-04 12:15:00,84.82,84.91,84.76,84.85,1433321.0
TLT,2026-05-04 12:30:00,84.85,84.89,84.79,84.81,887340.0
TLT,2026-05-04 12:45:00,84.8,84.83,84.77,84.8,792706.0
TLT,2026-05-04 13:00:00,84.81,84.9,84.8,84.88,362984.0
TLT,2026-05-04 13:15:00,84.88,84.99,84.85,84.98,780032.0
TLT,2026-05-04 13:30:00,84.97,85.0,84.87,84.94,534815.0
TLT,2026-05-04 13:45:00,84.94,84.96,84.91,84.94,247246.0
TLT,2026-05-04 14:00:00,84.94,84.97,84.92,84.94,301336.0
TLT,2026-05-04 14:15:00,84.94,84.95,84.87,84.89,264081.0
TLT,2026-05-04 14:30:00,84.9,84.94,84.88,84.89,276317.0
TLT,2026-05-04 14:45:00,84.89,84.9,84.84,84.89,539721.0
TLT,2026-05-04 15:00:00,84.89,85.01,84.89,85.0,785706.0
TLT,2026-05-04 15:15:00,85.01,85.02,84.94,84.96,839564.0
TLT,2026-05-04 15:30:00,84.96,85.0,84.95,84.99,493182.0
TLT,2026-05-04 15:45:00,84.99,85.0,84.96,84.97,2057346.0
TLT,2026-05-05 09:30:00,85.14,85.2,85.12,85.14,852657.2012700001
TLT,2026-05-05 09:45:00,85.14,85.2,85.12,85.14,574666.0
TLT,2026-05-05 10:00:00,85.14,85.4,85.14,85.23,1426206.0
TLT,2026-05-05 10:15:00,85.23,85.29,85.09,85.27,848690.0
TLT,2026-05-05 10:30:00,85.26,85.28,85.19,85.25,472213.0
TLT,2026-05-05 10:45:00,85.25,85.31,85.21,85.25,532998.0
TLT,2026-05-05 11:00:00,85.25,85.26,85.21,85.23,324960.0
TLT,2026-05-05 11:15:00,85.25,85.31,85.22,85.3,194767.0
TLT,2026-05-05 11:30:00,85.32,85.35,85.3,85.32,356952.0
TLT,2026-05-05 11:45:00,85.33,85.34,85.31,85.34,421134.0
TLT,2026-05-05 12:00:00,85.35,85.41,85.35,85.4,369814.0
TLT,2026-05-05 12:15:00,85.4,85.41,85.34,85.35,607337.0
TLT,2026-05-05 12:30:00,85.35,85.36,85.31,85.33,588569.0
TLT,2026-05-05 12:45:00,85.33,85.38,85.33,85.37,174895.0
TLT,2026-05-05 13:00:00,85.37,85.39,85.33,85.35,217846.0
TLT,2026-05-05 13:15:00,85.36,85.39,85.35,85.39,280018.0
TLT,2026-05-05 13:30:00,85.39,85.42,85.39,85.39,345207.0
TLT,2026-05-05 13:45:00,85.38,85.43,85.38,85.4,273678.0
TLT,2026-05-05 14:00:00,85.4,85.41,85.38,85.41,207209.0
TLT,2026-05-05 14:15:00,85.41,85.45,85.4,85.41,376474.0
TLT,2026-05-05 14:30:00,85.4,85.4,85.36,85.4,397615.0
TLT,2026-05-05 14:45:00,85.39,85.47,85.39,85.45,455973.0
TLT,2026-05-05 15:00:00,85.46,85.49,85.45,85.46,786105.0
TLT,2026-05-05 15:15:00,85.45,85.46,85.42,85.45,456621.0
TLT,2026-05-05 15:30:00,85.46,85.47,85.42,85.43,410177.0
TLT,2026-05-05 15:45:00,85.44,85.45,85.4,85.42,1091410.0
TLT,2026-05-06 09:30:00,86.04,86.12,85.94,85.95,993604.0
TLT,2026-05-06 09:45:00,85.95,86.03,85.93,85.99,647569.0
TLT,2026-05-06 10:00:00,85.98,86.04,85.94,86.02,933499.0
TLT,2026-05-06 10:15:00,86.02,86.09,85.94,85.96,589835.9744199999
TLT,2026-05-06 10:30:00,85.96,86.15,85.96,86.14,717061.0
TLT,2026-05-06 10:45:00,86.13,86.15,86.04,86.07,534339.0
TLT,2026-05-06 11:00:00,86.07,86.12,86.0,86.05,567357.0
TLT,2026-05-06 11:15:00,86.06,86.13,86.04,86.12,448759.0
TLT,2026-05-06 11:30:00,86.12,86.14,86.02,86.05,728446.0
TLT,2026-05-06 11:45:00,86.06,86.09,86.04,86.06,264057.0
TLT,2026-05-06 12:00:00,86.07,86.08,86.03,86.07,169690.0
TLT,2026-05-06 12:15:00,86.07,86.12,86.07,86.08,285437.0
TLT,2026-05-06 12:30:00,86.06,86.12,86.06,86.06,261180.0
TLT,2026-05-06 12:45:00,86.06,86.08,85.97,86.0,416840.0
TLT,2026-05-06 13:00:00,86.0,86.08,85.99,86.07,157574.0
TLT,2026-05-06 13:15:00,86.08,86.14,86.07,86.13,275652.0
TLT,2026-05-06 13:30:00,86.13,86.17,86.12,86.16,270788.0
TLT,2026-05-06 13:45:00,86.16,86.16,86.08,86.12,335148.0
TLT,2026-05-06 14:00:00,86.11,86.14,86.09,86.12,220219.0
TLT,2026-05-06 14:15:00,86.11,86.13,86.03,86.03,161760.0
TLT,2026-05-06 14:30:00,86.05,86.08,86.03,86.06,255245.0
TLT,2026-05-06 14:45:00,86.06,86.12,86.05,86.06,198525.0
TLT,2026-05-06 15:00:00,86.06,86.11,86.05,86.11,392465.0
TLT,2026-05-06 15:15:00,86.11,86.14,86.09,86.09,255928.0
TLT,2026-05-06 15:30:00,86.09,86.15,86.08,86.14,484058.0
TLT,2026-05-06 15:45:00,86.14,86.16,86.07,86.07,820821.0
TLT,2026-05-07 09:30:00,86.28,86.28,86.18,86.2,320718.0
TLT,2026-05-07 09:45:00,86.2,86.23,86.12,86.17,351186.0
TLT,2026-05-07 10:00:00,86.17,86.23,86.15,86.23,431314.0
TLT,2026-05-07 10:15:00,86.23,86.23,86.13,86.13,442167.0
TLT,2026-05-07 10:30:00,86.13,86.17,86.11,86.16,211051.0
TLT,2026-05-07 10:45:00,86.15,86.23,86.15,86.2,264170.0
TLT,2026-05-07 11:00:00,86.19,86.19,86.05,86.06,309726.0
TLT,2026-05-07 11:15:00,86.06,86.08,85.91,85.96,372200.0
TLT,2026-05-07 11:30:00,85.97,85.99,85.94,85.98,237070.0
TLT,2026-05-07 11:45:00,85.98,85.98,85.89,85.91,305990.0
TLT,2026-05-07 12:00:00,85.91,85.92,85.83,85.83,320220.0
TLT,2026-05-07 12:15:00,85.84,85.87,85.79,85.85,424074.0
TLT,2026-05-07 12:30:00,85.85,85.89,85.81,85.81,534674.0
TLT,2026-05-07 12:45:00,85.81,85.85,85.78,85.82,208727.0
TLT,2026-05-07 13:00:00,85.81,85.82,85.78,85.81,369831.0
TLT,2026-05-07 13:15:00,85.8,85.85,85.65,85.68,1414039.0
TLT,2026-05-07 13:30:00,85.68,85.74,85.66,85.67,299356.0
TLT,2026-05-07 13:45:00,85.68,85.74,85.66,85.74,381475.0
TLT,2026-05-07 14:00:00,85.73,85.75,85.71,85.73,294089.0
TLT,2026-05-07 14:15:00,85.73,85.76,85.72,85.72,258947.0
TLT,2026-05-07 14:30:00,85.72,85.76,85.68,85.68,194401.0
TLT,2026-05-07 14:45:00,85.7,85.72,85.67,85.71,389738.0
TLT,2026-05-07 15:00:00,85.72,85.72,85.67,85.67,365153.0
TLT,2026-05-07 15:15:00,85.67,85.67,85.6,85.63,607735.0
TLT,2026-05-07 15:30:00,85.62,85.71,85.62,85.7,467904.0
TLT,2026-05-07 15:45:00,85.7,85.7,85.61,85.66,467848.0
TLT,2026-05-08 09:30:00,86.06,86.27,86.05,86.27,601321.0
TLT,2026-05-08 09:45:00,86.27,86.28,86.2,86.23,1034105.0
TLT,2026-05-08 10:00:00,86.23,86.27,86.14,86.19,543955.0
TLT,2026-05-08 10:15:00,86.19,86.23,86.17,86.21,672442.0
TLT,2026-05-08 10:30:00,86.19,86.22,86.16,86.2,325519.0
TLT,2026-05-08 10:45:00,86.19,86.19,86.14,86.14,449352.7513600001
TLT,2026-05-08 11:00:00,86.14,86.17,86.11,86.12,447697.00876999926
TLT,2026-05-08 11:15:00,86.12,86.12,86.07,86.11,284102.0
TLT,2026-05-08 11:30:00,86.12,86.12,86.0,86.03,370852.0
TLT,2026-05-08 11:45:00,86.04,86.08,86.01,86.06,440793.2053899998
TLT,2026-05-08 12:00:00,86.06,86.11,86.05,86.09,195761.0
TLT,2026-05-08 12:15:00,86.09,86.1,86.05,86.1,353295.0
TLT,2026-05-08 12:30:00,86.1,86.12,86.06,86.07,418524.0
TLT,2026-05-08 12:45:00,86.07,86.1,86.04,86.05,572290.0
TLT,2026-05-08 13:00:00,86.05,86.06,86.02,86.05,147159.0
TLT,2026-05-08 13:15:00,86.05,86.11,86.05,86.09,327571.0
TLT,2026-05-08 13:30:00,86.09,86.11,86.08,86.08,207313.0
TLT,2026-05-08 13:45:00,86.09,86.1,86.06,86.06,237260.0
TLT,2026-05-08 14:00:00,86.06,86.16,86.04,86.15,549855.0
TLT,2026-05-08 14:15:00,86.16,86.16,86.08,86.09,321378.0
TLT,2026-05-08 14:30:00,86.08,86.12,86.05,86.09,390225.0
TLT,2026-05-08 14:45:00,86.08,86.11,86.04,86.05,691870.0
TLT,2026-05-08 15:00:00,86.04,86.05,86.02,86.03,285236.0
TLT,2026-05-08 15:15:00,86.03,86.03,86.01,86.02,235404.0
TLT,2026-05-08 15:30:00,86.02,86.08,86.0,86.07,431633.0
TLT,2026-05-08 15:45:00,86.07,86.09,86.06,86.06,1410539.0
TLT,2026-05-11 09:30:00,85.88,85.9,85.84,85.86,509579.0
TLT,2026-05-11 09:45:00,85.86,85.91,85.86,85.87,1005777.0
TLT,2026-05-11 10:00:00,85.87,85.87,85.71,85.74,693408.0
TLT,2026-05-11 10:15:00,85.75,85.81,85.74,85.78,415229.0
TLT,2026-05-11 10:30:00,85.77,85.78,85.68,85.75,758323.0
TLT,2026-05-11 10:45:00,85.76,85.77,85.71,85.73,370131.0
TLT,2026-05-11 11:00:00,85.72,85.74,85.69,85.72,295901.03084999975
TLT,2026-05-11 11:15:00,85.72,85.81,85.71,85.76,382098.0
TLT,2026-05-11 11:30:00,85.76,85.8,85.74,85.75,229278.0
TLT,2026-05-11 11:45:00,85.75,85.76,85.73,85.75,341281.0
TLT,2026-05-11 12:00:00,85.75,85.78,85.73,85.75,227115.0
TLT,2026-05-11 12:15:00,85.75,85.75,85.71,85.72,132247.0
TLT,2026-05-11 12:30:00,85.71,85.72,85.63,85.66,432676.0
TLT,2026-05-11 12:45:00,85.67,85.67,85.6,85.62,310871.0
TLT,2026-05-11 13:00:00,85.63,85.63,85.58,85.61,294556.0
TLT,2026-05-11 13:15:00,85.61,85.62,85.56,85.62,499951.0
TLT,2026-05-11 13:30:00,85.61,85.63,85.58,85.59,407717.0
TLT,2026-05-11 13:45:00,85.59,85.61,85.56,85.57,263018.0
TLT,2026-05-11 14:00:00,85.57,85.65,85.57,85.64,326460.0
TLT,2026-05-11 14:15:00,85.64,85.68,85.62,85.66,658654.0
TLT,2026-05-11 14:30:00,85.65,85.67,85.56,85.56,690244.0
TLT,2026-05-11 14:45:00,85.56,85.6,85.52,85.52,391416.0
TLT,2026-05-11 15:00:00,85.52,85.56,85.49,85.54,417301.0
TLT,2026-05-11 15:15:00,85.54,85.55,85.53,85.54,311611.0
TLT,2026-05-11 15:30:00,85.54,85.55,85.52,85.52,874709.0
TLT,2026-05-11 15:45:00,85.53,85.58,85.52,85.55,2287679.0
TLT,2026-05-12 09:30:00,85.19,85.2,85.11,85.17,1669141.96983
TLT,2026-05-12 09:45:00,85.17,85.19,85.03,85.05,1793694.0
TLT,2026-05-12 10:00:00,85.06,85.08,85.04,85.07,1046489.0
TLT,2026-05-12 10:15:00,85.08,85.1,85.03,85.06,666031.0
TLT,2026-05-12 10:30:00,85.06,85.11,85.03,85.1,772841.0
TLT,2026-05-12 10:45:00,85.11,85.11,85.06,85.1,686350.6281000003
TLT,2026-05-12 11:00:00,85.1,85.12,85.05,85.07,767194.0
TLT,2026-05-12 11:15:00,85.07,85.1,85.05,85.1,690241.0
TLT,2026-05-12 11:30:00,85.1,85.16,85.1,85.15,994024.0
TLT,2026-05-12 11:45:00,85.15,85.17,85.07,85.08,336627.0
TLT,2026-05-12 12:00:00,85.08,85.16,85.07,85.14,710558.0
TLT,2026-05-12 12:15:00,85.15,85.15,85.09,85.09,492397.0
TLT,2026-05-12 12:30:00,85.09,85.13,85.09,85.11,313048.0
TLT,2026-05-12 12:45:00,85.11,85.11,85.06,85.06,230919.0
TLT,2026-05-12 13:00:00,85.07,85.09,85.04,85.05,345049.0
TLT,2026-05-12 13:15:00,85.04,85.08,85.04,85.04,459875.0
TLT,2026-05-12 13:30:00,85.04,85.08,85.01,85.07,892266.0
TLT,2026-05-12 13:45:00,85.06,85.06,84.98,85.01,600403.0
TLT,2026-05-12 14:00:00,85.01,85.01,84.96,84.97,572462.0
TLT,2026-05-12 14:15:00,84.97,85.02,84.95,85.0,533143.0
TLT,2026-05-12 14:30:00,85.0,85.0,84.93,84.94,273574.0
TLT,2026-05-12 14:45:00,84.95,84.96,84.92,84.94,447744.0
TLT,2026-05-12 15:00:00,84.95,85.0,84.95,84.99,269148.0
TLT,2026-05-12 15:15:00,84.99,84.99,84.93,84.94,464527.0
TLT,2026-05-12 15:30:00,84.94,84.97,84.93,84.97,630059.0
TLT,2026-05-12 15:45:00,84.97,85.03,84.95,84.99,565443.0
TLT,2026-05-13 09:30:00,84.93,85.01,84.91,85.0,809248.0
TLT,2026-05-13 09:45:00,85.01,85.05,84.88,84.88,503020.0
TLT,2026-05-13 10:00:00,84.88,84.91,84.81,84.84,881763.0
TLT,2026-05-13 10:15:00,84.84,84.84,84.72,84.76,954158.0
TLT,2026-05-13 10:30:00,84.75,84.8,84.73,84.76,577842.0
TLT,2026-05-13 10:45:00,84.76,84.77,84.7,84.71,586938.0
TLT,2026-05-13 11:00:00,84.71,84.76,84.69,84.71,707980.0
TLT,2026-05-13 11:15:00,84.7,84.74,84.67,84.67,494936.0
TLT,2026-05-13 11:30:00,84.67,84.8,84.6,84.75,651584.0
TLT,2026-05-13 11:45:00,84.75,84.76,84.7,84.72,417482.0
TLT,2026-05-13 12:00:00,84.72,84.78,84.68,84.76,514637.0
TLT,2026-05-13 12:15:00,84.76,84.89,84.74,84.83,652957.0
TLT,2026-05-13 12:30:00,84.82,84.85,84.78,84.79,239442.0
TLT,2026-05-13 12:45:00,84.79,84.82,84.76,84.78,316082.0
TLT,2026-05-13 13:00:00,84.77,84.79,84.68,84.75,713068.0
TLT,2026-05-13 13:15:00,84.75,84.82,84.75,84.81,508576.0
TLT,2026-05-13 13:30:00,84.81,84.81,84.7,84.71,849737.0
TLT,2026-05-13 13:45:00,84.71,84.71,84.67,84.67,1322960.0
TLT,2026-05-13 14:00:00,84.67,84.75,84.67,84.72,500467.0
TLT,2026-05-13 14:15:00,84.72,84.74,84.71,84.74,116486.0
TLT,2026-05-13 14:30:00,84.74,84.77,84.73,84.75,353250.0
TLT,2026-05-13 14:45:00,84.74,84.78,84.73,84.74,423470.0
TLT,2026-05-13 15:00:00,84.74,84.78,84.72,84.77,632825.0
TLT,2026-05-13 15:15:00,84.76,84.81,84.73,84.81,591643.0
TLT,2026-05-13 15:30:00,84.81,84.81,84.77,84.79,547650.0
TLT,2026-05-13 15:45:00,84.79,84.81,84.78,84.8,522485.0
TLT,2026-05-14 09:30:00,85.27,85.28,85.2,85.25,597251.0
TLT,2026-05-14 09:45:00,85.25,85.38,85.25,85.26,842749.0
TLT,2026-05-14 10:00:00,85.26,85.29,85.2,85.22,1145660.0
TLT,2026-05-14 10:15:00,85.23,85.24,85.13,85.18,805756.0
TLT,2026-05-14 10:30:00,85.18,85.26,85.14,85.24,361249.0
TLT,2026-05-14 10:45:00,85.25,85.32,85.24,85.28,605086.0
TLT,2026-05-14 11:00:00,85.28,85.28,85.21,85.23,240899.0
TLT,2026-05-14 11:15:00,85.22,85.3,85.21,85.28,578829.0
TLT,2026-05-14 11:30:00,85.27,85.29,85.25,85.28,607199.0
TLT,2026-05-14 11:45:00,85.28,85.34,85.28,85.34,425375.0
TLT,2026-05-14 12:00:00,85.34,85.35,85.32,85.33,559921.0
TLT,2026-05-14 12:15:00,85.33,85.34,85.26,85.28,498721.0
TLT,2026-05-14 12:30:00,85.28,85.29,85.2,85.21,431855.0
TLT,2026-05-14 12:45:00,85.22,85.25,85.2,85.24,329920.0
TLT,2026-05-14 13:00:00,85.24,85.27,85.24,85.24,688957.0
TLT,2026-05-14 13:15:00,85.24,85.25,85.2,85.22,308953.0
TLT,2026-05-14 13:30:00,85.22,85.22,85.19,85.2,354782.0
TLT,2026-05-14 13:45:00,85.2,85.2,85.17,85.19,134967.0
TLT,2026-05-14 14:00:00,85.19,85.19,85.15,85.16,223333.0
TLT,2026-05-14 14:15:00,85.16,85.19,85.16,85.18,236101.0
TLT,2026-05-14 14:30:00,85.18,85.18,85.11,85.13,258499.0
TLT,2026-05-14 14:45:00,85.13,85.16,85.13,85.15,137944.0
TLT,2026-05-14 15:00:00,85.14,85.14,85.07,85.07,219161.0
TLT,2026-05-14 15:15:00,85.07,85.08,85.04,85.05,154954.0
TLT,2026-05-14 15:30:00,85.05,85.06,84.96,84.99,1469602.0
TLT,2026-05-14 15:45:00,84.98,84.99,84.91,84.93,887783.0
TLT,2026-05-15 09:30:00,83.88,83.92,83.79,83.79,316140.0
TLT,2026-05-15 09:45:00,83.78,83.79,83.72,83.76,202537.0
TLT,2026-05-15 10:00:00,83.76,83.8,83.71,83.74,1139209.0
TLT,2026-05-15 10:15:00,83.74,83.9,83.74,83.89,1127927.0
TLT,2026-05-15 10:30:00,83.89,83.97,83.85,83.85,895870.0
TLT,2026-05-15 10:45:00,83.85,83.91,83.82,83.9,948768.0
TLT,2026-05-15 11:00:00,83.9,83.9,83.79,83.84,1262307.0
TLT,2026-05-15 11:15:00,83.84,83.85,83.79,83.81,922123.0
TLT,2026-05-15 11:30:00,83.82,83.83,83.69,83.71,625110.0
TLT,2026-05-15 11:45:00,83.71,83.82,83.69,83.82,1483518.0
TLT,2026-05-15 12:00:00,83.83,83.84,83.79,83.81,875057.0
TLT,2026-05-15 12:15:00,83.81,83.82,83.77,83.79,696039.0
TLT,2026-05-15 12:30:00,83.79,83.81,83.71,83.74,1076481.0
TLT,2026-05-15 12:45:00,83.74,83.76,83.71,83.71,783797.0
TLT,2026-05-15 13:00:00,83.71,83.76,83.7,83.74,639660.7600000016
TLT,2026-05-15 13:15:00,83.74,83.78,83.71,83.75,783637.0
TLT,2026-05-15 13:30:00,83.75,83.75,83.67,83.68,1113376.0
TLT,2026-05-15 13:45:00,83.68,83.7,83.62,83.64,754644.0
TLT,2026-05-15 14:00:00,83.64,83.67,83.59,83.66,807584.0
TLT,2026-05-15 14:15:00,83.66,83.7,83.66,83.66,573660.0
TLT,2026-05-15 14:30:00,83.67,83.67,83.6,83.62,492721.0
TLT,2026-05-15 14:45:00,83.61,83.66,83.6,83.64,1373660.0
TLT,2026-05-15 15:00:00,83.63,83.64,83.61,83.61,377129.0
TLT,2026-05-15 15:15:00,83.61,83.66,83.61,83.65,533952.0
TLT,2026-05-15 15:30:00,83.65,83.66,83.63,83.64,1172138.0
TLT,2026-05-15 15:45:00,83.64,83.69,83.62,83.69,5232450.0
TLT,2026-05-18 09:30:00,83.71,83.75,83.66,83.68,887661.0
TLT,2026-05-18 09:45:00,83.67,83.91,83.65,83.84,661841.0
TLT,2026-05-18 10:00:00,83.83,83.83,83.66,83.67,1395120.0
TLT,2026-05-18 10:15:00,83.67,83.71,83.6,83.61,600172.0
TLT,2026-05-18 10:30:00,83.61,83.62,83.49,83.5,858062.0
TLT,2026-05-18 10:45:00,83.5,83.6,83.5,83.59,676647.0
TLT,2026-05-18 11:00:00,83.59,83.62,83.43,83.54,943342.0
TLT,2026-05-18 11:15:00,83.53,83.58,83.53,83.54,287839.0
TLT,2026-05-18 11:30:00,83.55,83.66,83.54,83.61,836984.0
TLT,2026-05-18 11:45:00,83.6,83.69,83.58,83.67,604767.0
TLT,2026-05-18 12:00:00,83.68,83.71,83.66,83.7,394260.0
TLT,2026-05-18 12:15:00,83.71,83.77,83.55,83.56,661026.0
TLT,2026-05-18 12:30:00,83.54,83.7,83.54,83.68,351953.0
TLT,2026-05-18 12:45:00,83.69,83.71,83.66,83.67,266330.0
TLT,2026-05-18 13:00:00,83.66,83.7,83.59,83.65,389854.0
TLT,2026-05-18 13:15:00,83.65,83.7,83.59,83.61,335754.0
TLT,2026-05-18 13:30:00,83.61,83.62,83.57,83.61,568893.0
TLT,2026-05-18 13:45:00,83.61,83.64,83.6,83.64,259790.0
TLT,2026-05-18 14:00:00,83.64,83.64,83.51,83.52,512078.0
TLT,2026-05-18 14:15:00,83.52,83.52,83.32,83.4,822902.0
TLT,2026-05-18 14:30:00,83.41,83.46,83.38,83.39,715279.0
TLT,2026-05-18 14:45:00,83.39,83.48,83.39,83.41,720709.0
TLT,2026-05-18 15:00:00,83.42,83.77,83.42,83.57,1170664.0
TLT,2026-05-18 15:15:00,83.59,83.64,83.46,83.55,791426.0
TLT,2026-05-18 15:30:00,83.56,83.64,83.56,83.6,885255.0
TLT,2026-05-18 15:45:00,83.6,83.67,83.54,83.55,696965.0
TLT,2026-05-19 09:30:00,82.96,83.05,82.93,82.93,333243.0
TLT,2026-05-19 09:45:00,82.93,83.16,82.93,83.13,1150391.0
TLT,2026-05-19 10:00:00,83.13,83.23,83.03,83.03,876208.0
TLT,2026-05-19 10:15:00,83.03,83.03,82.77,82.8,632610.0
TLT,2026-05-19 10:30:00,82.81,82.95,82.79,82.88,986564.0
TLT,2026-05-19 10:45:00,82.89,82.96,82.86,82.91,888406.0
TLT,2026-05-19 11:00:00,82.91,83.03,82.91,82.97,1136903.0
TLT,2026-05-19 11:15:00,82.97,83.09,82.97,82.97,1253117.0
TLT,2026-05-19 11:30:00,82.97,83.03,82.95,83.0,755181.0
TLT,2026-05-19 11:45:00,83.0,83.05,82.97,82.98,429457.0
TLT,2026-05-19 12:00:00,82.98,83.02,82.84,82.88,375792.0
TLT,2026-05-19 12:15:00,82.89,83.12,82.89,83.1,1343875.0
TLT,2026-05-19 12:30:00,83.12,83.15,83.03,83.05,1066815.0
TLT,2026-05-19 12:45:00,83.05,83.1,83.03,83.07,796544.0
TLT,2026-05-19 13:00:00,83.06,83.14,83.04,83.14,704756.0
TLT,2026-05-19 13:15:00,83.14,83.16,83.09,83.11,633151.0
TLT,2026-05-19 13:30:00,83.12,83.16,83.09,83.15,879222.0
TLT,2026-05-19 13:45:00,83.14,83.16,83.1,83.12,621946.0
TLT,2026-05-19 14:00:00,83.12,83.2,83.12,83.2,988281.0
TLT,2026-05-19 14:15:00,83.19,83.19,82.97,82.97,619216.0
TLT,2026-05-19 14:30:00,82.97,83.09,82.91,83.07,941516.0
TLT,2026-05-19 14:45:00,83.07,83.07,82.94,83.0,711599.0
TLT,2026-05-19 15:00:00,82.99,83.08,82.98,83.03,714869.0
TLT,2026-05-19 15:15:00,83.03,83.05,83.0,83.01,465886.0
TLT,2026-05-19 15:30:00,83.02,83.06,83.01,83.04,775971.0
TLT,2026-05-19 15:45:00,83.03,83.07,82.97,83.01,981714.0
TLT,2026-05-20 09:30:00,83.07,83.23,83.06,83.17,672160.0
TLT,2026-05-20 09:45:00,83.17,83.21,83.12,83.12,533467.0
TLT,2026-05-20 10:00:00,83.12,83.17,83.04,83.11,717113.0
TLT,2026-05-20 10:15:00,83.12,83.4,83.1,83.32,835324.0
TLT,2026-05-20 10:30:00,83.33,83.43,83.33,83.4,776865.0
TLT,2026-05-20 10:45:00,83.42,83.66,83.34,83.65,1068661.0
TLT,2026-05-20 11:00:00,83.65,83.7,83.6,83.67,1116630.0
TLT,2026-05-20 11:15:00,83.68,84.0,83.67,83.85,811014.0
TLT,2026-05-20 11:30:00,83.85,84.0,83.81,83.93,1069517.0
TLT,2026-05-20 11:45:00,83.93,83.98,83.79,83.82,1293084.0
TLT,2026-05-20 12:00:00,83.82,83.92,83.81,83.9,514037.0
TLT,2026-05-20 12:15:00,83.9,83.92,83.76,83.8,1114463.0
TLT,2026-05-20 12:30:00,83.8,83.85,83.76,83.84,784519.0
TLT,2026-05-20 12:45:00,83.87,83.88,83.76,83.82,1317910.0
TLT,2026-05-20 13:00:00,83.82,83.91,83.79,83.86,1038020.0
TLT,2026-05-20 13:15:00,83.87,83.9,83.79,83.83,552762.0
TLT,2026-05-20 13:30:00,83.84,83.94,83.8,83.8,966865.0
TLT,2026-05-20 13:45:00,83.81,83.87,83.76,83.76,932453.0
TLT,2026-05-20 14:00:00,83.75,83.82,83.73,83.82,595571.0
TLT,2026-05-20 14:15:00,83.83,83.86,83.78,83.84,477191.0
TLT,2026-05-20 14:30:00,83.85,83.86,83.76,83.76,239687.0
TLT,2026-05-20 14:45:00,83.76,83.92,83.76,83.87,621470.0
TLT,2026-05-20 15:00:00,83.87,83.94,83.86,83.86,186725.0
TLT,2026-05-20 15:15:00,83.87,83.9,83.86,83.89,389842.0
TLT,2026-05-20 15:30:00,83.89,83.98,83.89,83.93,533217.0
TLT,2026-05-20 15:45:00,83.93,83.96,83.87,83.91,794947.0
TLT,2026-05-21 09:30:00,83.61,83.62,83.34,83.34,707141.0
TLT,2026-05-21 09:45:00,83.33,83.73,83.33,83.63,791208.0
TLT,2026-05-21 10:00:00,83.64,83.67,83.5,83.55,688488.0
TLT,2026-05-21 10:15:00,83.56,83.6,83.47,83.59,815719.0
TLT,2026-05-21 10:30:00,83.59,83.63,83.5,83.52,475890.0
TLT,2026-05-21 10:45:00,83.53,83.63,83.49,83.62,481831.0
TLT,2026-05-21 11:00:00,83.63,83.66,83.48,83.58,527975.0
TLT,2026-05-21 11:15:00,83.58,83.61,83.53,83.55,326450.0
TLT,2026-05-21 11:30:00,83.57,83.64,83.54,83.56,489363.0
TLT,2026-05-21 11:45:00,83.56,83.68,83.56,83.68,317025.0
TLT,2026-05-21 12:00:00,83.69,83.78,83.68,83.74,638894.0
TLT,2026-05-21 12:15:00,83.73,83.77,83.68,83.77,407065.0
TLT,2026-05-21 12:30:00,83.77,83.81,83.75,83.81,241572.0
TLT,2026-05-21 12:45:00,83.81,83.81,83.78,83.79,266449.0
TLT,2026-05-21 13:00:00,83.8,83.86,83.68,83.86,353266.0
TLT,2026-05-21 13:15:00,83.86,84.03,83.85,84.03,1447498.0
TLT,2026-05-21 13:30:00,84.02,84.14,83.99,84.14,845504.0
TLT,2026-05-21 13:45:00,84.15,84.2,84.12,84.16,810878.0
TLT,2026-05-21 14:00:00,84.15,84.19,84.06,84.12,967652.0
TLT,2026-05-21 14:15:00,84.13,84.21,84.12,84.17,471636.0
TLT,2026-05-21 14:30:00,84.17,84.17,84.1,84.14,470011.0
TLT,2026-05-21 14:45:00,84.14,84.15,83.92,83.93,798021.0
TLT,2026-05-21 15:00:00,83.93,84.09,83.93,84.07,404136.0
TLT,2026-05-21 15:15:00,84.08,84.16,84.08,84.1,400745.0
TLT,2026-05-21 15:30:00,84.11,84.21,84.11,84.16,807520.0
TLT,2026-05-21 15:45:00,84.15,84.26,84.04,84.22,1332134.0
TLT,2026-05-22 09:30:00,84.61,84.64,84.44,84.53,693530.0
TLT,2026-05-22 09:45:00,84.53,84.54,84.4,84.47,739403.0
TLT,2026-05-22 10:00:00,84.44,84.46,84.21,84.22,1124297.0
TLT,2026-05-22 10:15:00,84.22,84.27,84.21,84.25,784743.0
TLT,2026-05-22 10:30:00,84.24,84.3,84.15,84.16,563984.0
TLT,2026-05-22 10:45:00,84.17,84.24,84.14,84.22,467659.0
TLT,2026-05-22 11:00:00,84.23,84.26,84.18,84.25,420526.0
TLT,2026-05-22 11:15:00,84.25,84.31,84.25,84.28,511423.0
TLT,2026-05-22 11:30:00,84.29,84.36,84.26,84.36,523352.0
TLT,2026-05-22 11:45:00,84.36,84.38,84.32,84.35,638798.0
TLT,2026-05-22 12:00:00,84.35,84.41,84.3,84.39,335863.0
TLT,2026-05-22 12:15:00,84.38,84.39,84.34,84.37,846100.0
TLT,2026-05-22 12:30:00,84.38,84.41,84.24,84.28,392297.0
TLT,2026-05-22 12:45:00,84.28,84.36,84.28,84.32,711389.0
TLT,2026-05-22 13:00:00,84.33,84.39,84.32,84.34,200863.0
TLT,2026-05-22 13:15:00,84.34,84.55,84.31,84.52,533564.0
TLT,2026-05-22 13:30:00,84.51,84.64,84.49,84.56,1071381.0
TLT,2026-05-22 13:45:00,84.56,84.57,84.5,84.53,380330.0
TLT,2026-05-22 14:00:00,84.54,84.56,84.46,84.53,416848.0
TLT,2026-05-22 14:15:00,84.52,84.58,84.52,84.53,428383.0
TLT,2026-05-22 14:30:00,84.54,84.6,84.52,84.53,783166.0
TLT,2026-05-22 14:45:00,84.53,84.56,84.53,84.55,399239.0
TLT,2026-05-22 15:00:00,84.54,84.54,84.45,84.49,768660.0
TLT,2026-05-22 15:15:00,84.48,84.5,84.48,84.48,205947.0
TLT,2026-05-22 15:30:00,84.49,84.52,84.48,84.52,566667.0
TLT,2026-05-22 15:45:00,84.51,84.68,84.51,84.67,968832.0
TLT,2026-05-26 09:30:00,85.34,85.37,85.25,85.28,664328.0
TLT,2026-05-26 09:45:00,85.28,85.33,85.06,85.15,1541103.0
TLT,2026-05-26 10:00:00,85.16,85.26,85.15,85.16,1227733.0
TLT,2026-05-26 10:15:00,85.17,85.27,85.15,85.21,896390.0
TLT,2026-05-26 10:30:00,85.22,85.27,85.19,85.21,886061.0
TLT,2026-05-26 10:45:00,85.2,85.23,85.13,85.13,1126671.0
TLT,2026-05-26 11:00:00,85.13,85.17,85.11,85.13,433652.0
TLT,2026-05-26 11:15:00,85.13,85.18,85.08,85.09,799653.0
TLT,2026-05-26 11:30:00,85.09,85.1,84.99,85.07,570508.0
TLT,2026-05-26 11:45:00,85.07,85.12,85.07,85.1,376937.0
TLT,2026-05-26 12:00:00,85.11,85.13,85.0,85.01,318411.0
TLT,2026-05-26 12:15:00,85.01,85.04,84.98,84.99,592585.0
TLT,2026-05-26 12:30:00,84.99,85.07,84.99,85.04,243470.0
TLT,2026-05-26 12:45:00,85.04,85.05,85.01,85.03,192002.0
TLT,2026-05-26 13:00:00,85.02,85.07,85.02,85.03,276467.0
TLT,2026-05-26 13:15:00,85.02,85.02,84.91,84.95,486977.0
TLT,2026-05-26 13:30:00,84.95,85.0,84.95,84.97,267407.0
TLT,2026-05-26 13:45:00,84.98,85.0,84.97,85.0,217128.0
TLT,2026-05-26 14:00:00,84.99,84.99,84.96,84.99,174006.0
TLT,2026-05-26 14:15:00,84.99,85.04,84.98,85.04,327655.0
TLT,2026-05-26 14:30:00,85.05,85.07,85.03,85.03,276384.0
TLT,2026-05-26 14:45:00,85.03,85.13,85.02,85.11,561757.0
TLT,2026-05-26 15:00:00,85.11,85.16,85.09,85.12,470424.0
TLT,2026-05-26 15:15:00,85.11,85.11,85.01,85.04,773715.0
TLT,2026-05-26 15:30:00,85.04,85.1,85.04,85.08,658958.0
TLT,2026-05-26 15:45:00,85.08,85.1,85.04,85.08,751564.0
TLT,2026-05-27 09:30:00,85.25,85.38,85.24,85.35,1066550.0
TLT,2026-05-27 09:45:00,85.36,85.45,85.36,85.4,945908.0
TLT,2026-05-27 10:00:00,85.4,85.45,85.38,85.4,523240.0
TLT,2026-05-27 10:15:00,85.41,85.48,85.32,85.39,803828.0
TLT,2026-05-27 10:30:00,85.38,85.4,85.2,85.29,633459.0
TLT,2026-05-27 10:45:00,85.29,85.34,85.29,85.32,471876.0
TLT,2026-05-27 11:00:00,85.32,85.38,85.29,85.34,548654.0
TLT,2026-05-27 11:15:00,85.34,85.38,85.28,85.37,298883.0
TLT,2026-05-27 11:30:00,85.38,85.46,85.23,85.24,670836.0
TLT,2026-05-27 11:45:00,85.25,85.32,85.23,85.27,599759.0
TLT,2026-05-27 12:00:00,85.28,85.29,85.17,85.23,918156.0
TLT,2026-05-27 12:15:00,85.23,85.31,85.22,85.28,574372.0
TLT,2026-05-27 12:30:00,85.28,85.33,85.25,85.32,298715.0
TLT,2026-05-27 12:45:00,85.32,85.34,85.26,85.27,291455.0
TLT,2026-05-27 13:00:00,85.27,85.29,85.17,85.17,314701.0
TLT,2026-05-27 13:15:00,85.17,85.24,85.15,85.19,572223.0
TLT,2026-05-27 13:30:00,85.18,85.25,85.17,85.25,364219.0
TLT,2026-05-27 13:45:00,85.24,85.26,85.21,85.25,362001.0
TLT,2026-05-27 14:00:00,85.25,85.25,85.23,85.23,374586.0
TLT,2026-05-27 14:15:00,85.24,85.3,85.24,85.3,276549.0
TLT,2026-05-27 14:30:00,85.31,85.34,85.28,85.3,542400.0
TLT,2026-05-27 14:45:00,85.3,85.33,85.28,85.31,458994.0
TLT,2026-05-27 15:00:00,85.31,85.36,85.31,85.34,439539.0
TLT,2026-05-27 15:15:00,85.33,85.35,85.28,85.29,575525.0
TLT,2026-05-27 15:30:00,85.29,85.33,85.29,85.33,605299.0
TLT,2026-05-27 15:45:00,85.32,85.34,85.26,85.29,793272.0
TLT,2026-05-28 09:30:00,85.39,85.43,85.27,85.33,292381.0
TLT,2026-05-28 09:45:00,85.34,85.39,85.3,85.35,433863.0
TLT,2026-05-28 10:00:00,85.34,85.85,85.3,85.71,815331.0
TLT,2026-05-28 10:15:00,85.71,85.72,85.54,85.62,724391.0
TLT,2026-05-28 10:30:00,85.62,85.65,85.51,85.53,995420.0
TLT,2026-05-28 10:45:00,85.54,85.59,85.45,85.59,922408.0
TLT,2026-05-28 11:00:00,85.58,85.65,85.57,85.59,617094.0
TLT,2026-05-28 11:15:00,85.57,85.6,85.53,85.56,446435.0
TLT,2026-05-28 11:30:00,85.57,85.61,85.54,85.54,371848.0
TLT,2026-05-28 11:45:00,85.54,85.56,85.54,85.55,244893.0
TLT,2026-05-28 12:00:00,85.54,85.58,85.51,85.57,431089.0
TLT,2026-05-28 12:15:00,85.57,85.72,85.55,85.65,748745.0
TLT,2026-05-28 12:30:00,85.65,85.69,85.62,85.68,173970.0
TLT,2026-05-28 12:45:00,85.69,85.72,85.66,85.7,501042.0
TLT,2026-05-28 13:00:00,85.7,85.72,85.65,85.65,292492.0
TLT,2026-05-28 13:15:00,85.65,85.65,85.58,85.62,452340.0
TLT,2026-05-28 13:30:00,85.63,85.73,85.63,85.72,285071.0
TLT,2026-05-28 13:45:00,85.72,85.73,85.69,85.69,380346.0
TLT,2026-05-28 14:00:00,85.7,85.72,85.65,85.69,500464.0
TLT,2026-05-28 14:15:00,85.7,85.74,85.67,85.69,619172.0
TLT,2026-05-28 14:30:00,85.69,85.69,85.63,85.67,622445.0
TLT,2026-05-28 14:45:00,85.67,85.69,85.65,85.68,562208.0
TLT,2026-05-28 15:00:00,85.68,85.69,85.64,85.67,967787.0
TLT,2026-05-28 15:15:00,85.66,85.69,85.66,85.67,234485.0
TLT,2026-05-28 15:30:00,85.67,85.74,85.67,85.73,889916.0
TLT,2026-05-28 15:45:00,85.72,85.73,85.68,85.72,649337.0
TLT,2026-05-29 09:30:00,85.81,85.82,85.72,85.73,622084.0
TLT,2026-05-29 09:45:00,85.73,85.73,85.64,85.67,711559.0
TLT,2026-05-29 10:00:00,85.66,85.78,85.66,85.72,622976.0
TLT,2026-05-29 10:15:00,85.72,85.75,85.69,85.7,615508.0
TLT,2026-05-29 10:30:00,85.71,85.76,85.67,85.74,594019.0
TLT,2026-05-29 10:45:00,85.75,85.91,85.72,85.86,436272.0
TLT,2026-05-29 11:00:00,85.86,85.89,85.76,85.88,796993.0
TLT,2026-05-29 11:15:00,85.89,85.96,85.87,85.92,1010540.0
TLT,2026-05-29 11:30:00,85.91,85.92,85.74,85.77,616047.0
TLT,2026-05-29 11:45:00,85.78,85.82,85.75,85.8,227804.0
TLT,2026-05-29 12:00:00,85.8,85.83,85.76,85.78,384832.0
TLT,2026-05-29 12:15:00,85.78,85.81,85.75,85.79,456386.0
TLT,2026-05-29 12:30:00,85.79,85.86,85.79,85.85,667528.0
TLT,2026-05-29 12:45:00,85.84,85.86,85.81,85.86,750413.0
TLT,2026-05-29 13:00:00,85.85,85.86,85.82,85.83,357146.0
TLT,2026-05-29 13:15:00,85.83,85.84,85.78,85.79,522253.0
TLT,2026-05-29 13:30:00,85.78,85.79,85.72,85.73,858101.0
TLT,2026-05-29 13:45:00,85.72,85.73,85.68,85.71,270444.0
TLT,2026-05-29 14:00:00,85.71,85.74,85.69,85.74,293150.0
TLT,2026-05-29 14:15:00,85.74,85.8,85.74,85.77,755267.0
TLT,2026-05-29 14:30:00,85.78,85.79,85.72,85.72,526839.0
TLT,2026-05-29 14:45:00,85.72,85.72,85.59,85.59,750889.0
TLT,2026-05-29 15:00:00,85.6,85.65,85.57,85.61,743922.0
TLT,2026-05-29 15:15:00,85.61,85.66,85.57,85.65,1656088.0
TLT,2026-05-29 15:30:00,85.66,85.66,85.56,85.57,1171468.0
TLT,2026-05-29 15:45:00,85.57,85.75,85.56,85.72,1314802.0
IEF,2026-05-01 09:30:00,94.69,94.72,94.66,94.68,192123.0
IEF,2026-05-01 09:45:00,94.68,94.78,94.62,94.76,379039.0
IEF,2026-05-01 10:00:00,94.77,94.99,94.77,94.97,660773.0
IEF,2026-05-01 10:15:00,94.98,95.04,94.97,95.0,190516.0
IEF,2026-05-01 10:30:00,94.99,94.99,94.86,94.88,264544.0
IEF,2026-05-01 10:45:00,94.86,94.88,94.83,94.87,42627.0
IEF,2026-05-01 11:00:00,94.86,94.86,94.78,94.79,98078.0
IEF,2026-05-01 11:15:00,94.82,94.83,94.79,94.79,89038.0
IEF,2026-05-01 11:30:00,94.81,94.83,94.8,94.81,180769.0
IEF,2026-05-01 11:45:00,94.81,94.84,94.77,94.77,134579.0
IEF,2026-05-01 12:00:00,94.78,94.83,94.78,94.83,51052.0
IEF,2026-05-01 12:15:00,94.86,94.88,94.81,94.83,200331.0
IEF,2026-05-01 12:30:00,94.83,94.86,94.8,94.86,85504.0
IEF,2026-05-01 12:45:00,94.86,94.86,94.82,94.82,126994.0
IEF,2026-05-01 13:00:00,94.81,94.81,94.78,94.8,27498.0
IEF,2026-05-01 13:15:00,94.8,94.82,94.79,94.8,75316.0
IEF,2026-05-01 13:30:00,94.81,94.81,94.8,94.8,66235.0
IEF,2026-05-01 13:45:00,94.8,94.84,94.8,94.82,71574.0
IEF,2026-05-01 14:00:00,94.82,94.82,94.78,94.78,94119.0
IEF,2026-05-01 14:15:00,94.77,94.8,94.77,94.8,130027.0
IEF,2026-05-01 14:30:00,94.81,94.82,94.81,94.81,83597.0
IEF,2026-05-01 14:45:00,94.81,94.82,94.8,94.8,64815.0
IEF,2026-05-01 15:00:00,94.79,94.8,94.79,94.8,127688.0
IEF,2026-05-01 15:15:00,94.8,94.81,94.79,94.79,157314.0
IEF,2026-05-01 15:30:00,94.78,94.78,94.75,94.75,176470.0
IEF,2026-05-01 15:45:00,94.75,94.77,94.73,94.75,254676.0
IEF,2026-05-04 09:30:00,94.58,94.6,94.55,94.55,256925.0
IEF,2026-05-04 09:45:00,94.54,94.55,94.5,94.51,218696.0
IEF,2026-05-04 10:00:00,94.5,94.55,94.48,94.54,372129.0
IEF,2026-05-04 10:15:00,94.54,94.6,94.53,94.58,46787.0
IEF,2026-05-04 10:30:00,94.58,94.58,94.55,94.56,103687.0
IEF,2026-05-04 10:45:00,94.57,94.57,94.51,94.51,259127.0
IEF,2026-05-04 11:00:00,94.5,94.55,94.48,94.5,133031.0
IEF,2026-05-04 11:15:00,94.51,94.52,94.39,94.43,238202.0
IEF,2026-05-04 11:30:00,94.43,94.43,94.38,94.39,156406.0
IEF,2026-05-04 11:45:00,94.39,94.39,94.33,94.34,252491.0
IEF,2026-05-04 12:00:00,94.35,94.38,94.24,94.24,210323.0
IEF,2026-05-04 12:15:00,94.24,94.32,94.22,94.3,323215.0
IEF,2026-05-04 12:30:00,94.29,94.33,94.28,94.29,230823.0
IEF,2026-05-04 12:45:00,94.29,94.3,94.28,94.3,158555.0
IEF,2026-05-04 13:00:00,94.3,94.35,94.29,94.34,138661.0
IEF,2026-05-04 13:15:00,94.33,94.38,94.32,94.38,142694.0
IEF,2026-05-04 13:30:00,94.38,94.38,94.33,94.34,106214.0
IEF,2026-05-04 13:45:00,94.35,94.36,94.34,94.35,60536.0
IEF,2026-05-04 14:00:00,94.36,94.38,94.35,94.35,137498.0
IEF,2026-05-04 14:15:00,94.35,94.36,94.33,94.33,137049.0
IEF,2026-05-04 14:30:00,94.35,94.36,94.34,94.34,114782.0
IEF,2026-05-04 14:45:00,94.34,94.36,94.33,94.35,170992.0
IEF,2026-05-04 15:00:00,94.35,94.42,94.35,94.41,135490.0
IEF,2026-05-04 15:15:00,94.41,94.43,94.39,94.39,150478.0
IEF,2026-05-04 15:30:00,94.39,94.41,94.39,94.4,149266.0
IEF,2026-05-04 15:45:00,94.4,94.42,94.39,94.41,204505.0
IEF,2026-05-05 09:30:00,94.5,94.53,94.48,94.48,294962.0
IEF,2026-05-05 09:45:00,94.5,94.51,94.48,94.48,107146.0
IEF,2026-05-05 10:00:00,94.48,94.64,94.48,94.52,314601.0
IEF,2026-05-05 10:15:00,94.54,94.56,94.47,94.55,379516.0085
IEF,2026-05-05 10:30:00,94.54,94.55,94.51,94.54,107746.0
IEF,2026-05-05 10:45:00,94.54,94.56,94.52,94.54,265423.0
IEF,2026-05-05 11:00:00,94.54,94.56,94.54,94.54,50868.0
IEF,2026-05-05 11:15:00,94.55,94.58,94.55,94.57,42308.0
IEF,2026-05-05 11:30:00,94.58,94.6,94.57,94.59,66177.0
IEF,2026-05-05 11:45:00,94.6,94.61,94.6,94.61,67984.0
IEF,2026-05-05 12:00:00,94.61,94.63,94.61,94.62,67205.0
IEF,2026-05-05 12:15:00,94.62,94.62,94.6,94.6,64058.0
IEF,2026-05-05 12:30:00,94.59,94.6,94.56,94.57,124158.0
IEF,2026-05-05 12:45:00,94.57,94.57,94.57,94.57,86852.0
IEF,2026-05-05 13:00:00,94.57,94.58,94.54,94.56,173567.0
IEF,2026-05-05 13:15:00,94.56,94.56,94.55,94.56,87117.0
IEF,2026-05-05 13:30:00,94.56,94.58,94.56,94.56,118103.0
IEF,2026-05-05 13:45:00,94.56,94.56,94.55,94.56,41655.0
IEF,2026-05-05 14:00:00,94.55,94.55,94.54,94.55,106041.0
IEF,2026-05-05 14:15:00,94.55,94.56,94.53,94.54,108557.0
IEF,2026-05-05 14:30:00,94.54,94.54,94.52,94.53,172809.0
IEF,2026-05-05 14:45:00,94.53,94.56,94.53,94.55,151411.0
IEF,2026-05-05 15:00:00,94.56,94.56,94.54,94.54,131591.0
IEF,2026-05-05 15:15:00,94.54,94.54,94.52,94.53,111723.0
IEF,2026-05-05 15:30:00,94.54,94.55,94.52,94.52,164767.0
IEF,2026-05-05 15:45:00,94.52,94.54,94.51,94.52,292975.0
IEF,2026-05-06 09:30:00,94.93,94.95,94.88,94.88,257902.0
IEF,2026-05-06 09:45:00,94.88,94.93,94.87,94.91,229197.0
IEF,2026-05-06 10:00:00,94.91,94.95,94.88,94.94,267625.0
IEF,2026-05-06 10:15:00,94.94,94.98,94.91,94.92,111460.0
IEF,2026-05-06 10:30:00,94.93,95.0,94.92,95.0,118213.0
IEF,2026-05-06 10:45:00,95.0,95.01,94.95,94.97,265192.0
IEF,2026-05-06 11:00:00,94.97,94.99,94.95,94.96,138965.0
IEF,2026-05-06 11:15:00,94.97,95.02,94.97,95.02,107545.0
IEF,2026-05-06 11:30:00,95.02,95.02,94.96,94.99,206858.0
IEF,2026-05-06 11:45:00,94.98,95.0,94.97,94.99,66738.0
IEF,2026-05-06 12:00:00,94.99,94.99,94.97,94.99,104132.0
IEF,2026-05-06 12:15:00,94.99,95.01,94.99,95.0,97546.0
IEF,2026-05-06 12:30:00,94.99,95.01,94.98,94.98,82650.0
IEF,2026-05-06 12:45:00,94.98,94.98,94.94,94.94,126460.0
IEF,2026-05-06 13:00:00,94.94,94.99,94.94,94.98,92354.0
IEF,2026-05-06 13:15:00,94.98,95.01,94.98,95.01,81296.0
IEF,2026-05-06 13:30:00,95.01,95.03,95.01,95.02,131787.0
IEF,2026-05-06 13:45:00,95.03,95.03,94.98,94.99,84353.0
IEF,2026-05-06 14:00:00,94.99,95.01,94.99,95.0,158609.0
IEF,2026-05-06 14:15:00,95.0,95.0,94.97,94.97,148292.0
IEF,2026-05-06 14:30:00,94.97,94.99,94.97,94.98,103876.0
IEF,2026-05-06 14:45:00,94.98,95.0,94.98,94.98,92715.0
IEF,2026-05-06 15:00:00,94.98,95.02,94.98,95.02,87711.0
IEF,2026-05-06 15:15:00,95.02,95.03,95.01,95.01,160858.0
IEF,2026-05-06 15:30:00,95.0,95.03,95.0,95.03,270392.0
IEF,2026-05-06 15:45:00,95.03,95.03,94.98,94.99,246923.0
IEF,2026-05-07 09:30:00,95.18,95.18,95.14,95.15,226917.0
IEF,2026-05-07 09:45:00,95.15,95.16,95.09,95.13,104551.0
IEF,2026-05-07 10:00:00,95.12,95.16,95.12,95.16,80110.0
IEF,2026-05-07 10:15:00,95.15,95.15,95.08,95.08,85851.0
IEF,2026-05-07 10:30:00,95.09,95.09,95.06,95.08,98219.96759999997
IEF,2026-05-07 10:45:00,95.07,95.13,95.07,95.11,56761.0
IEF,2026-05-07 11:00:00,95.11,95.12,95.02,95.02,119879.0
IEF,2026-05-07 11:15:00,95.03,95.04,94.92,94.94,87562.0
IEF,2026-05-07 11:30:00,94.95,94.96,94.93,94.96,56899.0
IEF,2026-05-07 11:45:00,94.95,94.95,94.89,94.9,57326.0
IEF,2026-05-07 12:00:00,94.89,94.92,94.86,94.86,136224.0
IEF,2026-05-07 12:15:00,94.86,94.88,94.85,94.87,75026.0
IEF,2026-05-07 12:30:00,94.88,94.89,94.84,94.86,99617.0
IEF,2026-05-07 12:45:00,94.84,94.86,94.83,94.83,137970.0
IEF,2026-05-07 13:00:00,94.83,94.84,94.81,94.82,156214.0
IEF,2026-05-07 13:15:00,94.82,94.83,94.71,94.73,290069.0
IEF,2026-05-07 13:30:00,94.73,94.77,94.72,94.72,132568.0
IEF,2026-05-07 13:45:00,94.72,94.76,94.71,94.76,159374.0
IEF,2026-05-07 14:00:00,94.76,94.78,94.75,94.76,71494.0
IEF,2026-05-07 14:15:00,94.75,94.78,94.75,94.76,80739.0
IEF,2026-05-07 14:30:00,94.76,94.77,94.71,94.71,113364.0
IEF,2026-05-07 14:45:00,94.72,94.75,94.71,94.73,190779.0
IEF,2026-05-07 15:00:00,94.74,94.75,94.72,94.74,203709.0
IEF,2026-05-07 15:15:00,94.72,94.74,94.68,94.72,385238.0
IEF,2026-05-07 15:30:00,94.73,94.78,94.72,94.77,322974.0
IEF,2026-05-07 15:45:00,94.76,94.76,94.69,94.73,828263.0
IEF,2026-05-08 09:30:00,95.02,95.07,95.01,95.07,382504.0
IEF,2026-05-08 09:45:00,95.08,95.09,95.04,95.06,138168.0
IEF,2026-05-08 10:00:00,95.06,95.08,95.01,95.03,197472.0
IEF,2026-05-08 10:15:00,95.03,95.05,95.01,95.04,89738.0
IEF,2026-05-08 10:30:00,95.04,95.04,95.01,95.03,41525.0
IEF,2026-05-08 10:45:00,95.03,95.03,94.98,94.99,60468.0
IEF,2026-05-08 11:00:00,94.98,95.0,94.97,94.97,73113.0
IEF,2026-05-08 11:15:00,94.97,94.98,94.95,94.97,114343.19516999996
IEF,2026-05-08 11:30:00,94.97,94.98,94.92,94.94,98531.0
IEF,2026-05-08 11:45:00,94.93,94.96,94.93,94.95,237524.0
IEF,2026-05-08 12:00:00,94.95,94.97,94.95,94.96,122801.0
IEF,2026-05-08 12:15:00,94.96,94.97,94.95,94.97,43887.0
IEF,2026-05-08 12:30:00,94.96,94.98,94.95,94.96,48004.0
IEF,2026-05-08 12:45:00,94.96,94.97,94.94,94.94,83718.0
IEF,2026-05-08 13:00:00,94.95,94.96,94.94,94.95,61494.0
IEF,2026-05-08 13:15:00,94.94,94.98,94.94,94.97,62570.0
IEF,2026-05-08 13:30:00,94.97,94.98,94.96,94.96,22009.0
IEF,2026-05-08 13:45:00,94.97,94.97,94.95,94.96,41563.0
IEF,2026-05-08 14:00:00,94.95,95.02,94.95,95.01,82956.0
IEF,2026-05-08 14:15:00,95.01,95.01,94.97,94.98,77886.0
IEF,2026-05-08 14:30:00,94.99,94.99,94.96,94.97,73392.22643999988
IEF,2026-05-08 14:45:00,94.97,94.99,94.96,94.96,95690.0
IEF,2026-05-08 15:00:00,94.96,94.96,94.94,94.94,84561.0
IEF,2026-05-08 15:15:00,94.94,94.95,94.94,94.94,69517.0
IEF,2026-05-08 15:30:00,94.94,94.97,94.93,94.97,116788.0
IEF,2026-05-08 15:45:00,94.97,94.98,94.96,94.96,357230.0
IEF,2026-05-11 09:30:00,94.86,94.87,94.83,94.85,363373.0
IEF,2026-05-11 09:45:00,94.85,94.88,94.85,94.87,153480.0
IEF,2026-05-11 10:00:00,94.86,94.86,94.77,94.79,131018.0
IEF,2026-05-11 10:15:00,94.8,94.83,94.79,94.81,65067.0
IEF,2026-05-11 10:30:00,94.8,94.8,94.75,94.78,106146.0
IEF,2026-05-11 10:45:00,94.78,94.78,94.75,94.76,44591.0
IEF,2026-05-11 11:00:00,94.75,94.77,94.75,94.76,40284.0
IEF,2026-05-11 11:15:00,94.76,94.8,94.76,94.79,164066.0
IEF,2026-05-11 11:30:00,94.8,94.81,94.78,94.78,60609.0
IEF,2026-05-11 11:45:00,94.78,94.78,94.78,94.78,112892.0
IEF,2026-05-11 12:00:00,94.78,94.79,94.77,94.77,41080.0
IEF,2026-05-11 12:15:00,94.78,94.78,94.77,94.77,48780.0
IEF,2026-05-11 12:30:00,94.77,94.77,94.71,94.73,101021.0
IEF,2026-05-11 12:45:00,94.72,94.73,94.72,94.72,67339.0
IEF,2026-05-11 13:00:00,94.71,94.71,94.69,94.7,134387.0
IEF,2026-05-11 13:15:00,94.69,94.69,94.68,94.69,94731.0
IEF,2026-05-11 13:30:00,94.7,94.71,94.69,94.69,109361.0
IEF,2026-05-11 13:45:00,94.69,94.69,94.68,94.68,78354.0
IEF,2026-05-11 14:00:00,94.68,94.7,94.68,94.7,77313.0
IEF,2026-05-11 14:15:00,94.7,94.71,94.7,94.7,129633.0
IEF,2026-05-11 14:30:00,94.7,94.72,94.68,94.68,259945.0
IEF,2026-05-11 14:45:00,94.68,94.69,94.65,94.65,140478.0
IEF,2026-05-11 15:00:00,94.64,94.66,94.64,94.66,200341.0
IEF,2026-05-11 15:15:00,94.66,94.66,94.65,94.66,94784.0
IEF,2026-05-11 15:30:00,94.66,94.66,94.64,94.65,186206.0
IEF,2026-05-11 15:45:00,94.65,94.65,94.64,94.65,212393.0
IEF,2026-05-12 09:30:00,94.42,94.42,94.37,94.41,344750.0
IEF,2026-05-12 09:45:00,94.41,94.41,94.35,94.35,133402.0
IEF,2026-05-12 10:00:00,94.36,94.38,94.36,94.37,210177.0
IEF,2026-05-12 10:15:00,94.38,94.38,94.35,94.35,79362.0
IEF,2026-05-12 10:30:00,94.36,94.38,94.35,94.37,100859.0
IEF,2026-05-12 10:45:00,94.37,94.38,94.35,94.37,55254.0
IEF,2026-05-12 11:00:00,94.37,94.37,94.36,94.37,83032.0
IEF,2026-05-12 11:15:00,94.37,94.39,94.37,94.38,231823.0
IEF,2026-05-12 11:30:00,94.38,94.41,94.38,94.41,49176.0
IEF,2026-05-12 11:45:00,94.42,94.42,94.37,94.37,69615.0
IEF,2026-05-12 12:00:00,94.37,94.39,94.36,94.38,52288.0
IEF,2026-05-12 12:15:00,94.39,94.39,94.36,94.36,59047.0
IEF,2026-05-12 12:30:00,94.36,94.39,94.36,94.37,134932.0
IEF,2026-05-12 12:45:00,94.37,94.38,94.36,94.36,70897.0
IEF,2026-05-12 13:00:00,94.35,94.38,94.35,94.35,107128.0
IEF,2026-05-12 13:15:00,94.35,94.37,94.35,94.36,61058.0
IEF,2026-05-12 13:30:00,94.35,94.37,94.34,94.36,98070.0
IEF,2026-05-12 13:45:00,94.36,94.36,94.33,94.34,75006.0
IEF,2026-05-12 14:00:00,94.34,94.34,94.32,94.33,90290.0
IEF,2026-05-12 14:15:00,94.33,94.35,94.31,94.34,75760.0
IEF,2026-05-12 14:30:00,94.34,94.34,94.31,94.32,229694.0
IEF,2026-05-12 14:45:00,94.31,94.32,94.3,94.31,219315.0
IEF,2026-05-12 15:00:00,94.31,94.33,94.3,94.33,91141.0
IEF,2026-05-12 15:15:00,94.34,94.34,94.3,94.3,175621.0
IEF,2026-05-12 15:30:00,94.31,94.34,94.31,94.33,156093.0
IEF,2026-05-12 15:45:00,94.33,94.35,94.31,94.31,240712.0
IEF,2026-05-13 09:30:00,94.3,94.36,94.28,94.35,215779.0
IEF,2026-05-13 09:45:00,94.36,94.37,94.3,94.31,156229.0
IEF,2026-05-13 10:00:00,94.3,94.32,94.28,94.28,88730.0
IEF,2026-05-13 10:15:00,94.27,94.27,94.22,94.24,85864.0
IEF,2026-05-13 10:30:00,94.23,94.25,94.22,94.22,109411.0
IEF,2026-05-13 10:45:00,94.22,94.22,94.19,94.2,71238.0
IEF,2026-05-13 11:00:00,94.19,94.21,94.18,94.18,108304.0
IEF,2026-05-13 11:15:00,94.18,94.19,94.16,94.16,83589.0
IEF,2026-05-13 11:30:00,94.15,94.24,94.11,94.21,122177.0
IEF,2026-05-13 11:45:00,94.2,94.21,94.18,94.2,43415.0
IEF,2026-05-13 12:00:00,94.2,94.24,94.19,94.23,55580.0
IEF,2026-05-13 12:15:00,94.23,94.34,94.23,94.3,286454.0
IEF,2026-05-13 12:30:00,94.31,94.31,94.27,94.27,62043.0
IEF,2026-05-13 12:45:00,94.27,94.29,94.27,94.27,100644.0
IEF,2026-05-13 13:00:00,94.27,94.29,94.23,94.28,48614.0
IEF,2026-05-13 13:15:00,94.29,94.31,94.29,94.3,85495.0
IEF,2026-05-13 13:30:00,94.3,94.3,94.27,94.27,54770.0
IEF,2026-05-13 13:45:00,94.25,94.25,94.24,94.25,107777.0
IEF,2026-05-13 14:00:00,94.25,94.28,94.25,94.27,43416.0
IEF,2026-05-13 14:15:00,94.26,94.28,94.26,94.28,79214.0
IEF,2026-05-13 14:30:00,94.28,94.29,94.27,94.27,113177.0
IEF,2026-05-13 14:45:00,94.27,94.29,94.27,94.28,107428.0
IEF,2026-05-13 15:00:00,94.28,94.3,94.27,94.3,107154.0
IEF,2026-05-13 15:15:00,94.31,94.34,94.29,94.34,105038.0
IEF,2026-05-13 15:30:00,94.35,94.35,94.31,94.31,107072.0
IEF,2026-05-13 15:45:00,94.32,94.33,94.31,94.33,105158.0
IEF,2026-05-14 09:30:00,94.53,94.53,94.49,94.52,172160.0
IEF,2026-05-14 09:45:00,94.52,94.56,94.49,94.49,208148.0
IEF,2026-05-14 10:00:00,94.49,94.49,94.46,94.46,181277.0
IEF,2026-05-14 10:15:00,94.46,94.46,94.4,94.42,86923.0
IEF,2026-05-14 10:30:00,94.41,94.45,94.41,94.45,141851.0
IEF,2026-05-14 10:45:00,94.45,94.48,94.45,94.47,100129.0
IEF,2026-05-14 11:00:00,94.46,94.46,94.43,94.44,127220.0
IEF,2026-05-14 11:15:00,94.43,94.47,94.43,94.46,73764.0
IEF,2026-05-14 11:30:00,94.46,94.47,94.45,94.46,81398.0
IEF,2026-05-14 11:45:00,94.46,94.49,94.46,94.49,78373.0
IEF,2026-05-14 12:00:00,94.49,94.5,94.49,94.49,59420.0
IEF,2026-05-14 12:15:00,94.49,94.49,94.46,94.46,68186.0
IEF,2026-05-14 12:30:00,94.46,94.46,94.44,94.44,98683.0
IEF,2026-05-14 12:45:00,94.44,94.46,94.44,94.45,68677.0
IEF,2026-05-14 13:00:00,94.47,94.48,94.46,94.46,97321.0
IEF,2026-05-14 13:15:00,94.46,94.47,94.45,94.46,92741.0
IEF,2026-05-14 13:30:00,94.46,94.46,94.45,94.45,31422.0
IEF,2026-05-14 13:45:00,94.46,94.46,94.44,94.45,68032.0
IEF,2026-05-14 14:00:00,94.44,94.44,94.41,94.41,88429.0
IEF,2026-05-14 14:15:00,94.41,94.43,94.41,94.43,151175.0
IEF,2026-05-14 14:30:00,94.43,94.43,94.4,94.4,99815.0
IEF,2026-05-14 14:45:00,94.4,94.41,94.39,94.4,109651.0
IEF,2026-05-14 15:00:00,94.39,94.39,94.37,94.38,213513.0
IEF,2026-05-14 15:15:00,94.38,94.38,94.35,94.35,121070.0
IEF,2026-05-14 15:30:00,94.35,94.35,94.29,94.29,212483.0
IEF,2026-05-14 15:45:00,94.3,94.3,94.25,94.26,213263.0
IEF,2026-05-15 09:30:00,93.72,93.75,93.68,93.68,74986.0
IEF,2026-05-15 09:45:00,93.67,93.67,93.62,93.62,52965.0
IEF,2026-05-15 10:00:00,93.64,93.68,93.62,93.66,451678.0
IEF,2026-05-15 10:15:00,93.65,93.73,93.65,93.71,269145.0
IEF,2026-05-15 10:30:00,93.71,93.74,93.69,93.7,238253.0
IEF,2026-05-15 10:45:00,93.69,93.69,93.66,93.69,150851.0
IEF,2026-05-15 11:00:00,93.69,93.69,93.62,93.66,157340.0
IEF,2026-05-15 11:15:00,93.66,93.66,93.63,93.64,243968.0
IEF,2026-05-15 11:30:00,93.64,93.65,93.57,93.58,497177.0
IEF,2026-05-15 11:45:00,93.58,93.62,93.56,93.62,139138.0
IEF,2026-05-15 12:00:00,93.62,93.63,93.6,93.62,56922.0
IEF,2026-05-15 12:15:00,93.61,93.62,93.57,93.59,169299.0
IEF,2026-05-15 12:30:00,93.59,93.6,93.55,93.56,180795.0
IEF,2026-05-15 12:45:00,93.56,93.57,93.56,93.56,192861.0
IEF,2026-05-15 13:00:00,93.55,93.57,93.54,93.57,117632.0
IEF,2026-05-15 13:15:00,93.57,93.61,93.56,93.59,163180.0
IEF,2026-05-15 13:30:00,93.59,93.59,93.57,93.58,117870.0
IEF,2026-05-15 13:45:00,93.58,93.58,93.53,93.53,147427.0
IEF,2026-05-15 14:00:00,93.53,93.54,93.5,93.54,286688.0
IEF,2026-05-15 14:15:00,93.54,93.56,93.54,93.55,49674.0
IEF,2026-05-15 14:30:00,93.56,93.56,93.52,93.53,108954.0
IEF,2026-05-15 14:45:00,93.53,93.53,93.5,93.53,120813.0
IEF,2026-05-15 15:00:00,93.53,93.53,93.51,93.52,257107.0
IEF,2026-05-15 15:15:00,93.52,93.54,93.52,93.54,208801.0
IEF,2026-05-15 15:30:00,93.54,93.54,93.5,93.51,304929.0
IEF,2026-05-15 15:45:00,93.51,93.53,93.49,93.53,126613.0
IEF,2026-05-18 09:30:00,93.62,93.64,93.6,93.61,366430.0
IEF,2026-05-18 09:45:00,93.61,93.74,93.6,93.71,252512.0
IEF,2026-05-18 10:00:00,93.7,93.7,93.61,93.62,358426.0
IEF,2026-05-18 10:15:00,93.61,93.63,93.56,93.56,182945.0
IEF,2026-05-18 10:30:00,93.57,93.57,93.5,93.51,133199.0
IEF,2026-05-18 10:45:00,93.51,93.55,93.51,93.55,70715.0
IEF,2026-05-18 11:00:00,93.54,93.54,93.45,93.49,211846.0
IEF,2026-05-18 11:15:00,93.5,93.51,93.48,93.49,94506.0
IEF,2026-05-18 11:30:00,93.49,93.55,93.49,93.52,239589.0
IEF,2026-05-18 11:45:00,93.51,93.54,93.5,93.53,97958.0
IEF,2026-05-18 12:00:00,93.54,93.55,93.53,93.55,77136.0
IEF,2026-05-18 12:15:00,93.56,93.59,93.47,93.47,106164.0
IEF,2026-05-18 12:30:00,93.47,93.56,93.47,93.54,96988.0
IEF,2026-05-18 12:45:00,93.55,93.56,93.54,93.54,95673.0
IEF,2026-05-18 13:00:00,93.53,93.56,93.5,93.55,108706.0
IEF,2026-05-18 13:15:00,93.55,93.58,93.52,93.52,175643.0
IEF,2026-05-18 13:30:00,93.52,93.52,93.5,93.52,39458.0
IEF,2026-05-18 13:45:00,93.53,93.54,93.52,93.52,58181.0
IEF,2026-05-18 14:00:00,93.53,93.53,93.46,93.46,209293.0
IEF,2026-05-18 14:15:00,93.45,93.45,93.35,93.39,332889.0
IEF,2026-05-18 14:30:00,93.39,93.43,93.37,93.38,306551.0
IEF,2026-05-18 14:45:00,93.39,93.43,93.37,93.37,296244.0
IEF,2026-05-18 15:00:00,93.37,93.58,93.37,93.49,342377.0
IEF,2026-05-18 15:15:00,93.48,93.52,93.43,93.47,239344.0
IEF,2026-05-18 15:30:00,93.48,93.52,93.48,93.51,269302.0
IEF,2026-05-18 15:45:00,93.51,93.54,93.47,93.48,311463.0
IEF,2026-05-19 09:30:00,93.13,93.18,93.11,93.12,284592.0
IEF,2026-05-19 09:45:00,93.12,93.23,93.12,93.21,182481.0
IEF,2026-05-19 10:00:00,93.21,93.27,93.15,93.15,183466.0
IEF,2026-05-19 10:15:00,93.15,93.15,92.95,92.98,210905.0
IEF,2026-05-19 10:30:00,92.98,93.06,92.97,93.03,188468.0
IEF,2026-05-19 10:45:00,93.03,93.04,92.99,93.03,181831.0
IEF,2026-05-19 11:00:00,93.02,93.08,93.02,93.03,83166.0
IEF,2026-05-19 11:15:00,93.04,93.09,93.01,93.02,132732.0
IEF,2026-05-19 11:30:00,93.02,93.05,93.01,93.04,187613.0
IEF,2026-05-19 11:45:00,93.04,93.08,93.04,93.07,122519.0
IEF,2026-05-19 12:00:00,93.07,93.09,93.0,93.02,203430.0
IEF,2026-05-19 12:15:00,93.03,93.14,93.03,93.14,234719.0
IEF,2026-05-19 12:30:00,93.14,93.15,93.09,93.09,130122.0
IEF,2026-05-19 12:45:00,93.09,93.12,93.09,93.12,70677.0
IEF,2026-05-19 13:00:00,93.12,93.17,93.12,93.17,115541.0
IEF,2026-05-19 13:15:00,93.18,93.19,93.14,93.17,66753.24081999995
IEF,2026-05-19 13:30:00,93.17,93.2,93.16,93.18,332366.54327999987
IEF,2026-05-19 13:45:00,93.19,93.21,93.18,93.19,168431.0
IEF,2026-05-19 14:00:00,93.19,93.22,93.18,93.21,106557.0
IEF,2026-05-19 14:15:00,93.21,93.21,93.1,93.1,306378.0
IEF,2026-05-19 14:30:00,93.07,93.17,93.05,93.14,271747.0
IEF,2026-05-19 14:45:00,93.14,93.14,93.04,93.07,155186.0
IEF,2026-05-19 15:00:00,93.07,93.13,93.07,93.1,199940.0
IEF,2026-05-19 15:15:00,93.1,93.11,93.08,93.09,149121.0
IEF,2026-05-19 15:30:00,93.09,93.13,93.09,93.11,766655.0
IEF,2026-05-19 15:45:00,93.11,93.13,93.1,93.12,683518.0
IEF,2026-05-20 09:30:00,93.15,93.23,93.15,93.19,212148.0
IEF,2026-05-20 09:45:00,93.19,93.23,93.19,93.19,116432.0
IEF,2026-05-20 10:00:00,93.19,93.22,93.15,93.19,262844.0
IEF,2026-05-20 10:15:00,93.19,93.41,93.19,93.36,1031194.5577799999
IEF,2026-05-20 10:30:00,93.36,93.43,93.36,93.4,627337.0
IEF,2026-05-20 10:45:00,93.41,93.52,93.38,93.52,1067867.0
IEF,2026-05-20 11:00:00,93.53,93.56,93.49,93.52,716825.0
IEF,2026-05-20 11:15:00,93.51,93.79,93.51,93.63,2295046.99465
IEF,2026-05-20 11:30:00,93.64,93.73,93.61,93.68,279311.0
IEF,2026-05-20 11:45:00,93.69,93.74,93.61,93.63,1049599.9735000003
IEF,2026-05-20 12:00:00,93.63,93.68,93.63,93.66,215654.0
IEF,2026-05-20 12:15:00,93.67,93.68,93.58,93.6,217991.0
IEF,2026-05-20 12:30:00,93.6,93.65,93.58,93.65,125622.0
IEF,2026-05-20 12:45:00,93.67,93.68,93.63,93.66,233532.0
IEF,2026-05-20 13:00:00,93.67,93.71,93.64,93.67,550082.0
IEF,2026-05-20 13:15:00,93.67,93.68,93.63,93.67,413042.0
IEF,2026-05-20 13:30:00,93.67,93.72,93.65,93.65,137447.0
IEF,2026-05-20 13:45:00,93.66,93.68,93.63,93.63,95588.44628999941
IEF,2026-05-20 14:00:00,93.62,93.67,93.6,93.67,109726.0
IEF,2026-05-20 14:15:00,93.67,93.71,93.67,93.7,153216.0
IEF,2026-05-20 14:30:00,93.71,93.73,93.68,93.68,109983.0
IEF,2026-05-20 14:45:00,93.69,93.77,93.69,93.75,230459.0
IEF,2026-05-20 15:00:00,93.76,93.78,93.74,93.74,179317.0
IEF,2026-05-20 15:15:00,93.74,93.76,93.74,93.75,72630.0
IEF,2026-05-20 15:30:00,93.76,93.8,93.74,93.75,115247.0
IEF,2026-05-20 15:45:00,93.75,93.77,93.71,93.74,217168.0
IEF,2026-05-21 09:30:00,93.47,93.48,93.31,93.32,219207.0
IEF,2026-05-21 09:45:00,93.31,93.54,93.31,93.48,287484.0
IEF,2026-05-21 10:00:00,93.49,93.51,93.42,93.47,189940.0
IEF,2026-05-21 10:15:00,93.46,93.49,93.42,93.46,166337.0
IEF,2026-05-21 10:30:00,93.47,93.5,93.4,93.4,128565.0
IEF,2026-05-21 10:45:00,93.42,93.47,93.41,93.47,182604.0
IEF,2026-05-21 11:00:00,93.47,93.49,93.4,93.48,146544.0
IEF,2026-05-21 11:15:00,93.46,93.47,93.41,93.42,282853.0
IEF,2026-05-21 11:30:00,93.42,93.44,93.4,93.4,112544.0
IEF,2026-05-21 11:45:00,93.4,93.46,93.4,93.46,161349.0
IEF,2026-05-21 12:00:00,93.47,93.53,93.47,93.49,167716.0
IEF,2026-05-21 12:15:00,93.5,93.53,93.48,93.53,78346.0
IEF,2026-05-21 12:30:00,93.54,93.55,93.51,93.54,88662.0
IEF,2026-05-21 12:45:00,93.54,93.55,93.53,93.54,89102.0
IEF,2026-05-21 13:00:00,93.54,93.6,93.49,93.6,148732.0
IEF,2026-05-21 13:15:00,93.63,93.76,93.62,93.75,193720.0
IEF,2026-05-21 13:30:00,93.74,93.8,93.71,93.8,215094.0
IEF,2026-05-21 13:45:00,93.8,93.83,93.79,93.81,124024.0
IEF,2026-05-21 14:00:00,93.8,93.82,93.76,93.77,174574.0
IEF,2026-05-21 14:15:00,93.77,93.82,93.77,93.81,155285.0
IEF,2026-05-21 14:30:00,93.79,93.8,93.77,93.78,239072.0
IEF,2026-05-21 14:45:00,93.79,93.79,93.63,93.64,407952.0
IEF,2026-05-21 15:00:00,93.63,93.69,93.63,93.69,387421.0
IEF,2026-05-21 15:15:00,93.69,93.73,93.69,93.71,134411.0
IEF,2026-05-21 15:30:00,93.72,93.78,93.72,93.75,281479.0
IEF,2026-05-21 15:45:00,93.74,93.81,93.7,93.81,369204.0
IEF,2026-05-22 09:30:00,93.96,93.99,93.86,93.91,255619.0
IEF,2026-05-22 09:45:00,93.91,93.91,93.83,93.87,342123.0
IEF,2026-05-22 10:00:00,93.86,93.87,93.69,93.7,170745.0
IEF,2026-05-22 10:15:00,93.7,93.75,93.7,93.74,94798.0
IEF,2026-05-22 10:30:00,93.73,93.73,93.65,93.65,106798.0
IEF,2026-05-22 10:45:00,93.66,93.68,93.64,93.67,106498.0
IEF,2026-05-22 11:00:00,93.66,93.67,93.63,93.67,88423.0
IEF,2026-05-22 11:15:00,93.67,93.7,93.67,93.67,130872.0
IEF,2026-05-22 11:30:00,93.68,93.71,93.68,93.7,113217.0
IEF,2026-05-22 11:45:00,93.71,93.71,93.69,93.7,72569.0
IEF,2026-05-22 12:00:00,93.7,93.72,93.65,93.72,60199.0
IEF,2026-05-22 12:15:00,93.69,93.73,93.69,93.73,67645.0
IEF,2026-05-22 12:30:00,93.73,93.75,93.66,93.68,113593.0
IEF,2026-05-22 12:45:00,93.69,93.73,93.69,93.72,117876.0
IEF,2026-05-22 13:00:00,93.73,93.76,93.73,93.74,131721.0
IEF,2026-05-22 13:15:00,93.74,93.83,93.72,93.83,295019.0
IEF,2026-05-22 13:30:00,93.84,93.89,93.8,93.83,110798.0
IEF,2026-05-22 13:45:00,93.82,93.83,93.8,93.8,97455.0
IEF,2026-05-22 14:00:00,93.8,93.8,93.75,93.78,133501.0
IEF,2026-05-22 14:15:00,93.79,93.83,93.79,93.82,265546.0
IEF,2026-05-22 14:30:00,93.82,93.86,93.81,93.84,201987.0
IEF,2026-05-22 14:45:00,93.84,93.86,93.84,93.85,201726.0
IEF,2026-05-22 15:00:00,93.85,93.85,93.78,93.8,273067.0
IEF,2026-05-22 15:15:00,93.8,93.81,93.8,93.81,136552.0
IEF,2026-05-22 15:30:00,93.81,93.83,93.81,93.83,240308.0
IEF,2026-05-22 15:45:00,93.83,93.9,93.83,93.88,130803.0
IEF,2026-05-26 09:30:00,94.33,94.35,94.3,94.32,215986.0
IEF,2026-05-26 09:45:00,94.32,94.34,94.19,94.25,257148.0
IEF,2026-05-26 10:00:00,94.25,94.29,94.22,94.24,184360.0
IEF,2026-05-26 10:15:00,94.24,94.29,94.22,94.25,171016.0
IEF,2026-05-26 10:30:00,94.25,94.29,94.25,94.25,82292.0
IEF,2026-05-26 10:45:00,94.25,94.26,94.19,94.19,113106.0
IEF,2026-05-26 11:00:00,94.19,94.21,94.16,94.19,93335.0
IEF,2026-05-26 11:15:00,94.19,94.21,94.17,94.18,122741.0
IEF,2026-05-26 11:30:00,94.17,94.18,94.13,94.18,140676.0
IEF,2026-05-26 11:45:00,94.18,94.21,94.18,94.2,191757.0
IEF,2026-05-26 12:00:00,94.2,94.23,94.17,94.17,110735.0
IEF,2026-05-26 12:15:00,94.17,94.2,94.17,94.19,122245.0
IEF,2026-05-26 12:30:00,94.19,94.23,94.19,94.19,111635.0
IEF,2026-05-26 12:45:00,94.19,94.2,94.17,94.19,184837.0
IEF,2026-05-26 13:00:00,94.18,94.21,94.18,94.18,102030.0
IEF,2026-05-26 13:15:00,94.18,94.19,94.14,94.15,97720.0
IEF,2026-05-26 13:30:00,94.16,94.19,94.15,94.18,151844.0
IEF,2026-05-26 13:45:00,94.18,94.19,94.17,94.19,371171.8067000001
IEF,2026-05-26 14:00:00,94.18,94.21,94.18,94.2,100214.0
IEF,2026-05-26 14:15:00,94.2,94.21,94.19,94.21,144821.0
IEF,2026-05-26 14:30:00,94.22,94.25,94.21,94.22,147431.0
IEF,2026-05-26 14:45:00,94.23,94.29,94.22,94.27,346420.0
IEF,2026-05-26 15:00:00,94.28,94.29,94.25,94.28,227779.0
IEF,2026-05-26 15:15:00,94.28,94.28,94.22,94.24,84627.0
IEF,2026-05-26 15:30:00,94.24,94.27,94.23,94.25,210831.0
IEF,2026-05-26 15:45:00,94.25,94.27,94.24,94.27,500699.0
IEF,2026-05-27 09:30:00,94.35,94.43,94.35,94.41,167104.0
IEF,2026-05-27 09:45:00,94.41,94.47,94.41,94.45,224725.0
IEF,2026-05-27 10:00:00,94.45,94.48,94.43,94.43,186164.0
IEF,2026-05-27 10:15:00,94.44,94.48,94.38,94.43,283752.0
IEF,2026-05-27 10:30:00,94.42,94.43,94.29,94.35,485246.9375900001
IEF,2026-05-27 10:45:00,94.36,94.4,94.36,94.39,105525.0
IEF,2026-05-27 11:00:00,94.38,94.41,94.37,94.4,118736.0
IEF,2026-05-27 11:15:00,94.4,94.42,94.36,94.42,64640.0
IEF,2026-05-27 11:30:00,94.42,94.46,94.34,94.34,111275.0
IEF,2026-05-27 11:45:00,94.35,94.39,94.33,94.36,221463.0
IEF,2026-05-27 12:00:00,94.35,94.38,94.31,94.35,187761.0
IEF,2026-05-27 12:15:00,94.35,94.39,94.33,94.38,191193.0
IEF,2026-05-27 12:30:00,94.38,94.41,94.36,94.39,126296.0
IEF,2026-05-27 12:45:00,94.39,94.4,94.36,94.36,57368.0
IEF,2026-05-27 13:00:00,94.35,94.36,94.29,94.31,192962.0
IEF,2026-05-27 13:15:00,94.31,94.34,94.3,94.33,73547.0
IEF,2026-05-27 13:30:00,94.32,94.35,94.31,94.34,73724.0
IEF,2026-05-27 13:45:00,94.35,94.35,94.32,94.35,115677.0
IEF,2026-05-27 14:00:00,94.34,94.35,94.33,94.33,86968.0
IEF,2026-05-27 14:15:00,94.33,94.37,94.33,94.37,104002.0
IEF,2026-05-27 14:30:00,94.36,94.38,94.34,94.34,402644.4065700001
IEF,2026-05-27 14:45:00,94.35,94.36,94.33,94.36,538268.0
IEF,2026-05-27 15:00:00,94.35,94.37,94.35,94.37,248920.0
IEF,2026-05-27 15:15:00,94.36,94.38,94.33,94.33,148001.0
IEF,2026-05-27 15:30:00,94.34,94.35,94.33,94.35,188823.0
IEF,2026-05-27 15:45:00,94.35,94.35,94.31,94.32,611832.0
IEF,2026-05-28 09:30:00,94.34,94.36,94.29,94.33,144815.0
IEF,2026-05-28 09:45:00,94.32,94.36,94.32,94.32,83870.0
IEF,2026-05-28 10:00:00,94.32,94.67,94.29,94.59,1018611.0
IEF,2026-05-28 10:15:00,94.59,94.59,94.47,94.52,320039.0
IEF,2026-05-28 10:30:00,94.53,94.54,94.45,94.46,292974.0
IEF,2026-05-28 10:45:00,94.47,94.49,94.41,94.47,245151.0
IEF,2026-05-28 11:00:00,94.51,94.54,94.49,94.49,132105.0
IEF,2026-05-28 11:15:00,94.5,94.51,94.47,94.48,135934.0
IEF,2026-05-28 11:30:00,94.49,94.5,94.46,94.47,158862.0
IEF,2026-05-28 11:45:00,94.47,94.47,94.45,94.45,118034.0
IEF,2026-05-28 12:00:00,94.44,94.48,94.43,94.47,130326.0
IEF,2026-05-28 12:15:00,94.47,94.57,94.47,94.54,221714.0
IEF,2026-05-28 12:30:00,94.53,94.54,94.51,94.54,68870.0
IEF,2026-05-28 12:45:00,94.56,94.57,94.55,94.56,117184.0
IEF,2026-05-28 13:00:00,94.57,94.57,94.53,94.54,78559.0
IEF,2026-05-28 13:15:00,94.54,94.54,94.5,94.5,132779.0
IEF,2026-05-28 13:30:00,94.51,94.57,94.51,94.56,70294.0
IEF,2026-05-28 13:45:00,94.56,94.57,94.53,94.54,65191.0
IEF,2026-05-28 14:00:00,94.54,94.55,94.51,94.54,88357.0
IEF,2026-05-28 14:15:00,94.53,94.56,94.52,94.53,254393.0
IEF,2026-05-28 14:30:00,94.53,94.53,94.51,94.52,74130.0
IEF,2026-05-28 14:45:00,94.52,94.54,94.51,94.53,134736.0
IEF,2026-05-28 15:00:00,94.53,94.53,94.5,94.52,92179.0
IEF,2026-05-28 15:15:00,94.52,94.54,94.52,94.52,131147.0
IEF,2026-05-28 15:30:00,94.52,94.57,94.52,94.55,157035.0
IEF,2026-05-28 15:45:00,94.55,94.55,94.51,94.54,173279.0
IEF,2026-05-29 09:30:00,94.64,94.64,94.56,94.57,367705.0
IEF,2026-05-29 09:45:00,94.58,94.58,94.53,94.56,293886.0
IEF,2026-05-29 10:00:00,94.55,94.61,94.55,94.57,112455.0
IEF,2026-05-29 10:15:00,94.57,94.59,94.56,94.57,113028.0
IEF,2026-05-29 10:30:00,94.58,94.61,94.56,94.6,62959.0
IEF,2026-05-29 10:45:00,94.61,94.72,94.6,94.67,165021.0
IEF,2026-05-29 11:00:00,94.67,94.72,94.64,94.71,148910.0
IEF,2026-05-29 11:15:00,94.72,94.74,94.7,94.72,270358.0
IEF,2026-05-29 11:30:00,94.72,94.73,94.64,94.65,183766.0
IEF,2026-05-29 11:45:00,94.66,94.68,94.65,94.67,143190.0
IEF,2026-05-29 12:00:00,94.67,94.68,94.66,94.66,110791.0
IEF,2026-05-29 12:15:00,94.67,94.69,94.66,94.69,51867.0
IEF,2026-05-29 12:30:00,94.69,94.73,94.69,94.72,199058.0
IEF,2026-05-29 12:45:00,94.72,94.72,94.69,94.71,172705.0
IEF,2026-05-29 13:00:00,94.71,94.71,94.68,94.68,74183.0
IEF,2026-05-29 13:15:00,94.68,94.69,94.66,94.67,223632.0
IEF,2026-05-29 13:30:00,94.66,94.67,94.64,94.64,45857.0
IEF,2026-05-29 13:45:00,94.63,94.64,94.62,94.63,143854.0
IEF,2026-05-29 14:00:00,94.63,94.64,94.62,94.64,87807.0
IEF,2026-05-29 14:15:00,94.65,94.68,94.64,94.67,92797.0
IEF,2026-05-29 14:30:00,94.68,94.68,94.66,94.67,56661.0
IEF,2026-05-29 14:45:00,94.66,94.66,94.57,94.57,163804.0
IEF,2026-05-29 15:00:00,94.58,94.6,94.58,94.59,261365.0
IEF,2026-05-29 15:15:00,94.59,94.62,94.58,94.62,82667.0
IEF,2026-05-29 15:30:00,94.61,94.62,94.57,94.57,223365.0
IEF,2026-05-29 15:45:00,94.56,94.67,94.56,94.67,296626.0
SHY,2026-05-01 09:30:00,82.23,82.24,82.23,82.24,30947.0
SHY,2026-05-01 09:45:00,82.23,82.25,82.23,82.25,169171.0
SHY,2026-05-01 10:00:00,82.25,82.3,82.25,82.3,115461.0
SHY,2026-05-01 10:15:00,82.3,82.31,82.3,82.31,96094.0
SHY,2026-05-01 10:30:00,82.3,82.3,82.28,82.28,158256.0
SHY,2026-05-01 10:45:00,82.28,82.28,82.27,82.27,67691.0
SHY,2026-05-01 11:00:00,82.27,82.27,82.25,82.26,131694.0
SHY,2026-05-01 11:15:00,82.26,82.26,82.25,82.25,51362.0
SHY,2026-05-01 11:30:00,82.26,82.26,82.26,82.26,63832.0
SHY,2026-05-01 11:45:00,82.25,82.27,82.25,82.25,59076.0
SHY,2026-05-01 12:00:00,82.26,82.27,82.25,82.27,26102.0
SHY,2026-05-01 12:15:00,82.26,82.27,82.26,82.27,124500.0
SHY,2026-05-01 12:30:00,82.27,82.27,82.26,82.27,117025.0
SHY,2026-05-01 12:45:00,82.27,82.27,82.26,82.26,82800.0
SHY,2026-05-01 13:00:00,82.25,82.26,82.25,82.25,30196.0
SHY,2026-05-01 13:15:00,82.26,82.26,82.25,82.26,55851.0
SHY,2026-05-01 13:30:00,82.25,82.26,82.25,82.26,25877.0
SHY,2026-05-01 13:45:00,82.25,82.27,82.25,82.26,11063.0
SHY,2026-05-01 14:00:00,82.27,82.27,82.25,82.25,44967.0
SHY,2026-05-01 14:15:00,82.25,82.26,82.25,82.25,35136.0
SHY,2026-05-01 14:30:00,82.25,82.26,82.25,82.26,26629.0
SHY,2026-05-01 14:45:00,82.25,82.26,82.25,82.25,149210.0
SHY,2026-05-01 15:00:00,82.25,82.25,82.24,82.25,64600.0
SHY,2026-05-01 15:15:00,82.25,82.25,82.25,82.25,53251.0
SHY,2026-05-01 15:30:00,82.25,82.25,82.24,82.24,44334.0
SHY,2026-05-01 15:45:00,82.24,82.25,82.24,82.24,98214.0
SHY,2026-05-04 09:30:00,82.2,82.21,82.2,82.2,93752.0
SHY,2026-05-04 09:45:00,82.2,82.2,82.19,82.19,96436.0
SHY,2026-05-04 10:00:00,82.19,82.21,82.19,82.21,64891.0
SHY,2026-05-04 10:15:00,82.2,82.21,82.2,82.2,66990.0
SHY,2026-05-04 10:30:00,82.21,82.21,82.2,82.2,123943.0
SHY,2026-05-04 10:45:00,82.2,82.21,82.19,82.19,130349.0
SHY,2026-05-04 11:00:00,82.19,82.2,82.18,82.19,85214.0
SHY,2026-05-04 11:15:00,82.18,82.19,82.16,82.17,91946.0
SHY,2026-05-04 11:30:00,82.17,82.17,82.16,82.16,76495.0
SHY,2026-05-04 11:45:00,82.16,82.17,82.14,82.14,115846.0
SHY,2026-05-04 12:00:00,82.15,82.15,82.11,82.11,177928.0
SHY,2026-05-04 12:15:00,82.11,82.13,82.1,82.13,235339.0
SHY,2026-05-04 12:30:00,82.12,82.13,82.12,82.13,63544.0
SHY,2026-05-04 12:45:00,82.13,82.13,82.12,82.13,35552.0
SHY,2026-05-04 13:00:00,82.13,82.14,82.12,82.14,68946.0
SHY,2026-05-04 13:15:00,82.13,82.15,82.13,82.14,71044.0
SHY,2026-05-04 13:30:00,82.14,82.15,82.13,82.14,39440.0
SHY,2026-05-04 13:45:00,82.14,82.14,82.13,82.14,58043.0
SHY,2026-05-04 14:00:00,82.14,82.15,82.13,82.14,91022.0
SHY,2026-05-04 14:15:00,82.14,82.15,82.13,82.14,54902.0
SHY,2026-05-04 14:30:00,82.13,82.15,82.13,82.14,53555.0
SHY,2026-05-04 14:45:00,82.14,82.15,82.14,82.14,56782.0
SHY,2026-05-04 15:00:00,82.14,82.16,82.14,82.16,97308.0
SHY,2026-05-04 15:15:00,82.15,82.16,82.15,82.15,62195.0
SHY,2026-05-04 15:30:00,82.15,82.17,82.15,82.15,173579.0
SHY,2026-05-04 15:45:00,82.15,82.16,82.15,82.16,223633.0
SHY,2026-05-05 09:30:00,82.18,82.19,82.18,82.18,123400.02424
SHY,2026-05-05 09:45:00,82.18,82.19,82.18,82.18,176794.77259
SHY,2026-05-05 10:00:00,82.18,82.22,82.18,82.19,113798.0
SHY,2026-05-05 10:15:00,82.19,82.2,82.18,82.19,77432.0
SHY,2026-05-05 10:30:00,82.19,82.19,82.18,82.18,79283.0
SHY,2026-05-05 10:45:00,82.18,82.2,82.18,82.19,47535.0
SHY,2026-05-05 11:00:00,82.19,82.2,82.19,82.19,36982.0
SHY,2026-05-05 11:15:00,82.19,82.2,82.19,82.19,62524.0
SHY,2026-05-05 11:30:00,82.2,82.2,82.2,82.2,59869.0
SHY,2026-05-05 11:45:00,82.21,82.21,82.2,82.21,36786.0
SHY,2026-05-05 12:00:00,82.21,82.21,82.21,82.21,75004.0
SHY,2026-05-05 12:15:00,82.2,82.21,82.2,82.2,48366.0
SHY,2026-05-05 12:30:00,82.2,82.2,82.19,82.19,58729.0
SHY,2026-05-05 12:45:00,82.2,82.2,82.19,82.2,12986.0
SHY,2026-05-05 13:00:00,82.2,82.2,82.19,82.2,15847.0
SHY,2026-05-05 13:15:00,82.19,82.2,82.19,82.19,40050.0
SHY,2026-05-05 13:30:00,82.19,82.2,82.19,82.19,50271.0
SHY,2026-05-05 13:45:00,82.19,82.2,82.19,82.19,75756.0
SHY,2026-05-05 14:00:00,82.19,82.2,82.19,82.19,35058.0
SHY,2026-05-05 14:15:00,82.19,82.19,82.19,82.19,82513.0
SHY,2026-05-05 14:30:00,82.19,82.19,82.18,82.19,27211.0
SHY,2026-05-05 14:45:00,82.18,82.19,82.18,82.19,119060.0
SHY,2026-05-05 15:00:00,82.19,82.19,82.19,82.19,38814.0
SHY,2026-05-05 15:15:00,82.19,82.19,82.19,82.19,51245.0
SHY,2026-05-05 15:30:00,82.19,82.19,82.19,82.19,161521.0
SHY,2026-05-05 15:45:00,82.19,82.19,82.18,82.18,228330.0
SHY,2026-05-06 09:30:00,82.29,82.29,82.28,82.28,215118.0
SHY,2026-05-06 09:45:00,82.28,82.29,82.27,82.29,133876.0
SHY,2026-05-06 10:00:00,82.29,82.29,82.28,82.29,90497.0
SHY,2026-05-06 10:15:00,82.29,82.3,82.28,82.29,93324.0
SHY,2026-05-06 10:30:00,82.29,82.3,82.28,82.3,84813.0
SHY,2026-05-06 10:45:00,82.3,82.3,82.29,82.29,55167.0
SHY,2026-05-06 11:00:00,82.3,82.3,82.29,82.29,40025.0
SHY,2026-05-06 11:15:00,82.3,82.31,82.29,82.3,48293.0
SHY,2026-05-06 11:30:00,82.3,82.3,82.3,82.3,34269.0
SHY,2026-05-06 11:45:00,82.3,82.3,82.3,82.3,19728.0
SHY,2026-05-06 12:00:00,82.29,82.3,82.29,82.29,33535.0
SHY,2026-05-06 12:15:00,82.3,82.3,82.29,82.3,95525.0
SHY,2026-05-06 12:30:00,82.29,82.3,82.29,82.29,14561.0
SHY,2026-05-06 12:45:00,82.29,82.3,82.29,82.29,19420.0
SHY,2026-05-06 13:00:00,82.29,82.3,82.29,82.29,46896.0
SHY,2026-05-06 13:15:00,82.3,82.3,82.29,82.3,32690.0
SHY,2026-05-06 13:30:00,82.3,82.3,82.3,82.3,14986.0
SHY,2026-05-06 13:45:00,82.3,82.3,82.29,82.29,19504.0
SHY,2026-05-06 14:00:00,82.3,82.3,82.3,82.3,85849.0
SHY,2026-05-06 14:15:00,82.3,82.3,82.29,82.29,25870.0
SHY,2026-05-06 14:30:00,82.3,82.3,82.3,82.3,12569.0
SHY,2026-05-06 14:45:00,82.3,82.3,82.3,82.3,38191.0
SHY,2026-05-06 15:00:00,82.29,82.3,82.29,82.3,108883.0
SHY,2026-05-06 15:15:00,82.31,82.31,82.3,82.31,30720.0
SHY,2026-05-06 15:30:00,82.3,82.31,82.3,82.3,45604.0
SHY,2026-05-06 15:45:00,82.3,82.31,82.3,82.3,104671.0
SHY,2026-05-07 09:30:00,82.36,82.36,82.34,82.35,71129.0
SHY,2026-05-07 09:45:00,82.35,82.35,82.33,82.34,59878.0
SHY,2026-05-07 10:00:00,82.33,82.34,82.33,82.34,90173.0
SHY,2026-05-07 10:15:00,82.35,82.35,82.33,82.33,53188.0
SHY,2026-05-07 10:30:00,82.32,82.33,82.32,82.32,62297.0
SHY,2026-05-07 10:45:00,82.32,82.33,82.32,82.33,25228.0
SHY,2026-05-07 11:00:00,82.32,82.32,82.31,82.32,32694.0
SHY,2026-05-07 11:15:00,82.31,82.31,82.29,82.29,136440.0
SHY,2026-05-07 11:30:00,82.29,82.3,82.29,82.29,47479.42902000004
SHY,2026-05-07 11:45:00,82.29,82.3,82.28,82.29,52866.0
SHY,2026-05-07 12:00:00,82.28,82.29,82.27,82.27,34956.0
SHY,2026-05-07 12:15:00,82.28,82.28,82.27,82.27,15680.0
SHY,2026-05-07 12:30:00,82.27,82.28,82.26,82.26,40290.0
SHY,2026-05-07 12:45:00,82.26,82.27,82.26,82.26,66125.0
SHY,2026-05-07 13:00:00,82.26,82.26,82.25,82.25,21267.0
SHY,2026-05-07 13:15:00,82.26,82.26,82.23,82.24,116586.0
SHY,2026-05-07 13:30:00,82.24,82.24,82.23,82.24,27823.0
SHY,2026-05-07 13:45:00,82.24,82.25,82.23,82.25,45736.0
SHY,2026-05-07 14:00:00,82.25,82.25,82.24,82.25,37087.0
SHY,2026-05-07 14:15:00,82.25,82.25,82.24,82.25,79194.0
SHY,2026-05-07 14:30:00,82.25,82.25,82.23,82.24,48845.0
SHY,2026-05-07 14:45:00,82.23,82.24,82.23,82.23,126841.0
SHY,2026-05-07 15:00:00,82.24,82.24,82.23,82.24,37333.0
SHY,2026-05-07 15:15:00,82.24,82.24,82.22,82.24,110188.0
SHY,2026-05-07 15:30:00,82.24,82.25,82.23,82.25,172726.0
SHY,2026-05-07 15:45:00,82.25,82.25,82.23,82.24,240520.0
SHY,2026-05-08 09:30:00,82.33,82.33,82.32,82.32,101173.0
SHY,2026-05-08 09:45:00,82.32,82.33,82.32,82.33,42597.0
SHY,2026-05-08 10:00:00,82.32,82.33,82.31,82.31,110273.0
SHY,2026-05-08 10:15:00,82.32,82.32,82.31,82.32,165060.14591
SHY,2026-05-08 10:30:00,82.32,82.32,82.31,82.31,24668.0
SHY,2026-05-08 10:45:00,82.32,82.32,82.3,82.3,62119.0
SHY,2026-05-08 11:00:00,82.31,82.31,82.3,82.31,19381.0
SHY,2026-05-08 11:15:00,82.31,82.31,82.3,82.3,74407.0
SHY,2026-05-08 11:30:00,82.31,82.31,82.29,82.3,30255.0
SHY,2026-05-08 11:45:00,82.3,82.3,82.29,82.3,17601.0
SHY,2026-05-08 12:00:00,82.3,82.3,82.29,82.3,29269.0
SHY,2026-05-08 12:15:00,82.29,82.31,82.29,82.31,24292.0
SHY,2026-05-08 12:30:00,82.3,82.31,82.3,82.3,48921.0
SHY,2026-05-08 12:45:00,82.3,82.3,82.29,82.29,18275.0
SHY,2026-05-08 13:00:00,82.3,82.3,82.29,82.29,116030.0
SHY,2026-05-08 13:15:00,82.3,82.3,82.29,82.29,12276.0
SHY,2026-05-08 13:30:00,82.3,82.3,82.29,82.29,16893.0
SHY,2026-05-08 13:45:00,82.3,82.3,82.29,82.29,22759.0
SHY,2026-05-08 14:00:00,82.3,82.31,82.3,82.3,57490.0
SHY,2026-05-08 14:15:00,82.31,82.31,82.3,82.3,43453.0
SHY,2026-05-08 14:30:00,82.31,82.31,82.3,82.31,40450.0
SHY,2026-05-08 14:45:00,82.31,82.31,82.3,82.3,30962.0
SHY,2026-05-08 15:00:00,82.31,82.31,82.3,82.3,51431.0
SHY,2026-05-08 15:15:00,82.3,82.3,82.29,82.3,26668.0
SHY,2026-05-08 15:30:00,82.3,82.3,82.3,82.3,73423.0
SHY,2026-05-08 15:45:00,82.3,82.31,82.3,82.3,175755.0
SHY,2026-05-11 09:30:00,82.28,82.28,82.27,82.28,53739.0
SHY,2026-05-11 09:45:00,82.28,82.29,82.28,82.28,33547.0
SHY,2026-05-11 10:00:00,82.28,82.28,82.27,82.27,114426.0
SHY,2026-05-11 10:15:00,82.26,82.28,82.26,82.27,66061.0
SHY,2026-05-11 10:30:00,82.26,82.27,82.26,82.27,113694.0
SHY,2026-05-11 10:45:00,82.27,82.27,82.26,82.27,31408.0
SHY,2026-05-11 11:00:00,82.26,82.27,82.26,82.26,47188.16963000002
SHY,2026-05-11 11:15:00,82.26,82.27,82.26,82.26,51539.0
SHY,2026-05-11 11:30:00,82.26,82.27,82.26,82.27,60310.0
SHY,2026-05-11 11:45:00,82.26,82.27,82.26,82.26,38789.0
SHY,2026-05-11 12:00:00,82.26,82.27,82.26,82.27,30210.0
SHY,2026-05-11 12:15:00,82.27,82.27,82.26,82.26,59289.0
SHY,2026-05-11 12:30:00,82.26,82.27,82.25,82.26,37520.0
SHY,2026-05-11 12:45:00,82.25,82.26,82.25,82.25,27993.0
SHY,2026-05-11 13:00:00,82.25,82.26,82.24,82.25,63076.0
SHY,2026-05-11 13:15:00,82.25,82.25,82.24,82.25,56270.0
SHY,2026-05-11 13:30:00,82.25,82.25,82.24,82.25,45668.0
SHY,2026-05-11 13:45:00,82.24,82.25,82.24,82.24,36767.0
SHY,2026-05-11 14:00:00,82.25,82.25,82.24,82.24,21093.0
SHY,2026-05-11 14:15:00,82.25,82.25,82.24,82.25,16387.0
SHY,2026-05-11 14:30:00,82.25,82.25,82.24,82.25,76384.0
SHY,2026-05-11 14:45:00,82.25,82.25,82.23,82.24,37184.0
SHY,2026-05-11 15:00:00,82.23,82.23,82.22,82.23,97046.0
SHY,2026-05-11 15:15:00,82.22,82.23,82.22,82.22,28101.0
SHY,2026-05-11 15:30:00,82.23,82.23,82.22,82.22,68878.0
SHY,2026-05-11 15:45:00,82.22,82.23,82.22,82.22,64223.0
SHY,2026-05-12 09:30:00,82.17,82.18,82.16,82.18,164720.9528
SHY,2026-05-12 09:45:00,82.17,82.18,82.16,82.17,41695.0
SHY,2026-05-12 10:00:00,82.17,82.18,82.16,82.18,69585.0
SHY,2026-05-12 10:15:00,82.17,82.18,82.16,82.16,55583.0
SHY,2026-05-12 10:30:00,82.16,82.18,82.16,82.17,85623.0
SHY,2026-05-12 10:45:00,82.17,82.17,82.16,82.17,360617.0
SHY,2026-05-12 11:00:00,82.17,82.17,82.16,82.17,38652.0
SHY,2026-05-12 11:15:00,82.17,82.17,82.16,82.16,33645.0
SHY,2026-05-12 11:30:00,82.17,82.18,82.16,82.18,46612.0
SHY,2026-05-12 11:45:00,82.18,82.18,82.17,82.17,50868.0
SHY,2026-05-12 12:00:00,82.17,82.17,82.16,82.17,41420.0
SHY,2026-05-12 12:15:00,82.17,82.17,82.16,82.16,18478.0
SHY,2026-05-12 12:30:00,82.17,82.17,82.16,82.17,16917.0
SHY,2026-05-12 12:45:00,82.17,82.17,82.16,82.17,26231.0
SHY,2026-05-12 13:00:00,82.16,82.17,82.16,82.17,30491.0
SHY,2026-05-12 13:15:00,82.16,82.17,82.16,82.17,42812.0
SHY,2026-05-12 13:30:00,82.17,82.17,82.15,82.15,70310.0
SHY,2026-05-12 13:45:00,82.16,82.16,82.15,82.16,34968.0
SHY,2026-05-12 14:00:00,82.15,82.16,82.15,82.16,44751.0
SHY,2026-05-12 14:15:00,82.17,82.17,82.16,82.17,57773.0
SHY,2026-05-12 14:30:00,82.17,82.17,82.16,82.17,32611.0
SHY,2026-05-12 14:45:00,82.16,82.17,82.16,82.17,53064.0
SHY,2026-05-12 15:00:00,82.17,82.17,82.16,82.17,25720.0
SHY,2026-05-12 15:15:00,82.17,82.17,82.16,82.17,33049.0
SHY,2026-05-12 15:30:00,82.17,82.17,82.16,82.17,91595.0
SHY,2026-05-12 15:45:00,82.17,82.17,82.16,82.17,167781.0
SHY,2026-05-13 09:30:00,82.17,82.19,82.17,82.19,194968.0
SHY,2026-05-13 09:45:00,82.19,82.19,82.18,82.18,29672.0
SHY,2026-05-13 10:00:00,82.18,82.19,82.18,82.18,64929.0
SHY,2026-05-13 10:15:00,82.18,82.18,82.17,82.17,75313.0
SHY,2026-05-13 10:30:00,82.17,82.17,82.16,82.16,43968.0
SHY,2026-05-13 10:45:00,82.17,82.17,82.16,82.16,40633.0
SHY,2026-05-13 11:00:00,82.16,82.16,82.16,82.16,34784.0
SHY,2026-05-13 11:15:00,82.16,82.16,82.15,82.16,24709.0
SHY,2026-05-13 11:30:00,82.15,82.17,82.14,82.16,102699.0
SHY,2026-05-13 11:45:00,82.16,82.16,82.16,82.16,43772.0
SHY,2026-05-13 12:00:00,82.16,82.17,82.16,82.17,31772.0
SHY,2026-05-13 12:15:00,82.17,82.19,82.17,82.19,100699.0
SHY,2026-05-13 12:30:00,82.19,82.19,82.18,82.18,45318.0
SHY,2026-05-13 12:45:00,82.18,82.18,82.18,82.18,54197.0
SHY,2026-05-13 13:00:00,82.18,82.19,82.17,82.19,39597.0
SHY,2026-05-13 13:15:00,82.19,82.19,82.18,82.19,13030.0
SHY,2026-05-13 13:30:00,82.18,82.19,82.18,82.18,27444.0
SHY,2026-05-13 13:45:00,82.18,82.18,82.17,82.18,16730.0
SHY,2026-05-13 14:00:00,82.18,82.18,82.18,82.18,15997.0
SHY,2026-05-13 14:15:00,82.18,82.18,82.18,82.18,23717.0
SHY,2026-05-13 14:30:00,82.18,82.18,82.17,82.18,27490.0
SHY,2026-05-13 14:45:00,82.18,82.18,82.17,82.17,32248.0
SHY,2026-05-13 15:00:00,82.18,82.19,82.18,82.19,44472.0
SHY,2026-05-13 15:15:00,82.19,82.2,82.19,82.2,84239.0
SHY,2026-05-13 15:30:00,82.2,82.2,82.19,82.19,75972.0
SHY,2026-05-13 15:45:00,82.19,82.2,82.19,82.2,91531.0
SHY,2026-05-14 09:30:00,82.22,82.23,82.22,82.22,86166.0
SHY,2026-05-14 09:45:00,82.22,82.23,82.22,82.22,69452.0
SHY,2026-05-14 10:00:00,82.21,82.21,82.2,82.21,69773.0
SHY,2026-05-14 10:15:00,82.2,82.2,82.18,82.19,66918.0
SHY,2026-05-14 10:30:00,82.19,82.2,82.19,82.2,50034.0
SHY,2026-05-14 10:45:00,82.2,82.2,82.2,82.2,32120.0
SHY,2026-05-14 11:00:00,82.2,82.2,82.19,82.2,92812.0
SHY,2026-05-14 11:15:00,82.19,82.2,82.19,82.19,29935.0
SHY,2026-05-14 11:30:00,82.19,82.2,82.19,82.19,32606.0
SHY,2026-05-14 11:45:00,82.2,82.2,82.2,82.2,72363.0
SHY,2026-05-14 12:00:00,82.2,82.2,82.19,82.19,31192.0
SHY,2026-05-14 12:15:00,82.19,82.2,82.19,82.19,38028.0
SHY,2026-05-14 12:30:00,82.2,82.2,82.2,82.2,28670.0
SHY,2026-05-14 12:45:00,82.19,82.2,82.19,82.19,51968.0
SHY,2026-05-14 13:00:00,82.19,82.2,82.19,82.19,19692.0
SHY,2026-05-14 13:15:00,82.19,82.2,82.19,82.19,13478.0
SHY,2026-05-14 13:30:00,82.2,82.2,82.2,82.2,28913.0
SHY,2026-05-14 13:45:00,82.2,82.2,82.19,82.2,11845.0
SHY,2026-05-14 14:00:00,82.19,82.2,82.19,82.19,41600.0
SHY,2026-05-14 14:15:00,82.19,82.19,82.18,82.19,366543.62300000014
SHY,2026-05-14 14:30:00,82.19,82.19,82.18,82.19,30697.0
SHY,2026-05-14 14:45:00,82.19,82.19,82.18,82.19,36667.0
SHY,2026-05-14 15:00:00,82.18,82.19,82.18,82.19,30922.0
SHY,2026-05-14 15:15:00,82.19,82.19,82.17,82.18,77254.0
SHY,2026-05-14 15:30:00,82.17,82.18,82.16,82.17,48110.0
SHY,2026-05-14 15:45:00,82.16,82.17,82.15,82.15,77012.0
SHY,2026-05-15 09:30:00,82.1,82.1,82.09,82.09,71205.0
SHY,2026-05-15 09:45:00,82.09,82.09,82.07,82.07,119034.0
SHY,2026-05-15 10:00:00,82.08,82.09,82.08,82.09,112054.0
SHY,2026-05-15 10:15:00,82.09,82.1,82.09,82.1,73830.0
SHY,2026-05-15 10:30:00,82.09,82.1,82.09,82.1,116611.0
SHY,2026-05-15 10:45:00,82.09,82.1,82.09,82.09,41744.0
SHY,2026-05-15 11:00:00,82.09,82.09,82.08,82.09,32713.0
SHY,2026-05-15 11:15:00,82.08,82.09,82.08,82.08,18530.0
SHY,2026-05-15 11:30:00,82.08,82.08,82.08,82.08,35203.0
SHY,2026-05-15 11:45:00,82.07,82.08,82.07,82.08,45225.0
SHY,2026-05-15 12:00:00,82.08,82.09,82.08,82.08,61161.0
SHY,2026-05-15 12:15:00,82.08,82.08,82.07,82.07,34761.0
SHY,2026-05-15 12:30:00,82.07,82.08,82.07,82.08,44837.0
SHY,2026-05-15 12:45:00,82.08,82.08,82.08,82.08,38124.0
SHY,2026-05-15 13:00:00,82.08,82.08,82.07,82.07,26242.0
SHY,2026-05-15 13:15:00,82.08,82.09,82.08,82.08,99064.0
SHY,2026-05-15 13:30:00,82.08,82.09,82.08,82.09,14830.0
SHY,2026-05-15 13:45:00,82.08,82.09,82.08,82.08,43848.0
SHY,2026-05-15 14:00:00,82.08,82.08,82.07,82.08,35714.0
SHY,2026-05-15 14:15:00,82.08,82.08,82.08,82.08,61793.0
SHY,2026-05-15 14:30:00,82.08,82.08,82.08,82.08,39885.0
SHY,2026-05-15 14:45:00,82.08,82.08,82.07,82.07,237739.0
SHY,2026-05-15 15:00:00,82.08,82.08,82.07,82.07,157768.0
SHY,2026-05-15 15:15:00,82.08,82.08,82.07,82.08,49307.0
SHY,2026-05-15 15:30:00,82.08,82.08,82.07,82.08,106863.0
SHY,2026-05-15 15:45:00,82.08,82.08,82.07,82.07,142751.0
SHY,2026-05-18 09:30:00,82.12,82.12,82.11,82.12,56248.0
SHY,2026-05-18 09:45:00,82.12,82.14,82.12,82.14,60465.0
SHY,2026-05-18 10:00:00,82.13,82.13,82.12,82.12,61224.0
SHY,2026-05-18 10:15:00,82.12,82.12,82.1,82.11,40516.0
SHY,2026-05-18 10:30:00,82.1,82.1,82.09,82.1,27283.0
SHY,2026-05-18 10:45:00,82.09,82.1,82.09,82.1,111126.0
SHY,2026-05-18 11:00:00,82.1,82.11,82.09,82.09,88796.0
SHY,2026-05-18 11:15:00,82.09,82.09,82.08,82.09,35126.0
SHY,2026-05-18 11:30:00,82.08,82.09,82.08,82.09,40520.0
SHY,2026-05-18 11:45:00,82.09,82.09,82.08,82.09,37471.0
SHY,2026-05-18 12:00:00,82.09,82.09,82.09,82.09,58712.0
SHY,2026-05-18 12:15:00,82.09,82.1,82.08,82.08,70980.0
SHY,2026-05-18 12:30:00,82.09,82.09,82.09,82.09,115941.0
SHY,2026-05-18 12:45:00,82.09,82.09,82.09,82.09,18526.0
SHY,2026-05-18 13:00:00,82.09,82.09,82.08,82.09,51515.0
SHY,2026-05-18 13:15:00,82.09,82.1,82.09,82.09,92931.0
SHY,2026-05-18 13:30:00,82.09,82.09,82.09,82.09,70027.0
SHY,2026-05-18 13:45:00,82.09,82.09,82.09,82.09,19307.0
SHY,2026-05-18 14:00:00,82.09,82.09,82.08,82.08,69726.0
SHY,2026-05-18 14:15:00,82.08,82.08,82.06,82.07,99912.0
SHY,2026-05-18 14:30:00,82.07,82.07,82.07,82.07,41460.0
SHY,2026-05-18 14:45:00,82.07,82.07,82.07,82.07,89110.0
SHY,2026-05-18 15:00:00,82.07,82.1,82.06,82.09,47692.0
SHY,2026-05-18 15:15:00,82.09,82.1,82.09,82.09,34787.0
SHY,2026-05-18 15:30:00,82.09,82.1,82.09,82.09,94381.0
SHY,2026-05-18 15:45:00,82.09,82.11,82.09,82.1,128761.0
SHY,2026-05-19 09:30:00,82.04,82.05,82.04,82.04,173600.0
SHY,2026-05-19 09:45:00,82.05,82.06,82.04,82.06,69419.0
SHY,2026-05-19 10:00:00,82.06,82.06,82.05,82.05,75198.0
SHY,2026-05-19 10:15:00,82.04,82.04,82.0,82.01,63290.0
SHY,2026-05-19 10:30:00,82.02,82.03,82.0,82.0,138693.0
SHY,2026-05-19 10:45:00,82.01,82.01,82.0,82.01,116869.0
SHY,2026-05-19 11:00:00,82.01,82.01,82.01,82.01,35953.0
SHY,2026-05-19 11:15:00,82.01,82.02,82.0,82.0,63608.0
SHY,2026-05-19 11:30:00,82.01,82.01,82.01,82.01,64639.0
SHY,2026-05-19 11:45:00,82.01,82.02,82.01,82.01,53321.0
SHY,2026-05-19 12:00:00,82.02,82.02,82.0,82.0,23695.0
SHY,2026-05-19 12:15:00,82.01,82.03,82.01,82.03,37378.0
SHY,2026-05-19 12:30:00,82.03,82.03,82.03,82.03,39761.0
SHY,2026-05-19 12:45:00,82.03,82.03,82.02,82.03,51177.0
SHY,2026-05-19 13:00:00,82.03,82.04,82.03,82.04,49339.0
SHY,2026-05-19 13:15:00,82.04,82.05,82.04,82.04,39974.0
SHY,2026-05-19 13:30:00,82.05,82.06,82.05,82.05,111707.0
SHY,2026-05-19 13:45:00,82.06,82.06,82.05,82.06,90407.0
SHY,2026-05-19 14:00:00,82.06,82.07,82.06,82.06,43145.0
SHY,2026-05-19 14:15:00,82.06,82.06,82.04,82.04,84782.0
SHY,2026-05-19 14:30:00,82.03,82.05,82.03,82.05,53698.0
SHY,2026-05-19 14:45:00,82.04,82.05,82.02,82.03,88559.0
SHY,2026-05-19 15:00:00,82.03,82.03,82.02,82.02,25113.0
SHY,2026-05-19 15:15:00,82.03,82.03,82.03,82.03,33757.0
SHY,2026-05-19 15:30:00,82.03,82.04,82.03,82.04,65943.0
SHY,2026-05-19 15:45:00,82.04,82.04,82.03,82.04,72001.0
SHY,2026-05-20 09:30:00,82.05,82.06,82.05,82.06,109515.0
SHY,2026-05-20 09:45:00,82.06,82.06,82.05,82.05,35814.0
SHY,2026-05-20 10:00:00,82.06,82.06,82.04,82.06,61567.0
SHY,2026-05-20 10:15:00,82.06,82.11,82.06,82.09,76788.0
SHY,2026-05-20 10:30:00,82.1,82.11,82.1,82.1,57891.0
SHY,2026-05-20 10:45:00,82.1,82.12,82.1,82.12,33898.0
SHY,2026-05-20 11:00:00,82.13,82.13,82.11,82.12,38567.0
SHY,2026-05-20 11:15:00,82.12,82.19,82.12,82.15,158203.0
SHY,2026-05-20 11:30:00,82.15,82.16,82.15,82.15,124905.0
SHY,2026-05-20 11:45:00,82.15,82.16,82.14,82.14,137360.0
SHY,2026-05-20 12:00:00,82.14,82.15,82.14,82.15,110848.0
SHY,2026-05-20 12:15:00,82.15,82.15,82.13,82.13,57282.0
SHY,2026-05-20 12:30:00,82.12,82.14,82.12,82.14,30418.0
SHY,2026-05-20 12:45:00,82.15,82.15,82.14,82.14,29721.0
SHY,2026-05-20 13:00:00,82.14,82.16,82.13,82.15,62843.0
SHY,2026-05-20 13:15:00,82.15,82.15,82.14,82.14,72184.0
SHY,2026-05-20 13:30:00,82.15,82.16,82.14,82.14,25343.0
SHY,2026-05-20 13:45:00,82.15,82.15,82.14,82.14,109343.0
SHY,2026-05-20 14:00:00,82.14,82.14,82.13,82.14,67896.0
SHY,2026-05-20 14:15:00,82.14,82.16,82.14,82.15,138846.0
SHY,2026-05-20 14:30:00,82.16,82.16,82.15,82.15,29092.0
SHY,2026-05-20 14:45:00,82.15,82.17,82.15,82.16,117146.0
SHY,2026-05-20 15:00:00,82.17,82.17,82.16,82.16,118419.0
SHY,2026-05-20 15:15:00,82.16,82.16,82.16,82.16,80281.0
SHY,2026-05-20 15:30:00,82.16,82.17,82.15,82.17,74865.0
SHY,2026-05-20 15:45:00,82.16,82.16,82.15,82.15,72357.0
SHY,2026-05-21 09:30:00,82.08,82.08,82.06,82.06,86117.0
SHY,2026-05-21 09:45:00,82.05,82.09,82.05,82.09,109595.0
SHY,2026-05-21 10:00:00,82.09,82.09,82.07,82.08,60966.0
SHY,2026-05-21 10:15:00,82.08,82.08,82.07,82.07,68871.0
SHY,2026-05-21 10:30:00,82.08,82.08,82.07,82.07,77028.0
SHY,2026-05-21 10:45:00,82.07,82.08,82.07,82.07,20972.0
SHY,2026-05-21 11:00:00,82.08,82.08,82.07,82.08,51944.0
SHY,2026-05-21 11:15:00,82.07,82.08,82.07,82.07,72770.0
SHY,2026-05-21 11:30:00,82.07,82.07,82.07,82.07,27325.0
SHY,2026-05-21 11:45:00,82.06,82.07,82.06,82.07,70942.0
SHY,2026-05-21 12:00:00,82.07,82.09,82.07,82.08,43535.0
SHY,2026-05-21 12:15:00,82.07,82.09,82.07,82.09,64064.0
SHY,2026-05-21 12:30:00,82.08,82.09,82.07,82.08,66640.0
SHY,2026-05-21 12:45:00,82.09,82.09,82.09,82.09,40828.0
SHY,2026-05-21 13:00:00,82.08,82.1,82.08,82.1,63318.0
SHY,2026-05-21 13:15:00,82.11,82.13,82.11,82.13,47013.0
SHY,2026-05-21 13:30:00,82.14,82.14,82.13,82.14,63221.0
SHY,2026-05-21 13:45:00,82.14,82.15,82.14,82.15,37876.0
SHY,2026-05-21 14:00:00,82.15,82.15,82.13,82.14,148968.0
SHY,2026-05-21 14:15:00,82.14,82.14,82.14,82.14,41583.0
SHY,2026-05-21 14:30:00,82.14,82.14,82.13,82.14,26378.0
SHY,2026-05-21 14:45:00,82.13,82.13,82.1,82.1,78001.0
SHY,2026-05-21 15:00:00,82.1,82.11,82.1,82.11,40272.0
SHY,2026-05-21 15:15:00,82.11,82.11,82.1,82.11,90283.0
SHY,2026-05-21 15:30:00,82.12,82.13,82.12,82.13,466302.9707600004
SHY,2026-05-21 15:45:00,82.12,82.14,82.12,82.14,17117.0
SHY,2026-05-22 09:30:00,82.16,82.18,82.15,82.16,136904.0
SHY,2026-05-22 09:45:00,82.16,82.16,82.13,82.13,105152.0
SHY,2026-05-22 10:00:00,82.13,82.13,82.09,82.09,155879.0
SHY,2026-05-22 10:15:00,82.09,82.1,82.09,82.1,83736.0
SHY,2026-05-22 10:30:00,82.1,82.1,82.07,82.07,81822.0
SHY,2026-05-22 10:45:00,82.08,82.08,82.07,82.07,59937.0
SHY,2026-05-22 11:00:00,82.07,82.07,82.07,82.07,50250.0
SHY,2026-05-22 11:15:00,82.08,82.09,82.08,82.08,45090.0
SHY,2026-05-22 11:30:00,82.07,82.08,82.07,82.08,24733.0
SHY,2026-05-22 11:45:00,82.08,82.08,82.08,82.08,13046.0
SHY,2026-05-22 12:00:00,82.08,82.08,82.06,82.08,43815.0
SHY,2026-05-22 12:15:00,82.07,82.07,82.07,82.07,44567.0
SHY,2026-05-22 12:30:00,82.08,82.08,82.07,82.07,52417.0
SHY,2026-05-22 12:45:00,82.07,82.08,82.07,82.08,67322.0
SHY,2026-05-22 13:00:00,82.08,82.09,82.08,82.09,116845.0
SHY,2026-05-22 13:15:00,82.08,82.1,82.08,82.09,88731.0
SHY,2026-05-22 13:30:00,82.1,82.1,82.08,82.09,64730.0
SHY,2026-05-22 13:45:00,82.09,82.09,82.08,82.09,77746.0
SHY,2026-05-22 14:00:00,82.09,82.09,82.08,82.08,88031.0
SHY,2026-05-22 14:15:00,82.08,82.09,82.08,82.08,102712.0
SHY,2026-05-22 14:30:00,82.09,82.09,82.08,82.09,53985.0
SHY,2026-05-22 14:45:00,82.09,82.1,82.09,82.1,20655.0
SHY,2026-05-22 15:00:00,82.1,82.1,82.08,82.08,24883.0
SHY,2026-05-22 15:15:00,82.08,82.09,82.08,82.09,35784.0
SHY,2026-05-22 15:30:00,82.09,82.1,82.09,82.09,59749.0
SHY,2026-05-22 15:45:00,82.1,82.11,82.09,82.11,62299.0
SHY,2026-05-26 09:30:00,82.2,82.2,82.2,82.2,117061.0
SHY,2026-05-26 09:45:00,82.2,82.2,82.17,82.19,166635.0
SHY,2026-05-26 10:00:00,82.19,82.19,82.18,82.18,57167.0
SHY,2026-05-26 10:15:00,82.18,82.19,82.18,82.18,40561.0
SHY,2026-05-26 10:30:00,82.18,82.18,82.18,82.18,49594.0
SHY,2026-05-26 10:45:00,82.18,82.19,82.18,82.18,27588.0
SHY,2026-05-26 11:00:00,82.17,82.17,82.17,82.17,43829.0
SHY,2026-05-26 11:15:00,82.17,82.17,82.17,82.17,24346.0
SHY,2026-05-26 11:30:00,82.17,82.17,82.16,82.17,79320.0
SHY,2026-05-26 11:45:00,82.17,82.18,82.17,82.18,15921.0
SHY,2026-05-26 12:00:00,82.18,82.18,82.17,82.17,18623.0
SHY,2026-05-26 12:15:00,82.18,82.18,82.17,82.18,15702.0
SHY,2026-05-26 12:30:00,82.18,82.19,82.17,82.18,114385.0
SHY,2026-05-26 12:45:00,82.17,82.18,82.17,82.18,38542.0
SHY,2026-05-26 13:00:00,82.17,82.18,82.17,82.18,34020.0
SHY,2026-05-26 13:15:00,82.18,82.18,82.17,82.17,100910.0
SHY,2026-05-26 13:30:00,82.17,82.18,82.17,82.18,85046.0
SHY,2026-05-26 13:45:00,82.18,82.19,82.18,82.18,60214.0
SHY,2026-05-26 14:00:00,82.19,82.19,82.18,82.19,26310.0
SHY,2026-05-26 14:15:00,82.19,82.19,82.19,82.19,46017.0
SHY,2026-05-26 14:30:00,82.19,82.2,82.19,82.19,26543.0
SHY,2026-05-26 14:45:00,82.19,82.2,82.19,82.2,51246.0
SHY,2026-05-26 15:00:00,82.2,82.21,82.2,82.2,76704.0
SHY,2026-05-26 15:15:00,82.2,82.2,82.2,82.2,129951.0
SHY,2026-05-26 15:30:00,82.2,82.21,82.2,82.21,97616.0
SHY,2026-05-26 15:45:00,82.2,82.21,82.2,82.21,98115.0
SHY,2026-05-27 09:30:00,82.22,82.23,82.22,82.23,82931.0
SHY,2026-05-27 09:45:00,82.23,82.24,82.23,82.24,113211.0
SHY,2026-05-27 10:00:00,82.24,82.24,82.24,82.24,20545.0
SHY,2026-05-27 10:15:00,82.24,82.24,82.23,82.23,108919.0
SHY,2026-05-27 10:30:00,82.23,82.23,82.22,82.22,71821.0
SHY,2026-05-27 10:45:00,82.22,82.23,82.22,82.23,28608.0
SHY,2026-05-27 11:00:00,82.23,82.23,82.23,82.23,22161.0
SHY,2026-05-27 11:15:00,82.23,82.23,82.23,82.23,53639.0
SHY,2026-05-27 11:30:00,82.24,82.24,82.23,82.23,59835.0
SHY,2026-05-27 11:45:00,82.22,82.23,82.22,82.23,32922.0
SHY,2026-05-27 12:00:00,82.23,82.23,82.22,82.22,46240.0
SHY,2026-05-27 12:15:00,82.23,82.23,82.22,82.23,33613.0
SHY,2026-05-27 12:30:00,82.23,82.23,82.23,82.23,37320.0
SHY,2026-05-27 12:45:00,82.23,82.24,82.23,82.23,47951.0
SHY,2026-05-27 13:00:00,82.23,82.23,82.22,82.22,55558.0
SHY,2026-05-27 13:15:00,82.22,82.23,82.22,82.23,43188.0
SHY,2026-05-27 13:30:00,82.23,82.23,82.22,82.22,20244.0
SHY,2026-05-27 13:45:00,82.22,82.23,82.22,82.23,42606.0
SHY,2026-05-27 14:00:00,82.23,82.23,82.22,82.22,58670.0
SHY,2026-05-27 14:15:00,82.23,82.23,82.23,82.23,33906.0
SHY,2026-05-27 14:30:00,82.23,82.24,82.23,82.24,18333.0
SHY,2026-05-27 14:45:00,82.24,82.24,82.23,82.23,104094.0
SHY,2026-05-27 15:00:00,82.23,82.24,82.23,82.24,121962.0
SHY,2026-05-27 15:15:00,82.24,82.24,82.23,82.23,78321.0
SHY,2026-05-27 15:30:00,82.23,82.23,82.23,82.23,46003.0
SHY,2026-05-27 15:45:00,82.23,82.23,82.22,82.22,114862.0
SHY,2026-05-28 09:30:00,82.23,82.23,82.22,82.22,71010.0
SHY,2026-05-28 09:45:00,82.23,82.23,82.22,82.23,51489.0
SHY,2026-05-28 10:00:00,82.23,82.29,82.22,82.29,123944.0
SHY,2026-05-28 10:15:00,82.28,82.28,82.26,82.27,114583.0
SHY,2026-05-28 10:30:00,82.26,82.26,82.25,82.26,33634.0
SHY,2026-05-28 10:45:00,82.26,82.26,82.25,82.26,39545.0
SHY,2026-05-28 11:00:00,82.26,82.27,82.26,82.26,49828.0
SHY,2026-05-28 11:15:00,82.26,82.26,82.25,82.26,20199.0
SHY,2026-05-28 11:30:00,82.25,82.26,82.25,82.25,38287.0
SHY,2026-05-28 11:45:00,82.25,82.25,82.24,82.25,22171.0
SHY,2026-05-28 12:00:00,82.25,82.25,82.24,82.25,25714.0
SHY,2026-05-28 12:15:00,82.25,82.27,82.25,82.27,33958.0
SHY,2026-05-28 12:30:00,82.26,82.27,82.26,82.26,38461.0
SHY,2026-05-28 12:45:00,82.27,82.27,82.26,82.27,95767.0
SHY,2026-05-28 13:00:00,82.27,82.27,82.26,82.27,24637.0
SHY,2026-05-28 13:15:00,82.27,82.27,82.26,82.26,133622.0
SHY,2026-05-28 13:30:00,82.26,82.26,82.26,82.26,47741.0
SHY,2026-05-28 13:45:00,82.26,82.26,82.26,82.26,136267.0
SHY,2026-05-28 14:00:00,82.26,82.26,82.25,82.26,79330.0
SHY,2026-05-28 14:15:00,82.26,82.26,82.26,82.26,100783.0
SHY,2026-05-28 14:30:00,82.26,82.26,82.25,82.26,103465.0
SHY,2026-05-28 14:45:00,82.26,82.26,82.25,82.26,49101.0
SHY,2026-05-28 15:00:00,82.26,82.26,82.25,82.25,64147.0
SHY,2026-05-28 15:15:00,82.26,82.26,82.25,82.25,57397.0
SHY,2026-05-28 15:30:00,82.26,82.26,82.26,82.26,82614.0
SHY,2026-05-28 15:45:00,82.26,82.26,82.25,82.25,86365.0
SHY,2026-05-29 09:30:00,82.3,82.3,82.29,82.29,141930.0
SHY,2026-05-29 09:45:00,82.28,82.28,82.28,82.28,41767.0
SHY,2026-05-29 10:00:00,82.28,82.29,82.28,82.28,47604.0
SHY,2026-05-29 10:15:00,82.29,82.29,82.28,82.28,32318.0
SHY,2026-05-29 10:30:00,82.29,82.29,82.28,82.29,28840.0
SHY,2026-05-29 10:45:00,82.29,82.32,82.29,82.31,81021.0
SHY,2026-05-29 11:00:00,82.31,82.32,82.31,82.32,49219.0
SHY,2026-05-29 11:15:00,82.32,82.33,82.32,82.32,57053.0
SHY,2026-05-29 11:30:00,82.32,82.33,82.31,82.32,49291.0
SHY,2026-05-29 11:45:00,82.32,82.32,82.31,82.32,126968.0
SHY,2026-05-29 12:00:00,82.32,82.32,82.31,82.31,51124.0
SHY,2026-05-29 12:15:00,82.31,82.32,82.31,82.32,42768.0
SHY,2026-05-29 12:30:00,82.32,82.33,82.32,82.32,18877.0
SHY,2026-05-29 12:45:00,82.32,82.33,82.32,82.32,12316.0
SHY,2026-05-29 13:00:00,82.32,82.32,82.31,82.31,60356.0
SHY,2026-05-29 13:15:00,82.32,82.32,82.31,82.32,101688.0
SHY,2026-05-29 13:30:00,82.31,82.31,82.31,82.31,34203.0
SHY,2026-05-29 13:45:00,82.31,82.31,82.3,82.31,17630.0
SHY,2026-05-29 14:00:00,82.31,82.31,82.3,82.31,25462.0
SHY,2026-05-29 14:15:00,82.31,82.32,82.31,82.32,62825.0
SHY,2026-05-29 14:30:00,82.32,82.32,82.31,82.31,26769.0
SHY,2026-05-29 14:45:00,82.31,82.31,82.3,82.3,50122.0
SHY,2026-05-29 15:00:00,82.3,82.3,82.29,82.29,33467.0
SHY,2026-05-29 15:15:00,82.3,82.3,82.29,82.3,41582.0
SHY,2026-05-29 15:30:00,82.29,82.3,82.29,82.29,74855.0
SHY,2026-05-29 15:45:00,82.29,82.31,82.29,82.31,166063.0
