symbol,step,as_of_ts,slot_label,predicted_full_day_return,predicted_direction,pred_log_return_h00,pred_log_return_h01,pred_log_return_h02,pred_log_return_h03,pred_log_return_h04,pred_log_return_h05,pred_log_return_h06,pred_log_return_h07,pred_log_return_h08,pred_log_return_h09,pred_log_return_h10,pred_log_return_h11,pred_log_return_h12,pred_log_return_h13,pred_log_return_h14,pred_log_return_h15,pred_log_return_h16,pred_log_return_h17,pred_log_return_h18,pred_log_return_h19,pred_log_return_h20,pred_log_return_h21,pred_log_return_h22,pred_log_return_h23,pred_log_return_h24,pred_log_return_h25
PSKY,8,2026-04-07 15:30:00+00:00,11:30,0.09055829793214798,up,0.058393366634845734,0.10390613228082657,0.050702594220638275,0.050024326890707016,0.061707593500614166,0.06803946197032928,0.06545648723840714,0.06358743458986282,0.05982602760195732,0.056728608906269073,0.07353470474481583,0.0799509733915329,0.07864423096179962,0.07908900827169418,0.0866919457912445,0.08000557869672775,0.08168260008096695,0.07930354028940201,0.07943390309810638,0.07627766579389572,0.07542798668146133,0.07240353524684906,0.07678849995136261,0.08044765144586563,0.0782005563378334,0.09055829793214798
GOOGL,8,2026-04-07 15:30:00+00:00,11:30,0.04227324202656746,up,0.012706427834928036,0.004183557350188494,0.003546518739312887,0.005745634902268648,0.0035467972047626972,-0.0008082728600129485,0.008602326735854149,0.011926415376365185,0.01417580433189869,0.0172959603369236,0.015565019100904465,0.027071906253695488,0.02648523822426796,0.02481062151491642,0.028345968574285507,0.028159508481621742,0.030270837247371674,0.029952185228466988,0.030894076451659203,0.02849503979086876,0.023673726245760918,0.025334473699331284,0.025668412446975708,0.02640017494559288,0.02684238739311695,0.04227324202656746
GE,8,2026-04-07 15:30:00+00:00,11:30,0.04051681607961655,up,0.01794784516096115,0.018283147364854813,0.020126990973949432,0.023043600842356682,0.020659441128373146,0.019785340875387192,0.020017649978399277,0.027077635750174522,0.022010089829564095,0.02309827320277691,0.02544276788830757,0.03093293122947216,0.030674520879983902,0.03092925436794758,0.03232000023126602,0.032032858580350876,0.03229120373725891,0.0341356098651886,0.03247717022895813,0.030188394710421562,0.02871030382812023,0.026520943269133568,0.025344794616103172,0.02731429412961006,0.029207488521933556,0.04051681607961655
INTC,8,2026-04-07 15:30:00+00:00,11:30,0.032127153128385544,up,0.0186628270894289,-0.0016105417162179947,-0.00724764633923769,0.00266865617595613,0.004265263676643372,0.006133762653917074,0.003096072468906641,0.013702658005058765,0.0034765286836773157,0.006546647287905216,0.013877879828214645,0.021511947736144066,0.03048660419881344,0.02468562126159668,0.025264887139201164,0.021355899050831795,0.016641637310385704,0.018602345138788223,0.022305991500616074,0.0185135155916214,0.01426949817687273,0.0066958237439394,0.010701716877520084,0.015482419170439243,0.022324010729789734,0.032127153128385544
UNH,8,2026-04-07 15:30:00+00:00,11:30,0.03194069862365723,up,-0.0007315459661185741,-0.014921787194907665,-0.014618516899645329,-0.004030414391309023,-0.011075219139456749,-0.010098754428327084,-0.009799337945878506,-0.005590047221630812,-0.009101754054427147,-0.0021392737980931997,0.00963746290653944,0.00793642457574606,0.01045321486890316,0.015418306924402714,0.01010133046656847,0.0077147530391812325,0.010212799534201622,0.008426371961832047,0.00774840684607625,0.00551472557708621,0.00789482332766056,0.006591199431568384,0.009698623791337013,0.013503959402441978,0.01569116674363613,0.03194069862365723
ELV,8,2026-04-07 15:30:00+00:00,11:30,0.03129305690526962,up,0.002951959613710642,-0.0030189387034624815,-0.005913940258324146,-0.001774563337676227,-0.0026475456543266773,-0.006969981361180544,-0.009087255224585533,-0.004367779474705458,-0.0010819031158462167,0.0016955856699496508,0.008741938509047031,0.012123255990445614,0.01915457844734192,0.022224826738238335,0.018328215926885605,0.012516588903963566,0.01951315812766552,0.01739969290792942,0.012471144087612629,0.012920388951897621,0.013823994435369968,0.014549688436090946,0.01612076722085476,0.02154894918203354,0.022159183397889137,0.03129305690526962
SLB,8,2026-04-07 15:30:00+00:00,11:30,0.025832755491137505,up,0.012936382554471493,0.01467267144471407,0.0184177178889513,0.01733538880944252,0.020172780379652977,0.020415177568793297,0.017588617280125618,0.01643768884241581,0.012708854861557484,0.012807095423340797,0.01347498781979084,0.013889813795685768,0.011279922910034657,0.013378188945353031,0.014314337633550167,0.013383621349930763,0.014553289860486984,0.014596687629818916,0.015233594924211502,0.015371482819318771,0.01567099057137966,0.015268123708665371,0.01770978979766369,0.01920735463500023,0.01752307079732418,0.025832755491137505
CF,8,2026-04-07 15:30:00+00:00,11:30,0.0257682166993618,up,0.018666202202439308,0.020054925233125687,0.01929357275366783,0.018956080079078674,0.016452379524707794,0.018999531865119934,0.014243345707654953,0.013997443951666355,0.009354222565889359,0.010503709316253662,0.021554866805672646,0.017288582399487495,0.016457580029964447,0.014786235056817532,0.018023662269115448,0.020427610725164413,0.015680044889450073,0.014725965447723866,0.018465746194124222,0.016703398898243904,0.01766977086663246,0.015655668452382088,0.019032498821616173,0.01748667098581791,0.017560962587594986,0.0257682166993618
GOOG,8,2026-04-07 15:30:00+00:00,11:30,0.025669893249869347,up,0.005632922984659672,-0.0018205594969913363,-0.007278605364263058,-0.0023950915783643723,-0.007604194805026054,-0.008810225874185562,-0.005263973027467728,-0.001189319882541895,-0.001786140725016594,0.002940413076430559,0.003915807232260704,0.009792055934667587,0.009854156523942947,0.009092154912650585,0.007963106967508793,0.008164599537849426,0.012627776712179184,0.010293958708643913,0.00984504260122776,0.008875026367604733,0.005972601007670164,0.0044153546914458275,0.00592845818027854,0.007886959239840508,0.011453353799879551,0.025669893249869347
WDC,8,2026-04-07 15:30:00+00:00,11:30,0.02553451992571354,up,0.0030949926003813744,-0.006208960432559252,-0.010115491226315498,-0.004211557097733021,-0.007400638423860073,-0.008394223637878895,-0.008229134604334831,-0.0027579995803534985,-0.002252019941806793,0.004200953524559736,0.012722316198050976,0.013349717482924461,0.014658387750387192,0.017053641378879547,0.019035790115594864,0.014554775319993496,0.01679258607327938,0.0135425990447402,0.014864045195281506,0.009182021953165531,0.005831669084727764,-8.950696792453527e-05,-0.0002747972612269223,0.004624076187610626,0.009160399436950684,0.02553451992571354
HD,8,2026-04-07 15:30:00+00:00,11:30,0.021739142015576363,up,0.0037409847136586905,0.003261170582845807,-0.0019587345886975527,0.0030166073702275753,0.002349243964999914,-0.001036025700159371,-0.0036816883366554976,-0.0026258414145559072,-0.003463797504082322,-0.002837521256878972,0.0024762654211372137,0.0012683431850746274,0.0025512869469821453,0.0013500783825293183,0.0017610843060538173,0.0004713866510428488,0.006486157421022654,0.0067648449912667274,0.00715028028935194,0.0066423313692212105,0.009240765124559402,0.0038966538850218058,0.006814532447606325,0.01216393057256937,0.010611130855977535,0.021739142015576363
APA,8,2026-04-07 15:30:00+00:00,11:30,0.020900286734104156,up,0.01308622770011425,0.01986725628376007,0.021585486829280853,0.019684085622429848,0.017550762742757797,0.018618352711200714,0.014835666865110397,0.017657404765486717,0.014857842586934566,0.013294089585542679,0.012958248145878315,0.011289697140455246,0.007289597298949957,0.006982965860515833,0.013926805928349495,0.013737862929701805,0.010980741120874882,0.012775358743965626,0.013649710454046726,0.013731984421610832,0.011975166387856007,0.013604920357465744,0.016787929460406303,0.019885705783963203,0.019694816321134567,0.020900286734104156
LITE,8,2026-04-07 15:30:00+00:00,11:30,0.02007182687520981,up,-0.0015538283623754978,-0.01674674078822136,-0.014902249909937382,-0.00392760569229722,-0.00855877436697483,-0.01639251597225666,-0.016523366793990135,-0.007798775564879179,-0.012523626908659935,-0.00624621007591486,0.0027444057632237673,0.006354388315230608,0.009317204356193542,0.007528955116868019,0.007699979469180107,0.004776101093739271,0.0036166193895041943,-0.0050084819085896015,-0.0022493598517030478,-0.0013337372802197933,-0.004123518709093332,-0.011279851198196411,-0.011039558798074722,-0.005624605808407068,0.004285469651222229,0.02007182687520981
BAX,8,2026-04-07 15:30:00+00:00,11:30,0.01958484575152397,up,-0.001124217757023871,0.005449413787573576,-0.0002186658384744078,0.004297260660678148,6.25758184469305e-06,-0.0016159801743924618,-0.006185718812048435,0.00018463867309037596,0.0011300543555989861,0.004127361346036196,0.011791389435529709,0.010265032760798931,0.014152674935758114,0.016015982255339622,0.013754683546721935,0.014219727367162704,0.019838348031044006,0.018236201256513596,0.015323497354984283,0.0166531540453434,0.015054461546242237,0.00961585994809866,0.011395440436899662,0.018907802179455757,0.01597299799323082,0.01958484575152397
LLY,8,2026-04-07 15:30:00+00:00,11:30,0.019226940348744392,up,-0.004257284104824066,-0.007144047878682613,-0.007150211371481419,-0.0007416229345835745,-0.0009020826546475291,-0.002066380111500621,-0.004534902982413769,0.0009074384579434991,-0.003361710114404559,0.0030066489707678556,0.006176950875669718,0.005582347512245178,0.005415296647697687,0.00638694828376174,0.00537479855120182,0.0036100323777645826,0.004700115881860256,0.00550534063950181,0.006228734273463488,0.003969322424381971,0.0058172764256596565,0.005896995309740305,0.007361091673374176,0.010004045441746712,0.010381687432527542,0.019226940348744392
SYY,8,2026-04-07 15:30:00+00:00,11:30,0.01873178780078888,up,0.01598058082163334,0.013362638652324677,0.010309046134352684,0.008157884702086449,0.02057856135070324,0.013934758491814137,0.014147733338177204,0.014645549468696117,0.013401979580521584,0.014314101077616215,0.012951100245118141,0.012904059141874313,0.013967026025056839,0.013613784685730934,0.015821415930986404,0.013901888392865658,0.013598253950476646,0.009560409933328629,0.009367701597511768,0.012045611627399921,0.014649841003119946,0.012419474311172962,0.010243349708616734,0.012170923873782158,0.00744647579267621,0.01873178780078888
SNDK,8,2026-04-07 15:30:00+00:00,11:30,0.018423134461045265,up,0.010428768582642078,-0.0060803890228271484,-0.0028747001197189093,0.008078481070697308,0.003213325049728155,-0.006717626005411148,-0.010612769052386284,-0.0012466495390981436,-0.008288571611046791,0.004005636554211378,0.007987895980477333,0.011531482450664043,0.009570108726620674,0.005310143809765577,0.004871572367846966,0.002960293320938945,-0.0006474058609455824,-0.004444016143679619,6.1021226429147646e-05,0.004864690359681845,-0.0034144374076277018,-0.012849418446421623,-0.011289735324680805,-0.003090881509706378,0.002360885264351964,0.018423134461045265
CVNA,8,2026-04-07 15:30:00+00:00,11:30,0.01780460961163044,up,-0.0019173112232238054,-0.0073019047267735004,-0.008137195371091366,-0.0019632584881037474,-0.007878514938056469,-0.007243496831506491,-0.008916161954402924,0.0021982421167194843,0.0012704324908554554,0.003743960754945874,0.005221661180257797,0.006961032748222351,0.005638299975544214,0.00802368950098753,0.007091264706104994,0.006913395132869482,0.008507367223501205,0.009975978173315525,0.010660753585398197,0.008171960711479187,0.004099939949810505,0.003986948169767857,0.0020769585389643908,0.008230925537645817,0.0074349516071379185,0.01780460961163044
CNC,8,2026-04-07 15:30:00+00:00,11:30,0.017690317705273628,up,0.007291582878679037,0.004073270130902529,0.0011613975511863828,0.0023747601080685854,-0.002010663505643606,0.0005715565057471395,-0.0001973464823095128,0.002291929442435503,-0.0027518828865140676,0.002254662336781621,0.008172973990440369,0.010403570719063282,0.007952161133289337,0.012876659631729126,0.01271332148462534,0.008241677656769753,0.010637647472321987,0.0099595682695508,0.0075249276123940945,0.005736101418733597,0.005947291385382414,0.002780467737466097,0.007047045975923538,0.020683594048023224,0.015931088477373123,0.017690317705273628
MNST,8,2026-04-07 15:30:00+00:00,11:30,0.016686318442225456,up,0.011613834649324417,0.01615413837134838,0.014972510747611523,0.01688198745250702,0.023517979308962822,0.0214851014316082,0.019064415246248245,0.018153712153434753,0.02105269394814968,0.016154535114765167,0.016816632822155952,0.015910321846604347,0.015871182084083557,0.015970632433891296,0.011927206069231033,0.011779873631894588,0.009227531962096691,0.011401248164474964,0.01541973277926445,0.014297130517661572,0.018339307978749275,0.014105974696576595,0.013900562189519405,0.014978116378188133,0.011552684009075165,0.016686318442225456
HUM,8,2026-04-07 15:30:00+00:00,11:30,0.016497595235705376,up,0.003083736402913928,-0.003494348144158721,-0.007057588547468185,-0.0031736535020172596,-0.0017750960541889071,-0.0013448025565594435,-0.002355375327169895,0.002243631286546588,0.0005481825210154057,0.005554191768169403,0.005350789986550808,0.008856636472046375,0.008257390931248665,0.009443243034183979,0.0073028504848480225,0.0068154120817780495,0.013113691471517086,0.0077837309800088406,0.006974947638809681,0.0043004644103348255,0.008219816721975803,0.0037247072905302048,0.010984239168465137,0.014461555518209934,0.014224091544747353,0.016497595235705376
BA,8,2026-04-07 15:30:00+00:00,11:30,0.01648278348147869,up,0.0042966557666659355,0.0025277668610215187,0.0019810469821095467,0.005485109519213438,0.005168272648006678,0.002871342236176133,-0.0017043235711753368,0.0015889600617811084,-0.002048239577561617,0.0024978097062557936,0.003907602746039629,0.005365277174860239,0.001583015895448625,0.004127077292650938,0.003347915830090642,0.0023535010404884815,0.0059396144933998585,0.0069197118282318115,0.005941479466855526,0.005930257961153984,0.0053590210154652596,0.0008152932277880609,0.004973602946847677,0.009040587581694126,0.00981165561825037,0.01648278348147869
GM,8,2026-04-07 15:30:00+00:00,11:30,0.016369523480534554,up,0.010740506462752819,0.02070794627070427,0.016795596107840538,0.020688960328698158,0.017019731923937798,0.017721977084875107,0.009723644703626633,0.008226310834288597,0.009705718606710434,0.004308206960558891,-0.0004906933172605932,0.0032822333741933107,0.006162237375974655,0.009282195009291172,0.007521842140704393,0.010778765194118023,0.012758081778883934,0.014630691148340702,0.008354111574590206,0.00878982711583376,0.009336354210972786,0.010944683104753494,0.014967474155128002,0.019472505897283554,0.01568192057311535,0.016369523480534554
TER,8,2026-04-07 15:30:00+00:00,11:30,0.014621489681303501,up,-0.008131491020321846,-0.01582062430679798,-0.018962936475872993,-0.01558699645102024,-0.014377405866980553,-0.01633838377892971,-0.01999000832438469,-0.01260274276137352,-0.00912043172866106,-0.006657053716480732,-0.0020309993997216225,0.0007417557062581182,0.0044987075962126255,0.008414632640779018,0.008253801614046097,0.00119092408567667,0.007507342845201492,0.005863775499165058,0.004111633636057377,0.0025652353651821613,-0.003187232417985797,-0.006135689560323954,-0.005060320254415274,0.00540385814383626,0.009957236237823963,0.014621489681303501
CAG,8,2026-04-07 15:30:00+00:00,11:30,0.014356821775436401,up,0.0005559508572332561,0.006538582034409046,0.0042292457073926926,0.0063303629867732525,0.004047644790261984,0.0037879059091210365,0.0006107796798460186,0.0014298419700935483,0.0018917610868811607,0.0033848024904727936,0.009579071775078773,0.009669671766459942,0.013539929874241352,0.015408195555210114,0.01437338162213564,0.015206927433609962,0.019958794116973877,0.017145179212093353,0.015864761546254158,0.01731480285525322,0.015673819929361343,0.010341131128370762,0.009035813622176647,0.01737378165125847,0.012280934490263462,0.014356821775436401
RCL,8,2026-04-07 15:30:00+00:00,11:30,0.014148104004561901,up,-0.0045946924947202206,-0.004686655942350626,-0.006838780362159014,-0.002667392836883664,-0.006802774500101805,-0.007114090025424957,-0.01226113736629486,-0.005652467720210552,-0.011148267425596714,-0.0038397894240915775,-0.001102912938222289,0.0006221713265404105,-0.003118125954642892,-0.0001669162738835439,-0.0024369845632463694,-0.0032428407575935125,0.0011658244766294956,0.0009179658372886479,-0.001846408355049789,-0.004461770877242088,-0.005105575546622276,-0.00680964021012187,-0.004047867376357317,0.0030516479164361954,0.003134822705760598,0.014148104004561901
AMD,8,2026-04-07 15:30:00+00:00,11:30,0.013811028562486172,up,-0.0041137454099953175,-0.008247526362538338,-0.012671105563640594,-0.008247438818216324,-0.01237698458135128,-0.014062575064599514,-0.014025292359292507,-0.010401302948594093,-0.01740025356411934,-0.01675301045179367,-0.009527117013931274,-0.008224030956625938,-0.012300587259232998,-0.012246170081198215,-0.012387976981699467,-0.0127922547981143,-0.010764522477984428,-0.008584786206483841,-0.009861287660896778,-0.0064268833957612514,-0.008538181893527508,-0.009222164750099182,-0.005651530344039202,0.0018537285504862666,0.005143143702298403,0.013811028562486172
IBKR,8,2026-04-07 15:30:00+00:00,11:30,0.012724621221423149,up,0.0018910311628133059,0.004566378891468048,0.0004474390298128128,0.005116567015647888,0.003622496733441949,0.0011577606201171875,-0.006558697205036879,-0.0030835424549877644,-0.004474233370274305,-0.0035921831149607897,-0.0012406985042616725,0.0022954780142754316,0.005437078420072794,0.006023205816745758,0.0063688247464597225,0.005717583931982517,0.008149093948304653,0.005896685179322958,0.007747163530439138,0.005142539273947477,0.006386701017618179,0.00357459532096982,0.005264210514724255,0.010790316388010979,0.00974249467253685,0.012724621221423149
GIS,8,2026-04-07 15:30:00+00:00,11:30,0.012483358383178711,up,0.002431469736620784,0.002950111636891961,0.0035691289231181145,0.005679817404597998,0.005727352108806372,0.005319662392139435,0.004294421523809433,0.002193632535636425,-0.0019507966935634613,-0.002165558747947216,-2.5096152967307717e-05,0.0021672064904123545,0.0017810682766139507,0.004369850270450115,0.0057047582231462,0.005540911573916674,0.006157464813441038,0.004581665154546499,0.006578940432518721,0.006502695381641388,0.008705168031156063,0.005680468399077654,0.00788878183811903,0.01100550964474678,0.006599849089980125,0.012483358383178711
EOG,8,2026-04-07 15:30:00+00:00,11:30,0.01243357639759779,up,0.002799522364512086,0.0017461321549490094,0.0007894909358583391,0.007382639218121767,0.007267927285283804,0.004560132045298815,0.0026516083162277937,0.004029545001685619,0.0012154100695624948,0.0024915479589253664,0.00712220324203372,0.009133107960224152,0.009480065666139126,0.007996141910552979,0.008037449792027473,0.006714950781315565,0.009721504524350166,0.011022534221410751,0.01260909903794527,0.011576141230762005,0.009437959641218185,0.007598887197673321,0.008293201215565205,0.012108524329960346,0.012062526308000088,0.01243357639759779
CAT,8,2026-04-07 15:30:00+00:00,11:30,0.012031082063913345,up,-0.00184550357516855,-0.0025765900500118732,-0.004547495394945145,0.0012229295680299401,0.0018092944519594312,0.00017545823357068002,-0.0035129075404256582,-0.0009994790889322758,-0.004126697313040495,0.00022578451898880303,0.003040155628696084,0.0035101459361612797,0.00355539470911026,0.0050012157298624516,0.004888464696705341,0.004182134289294481,0.008153598755598068,0.006858449894934893,0.007404320873320103,0.005879249423742294,0.005330907180905342,0.003353104228153825,0.002533102408051491,0.007194288540631533,0.006555562373250723,0.012031082063913345
COHR,8,2026-04-07 15:30:00+00:00,11:30,0.01188442762941122,up,-0.0018634996376931667,-0.008847929537296295,-0.010583266615867615,-0.004564897157251835,-0.00492278253659606,-0.00662680808454752,-0.010757574811577797,-0.0029786627274006605,-0.005560087040066719,-0.0010660047410055995,0.00705135939642787,0.011716283857822418,0.01143780816346407,0.006297193467617035,0.008065826259553432,0.00639641098678112,0.005326210055500269,0.0018654491286724806,0.0035049731377512217,0.0009413506486453116,-0.003677545813843608,-0.00548265315592289,-0.005042299162596464,-0.00035990512697026134,0.000874078250490129,0.01188442762941122
LUV,8,2026-04-07 15:30:00+00:00,11:30,0.011575472541153431,up,0.0013301256112754345,0.009456487372517586,0.010008128359913826,0.011186793446540833,0.007940980605781078,0.008315508253872395,0.0033614858984947205,0.003505138447508216,0.0018412356730550528,0.0013766674092039466,0.002245554933324456,0.0028949242550879717,0.00434732623398304,0.006432219408452511,0.007753440178930759,0.0060359821654856205,0.008924491703510284,0.005610907915979624,0.0068338727578520775,0.004934960976243019,0.006088359281420708,0.002939956495538354,0.004687954671680927,0.010589173063635826,0.006282213609665632,0.011575472541153431
PSX,8,2026-04-07 15:30:00+00:00,11:30,0.011471085250377655,up,-0.00018299637304153293,0.009308744221925735,0.008791189640760422,0.006165975239127874,0.008374452590942383,0.00438471045345068,0.006901392247527838,0.002952962415292859,0.004749730229377747,0.0050749327056109905,0.003826055908575654,0.0012991855619475245,0.0021689466666430235,0.00424417806789279,0.00472043314948678,0.007702667266130447,0.004199919290840626,0.004177725873887539,0.00269326101988554,0.004653827287256718,0.007109583355486393,0.0011124233715236187,0.003186305519193411,0.008645789697766304,0.010026666335761547,0.011471085250377655
ON,8,2026-04-07 15:30:00+00:00,11:30,0.01134179625660181,up,-0.0023686951026320457,0.0075064729899168015,0.0034769081976264715,0.007520976942032576,0.0034334813244640827,0.00424951734021306,-0.0033675222657620907,-0.0032498203217983246,-0.003381479764357209,-0.00653043994680047,-0.0055862898007035255,-0.0013891623821109533,0.00483021279796958,0.003347511636093259,0.0009394106455147266,-0.0006877260748296976,0.00406936090439558,0.0038425971288233995,0.004027348477393389,0.0020226622000336647,0.0038037910126149654,0.003113923594355583,0.006422226317226887,0.013750413432717323,0.012268319725990295,0.01134179625660181
ADBE,8,2026-04-07 15:30:00+00:00,11:30,0.011025330983102322,up,0.005698000080883503,0.009165589697659016,0.008376839570701122,0.011688130907714367,0.005712185055017471,0.004183933138847351,-0.00019108448759652674,0.004863451234996319,0.0009501003078185022,0.004344402812421322,0.007819670252501965,0.005965524353086948,0.006502808537334204,0.0039010662585496902,0.005837098229676485,0.005881221033632755,0.010562164708971977,0.009842827916145325,0.005996139254420996,0.004903220571577549,0.00546565605327487,0.003875304013490677,0.003637530142441392,0.010627629235386848,0.008301308378577232,0.011025330983102322
ODFL,8,2026-04-07 15:30:00+00:00,11:30,0.010983983054757118,up,-0.004394989926367998,-0.004223336931318045,-0.006444442551583052,-0.0007030657725408673,-0.004229338839650154,-0.00618016766384244,-0.009902197867631912,-0.0051463693380355835,-0.007541242055594921,-0.0043227593414485455,-0.006458346266299486,-0.00435910327360034,-0.0042351409792900085,-0.002934777643531561,-0.0046464563347399235,-0.00532750366255641,-0.0026009390130639076,-0.005892160348594189,-0.005304809659719467,-0.0062634991481900215,-0.007637827657163143,-0.007713154423981905,-0.002872777869924903,0.0020164689049124718,0.00469870725646615,0.010983983054757118
SW,8,2026-04-07 15:30:00+00:00,11:30,0.010923553258180618,up,-0.00041002791840583086,0.004313192330300808,0.0037749693728983402,0.007286662235856056,0.002113178838044405,0.0014876379864290357,-0.00545682106167078,-0.004292260855436325,-0.0017514455830678344,-0.0024463641457259655,-0.0008622083114460111,0.001765735913068056,0.004904626403003931,0.005830274894833565,0.0040733651258051395,0.002556371036916971,0.005427001044154167,0.005639838986098766,0.006302817724645138,0.004856669344007969,0.007778653874993324,0.004746495746076107,0.00846694316715002,0.011819238774478436,0.009582324884831905,0.010923553258180618
AVGO,8,2026-04-07 15:30:00+00:00,11:30,0.010873646475374699,up,-0.01060696505010128,-0.02656436152756214,-0.03323832154273987,-0.02425454929471016,-0.026287484914064407,-0.02997594326734543,-0.026812609285116196,-0.02359313704073429,-0.02295980043709278,-0.01605476811528206,-0.01270478218793869,-0.008936524391174316,-0.0031149820424616337,0.0020549469627439976,0.003917623311281204,-0.0038356618024408817,0.005240551196038723,0.003673342987895012,0.00165322155226022,0.003720260690897703,-0.0004096388875041157,-0.006180597934871912,-0.008589111268520355,-0.00427566934376955,-0.0009267652640119195,0.010873646475374699
TJX,8,2026-04-07 15:30:00+00:00,11:30,0.010860271751880646,up,0.0008774771704338491,0.0034460960887372494,-0.00038768656668253243,0.0032655782997608185,0.002673972398042679,0.0009133437997661531,-0.00186147540807724,-0.001071480568498373,-0.0015530422097072005,-0.0008566210744902492,0.0008217719150707126,0.0033240749035030603,0.0036789411678910255,0.002762080170214176,0.0007707992917858064,0.0017780513735488057,0.002923675812780857,0.0030026077292859554,0.0033549023792147636,0.0029656572733074427,0.0024926001206040382,0.0027038350235670805,0.0045671914704144,0.007876003161072731,0.004904041066765785,0.010860271751880646
MS,8,2026-04-07 15:30:00+00:00,11:30,0.010784272104501724,up,-0.0002933066862169653,0.0026202979497611523,-0.0009323518024757504,0.004819891415536404,0.003171183867380023,0.0030073043890297413,-0.0034627222921699286,0.0027533601969480515,-0.0004594220663420856,0.0011461932444944978,0.005734928883612156,0.004825951997190714,0.005893733352422714,0.0058792815543711185,0.007420435547828674,0.0059248097240924835,0.00866822712123394,0.006566204596310854,0.005117307882755995,0.00447147898375988,0.003876632312312722,0.002564891939982772,0.005201428662985563,0.011365066282451153,0.012634720653295517,0.010784272104501724
JNJ,8,2026-04-07 15:30:00+00:00,11:30,0.010415822267532349,up,0.004194773733615875,0.008201704360544682,0.003925804048776627,0.008265768177807331,0.004135414492338896,0.0015258549246937037,-0.00014945960720069706,0.0014702079351991415,-0.00167334103025496,-2.0894969566143118e-05,0.0022276330273598433,0.004740424454212189,0.0031921416521072388,0.004374668467789888,0.004735786467790604,0.004677692428231239,0.007920085452497005,0.0039385464042425156,0.0049134972505271435,0.007094849832355976,0.005968286655843258,0.003411117009818554,0.005437308456748724,0.00514310784637928,0.007026233710348606,0.010415822267532349
MRNA,8,2026-04-07 15:30:00+00:00,11:30,0.010190808214247227,up,-0.01235956884920597,-0.004074725788086653,-0.009797809645533562,-0.009230095893144608,-0.010802891105413437,-0.013582656159996986,-0.013861210085451603,-0.007574518211185932,-0.007174873724579811,-0.009454079903662205,-0.008517524227499962,-0.00771393021568656,-0.00418534642085433,-0.00015649627312086523,-0.0006077226717025042,0.0005031614564359188,0.0011356776813045144,0.002619286300614476,-0.00021788579761050642,0.00016692071221768856,0.004343908745795488,4.825130235985853e-05,0.0013834519777446985,0.006184381898492575,0.007716881111264229,0.010190808214247227
BMY,8,2026-04-07 15:30:00+00:00,11:30,0.010090097784996033,up,9.983129712054506e-05,0.005336440168321133,0.0037622645031660795,0.009549283422529697,0.008124910295009613,0.007321685086935759,0.0020039156079292297,0.0014882886316627264,-5.5147385864984244e-05,-0.0019098736811429262,0.00028582848608493805,0.002927928464487195,0.0015865808818489313,0.0053027356043457985,0.004199841059744358,0.005381100345402956,0.005174089688807726,0.0031393978279083967,0.00402206601575017,0.00426205899566412,0.004239604342728853,0.0006134430877864361,0.003767175367102027,0.007276677526533604,0.005502893123775721,0.010090097784996033
FCX,8,2026-04-07 15:30:00+00:00,11:30,0.009843283332884312,up,-0.007998832501471043,-0.0034625492990016937,-0.005749041214585304,0.00043433267273940146,-0.004235538654029369,-0.002723513636738062,-0.007364424876868725,-0.003742228727787733,-0.008041405119001865,-0.004428786691278219,-0.003169759875163436,-0.00015202087524812669,-0.000527873809915036,0.0010953620076179504,0.0035078225191682577,0.0032203728333115578,0.004854653961956501,0.0037043450865894556,0.003950327634811401,0.0007514485623687506,0.0013005428481847048,-0.0005393800092861056,0.0010789262596517801,0.00837751291692257,0.001921010436490178,0.009843283332884312
LEN,8,2026-04-07 15:30:00+00:00,11:30,0.009727898985147476,up,-0.0026599401608109474,0.0033636230509728193,0.0013339988654479384,0.005855621304363012,0.007272138260304928,0.004911266267299652,-0.003594574285671115,-0.00028032303089275956,0.0025801691226661205,-0.0007332780514843762,0.000690982851665467,-0.000945177860558033,0.002891844604164362,0.002118360251188278,0.001417041989043355,0.0019297996768727899,0.0032752894330769777,8.678171434439719e-05,0.003405161900445819,0.0013914334122091532,0.0037733695935457945,-0.0007008161628618836,0.0011283940402790904,0.009394766762852669,0.006469817366451025,0.009727898985147476
FIX,8,2026-04-07 15:30:00+00:00,11:30,0.00928491074591875,up,0.005388924852013588,-0.0007456130697391927,-0.00017122701683547348,0.002354994183406234,0.0052859107963740826,0.0034718939568847418,0.0012793398927897215,0.0035441077779978514,-0.0006726238643750548,0.0021973459515720606,0.0050870273262262344,0.004644465167075396,0.0037282072007656097,0.00517303915694356,0.0037409893702715635,0.0021647820249199867,0.004589660558849573,0.0022805933840572834,0.000728023296687752,0.0006970101967453957,-0.0004724521713797003,-0.0007023409707471728,0.0009457949199713767,0.004687536507844925,0.00527627719566226,0.00928491074591875
CEG,8,2026-04-07 15:30:00+00:00,11:30,0.009266179986298084,up,-0.004819435533136129,-0.0011582312872633338,-0.0038377465680241585,-0.004953937139362097,-0.010708799585700035,-0.01260914746671915,-0.01836845651268959,-0.01680980622768402,-0.0177365243434906,-0.01609821990132332,-0.012130538001656532,-0.0071188476867973804,-0.00564596289768815,-0.009391485713422298,-0.013579513877630234,-0.012782364152371883,-0.011879395693540573,-0.011772524565458298,-0.013995773158967495,-0.014800592325627804,-0.016339663416147232,-0.018875807523727417,-0.01744130440056324,-0.007621653378009796,-0.010782173834741116,0.009266179986298084
DAL,8,2026-04-07 15:30:00+00:00,11:30,0.008901945315301418,up,0.00412634015083313,0.005634970497339964,0.005808874499052763,0.009929632768034935,0.0006545181968249381,0.0016126917907968163,-0.0018222015351057053,0.0007737621199339628,-9.765829599928111e-05,-0.002965097315609455,-0.002243154216557741,0.0006144106737338006,0.002173071028664708,0.004670560825616121,0.007786037400364876,0.00638107443228364,0.007191621232777834,0.0031654471531510353,0.00495155667886138,0.004905019421130419,0.0031053824350237846,0.0007254916708916426,0.002346075838431716,0.007767310831695795,0.006437746342271566,0.008901945315301418
VRT,8,2026-04-07 15:30:00+00:00,11:30,0.008852622471749783,up,-0.003858439391478896,-0.004568762611597776,-0.008513962849974632,-0.00485988287255168,-0.0059391506947577,-0.006121305748820305,-0.011613194830715656,-0.006568164099007845,-0.011004382744431496,-0.004336175974458456,-0.0002031167969107628,0.0021563975606113672,0.0006849181954748929,-0.001973199425265193,-0.0036263687070459127,-0.00480054272338748,-0.0028720074333250523,-0.0038384036161005497,-0.005700430367141962,-0.007534076925367117,-0.010979468934237957,-0.013490560464560986,-0.010624279268085957,-0.0008834622567519546,-0.0007168276351876557,0.008852622471749783
EQT,8,2026-04-07 15:30:00+00:00,11:30,0.008792288601398468,up,0.0030086166225373745,0.0032609805930405855,0.0037602661177515984,0.004357986152172089,0.002732126973569393,0.001803337479941547,-0.0002970476634800434,0.0002194298867834732,0.0017043411498889327,0.0010235761292278767,0.004053621087223291,0.006073694210499525,0.005094791762530804,0.005973171442747116,0.005786850117146969,0.0049631935544312,0.007651103660464287,0.0064422255381941795,0.006625251844525337,0.006009719334542751,0.008297044783830643,0.0064446632750332355,0.008094634860754013,0.011024423874914646,0.006823445204645395,0.008792288601398468
MU,8,2026-04-07 15:30:00+00:00,11:30,0.008772527799010277,up,-0.004096117801964283,-0.01399373821914196,-0.019271930679678917,-0.012184997089207172,-0.015793800354003906,-0.0221365038305521,-0.021252037957310677,-0.01747022569179535,-0.0185766089707613,-0.01621161215007305,-0.010549749247729778,-0.008343738503754139,-0.0036960195284336805,-0.005945547483861446,-0.0025468028616160154,-0.006518913432955742,-0.005933545064181089,-0.005616740323603153,-0.01037454791367054,-0.007030189037322998,-0.011471203528344631,-0.017396090552210808,-0.014650857076048851,-0.01096716895699501,-0.0051110656931996346,0.008772527799010277
TSCO,8,2026-04-07 15:30:00+00:00,11:30,0.008660109713673592,up,-0.006024341098964214,0.0018852261127904058,0.0014445558190345764,0.005668699741363525,0.0005494176293723285,0.000612710602581501,-0.004872859455645084,-0.005142529029399157,-0.0006517870351672173,-0.0055208709090948105,-0.0022815351840108633,0.0004702169098891318,0.005322709679603577,0.0059265554882586,0.0005460820393636823,0.0002953394432552159,0.004122151527553797,0.002394749317318201,0.0036037536337971687,0.002010449068620801,0.001125537441112101,-0.001828454085625708,-9.627940744394436e-05,0.004151134751737118,0.004467503633350134,0.008660109713673592
AAPL,8,2026-04-07 15:30:00+00:00,11:30,0.00830631610006094,up,-0.006828743033111095,-0.008365101180970669,-0.01344983745366335,-0.011483374983072281,-0.013169659301638603,-0.014686081558465958,-0.012742082588374615,-0.009610472247004509,-0.012636198662221432,-0.01200261153280735,-0.009742223657667637,-0.003696904517710209,-0.004815349355340004,-0.005663610994815826,-0.002083870815113187,-0.004578823689371347,-0.005373039282858372,-0.004914398770779371,-0.004277537111192942,-0.004630446434020996,-0.007693934720009565,-0.009311702102422714,-0.009318079799413681,-0.0026096359360963106,-0.003108496777713299,0.00830631610006094
HLT,8,2026-04-07 15:30:00+00:00,11:30,0.00829356163740158,up,0.00392262963578105,0.005085938144475222,0.00601112050935626,0.0057515949010849,0.003948475234210491,0.0027911949437111616,0.001269761472940445,0.00271386350505054,0.0026169733610004187,0.0007017974858172238,0.003098792629316449,0.0038420758210122585,0.004197179339826107,0.002329627750441432,0.0020499504171311855,0.0031827150378376245,0.0047300453297793865,0.0047434428706765175,0.0027139910962432623,0.005420494358986616,0.0037968859542161226,0.0023730769753456116,0.001002378179691732,0.0016881481278687716,0.00038439815398305655,0.00829356163740158
TMUS,8,2026-04-07 15:30:00+00:00,11:30,0.008156181313097477,up,0.0055753858759999275,0.008064760826528072,0.008099297992885113,0.009188154712319374,0.011646667495369911,0.009842528961598873,0.011348100379109383,0.014024666510522366,0.010122563689947128,0.010241716168820858,0.011095981113612652,0.010074781253933907,0.006471959408372641,0.007588748820126057,0.009439087472856045,0.009151275269687176,0.009065000340342522,0.0091777378693223,0.00790836289525032,0.007295561954379082,0.00827031210064888,0.007235589437186718,0.00902985967695713,0.008074968121945858,0.009311728179454803,0.008156181313097477
AMCR,8,2026-04-07 15:30:00+00:00,11:30,0.008048659190535545,up,-0.00722696864977479,0.000490461359731853,0.0010586129501461983,0.0065264590084552765,0.0022879154421389103,0.002893773140385747,-0.004164018202573061,-0.007139413617551327,-0.002811577171087265,-0.007537635508924723,-0.006137389689683914,-0.00299645122140646,0.0009319781675003469,0.0006921940948814154,-0.00178154360037297,-0.0017541683046147227,0.0014504704158753157,0.0011542856227606535,0.0035504859406501055,0.0021782093681395054,0.003199146129190922,0.0015067695640027523,0.003825573017820716,0.006265946198254824,0.002399212447926402,0.008048659190535545
FIS,8,2026-04-07 15:30:00+00:00,11:30,0.007959116250276566,up,-0.007704312447458506,0.0007736434927210212,9.927773498930037e-05,0.0005682699847966433,-0.001401969464495778,-0.00425385870039463,-0.007454783655703068,-0.0062089283019304276,-0.005026332102715969,-0.0030795596539974213,0.0012039461871609092,0.0028417569119483232,0.003338274545967579,0.00684750359505415,0.00475606694817543,0.0010943395318463445,0.007802386302500963,0.005249306093901396,0.003856957657262683,0.005703202448785305,0.006310807541012764,0.00300207850523293,0.002357813995331526,0.005966501776129007,0.002509036799892783,0.007959116250276566
HAL,8,2026-04-07 15:30:00+00:00,11:30,0.007927779108285904,up,-0.0013683540746569633,-0.0035393456928431988,-0.00521071907132864,-0.004049425013363361,-0.008756419643759727,-0.009788976982235909,-0.012777544558048248,-0.010849175974726677,-0.013236026279628277,-0.008520630188286304,-0.008587047457695007,-0.004060427192598581,-0.004870470147579908,-0.005035385023802519,-0.0017847800627350807,-0.0022439013700932264,-0.004945524502545595,-0.003861695760861039,-0.005690659862011671,-0.007302694953978062,-0.0048324246890842915,-0.005070264916867018,-0.0013346185442060232,0.0036962623707950115,0.0041311681270599365,0.007927779108285904
CSGP,8,2026-04-07 15:30:00+00:00,11:30,0.007854091003537178,up,-0.005676262080669403,0.01108519360423088,0.0023235147818922997,0.007577178534120321,-0.0029181865975260735,-0.0017168105114251375,-0.006621847860515118,-0.005243102088570595,0.0004804653872270137,-0.004786808043718338,-0.0015319937374442816,-0.002783737378194928,0.0009168163524009287,0.003493518801406026,0.0020259562879800797,0.0003077046712860465,0.0013093390734866261,0.002338266931474209,0.00047870693379081786,-0.00034478199086152017,0.003456760197877884,0.0021724572870880365,0.004724037833511829,0.007383227348327637,0.005156614352017641,0.007854091003537178
PYPL,8,2026-04-07 15:30:00+00:00,11:30,0.007789840456098318,up,-0.0025200711097568274,-0.0003832091169897467,-0.0012240478536114097,0.0039056253153830767,-0.0007148934528231621,-0.002479556482285261,-0.003001044038683176,-7.013288995949551e-05,-0.0026812893338501453,-0.0018651798600330949,-0.0003183608059771359,0.0006856404943391681,-0.00010801129246829078,0.0042215497232973576,0.0028645216953009367,0.0019139565993100405,0.0041149212047457695,-0.0003804205043707043,0.001193811185657978,0.0010671197669580579,0.0014704162022098899,-0.002409075852483511,-0.00027759355725720525,0.0030820686370134354,0.003507656743749976,0.007789840456098318
MPC,8,2026-04-07 15:30:00+00:00,11:30,0.007751242723315954,up,-0.0007216918165795505,0.00331352767534554,0.004150755237787962,0.005662161856889725,0.006751271430402994,0.0037587634287774563,0.002541918773204088,0.0014869840815663338,-0.00033783435355871916,-0.00018263827951159328,0.0042799790389835835,0.004377963487058878,0.004514279309660196,0.0038484265096485615,0.005501474253833294,0.0034796881955116987,0.004310661926865578,0.004420528654009104,0.004299898631870747,0.003758010221645236,0.0012805161532014608,0.0002665691717993468,0.0008946312591433525,0.006125667132437229,0.005273973103612661,0.007751242723315954
BKR,8,2026-04-07 15:30:00+00:00,11:30,0.007749549113214016,up,0.004968291148543358,0.0031266575679183006,-0.0002850483579095453,0.0011070120381191373,-3.946117067243904e-05,-0.0012649609707295895,-0.004152331501245499,-9.281490201829001e-05,-0.0018511955859139562,-0.001563546247780323,0.00034864130429923534,0.0004376587748993188,0.00027281080838292837,0.0009689116268418729,0.0026650570798665285,0.0018193642608821392,0.0036686735693365335,0.0033303173258900642,0.0016164758708328009,0.00029324632487259805,0.0015821725828573108,-0.00032995091169141233,0.0009518173756077886,0.003945056349039078,0.0011635090922936797,0.007749549113214016
SHW,8,2026-04-07 15:30:00+00:00,11:30,0.007665341719985008,up,0.0006221076473593712,0.00326994014903903,0.003671630285680294,0.0023969535250216722,0.003832743037492037,0.0027116164565086365,0.0017564625013619661,0.0012437772238627076,-0.0011816556798294187,-0.001351392944343388,0.0021989590022712946,0.003102410351857543,0.0057413759641349316,0.008400367572903633,0.0056016705930233,0.0032100488897413015,0.005547829903662205,0.005546630825847387,0.002944124862551689,0.003477539401501417,0.002955453237518668,-0.0007638136157765985,-0.00199696933850646,-0.00032012874726206064,0.0011123339645564556,0.007665341719985008
SBAC,8,2026-04-07 15:30:00+00:00,11:30,0.007598822005093098,up,0.0031055293511599302,-0.001371148624457419,-0.002635104116052389,0.0032535053323954344,-0.0021215281449258327,-0.004461715463548899,-0.008636019192636013,-0.005886318162083626,-0.00999865960329771,-0.010803772136569023,-0.007040022406727076,-0.0075460984371602535,-0.008697068318724632,-0.008399673737585545,-0.007674045395106077,-0.003862441284582019,-0.004288245923817158,-0.004087231587618589,-0.0016554065514355898,-8.753358997637406e-07,-0.000520487898029387,-0.002848888747394085,-0.0012186693493276834,0.0038888156414031982,0.003969280980527401,0.007598822005093098
CI,8,2026-04-07 15:30:00+00:00,11:30,0.007561709266155958,up,0.0018631903221830726,-0.0003570457920432091,-0.002183901611715555,-0.0013040953781455755,-0.0004583968548104167,-0.0032731201499700546,-0.008363521657884121,-0.0060238284058868885,-0.006306839175522327,-0.005294902250170708,-0.0016647732118144631,0.0017005257541313767,0.0024773459881544113,0.0013624017592519522,-0.0016573744360357523,-0.0022819610312581062,0.003938431851565838,0.0006272651953622699,0.001460499013774097,0.0008329293341375887,-0.0011445258278399706,-0.0030041118152439594,-0.0012403182918205857,0.004733803682029247,0.0015340711688622832,0.007561709266155958
CTSH,8,2026-04-07 15:30:00+00:00,11:30,0.0073984903283417225,up,-0.0008055238868109882,0.0026603704318404198,-0.0025020334869623184,-0.0001893239823402837,-0.0035708905197679996,-0.003980495501309633,-0.00792396254837513,-0.004847553558647633,-0.005902428645640612,-0.005806774832308292,-0.004427616950124502,-0.0009195093880407512,0.0008967666071839631,0.0021517931018024683,0.0026016703341156244,0.0009971490362659097,0.004665064625442028,0.0031476998701691628,0.0018660303903743625,0.0009575725416652858,0.0028788968920707703,0.00011228617222514004,0.001192504190839827,0.0052571725100278854,0.0005569650093093514,0.0073984903283417225
CCI,8,2026-04-07 15:30:00+00:00,11:30,0.007293617352843285,up,-0.00337155070155859,-0.001212875242345035,-0.0028115473687648773,0.0015267038252204657,0.0014885696582496166,0.0006920835003256798,-0.004593526944518089,-0.0037173202726989985,-0.003050154307857156,-0.002237291308119893,-0.0022783875465393066,-0.000424929748987779,0.0005064493743702769,0.0026748257223516703,8.43630768940784e-05,0.00014945057046134025,0.004122074227780104,0.0018312843749299645,0.0035531751345843077,0.001486478722654283,0.0028257151134312153,0.00012098198931198567,-0.0011218466097489,0.006658872589468956,0.003961452282965183,0.007293617352843285
TRGP,8,2026-04-07 15:30:00+00:00,11:30,0.007276677526533604,up,0.0014323308132588863,6.441579898819327e-06,-0.0015185066731646657,0.0016228989697992802,0.0006113586714491248,0.0006475007976405323,0.0019493105355650187,0.005763236898928881,0.004944820422679186,0.00805986300110817,0.015453369356691837,0.014288737438619137,0.01142131071537733,0.013424431905150414,0.01231011189520359,0.011678666807711124,0.011874683201313019,0.012418699450790882,0.011260260827839375,0.012320882640779018,0.011327461339533329,0.009455280378460884,0.0062178270891308784,0.010817887261509895,0.006809221114963293,0.007276677526533604
DOC,8,2026-04-07 15:30:00+00:00,11:30,0.007209792733192444,up,0.009028567932546139,0.010211028158664703,0.007393582258373499,0.00717690447345376,0.004725959151983261,0.0018047387711703777,-0.0008135371026583016,0.00033366313436999917,-0.0025398796424269676,0.002443799516186118,0.012332611717283726,0.010376447811722755,0.013053974136710167,0.013701697811484337,0.01150114368647337,0.012277311645448208,0.016317520290613174,0.015950113534927368,0.015146778896450996,0.015759063884615898,0.011209294199943542,0.009471350349485874,0.008097282610833645,0.015238483436405659,0.009410609491169453,0.007209792733192444
UBER,8,2026-04-07 15:30:00+00:00,11:30,0.006725102663040161,up,0.01184565294533968,0.01542145386338234,0.01188543438911438,0.013072063215076923,0.00705616595223546,0.0009648586274124682,-0.003688973607495427,-0.00014883889525663108,-0.005332686938345432,-0.005113223567605019,-0.0023539408575743437,-0.00105383584741503,0.0006583111244253814,0.0026931550819426775,0.005163291934877634,0.003580263815820217,0.006421344354748726,0.004337033722549677,0.0037136452738195658,0.0049514127895236015,0.004978226497769356,0.0023001576773822308,0.0015787273878231645,0.00609562499448657,0.00583740184083581,0.006725102663040161
FANG,8,2026-04-07 15:30:00+00:00,11:30,0.006684089545160532,up,-0.005418770480901003,-0.005300066899508238,-0.006395512726157904,-0.004491531755775213,-0.0017236790154129267,-0.003845960833132267,-0.004215019755065441,-0.0010962017113342881,-0.004404792096465826,-0.002020331099629402,0.0022769381757825613,0.003166237846016884,0.0039141238667070866,0.0027926848269999027,0.004371192306280136,0.0009139867615886033,0.006480045150965452,0.006770574487745762,0.004417188465595245,0.005197489634156227,0.0037524253129959106,0.0013899900950491428,7.546672713942826e-05,0.0029349939431995153,0.0027148353401571512,0.006684089545160532
WAT,8,2026-04-07 15:30:00+00:00,11:30,0.006648339331150055,up,0.0023923341650515795,0.0028206603601574898,0.003017243230715394,0.0034685502760112286,-0.0008133465889841318,-0.0016297955298796296,-0.003941521048545837,-0.0018511086236685514,-0.0022595503833144903,-0.003387392731383443,0.0003385733289178461,0.0016093271551653743,0.0017440615920349956,0.0016138917999342084,0.0008261004113592207,0.0004727844207081944,0.004400189500302076,0.0029155390802770853,0.0015703343087807298,0.0026001487858593464,0.0018726972630247474,-0.0006276719504967332,-0.0017722573829814792,0.002790798433125019,0.001080501009710133,0.006648339331150055
VLO,8,2026-04-07 15:30:00+00:00,11:30,0.006619384046643972,up,-0.001274219830520451,-0.0017105904407799244,-0.0037590484134852886,-0.0008989226771518588,-0.0025638113729655743,-0.0046148719266057014,-0.005977889522910118,-0.001636938308365643,-0.004799676593393087,0.0035163876600563526,0.007369754370301962,0.009147479198873043,0.003582211909815669,0.004054347984492779,0.003914117347449064,0.0036875265650451183,0.006470926571637392,0.00748442392796278,0.005066358484327793,0.006408525165170431,0.0023493757471442223,-0.001107632415369153,-0.002155745169147849,0.005460996646434069,0.0056402916088700294,0.006619384046643972
LH,8,2026-04-07 15:30:00+00:00,11:30,0.0064135463908314705,up,0.006376825273036957,0.0052396454848349094,0.004657017067074776,0.007317755371332169,0.005373746156692505,0.001578797702677548,-0.0018655079184100032,0.0006906827329657972,-0.0013080411590635777,-0.00418443325906992,-0.0020089149475097656,0.0012203276855871081,0.001413829275406897,-0.00024424580624327064,-0.002802338218316436,-0.0010722626466304064,0.001991765573620796,0.0005565519677475095,0.00020262229372747242,0.002493203617632389,0.0008750895503908396,-0.001703853253275156,-0.0017874729819595814,0.0024449180345982313,-0.002686601597815752,0.0064135463908314705
MKC,8,2026-04-07 15:30:00+00:00,11:30,0.006198922172188759,up,0.0020810901187360287,0.007344236597418785,0.002233241917565465,0.002289514522999525,0.0012806219747290015,-0.0005696348380297422,-0.0020402632653713226,-0.0009778870735317469,0.0018434722442179918,0.002678126562386751,0.004092348273843527,0.00479566864669323,0.0032748060766607523,0.003394683822989464,0.003866512095555663,0.0029479730874300003,0.00490853376686573,0.006430833134800196,0.005518952384591103,0.0056082941591739655,0.0052324156276881695,0.004473702050745487,0.0055758110247552395,0.0049982815980911255,0.0030365847051143646,0.006198922172188759
LYV,8,2026-04-07 15:30:00+00:00,11:30,0.0060304612852633,up,-0.0006098136072978377,0.0020154553931206465,-0.0009929020889103413,0.0014349701814353466,0.001387589843943715,0.0003727283619809896,-0.002278381260111928,0.00019259648979641497,-0.0016112105222418904,-0.0008914188947528601,-0.00031200284138321877,0.0014877342619001865,0.0010603119153529406,0.0016108729178085923,4.221386552671902e-05,0.0006693138275295496,0.0015445390017703176,0.001648768549785018,0.0004732075612992048,-0.0007569898152723908,-0.0020791401620954275,-0.0016349657671526074,-0.002161207841709256,-8.817652997095138e-05,-0.005013029556721449,0.0060304612852633
V,8,2026-04-07 15:30:00+00:00,11:30,0.005970379803329706,up,0.00126527005340904,0.0022317280527204275,0.0032628446351736784,0.00419585220515728,0.0038683866150677204,0.0017349814297631383,0.002106378087773919,0.0016365429619327188,0.001367356046102941,-0.0008073174976743758,0.002466331236064434,0.0033696626778692007,0.003368368837982416,0.0026004272513091564,0.003949428908526897,0.0039672041311860085,0.004582914523780346,0.00422690948471427,0.004204396158456802,0.003219244536012411,0.003330700332298875,0.0012875138781964779,0.0002577748382464051,0.001955748302862048,0.0015031081857159734,0.005970379803329706
BXP,8,2026-04-07 15:30:00+00:00,11:30,0.00585503876209259,up,-0.0020604170858860016,0.0003247407730668783,-0.00045964427408762276,0.0007547182613052428,-0.0010332147357985377,-0.0004451624408829957,-0.004789154510945082,-0.003138842061161995,-0.00044681993313133717,0.00021344798733480275,0.000705846818163991,0.001307802856899798,0.0012153293937444687,0.0032497544307261705,0.0037958198226988316,0.0015527278883382678,0.004024389199912548,0.005146078299731016,0.003980941139161587,0.004112392198294401,0.004021177068352699,0.0027649158146232367,0.002528460929170251,0.008035060949623585,0.00559845007956028,0.00585503876209259
DVN,8,2026-04-07 15:30:00+00:00,11:30,0.005827678833156824,up,0.002991437679156661,0.00833321362733841,0.010275356471538544,0.010363755747675896,0.009918252937495708,0.010667365975677967,0.006162500008940697,0.0032948260195553303,0.004450580105185509,0.0027447056490927935,0.003234937321394682,0.004589510150253773,0.0009244236862286925,0.0019177589565515518,0.004885139875113964,0.003485176246613264,0.0028665128629654646,0.004944875370711088,0.004532217048108578,0.0070658582262694836,0.006474398076534271,0.0055306898429989815,0.003937037196010351,0.008276164531707764,0.006703454069793224,0.005827678833156824
HSIC,8,2026-04-07 15:30:00+00:00,11:30,0.005646868143230677,up,0.007087153382599354,0.0074704429134726524,0.0063951388001441956,0.004800660535693169,0.011784914880990982,0.008355097845196724,0.008829073049128056,0.007277022581547499,0.006250545382499695,0.003926373086869717,0.0015153203858062625,0.002896852558478713,0.0013268257025629282,0.00169025466311723,0.0077997599728405476,0.0017078708624467254,0.0033752203453332186,0.003946762997657061,0.003838562173768878,0.0035915933549404144,0.0038488174322992563,0.002622719621285796,0.00012790765322279185,0.006013286765664816,0.0023795668967068195,0.005646868143230677
JPM,8,2026-04-07 15:30:00+00:00,11:30,0.005606969352811575,up,-0.000615289609413594,-0.0017919790698215365,-0.0011913805501535535,0.0019945052918046713,0.0022236534859985113,0.0008826254634186625,-0.00033425854053348303,-0.0007828111411072314,-0.0017823943635448813,-0.0026324973441660404,0.0008964887238107622,0.00196175929158926,0.0005259900353848934,0.00048171027447097003,0.0013956049224361777,0.0015878723934292793,-0.0002854416670743376,-0.000272724952083081,0.0009063490433618426,0.0001864135410869494,0.0018566742073744535,-0.0012857955880463123,-0.0008064266294240952,-0.0004790411039721221,0.0017072847113013268,0.005606969352811575
AMAT,8,2026-04-07 15:30:00+00:00,11:30,0.005564537830650806,up,-0.009461150504648685,-0.010652239434421062,-0.016533808782696724,-0.00920597743242979,-0.012509047985076904,-0.01653643138706684,-0.018422242254018784,-0.012635224498808384,-0.0133985485881567,-0.01070990040898323,-0.0059726121835410595,-0.00676103588193655,-0.006516757886856794,-0.006273468490689993,-0.006788038183003664,-0.010311770252883434,-0.00882784090936184,-0.01126757264137268,-0.011184773407876492,-0.011354002170264721,-0.011431829072535038,-0.01605658046901226,-0.014716971665620804,-0.003530758200213313,-0.007081888150423765,0.005564537830650806
FSLR,8,2026-04-07 15:30:00+00:00,11:30,0.005499031860381365,up,-0.0006366798770613968,0.0003856134426314384,-0.00012555369175970554,0.0020333759021013975,-0.0011744563234969974,-0.0008824387914501131,-0.00713818334043026,-0.0033752962481230497,-0.006137768272310495,-0.004028708208352327,-0.003596721449866891,-0.0023930310271680355,-0.0017291741678491235,-0.002900699619203806,-0.0034739491529762745,-0.005453492049127817,-0.001812055241316557,-0.002046616980805993,-0.004586141090840101,-0.003914562053978443,-0.006458207033574581,-0.008612455800175667,-0.005949400365352631,0.0013057937612757087,0.0032028539571911097,0.005499031860381365
TSLA,8,2026-04-07 15:30:00+00:00,11:30,0.005488961935043335,up,-0.012932239100337029,-0.016417808830738068,-0.022977035492658615,-0.01968216709792614,-0.02271629311144352,-0.025719722732901573,-0.02377326786518097,-0.022661926224827766,-0.024792926385998726,-0.024846592918038368,-0.02196580544114113,-0.018208658322691917,-0.016208389773964882,-0.014547733590006828,-0.014269838109612465,-0.015417600981891155,-0.013619635254144669,-0.013675340451300144,-0.014834996312856674,-0.010415797121822834,-0.016418637707829475,-0.020686132833361626,-0.021144188940525055,-0.0153889125213027,-0.010299165733158588,0.005488961935043335
USB,8,2026-04-07 15:30:00+00:00,11:30,0.00523176696151495,up,-0.0007399568567052484,0.002071177354082465,0.0007144093397073448,0.0031372029334306717,0.0013469387777149677,0.0029755672439932823,0.0006255102925933897,0.0015782740665599704,0.0021341885440051556,0.0013067445252090693,0.002229639096185565,0.0020146796014159918,0.0012528403894975781,0.000979291507974267,0.0033200851175934076,0.0015834660734981298,0.0033347024582326412,0.0029105644207447767,0.0033440047409385443,0.003946657292544842,0.003190661547705531,0.0027214600704610348,0.001837153802625835,0.005469478666782379,0.0043754554353654385,0.00523176696151495
EIX,8,2026-04-07 15:30:00+00:00,11:30,0.005136209074407816,up,-0.0010418889578431845,0.002839531283825636,0.001921835239045322,0.0032770715188235044,0.0025636127684265375,-0.0012512250104919076,-0.0001915724715217948,0.0020800214260816574,-0.001804383471608162,0.0017771171405911446,0.009438855573534966,0.0015867709880694747,0.004006299190223217,0.0034677002113312483,0.005589230917394161,0.004432895686477423,0.005382552742958069,-0.0010565805714577436,0.004093753173947334,0.0037618724163621664,0.0035037824418395758,-0.003062312724068761,-0.0024533914402127266,-0.0009265574044547975,-2.659178790054284e-05,0.005136209074407816
ADI,8,2026-04-07 15:30:00+00:00,11:30,0.005016931798309088,up,-0.004393092822283506,-0.002958324272185564,-0.005552656948566437,-0.002117859898135066,-0.002813268220052123,-0.004056815057992935,-0.005251934286206961,-0.0038118003867566586,-0.005977741442620754,-0.005036442540585995,-0.001997868064790964,-0.0013192070182412863,-0.002182908821851015,-0.0013934384332969785,-0.0012259517097845674,-0.002872740849852562,-0.002341690007597208,-0.0010290041100233793,-0.0019323385786265135,-0.0018982150359079242,0.0006926399655640125,-0.003895823610946536,-0.005628672894090414,-0.002172136679291725,-0.0031548624392598867,0.005016931798309088
BLDR,8,2026-04-07 15:30:00+00:00,11:30,0.005007077939808369,up,0.009596660733222961,0.016713377088308334,0.005908304359763861,0.013522992841899395,0.019008558243513107,0.010731604881584644,0.0011731627164408565,0.005008847918361425,0.00716973003000021,0.001775350421667099,0.002419030759483576,0.0026555336080491543,0.0033235212322324514,0.0022133232560008764,0.0016317743575200438,-0.00010760645091068,0.0012281531235203147,-0.0007986553246155381,-0.00034015567507594824,-0.0044975001364946365,-0.005391168873757124,-0.008446693420410156,-0.00773255480453372,0.0010678607504814863,-0.002504209289327264,0.005007077939808369
FE,8,2026-04-07 15:30:00+00:00,11:30,0.004978930111974478,up,0.0008662452455610037,0.003082784591242671,0.002756330883130431,0.004659377504140139,0.0066306451335549355,0.004795858170837164,0.00431858841329813,0.003945721313357353,0.005061063915491104,0.00337185338139534,0.00542887719348073,0.005316582508385181,0.004696249961853027,0.003924946766346693,0.003973030485212803,0.0034889772068709135,0.005202059168368578,0.005553758703172207,0.006965005304664373,0.00732855498790741,0.007307793013751507,0.006382684223353863,0.006239189300686121,0.00787428580224514,0.006694721523672342,0.004978930111974478
LULU,8,2026-04-07 15:30:00+00:00,11:30,0.004938927479088306,up,-0.0024820396210998297,-0.001939387177117169,-0.005552853923290968,-0.0055314539931714535,-0.0036307114642113447,-0.0053888168185949326,-0.00608961284160614,-0.006425243336707354,-0.005811909679323435,-0.004592208191752434,-0.0031163147650659084,-0.0019082891521975398,-0.0005601391894742846,-0.0014715713914483786,-0.002616316545754671,-0.0025957708712667227,0.0007720362627878785,-0.0010170104214921594,-0.0004418380849529058,0.0004675224772654474,-0.0008895095088519156,-0.002514963736757636,-0.0023646587505936623,0.00012593781866598874,-0.002258710563182831,0.004938927479088306
CMG,8,2026-04-07 15:30:00+00:00,11:30,0.004861104767769575,up,-0.005526847206056118,0.0029489626176655293,-0.0008511541527695954,0.00292981811799109,-0.00279553746804595,-0.00317193940281868,-0.007841476239264011,-0.0071886274963617325,-0.0058099799789488316,-0.004431263078004122,-0.003374759340658784,-0.0017081592231988907,0.000515325868036598,0.0020625940524041653,-0.00011821284715551883,-0.0008634052355773747,0.0018138239393010736,0.0017796724569052458,0.0013000315520912409,-0.0009445554460398853,0.00033759206417016685,-0.004934371914714575,-0.0028398216236382723,0.0032781807240098715,0.0013638051459565759,0.004861104767769575
ABBV,8,2026-04-07 15:30:00+00:00,11:30,0.004786931909620762,up,-0.001275917747989297,-0.0025487574748694897,-0.004120295867323875,-0.002049084985628724,-0.0007867255480960011,-0.0036131255328655243,-0.007061054930090904,-0.0038342715706676245,-0.0067124138586223125,-0.000975188275333494,-0.0012767321895807981,0.001097117899917066,-0.003798003774136305,-0.002144457772374153,-0.0023417675402015448,-0.002725717844441533,-0.000814019120298326,0.00029533630004152656,-0.002347384812310338,0.0017307171365246177,0.0007927180849947035,-0.0015954810660332441,2.5080993509618565e-05,0.000973253627307713,0.0026179132983088493,0.004786931909620762
DASH,8,2026-04-07 15:30:00+00:00,11:30,0.004657667130231857,up,-0.00850244052708149,-0.004407887812703848,-0.012731489725410938,-0.011849243193864822,-0.012499830685555935,-0.014295024797320366,-0.01600673794746399,-0.01084142830222845,-0.009828838519752026,-0.009075485169887543,-0.00818883627653122,-0.0055129146203398705,-0.003395098727196455,-0.0030923031736165285,-0.004538892302662134,-0.006086706183850765,-0.0012714976910501719,-0.0024326418060809374,-0.0025185917038470507,-0.004127910360693932,-0.002261324319988489,-0.006443855818361044,-0.004525939933955669,-0.0008603801834397018,0.00017888132424559444,0.004657667130231857
CHRW,8,2026-04-07 15:30:00+00:00,11:30,0.004618445876985788,up,-0.0010957469930872321,0.0015941592864692211,-0.0017965296283364296,0.0009482091991230845,-0.0012761669931933284,-0.00245033111423254,-0.0039054781664162874,-0.0032520240638405085,-0.005492878146469593,-0.006802772171795368,-0.006440805736929178,-0.005220834165811539,-0.006213276647031307,-0.004433086607605219,-0.0052839913405478,-0.00560194905847311,-0.004600574262440205,-0.005419827997684479,-0.006608013063669205,-0.00623364606872201,-0.0058569954708218575,-0.004876541905105114,-0.0019036080921068788,0.0024860191624611616,-0.0005755830206908286,0.004618445876985788
CMI,8,2026-04-07 15:30:00+00:00,11:30,0.004553318023681641,up,-0.002745391335338354,-0.0023538516834378242,-0.0044734785333275795,-0.0007185334106907248,-0.00041943739051930606,-0.0006455987459048629,-0.0032207707408815622,-0.0025621713139116764,-0.005626356694847345,-0.0022560441866517067,6.092530020396225e-05,0.0022582197561860085,0.0010983108077198267,0.0014264693018049002,0.0017290045507252216,-0.000413604051573202,0.0022872386034578085,0.0024757683277130127,0.0012295154156163335,-0.0007221245905384421,-0.001380259869620204,-0.002785221440717578,-0.0020395219326019287,0.0009379842085763812,-0.0007583724218420684,0.004553318023681641
NVDA,8,2026-04-07 15:30:00+00:00,11:30,0.004423100966960192,up,-0.0057612634263932705,-0.009611953049898148,-0.017360525205731392,-0.012904975563287735,-0.015240549109876156,-0.017542840912938118,-0.015134635381400585,-0.010606509633362293,-0.010376273654401302,-0.006451163906604052,-0.003189981682226062,-0.005348095204681158,-0.007759218104183674,-0.006735462229698896,-0.00584731251001358,-0.004965850617736578,-0.005128766875714064,-0.004446644335985184,-0.006330903619527817,-0.006630275398492813,-0.006354411132633686,-0.008084764704108238,-0.006247216835618019,-0.002396219875663519,4.2446063162060454e-05,0.004423100966960192
MPWR,8,2026-04-07 15:30:00+00:00,11:30,0.0043802401050925255,up,0.0026641441509127617,-0.0037996096070855856,-0.0012624580413103104,0.00013473699800670147,0.003816298209130764,0.0015550528187304735,0.00034854307887144387,0.0021535316482186317,-0.004050384741276503,-0.0006181909120641649,0.0009355665533803403,-0.0005237286095507443,-0.0006872550584375858,-0.00238015316426754,-0.000740223505999893,-0.00269182026386261,-0.0011386640835553408,-0.0006488482467830181,-0.001256838208064437,0.0003930447273887694,-0.0016746727051213384,-0.004757946357131004,-0.0030816677026450634,0.00041465918184258044,0.0009955978021025658,0.0043802401050925255
SNA,8,2026-04-07 15:30:00+00:00,11:30,0.0043281265534460545,up,0.0014661537716165185,0.003081409726291895,0.0030946540646255016,0.004299161955714226,0.005621499847620726,0.003717927262187004,0.0022428708616644144,0.0010091151343658566,0.0010093373712152243,0.002359095262363553,0.003296230686828494,0.0041335709393024445,0.004048471339046955,0.004054266028106213,0.003986438270658255,0.003988397307693958,0.0049400245770812035,0.004836940206587315,0.002620421815663576,0.002158172195777297,0.004080833401530981,0.0018113905098289251,0.0010329472133889794,0.004546996206045151,0.003928407095372677,0.0043281265534460545
TECH,8,2026-04-07 15:30:00+00:00,11:30,0.004309488460421562,up,-0.000996517832390964,0.002036073012277484,-0.0009579089237377048,-0.00024276089970953763,-0.0052606030367314816,-0.0037452331744134426,-0.007054237648844719,-0.0059602586552500725,-0.0038420180790126324,-0.0028683298733085394,-0.004102672450244427,-0.004073765594512224,-0.004192776512354612,-0.0006139446632005274,0.0009571886621415615,-0.002544088289141655,-0.0006007172050885856,-0.00034789222991093993,-0.002166470279917121,0.0007556347991339862,-0.0005946957971900702,-0.0021106621716171503,0.0004975087358616292,0.004356883466243744,0.0007091188454069197,0.004309488460421562
IR,8,2026-04-07 15:30:00+00:00,11:30,0.004287017975002527,up,0.0026290412060916424,0.0035885267425328493,0.0027702185325324535,0.003822147846221924,0.004729870241135359,0.000942475046031177,-0.0014878374058753252,0.0011068459134548903,-7.970626757014543e-05,-0.0001932027516886592,0.0015807843301445246,0.002955076517537236,0.0032396374735981226,0.0032828168477863073,0.0033584057819098234,0.0034812225494533777,0.005413617007434368,0.005886638071388006,0.004409626126289368,0.003700484288856387,0.0030360976234078407,0.0012837365502491593,0.0009194569429382682,0.005092991050332785,0.00256189052015543,0.004287017975002527
PANW,8,2026-04-07 15:30:00+00:00,11:30,0.0042466516606509686,up,-0.0051706149242818356,-0.005796986632049084,-0.00871333759278059,-0.004599925596266985,-0.004880890715867281,-0.004767196252942085,-0.008433392271399498,-0.0046377661637961864,-0.006517344620078802,-0.004762174561619759,-0.0018812312046065927,0.0008104342850856483,0.0019971919246017933,-0.0010634764330461621,-0.0014408326242119074,-0.0017550018383190036,0.0009440325084142387,0.00025329942582175136,-0.001017468748614192,-0.0037374587263911963,-0.004197651986032724,-0.003856395836919546,-0.00190854596439749,0.003488252405077219,0.0025056914892047644,0.0042466516606509686
KMB,8,2026-04-07 15:30:00+00:00,11:30,0.004224388860166073,up,0.000725935329683125,0.007824230939149857,-0.0007264547748491168,0.0024498195853084326,0.0008722514030523598,-0.00024220602062996477,-0.004097919911146164,-0.0018401973647996783,-0.004116218537092209,-0.001696206396445632,0.0009750999161042273,0.0008917640661820769,0.0014944555005058646,0.004195159301161766,0.0012386272428557277,0.0017145260935649276,0.00416029617190361,0.003045362653210759,0.0013852684060111642,0.0015624763909727335,0.004872065503150225,0.0013930139830335975,0.003912727348506451,0.005571097135543823,0.0025050737895071507,0.004224388860166073
KLAC,8,2026-04-07 15:30:00+00:00,11:30,0.004176013171672821,up,0.0008283248753286898,-0.002459038281813264,-0.0018557769944891334,0.0008989847265183926,0.0033241701312363148,0.0011112759821116924,-0.0009348543244414032,0.0015722238458693027,-0.002705684630200267,0.001140513108111918,0.0016362057067453861,0.0021360667888075113,0.00029242000891827047,0.0004606367729138583,0.0010402373736724257,0.00033125601476058364,0.000789088080637157,-0.003085254691541195,-0.0009239024366252124,0.0025213537737727165,-0.0026848434936255217,-0.00608804589137435,-0.0052599553018808365,-0.0004548193246591836,-0.003074914449825883,0.004176013171672821
FITB,8,2026-04-07 15:30:00+00:00,11:30,0.004040812142193317,up,-0.0040718019008636475,0.00010770512017188594,-0.0010070285061374307,0.0008818599162623286,0.00015838266699574888,0.0009582149796187878,-0.0012067456264048815,0.0008597153355367482,0.0007194036734290421,-0.0001407924573868513,0.0014793635345995426,0.0005911161424592137,0.0008754843729548156,0.0006207646802067757,0.002337218262255192,0.002175134140998125,0.002731913235038519,0.002928617410361767,0.0036599633749574423,0.0033205226063728333,0.0037824190221726894,0.002091520233079791,0.002611858304589987,0.0052382019348442554,0.004291880875825882,0.004040812142193317
GRMN,8,2026-04-07 15:30:00+00:00,11:30,0.004018689040094614,up,0.001342486240901053,0.0024032890796661377,0.0009777366649359465,0.00037124266964383423,-0.001708834432065487,-0.0034458162263035774,-0.005678265821188688,-0.00535039184615016,-0.006676728371530771,-0.005598369520157576,-0.0035128321032971144,-0.0011974378721788526,-0.0036440319381654263,-0.0033131467644125223,-0.002215951681137085,-0.0038730192463845015,0.000950972898863256,-0.0007939558709040284,-0.0017050430178642273,-0.0012961890315636992,-0.0015226630493998528,-0.003568784799426794,-0.0030663434881716967,0.00024495337856933475,-0.0015177496243268251,0.004018689040094614
OXY,8,2026-04-07 15:30:00+00:00,11:30,0.004012879449874163,up,0.009881914593279362,0.014942079782485962,0.014566774480044842,0.012985856272280216,0.014101269654929638,0.013806655071675777,0.011972034350037575,0.009758256375789642,0.010331879369914532,0.009253395721316338,0.0092117665335536,0.00794201623648405,0.00103175756521523,0.002437059534713626,0.007015774492174387,0.008214452303946018,0.0020818677730858326,0.004673891235142946,0.005738068372011185,0.007760539650917053,0.006125048268586397,0.006326386239379644,0.008487368933856487,0.006516382563859224,0.005473058205097914,0.004012879449874163
AIG,8,2026-04-07 15:30:00+00:00,11:30,0.003949267324060202,up,0.0001221524871652946,0.0016390146920457482,0.0005489711766131222,0.0033076845575124025,0.006144178565591574,0.004060629289597273,0.00192905287258327,0.004720496945083141,0.004265553317964077,0.00401678029447794,0.005707021802663803,0.0050364090129733086,0.005677132401615381,0.006050789263099432,0.00507195433601737,0.005280798301100731,0.006015774328261614,0.005540628917515278,0.00552008580416441,0.004834925755858421,0.005269859451800585,0.003172525903210044,0.004568905103951693,0.007296018302440643,0.005402285605669022,0.003949267324060202
GEHC,8,2026-04-07 15:30:00+00:00,11:30,0.003928560297936201,up,-0.007157641928642988,-0.005504943896085024,-0.008844427764415741,-0.0071000331081449986,-0.008076346479356289,-0.008869430050253868,-0.013595406897366047,-0.01250255573540926,-0.013948587700724602,-0.015178611502051353,-0.012842423282563686,-0.009826049208641052,-0.007319409400224686,-0.003547495463863015,-0.003852251684293151,-0.00547152990475297,-0.002328554866835475,-0.0002211178798461333,-0.0015170109691098332,-0.0009142023627646267,-0.0021609787363559008,-0.0030716126784682274,-0.00228009931743145,0.0017197104170918465,-0.0011777953477576375,0.003928560297936201
IDXX,8,2026-04-07 15:30:00+00:00,11:30,0.003867693245410919,up,-0.0019255706574767828,-0.00076858646934852,-0.0020987396128475666,-0.0002306745300302282,-0.0011702345218509436,-0.0022299978882074356,-0.0044030481949448586,-0.004198700655251741,-0.006588656455278397,-0.005189756862819195,-0.0022679921239614487,-2.3804966986062936e-05,-0.0010317416163161397,-0.00048609357327222824,-0.0004951839800924063,-0.002010882832109928,0.0021746079437434673,0.0015559010207653046,0.0022936039604246616,0.0018180428305640817,0.0016348666977137327,0.00010729741188697517,-0.0006863395683467388,0.0025212205946445465,0.0012820146512240171,0.003867693245410919
CIEN,8,2026-04-07 15:30:00+00:00,11:30,0.003745227586477995,up,-0.01789415441453457,-0.024322811514139175,-0.02476882003247738,-0.0174456425011158,-0.019066091626882553,-0.024357033893465996,-0.022707460448145866,-0.021520884707570076,-0.01370114367455244,-0.012581417337059975,-0.009809539653360844,-0.008434990420937538,-0.007038446608930826,-0.006757080089300871,-0.008368492126464844,-0.010705532506108284,-0.012502034194767475,-0.015257815830409527,-0.022078443318605423,-0.022470779716968536,-0.020083872601389885,-0.022074151784181595,-0.018536485731601715,-0.011130920611321926,-0.012237693183124065,0.003745227586477995
ROST,8,2026-04-07 15:30:00+00:00,11:30,0.0036955790128558874,up,0.0016413467237725854,0.00289320619776845,-0.0017477686051279306,0.0028037461452186108,0.0021414838265627623,-0.00012884604802820832,-0.0015917780110612512,-0.0011770821874961257,-0.004119426477700472,-0.0019266081508249044,0.0004067928821314126,0.0004376322322059423,-0.0016302678268402815,-0.0023492900654673576,-0.0034688471350818872,-0.003913842141628265,-0.0009350118925794959,0.00014191193622536957,-0.0009184142691083252,-0.0014693673001602292,-0.0017033967887982726,-0.005812615621834993,-0.0024206845555454493,0.0006997245363891125,-0.0007833969430066645,0.0036955790128558874
ESS,8,2026-04-07 15:30:00+00:00,11:30,0.003666310803964734,up,-0.00015288658323697746,0.0034349565394222736,0.0039605735801160336,0.005874329712241888,0.00862231757491827,0.007932057604193687,0.0056211501359939575,0.005168457515537739,0.005471557844430208,0.0053869932889938354,0.007948203012347221,0.008618418127298355,0.007390796206891537,0.006879323162138462,0.007513434160500765,0.007544089574366808,0.007119888439774513,0.007724565453827381,0.005876647308468819,0.007035893388092518,0.005453137680888176,0.004032581578940153,0.0024811599869281054,0.004074709489941597,0.004313508048653603,0.003666310803964734
WTW,8,2026-04-07 15:30:00+00:00,11:30,0.003629204584285617,up,0.0027312764432281256,0.005815161857753992,0.006253800354897976,0.005901983007788658,0.006758981384336948,0.004364101216197014,0.0030612582340836525,0.00312591390684247,0.0032983606215566397,-0.0008752212161198258,0.0009998326422646642,0.0035990197211503983,0.002301177941262722,0.0011260207975283265,0.00039907998871058226,0.000488684163428843,0.00314166652970016,0.0021369578316807747,0.0022426238283514977,0.0032965238206088543,0.0021806638687849045,-0.0008076555677689612,-0.0024760975502431393,0.00033664508373476565,-0.0009236923069693148,0.003629204584285617
HII,8,2026-04-07 15:30:00+00:00,11:30,0.0034135484602302313,up,-0.001701731001958251,0.0034706536680459976,-0.0012984508648514748,0.003438612213358283,0.0028627130668610334,0.0008619634318165481,-0.00240843347273767,-0.000592364463955164,-0.0019893699791282415,-0.0016700131818652153,-0.0013206192525103688,0.001482740044593811,0.0010836889268830419,0.001463287859223783,0.00023707530635874718,0.0010464523220434785,0.002217644127085805,0.0018605994991958141,-0.0020695917773991823,-0.0013403519988059998,-0.004275180399417877,-0.0032490689773112535,-0.0009052020031958818,0.005321070086210966,0.003066590055823326,0.0034135484602302313
BAC,8,2026-04-07 15:30:00+00:00,11:30,0.003409902798011899,up,-0.006580448243767023,-0.005649322643876076,-0.006964606232941151,-0.005326822400093079,-0.005550746340304613,-0.006383353378623724,-0.005739092826843262,-0.003194245044142008,-0.003410087898373604,-0.0022668899036943913,-0.001284176716580987,-0.0011992508079856634,-0.0011056587100028992,-0.0005490332841873169,0.0014249212108552456,0.0006609443225897849,0.0017437178175896406,0.004669496789574623,0.002892272314056754,0.0016774542164057493,0.0032840645872056484,0.0017865055706351995,0.0020604294259101152,0.004486299119889736,0.0047145988792181015,0.003409902798011899
ECL,8,2026-04-07 15:30:00+00:00,11:30,0.003312217304483056,up,-0.00022774029639549553,-3.8415695598814636e-05,-0.0016214435454457998,-0.0003435674880165607,0.0003832528309430927,-0.0006888516363687813,-0.005133977625519037,-0.004355696029961109,-0.01036254595965147,-0.00797162763774395,-0.005567032378166914,-0.0017692848341539502,-0.0070697106420993805,-0.007460069842636585,-0.009898857213556767,-0.00960476789623499,-0.005883328150957823,-0.006596761755645275,-0.007562400307506323,-0.008362706750631332,-0.007501649670302868,-0.009577843360602856,-0.005849295761436224,0.00019258914107922465,-0.003937344532459974,0.003312217304483056
DVA,8,2026-04-07 15:30:00+00:00,11:30,0.003306692000478506,up,-0.002792583080008626,-0.0005410518497228622,-0.00019707097089849412,0.0010508008999750018,0.0022215209901332855,0.00018459362036082894,-0.0012150091351941228,-0.0020084993448108435,-0.002616318641230464,-0.0021558816079050303,-0.0004391633265186101,0.0004420421610120684,0.0002623796171974391,0.00022464404173661023,0.00015876920951995999,-0.0010247041936963797,0.0012897441629320383,0.0019829978700727224,0.00114321184810251,0.0013767858035862446,0.0007958656642585993,-0.0018880510469898582,-0.0019073495641350746,0.0013080394128337502,0.0015834940131753683,0.003306692000478506
AMGN,8,2026-04-07 15:30:00+00:00,11:30,0.0032882154919207096,up,-0.006897000130265951,-0.0032138852402567863,-0.0066461628302931786,-0.004850485827773809,-0.004771483596414328,-0.007140156347304583,-0.008748353458940983,-0.008747397921979427,-0.009781920351088047,-0.009830616414546967,-0.006605897098779678,-0.004945846740156412,-0.005242862273007631,-0.003971673548221588,-0.004033470991998911,-0.003384003648534417,-0.0017164410091936588,-0.002288027200847864,-0.003653688356280327,-0.0012866051401942968,-0.0005353002925403416,-0.003959632944315672,-0.004091272596269846,-0.001385320327244699,-0.003324720077216625,0.0032882154919207096
VLTO,8,2026-04-07 15:30:00+00:00,11:30,0.0032712342217564583,up,0.0006051922682672739,0.0012268179561942816,0.001333477208390832,0.0020139559637755156,0.0055163842625916,0.005175439175218344,0.004340002778917551,0.004353905562311411,0.004523294512182474,0.003660873742774129,0.004376584198325872,0.005066390614956617,0.0043006050400435925,0.0036536362022161484,0.004054252058267593,0.003997174557298422,0.00434353481978178,0.004594517406076193,0.0036981776356697083,0.004438669420778751,0.005119263660162687,0.0036073147784918547,0.002851275261491537,0.00475846603512764,0.0032221139408648014,0.0032712342217564583
RL,8,2026-04-07 15:30:00+00:00,11:30,0.0032045484986156225,up,-0.001751494244672358,-0.00048140285070985556,-0.0017252819379791617,0.002273866441100836,0.002433035522699356,0.003108622506260872,-0.0038942317478358746,-0.001955838408321142,-0.004529496189206839,-0.004973259754478931,-0.00250107585452497,-0.002788579324260354,-0.004388795234262943,-0.004616477992385626,-0.004042182117700577,-0.0054663000628352165,-0.0021062917076051235,-0.0034711849875748158,-0.005439220927655697,-0.005708826240152121,-0.0012005273019894958,-0.0029635862447321415,-0.0014940246473997831,0.0007244182634167373,-0.0002458151720929891,0.0032045484986156225
EPAM,8,2026-04-07 15:30:00+00:00,11:30,0.003112044185400009,up,-0.0002855538623407483,0.0045454553328454494,0.0018117687432095408,0.0029433597810566425,-0.002212258754298091,-0.0014773182338103652,-0.006196022965013981,-0.006513452623039484,-0.0056072259321808815,-0.005641840398311615,-0.0015722035896033049,-0.0021830520126968622,-0.0014154138043522835,-0.0015673936577513814,0.000690731278154999,0.000995065551251173,0.0020605958998203278,0.000894205120857805,-0.00016002418124116957,0.0004441007331479341,0.00048136513214558363,-0.00413663312792778,-0.002744529861956835,0.0015412966022267938,-0.0013274772791191936,0.003112044185400009
WST,8,2026-04-07 15:30:00+00:00,11:30,0.0030982084572315216,up,0.001286552520468831,0.0002664091589394957,0.0017755506560206413,0.002059273887425661,0.00404304638504982,0.003294463735073805,-0.0007755300612188876,0.0012237800983712077,0.0006236328044906259,0.002057782607153058,0.004685364663600922,0.006722699385136366,0.006662033498287201,0.006832782179117203,0.006580179091542959,0.007111669518053532,0.007369641214609146,0.006655800621956587,0.004134412854909897,0.005298104602843523,0.005107054486870766,0.003400802845135331,0.003594808978959918,0.004734915681183338,0.00232414691708982,0.0030982084572315216
CSX,8,2026-04-07 15:30:00+00:00,11:30,0.003068350488319993,up,-0.001044035074301064,0.001714550657197833,0.0005529565969482064,0.0015879549318924546,0.004031651187688112,0.0034041262697428465,0.0019054783042520285,0.0013715897221118212,0.0010793559486046433,-0.0011923454003408551,0.0010164054110646248,-0.001564193400554359,-0.001078623696230352,-0.0023722124751657248,0.002519482048228383,0.002330803545191884,2.5463090423727408e-05,0.0004521785012912005,0.001726540387608111,0.0025443241465836763,0.0017094183713197708,0.0028982830699533224,0.0009010088397189975,0.003919366747140884,0.0048981402069330215,0.003068350488319993
DE,8,2026-04-07 15:30:00+00:00,11:30,0.0030629835091531277,up,-0.0024190403055399656,-0.0014568810584023595,-0.002712133340537548,0.0002505378797650337,0.0008388137212023139,0.0007783149485476315,-0.0012519530719146132,-0.0010283223818987608,-0.0024073864333331585,-0.0028881418984383345,-0.00021440599812194705,0.0012687159469351172,0.0010775341652333736,0.0009641445358283818,0.0024062180891633034,0.0014386061811819673,0.0026380408089607954,0.0032219025306403637,0.002112969756126404,0.0023357265163213015,0.0023473554756492376,4.878229083260521e-05,8.47823903313838e-05,0.0036719769705086946,0.0013035088777542114,0.0030629835091531277
ARE,8,2026-04-07 15:30:00+00:00,11:30,0.0028602718375623226,up,0.0004996308125555515,0.005366361699998379,0.0003572863060981035,5.839647201355547e-05,-0.0010062017245218158,0.0006337992381304502,-0.00278447475284338,-0.005081478506326675,0.0013271018397063017,0.00027683438383974135,0.0018891332438215613,0.0014221755554899573,-0.0005351532017812133,0.0006862855516374111,0.0007226243033073843,0.0005900567048229277,0.001830154680646956,0.0018533141119405627,0.0011640862794592977,0.001201693550683558,0.003388928947970271,0.003778988029807806,0.0032776931766420603,0.00620970968157053,0.003170071402564645,0.0028602718375623226
FOX,8,2026-04-07 15:30:00+00:00,11:30,0.002828939352184534,up,-0.0045923227444291115,-0.0017138307448476553,-0.0003826544270850718,0.002966542262583971,0.00018497009295970201,-0.001263348269276321,-0.004221688490360975,-0.005514033138751984,-0.0029297040309756994,-0.003729102201759815,-0.0020851711742579937,-0.00020222766033839434,0.0003121886111330241,0.0013255098601803184,0.0016662037232890725,0.0004985560080967844,0.0033770520240068436,0.002543192822486162,0.0011443209368735552,0.0017633720999583602,0.0002999494317919016,-0.0016289778286591172,-0.001946843694895506,0.004054050426930189,0.0022356268018484116,0.002828939352184534
MCHP,8,2026-04-07 15:30:00+00:00,11:30,0.0028234170749783516,up,-0.011229459196329117,-0.0066277580335736275,-0.00963260605931282,-0.007878531701862812,-0.007557774428278208,-0.006807428319007158,-0.010187944397330284,-0.00944589264690876,-0.01066494733095169,-0.010765398852527142,-0.0073983874171972275,-0.005587066989392042,-0.005393996834754944,-0.0030400524847209454,-0.0032328874804079533,-0.003308131592348218,-0.0016953928861767054,-0.002624019281938672,-0.0049372571520507336,-0.004507117904722691,-0.004225533455610275,-0.004182185046374798,-0.004772077314555645,0.0006640429492108524,0.0005789389833807945,0.0028234170749783516
VMC,8,2026-04-07 15:30:00+00:00,11:30,0.0027649477124214172,up,-0.002783761825412512,-0.003901134245097637,-0.005000034812837839,-0.0027302950620651245,-0.004441393539309502,-0.008315475657582283,-0.013913660310208797,-0.010763276368379593,-0.01138338167220354,-0.011778385378420353,-0.00739845959469676,-0.005356807727366686,-0.004751833155751228,-0.005901757162064314,-0.009535272605717182,-0.008114113472402096,-0.005545490421354771,-0.004935314878821373,-0.0051671951077878475,-0.007868560962378979,-0.008183656260371208,-0.011871926486492157,-0.008960057981312275,-0.006007910240441561,-0.004547792486846447,0.0027649477124214172
BLK,8,2026-04-07 15:30:00+00:00,11:30,0.0027463033329695463,up,-0.0059918565675616264,-0.004140427801758051,-0.005373388063162565,-0.0022172739263623953,-0.0013504264643415809,-0.003210847033187747,-0.004398092161864042,-0.003298035589978099,-0.0057786600664258,-0.0032005023676902056,6.647993723163381e-05,0.00025778193958103657,0.0014655974227935076,0.0019693986978381872,0.00166618381626904,0.00047833294956944883,0.0026408126577734947,0.0033441055566072464,0.00227019633166492,0.0016918228939175606,0.000965320854447782,-0.0006682067178189754,-0.0015114708803594112,0.0013337514828890562,-0.00021108919463586062,0.0027463033329695463
NUE,8,2026-04-07 15:30:00+00:00,11:30,0.002686088904738426,up,-0.005724727176129818,-0.003306958358734846,-0.005967122036963701,-0.0019521061331033707,-0.003386338707059622,-0.005607582163065672,-0.0069991531781852245,-0.005575819406658411,-0.0068069943226873875,-0.004923188127577305,0.001431065029464662,0.00168065563775599,0.0029815551824867725,0.0017877103528007865,0.002122269943356514,-0.0008275138679891825,0.0010189260356128216,0.0036042279098182917,0.00024540399317629635,0.0015721730887889862,-0.0006701770471408963,-0.0024078330025076866,-0.003962821327149868,0.0014320071786642075,-0.0005920517141930759,0.002686088904738426
WAB,8,2026-04-07 15:30:00+00:00,11:30,0.0026798266917467117,up,-0.001860824995674193,0.00011404539691284299,0.00011031918256776407,0.001749653834849596,0.002095038304105401,0.000858329061884433,-0.0007931686704978347,0.00011694506247295067,-0.00022579426877200603,0.0008074516663327813,0.002538517117500305,0.004211219493299723,0.0035390949342399836,0.004376356955617666,0.004573441110551357,0.003755583195015788,0.004155632574111223,0.005428695119917393,0.003994444385170937,0.0032084558624774218,0.0021990491077303886,0.0006472753011621535,0.0007671548519283533,0.00392955495044589,0.0010977134807035327,0.0026798266917467117
HCA,8,2026-04-07 15:30:00+00:00,11:30,0.002678214106708765,up,-0.002987404353916645,-0.00045474281068891287,0.0001622280979063362,0.0018044895259663463,0.0028702171985059977,0.0027714581228792667,0.00045190536184236407,-0.0007222937420010567,-0.0010269171325489879,-0.00026589425397105515,0.002017125254496932,0.003051278181374073,0.002874744823202491,0.001629709848202765,0.0014326288364827633,0.002476712455973029,0.003751780604943633,0.0035924105904996395,0.0027759477961808443,0.0033152010291814804,0.0025575030595064163,0.0004437380994204432,-0.0015073544345796108,0.000680246448609978,8.865498239174485e-05,0.002678214106708765
ACN,8,2026-04-07 15:30:00+00:00,11:30,0.002594609512016177,up,-0.0026723952032625675,-0.000279655447229743,-0.0031463929917663336,-0.0006352064083330333,-0.005024437326937914,-0.0050804405473172665,-0.004959587473422289,-0.003111424157395959,-0.0016433565178886056,-0.0019350005313754082,-0.0017708165105432272,-0.0014899508096277714,-0.0005239509046077728,-0.0012911927187815309,-0.002219126559793949,-0.002498883055523038,0.0009874412789940834,-0.0015518427826464176,-0.0009888301137834787,-0.0026242132298648357,-0.002658798824995756,-0.003907132428139448,-0.0022243931889533997,-0.0016118033090606332,-0.0004939180216751993,0.002594609512016177
COP,8,2026-04-07 15:30:00+00:00,11:30,0.00257175718434155,up,-0.004388072527945042,0.002512044506147504,0.0004699871933553368,0.0016226997831836343,0.002101094927638769,0.003430444747209549,0.0025674544740468264,-0.00023333642457146198,-0.0023056864738464355,-0.0039538792334496975,-0.0016015025321394205,-0.00259401835501194,-0.0030657900497317314,-0.002744673052802682,-0.0012309743324294686,0.00013685996236745268,-0.002530247438699007,0.0008780383504927158,0.002549289958551526,0.0018810462206602097,-0.0001906613470055163,-0.000986040337011218,-0.002145538106560707,0.0015663979575037956,0.0011583927553147078,0.00257175718434155
LOW,8,2026-04-07 15:30:00+00:00,11:30,0.002561374334618449,up,0.0025156489573419094,0.004260639660060406,0.0012441560393199325,0.0014565188903361559,-0.0002801686932798475,-0.0029424671083688736,-0.005610560066998005,-0.004811766557395458,-0.00504150427877903,-0.0023402897641062737,-0.002060048282146454,0.000237688233028166,-0.0006633625598624349,-0.0014725270448252559,-0.00169752340298146,-0.002643115120008588,0.00035876978654414415,0.00042476787348277867,-0.00027227989630773664,0.00013234946527518332,-5.200043597142212e-05,-0.0018962423782795668,-0.0017865585396066308,0.0005065227160230279,-0.0007762903114780784,0.002561374334618449
HAS,8,2026-04-07 15:30:00+00:00,11:30,0.002540592337027192,up,0.0007596527575515211,0.004195926245301962,0.0005001429817639291,0.002174230059608817,0.0006645201938226819,-0.0007527126581408083,-0.005948943551629782,-0.004016966558992863,-0.0049920035526156425,-0.0040178303606808186,-0.003956326749175787,-0.0007497176411561668,-0.0018959252629429102,0.0009791584452614188,0.00017164296878036112,-0.00026148042525164783,0.0030520264990627766,0.002474909881129861,0.0008466209401376545,0.002186792204156518,0.0019737964030355215,1.6684043657733127e-06,-0.0007752952515147626,0.0027219338808208704,-0.0007995000923983753,0.002540592337027192
XOM,8,2026-04-07 15:30:00+00:00,11:30,0.00248706410638988,up,0.004357590340077877,0.007277614437043667,0.007710431236773729,0.009024322032928467,0.011318019591271877,0.009882855229079723,0.008981813676655293,0.00855938158929348,0.005345151759684086,0.002683894941583276,0.004142434801906347,0.0020158933475613594,-0.004363108426332474,-0.0027075479738414288,-0.0002871404867619276,-0.0017087103333324194,-0.005924817640334368,-0.005164744332432747,-0.003450934775173664,-0.0032738230656832457,-0.003270801156759262,-0.0030222926288843155,0.0004441406636033207,0.0035863504745066166,0.003947142511606216,0.00248706410638988
RMD,8,2026-04-07 15:30:00+00:00,11:30,0.002484547672793269,up,0.0003888558712787926,0.0023798386100679636,0.0006018046988174319,0.0031300431583076715,0.001347575569525361,-0.002403448335826397,-0.004001492168754339,-0.002227101009339094,-0.003441855078563094,-0.002201342722401023,-0.0018103423062711954,-0.002150057116523385,-0.003068032208830118,-0.0007477488834410906,-0.0015314002521336079,-0.0019405329367145896,0.0027812342159450054,0.0014552276115864515,0.0018255951581522822,0.0017155922250822186,0.0024403980933129787,-6.7462409788277e-05,0.0008398898644372821,0.003226768458262086,0.00225896667689085,0.002484547672793269
OTIS,8,2026-04-07 15:30:00+00:00,11:30,0.0024246880784630775,up,0.0012129780370742083,0.0021483313757926226,0.0015123048797249794,0.004283667076379061,0.006977415177971125,0.005410277284681797,0.004018321633338928,0.004647342953830957,0.0051736184395849705,0.0040545156225562096,0.005008080042898655,0.004947536624968052,0.005242158193141222,0.0047860960476100445,0.0048779151402413845,0.004126143641769886,0.00493210181593895,0.004160903859883547,0.004852974787354469,0.004349878057837486,0.004898128565400839,0.0021526783239096403,0.002973000518977642,0.004382327198982239,0.002063792198896408,0.0024246880784630775
PSA,8,2026-04-07 15:30:00+00:00,11:30,0.0023723302874714136,up,0.002633311552926898,0.004821792710572481,0.005420208442956209,0.005801120772957802,0.008609719574451447,0.008443616330623627,0.006855241023004055,0.006994599010795355,0.00730649521574378,0.003820846090093255,0.006451165769249201,0.007603652775287628,0.008919071406126022,0.007336254231631756,0.0063940067775547504,0.0036726719699800014,0.006568545009940863,0.004251652397215366,0.00425904942676425,0.004534242674708366,0.00379888154566288,0.0024314660113304853,-0.0005949396290816367,0.0023666417691856623,0.0011085480218753219,0.0023723302874714136
TFC,8,2026-04-07 15:30:00+00:00,11:30,0.0023555706720799208,up,-0.004270459525287151,-0.0017259930027648807,-0.0021623449865728617,0.00021618345635943115,0.0011000885860994458,0.0006906636990606785,0.0009692262392491102,-0.0002465670695528388,-6.37173798168078e-08,-0.001148287090472877,0.0007325088372454047,2.6348785468144342e-05,-0.0017005326226353645,-0.00019394568516872823,0.0008588078198954463,0.00018258301133755594,0.00022152831661514938,0.0001221174607053399,0.00011878037912538275,0.000964899139944464,0.0008639273582957685,-0.0008236764115281403,-0.0009127156808972359,0.00287139555439353,0.0023686843924224377,0.0023555706720799208
REGN,8,2026-04-07 15:30:00+00:00,11:30,0.002280010376125574,up,-0.006072677671909332,-0.0037877464201301336,-0.005837163422256708,-0.0015528900548815727,0.0004149347369093448,-0.0016985301626846194,-0.0035992141347378492,-0.004650113172829151,-0.007733885198831558,-0.00585884228348732,-0.002387943910434842,-0.0010326399933546782,-0.0010755331022664905,-0.002598152030259371,-0.0009955583373084664,-0.00204981816932559,0.0005502125131897628,0.0018258023774251342,0.0009523670305497944,-0.000601240259129554,-0.0011646925704553723,-0.004100258462131023,-0.004712096881121397,-0.0027614044956862926,-0.0025427043437957764,0.002280010376125574
MAR,8,2026-04-07 15:30:00+00:00,11:30,0.0022329899948090315,up,-0.0003695629711728543,0.0009882769081741571,-0.0020393826998770237,0.00021118932636454701,0.00025119699421338737,-0.0023691910319030285,-0.005655496381223202,-0.003805559827014804,-0.005696721374988556,-0.00610353983938694,-0.0023220640141516924,-0.003506820183247328,-0.005520637147128582,-0.003920036368072033,-0.00468936562538147,-0.006765286438167095,-0.003384130075573921,-0.0021559693850576878,-0.0038146188016980886,-0.0017552170902490616,-9.214983037963975e-06,-0.003141711000353098,-0.0023750963155180216,-0.0002773914602585137,-0.003482561092823744,0.0022329899948090315
HWM,8,2026-04-07 15:30:00+00:00,11:30,0.002193417865782976,up,0.0005941904964856803,0.0029623964801430702,-0.0009035442490130663,0.0023901304230093956,0.00173743418417871,-0.0005250233807601035,-0.0010619184467941523,-2.2451462427852675e-05,-0.00202835607342422,-0.00035174598451703787,0.0007009362452663481,0.0028091506101191044,0.0015668397536501288,0.00025646144058555365,0.0006179158226586878,-0.00025874748826026917,0.0019750064238905907,0.0015070902882143855,0.0016186163993552327,0.003149666590616107,0.0011915034847334027,-0.001315456465817988,-0.0001588451850693673,0.0028122905641794205,0.00040498332236893475,0.002193417865782976
MCD,8,2026-04-07 15:30:00+00:00,11:30,0.002136143622919917,up,0.000958322430960834,0.004925902001559734,0.003722919849678874,0.0034884850028902292,0.002108595333993435,-0.00013100304931867868,-0.0009972522966563702,-0.0009138825116679072,-0.0018421582644805312,-0.004046733491122723,-0.0012039282592013478,-0.0005458829691633582,-0.0014449476730078459,-0.0014045059215277433,-0.00408454705029726,-0.003351145423948765,-0.0004012306744698435,-0.001441693864762783,-0.0015164741780608892,-0.0006061446038074791,-0.0007625363650731742,-0.0031087102834135294,-0.005037826951593161,-0.004259772133082151,-0.0037775367964059114,0.002136143622919917
CDNS,8,2026-04-07 15:30:00+00:00,11:30,0.002126801060512662,up,0.004518240690231323,0.0033431819174438715,-0.0002434577327221632,0.002621938707306981,-0.003675035899505019,-0.006170705892145634,-0.010762553662061691,-0.005936301779001951,-0.0055409749038517475,-0.00710312370210886,-0.0038448991253972054,4.1840790800051764e-05,0.0021067429333925247,-0.00018431666831020266,-0.002062665531411767,-0.0017367694526910782,0.0036499996203929186,0.0040001883171498775,0.0068280696868896484,0.003484903834760189,0.0017631661612540483,-0.0024812789633870125,-0.001504035433754325,0.0011892211623489857,-0.0009702563402242959,0.002126801060512662
GEV,8,2026-04-07 15:30:00+00:00,11:30,0.0021215039305388927,up,-0.007357112597674131,-0.006122602615505457,-0.008914233185350895,-0.00471544312313199,-0.0041511282324790955,-0.004931785631924868,-0.0068718246184289455,-0.004141959361732006,-0.00705482205376029,-0.0029836976900696754,-0.001853872206993401,-0.002908236114308238,-0.004788542166352272,-0.0036894138902425766,-0.003895607078447938,-0.005316199269145727,-0.0034612705931067467,-0.0041238232515752316,-0.0026055173948407173,-0.003721131244674325,-0.005359544884413481,-0.007895366288721561,-0.006175690330564976,-0.002513607731088996,-0.004725760314613581,0.0021215039305388927
PEG,8,2026-04-07 15:30:00+00:00,11:30,0.0020672944374382496,up,0.00231220293790102,0.003612932050600648,0.0032292718533426523,0.004355925135314465,0.006563700269907713,0.003868725849315524,0.003131312783807516,0.0031760905403643847,0.004325758200138807,0.002662905491888523,0.003918840549886227,0.004960617516189814,0.004565573763102293,0.004629319068044424,0.004768688697367907,0.003978350665420294,0.004806634970009327,0.00442497618496418,0.0040553719736635685,0.004424274433404207,0.005599805153906345,0.003188211703673005,0.0032808841206133366,0.004675499629229307,0.0024437042884528637,0.0020672944374382496
IBM,8,2026-04-07 15:30:00+00:00,11:30,0.0020356993190944195,up,-0.0024874480441212654,-0.0006725388811901212,-0.0030447912868112326,-0.002240976318717003,-0.003448077477514744,-0.004907206166535616,-0.005346422549337149,-0.00451953848823905,-0.004187881480902433,-0.003126510651782155,-0.0018814769573509693,-0.0004882937064394355,-0.0014803113881498575,-0.0021740258671343327,-0.0013630531029775739,-0.0013181951362639666,0.0006093187839724123,0.00043464789632707834,-0.00037880538729950786,8.351343421963975e-05,-0.0011743152281269431,-0.0001459249178878963,-0.0013151169987395406,0.002007142174988985,-9.590088302502409e-05,0.0020356993190944195
AIZ,8,2026-04-07 15:30:00+00:00,11:30,0.00199124775826931,up,0.0008686055662110448,0.004683933220803738,0.0013088975101709366,0.004370416048914194,0.004085162188857794,0.0028367929626256227,-3.967641532653943e-06,0.0006456610281020403,0.0014260385651141405,-1.0683123036869802e-05,0.0020448321010917425,0.002421267796307802,0.002841847948729992,0.002745910082012415,0.0026592735666781664,0.001985501265153289,0.004314745776355267,0.0035309093073010445,0.0031243874691426754,0.0018650058191269636,0.0021430812776088715,0.0005659619346261024,-0.0016769046196714044,0.002164235571399331,-0.0003711241006385535,0.00199124775826931
FFIV,8,2026-04-07 15:30:00+00:00,11:30,0.0019583033863455057,up,0.0024017710238695145,0.0018229149281978607,0.0016887246165424585,0.003363479394465685,0.0025119571946561337,0.001394441002048552,-0.0006070468807592988,0.0012915461556985974,0.00039163531619124115,-0.0007973074680194259,0.0018402555724605918,0.002051192568615079,0.0012820962583646178,0.002555188490077853,0.001621702453121543,0.0003645055403467268,0.0023257993161678314,0.0018018919508904219,0.0021380260586738586,0.0008026682771742344,-0.00021695680334232748,-0.002770463703200221,-0.003224482061341405,0.001817458076402545,-0.0002524264855310321,0.0019583033863455057
WRB,8,2026-04-07 15:30:00+00:00,11:30,0.0019217877415940166,up,-0.002743830205872655,0.0004402043705340475,-0.0009912215173244476,4.751225787913427e-06,0.0018571403343230486,0.0005579301505349576,-0.0008518927497789264,-0.0008832048042677343,0.0005229839589446783,-0.0017499089008197188,-0.00015708823048043996,0.00030098456772975624,-0.000317554862704128,0.0006680794758722186,0.0013052457943558693,0.0009012141381390393,0.0028157252818346024,0.0022455344442278147,0.002601486863568425,0.0036324607208371162,0.003436253871768713,0.002091134898364544,0.001295635593123734,0.004298265557736158,0.002389890141785145,0.0019217877415940166
STX,8,2026-04-07 15:30:00+00:00,11:30,0.0018579538445919752,up,-0.010161617770791054,-0.011436405591666698,-0.015567691996693611,-0.005680963862687349,-0.014809039421379566,-0.018034279346466064,-0.019224535673856735,-0.007204972207546234,-0.008089655078947544,-0.003704044735059142,-0.0016817183932289481,-0.001163284876383841,-0.0009676112094894052,0.002044159220531583,-0.0013005256187170744,-0.00195819279178977,-0.003295034635812044,-0.005143140442669392,-0.008388214744627476,-0.010037429630756378,-0.010984460823237896,-0.016291646286845207,-0.019169701263308525,-0.00879544299095869,-0.007655920460820198,0.0018579538445919752
EXPD,8,2026-04-07 15:30:00+00:00,11:30,0.00181186746340245,up,-0.003338998183608055,-0.0012651552679017186,-0.0010769929504022002,0.0009599329787306488,0.0020271791145205498,0.00012604738003574312,-0.0025269794277846813,-0.0012430378701537848,-0.0004069882561452687,-0.0014055821811780334,0.0008411398157477379,0.0016051407437771559,0.0010778270661830902,0.0010069983545690775,0.0012732719769701362,0.0005303791258484125,0.0024265365209430456,0.0025028905365616083,0.0016059550689533353,0.0012515179114416242,0.00011935173097299412,-0.0015524168265983462,-0.0016558561474084854,0.0011023767292499542,0.0013797823339700699,0.00181186746340245
DOV,8,2026-04-07 15:30:00+00:00,11:30,0.0017789838602766395,up,-0.003328131977468729,-0.001154162222519517,-0.0015347047010436654,-0.0005563946906477213,0.001669582212343812,0.0005565608153119683,-0.0022789225913584232,-0.0014241024618968368,-0.0025018213782459497,-0.0022006924264132977,-0.0013613742776215076,-0.0007288976339623332,-0.0014299465110525489,-0.0015501672169193625,4.336237907409668e-06,-0.00037741303094662726,0.002567463554441929,0.0023871678858995438,0.00045371640590019524,0.0017891133902594447,0.0008272678824141622,0.0006303584668785334,-5.085087104816921e-05,0.00211859168484807,-0.00014421595551539212,0.0017789838602766395
DELL,8,2026-04-07 15:30:00+00:00,11:30,0.0017238957807421684,up,-0.008151105605065823,-0.010208957828581333,-0.016906417906284332,-0.0146586112678051,-0.013282637111842632,-0.015583811327815056,-0.018894001841545105,-0.014842077158391476,-0.012928737327456474,-0.00935878325253725,-0.006395850796252489,-0.005196130834519863,-0.00373912719078362,-0.006136815994977951,-0.0061185117810964584,-0.007278728764504194,-0.001959925051778555,-0.0007849782705307007,-0.004044131841510534,-0.006048271432518959,-0.007814829237759113,-0.009405205957591534,-0.008955995552241802,-0.0014233249239623547,-0.003357184585183859,0.0017238957807421684
ULTA,8,2026-04-07 15:30:00+00:00,11:30,0.0016645772848278284,up,-0.0024038157425820827,-0.0002041375555563718,-0.002318906132131815,0.0005797401536256075,0.00045453428174369037,-0.0006189357955008745,-0.002366839675232768,-0.0019894810393452644,-0.005703159607946873,-0.00434572109952569,-0.0026499328669160604,-0.0006883022142574191,-0.0024027565959841013,-0.0023573797661811113,-0.0018304948462173343,-0.0035281337331980467,-0.0030060370918363333,-0.001958654262125492,-0.002848374657332897,-0.002807201584801078,-0.0030688256956636906,-0.005525378510355949,-0.006035099737346172,-0.0032668907660990953,-0.0028777674306184053,0.0016645772848278284
CRM,8,2026-04-07 15:30:00+00:00,11:30,0.0016351757803931832,up,0.0009428251651115716,-0.0006588355754502118,-0.0023517755325883627,0.00039639303577132523,-0.001344523043371737,-0.001511976821348071,-0.0026466860435903072,-0.0010797285940498114,-0.0039106993936002254,-0.005986616015434265,-0.0019289670744910836,0.0018165463116019964,0.0021680365316569805,0.001271701417863369,5.691619298886508e-05,-0.0009428085759282112,0.0033688019029796124,0.0029012225568294525,0.002298868726938963,0.0002582625311333686,0.0007374639390036464,-0.00216239714063704,-0.0007608114974573255,0.0036702428478747606,0.001636907341890037,0.0016351757803931832
MTB,8,2026-04-07 15:30:00+00:00,11:30,0.0016240677796304226,up,-0.002598054939880967,-0.00010306758485967293,0.0004171898472122848,0.002550484612584114,0.0033382184337824583,0.0014307288220152259,0.00021710264263674617,-0.00011011514288838953,-0.0009573206189088523,0.0005977792898193002,0.0015890573849901557,0.0011558547848835588,0.0015619578771293163,0.001556068193167448,0.0005632131360471249,0.0008953026263043284,0.003498666686937213,0.0025039087049663067,0.0020476060453802347,0.0020769478287547827,0.0016444617649540305,-0.0006794536602683365,-0.00035210649366490543,0.0029019846115261316,0.0023122443817555904,0.0016240677796304226
GCUSD,8,2026-04-07 15:30:00+00:00,11:30,0.0016018333844840527,up,-0.00528509309515357,-0.003767488058656454,-0.0069933184422552586,-0.0021009615156799555,-0.000724340439774096,-0.004458398558199406,-0.003406883915886283,-0.003852908033877611,-0.005857896525412798,-0.003960299771279097,-0.0014904934214428067,-0.0010142751270905137,-0.001551749766804278,-0.0016262225108221173,-0.0015012335497885942,-0.003034197259694338,-0.0012873975792899728,-0.0006165563827380538,-0.0010015156585723162,-0.0014875618508085608,-0.002703750040382147,-0.005283513106405735,-0.005631669890135527,-0.002355373464524746,-0.003705069189891219,0.0016018333844840527
NKE,8,2026-04-07 15:30:00+00:00,11:30,0.00156316882930696,up,-0.007153409067541361,-0.0007959547219797969,-0.004025805275887251,-0.0011516748927533627,-0.0024168635718524456,-0.001328629907220602,-0.00638987822458148,-0.005005947779864073,-0.0037314794026315212,-0.007605743128806353,-0.005115095991641283,-0.006563341245055199,-0.005774156656116247,-0.0028121760115027428,-0.0031090339180082083,-0.00408918084576726,-0.004824528004974127,-0.00031806554761715233,-0.002268583280965686,-0.005714703816920519,-0.0021244303788989782,-0.0045586214400827885,-0.002574833342805505,0.003910406958311796,0.0019892468117177486,0.00156316882930696
TEL,8,2026-04-07 15:30:00+00:00,11:30,0.0015288199065253139,up,-0.0034386413171887398,-0.0018138623563572764,-0.003637951333075762,4.693799201049842e-05,-0.0008340180502273142,-0.002057468518614769,-0.004863901063799858,-0.002292645163834095,-0.00201773620210588,-0.004084246698766947,-0.001481921412050724,-0.0029087411239743233,-0.002484898781403899,-0.0010546534322202206,-0.00031974836019799113,0.00024661619681864977,0.00010140833910554647,-0.0002448121376801282,-0.001285894075408578,-0.0020078516099601984,-0.0006061288295313716,-0.0023263643961399794,-0.002715312410145998,0.002360590733587742,0.0020335312001407146,0.0015288199065253139
COR,8,2026-04-07 15:30:00+00:00,11:30,0.0015021765138953924,up,-0.006328846327960491,-0.0034934058785438538,-0.001900836592540145,0.0006830042693763971,0.0027421594131737947,0.0003674676117952913,-0.0011792222503572702,-0.0016337016131728888,-0.00306216930039227,-0.001225693617016077,0.0003247434215154499,0.00013153906911611557,-0.0004595437494572252,0.0002507359313312918,-0.0008081809501163661,-0.0009579526376910508,-2.7692662115441635e-05,0.000431667867815122,-0.0002653624687809497,0.00025620494852773845,0.0013556156773120165,-0.0013557722559198737,-0.0018529195804148912,0.0008199079893529415,-0.00039762412779964507,0.0015021765138953924
AME,8,2026-04-07 15:30:00+00:00,11:30,0.001498449477367103,up,-0.0019913436844944954,-0.0004020206106361002,-0.0010330938966944814,0.0006293283659033477,0.0011284940410405397,-0.0012406761525198817,-0.0024361598771065474,-0.00163201242685318,-0.0028370365034788847,-0.001745990477502346,-0.0005588086787611246,-0.0007844350766390562,-0.0004430361441336572,0.0004157501389272511,-0.0002898531383834779,-0.00035727102658711374,0.002615006174892187,0.0011922592530027032,0.0001854597794590518,0.00023711330140940845,-0.00042271590791642666,-0.0019396780990064144,-0.0024473601952195168,0.00043542575440369546,-0.0009888745844364166,0.001498449477367103
NEM,8,2026-04-07 15:30:00+00:00,11:30,0.0014635880943387747,up,-0.006383421365171671,-0.0059278286062181,-0.0066109816543757915,-0.002498682588338852,-0.004357461351901293,-0.003412869991734624,-0.006491434760391712,-0.0034358834382146597,-0.007163120433688164,-0.00248755794018507,0.00020432649762369692,8.660635648993775e-05,0.0004293418605811894,1.7683674741419964e-05,0.00024978056899271905,-0.0009967326186597347,0.0014525428414344788,0.002139841206371784,-0.0005451170145533979,-0.004407474305480719,-0.005054389592260122,-0.0044988906010985374,-0.002748866332694888,-0.001583452452905476,-0.005229196511209011,0.0014635880943387747
SWK,8,2026-04-07 15:30:00+00:00,11:30,0.0014571502106264234,up,0.003276032628491521,0.011086396872997284,0.0070667266845703125,0.008525070734322071,0.0013246664311736822,-5.395419429987669e-05,-0.006284733302891254,-0.005765714682638645,-0.007150100078433752,-0.00925292819738388,-0.009454998187720776,-0.0050998167134821415,0.0009480449371039867,-0.00010750449291663244,-0.0035890815779566765,-0.004131627734750509,-0.0006690077134408057,-0.000762856681831181,-0.0009435700485482812,-0.003435400314629078,-0.0027000324334949255,-0.004092252813279629,-0.003979761619120836,1.372395308862906e-05,-0.0027778944931924343,0.0014571502106264234
LRCX,8,2026-04-07 15:30:00+00:00,11:30,0.0014547602040693164,up,-0.013088504783809185,-0.01694226637482643,-0.019435418769717216,-0.018792767077684402,-0.022981468588113785,-0.022509271278977394,-0.023369386792182922,-0.021351337432861328,-0.020974675193428993,-0.014203562401235104,-0.009433980099856853,-0.00682123051956296,-0.008028868585824966,-0.008583410643041134,-0.010742537677288055,-0.013896580785512924,-0.012665905989706516,-0.012900548987090588,-0.013211078010499477,-0.012909408658742905,-0.015208215452730656,-0.017644735053181648,-0.022498492151498795,-0.012544762343168259,-0.013100077398121357,0.0014547602040693164
XYZ,8,2026-04-07 15:30:00+00:00,11:30,0.0014247891958802938,up,-0.008605754002928734,-0.007188465911895037,-0.012704979628324509,-0.009462840855121613,-0.011800836771726608,-0.01173042319715023,-0.014930175617337227,-0.008592003025114536,-0.009759587235748768,-0.011244473978877068,-0.007111457642167807,-0.005714925471693277,-0.005099284462630749,-0.0014725236687809229,-0.001169815193861723,-0.004245196469128132,-9.514334669802338e-05,-0.0013696670066565275,-0.002971129957586527,-0.004855323117226362,-0.003371359081938863,-0.008603130467236042,-0.008480426855385303,1.105080264096614e-05,-0.0013629961758852005,0.0014247891958802938
NDSN,8,2026-04-07 15:30:00+00:00,11:30,0.0014190406072884798,up,8.186133345589042e-05,0.00226936349645257,0.0044841761700809,0.0054864101111888885,0.007115402724593878,0.0052242460660636425,0.002940076868981123,0.0026952519547194242,0.0018367742886766791,0.002434610389173031,0.002805003896355629,0.0042465319857001305,0.002978856209665537,0.0028099084738641977,0.0023907104041427374,0.0012989356182515621,0.004216270986944437,0.003476866986602545,0.0031901998445391655,0.0018938480643555522,0.0015665593091398478,-0.0008109382470138371,-0.0018959961598739028,0.002092447830364108,0.000852071912959218,0.0014190406072884798
HON,8,2026-04-07 15:30:00+00:00,11:30,0.0013445524964481592,up,-0.0022548495326191187,0.0015927491476759315,0.0007264673477038741,-0.0005188590148463845,-0.00020496879005804658,-0.002249409444630146,-0.003919331356883049,-0.004800862167030573,-0.005606875754892826,-0.003783336142078042,-0.0017580349231138825,-0.0018092426471412182,-0.003955933731049299,-0.004350819159299135,-0.003972059581428766,-0.002844209084287286,-0.002492537023499608,-0.0025808888021856546,-0.0019980494398623705,-0.0005429763696156442,-0.001047136727720499,-0.0020285684149712324,-0.0018467643531039357,0.0008539175614714622,-0.00046893220860511065,0.0013445524964481592
GL,8,2026-04-07 15:30:00+00:00,11:30,0.001192176598124206,up,-0.003621366573497653,0.00018652631842996925,-0.00039852416375651956,0.0027100543957203627,0.0031584170646965504,0.001402161899022758,-0.001075786305591464,-0.00012122434418415651,0.0011717956513166428,-0.00018692197045311332,0.0021211309358477592,0.0027103049214929342,0.0022310763597488403,0.0016063987277448177,0.0026823582593351603,0.001484727137722075,0.0037947706878185272,0.003499387763440609,0.0026765731163322926,0.001970903715118766,0.0013087538536638021,-0.0005902369739487767,-0.0023100469261407852,0.0013048676773905754,0.0017507753800600767,0.001192176598124206
META,8,2026-04-07 15:30:00+00:00,11:30,0.0011657277354970574,up,-0.0033336856868118048,-0.008045773953199387,-0.009248499758541584,-0.006098285783082247,-0.006669912021607161,-0.010019428096711636,-0.010149355046451092,-0.009919358417391777,-0.014503556303679943,-0.010206595063209534,-0.005496869329363108,-0.006242937874048948,-0.005952170118689537,-0.005260499659925699,-0.005680838134139776,-0.0062840282917022705,-0.0048067886382341385,-0.0066765351220965385,-0.005479097366333008,-0.00430322578176856,-0.005857887677848339,-0.011097517795860767,-0.009390411898493767,-0.004108843393623829,-0.0008223284385167062,0.0011657277354970574
CSCO,8,2026-04-07 15:30:00+00:00,11:30,0.001148754614405334,up,0.0014946783194318414,0.0018858410185202956,-0.0004910440184175968,0.0020499087404459715,0.0028633023612201214,0.00034155280445702374,-0.0036711241118609905,-0.0025073683355003595,-0.0014224897604435682,-0.0017367807449772954,-0.0003214948228560388,0.0017221313901245594,-0.001252967631444335,0.0008949852199293673,0.0008089879411272705,0.0007902822108007967,0.0008270362159237266,0.0005820959922857583,-0.0008930490585044026,-0.0004926424007862806,-0.0001660812267800793,-0.0016651250189170241,-0.0013478893088176847,0.0017391110304743052,-0.0015581134939566255,0.001148754614405334
VTR,8,2026-04-07 15:30:00+00:00,11:30,0.0011483588023111224,up,-0.0012031825026497245,-0.0004257155815139413,-0.00042902721907012165,0.0019491658313199878,0.004571334458887577,0.002692471956834197,0.0012475346447899938,0.000933657109271735,0.002173412824049592,0.0013336976990103722,0.0029872499871999025,0.0033581522293388844,0.0035620825365185738,0.002409925451502204,0.002216947730630636,0.0015188530087471008,0.0023386282846331596,0.0025593487080186605,0.001413336955010891,0.002382928039878607,0.0017917926888912916,-0.0012776446528732777,-3.399940032977611e-05,0.0023603851441293955,0.0018812069902196527,0.0011483588023111224
TMO,8,2026-04-07 15:30:00+00:00,11:30,0.001097015105187893,up,-0.006076465826481581,-0.004925743211060762,-0.0058877733536064625,-0.004076049197465181,-0.005317135713994503,-0.005604227539151907,-0.0071304854936897755,-0.007384420372545719,-0.009224380366504192,-0.008870987221598625,-0.004947638139128685,-0.00417609978467226,-0.0035015754401683807,-0.0034701849799603224,-0.0029608432669192553,-0.003470649477094412,-0.0010897268075495958,-0.0006798211252316833,-0.0024122626055032015,-0.0023486430291086435,-0.0016560670919716358,-0.003997385036200285,-0.00563668692484498,-0.0027695747558027506,-0.004217204172164202,0.001097015105187893
KEYS,8,2026-04-07 15:30:00+00:00,11:30,0.0010221470147371292,up,0.0016762714367359877,0.002470332430675626,0.0019633076153695583,0.0048952363431453705,0.003482765518128872,0.002484132768586278,0.0019203529227524996,0.002433185698464513,0.00308185419999063,0.004327356815338135,0.005246107000857592,0.005953030660748482,0.002845262410119176,0.00416097417473793,-0.00010448960529174656,-0.0009588078828528523,0.0006729156011715531,0.0006529855891130865,0.002937154844403267,0.0018328198930248618,0.0016122781671583652,-0.0008545819437131286,-0.0004120880621485412,0.003301299177110195,-0.0022481472697108984,0.0010221470147371292
CBOE,8,2026-04-07 15:30:00+00:00,11:30,0.0009182702633552253,up,0.002334008226171136,0.0017269820673391223,0.0011009173467755318,0.004105741158127785,0.003695708466693759,0.003516735974699259,0.00262327678501606,0.003703950671479106,0.0037927257362753153,0.005392273887991905,0.009641720913350582,0.009686782024800777,0.007602613419294357,0.009092211723327637,0.007079179398715496,0.00522712804377079,0.0088270902633667,0.005698350723832846,0.005695956759154797,0.005399188492447138,0.003948627505451441,0.00041373242856934667,0.0007323008030653,0.0050409939140081406,0.003268427448347211,0.0009182702633552253
PHM,8,2026-04-07 15:30:00+00:00,11:30,0.0009103405172936618,up,4.27360282628797e-05,0.00202898564748466,-0.00036367212305776775,0.0038437973707914352,0.0011143767042085528,-9.812159987632185e-05,-0.004125870764255524,-0.0017183643067255616,-0.002884587738662958,-0.00379008031450212,-0.0018131192773580551,-0.0004371716931927949,0.001644016825594008,0.003046151250600815,0.0019372974056750536,0.0030613925773650408,0.004720152355730534,0.0045074052177369595,0.004098311997950077,0.0009206027607433498,0.0016908305697143078,0.00020452015451155603,-0.0005963010480627418,0.001351073500700295,-0.002436601324006915,0.0009103405172936618
UAL,8,2026-04-07 15:30:00+00:00,11:30,0.0008555788081139326,up,-0.004692337941378355,0.0018989108502864838,-0.004424809478223324,-0.0006942081963643432,-0.009351036511361599,-0.009992179460823536,-0.01629810780286789,-0.011401661671698093,-0.012273110449314117,-0.010963327251374722,-0.008481753058731556,-0.009618149138987064,-0.00718255341053009,-0.0018651201389729977,-0.00283128023147583,-0.002323753200471401,-0.0018599379109218717,-0.0034597839694470167,-0.004653244279325008,-0.004947730805724859,-0.002338452497497201,-0.006342604756355286,-0.007219803519546986,0.003015197115018964,-0.0008891731267794967,0.0008555788081139326
GDDY,8,2026-04-07 15:30:00+00:00,11:30,0.0008391817682422698,up,0.00012438064732123166,0.003568685380741954,-0.004873674362897873,-0.0009723673574626446,-0.004778747446835041,-0.005969845224171877,-0.007886193692684174,-0.003647505072876811,0.003149141324684024,0.0006674572359770536,0.002932604169473052,0.003989968448877335,0.006818609777837992,0.008163712918758392,0.008065646514296532,0.004282456822693348,0.005932706408202648,0.005729515105485916,0.003444915171712637,0.003193400101736188,0.0019673937931656837,-0.0014144486049190164,-0.0018053342355415225,0.0016203121049329638,-0.0027885909657925367,0.0008391817682422698
BEN,8,2026-04-07 15:30:00+00:00,11:30,0.0008240807219408453,up,-0.0005588816129602492,0.0030010840855538845,-0.0011334512382745743,0.00157651724293828,0.000528635224327445,-0.001667759963311255,-0.004996892064809799,-0.0025287035387009382,-0.001913942862302065,-0.0041793654672801495,-0.0004382600309327245,0.00137917953543365,0.0032109601888805628,0.004030120559036732,0.003995275590568781,0.0018192582065239549,0.005148261785507202,0.003907278645783663,0.0029734186828136444,0.002276345854625106,0.0034114127047359943,0.0008375310571864247,0.001070941798388958,0.005543829873204231,0.002929107053205371,0.0008240807219408453
GPN,8,2026-04-07 15:30:00+00:00,11:30,0.0008138262783177197,up,-0.004534493666142225,0.003422164125367999,-0.0041608065366744995,0.0010614866623654962,-0.005704234354197979,-0.005456826183944941,-0.010752205736935139,-0.010401783511042595,-0.007948692888021469,-0.012669464573264122,-0.01245906762778759,-0.010266308672726154,-0.005001785233616829,-0.0016221128171309829,-0.005560439079999924,-0.00810103490948677,-0.004819746594876051,-0.004536447115242481,-0.004812631756067276,-0.007508161477744579,-0.0064139096066355705,-0.008999049663543701,-0.009652812965214252,-0.00451704952865839,-0.008647831156849861,0.0008138262783177197
STE,8,2026-04-07 15:30:00+00:00,11:30,0.0007798924343660474,up,0.0011949009494856,0.003221223596483469,0.002740014810115099,0.0035080304369330406,0.003918008413165808,0.00141767633613199,-0.0010477493051439524,-0.0005071659688837826,-0.0010288908379152417,-0.001058115973137319,-0.0002581826993264258,-0.0006942895124666393,-0.001504434971138835,0.0005484420107677579,0.0002755996829364449,-0.0005237884470261633,0.0029026067350059748,0.0009622552897781134,0.000821448746137321,0.0007193906931206584,0.0013236613012850285,-2.987917650898453e-05,-0.0008762881043367088,0.0021775078494101763,0.0009201096254400909,0.0007798924343660474
CLUSD,8,2026-04-07 15:30:00+00:00,11:30,0.0007559698424302042,up,0.007539351936429739,0.00968701858073473,0.008208355866372585,0.014081267639994621,0.009258258156478405,0.008483895100653172,0.0062462566420435905,0.005253169685602188,0.007339109666645527,0.007595540024340153,0.008492163382470608,0.011075662449002266,0.009359050542116165,0.010594137012958527,0.010809226892888546,0.011844184249639511,0.007178616710007191,0.005297097843140364,0.00505855493247509,0.00212805881164968,0.008479202166199684,0.010473914444446564,0.009169803000986576,0.0018853836227208376,0.0010191400069743395,0.0007559698424302042
VRSK,8,2026-04-07 15:30:00+00:00,11:30,0.0007197299273684621,up,-0.0006023996393196285,0.001854078145697713,-0.0012647632975131273,0.0006574418512172997,-0.0025569561403244734,-0.004507606383413076,-0.006291461642831564,-0.003963736817240715,-0.002971963258460164,-0.0015539887826889753,-0.0020620941650122404,-0.0015223190421238542,-0.0010878507746383548,-0.002052266150712967,-0.00242961710318923,-0.0013752898667007685,-0.0008033831254579127,-0.0002522091963328421,-0.00216434383764863,-0.001743494183756411,-0.0017736542504280806,-0.004422985482960939,-0.0025518261827528477,0.001664274837821722,-0.0015144177014008164,0.0007197299273684621
OMC,8,2026-04-07 15:30:00+00:00,11:30,0.0006814219523221254,up,0.001184485387057066,0.002198528265580535,0.001215115305967629,0.003513516392558813,0.003865438047796488,0.0017880379455164075,0.0009096339344978333,-0.00039692921563982964,0.0007093630265444517,0.0008463305421173573,0.0018867976032197475,0.006742729339748621,0.0024990153033286333,0.002982867183163762,0.004167184699326754,-0.0003208958951290697,0.004025208298116922,0.0023238896392285824,0.0018686718540266156,0.001105304341763258,-0.00027484612655825913,-0.0006399394478648901,-0.0013236666563898325,0.003107592696323991,0.00032593568903394043,0.0006814219523221254
EW,8,2026-04-07 15:30:00+00:00,11:30,0.0006238820496946573,up,-0.0025590043514966965,-0.0002764677337836474,-0.002393704140558839,0.00031529925763607025,-0.0008982155122794211,-0.00234352913685143,-0.004439334850758314,-0.0030382820405066013,-0.0020971745252609253,-0.003048382233828306,-0.001476439880207181,-0.0010710983769968152,0.0004256361280567944,0.001469694310799241,0.0014508789172396064,0.00021583549096249044,0.0022322889417409897,0.0024904529564082623,0.0003910762316081673,0.00013948326522950083,-3.2537068364035804e-06,-0.0009088898077607155,-0.0005062290001660585,0.00305361719802022,0.0005116542452014983,0.0006238820496946573
SYF,8,2026-04-07 15:30:00+00:00,11:30,0.0006166675593703985,up,-0.005624452140182257,-0.003967978060245514,-0.006063435692340136,-0.002205447992309928,-0.001711929915472865,-0.0029745157808065414,-0.007319052703678608,-0.0054901959374547005,-0.005775018595159054,-0.005264533683657646,-0.0038372415583580732,-0.0026799077168107033,-0.0019767475314438343,-0.002269175136461854,-0.0006184568046592176,-0.0018632701830938458,0.0007152662728913128,-0.0001972072059288621,-0.0011240413878113031,-0.0021663950756192207,-0.0028526533860713243,-0.0037418201100081205,-0.0029862183146178722,0.0005960591952316463,-0.000728641462046653,0.0006166675593703985
FICO,8,2026-04-07 15:30:00+00:00,11:30,0.0005752702127210796,up,-0.0005305272061377764,-0.0012539199087768793,-0.003228229470551014,0.00030948399216867983,-0.0021709727589040995,-0.0036050567869096994,-0.00472416402772069,-0.002871263073757291,-0.00514391902834177,-0.0025716805830597878,7.871918933233246e-05,0.0009301577229052782,-0.0013927111867815256,0.0015963352052494884,-0.0005501947016455233,-0.0029804010409861803,0.0021608404349535704,0.0012611198471859097,0.002068308414891362,-0.0006458700518123806,-0.002499571070075035,-0.004368911497294903,-0.004730626940727234,-0.0032545130234211683,-0.002171927597373724,0.0005752702127210796
DTE,8,2026-04-07 15:30:00+00:00,11:30,0.0005677814478985965,up,-0.00016724270244594663,0.0025172019377350807,0.0006543733761645854,0.0035211287904530764,0.005405361298471689,0.0023709998931735754,0.0007660501287318766,0.0008136477554216981,0.00250614108517766,0.00022234754578676075,0.0016253828071057796,0.002821477595716715,0.0029788848478347063,0.0026115626096725464,0.003031667321920395,0.0021752554457634687,0.003310631727799773,0.0036359229125082493,0.002403262536972761,0.00267604342661798,0.0019872954580932856,2.006265458476264e-05,-0.0011024270206689835,0.0012602423084899783,0.000508653640281409,0.0005677814478985965
DGX,8,2026-04-07 15:30:00+00:00,11:30,0.0005560591816902161,up,-0.0028556217439472675,-0.0005962857394479215,0.0003533966082613915,0.001686420408077538,0.002756347879767418,0.0019280739361420274,0.0009761268156580627,0.00022562035883311182,0.00020421530643943697,-0.00046232336899265647,0.000666314153932035,0.00015714418259449303,-3.250238296459429e-05,0.0002704894868656993,0.0008767102262936532,9.787344606593251e-05,0.0023113780189305544,0.0028317838441580534,0.0022998922504484653,0.0010820119641721249,-0.0003752090851776302,-0.002037918893620372,-0.003644437063485384,-0.0009102960466407239,-0.0012398697435855865,0.0005560591816902161
UNP,8,2026-04-07 15:30:00+00:00,11:30,0.0005316467140801251,up,-0.003213695716112852,-0.00047047578846104443,-0.0007341255550272763,0.000634224561508745,0.0029337508603930473,0.0004027823742944747,-0.001200223108753562,-0.0009213330922648311,-0.000958320451900363,-0.000927216955460608,0.0012229770654812455,0.0006466099293902516,0.0014589469647035003,0.001858029398135841,0.002301348838955164,0.0014377805637195706,0.0017979515250772238,0.0017824155511334538,0.0021571628749370575,0.00335396989248693,0.0018290047300979495,0.0014994711382314563,-2.5414705305593088e-05,0.0014059314271435142,-0.0008392241434194148,0.0005316467140801251
WFC,8,2026-04-07 15:30:00+00:00,11:30,0.0005113580264151096,up,-0.005113048013299704,-0.0005703861825168133,-0.004107560031116009,-0.0010380822932347655,0.00034948810935020447,0.00018992573313880712,-0.0020563267171382904,-0.0004966087872162461,-0.0018306609708815813,-0.004582597408443689,-0.0022929504048079252,-0.001627511577680707,-0.0015534491976723075,0.00011716931476257741,0.0009733816259540617,-0.0003256945055909455,0.0008649874944239855,-0.0008136103861033916,-0.0006367081077769399,0.0008531046914868057,-0.0004063796659465879,-0.0009742421098053455,-0.001928303623571992,0.0016839790623635054,0.00026564724976196885,0.0005113580264151096
CPAY,8,2026-04-07 15:30:00+00:00,11:30,0.00047974553308449686,up,0.0008183619938790798,0.0038664897438138723,0.0031262305565178394,0.004249707795679569,0.0034260007087141275,0.0025057343300431967,-0.00016151522868312895,0.0016720079584047198,0.0024717235937714577,0.0014980263076722622,0.0038122537080198526,0.003977352753281593,0.004132467322051525,0.007102728355675936,0.0034459431190043688,0.00230812537483871,0.005719941575080156,0.00482381833717227,0.002845742041245103,0.0016219739336520433,0.000662529724650085,-0.0024834692012518644,-0.0021050903014838696,0.0015364274149760604,-0.00037047179648652673,0.00047974553308449686
CME,8,2026-04-07 15:30:00+00:00,11:30,0.00041187190799973905,up,-0.003645622404292226,-0.001616330468095839,-0.0019499766640365124,0.0013696865644305944,0.0030717458575963974,0.0012898764107376337,0.00015616598830092698,0.0006091585964895785,-0.0008007894502952695,0.0003692179452627897,0.0023127850145101547,0.0024727804120630026,0.004250672645866871,0.003945811185985804,0.0035784640349447727,0.00040340085979551077,0.0005204248591326177,-0.0001646869641263038,-0.0021385373547673225,-0.0005589102511294186,-0.0012461516307666898,-0.004292311612516642,-0.004402087535709143,-0.0016573567409068346,-0.0019284023437649012,0.00041187190799973905
GWW,8,2026-04-07 15:30:00+00:00,11:30,0.00032063291291706264,up,-0.0031025002244859934,-0.0011522989952936769,-0.0031419964507222176,0.0009542169282212853,0.0022158732172101736,0.0008547960314899683,0.0006731145549565554,0.000760042283218354,-0.0005612967652268708,6.135065632406622e-05,0.0028458547312766314,0.0018717573257163167,0.0015464394818991423,0.0008110872004181147,0.0002888990566134453,-0.0002997318806592375,0.0013859770260751247,0.001382004818879068,0.000595026183873415,0.0010723553132265806,-0.00047297676792368293,-0.001352258725091815,-0.0024972076062113047,0.0008399998769164085,-0.001454620505683124,0.00032063291291706264
MCK,8,2026-04-07 15:30:00+00:00,11:30,0.0003094513085670769,up,-0.004339274484664202,-0.0027579220477491617,-0.002628822112455964,0.0009819265687838197,0.0010209467727690935,-0.0013657412491738796,-0.005193767603486776,-0.003962238784879446,-0.005530486349016428,-0.004018438048660755,-0.0008162774029187858,-0.0005733657162636518,-0.0005206983187235892,-8.969954797066748e-05,-0.0005180510343052447,-0.0010216811206191778,0.0008937178063206375,0.0006450094515457749,-0.0003595252928789705,-0.0007567062275484204,-0.0021390956826508045,-0.004319428000599146,-0.003990488592535257,-0.004194712266325951,-0.005256160628050566,0.0003094513085670769
EME,8,2026-04-07 15:30:00+00:00,11:30,0.000299460138194263,up,0.002050369046628475,0.0025005333591252565,-0.00046745018335059285,0.005724037531763315,0.0032274387776851654,0.0011616280535236,-0.0013344015460461378,0.0017659225268289447,-0.0013838419690728188,0.0024604781065136194,0.0037962666247040033,0.004714150447398424,0.003565029473975301,0.004331807140260935,0.0008729230612516403,0.00029762115445919335,0.001427122624590993,-0.00010200602991972119,0.0010971183655783534,-0.0006478382856585085,-0.0009612156427465379,0.00030420732218772173,0.0022767381742596626,0.005481468979269266,0.0016691313358023763,0.000299460138194263
CINF,8,2026-04-07 15:30:00+00:00,11:30,0.0002907599264290184,up,0.002090413123369217,0.004133759532123804,0.0023766513913869858,0.0040430668741464615,0.005608486011624336,0.0036984258331358433,0.001626890618354082,0.0021556969732046127,0.00305242114700377,0.0023299483582377434,0.00463922368362546,0.004395671188831329,0.0038863555528223515,0.0038828300312161446,0.003961390350013971,0.0037322593852877617,0.0049493624828755856,0.003712367033585906,0.0025935242883861065,0.0021172636188566685,0.0016087500844150782,-0.0004299457941669971,-0.002172061474993825,0.0009064730838872492,-0.001593380467966199,0.0002907599264290184
URI,8,2026-04-07 15:30:00+00:00,11:30,0.0002810489386320114,up,-0.0030183338094502687,-0.0006318268133327365,-0.0024209439288824797,0.0001545104751130566,-0.0008173579117283225,-0.0016897979658097029,-0.004345272202044725,-0.003443395718932152,-0.006869808305054903,-0.0061691198498010635,-0.004106780048459768,-0.002770718652755022,-0.0019556793849915266,-0.001988756936043501,-0.001462441636249423,-0.0023587208706885576,-0.0008076506201177835,-0.0006985042709857225,-0.002605984453111887,-0.0027316773775964975,-0.0023172912187874317,-0.0032286883797496557,-0.004820134490728378,-0.0008875745697878301,-0.00302853062748909,0.0002810489386320114
PH,8,2026-04-07 15:30:00+00:00,11:30,0.0002582431770861149,up,-0.003929543308913708,-0.0024418975226581097,-0.004326747264713049,2.56193943641847e-05,-0.0003583570651244372,-0.001977304695174098,-0.0032958139199763536,-0.001871053478680551,-0.00622833427041769,-0.0029650588985532522,-4.170461397734471e-05,0.0006980610196478665,0.0010796065907925367,0.002317280974239111,0.001169344992376864,-0.0002890466130338609,0.0011722785420715809,0.0017991579370573163,0.00022996158804744482,-0.0012098454171791673,-0.00242911116220057,-0.002773615764454007,-0.0039143310859799385,-0.00019614986376836896,-0.0027774169575423002,0.0002582431770861149
ANET,8,2026-04-07 15:30:00+00:00,11:30,0.0002333072479814291,up,-0.010748451575636864,-0.011726543307304382,-0.016741618514060974,-0.00998668372631073,-0.011033805087208748,-0.016777170822024345,-0.021022584289312363,-0.016582701355218887,-0.01304683554917574,-0.010949424467980862,-0.005759604275226593,-0.004222412593662739,-0.003723645582795143,-0.007433031685650349,-0.006240802351385355,-0.007417203858494759,-0.0038225448224693537,-0.00201428378932178,-0.0027261467184871435,-0.003252279944717884,-0.004460912197828293,-0.00698927603662014,-0.005267647095024586,-0.0025853686966001987,-0.004011739976704121,0.0002333072479814291
TDG,8,2026-04-07 15:30:00+00:00,11:30,0.00022904689831193537,up,-0.003745640628039837,-0.0024631675332784653,-0.004076766315847635,-0.0009897717973217368,-0.0014829561114311218,-0.004374765325337648,-0.004033314064145088,-0.0047000739723443985,-0.0068590519949793816,-0.00641444930806756,-0.0024309209547936916,-0.0017695880960673094,-0.0016986652044579387,-0.0012545041972771287,-0.00218946416862309,-0.003256602445617318,-0.0003435098915360868,0.0005374326137825847,5.6179978855652735e-05,-1.643046925892122e-05,0.0013706116005778313,-0.0005022679688408971,-0.0028726665768772364,-0.0003311205073259771,-0.002140058670192957,0.00022904689831193537
KO,8,2026-04-07 15:30:00+00:00,11:30,0.00019503154908306897,up,0.0026669201906770468,0.00472487835213542,0.003230729838833213,0.0027295600157231092,0.007239124272018671,0.006369732320308685,0.004583785310387611,0.00045294867595657706,0.001481321407482028,0.0009136805310845375,0.003224336775019765,0.008124446496367455,0.0016275064554065466,0.004724054131656885,0.005566051229834557,0.0019609928131103516,0.004024049267172813,0.002193944761529565,0.0018831586930900812,0.0019304582383483648,0.0027825073339045048,0.0035402977373450994,0.001937418826855719,0.005859815049916506,0.002526765689253807,0.00019503154908306897
APD,8,2026-04-07 15:30:00+00:00,11:30,0.00019053425057791173,up,-0.0011026881402358413,-0.0013941569486632943,-0.00021353898046072572,0.002415135968476534,0.00434620026499033,0.0022440769243985415,0.0008457939838990569,0.0002333392621949315,-0.0015420324634760618,-0.003505270928144455,-0.0011359977070242167,0.00024521572049707174,-2.8232008844497614e-05,-0.0007050388376228511,-0.00010267664038110524,-0.0012053708778694272,-0.0012035835534334183,-0.00012477535346988589,-0.0009436194668523967,-8.844610420055687e-05,-0.0007883135112933815,-0.0019276549573987722,-0.0024267868138849735,-0.0012396565871313214,-0.002911617048084736,0.00019053425057791173
BG,8,2026-04-07 15:30:00+00:00,11:30,0.00018018012633547187,up,-0.001844012294895947,-0.0008216806454584002,-0.00025702296989038587,0.001274215872399509,0.0019520067144185305,-0.00019956259347964078,-0.0012571992119774222,-0.0006491150124929845,0.0008672180119901896,-0.0013520467327907681,-0.00016310083447024226,0.0011157449334859848,-0.0010252133943140507,-0.0022025094367563725,-0.0007858718163333833,-0.0021668183617293835,-0.0008997633121907711,-0.0004163250850979239,-0.0018478361889719963,-6.982394552323967e-05,-0.0018446670146659017,-0.004030920565128326,-0.004119332414120436,-0.0015771874459460378,-0.0018409560434520245,0.00018018012633547187
STT,8,2026-04-07 15:30:00+00:00,11:30,0.00017937994562089443,up,-0.0010563984978944063,0.0023507701698690653,0.0009629480773583055,0.0038339660968631506,0.00016763976600486785,-0.002882998902350664,-0.0025144973769783974,-0.0018320298986509442,-0.002242683432996273,-0.003144423943012953,-0.001061393879354,-0.00032784233917482197,-0.0010804597986862063,-0.00274589192122221,-0.0017870632000267506,-0.0030598321463912725,-0.0012231961591169238,0.0003537884331308305,-0.0015415918314829469,0.00026992722996510565,-0.003658552886918187,-0.005023279692977667,-0.005061774048954248,-0.0014298012247309089,-0.002256982959806919,0.00017937994562089443
FTNT,8,2026-04-07 15:30:00+00:00,11:30,0.00017327774548903108,up,-0.003848047461360693,-0.003234242554754019,-0.007069719024002552,-0.003550621448084712,-0.0031894501298666,-0.005853641778230667,-0.00810758862644434,-0.005240189377218485,-0.005480578634887934,-0.004436235409229994,-0.002140222117304802,-0.003348245518282056,-0.0032117278315126896,-0.001885539386421442,-0.0012963955523446202,-0.0029811905696988106,-0.0014063941780477762,-0.0009536408470012248,-0.0016616038046777248,-0.0011434644693508744,-0.0018498684512451291,-0.0040182084776461124,-0.004117784556001425,-0.0008174330578185618,-0.0018222593935206532,0.00017327774548903108
ES,8,2026-04-07 15:30:00+00:00,11:30,0.0001664035371504724,up,-0.0033662167843431234,-0.0013415535213425756,-0.001760124578140676,0.0002636861754581332,0.003585746278986335,0.0018750901799649,0.00037116912426427007,0.00016247980238404125,-0.00029153467039577663,-0.0016494309529662132,0.0007110521546564996,0.0006879967986606061,0.0004456013848539442,0.0005747220129705966,0.0002140681172022596,0.0002724780060816556,0.0014089118922129273,0.0010791070526465774,0.0018376691732555628,0.001572173903696239,0.0002053670323221013,-0.0011891244212165475,-0.0004060057981405407,0.002150772139430046,0.0007926209946162999,0.0001664035371504724
TKO,8,2026-04-07 15:30:00+00:00,11:30,0.00012863743177149445,up,0.0016830026870593429,0.0033368824515491724,0.0034466395154595375,0.005225186701864004,-0.0030868886969983578,-0.0025761586148291826,-0.0033643818460404873,-0.0019867578521370888,-0.006180217955261469,-0.002440498676151037,-0.003092041239142418,-0.0007044669473543763,-0.003493622876703739,-0.004929906688630581,-0.005033320281654596,-0.006886298768222332,-0.005087119061499834,-0.0038640880957245827,-0.006461812183260918,-0.003828667802736163,-0.0010716535616666079,-0.004265401046723127,-0.005126272793859243,-0.000585639092605561,-0.003960198722779751,0.00012863743177149445
ATO,8,2026-04-07 15:30:00+00:00,11:30,6.158374162623659e-05,up,-0.002346072578802705,0.0003547030210029334,0.0004596792859956622,0.002689881483092904,0.003970651421695948,0.0024269018322229385,-0.0006261488306336105,0.00011041094694519415,0.001878697774372995,0.00034642594982869923,0.0016762040322646499,0.0024784142151474953,0.002374876756221056,0.0016337535344064236,0.0019936130847781897,0.0016550772124901414,0.0036390151362866163,0.0031640217639505863,0.002124582650139928,0.0014194941613823175,0.00036752564483322203,-0.002210936974734068,-0.0027950068470090628,9.336802759207785e-05,0.00028910706168971956,6.158374162623659e-05
CAH,8,2026-04-07 15:30:00+00:00,11:30,5.526852692128159e-05,up,-0.0041691698133945465,-0.0008899160893633962,-0.002077672630548477,-0.00019480061018839478,-0.0001973136095330119,-0.002376400399953127,-0.0040914881974458694,-0.0034786646720021963,-0.0039246296510100365,-0.0031084029469639063,-4.5918539399281144e-05,-0.0014669443480670452,-0.0019147747661918402,-0.0006315979408100247,-0.0010794386034831405,-0.001354087027721107,0.00153140421025455,0.0020840640645474195,0.0007826321525499225,0.00038007248076610267,-0.0001284875615965575,-0.002449151361361146,-0.0017680737655609846,0.001286873361095786,0.0003903165925294161,5.526852692128159e-05
CL,8,2026-04-07 15:30:00+00:00,11:30,4.0643564716447145e-05,up,-0.0037124394439160824,-0.001706994022242725,-0.002266216091811657,3.331663174321875e-05,0.0005798865458928049,-0.0012704997789114714,-0.00402175635099411,-0.0025641731917858124,-0.003988283686339855,-0.0038332990370690823,-0.0019056787714362144,-0.001529770903289318,-0.0021219253540039062,-0.0006639338680543005,-0.0006425246829167008,-0.001584877260029316,-0.0006050689844414592,-0.0005989835481159389,-0.0006317439838312566,0.00033647482632659376,-0.0004953242605552077,-0.0017975426744669676,-0.0018530342495068908,0.0013923351652920246,-5.960976523056161e-06,4.0643564716447145e-05
PFE,8,2026-04-07 15:30:00+00:00,11:30,3.813156217802316e-05,up,-0.017778543755412102,-0.009776308201253414,-0.015613327734172344,-0.00985612440854311,-0.006668235175311565,-0.006606844253838062,-0.00743604451417923,-0.01191860344260931,-0.011552845127880573,-0.012982910498976707,-0.008694721385836601,-0.0052818432450294495,-0.0025001552421599627,-0.0016640503890812397,-0.004684007726609707,-0.004029778763651848,-0.0031251178588718176,-0.001817389391362667,-0.002231806516647339,-0.0032051599118858576,-0.005534304305911064,-0.008580601774156094,-0.007472340017557144,-0.0045761181972920895,-0.00444575771689415,3.813156217802316e-05
HUBB,8,2026-04-07 15:30:00+00:00,11:30,2.828686046996154e-05,up,-0.0013886872911825776,0.0008388196583837271,-0.0007566161220893264,0.001967528834939003,0.0008956777164712548,0.0006509470986202359,-0.002716926857829094,-0.0016829100204631686,-0.006218220107257366,-0.004981223028153181,-0.0014257015427574515,-0.0009701063972897828,0.0004897250910289586,0.0016485622618347406,0.0005445386632345617,0.00047739670844748616,0.0031158244237303734,0.0027700792998075485,0.0015321593964472413,0.00037169409915804863,-0.0011031974572688341,-0.0018663336522877216,-0.002863912610337138,0.0002777525514829904,-0.0013692367356270552,2.828686046996154e-05
DPZ,8,2026-04-07 15:30:00+00:00,11:30,2.3666751076234505e-05,up,-0.001347938785329461,-0.0022124438546597958,-0.00379601470194757,-0.0010786459315568209,-0.0016247371677309275,-0.003659563371911645,-0.00466498825699091,-0.0045361691154539585,-0.0058753653429448605,-0.004887556657195091,-0.0035830207634717226,-0.00172762805595994,-0.0024879106786102057,-0.002895822748541832,-0.003463107394054532,-0.004365997388958931,-0.0022160985972732306,-0.0021451027132570744,-0.005790508817881346,-0.00490886764600873,-0.0026941511314362288,-0.006134296767413616,-0.005465822760015726,-0.0030058834236115217,-0.0038458341732621193,2.3666751076234505e-05
CNP,8,2026-04-07 15:30:00+00:00,11:30,-8.229215382016264e-06,down,0.00047255848767235875,0.0035651458892971277,0.001270752982236445,0.0033031615894287825,0.0036011713091284037,0.0014089627657085657,0.001924482174217701,-0.0009479399886913598,0.0029693760443478823,0.0011891635367646813,0.002772033214569092,0.0021004383452236652,0.00016427521768491715,-0.00036852905759587884,0.0005500033730641007,2.1086991182528436e-05,0.0002414492191746831,0.0006204082746990025,0.0007127401186153293,0.0012870015343651175,-0.0001476883771829307,-0.0007356410496868193,-0.00268280110321939,0.0030431936029344797,0.003157987492159009,-8.229215382016264e-06
AES,8,2026-04-07 15:30:00+00:00,11:30,-1.034779052133672e-05,down,-4.890444688498974e-05,0.0006095799035392702,0.0002716653689276427,-8.234594133682549e-05,0.0010321976151317358,0.00034416516427882016,-0.00015963905025273561,-0.0009241820662282407,-0.0011639121221378446,-0.0013816474238410592,0.0004155057540629059,0.000174674263689667,-0.00047978086513467133,0.0002815747575368732,0.0004403673519846052,-0.0008774923626333475,0.0013872080016881227,0.001653709332458675,0.0015749542508274317,0.0016185702988877892,0.001793515868484974,0.00020853271416854113,-0.00024208796094171703,0.001179901184514165,-0.0006365574081428349,-1.034779052133672e-05
TAP,8,2026-04-07 15:30:00+00:00,11:30,-5.660854731104337e-05,down,-0.0030675986781716347,-0.00013133618631400168,2.8428967198124155e-06,0.002905249362811446,0.002290624426677823,-0.0016278335824608803,-0.0035467592533677816,-0.0025489674881100655,-0.004155492875725031,-0.0011406360426917672,-0.00035109015880152583,0.0015846460592001677,0.001989652868360281,0.001105598988942802,-5.2802046411670744e-05,-0.0018536963034421206,0.0020285900682210922,0.0008754741284064949,3.147865936625749e-05,0.0001261460711248219,-0.0012491168454289436,-0.004497581627219915,-0.003542983904480934,0.0012098278384655714,-0.0018030120991170406,-5.660854731104337e-05
LNT,8,2026-04-07 15:30:00+00:00,11:30,-7.845374057069421e-05,down,-0.0002474604989401996,0.0016110539436340332,0.0016386931529268622,0.0032272913958877325,0.00535738468170166,0.0028417916037142277,0.0020463119726628065,0.00010227270104223862,0.0013189706951379776,0.0001804277126211673,0.0019880926702171564,0.0031690739560872316,0.0022088338155299425,0.00218047178350389,0.0017825907561928034,0.0007613303605467081,0.0005781644722446799,0.00034467261866666377,-2.8061213015462272e-05,0.0021943263709545135,0.0006847410113550723,-0.0024457257241010666,-0.0021835356019437313,-1.518115277576726e-05,-0.00012783193960785866,-7.845374057069421e-05
REG,8,2026-04-07 15:30:00+00:00,11:30,-0.0001048745252774097,down,-0.001234872848726809,0.0010114451870322227,0.0014955275692045689,0.003576431190595031,0.004420449025928974,0.0025790317449718714,0.0003681706148199737,-0.00039334764005616307,0.0019443072378635406,0.0003046513011213392,0.0031670345924794674,0.003459569998085499,0.003909833263605833,0.003164995927363634,0.0027113223914057016,0.0024843986611813307,0.0028707089368253946,0.0018795434152707458,0.001689310884103179,0.0028884494677186012,0.00189060322009027,-0.0007815502467565238,-0.001735385856591165,0.0005155891994945705,0.00010824274795595556,-0.0001048745252774097
KKR,8,2026-04-07 15:30:00+00:00,11:30,-0.00010868835670407861,down,-0.005741907749325037,-0.002640746533870697,-0.005026997532695532,-0.0023210898507386446,-0.003257245756685734,-0.00479996157810092,-0.009236522950232029,-0.0071290102787315845,-0.006623749155551195,-0.006661403924226761,-0.004876764491200447,-0.0036782007664442062,-0.003406604751944542,-0.0010295447427779436,0.00046876928536221385,-0.0018314993940293789,0.0011361046927049756,-0.0004006732488051057,-0.00017191184451803565,-0.001426283037289977,-0.0011214878177270293,-0.001579298754222691,-0.003181132487952709,0.003236946417018771,0.0033832727931439877,-0.00010868835670407861
ALB,8,2026-04-07 15:30:00+00:00,11:30,-0.00011654883564915508,down,0.0017507802695035934,0.00624401681125164,0.003378362860530615,0.00410492904484272,0.003639066591858864,0.0026158527471125126,-0.0041992259211838245,-0.002628661459311843,-0.0027565706986933947,7.340806041611359e-05,0.000416022987337783,0.0016072510043159127,-0.0016767751658335328,-0.0010129264555871487,-0.00526399677619338,-0.006461038254201412,-0.004533638712018728,-0.0035150176845490932,-0.008305607363581657,-0.00386218773201108,-0.004616778809577227,-0.00803898461163044,-0.0046644872054457664,-0.0009758056257851422,-0.004125786013901234,-0.00011654883564915508
DECK,8,2026-04-07 15:30:00+00:00,11:30,-0.00011666530190268531,down,0.00029469869332388043,0.0027306380216032267,-0.0009864004096016288,0.0007724817260168493,-0.0007622817647643387,-0.002064066007733345,-0.00542704202234745,-0.005034540314227343,-0.005979146808385849,-0.00524175725877285,-0.005209475755691528,-0.004515104927122593,-0.003099320689216256,-0.0015334106283262372,-0.00522020785138011,-0.0045846872963011265,-0.0021274646278470755,-0.004802993964403868,-0.00716398935765028,-0.005619130562990904,-0.0068076918832957745,-0.008640722371637821,-0.007865925319492817,-0.00035916795604862273,-0.005271835718303919,-0.00011666530190268531
NTRS,8,2026-04-07 15:30:00+00:00,11:30,-0.00012289975711610168,down,-0.0008871976169757545,0.0022863398771733046,3.329077117086854e-06,0.002662461716681719,0.0011407252168282866,-0.0003105738142039627,-0.002933074487373233,-0.0012765327701345086,-0.0028693650383502245,-0.0018834394868463278,-0.0006902773748151958,0.001527905580587685,0.0008667404763400555,0.00152997812256217,0.0007128050783649087,-9.130707621807232e-05,0.0018106938805431128,0.0018609100952744484,5.644918201141991e-05,0.0008190050721168518,-0.0006672817980870605,-0.0013202480040490627,-0.0019821571186184883,0.002329999813809991,0.0005207889480516315,-0.00012289975711610168
ERIE,8,2026-04-07 15:30:00+00:00,11:30,-0.000126318380353041,down,0.0035978408996015787,0.006198498886078596,0.004241332411766052,0.006934101227670908,0.007002576254308224,0.004930888768285513,0.001775657758116722,0.003666018834337592,0.0025012758560478687,0.0022511151619255543,0.005106608383357525,0.006976094096899033,0.004245102871209383,0.005527714267373085,0.003302808152511716,0.0019989055581390858,0.005064080003648996,0.004505832679569721,0.004584097303450108,0.003377289045602083,0.002678214106708765,0.002487274818122387,0.0012632985599339008,0.003695156192407012,-2.344620952499099e-05,-0.000126318380353041
EA,8,2026-04-07 15:30:00+00:00,11:30,-0.00012879801215603948,down,-0.0034469368401914835,-0.0032164682634174824,-0.0015313931507989764,-0.0007630197796970606,0.0017820450011640787,0.0007062859367579222,-0.0004001657944172621,-0.002913071308284998,-0.002697695977985859,-0.00028393929824233055,0.0006513592088595033,-4.539089786703698e-05,8.195255213649943e-05,2.697027775866445e-05,-0.00036757768248207867,0.00010021925845649093,0.0009633492445573211,0.0012405747547745705,0.0009196216706186533,0.0012230011634528637,2.7194359063287266e-05,-0.0012646843679249287,-0.001463404973037541,-0.001502654398791492,-0.0007790589006617665,-0.00012879801215603948
MA,8,2026-04-07 15:30:00+00:00,11:30,-0.00021062504674773663,down,-0.007433912716805935,-0.004404881037771702,-0.006703441496938467,-0.0030418720562011003,-0.003038496244698763,-0.004611998330801725,-0.0048520262353122234,-0.005581983830779791,-0.006457863375544548,-0.005586655810475349,-0.002433617366477847,-0.002138186478987336,-0.0021625494118779898,-0.0027473769150674343,-0.002421783283352852,-0.0028180594090372324,0.0004255131643731147,-0.0011377413757145405,-0.000581794825848192,-0.0004372009134385735,-0.0008237200090661645,-0.0024118542205542326,-0.0032233991660177708,-0.0006864035385660827,-0.0019298018887639046,-0.00021062504674773663
AMZN,8,2026-04-07 15:30:00+00:00,11:30,-0.00025178975192829967,down,-0.0088982367888093,-0.009701102040708065,-0.016936657950282097,-0.013608484528958797,-0.01617465727031231,-0.01668042689561844,-0.017570529133081436,-0.012032770551741123,-0.015256885439157486,-0.011737668886780739,-0.010798084549605846,-0.010697878897190094,-0.012683100067079067,-0.012944239191710949,-0.010491670109331608,-0.010420359671115875,-0.006950179114937782,-0.008545628748834133,-0.0062963408417999744,-0.007776274811476469,-0.010076547972857952,-0.01193087175488472,-0.010402800515294075,-0.005844722036272287,-0.004357967525720596,-0.00025178975192829967
BIIB,8,2026-04-07 15:30:00+00:00,11:30,-0.00028810801450163126,down,-0.0032836005557328463,-0.0011969605693593621,-0.005971319042146206,-0.004542654380202293,-0.007468013558536768,-0.010307247750461102,-0.012890170328319073,-0.009279366582632065,-0.007910573855042458,-0.006465348415076733,-0.0011060986435040832,-0.0015261726221069694,-0.001167225418612361,-0.0013034144649282098,0.0003488980873953551,-0.0027061172295361757,-0.00035004259552806616,-0.00012286925630178303,-0.0026748599484562874,-0.002002126770094037,-0.0030246591195464134,-0.005861406680196524,-0.005875288043171167,-0.0019133716123178601,-0.005019758362323046,-0.00028810801450163126
WBD,8,2026-04-07 15:30:00+00:00,11:30,-0.00036427893792279065,down,-0.001422045985236764,0.0010167858563363552,-0.0029187952168285847,-0.002585683250799775,-0.002110421657562256,-0.004405730403959751,-0.003985252231359482,-0.0033185691572725773,-0.004181304015219212,-0.0033860118128359318,-0.0022802893072366714,-0.004313899204134941,-0.003380629699677229,-0.0034054869320243597,-0.0016547009581699967,-0.002800083952024579,-0.0023509999737143517,-0.0023142683785408735,-0.003169773379340768,-0.002268472919240594,-0.002847265684977174,-0.0038398895412683487,-0.002961365506052971,-0.0009924877667799592,-0.0019040156621485949,-0.00036427893792279065
UHS,8,2026-04-07 15:30:00+00:00,11:30,-0.0003853792150039226,down,-0.0010233771754428744,0.002145413076505065,0.0007804758497513831,0.0015689049614593387,0.003291065338999033,0.00040609214920550585,-0.0025117029435932636,-0.0022204911801964045,-0.00019311608048155904,-0.0020109107717871666,-0.00017677785945124924,0.0009145395015366375,-0.00012119454186176881,0.0009713671752251685,0.0011742198839783669,0.0007879293989390135,0.002437824150547385,0.0026850663125514984,0.0013822232140228152,0.0006982057238928974,0.0009069921798072755,-0.001006213016808033,-0.0027856002561748028,0.00076075125252828,-0.0019883287604898214,-0.0003853792150039226
SWKS,8,2026-04-07 15:30:00+00:00,11:30,-0.000484311836771667,down,-0.008068541996181011,-0.002967288251966238,-0.006025170441716909,-0.0025071771815419197,-0.006387572735548019,-0.006729137152433395,-0.011473922058939934,-0.009663905948400497,-0.009618799202144146,-0.014188035391271114,-0.014040580950677395,-0.01006007008254528,-0.005018854979425669,-0.004301269538700581,-0.005028813146054745,-0.006405606400221586,-0.005853121168911457,-0.008264766074717045,-0.007675043772906065,-0.00956004112958908,-0.009723400697112083,-0.011872556060552597,-0.012744233943521976,-0.0067628356628119946,-0.0073602828197181225,-0.000484311836771667
MSCI,8,2026-04-07 15:30:00+00:00,11:30,-0.0004868452961090952,down,-0.003689632285386324,-0.001334617380052805,-0.0023592214565724134,0.000316467834636569,0.00045380304800346494,-0.0011356690665706992,-0.0034210323356091976,-0.0038443547673523426,-0.005133009050041437,-0.004041215870529413,-0.002234904794022441,-0.000808710465207696,-0.0003462506574578583,-3.3950967917917296e-05,-0.0007676244131289423,-0.0012386897578835487,0.0006624442175962031,0.0002504985604900867,-0.000730440195184201,-0.0015888347988948226,-0.0022182476241141558,-0.003545195795595646,-0.003785819048061967,-0.0014861278468742967,-0.003118341788649559,-0.0004868452961090952
ZBRA,8,2026-04-07 15:30:00+00:00,11:30,-0.0004932907759211957,down,-0.003440204542130232,-0.0007178493542596698,-0.0044411648996174335,-0.0009483189205639064,-0.004047371447086334,-0.0030612556729465723,-0.0053922333754599094,-0.004940407816320658,-0.004720252938568592,-0.003128072014078498,-0.0012933190446346998,-0.0021093168761581182,-0.001900920644402504,-0.0006581994821317494,-0.0013952580047771335,-0.0016213833587244153,0.0008020434761419892,-0.0027596880681812763,-0.0038906445261090994,-0.003101998707279563,-0.002619501668959856,-0.0054312413558363914,-0.0046279579401016235,0.0010169444140046835,-0.0006727793952450156,-0.0004932907759211957
BBY,8,2026-04-07 15:30:00+00:00,11:30,-0.0005014840280637145,down,0.0018903805175796151,0.004234070423990488,-0.0040516117587685585,-0.0032534836791455746,-0.007064221892505884,-0.008550694212317467,-0.008456503041088581,-0.007812843658030033,-0.007462513167411089,-0.010043378919363022,-0.008870567195117474,-0.008463016711175442,-0.007826799526810646,-0.004970231559127569,-0.0044709439389407635,-0.005511423107236624,-0.003989964723587036,-0.005063485354185104,-0.005849936977028847,-0.006907010916620493,-0.005354057066142559,-0.006646231282502413,-0.00791137758642435,-0.004631360061466694,-0.007588869426399469,-0.0005014840280637145
L,8,2026-04-07 15:30:00+00:00,11:30,-0.0005310347769409418,down,-0.0014947503805160522,0.0018233938608318567,0.0030482367146760225,0.002689305692911148,0.0053802477195858955,0.00440575834363699,0.005498680751770735,0.001644030213356018,0.003236879128962755,0.0009079378796741366,0.002629883587360382,0.0021828250028192997,0.0016023732023313642,0.0019075445597991347,0.0015198218170553446,0.0014055704232305288,0.002296543214470148,0.001108915894292295,0.00038031418807804585,-0.00016088891425170004,6.18949270574376e-05,-0.00225897878408432,-0.0022512811701744795,0.0007107085548341274,0.0001353415282210335,-0.0005310347769409418
ALGN,8,2026-04-07 15:30:00+00:00,11:30,-0.0005734227015636861,down,0.005630468018352985,0.007386790122836828,0.004207703284919262,0.0049795228987932205,0.0010360809974372387,-0.0008793385932222009,-0.001002241624519229,-0.0022890642285346985,-0.003170635551214218,-0.002539858454838395,-0.0009852208895608783,0.0010998048819601536,-0.0024659568443894386,-0.0011311600683256984,-0.001942440401762724,-0.002548233140259981,0.0020946895238012075,0.0007455340819433331,-0.0005705532967112958,-0.0026615713723003864,-0.0018272470915690064,-0.0030053250957280397,-0.0022787824273109436,0.000558787549380213,-0.0023107328452169895,-0.0005734227015636861
ISRG,8,2026-04-07 15:30:00+00:00,11:30,-0.0006167426472529769,down,-0.00691989017650485,-0.003151596523821354,-0.00310628698207438,-0.0005107410252094269,-0.001437984872609377,-0.004098902456462383,-0.004579202737659216,-0.004235300235450268,-0.005827426910400391,-0.006182512268424034,-0.002724685939028859,-0.0031599996145814657,-0.0034662741236388683,-0.003800705773755908,-0.004264703020453453,-0.003425308968871832,-0.003354227403178811,-0.0025622171815484762,-0.003974560648202896,-0.0029058281797915697,-0.003006446873769164,-0.005152815952897072,-0.004682812839746475,-0.0018112323014065623,-0.003639994189143181,-0.0006167426472529769
LHX,8,2026-04-07 15:30:00+00:00,11:30,-0.0006236901390366256,down,-0.004464436322450638,-0.0022099914494901896,-0.005088859237730503,-0.000483690615510568,0.0006520652095787227,-0.0013744259485974908,-0.0017692914698272943,-0.000549609016161412,-0.0020623214077204466,-0.003593259258195758,-0.0021567577496170998,-0.0011406450066715479,-0.001708975643850863,-0.0023581928107887506,-0.002040780847892165,-0.0029370428528636694,-0.0025393259711563587,-0.0016765561886131763,-0.002915111370384693,-0.001754668657667935,-0.001490875263698399,-0.003942286130040884,-0.004666233900934458,-0.0017722046468406916,-0.0035035153850913048,-0.0006236901390366256
AJG,8,2026-04-07 15:30:00+00:00,11:30,-0.0006513099069707096,down,-0.0042052301578223705,-0.001219291123561561,-0.002902059815824032,-0.0016209385357797146,-0.0020004550460726023,-0.003262596670538187,-0.005112361162900925,-0.0033798865042626858,-0.005198794882744551,-0.004011203534901142,-0.002682403428480029,-0.0022411677055060863,-0.002773457206785679,-0.0008979329722933471,-0.0028264035936444998,-0.0022245952859520912,-0.0015789048047736287,-0.002916733967140317,-0.0035602289717644453,-0.003918190486729145,-0.0032439567148685455,-0.004697331227362156,-0.002755763242021203,-0.0013057535979896784,-0.0016292178770527244,-0.0006513099069707096
MET,8,2026-04-07 15:30:00+00:00,11:30,-0.0006930492236278951,down,-0.002405466279014945,0.0011903865961357951,-0.0006751347682438791,0.0036449844483286142,0.001590012339875102,-0.0015643683727830648,-0.0061045484617352486,-0.003279301570728421,-0.005186535883694887,-0.005949517711997032,-0.004782822448760271,-0.002464995253831148,-0.002305988920852542,-0.0008054591016843915,-0.0011164526222273707,-0.002617613645270467,-0.0015108794905245304,-0.0012047848431393504,-0.001540718018077314,-0.0015191928250715137,-0.002180964220315218,-0.003998430911451578,-0.003630999242886901,-0.0006165913073346019,-0.002111074049025774,-0.0006930492236278951
EXR,8,2026-04-07 15:30:00+00:00,11:30,-0.000697320094332099,down,-0.0015333263436332345,0.000565984402783215,-0.0025614488404244184,-0.001304931240156293,-0.00044516645721159875,-0.0015292161842808127,-0.0048482660204172134,-0.004851971287280321,-0.004867990501224995,-0.004395270720124245,-0.002688728040084243,-0.0032675997354090214,-0.0032036462798714638,-0.004001997876912355,-0.004487616941332817,-0.005625173915177584,-0.0028292902279645205,-0.003763463580980897,-0.0032914108596742153,-0.0034883555490523577,-0.00493679428473115,-0.008017187938094139,-0.006761741824448109,-0.003563005244359374,-0.005255446303635836,-0.000697320094332099
JBHT,8,2026-04-07 15:30:00+00:00,11:30,-0.0007072499138303101,down,-0.0028505108784884214,-1.7375215975334868e-05,-0.001998401479795575,0.0018662676448002458,7.2918483056128025e-06,-0.001439640182070434,-0.005984454415738583,-0.0023303600028157234,-0.0032399229239672422,-0.004103743936866522,-0.0012168894754722714,0.000992834335193038,0.0004780598683282733,0.0006055088015273213,0.0009141166228801012,0.00011204933980479836,0.002279307460412383,-6.434092938434333e-05,0.0005772757576778531,-0.00020899513037875295,-6.080215098336339e-05,-0.002882219385355711,-0.004692945163697004,0.00017695345741230994,-0.0011833019088953733,-0.0007072499138303101
APP,8,2026-04-07 15:30:00+00:00,11:30,-0.0007258690893650055,down,-0.01564861088991165,-0.015482532791793346,-0.02733415551483631,-0.01875019259750843,-0.02481967769563198,-0.027993518859148026,-0.02837197855114937,-0.020932026207447052,-0.014488691464066505,-0.017049266025424004,-0.01229878980666399,-0.008944773115217686,-0.006084428634494543,-0.02541775442659855,-0.0243951678276062,-0.027824385091662407,-0.0289150383323431,-0.0178681667894125,-0.030492594465613365,-0.022654667496681213,-0.020368818193674088,-0.013512253761291504,-0.00967045035213232,-0.0015102347824722528,-0.007941670715808868,-0.0007258690893650055
DHR,8,2026-04-07 15:30:00+00:00,11:30,-0.000730744912289083,down,-0.0033486520405858755,-0.0008146542240865529,-0.0038928184658288956,-0.002555688377469778,-0.004624263849109411,-0.006031363271176815,-0.006484983954578638,-0.0042777592316269875,-0.004782998003065586,-0.003404185175895691,-0.003602601820603013,-0.000456171139376238,-0.0022237044759094715,-0.0028556662146002054,-0.005091682076454163,-0.0045362371020019054,-0.002006134483963251,-0.0027998134028166533,-0.0026782017666846514,-0.0021953843533992767,-0.002731942106038332,-0.003768456634134054,-0.0028336907271295786,0.0007751238881610334,-0.00030328985303640366,-0.000730744912289083
PFG,8,2026-04-07 15:30:00+00:00,11:30,-0.0007784870103932917,down,-0.004878467880189419,-0.0025162966921925545,-0.003933417610824108,-0.000800478970631957,-0.001509778550826013,-0.00216295151039958,-0.006805461831390858,-0.005492086056619883,-0.00744925020262599,-0.009949351660907269,-0.00970220472663641,-0.006076279561966658,-0.006462934426963329,-0.0053007835522294044,-0.0038388024549931288,-0.005071999970823526,-0.0024160982575267553,-0.0032654046081006527,-0.0029118619859218597,-0.003448638366535306,-0.0032887260895222425,-0.004062105901539326,-0.004576681647449732,0.00019640938262455165,-0.0022494401782751083,-0.0007784870103932917
CRL,8,2026-04-07 15:30:00+00:00,11:30,-0.0007798284641467035,down,0.0019543443340808153,0.0008585097966715693,-0.0027690655551850796,-0.0009897456038743258,-0.0010571528691798449,-0.002693688729777932,-0.007034475915133953,-0.004226831719279289,-0.003675682470202446,-0.002422016579657793,-0.0017951769987121224,-0.001716619823127985,-0.004097085911780596,-0.0031819595023989677,-0.004743296653032303,-0.004660760518163443,-0.0024033933877944946,-0.0021294704638421535,-0.004270285367965698,-0.0017949111061170697,-0.001433236408047378,-0.001528595807030797,-0.0001491059665568173,0.0010087498230859637,-0.0028240110259503126,-0.0007798284641467035
WELL,8,2026-04-07 15:30:00+00:00,11:30,-0.0007868069224059582,down,-0.002202534582465887,0.00021895463578402996,-0.0008520526462234557,0.0013627043226733804,0.0029283652547746897,0.001639354508370161,0.0008520603878423572,0.0017943123821169138,0.0010069862473756075,0.00034775451058521867,0.0007886355160735548,0.0009092699619941413,0.001656502834521234,0.0002843828988261521,0.00011454532068455592,0.0003849493514280766,0.001618240843527019,0.0013343464815989137,0.0023284978233277798,0.002128142397850752,0.00027985876658931375,-0.0021714067552238703,-0.003881174372509122,-0.0013551694573834538,-0.0007731620571576059,-0.0007868069224059582
CFG,8,2026-04-07 15:30:00+00:00,11:30,-0.000791771337389946,down,-0.003954604268074036,-0.0010357219725847244,-0.0021046793553978205,-1.1191576049895957e-05,0.0002720269258134067,-0.00152122403960675,-0.0027217241004109383,-0.0021696463227272034,-0.002672753995284438,-0.003522938583046198,-0.0013899917248636484,-0.000298502593068406,-0.0004195602086838335,-0.0005628106882795691,-0.0005196442943997681,-0.0009515290148556232,0.0004263898590579629,-8.249212260125205e-05,-0.0006610784330405295,0.00013738765846937895,-0.0001920972572406754,-0.0017774805892258883,-0.0013020470505580306,0.0002823933318722993,-0.0014284765347838402,-0.000791771337389946
MLM,8,2026-04-07 15:30:00+00:00,11:30,-0.000820232555270195,down,0.003740539774298668,0.0024784328415989876,0.004450172185897827,0.0062129199504852295,0.006822884548455477,0.004026827868074179,0.0015233479207381606,0.002120617078617215,-0.002865883521735668,-0.0016271460335701704,-0.0004013727302663028,0.001928733428940177,0.001332270447164774,0.00025191280292347074,-0.0007649956387467682,-0.000628929294180125,0.002020837040618062,0.0016816126881167293,6.343747372739017e-05,-0.0009272341849282384,-0.000835372949950397,-0.0012334039201959968,-0.0018360336543992162,-0.0010432286653667688,-0.003522659884765744,-0.000820232555270195
EQIX,8,2026-04-07 15:30:00+00:00,11:30,-0.0008297670283354819,down,0.0019668168388307095,-0.0007058357005007565,-0.0011464889394119382,0.0003577943716663867,0.004257522523403168,0.0019186140270903707,-0.00042882977868430316,0.001901160110719502,-0.002021906664595008,-0.0012112960685044527,0.001244109938852489,0.0024236051831394434,0.0011659859446808696,0.0009801367996260524,-1.5800365872564726e-05,0.0002381912199780345,0.002233857987448573,0.000674359267577529,7.599327364005148e-05,0.0005939885741099715,-0.0012979250168427825,-0.00501677393913269,-0.0036939599085599184,-0.003433946752920747,-0.006733563728630543,-0.0008297670283354819
FDS,8,2026-04-07 15:30:00+00:00,11:30,-0.0008411455200985074,down,-0.0006426965701393783,0.00035623801522888243,-0.0030909981578588486,0.0010259512346237898,-0.0012552858097478747,-0.0019869983661919832,-0.004043621942400932,-0.004248540848493576,-0.007428427692502737,-0.004163330886512995,-0.001345570432022214,-0.00036312564043328166,-0.0014833180466666818,-0.0018522895406931639,-0.004276426509022713,-0.005233230069279671,-0.002073880285024643,-0.0019211602630093694,-0.0016598040238022804,-0.0007708665216341615,0.0012942267348989844,-0.0017863643588498235,-0.002702191472053528,0.00048237573355436325,-0.0013139527291059494,-0.0008411455200985074
PNR,8,2026-04-07 15:30:00+00:00,11:30,-0.0008813579333946109,down,-0.0046145301312208176,-0.0030570372473448515,-0.005449274089187384,-0.0029428554698824883,-0.002802255330607295,-0.0029619932174682617,-0.005682849790900946,-0.00412228237837553,-0.0033140031155198812,-0.0033180397003889084,-0.0006348888855427504,-0.0004700483113992959,0.0002932639908976853,-2.329644121346064e-05,0.00025001162430271506,-0.001873545697890222,0.0006344240973703563,-4.4799344323109835e-05,-0.0010758732678368688,0.0005638697184622288,0.00019030217663384974,-0.0018851596396416426,-0.0031279304530471563,0.00048534380039200187,-0.001162156113423407,-0.0008813579333946109
EVRG,8,2026-04-07 15:30:00+00:00,11:30,-0.0009425586322322488,down,-0.002288614399731159,-0.0016183349071070552,-0.001964050345122814,-0.00027387807494960725,0.0006434454116970301,-0.0014530019834637642,-0.0025169996079057455,-0.001861655618995428,-0.0015381088014692068,-0.0017865535337477922,0.0011692241532728076,0.0010001894552260637,0.0005191898671910167,0.000657483353279531,-0.0003759195969905704,-0.0012723903637379408,-0.000509779725689441,-0.0007326570339500904,-0.0013469273690134287,-0.0003868060011882335,-0.0013847912196069956,-0.00511923898011446,-0.00394971389323473,-0.001419613603502512,-0.0013163600815460086,-0.0009425586322322488
IEX,8,2026-04-07 15:30:00+00:00,11:30,-0.000967987347394228,down,-0.0010210846085101366,0.0022150275763124228,0.0009977651061490178,0.003076231572777033,0.0014028392033651471,2.0058676454937086e-05,-0.0026118226815015078,-0.0014651801902800798,-0.002368583343923092,-0.001792079652659595,-0.0008062965935096145,0.0005806545959785581,-3.428973286645487e-05,0.0006536761648021638,-0.00026064651319757104,-0.0014882887480780482,0.0009482218883931637,0.0018269354477524757,0.000648183049634099,-0.0002322617801837623,-0.0012866640463471413,-0.002340715378522873,-0.003628914710134268,-0.00019187640282325447,-0.0016446062363684177,-0.000967987347394228
PLD,8,2026-04-07 15:30:00+00:00,11:30,-0.0009907501516863704,down,-0.004415192641317844,-0.0037468227092176676,-0.0054794494062662125,-0.0018742774846032262,0.001154603436589241,0.0018561504548415542,-0.0015492093516513705,-0.0022065616212785244,-0.0026615832466632128,-0.0044878399930894375,-0.003231109818443656,-0.0015455165412276983,-0.0005915014189668,-0.0017023667460307479,-0.001586861559189856,-0.0012292250758036971,-0.0001621753617655486,-0.0009911846136674285,-0.00029670391813851893,-0.00040036143036559224,-0.0005943233845755458,-0.0027855278458446264,-0.0030066773761063814,0.0013310842914506793,-0.0016144190449267626,-0.0009907501516863704
C,8,2026-04-07 15:30:00+00:00,11:30,-0.0009936770657077432,down,-0.01241281908005476,-0.007006966508924961,-0.01080618891865015,-0.006909558549523354,-0.004564720671623945,-0.006501578260213137,-0.008927603252232075,-0.007442140486091375,-0.008202060125768185,-0.009842217899858952,-0.0060713146813213825,-0.0072350092232227325,-0.007963787764310837,-0.00518606835976243,-0.003524536732584238,-0.003513661213219166,-0.0022964836098253727,-0.002624478656798601,-0.0034409034997224808,-0.0028367359191179276,-0.003045132616534829,-0.005796998273581266,-0.005964997690171003,-0.002869795775040984,-0.003358198096975684,-0.0009936770657077432
BRK-B,8,2026-04-07 15:30:00+00:00,11:30,-0.0010018243920058012,down,-0.0066412403248250484,-0.005779940634965897,-0.00661593908444047,-0.0037757414393126965,-0.003088610712438822,-0.003377896035090089,-0.005374958738684654,-0.007113087456673384,-0.00809036660939455,-0.007272138725966215,-0.005812185816466808,-0.005743107758462429,-0.005790278315544128,-0.005515148863196373,-0.005091708619147539,-0.0044554718770086765,-0.004123691935092211,-0.003588292747735977,-0.003003125311806798,-0.0030633544083684683,-0.0036710069980472326,-0.005366808734834194,-0.005315856542438269,-0.00310240569524467,-0.004089478403329849,-0.0010018243920058012
APTV,8,2026-04-07 15:30:00+00:00,11:30,-0.0010072172153741121,down,-0.009229305200278759,-0.001822472782805562,-0.00523005798459053,-0.0023702860344201326,-0.007324581500142813,-0.006561672315001488,-0.013387697748839855,-0.011128482408821583,-0.01008666679263115,-0.0129581019282341,-0.008453045971691608,-0.0084266671910882,-0.006066512316465378,-0.004949803464114666,-0.008871078491210938,-0.007924258708953857,-0.006687283981591463,-0.005556375253945589,-0.0076608494855463505,-0.008825126104056835,-0.0074172066524624825,-0.010351140052080154,-0.010245829820632935,-0.0052161007188260555,-0.00808788277208805,-0.0010072172153741121
ETN,8,2026-04-07 15:30:00+00:00,11:30,-0.0010168381268158555,down,-0.0024538622237741947,-0.002471556421369314,-0.004334138706326485,-0.00164924340788275,-0.001846326980739832,-0.003753944765776396,-0.006596298422664404,-0.004872479010373354,-0.006639705505222082,-0.005840758327394724,-0.0026054889895021915,-0.0023858677595853806,-0.002078064950183034,-0.0028725797310471535,-0.002924690954387188,-0.0021994104608893394,-0.00021700697834603488,-0.0004717185802292079,-0.0012495648115873337,-0.0014166776090860367,0.000377751886844635,-0.003234259318560362,-0.003509970149025321,0.0001899703056551516,-0.0037051141262054443,-0.0010168381268158555
ALL,8,2026-04-07 15:30:00+00:00,11:30,-0.0010215836809948087,down,-0.005489655304700136,-0.002529519610106945,-0.002000323962420225,-0.0027587618678808212,-0.002178823808208108,-0.0035558990202844143,-0.005458590108901262,-0.005689231678843498,-0.004477330483496189,-0.0027238754555583,-0.0021262369118630886,-0.0011897836811840534,-0.0016559764044359326,-0.0017049653688445687,-0.002034560078755021,-0.002497337060049176,0.0018096700077876449,0.00026223654276691377,0.00013560957449954003,0.0007529842550866306,-0.0012812184868380427,-0.003387128934264183,-0.004388696979731321,-0.002564455848187208,-0.003802782390266657,-0.0010215836809948087
GS,8,2026-04-07 15:30:00+00:00,11:30,-0.0011144413147121668,down,-0.006999507546424866,-0.005384193733334541,-0.007274437230080366,-0.0015609428519383073,-0.0011513816425576806,-0.003527191700413823,-0.00518971960991621,-0.0041807712987065315,-0.006305117160081863,-0.0054253702983260155,-0.002436251612380147,-0.0019412948749959469,-0.001254763687029481,-0.0012332223122939467,-0.0005161713343113661,-0.0021754440385848284,-0.00022844337217975408,-0.001180921564809978,-0.0009547985973767936,-0.0012818912509828806,-0.0025830864906311035,-0.005023934878408909,-0.00520985946059227,-0.00246448558755219,-0.0035692944657057524,-0.0011144413147121668
PLTR,8,2026-04-07 15:30:00+00:00,11:30,-0.0011285156942903996,down,-0.008595096878707409,-0.012316395528614521,-0.021584656089544296,-0.018516259267926216,-0.01969919539988041,-0.0237317755818367,-0.02268173359334469,-0.01873611845076084,-0.016371095553040504,-0.01475338265299797,-0.008136820048093796,-0.006708723958581686,-0.005655416287481785,-0.007108103018254042,-0.00832127220928669,-0.008765120059251785,-0.0026875322218984365,-0.004056430421769619,-0.005582780577242374,-0.006256995256990194,-0.006427268497645855,-0.012891341932117939,-0.00937111210078001,-0.0027011765632778406,-0.004678705241531134,-0.0011285156942903996
J,8,2026-04-07 15:30:00+00:00,11:30,-0.0011319339973852038,down,0.0016124045941978693,0.0038144532591104507,0.003347851103171706,0.004358888603746891,0.006162276025861502,0.006375495344400406,0.004359169863164425,0.0036107536870986223,0.006096954923123121,0.004282976966351271,0.004501672927290201,0.005068104714155197,0.0035785511136054993,0.0018965740455314517,0.0030575322452932596,0.001239639357663691,0.003360373666509986,0.002530993428081274,0.0011408290592953563,0.0022692899219691753,9.002986189443618e-05,-0.002206160221248865,-0.002685240004211664,-0.000552946759853512,-0.0020734486170113087,-0.0011319339973852038
NI,8,2026-04-07 15:30:00+00:00,11:30,-0.0011581390863284469,down,-0.002391744637861848,0.000410256179748103,0.0006983204511925578,0.002385041443631053,0.004649187903851271,0.0028882669284939766,-0.0008398973732255399,-0.0010325249750167131,0.0007915244204923511,0.0004901594365946949,0.002440058160573244,0.0025949550326913595,0.0005292546702548862,0.0018756598001345992,0.0008859283407218754,0.0005226219072937965,0.0017713981214910746,0.001996132545173168,0.0015383302234113216,0.002738886745646596,0.0018631774000823498,-0.0018303565448150039,-0.002013684716075659,0.0011866595596075058,-0.0013299771817401052,-0.0011581390863284469
TT,8,2026-04-07 15:30:00+00:00,11:30,-0.001256786403246224,down,-0.00801135879009962,-0.008217515423893929,-0.007597927004098892,-0.0031987428665161133,-0.0029287231154739857,-0.006271646358072758,-0.008030916564166546,-0.009411176666617393,-0.01325615867972374,-0.011100763455033302,-0.005512566305696964,-0.005766597110778093,-0.005354628898203373,-0.003977810963988304,-0.005734771955758333,-0.005820929538458586,-0.001224675215780735,-0.0018238022457808256,-0.003680226393043995,-0.004201120231300592,-0.0044903140515089035,-0.004699593875557184,-0.006474505644291639,-0.002537486143410206,-0.002560773165896535,-0.001256786403246224
FDX,8,2026-04-07 15:30:00+00:00,11:30,-0.0012574730208143592,down,-0.004965983331203461,-0.0039406572468578815,-0.004388575907796621,-0.002060826402157545,-0.0011037184158340096,-0.004422866273671389,-0.004942039493471384,-0.0047605810686945915,-0.006382571533322334,-0.004933394957333803,-0.00318983499892056,-0.0018958310829475522,-0.0013101851800456643,-0.0023109251633286476,-0.002950458088889718,-0.0036060111597180367,-0.001600236282683909,-0.0012603260111063719,-0.002207542071118951,-0.003270098939538002,-0.002854592865332961,-0.005923829507082701,-0.006438328884541988,-0.0038398809265345335,-0.004055999219417572,-0.0012574730208143592
EMR,8,2026-04-07 15:30:00+00:00,11:30,-0.0013066563988104463,down,-0.007351893465965986,-0.004751818720251322,-0.0075971633195877075,-0.0042821611277759075,-0.003641537856310606,-0.0036504240706562996,-0.006798466667532921,-0.0056159342639148235,-0.005026854574680328,-0.006627954076975584,-0.004888254217803478,-0.0034527441021054983,-0.002374746836721897,-0.0028712116181850433,-0.0038236314430832863,-0.0043505518697202206,-0.0025051587726920843,-0.002173509681597352,-0.0031058499589562416,-0.0027264433447271585,-0.004483463242650032,-0.006636033300310373,-0.006802693475037813,-0.0022561228834092617,-0.0035595521330833435,-0.0013066563988104463
COST,8,2026-04-07 15:30:00+00:00,11:30,-0.0013377480208873749,down,-0.005539575591683388,-0.004821783863008022,-0.004910886753350496,-0.0019026121590286493,0.0013105235993862152,-0.000967704108916223,-0.0007476074970327318,-0.0022484557703137398,-0.004036795347929001,-0.003285706974565983,-0.0006045310874469578,-0.0016730931820347905,-0.0006052246317267418,-0.0012664392124861479,-0.002194352447986603,-0.0017482400871813297,-0.0009513141121715307,-0.0016305395402014256,-0.001349064288660884,-0.0012541119940578938,-0.0014348439872264862,-0.0035914843901991844,-0.005559071432799101,-0.0037990384735167027,-0.0038325085770338774,-0.0013377480208873749
TROW,8,2026-04-07 15:30:00+00:00,11:30,-0.0013534259051084518,down,-0.005446355789899826,-0.0010630126344040036,-0.003804139792919159,-0.004748417064547539,-0.0063786134123802185,-0.005839766934514046,-0.011320909485220909,-0.010051915422081947,-0.010504122823476791,-0.010026336647570133,-0.008490237407386303,-0.007899322547018528,-0.005491646938025951,-0.0039511313661932945,-0.005094374064356089,-0.006121326237916946,-0.0017067990265786648,-0.0023208260536193848,-0.0023235029075294733,-0.002194638829678297,-0.0019752425141632557,-0.0018632776336744428,-0.0019502047216519713,0.0021271216683089733,0.000719996343832463,-0.0013534259051084518
NDAQ,8,2026-04-07 15:30:00+00:00,11:30,-0.001354430103674531,down,-0.0036773046012967825,-0.00029477637144736946,-0.0023527995217591524,-0.0003767939342651516,-0.00021953563555143774,-0.00211893068626523,-0.005727708805352449,-0.003172632772475481,-0.004789070691913366,-0.006537576671689749,-0.006144314538687468,-0.0031816104892641306,-0.0029636321123689413,-0.0013911554124206305,-0.0002827465650625527,-0.002541189081966877,-0.001025893958285451,-0.001891865860670805,-0.0030089064966887236,-0.0025060276966542006,-0.0027744509279727936,-0.0033795495983213186,-0.003010089509189129,0.0019425541395321488,-0.0019283490255475044,-0.001354430103674531
STZ,8,2026-04-07 15:30:00+00:00,11:30,-0.001386055606417358,down,-0.005267629399895668,-0.0027459491975605488,-0.007112086750566959,-0.005194015800952911,-0.004846485331654549,-0.006622553803026676,-0.007445121183991432,-0.0066763567738235,-0.0070895180106163025,-0.007694658357650042,-0.004510050639510155,-0.004863500129431486,-0.005731186829507351,-0.0047442493960261345,-0.004883402958512306,-0.00554936658591032,-0.002730191685259342,-0.0044931042939424515,-0.004080354236066341,-0.0026447901036590338,-0.003644977929070592,-0.0041229939088225365,-0.0043459683656692505,0.0002825850679073483,-0.0009135123691521585,-0.001386055606417358
IT,8,2026-04-07 15:30:00+00:00,11:30,-0.0013934695161879063,down,-0.006818020716309547,0.0014585042372345924,-0.005937009118497372,-0.005179904401302338,-0.012667300179600716,-0.01030903123319149,-0.013290428556501865,-0.012047959491610527,-0.009865637868642807,-0.010922539979219437,-0.006094282027333975,-0.005074853077530861,-0.0076345233246684074,-0.003550078487023711,-0.006321959663182497,-0.008553697727620602,-0.00670574652031064,-0.005642381496727467,-0.007960041053593159,-0.006729176267981529,-0.005870747845619917,-0.006749398075044155,-0.007795123849064112,-0.006412235088646412,-0.011184806935489178,-0.0013934695161879063
NWS,8,2026-04-07 15:30:00+00:00,11:30,-0.0014097171369940042,down,-0.00012007979239569977,0.0018938190769404173,0.00029333552811294794,0.002717484487220645,0.0015056176343932748,0.00016173608310054988,-0.0010202731937170029,0.00021885850583203137,-0.000434675719588995,0.0005967480246908963,0.0026147824246436357,0.002500741044059396,0.001723541528917849,0.0022136883344501257,0.001132127013988793,0.00045306223910301924,0.0021896474063396454,0.0015009752241894603,0.001423626788891852,0.002013229764997959,0.00037268403684720397,-0.0009319600067101419,-0.0022888625971972942,0.001214945106767118,-0.0014941897243261337,-0.0014097171369940042
PM,8,2026-04-07 15:30:00+00:00,11:30,-0.0014423782704398036,down,-0.0006815639790147543,0.0028332360088825226,-0.0015830382471904159,-0.0007285095052793622,-0.00029190804343670607,-0.0019166895654052496,-0.0022725090384483337,-0.00034004420740529895,-0.0018867871258407831,-0.001767877023667097,0.0014443695545196533,0.0009656383190304041,0.0007890289416536689,0.0011406843550503254,-0.0020844226237386465,-0.0027123610489070415,0.0002998054551426321,0.00143779709469527,0.000266765127889812,0.00035035284236073494,0.0013391543179750443,0.0017595583340153098,0.00349671533331275,0.003821224207058549,0.00047074255417101085,-0.0014423782704398036
MTD,8,2026-04-07 15:30:00+00:00,11:30,-0.001473214477300644,down,-0.004472701344639063,-0.001577980350703001,-0.004839617293328047,-0.0017982689896598458,-0.0033582148607820272,-0.0046637640334665775,-0.005436749663203955,-0.0052018603309988976,-0.00604259641841054,-0.0061460514552891254,-0.0027281891088932753,-0.0028960779309272766,-0.00218024430796504,-0.0031860857270658016,-0.0038232191000133753,-0.003963205497711897,-0.00018836579693015665,-0.0013007804518565536,-0.0020312077831476927,-0.002372259274125099,-0.003490408416837454,-0.004810268525034189,-0.0054381066001951694,-0.002058859681710601,-0.00290554272942245,-0.001473214477300644
AXP,8,2026-04-07 15:30:00+00:00,11:30,-0.0014879978261888027,down,0.0029232038650661707,0.003815984120592475,0.004721905570477247,0.005597684066742659,0.004318656399846077,0.003090193495154381,0.0009476104169152677,0.001589080784469843,-0.0005238951416686177,-0.002021731110289693,-0.0002735790330916643,3.135205361104454e-06,0.0003541549085639417,-0.0005426057032309473,-0.0001700251450529322,-0.003161068307235837,0.000214296393096447,-0.001318484079092741,-0.002146743703633547,-0.002858339110389352,-0.00239182380028069,-0.005138097330927849,-0.005234609358012676,-0.0013541324296966195,-0.003485891269519925,-0.0014879978261888027
RF,8,2026-04-07 15:30:00+00:00,11:30,-0.001526182983070612,down,-0.007278508506715298,-0.0010351066011935472,-0.0036823733244091272,-0.0007919488125480711,-0.0007111530867405236,-0.00010429399844724685,-0.002988469088450074,-0.002283642766997218,-0.0041793398559093475,-0.004991045221686363,-0.00292877946048975,-0.0035742386244237423,-0.002852319274097681,-0.002240763045847416,-0.001336401328444481,-0.0016038628527894616,-0.001244662911631167,-0.0020636566914618015,-0.0018168475944548845,-0.0009853244991973042,-0.0021804876159876585,-0.004091985989362001,-0.003692211350426078,0.00024126036441884935,-0.0008536339737474918,-0.001526182983070612
GLW,8,2026-04-07 15:30:00+00:00,11:30,-0.0015564195346087217,down,-0.010226809419691563,-0.012561277486383915,-0.01558578759431839,-0.011169255711138248,-0.008807729929685593,-0.013300870545208454,-0.016548901796340942,-0.009437940083444118,-0.011503634974360466,-0.006580890156328678,-0.004690169356763363,-0.0026220018044114113,-0.005013098940253258,-0.005541809368878603,-0.002520635724067688,-0.004739351570606232,-0.0022592791356146336,-0.003998307045549154,-0.004005820956081152,-0.005589614622294903,-0.011163770221173763,-0.014169497415423393,-0.014891212806105614,-0.007565328851342201,-0.0059812478721141815,-0.0015564195346087217
ED,8,2026-04-07 15:30:00+00:00,11:30,-0.001584267825819552,down,-0.002509626094251871,-0.0007375272107310593,-0.000625253131147474,0.00032220210414379835,0.0036898916587233543,0.002484753029420972,0.0010506059043109417,-0.0013793820980936289,0.0002485523873474449,-0.00013879223843105137,0.0020466388668864965,0.002583242952823639,0.0019156347261741757,0.000461281044408679,0.0004362502368167043,0.0006614486337639391,0.0008661450119689107,0.0008161128498613834,0.00060493458295241,0.0012078247964382172,0.00048520354903303087,-0.0031335779931396246,-0.0029905459377914667,-0.0010302686132490635,-0.002332600299268961,-0.001584267825819552
GD,8,2026-04-07 15:30:00+00:00,11:30,-0.0015893542440608144,down,-0.0010627452284097672,0.00015463432646356523,0.00047647347673773766,0.0017955078510567546,0.004572668578475714,0.0025072083808481693,0.001073529594577849,-0.0002684833307284862,-0.0024884867016226053,-0.00279437517747283,-0.0011526403250172734,9.064418554771692e-05,-0.0005135527462698519,-0.0011764721712097526,-0.002495679073035717,-0.0028039535973221064,-0.002397713717073202,-0.0016789978835731745,-0.0027711130678653717,-0.0019402733305469155,-0.0010834826389327645,-0.0040300083346664906,-0.003960796166211367,-0.0015710813459008932,-0.003310950007289648,-0.0015893542440608144
O,8,2026-04-07 15:30:00+00:00,11:30,-0.0016101584769785404,down,-0.0027767440769821405,-0.0010101452935487032,-0.0011814620811492205,-0.0008391404408030212,0.0012111096875742078,0.0002070197369903326,-0.0007789563969708979,-0.00036931168870069087,0.0002758871123660356,-0.0012248656712472439,0.0013838501181453466,0.0001838074967963621,-0.0008444177801720798,-0.0011336096795275807,-0.0009784302674233913,-0.0015993057750165462,0.000752307299990207,0.0005976270185783505,0.0015168108511716127,0.0018452014774084091,0.0016250453190878034,-0.00033093898673541844,0.0003295665665064007,0.0009451181394979358,-0.002001182409003377,-0.0016101584769785404
LVS,8,2026-04-07 15:30:00+00:00,11:30,-0.0016363029135391116,down,-0.004018381237983704,-0.000833646219689399,-0.0024224319495260715,-0.0002572137163951993,0.0007074950844980776,-0.0011855900520458817,-0.003036282956600189,-0.003227791516110301,-0.0032224911265075207,-0.002446175320073962,-0.0013093698071315885,-0.0009904138278216124,-0.0009680161019787192,-0.0013863802887499332,-0.0012311805039644241,-0.0026517449878156185,-0.0008166061597876251,-0.0020914438646286726,-0.0017899940721690655,-0.0019238676177337766,-0.002922400366514921,-0.005129194352775812,-0.005317317321896553,-0.0019230727339163423,-0.002963545499369502,-0.0016363029135391116
COIN,8,2026-04-07 15:30:00+00:00,11:30,-0.001638316549360752,down,-0.00753816170617938,-0.010522081516683102,-0.01789773255586624,-0.010820270515978336,-0.019206611439585686,-0.01837407425045967,-0.02277197688817978,-0.020255714654922485,-0.016550740227103233,-0.012695841491222382,-0.008015371859073639,-0.005036221817135811,-0.009373905137181282,-0.009135753847658634,-0.008480562828481197,-0.01041698083281517,-0.006241596303880215,-0.0027878524269908667,-0.0043644108809530735,-0.006306839175522327,-0.009685629978775978,-0.012395817786455154,-0.008575898595154285,0.0008042354020290077,-0.008895940147340298,-0.001638316549360752
ICE,8,2026-04-07 15:30:00+00:00,11:30,-0.0016623999690636992,down,-0.0071470350958406925,-0.0027461082208901644,-0.003049982013180852,-0.0006305101560428739,0.000740294752176851,-0.0020906496793031693,-0.005543859675526619,-0.003560095326974988,-0.004261646885424852,-0.004569919314235449,-0.0023754851426929235,-0.002276550978422165,-0.003998134285211563,-0.0029106514994055033,-0.0023380073253065348,-0.003080905182287097,-0.001406031777150929,-0.0011565100867301226,-0.0017225316260010004,-0.001428894349373877,-0.0014777866890653968,-0.0036156338173896074,-0.004175505600869656,-0.0002348220587009564,0.0009166771778836846,-0.0016623999690636992
XEL,8,2026-04-07 15:30:00+00:00,11:30,-0.0016754863318055868,down,-0.0005069674807600677,0.00026010573492385447,-0.001697234227322042,-1.2495473129092716e-05,0.0009421613649465144,-0.0005354376626200974,-0.002236022148281336,-0.0014743342762812972,-0.0018759286031126976,-0.0023661204613745213,0.0007568583823740482,0.0006678731879219413,-0.0006937049911357462,0.0003542210324667394,-0.00035189054324291646,-0.001752069336362183,-0.000995970331132412,-0.0021269931457936764,-0.0024120183661580086,-0.0011792778968811035,-0.0021646905224770308,-0.00461608124896884,-0.004914877936244011,-0.0009977043373510242,-0.0016307493206113577,-0.0016754863318055868
ZBH,8,2026-04-07 15:30:00+00:00,11:30,-0.0016798628494143486,down,-0.0028437464497983456,-0.002231881720945239,-0.0031233655754476786,-0.0012169020483270288,-0.0007790002273395658,-0.0022812928073108196,-0.006117337848991156,-0.004281691275537014,-0.0031567993573844433,-0.003880598582327366,-0.0030244472436606884,-0.002437697723507881,-0.0024747992865741253,-0.0013598178047686815,-0.00029277853900566697,-0.001969784265384078,0.00038777984445914626,0.00029025814728811383,-0.00015937589341774583,-0.0004900770727545023,-0.0009577851742506027,-0.0034954745788127184,-0.0033105805050581694,0.0002976530813612044,-0.0008694918360561132,-0.0016798628494143486
SBUX,8,2026-04-07 15:30:00+00:00,11:30,-0.001691042329184711,down,-0.00864088349044323,-0.005961955990642309,-0.009266245178878307,-0.006934100762009621,-0.003667814191430807,-0.003939944785088301,-0.006487888749688864,-0.0076032979413867,-0.010286197997629642,-0.00878063589334488,-0.005367061123251915,-0.005298009142279625,-0.005202660337090492,-0.0033054377418011427,-0.0024067501071840525,-0.0038218314293771982,-0.004261404275894165,-0.004567163065075874,-0.002619930077344179,-0.0006725816056132317,-0.003928060177713633,-0.003777241101488471,-0.0068252175115048885,-0.001877683331258595,-0.0026571478229016066,-0.001691042329184711
FOXA,8,2026-04-07 15:30:00+00:00,11:30,-0.0016930614365264773,down,-0.005667933728545904,-0.005458408500999212,-0.005882322788238525,-0.003624864388257265,-0.0030973206739872694,-0.004498755093663931,-0.006007199175655842,-0.006955408491194248,-0.007110778708010912,-0.007497042417526245,-0.005965955555438995,-0.003935608547180891,-0.0027704404201358557,-0.0033595608547329903,-0.0019179437076672912,-0.0032494529150426388,-0.0018846618477255106,-0.001978085143491626,-0.0025098631158471107,-0.0017229636432603002,-0.0038277790881693363,-0.005224219989031553,-0.006240283139050007,-0.00213072937913239,-0.00426291162148118,-0.0016930614365264773
VRSN,8,2026-04-07 15:30:00+00:00,11:30,-0.0017082593403756618,down,0.0027098210994154215,0.0013769811484962702,-0.0026134466752409935,0.0007545046391896904,0.0010675995144993067,-0.0009326566942036152,-0.004042069893330336,-5.9315349062671885e-05,-0.0019001996843144298,-0.0012502906611189246,0.0007436185260303319,0.0035556515213102102,0.0026568009052425623,0.003784347791224718,0.0009912177920341492,-0.00422894349321723,0.00188781030010432,-0.002372566843405366,-0.005065025761723518,-0.0038493697065860033,-0.004783837124705315,-0.006655827164649963,-0.004598970524966717,-0.005342122167348862,-0.0090003227815032,-0.0017082593403756618
HSY,8,2026-04-07 15:30:00+00:00,11:30,-0.0017916616052389145,down,-0.007708692457526922,-0.004061789717525244,-0.004819293040782213,-0.005097697488963604,-0.005824374500662088,-0.007781811989843845,-0.010305988602340221,-0.008383283391594887,-0.008144523948431015,-0.005023248493671417,-0.003571251640096307,-0.002365171443670988,-0.0018141750479117036,-0.0024757920764386654,-0.0013823669869452715,-0.0022369774524122477,-2.6559209800325334e-05,-9.689262515166774e-05,-0.0010781192686408758,-0.0005978171247988939,-0.002779825823381543,-0.0033087581396102905,-0.0029166878666728735,-0.0011317601893097162,-0.004194207023829222,-0.0017916616052389145
ITW,8,2026-04-07 15:30:00+00:00,11:30,-0.0018025782192125916,down,-0.005776355508714914,-0.004312244709581137,-0.00397867476567626,-0.003919642884284258,0.001166673144325614,-0.0016161416424438357,-0.004153665620833635,-0.0027435265947133303,-0.0037262262776494026,-0.003862597979605198,-0.00198650942184031,-0.0009490656084381044,-0.002880727406591177,-0.002800330985337496,-0.0031224379781633615,-0.0032358721364289522,-0.0009018309647217393,-0.0029970300383865833,-0.002843493362888694,-0.0050477501936256886,-0.004964680876582861,-0.0072553884238004684,-0.008288046345114708,-0.003257928416132927,-0.003929253667593002,-0.0018025782192125916
FISV,8,2026-04-07 15:30:00+00:00,11:30,-0.0018291989108547568,down,-0.005654556211084127,-0.0033322705421596766,-0.005833049304783344,-0.004335410427302122,-0.0059935543686151505,-0.006063323002308607,-0.008615607395768166,-0.005712816491723061,-0.007075163535773754,-0.00804286077618599,-0.004854279104620218,-0.002164999023079872,-0.0018449629424139857,0.001620904658921063,0.0003283137339167297,-0.0020893525797873735,0.0009313467307947576,6.430581561289728e-05,-0.0002354186144657433,-0.0013351923553273082,-0.0003485193883534521,-0.005574812646955252,-0.005948666948825121,-8.32040241220966e-05,-0.004585630726069212,-0.0018291989108547568
NSC,8,2026-04-07 15:30:00+00:00,11:30,-0.0018550042295828462,down,0.001721354085020721,0.0009171207202598453,0.0032475879415869713,0.004796875640749931,0.007519917096942663,0.006207386497408152,0.005372832529246807,0.0046923100017011166,0.004532524384558201,0.0022503745276480913,0.005922650918364525,0.005558463279157877,0.005254671908915043,0.004520055837929249,0.0033027806784957647,0.002730332547798753,0.0036847167648375034,0.0034361667931079865,0.003407588694244623,0.003800472477450967,0.0037560469936579466,0.00038170034531503916,-0.0015961151802912354,0.0011069652391597629,-0.00035323548945598304,-0.0018550042295828462
BKNG,8,2026-04-07 15:30:00+00:00,11:30,-0.0018643905641511083,down,-0.0100895119830966,-0.008388361893594265,-0.014362813904881477,-0.012254481203854084,-0.015415279194712639,-0.01715323142707348,-0.01775035634636879,-0.014329930767416954,-0.014379605650901794,-0.00737714534625411,-0.00727339880540967,-0.00597560778260231,-0.007425551302731037,-0.006464480888098478,-0.006117282900959253,-0.007552420720458031,-0.004923164378851652,-0.005367848090827465,-0.0064989980310201645,-0.008553977124392986,-0.008491355925798416,-0.011770464479923248,-0.0112962881103158,-0.007134804502129555,-0.007440692279487848,-0.0018643905641511083
PNW,8,2026-04-07 15:30:00+00:00,11:30,-0.001881514210253954,down,-0.0004889513365924358,0.0009276327327825129,0.0004946041735820472,0.0005658017471432686,0.0046546743251383305,0.003170044394209981,0.0021240704227238894,6.620249769184738e-05,0.0024641533382236958,0.00031924733775667846,0.0022551994770765305,0.0016183845000341535,0.0010009401012212038,0.0009004134335555136,-3.8592050259467214e-05,0.0007013187278062105,0.0008287031087093055,0.0008312197169288993,0.0014331805286929011,0.0015870113857090473,0.001100685796700418,-0.000589749775826931,-0.001230584573931992,0.0008384748944081366,-0.00027553996187634766,-0.001881514210253954
TRV,8,2026-04-07 15:30:00+00:00,11:30,-0.0018992088735103607,down,0.002822024514898658,0.0032784086652100086,0.0030931869987398386,0.004604605957865715,0.004556010942906141,0.0034358736593276262,0.0016889887629076838,0.0011568516492843628,0.001431167940609157,0.0019466413650661707,0.003294693771749735,0.0038490290753543377,0.002621565479785204,0.002705368446186185,0.0017192878294736147,0.0007984066032804549,0.0032724114134907722,0.0031205613631755114,0.002445247955620289,0.0023749195970594883,0.0015040567377582192,-0.0017046777065843344,-0.0029910458251833916,0.00047192498459480703,-0.0026481645181775093,-0.0018992088735103607
NWSA,8,2026-04-07 15:30:00+00:00,11:30,-0.0019040844636037946,down,-0.0026226993650197983,-0.0012585435761138797,-0.001572056207805872,-0.0007238697726279497,7.128323341021314e-05,-0.002273790305480361,-0.0031922992784529924,-0.0035373340360820293,-0.002855116967111826,-0.0031643433030694723,-0.001577562652528286,-0.0008546565077267587,-0.0011645611375570297,-0.0010384056949988008,-0.0006438718410208821,-0.001880284515209496,0.00027700074133463204,-0.0002693154092412442,-0.00032801576890051365,-0.0004687284235842526,-0.001322318334132433,-0.0029471777379512787,-0.002898758975788951,-0.0005147072952240705,-0.0019468760583549738,-0.0019040844636037946
JCI,8,2026-04-07 15:30:00+00:00,11:30,-0.0019070723792538047,down,-0.0047438726760447025,-0.001557398121803999,-0.005485078319907188,-0.004615849815309048,-0.004859486594796181,-0.0047947922721505165,-0.008682184852659702,-0.007016347721219063,-0.00844887737184763,-0.006645746994763613,-0.004959438927471638,-0.00421573780477047,-0.003082271432504058,-0.0026920929085463285,-0.003082831623032689,-0.003256995929405093,-0.002177779097110033,-0.003575540380552411,-0.0021568129304796457,-0.0035945656709372997,-0.0025866751093417406,-0.005515075754374266,-0.006554858759045601,-0.0014136977260932326,-0.003113960148766637,-0.0019070723792538047
TPR,8,2026-04-07 15:30:00+00:00,11:30,-0.0019513398874551058,down,0.0010489977430552244,0.002757856622338295,-0.00030055191018618643,0.0016944814706221223,-0.000977837829850614,-0.00240694684907794,-0.009644145146012306,-0.006882776506245136,-0.009957129135727882,-0.008710712194442749,-0.008410201407968998,-0.008281064219772816,-0.006712422706186771,-0.008490221574902534,-0.007899795658886433,-0.0074105532839894295,-0.005217132158577442,-0.005423597991466522,-0.004660804755985737,-0.004792619962245226,-0.0046156179159879684,-0.00603915611281991,-0.0050443010404706,-0.00109541742131114,-0.004050602670758963,-0.0019513398874551058
STLD,8,2026-04-07 15:30:00+00:00,11:30,-0.0019553638994693756,down,-0.0040916018187999725,-0.0012917763087898493,-0.0024347398430109024,-0.0010628207819536328,-0.0019048623507842422,-0.0043660905212163925,-0.004304051399230957,-0.0022657245863229036,-0.005855977535247803,-0.004345834255218506,-0.0008442963589914143,-0.0009133288986049592,-0.0012780267279595137,-0.0006213663727976382,-0.0008061410626396537,-0.0036578525323420763,0.0010228948667645454,0.0014828050043433905,-0.0019726804457604885,-0.0017201073933392763,-0.0035640974529087543,-0.005452722776681185,-0.006812375504523516,-0.002104531740769744,-0.006061033811420202,-0.0019553638994693756
LIN,8,2026-04-07 15:30:00+00:00,11:30,-0.0020528773311525583,down,-0.003178216516971588,-0.0031782062724232674,-0.0037217559292912483,-0.002439383650198579,-0.0017209677025675774,-0.004281673580408096,-0.0037342223804444075,-0.006307094357907772,-0.008611742407083511,-0.0092213349416852,-0.00555754266679287,-0.004909298848360777,-0.005069127306342125,-0.006000066641718149,-0.005330034531652927,-0.006769534200429916,-0.0047748275101184845,-0.0037523091305047274,-0.004762937314808369,-0.0036995841655880213,-0.0025997343473136425,-0.005306990817189217,-0.004809287376701832,-0.003921327646821737,-0.003933240193873644,-0.0020528773311525583
DLR,8,2026-04-07 15:30:00+00:00,11:30,-0.0021057813428342342,down,-0.001385004841722548,-0.0006003899034112692,-0.002709565684199333,0.0004565063863992691,0.0014155666576698422,0.0010281566064804792,-0.0007102610543370247,0.0014692364493384957,0.0026005867403000593,0.0017682290636003017,0.0026539212558418512,0.002805545227602124,0.0018503762548789382,0.002422769321128726,0.0014380898792296648,6.06604153290391e-05,0.00292397802695632,0.002264393260702491,0.0019193164771422744,0.002806511940434575,0.0009025979088619351,-0.0016791942762210965,-0.0023341281339526176,0.0009355952497571707,-0.0007137698703445494,-0.0021057813428342342
ORLY,8,2026-04-07 15:30:00+00:00,11:30,-0.002118697389960289,down,-0.004890788812190294,-0.002285669557750225,-0.002618194790557027,-0.0020504293497651815,-0.0007200210238806903,-0.0017337469616904855,-0.005502291955053806,-0.0037212411407381296,-0.0046732681803405285,-0.005861516576260328,-0.0037228167057037354,-0.0019791177473962307,-0.0021293233148753643,-0.0005094859516248107,0.0008329784614033997,-0.0009434600360691547,1.0915784514509141e-05,-0.0004268204793334007,0.0002515650412533432,0.00020040312665514648,-4.133718539378606e-05,-0.00283711776137352,-0.0021030788775533438,0.0012628488475456834,-0.0008544283336959779,-0.002118697389960289
AZO,8,2026-04-07 15:30:00+00:00,11:30,-0.002152658300474286,down,-0.0030465181916952133,-0.00012284690455999225,-0.004071009811013937,-0.001618916867300868,-0.00015672278823330998,-0.0030928626656532288,-0.002881848020479083,-0.0033249470870941877,-0.005735385697335005,-0.004941097926348448,-0.0021210508421063423,-0.0017035778146237135,-0.0022838206496089697,-0.0036246278323233128,-0.0043901437893509865,-0.004908635746687651,-0.0029855561442673206,-0.0017673129914328456,-0.0016431809635832906,-0.0019804658368229866,-0.001871848595328629,-0.0037083704955875874,-0.00495420815423131,-0.002208810532465577,-0.0034842765890061855,-0.002152658300474286
NOC,8,2026-04-07 15:30:00+00:00,11:30,-0.0021622146014124155,down,-0.0032221314031630754,-0.0017115249065682292,-0.002541582565754652,-0.00017034582560881972,-0.00029355965671129525,-0.0015506811905652285,-0.0027147182263433933,-0.0035779334139078856,-0.005402302835136652,-0.004328726790845394,-0.0019236282678321004,-0.00032497660140506923,-0.0002279642503708601,-0.001964238239452243,-0.0031647176947444677,-0.003120117587968707,-0.0017649865476414561,-0.0012799977557733655,-0.0025110573042184114,-0.0015365919098258018,-0.0033365129493176937,-0.004604808986186981,-0.004646136425435543,-0.002965193707495928,-0.004463139455765486,-0.0021622146014124155
RVTY,8,2026-04-07 15:30:00+00:00,11:30,-0.002235452877357602,down,-0.0016288536135107279,0.0020543846767395735,-0.00281725125387311,-0.0018006188329309225,0.00152123486623168,-0.0019329091301187873,-0.006148448213934898,-0.005589524284005165,-0.003436335129663348,-0.006367689464241266,-0.009578078053891659,-0.006227601785212755,-0.005985493306070566,-0.006953298579901457,-0.007998544722795486,-0.007171402219682932,-0.0053096977062523365,-0.006452261470258236,-0.005152727011591196,-0.003455506870523095,-0.004291532561182976,-0.00553614366799593,-0.006253780331462622,-0.002346681198105216,-0.004433188587427139,-0.002235452877357602
CMS,8,2026-04-07 15:30:00+00:00,11:30,-0.00224438332952559,down,-0.001450230018235743,0.0004032328724861145,-0.0018489460926502943,0.001578797702677548,0.0025941499043256044,-3.801660204771906e-05,-0.0024635831359773874,-0.002286631381139159,-0.0024299402721226215,-0.0022062913049012423,0.00016826993669383228,0.0007203203276731074,0.0003768197202589363,0.0005894900532439351,-0.0013172144535928965,-0.0020446807611733675,-0.0012520862510427833,-0.0017453311011195183,-0.0007729427888989449,0.0008522100979462266,-0.0011511502088978887,-0.004792938940227032,-0.0048519582487642765,-0.0026823345106095076,-0.0034837338607758284,-0.00224438332952559
SPG,8,2026-04-07 15:30:00+00:00,11:30,-0.0022546066902577877,down,7.245305459946394e-05,0.002460520016029477,0.0009458200074732304,0.0028864387422800064,0.0042365537956357,0.0026402249932289124,8.566599717596546e-06,-0.0002832566970027983,-6.710828165523708e-05,0.00040558367618359625,-0.0009035160765051842,0.0013736648252233863,0.0009852787479758263,0.0001097330532502383,-0.0018090580124408007,-0.0016657644882798195,-0.000535036320798099,-0.0006291469326242805,-0.00023897114442661405,0.0011170965153723955,-0.0011937428498640656,-0.0018965709023177624,-0.004245096351951361,-0.0018768728477880359,-0.003029012819752097,-0.0022546066902577877
ROL,8,2026-04-07 15:30:00+00:00,11:30,-0.002256606938317418,down,-0.004179637413471937,-0.0011028386652469635,-0.00047437913599424064,0.0005833352915942669,0.0009283830877393484,0.0014560482231900096,-0.001517915166914463,-0.0026187472976744175,-0.00011651549721136689,-0.001759268343448639,-0.0010939250933006406,-0.001522796112112701,-0.0013088309206068516,-0.0002713771827984601,-0.0023546332959085703,-0.002538723172619939,-0.000982241122983396,-0.0011100429110229015,0.0007900346536189318,0.0010710705537348986,0.0020087934099137783,0.0001305772748310119,-0.0013211487093940377,0.0019389423541724682,-0.00019602806423790753,-0.002256606938317418
BRO,8,2026-04-07 15:30:00+00:00,11:30,-0.0023203929886221886,down,-0.003252759575843811,-0.0014904040144756436,-0.004911317024379969,-0.0038037870544940233,-0.006234682630747557,-0.007378490641713142,-0.010264834389090538,-0.00833781249821186,-0.008604618720710278,-0.007611059118062258,-0.008364927023649216,-0.0055448864586651325,-0.005307992920279503,-0.0026349008549004793,-0.0035978578962385654,-0.004899437073618174,-0.004331968259066343,-0.005257622338831425,-0.005910135805606842,-0.005847415421158075,-0.0047505390830338,-0.007179890293627977,-0.00605041766539216,-0.0023880500812083483,-0.0027269767597317696,-0.0023203929886221886
VTRS,8,2026-04-07 15:30:00+00:00,11:30,-0.002346973866224289,down,-0.010456700809299946,-0.0031483331695199013,-0.006293023936450481,-0.003747383365407586,-0.0069516319781541824,-0.008933447301387787,-0.009828544221818447,-0.006419526878744364,-0.006368143483996391,-0.00833678524941206,-0.004449558909982443,-0.004953273572027683,-0.004181090742349625,-0.0021904008463025093,-0.0036745192483067513,-0.0027354108169674873,0.0006768337334506214,-0.0022926449310034513,-0.0043837688863277435,-0.002846925053745508,-0.002712125889956951,-0.006607960909605026,-0.00534990057349205,0.0009997750166803598,-0.0029631867073476315,-0.002346973866224289
AVB,8,2026-04-07 15:30:00+00:00,11:30,-0.0023691398091614246,down,-0.005856823641806841,-0.00037033206899650395,-0.002111941110342741,-0.00047428655670955777,0.0026145640294998884,0.0004503099189605564,-0.0027974131517112255,-0.0007862733327783644,0.0005518506513908505,-0.0011861765524372458,0.001706851995550096,0.002410356653854251,0.0019208843586966395,0.0008439529919996858,0.0010901818750426173,0.000451676023658365,0.0017595160752534866,0.0010375998681411147,0.00047752566752023995,8.168499334715307e-05,-0.0006420498248189688,-0.0034596887417137623,-0.005407247692346573,-0.002411348046734929,-0.0006081574829295278,-0.0023691398091614246
LMT,8,2026-04-07 15:30:00+00:00,11:30,-0.0023760702461004257,down,-0.0033045837190002203,-0.0036878082901239395,-0.0045202733017504215,-0.0019155375193804502,-0.0006585487280972302,-0.0034496330190449953,-0.0046665905974805355,-0.0051463451236486435,-0.007367771118879318,-0.006137040909379721,-0.0023988920729607344,-0.002303579356521368,-0.00286798644810915,-0.0037280223332345486,-0.004647473804652691,-0.0048699090257287025,-0.0028567982371896505,-0.002442583441734314,-0.003589838044717908,-0.003232011804357171,-0.003555598435923457,-0.006173295434564352,-0.006042931228876114,-0.003581386059522629,-0.004496131092309952,-0.0023760702461004257
DHI,8,2026-04-07 15:30:00+00:00,11:30,-0.0023772811982780695,down,-0.0014422321692109108,0.0002874107158277184,-0.0028665135614573956,-0.0015257364138960838,-0.004913518205285072,-0.007121422793716192,-0.01387073565274477,-0.011684313416481018,-0.010903779417276382,-0.012429101392626762,-0.010401098988950253,-0.01118262205272913,-0.00942105520516634,-0.008129122667014599,-0.010988656431436539,-0.010721368715167046,-0.0072956932708621025,-0.008587218821048737,-0.008452174253761768,-0.010402449406683445,-0.010728552006185055,-0.013449709862470627,-0.012151043862104416,-0.006451621185988188,-0.008077891543507576,-0.0023772811982780695
ACGL,8,2026-04-07 15:30:00+00:00,11:30,-0.002424392383545637,down,-0.0004743158060591668,0.0009137404267676175,0.0010636152001097798,0.0010360024170950055,0.0043434882536530495,0.0021812240593135357,0.0015519974986091256,6.49687135592103e-05,0.0005008507869206369,0.0001337049761787057,0.001617550035007298,0.0008424627012573183,0.0005951050552539527,-0.0001660321868257597,-6.172578287078068e-05,-0.0009473786340095103,-0.00022663403069600463,0.0008206949569284916,0.00024007663887459785,0.0013454058207571507,0.00023638505081180483,-0.0022096994798630476,-0.0016658796230331063,-0.00022709622862748802,-0.0010213876375928521,-0.002424392383545637
BK,8,2026-04-07 15:30:00+00:00,11:30,-0.0024311186280101538,down,-0.007691444829106331,-0.005826085805892944,-0.006967035587877035,-0.00368809187784791,-0.0025343322195112705,-0.004853481892496347,-0.007262620609253645,-0.005695362109690905,-0.005350362975150347,-0.005729132331907749,-0.0041719889268279076,-0.0036390209570527077,-0.0038346678484231234,-0.0034539855550974607,-0.002422903198748827,-0.003570551285520196,-0.0009339647949673235,-0.0009020870784297585,-0.0012286980636417866,-0.0016135036712512374,-0.00348191661760211,-0.00598312309011817,-0.005482460372149944,-0.001164877787232399,-0.0013420642353594303,-0.0024311186280101538
TDY,8,2026-04-07 15:30:00+00:00,11:30,-0.0024343542754650116,down,-0.0035093631595373154,-0.00044385367073118687,-0.0024122765753418207,0.0004859497712459415,0.0005859261145815253,-0.0006326547591015697,-0.0041100746020674706,-0.004292696248739958,-0.006331602577120066,-0.004820649977773428,-0.0029281016904860735,-0.002369518857449293,-0.00264269788749516,-0.002406961051747203,-0.00329742394387722,-0.0040559833869338036,-0.0019136220216751099,-0.002452095039188862,-0.0027309651486575603,-0.0035927656572312117,-0.004986147861927748,-0.005128955002874136,-0.0057469699531793594,-0.001544262282550335,-0.00394032197073102,-0.0024343542754650116
IP,8,2026-04-07 15:30:00+00:00,11:30,-0.00246750027872622,down,-0.005920457653701305,-0.0011993516236543655,-0.0035059084184467793,-0.0027290554717183113,-0.003020546166226268,-0.0027690082788467407,-0.005657712928950787,-0.006860343273729086,-0.006336556747555733,-0.00850062258541584,-0.004980334080755711,-0.0057574971579015255,-0.003177425591275096,-0.0048032039776444435,-0.004094828385859728,-0.0049383980222046375,-0.0020268200896680355,-0.0032497167121618986,-0.003853119444102049,-0.00391552597284317,-0.0029230425134301186,-0.004808945581316948,-0.004657785873860121,-0.001879106741398573,-0.0033937450498342514,-0.00246750027872622
UDR,8,2026-04-07 15:30:00+00:00,11:30,-0.0024858061224222183,down,-0.0033058791887015104,0.0025986169930547476,0.0003142875211779028,0.002250645076856017,0.002252057893201709,0.0027647591196000576,0.0022465288639068604,0.0033740513026714325,0.001339773298241198,0.0013739512069150805,0.003785843960940838,0.0011120535200461745,0.00048170145601034164,-0.001216350356116891,-0.00011945296864723787,-7.5573603680823e-05,0.0010303172748535872,0.00148245960008353,0.00020066063734702766,-2.420117743895389e-05,-0.001724469242617488,-0.0035012084990739822,-0.0037413935642689466,-0.0009680524817667902,-0.003391218138858676,-0.0024858061224222183
CHTR,8,2026-04-07 15:30:00+00:00,11:30,-0.002488266909494996,down,-0.002039628103375435,0.00024852168280631304,-0.003664586925879121,-0.0015278271166607738,-0.00506920600309968,-0.0069655864499509335,-0.008906671777367592,-0.007202142849564552,-0.005922715645283461,-0.004168209154158831,-0.0013592999894171953,-0.0017161588184535503,-0.0030372105538845062,0.0009991225088015199,-0.00190182332880795,-0.0032692637760192156,0.0010541941737756133,0.001368194818496704,1.7824706446845084e-05,-0.0008337388280779123,-0.0026091663166880608,-0.006428707391023636,-0.005340661853551865,-0.001034202752634883,-0.0033252437133342028,-0.002488266909494996
MDT,8,2026-04-07 15:30:00+00:00,11:30,-0.0025588783901184797,down,-0.0026452692691236734,9.125476935878396e-05,-0.000321544794132933,0.001688366406597197,0.002114407019689679,-7.837858720449731e-05,-0.002878981875255704,0.0003373588842805475,-0.0011781164212152362,-0.001118662185035646,3.974277205998078e-06,0.0007829423993825912,-0.0001305835321545601,0.0002181451127398759,0.0010303211165592074,2.8029346140101552e-05,0.00143467599991709,0.0008086505113169551,0.0016359258443117142,0.0012264072429388762,0.0013735000975430012,-0.0008535634842701256,-0.00038787926314398646,0.0005180583684705198,-0.0038984729908406734,-0.0025588783901184797
ROP,8,2026-04-07 15:30:00+00:00,11:30,-0.0025604641996324062,down,-0.0032130409963428974,-0.0027243641670793295,-0.0031382236629724503,-0.0006781081319786608,6.364364526234567e-05,-0.0022295061498880386,-0.003005034290254116,-0.0036123553290963173,-0.004523249343037605,-0.00538143515586853,-0.0033500692807137966,-0.0019846230279654264,-0.0021273521706461906,-0.002256611827760935,-0.00208496255800128,-0.003770195646211505,-0.002749016275629401,-0.0025336623657494783,-0.002655202755704522,-0.0026918547227978706,-0.002971136011183262,-0.004538806155323982,-0.005604328587651253,-0.001903791562654078,-0.0038225341122597456,-0.0025604641996324062
HIG,8,2026-04-07 15:30:00+00:00,11:30,-0.0025605568662285805,down,-0.0015849462943151593,0.0013024626532569528,0.0006891911034472287,0.0015958278672769666,0.003404618240892887,0.002352906856685877,0.0010574010666459799,-0.0005015896167606115,0.0009916357230395079,0.00047247455222532153,0.0027026813477277756,0.001720739877782762,0.001046205754391849,0.0009046216728165746,5.386975681176409e-05,-0.0007301379228010774,3.9909358747536317e-05,-0.00010558411304373294,-0.0003239074721932411,0.0003042596217710525,-0.0015535155544057488,-0.0031139752827584743,-0.00359104061499238,-0.0014714571880176663,-0.0034273508936166763,-0.0025605568662285805
JBL,8,2026-04-07 15:30:00+00:00,11:30,-0.002613348886370659,down,-0.0017998701659962535,-0.001410860801115632,-0.0015531012322753668,-0.0012905523180961609,-0.0007913972367532551,-0.003879925701767206,-0.006897335406392813,-0.004073397256433964,-0.007400390692055225,-0.0026245114859193563,-0.0029791586566716433,-0.0016239761607721448,-0.004803799092769623,-0.003051679814234376,-0.0056814830750226974,-0.007322292774915695,-0.005322436336427927,-0.005261586047708988,-0.005310561507940292,-0.00568380719050765,-0.005775596480816603,-0.007542256265878677,-0.0072767045348882675,-0.0017560489941388369,-0.007727166637778282,-0.002613348886370659
FTV,8,2026-04-07 15:30:00+00:00,11:30,-0.002620893297716975,down,-0.0042591337114572525,-0.0007255104719661176,-0.003254880430176854,-0.0011351556750014424,-0.0010426000226289034,-0.0019492155406624079,-0.002978687174618244,-0.0032149215694516897,-0.0033233673311769962,-0.0031456598080694675,-0.0014701707987114787,-0.0008063338464125991,-0.001126591581851244,-0.001339125563390553,0.0001431460550520569,-0.0018320736708119512,0.0011912966147065163,-0.0002952239301521331,-0.00022558122873306274,-0.0019761184230446815,-0.0026123092975467443,-0.005345053505152464,-0.006202480290085077,-0.002971179550513625,-0.003917388617992401,-0.002620893297716975
LYB,8,2026-04-07 15:30:00+00:00,11:30,-0.002633704338222742,down,-0.0006195044843479991,0.012877607718110085,0.006438316311687231,0.00901881419122219,0.0053965505212545395,0.00428742403164506,0.00025731552159413695,0.004276647698134184,0.0041955909691751,0.0055521465837955475,0.00464917765930295,0.0018439262639731169,0.0014793098671361804,0.002538585104048252,0.002808375284075737,0.0041612377390265465,-0.0018124562921002507,-0.003682257840409875,-0.0018094857223331928,-0.0054819099605083466,-0.0019443586934357882,-0.00458382535725832,-0.004304742906242609,-0.0032084700651466846,-0.003132070880383253,-0.002633704338222742
CRWD,8,2026-04-07 15:30:00+00:00,11:30,-0.0026803219225257635,down,-0.007664875127375126,-0.007270584814250469,-0.01029975712299347,-0.008117998018860817,-0.010319636203348637,-0.01384218130260706,-0.01684410870075226,-0.012327833101153374,-0.014494110830128193,-0.01230435911566019,-0.008372465148568153,-0.006995161529630423,-0.004934793803840876,-0.005423603113740683,-0.006955995690077543,-0.00803265068680048,-0.007092608604580164,-0.00817335769534111,-0.010512860491871834,-0.012299038469791412,-0.012808242812752724,-0.01270416472107172,-0.005733978468924761,-0.005268131848424673,-0.004187408369034529,-0.0026803219225257635
SPGI,8,2026-04-07 15:30:00+00:00,11:30,-0.0027034159284085035,down,-0.009013366885483265,-0.010371871292591095,-0.01000319141894579,-0.0073920185677707195,-0.007160806097090244,-0.010910779237747192,-0.011747349053621292,-0.016076089814305305,-0.013893765397369862,-0.013918544165790081,-0.010096375830471516,-0.008142427541315556,-0.009335697628557682,-0.009559261612594128,-0.009726018644869328,-0.010911626741290092,-0.009044385515153408,-0.009480895474553108,-0.009998515248298645,-0.009637136943638325,-0.009094365872442722,-0.00946854054927826,-0.008966531604528427,-0.006600697059184313,-0.007795088458806276,-0.0027034159284085035
TXN,8,2026-04-07 15:30:00+00:00,11:30,-0.0027469692286103964,down,-0.0047085960395634174,-0.0030288565903902054,-0.00467141205444932,-0.0037735230289399624,-0.004015776328742504,-0.005666043143719435,-0.007040034513920546,-0.005025360733270645,-0.006327845621854067,-0.005790269933640957,-0.005118691828101873,-0.005106369033455849,-0.00524199428036809,-0.00499410554766655,-0.005140858702361584,-0.004563773050904274,-0.00542735168710351,-0.004164598416537046,-0.00535101443529129,-0.004767502658069134,-0.005731075536459684,-0.007728107273578644,-0.006744817364960909,-0.0054193176329135895,-0.005278668832033873,-0.0027469692286103964
Q,8,2026-04-07 15:30:00+00:00,11:30,-0.0027656841557472944,down,-0.004163598641753197,-0.00011152922525070608,-0.003584839403629303,-0.0023584484588354826,-0.004656253848224878,-0.0029987762682139874,-0.007723766844719648,-0.004780323710292578,-0.008403275161981583,-0.0056569529697299,-0.004769149702042341,-0.00529545359313488,-0.006324087269604206,-0.007276622578501701,-0.004135319031774998,-0.0038864747621119022,-0.0053216563537716866,-0.006874731741845608,-0.008256368339061737,-0.00791739858686924,-0.00636592460796237,-0.009618280455470085,-0.006762579083442688,0.0003528083907440305,-0.0023905469570308924,-0.0027656841557472944
AON,8,2026-04-07 15:30:00+00:00,11:30,-0.002772439504042268,down,-0.003122858703136444,-0.0017355091404169798,-0.003620980540290475,-0.0013989036669954658,-0.0017115090740844607,-0.003520906437188387,-0.00504757696762681,-0.005960887763649225,-0.008164316415786743,-0.009042915888130665,-0.007013679947704077,-0.004078310914337635,-0.005272923968732357,-0.005968297831714153,-0.006493180990219116,-0.007245996501296759,-0.005566356237977743,-0.004316066391766071,-0.006068663205951452,-0.005636163055896759,-0.004694710019975901,-0.007823982276022434,-0.008617369458079338,-0.005384006071835756,-0.006054490339010954,-0.002772439504042268
FRT,8,2026-04-07 15:30:00+00:00,11:30,-0.002816531341522932,down,-0.0008609435171820223,0.0008776149479672313,0.002295621670782566,0.0014682583278045058,0.004898143466562033,0.0042003970593214035,0.004810080863535404,0.0008810705621726811,0.001732153003104031,0.0001018498296616599,0.0016082620713859797,0.0011685444042086601,0.0017492518527433276,0.00037491635885089636,-0.0003123538917861879,-0.0006002543377690017,0.0004323950270190835,0.00043769742478616536,0.000547774659935385,0.0006374260410666466,-0.00022801976592745632,-0.0023089684545993805,-0.002668379107490182,-0.0007335787522606552,-0.001392089412547648,-0.002816531341522932
KR,8,2026-04-07 15:30:00+00:00,11:30,-0.0028519132174551487,down,-0.004219083581119776,-0.0002070087502943352,0.00020059107919223607,0.0024344841949641705,0.001986978342756629,-0.0015127976657822728,-0.00417305389419198,-0.0049911243841052055,-0.006319878157228231,-0.005723592359572649,-0.003890718100592494,-0.003242762992158532,-0.0029263861943036318,-0.002362045692279935,-0.0022980556823313236,-0.0038152667693793774,-0.0017893080366775393,-0.0031196726486086845,-0.0030979050789028406,-0.002562693553045392,-0.0038605178706347942,-0.006009249947965145,-0.006297593005001545,-0.0035967729054391384,-0.004269497934728861,-0.0028519132174551487
HOOD,8,2026-04-07 15:30:00+00:00,11:30,-0.002894315170124173,down,-0.008397500962018967,-0.008176497183740139,-0.015477407723665237,-0.011656948365271091,-0.012338848784565926,-0.011262351647019386,-0.015114467591047287,-0.013232176192104816,-0.017020339146256447,-0.016067570075392723,-0.013911533169448376,-0.009610507637262344,-0.0020108858589082956,-0.005095739383250475,-0.006795764900743961,-0.008934404700994492,-0.003774144919589162,-0.00626437459141016,-0.0052529191598296165,-0.004477206151932478,-0.008262580260634422,-0.012287527322769165,-0.013752722181379795,-0.003544035367667675,-0.0053801569156348705,-0.002894315170124173
QCOM,8,2026-04-07 15:30:00+00:00,11:30,-0.0029055257327854633,down,-0.003187151625752449,-0.0001820152683649212,-0.004454158712178469,-0.0012124634813517332,-0.004242853727191687,-0.007006279658526182,-0.010976999998092651,-0.010666074231266975,-0.010944551788270473,-0.010844762437045574,-0.007315451744943857,-0.008903239853680134,-0.005805288907140493,-0.005784399341791868,-0.005951921455562115,-0.006776953116059303,-0.006627348717302084,-0.007672802545130253,-0.006434645038098097,-0.007919826544821262,-0.006979331839829683,-0.007189771626144648,-0.004394704010337591,-0.0011882089311257005,-0.0016280481358990073,-0.0029055257327854633
CTRA,8,2026-04-07 15:30:00+00:00,11:30,-0.002909974427893758,down,0.001239543897099793,0.004917291458696127,0.004851157311350107,0.0042879278771579266,0.004694643430411816,0.005746836308389902,0.003312279935926199,0.001563293393701315,0.0019718031398952007,0.000577220693230629,0.003207661909982562,0.0015509664081037045,-0.0031237732619047165,-0.0021048595663160086,0.001286282204091549,0.0007508631097152829,0.0003626174002420157,0.0009411314385943115,0.0009982812916859984,0.0017334113363176584,0.0019029004033654928,-0.000488627701997757,-0.0018718360224738717,0.0018594146240502596,-0.001694518607109785,-0.002909974427893758
DD,8,2026-04-07 15:30:00+00:00,11:30,-0.002959898207336664,down,-0.00916422437876463,-0.006063186097890139,-0.0065463329665362835,-0.004530806094408035,-0.004321263637393713,-0.006408351007848978,-0.00808707531541586,-0.0106074009090662,-0.01243818923830986,-0.012956753373146057,-0.010935673490166664,-0.009615386836230755,-0.0076487623155117035,-0.006624292582273483,-0.008608872070908546,-0.00962301716208458,-0.006024720147252083,-0.007139637600630522,-0.007908560335636139,-0.007732865866273642,-0.0059579648077487946,-0.009029603563249111,-0.00955594889819622,-0.003866935381665826,-0.005252034869045019,-0.002959898207336664
RSG,8,2026-04-07 15:30:00+00:00,11:30,-0.0030003145802766085,down,-0.0033437784295529127,-0.0023533361963927746,-0.0007558929501101375,0.0006683266256004572,0.002219646004959941,-0.0003167716786265373,-0.0016362630994990468,-0.0026749856770038605,-0.0032708283979445696,-0.002496409695595503,-0.00037954861181788146,-0.0015341262333095074,-0.0005885321879759431,-0.0018639758927747607,-0.0017853188328444958,-0.0029765325598418713,-0.0014558850089088082,-0.0015970682725310326,-0.000832088349852711,-0.000721739255823195,-0.0017842130037024617,-0.0037039571907371283,-0.00395851070061326,-0.00208862591534853,-0.003999447450041771,-0.0030003145802766085
NXPI,8,2026-04-07 15:30:00+00:00,11:30,-0.0030042696744203568,down,0.0021714773029088974,0.0013883316423743963,-0.00045643767225556076,0.0020251490641385317,-0.0004956788616254926,-0.0025796648114919662,-0.005484822206199169,-0.0033184655476361513,-0.006837212480604649,-0.0052994550205767155,-0.00668855756521225,-0.005152157042175531,-0.007325543090701103,-0.009721740148961544,-0.01047100406140089,-0.0107186958193779,-0.007945871911942959,-0.0062618856318295,-0.007848729379475117,-0.005541448947042227,-0.006114882417023182,-0.00795015413314104,-0.007438697386533022,-0.003828490851446986,-0.006085065193474293,-0.0030042696744203568
CTVA,8,2026-04-07 15:30:00+00:00,11:30,-0.0030237766914069653,down,-0.00416006101295352,-0.002614375436678529,-0.004425508435815573,-0.00071070616832003,-0.0009276116616092622,-0.0029984083957970142,-0.004599902778863907,-0.003447597846388817,-0.005084792152047157,-0.004739614203572273,-0.00292311143130064,-0.0007961157825775445,-0.001998431282117963,-0.0018110772361978889,-0.0034606540575623512,-0.004462243057787418,-0.0033849275205284357,-0.0027253273874521255,-0.0031171836890280247,-0.0013012768467888236,-0.0028351894579827785,-0.0061870841309428215,-0.005793215706944466,-0.0031506679952144623,-0.0029603689908981323,-0.0030237766914069653
INVH,8,2026-04-07 15:30:00+00:00,11:30,-0.003035450354218483,down,-0.005893946159631014,-0.0012812751810997725,-0.003197258338332176,-0.002346911234781146,-0.0005430213641375303,-0.004149231128394604,-0.0055923303589224815,-0.004023620393127203,-0.004671031143516302,-0.0037863359320908785,-0.0018850801279768348,-0.0010288726771250367,-0.001692497986368835,-0.00041656059329397976,-0.001723255030810833,-0.0033303373493254185,-0.0008578640408813953,-0.0014883376425132155,-0.00200656964443624,-0.0018961115274578333,-0.0033379243686795235,-0.005909144412726164,-0.00548974983394146,-0.0017088610911741853,-0.0022170208394527435,-0.003035450354218483
PCAR,8,2026-04-07 15:30:00+00:00,11:30,-0.00305313803255558,down,-0.0034170649014413357,-0.0012791516492143273,-0.0036509688943624496,-0.0014539610128849745,0.002079589990898967,-4.409465691423975e-05,-0.0020760423503816128,-0.0018289084546267986,-0.0049444688484072685,-0.005373420659452677,-0.004427289590239525,-0.002600793493911624,-0.004351594485342503,-0.005312234628945589,-0.0035960343666374683,-0.004775721114128828,-0.004101338796317577,-0.003996506333351135,-0.004437097813934088,-0.00399811752140522,-0.0045145354233682156,-0.0070715406909585,-0.005848326254636049,-0.0019017982995137572,-0.004222189541906118,-0.00305313803255558
PNC,8,2026-04-07 15:30:00+00:00,11:30,-0.0030631169211119413,down,-0.008653745986521244,-0.005272447597235441,-0.005890464875847101,-0.003268138039857149,-0.001797849778085947,-0.003399783745408058,-0.005829190835356712,-0.006057281047105789,-0.0073396372608840466,-0.00827545765787363,-0.006466313265264034,-0.006482341326773167,-0.0069443173706531525,-0.006458289921283722,-0.005682371091097593,-0.006346494425088167,-0.004201118368655443,-0.004708549939095974,-0.004239774774760008,-0.0048657930456101894,-0.005383558105677366,-0.00691920006647706,-0.006850548554211855,-0.005305822007358074,-0.004125082399696112,-0.0030631169211119413
MSI,8,2026-04-07 15:30:00+00:00,11:30,-0.00306519097648561,down,-0.005526613909751177,-0.0010842540068551898,-0.0017658519791439176,0.0008887578151188791,-0.001329785562120378,-0.002030523493885994,-0.003982883412390947,-0.002645338885486126,-0.0031176686752587557,-0.0018000201089307666,0.0003118173044640571,8.019940287340432e-05,-0.0014612287050113082,-0.0014165291795507073,-0.0026416489854454994,-0.0027371805626899004,-0.003549188608303666,-0.0024828866589814425,-0.0030231934506446123,-0.002468391787260771,-0.0026852672453969717,-0.0035052031744271517,-0.004036600235849619,-0.0009050880908034742,-0.0034005565103143454,-0.00306519097648561
PWR,8,2026-04-07 15:30:00+00:00,11:30,-0.0030759053770452738,down,-0.004221696872264147,-0.0027253723237663507,-0.004884101916104555,-0.0019361465238034725,-0.0026605697348713875,-0.004286392591893673,-0.008066830225288868,-0.005859500728547573,-0.006579642184078693,-0.005989087279886007,-0.0036665883380919695,-0.003015930764377117,-0.0033638845197856426,-0.00020038052753079683,-0.0018020403804257512,-0.0031340650748461485,-0.0008920711115933955,-0.0003985934017691761,-0.001525088562630117,-0.0035363284405320883,-0.005438411142677069,-0.006418784148991108,-0.005254401825368404,-0.00385005003772676,-0.004629216622561216,-0.0030759053770452738
VST,8,2026-04-07 15:30:00+00:00,11:30,-0.003118478925898671,down,-0.005622662603855133,-0.004244324751198292,-0.009548266418278217,-0.006220608483999968,-0.0075571658089756966,-0.00992189534008503,-0.011865155771374702,-0.00856854859739542,-0.008587992750108242,-0.009384958073496819,-0.006656276527792215,-0.005131838843226433,-0.006268141325563192,-0.005538262892514467,-0.005965474992990494,-0.0068414658308029175,-0.0033201694022864103,-0.004678141791373491,-0.00516896415501833,-0.005909442901611328,-0.007852568291127682,-0.008519100956618786,-0.007688797544687986,-0.0007223766879178584,-0.0034005488269031048,-0.003118478925898671
AFL,8,2026-04-07 15:30:00+00:00,11:30,-0.003131292760372162,down,-0.00366699555888772,-0.0017755654407665133,-0.0013038099277764559,-0.0018876636167988181,0.0029661075677722692,0.0006099551101215184,-0.0011936611263081431,-0.001832796959206462,-0.0018223546212539077,-0.002187564503401518,0.00015591501141898334,-0.00042894858052022755,-0.001032561995089054,-0.00085131247760728,-0.0013915292220190167,-0.0011245135683566332,-0.0004958710051141679,0.0002906561712734401,0.0007222845451906323,0.0018029637867584825,-0.00011083118442911655,-0.0026221151929348707,-0.0027044187299907207,-0.00021213272702880204,-0.0013008820824325085,-0.003131292760372162
AEP,8,2026-04-07 15:30:00+00:00,11:30,-0.0031522754579782486,down,-0.004135990981012583,-0.0026699707377701998,-0.00290943612344563,-0.0022495677694678307,0.0009174136212095618,-0.0009383113938383758,-0.0046207718551158905,-0.004009183030575514,-0.0037097022868692875,-0.0036492319777607918,-0.002290837001055479,-0.0007824557833373547,-0.001569148967973888,-0.000857022765558213,-0.002156635047867894,-0.0017822079826146364,-0.0019578002393245697,-0.0021636688616126776,-0.0013302803272381425,-0.0016396883875131607,-0.0023908582516014576,-0.006150086410343647,-0.006363270804286003,-0.001966512529179454,-0.00374240567907691,-0.0031522754579782486
F,8,2026-04-07 15:30:00+00:00,11:30,-0.0031672033946961164,down,-0.010960856452584267,0.007429059594869614,-0.007097730878740549,-0.0054674334824085236,-0.007456253748387098,-0.010528634302318096,-0.011877134442329407,-0.007210669107735157,-0.004662263207137585,-0.0007624556310474873,0.004484969191253185,0.003799021476879716,0.0040415870025753975,0.005880529060959816,0.006846799980849028,0.00900429766625166,0.009749057702720165,0.006815040484070778,0.003396197222173214,0.004030039068311453,0.0031746546737849712,0.0009968157391995192,-0.003719210857525468,0.0012319964589551091,-0.0031721359118819237,-0.0031672033946961164
BDX,8,2026-04-07 15:30:00+00:00,11:30,-0.0032025855034589767,down,-0.003986305557191372,-0.003025710117071867,-0.0038416581228375435,-0.002511320635676384,-0.00017594112432561815,-0.002990459557622671,-0.00537080829963088,-0.005606220103800297,-0.005031029228121042,-0.005454791244119406,-0.0034197031054645777,-0.0016888463869690895,-0.0025216215290129185,-0.0016128524439409375,-0.0034579357597976923,-0.0031149438582360744,-0.002102071652188897,-0.002603075234219432,-0.0025322341825813055,-0.0029987022280693054,-0.003382310504093766,-0.005018468014895916,-0.006476360838860273,-0.003448305418714881,-0.00579819967970252,-0.0032025855034589767
DG,8,2026-04-07 15:30:00+00:00,11:30,-0.0032028655987232924,down,-0.006584445014595985,-0.0041378336027264595,-0.011358937248587608,-0.0045781624503433704,-0.010113677941262722,-0.012990211136639118,-0.015148529782891273,-0.009699655696749687,-0.008433748967945576,-0.009184278547763824,-0.005835191812366247,-0.004722807556390762,-0.0038171096239238977,-0.003922469913959503,-0.003763169515877962,-0.003409718628972769,-0.0033464510925114155,-0.0019000483443960547,-0.004325238987803459,-0.006685846019536257,-0.006075654178857803,-0.0063656773418188095,-0.005747477989643812,-0.004087481182068586,-0.0044804830104112625,-0.0032028655987232924
RTX,8,2026-04-07 15:30:00+00:00,11:30,-0.0032327112276107073,down,-0.0048216963186860085,-0.0024072397500276566,-0.0034370017237961292,-0.002334276447072625,-0.0010787402279675007,-0.00332502624951303,-0.003952029161155224,-0.0037710675969719887,-0.0028126488905400038,-0.0046676164492964745,-0.002080210717394948,-0.0024067440535873175,-0.0024577712174504995,-0.0033609673846513033,-0.004855274222791195,-0.0036313324235379696,-0.0023358985781669617,-0.0032454978208988905,-0.0030295962933450937,-0.0024178577587008476,-0.003233997616916895,-0.004969618283212185,-0.005083581432700157,-0.004223720170557499,-0.002897675149142742,-0.0032327112276107073
DLTR,8,2026-04-07 15:30:00+00:00,11:30,-0.0032434617169201374,down,-0.008062070235610008,-0.001618488342501223,-0.007729298435151577,-0.001675014616921544,-0.005189326126128435,-0.007156346458941698,-0.009841887280344963,-0.00601068465039134,-0.004719836637377739,-0.005811741575598717,-0.0008837044006213546,-0.0009542493498884141,0.0029237496200948954,0.0018667752156034112,0.0025970092974603176,0.0019890808034688234,0.0013816728023812175,0.001780264894478023,-0.0025779285933822393,-0.0024169667158275843,-0.002914495998993516,-0.0029437930788844824,-0.003598222741857171,-0.0024287612177431583,-0.0060019646771252155,-0.0032434617169201374
PPL,8,2026-04-07 15:30:00+00:00,11:30,-0.0033176846336573362,down,-0.0008200176525861025,6.474337715189904e-05,-0.0014865390257909894,0.0012377811362966895,0.0020469713490456343,-0.0012037191772833467,-0.003625445067882538,-0.004264070186764002,-0.004216096363961697,-0.004175251349806786,-0.0026512378826737404,-0.002179333008825779,-0.0029360938351601362,-0.0028365717735141516,-0.003246594686061144,-0.003254456678405404,-0.0028628911823034286,-0.0027562296018004417,-0.0015184024814516306,-0.0007971840677782893,-0.0013399256858974695,-0.004053493496030569,-0.0024010210763663054,-0.0009470038348808885,-0.0021383208222687244,-0.0033176846336573362
WM,8,2026-04-07 15:30:00+00:00,11:30,-0.0033263168297708035,down,-0.00415809964761138,-0.003189717885106802,-0.002262478694319725,-0.00069029675796628,0.0018487093038856983,-0.0006103806663304567,-0.002042415551841259,-0.0025805309414863586,-0.004190408159047365,-0.002752322470769286,-0.0008019002270884812,-0.0009705893462523818,-0.0018422807333990932,-0.002016115467995405,-0.0027677672915160656,-0.004155824892222881,-0.003926315810531378,-0.003726031631231308,-0.002838804852217436,-0.0021242627408355474,-0.002801948692649603,-0.005485039670020342,-0.004744493868201971,-0.0024748630821704865,-0.004455345217138529,-0.0033263168297708035
MCO,8,2026-04-07 15:30:00+00:00,11:30,-0.0033346822019666433,down,-0.0077515519224107265,-0.008117157965898514,-0.005703919567167759,-0.0029204683378338814,-0.007294683717191219,-0.008976997807621956,-0.009184110909700394,-0.010025708004832268,-0.010793491266667843,-0.010698839090764523,-0.008040821179747581,-0.00687898974865675,-0.007515372708439827,-0.00747603178024292,-0.007720972411334515,-0.009684985503554344,-0.007386249024420977,-0.006093450356274843,-0.007295666262507439,-0.008315466344356537,-0.00510489521548152,-0.00841967947781086,-0.0083817970007658,-0.005731865298002958,-0.007195105776190758,-0.0033346822019666433
EG,8,2026-04-07 15:30:00+00:00,11:30,-0.0033839656971395016,down,-0.001512246672064066,0.0015687498962506652,-0.0009538505109958351,0.0015621117781847715,0.001447803690098226,5.367723133531399e-05,-0.0030645502265542746,-0.0026427851989865303,-0.0036890313494950533,-0.003381530288606882,-0.0025948972906917334,-0.0015794624341651797,-0.0026118054520338774,-0.002034348202869296,-0.0030554081313312054,-0.0036662400234490633,-0.0014446261338889599,-0.0018913565436378121,-0.0028091638814657927,-0.003866785205900669,-0.004228278528898954,-0.005058019421994686,-0.004665514919906855,-0.0016806133789941669,-0.00427741464227438,-0.0033839656971395016
EXC,8,2026-04-07 15:30:00+00:00,11:30,-0.003396338317543268,down,-0.0020308177918195724,0.0029243433382362127,0.0012501525925472379,0.0020006601698696613,0.0020183874294161797,0.00029652725788764656,-0.0016200323589146137,-0.0023970019537955523,-0.0011274019489064813,-0.0015672182198613882,0.0003572645946405828,0.0013547406997531652,-7.107495912350714e-05,0.0004837037995457649,-0.00045548437628895044,-0.0009942443575710058,-0.0002809446305036545,0.00037763576256111264,-0.00020775794109795243,0.00031461467733606696,-0.0017129795160144567,-0.0035524184349924326,-0.003676261054351926,0.0003737189981620759,-0.0029041373636573553,-0.003396338317543268
JKHY,8,2026-04-07 15:30:00+00:00,11:30,-0.003462493419647217,down,0.0002223388000857085,0.0019403889309614897,-0.0009906464256346226,0.0011146517936140299,-0.001187378540635109,-0.0019315620884299278,-0.0051355985924601555,-0.002702489960938692,-0.0028918988537043333,-0.00034372738446108997,0.0018771190661936998,0.004162936937063932,0.0038280009757727385,0.003491804236546159,0.0010028149699792266,-0.00140814995393157,0.0011178477434441447,0.001028714352287352,-0.00017755842418409884,-0.00021765255951322615,-6.866988769616e-06,-0.003812232753261924,-0.0048936172388494015,0.00018643004295881838,-0.005611151456832886,-0.003462493419647217
PKG,8,2026-04-07 15:30:00+00:00,11:30,-0.0035016711335629225,down,-0.005500291008502245,-0.001878359355032444,-0.0031332504004240036,-0.0027524137403815985,-0.0010824963683262467,-0.002812581602483988,-0.006524249445647001,-0.005910752806812525,-0.007790593430399895,-0.006218613125383854,-0.0059601622633636,-0.0056821806356310844,-0.00606576818972826,-0.006184489466249943,-0.00525935273617506,-0.004819728899747133,-0.003585801925510168,-0.0024718609638512135,-0.004253182094544172,-0.0028631226159632206,-0.004135741852223873,-0.005608567502349615,-0.0060332827270030975,-0.004261300899088383,-0.006153152324259281,-0.0035016711335629225
IFF,8,2026-04-07 15:30:00+00:00,11:30,-0.0035025272518396378,down,0.004306274000555277,0.015364754013717175,0.010122537612915039,0.014606867916882038,0.011197423562407494,0.006685357075184584,-0.0014003908727318048,-0.004333738703280687,-0.004557057283818722,-0.012312785722315311,-0.013546389527618885,-0.008934400975704193,-0.0037044992204755545,-0.003519158810377121,-0.004169495776295662,-0.006023872643709183,-0.004598238971084356,-0.004521878901869059,-0.003095892956480384,-0.002591386204585433,-0.0026513671036809683,-0.005550925154238939,-0.004570021294057369,-0.00044368827366270125,-0.0048953453078866005,-0.0035025272518396378
MGM,8,2026-04-07 15:30:00+00:00,11:30,-0.0035471562296152115,down,-0.005175330210477114,-0.004399152472615242,-0.00710988137871027,-0.005785355810075998,-0.006200079340487719,-0.010343818925321102,-0.015026567503809929,-0.016802243888378143,-0.014688616618514061,-0.013958597555756569,-0.010753563605248928,-0.007251536473631859,-0.005610978696495295,-0.00549201900139451,-0.005914266221225262,-0.00850882101804018,-0.004560217726975679,-0.005471854470670223,-0.007037409581243992,-0.00734350923448801,-0.0072560980916023254,-0.011140908114612103,-0.010454642586410046,-0.005468433257192373,-0.009214558638632298,-0.0035471562296152115
NVR,8,2026-04-07 15:30:00+00:00,11:30,-0.003569289343431592,down,0.005627698730677366,0.003509166184812784,0.004771158564835787,0.00612318841740489,0.008713106624782085,0.005121320486068726,4.072535375598818e-07,0.002021856838837266,-0.004885033704340458,-0.00391113618388772,-0.0015328743029385805,-0.0006366693996824324,-0.002447414444759488,-0.0038329893723130226,-0.003497917903587222,-0.004054538439959288,-0.00260849017649889,-0.0017079447861760855,-0.003986941650509834,-0.001887700753286481,-0.0034374091774225235,-0.005080095026642084,-0.00392163498327136,-0.002520220819860697,-0.005511118099093437,-0.003569289343431592
AXON,8,2026-04-07 15:30:00+00:00,11:30,-0.003588073654100299,down,-0.002962859347462654,-0.0023179349955171347,-0.011640718206763268,-0.007023749873042107,-0.01948092132806778,-0.020862936973571777,-0.02327342890202999,-0.019199524074792862,-0.014774602837860584,-0.015511507168412209,-0.011051701381802559,-0.009660166688263416,-0.009690461680293083,-0.02331426925957203,-0.026063352823257446,-0.02399608865380287,-0.03048505075275898,-0.018950490280985832,-0.030957523733377457,-0.019844120368361473,-0.02219592221081257,-0.014946057461202145,-0.008432962000370026,0.0029991017654538155,-0.007974587380886078,-0.003588073654100299
TYL,8,2026-04-07 15:30:00+00:00,11:30,-0.0036230485420674086,down,4.3570111301960424e-05,0.00599287822842598,-0.0004956263583153486,0.00204204092733562,-0.0028350306674838066,-0.005990014411509037,-0.007414583582431078,-0.005099634639918804,-0.004355059005320072,-0.0040395623072981834,-0.0012752484763041139,-0.0002384414110565558,-0.0021285051479935646,0.0005895717767998576,-0.0034897266887128353,-0.0022284083534032106,-0.00028123726951889694,-0.0017469326267018914,-0.0009000098216347396,-0.002441012067720294,-0.00050051708240062,-0.003947515971958637,-0.0010144670959562063,0.0005291588022373617,-0.0016624106792733073,-0.0036230485420674086
EXE,8,2026-04-07 15:30:00+00:00,11:30,-0.003627021098509431,down,-0.004181147087365389,-0.003250629873946309,-0.005479707382619381,-0.002993053989484906,-0.005966608412563801,-0.006244583521038294,-0.011628035455942154,-0.010583052411675453,-0.010106267407536507,-0.010393037460744381,-0.009434600360691547,-0.008706455118954182,-0.008266921155154705,-0.006018750369548798,-0.006732374429702759,-0.006545726675540209,-0.004398620221763849,-0.004716921132057905,-0.006279039196670055,-0.007320127449929714,-0.007225533947348595,-0.007219002582132816,-0.006532454397529364,-0.0017449636943638325,-0.0048464275896549225,-0.003627021098509431
COF,8,2026-04-07 15:30:00+00:00,11:30,-0.003649185411632061,down,-0.004177936352789402,-0.0014130218187347054,-0.0036109681241214275,-0.0013616294600069523,-0.002539243781939149,-0.003016820875927806,-0.0048680854961276054,-0.0016102783847600222,-0.0032032993622124195,-0.0019390633096918464,-0.0007184421992860734,-0.0013159738155081868,-0.0018625579541549087,-0.0009384284494444728,-0.0005136193358339369,-0.001561469049192965,-0.0021461322903633118,-0.0018993251724168658,-0.00414155051112175,-0.004464898724108934,-0.005088361445814371,-0.006038702558726072,-0.005074582528322935,-0.0033066144678741693,-0.004195789340883493,-0.003649185411632061
AEE,8,2026-04-07 15:30:00+00:00,11:30,-0.003703569294884801,down,-0.0033063399605453014,-0.003563220612704754,-0.0023321767803281546,-0.0006456284318119287,0.0012954010162502527,0.00017699669115245342,-0.0010628452291712165,-0.0027985088527202606,-0.001100708614103496,-0.00340465409681201,6.142771599115804e-05,0.0008025849820114672,5.074451109976508e-05,-0.0006732855690643191,-0.0010090562282130122,-0.0009250612929463387,-0.00019171726307831705,-0.0005429642042145133,-0.0015251681907102466,-0.0012801209231838584,-0.001979946391656995,-0.004828380886465311,-0.00548373581841588,-0.0025601449888199568,-0.0036000597756356,-0.003703569294884801
POOL,8,2026-04-07 15:30:00+00:00,11:30,-0.003760511288419366,down,-0.005301951430737972,-0.003473537275567651,-0.0038947619032114744,-0.0031957696191966534,-0.0035556599032133818,-0.004428650252521038,-0.008369950577616692,-0.007689601741731167,-0.009383924305438995,-0.007975965738296509,-0.008908245712518692,-0.008148916997015476,-0.009623012505471706,-0.008918216452002525,-0.00674574077129364,-0.007771804463118315,-0.0036039112601429224,-0.004585156682878733,-0.006865317467600107,-0.004860241897404194,-0.005585221573710442,-0.006471864879131317,-0.00896128173917532,-0.0062850345857441425,-0.007653818465769291,-0.003760511288419366
SNPS,8,2026-04-07 15:30:00+00:00,11:30,-0.0038479079958051443,down,-0.0003161578206345439,0.00174905254971236,-0.0033358591608703136,-0.0018400189001113176,-0.003976382315158844,-0.006434315349906683,-0.007397330831736326,-0.004520173650234938,-0.00437849061563611,-0.002910296432673931,-0.0024155338760465384,-0.0015137227019295096,-0.0015273542376235127,-0.0005305556114763021,-0.003694383427500725,-0.004168415442109108,0.0011468710144981742,0.0005186642520129681,-0.0022470487747341394,-0.003175571095198393,-0.0004411775153130293,-0.002245592884719372,0.0010378260631114244,0.0015409047482535243,-0.0013513824669644237,-0.0038479079958051443
ORCL,8,2026-04-07 15:30:00+00:00,11:30,-0.0038830365519970655,down,-0.011003848165273666,-0.011874851770699024,-0.013902063481509686,-0.011067782528698444,-0.012210962362587452,-0.01237667165696621,-0.014262154698371887,-0.014142420142889023,-0.012537878006696701,-0.012253898195922375,-0.005255178082734346,-0.007354375906288624,-0.006325786001980305,-0.006118811666965485,-0.008410589769482613,-0.01165110245347023,-0.008435925468802452,-0.006641543470323086,-0.00523342052474618,-0.007161946035921574,-0.009333156980574131,-0.012409480288624763,-0.01106990035623312,-0.006846243515610695,-0.007525632623583078,-0.0038830365519970655
AVY,8,2026-04-07 15:30:00+00:00,11:30,-0.003930123057216406,down,-0.0031193054746836424,0.001521909493021667,-0.0015694200992584229,7.985088450368494e-05,-0.001552611356601119,-0.002717643976211548,-0.006655964534729719,-0.0075995237566530704,-0.00951552763581276,-0.011079509742558002,-0.009351206012070179,-0.009906352497637272,-0.011112173087894917,-0.012046758085489273,-0.010112990625202656,-0.012521789409220219,-0.009946640580892563,-0.0074150171130895615,-0.008897921070456505,-0.00772858178243041,-0.006796722766011953,-0.00783406663686037,-0.00570279685780406,-0.0015886524925008416,-0.0038319784216582775,-0.003930123057216406
FAST,8,2026-04-07 15:30:00+00:00,11:30,-0.003968971781432629,down,-0.011300444602966309,-0.008046592585742474,-0.0067999884486198425,-0.005913139786571264,-0.00360480765812099,-0.005981620866805315,-0.007665998302400112,-0.008808741346001625,-0.008724812418222427,-0.009967491962015629,-0.008073549717664719,-0.008076396770775318,-0.008345851674675941,-0.006876001134514809,-0.007385436445474625,-0.008723163977265358,-0.00723797595128417,-0.0067869629710912704,-0.007728504948318005,-0.007334545254707336,-0.006833347957581282,-0.009688789024949074,-0.009116828441619873,-0.005340414121747017,-0.005936286877840757,-0.003968971781432629
APH,8,2026-04-07 15:30:00+00:00,11:30,-0.003990104887634516,down,-0.009196496568620205,-0.005496957805007696,-0.009669486433267593,-0.00763798039406538,-0.007131427060812712,-0.00992786418646574,-0.010542649775743484,-0.007960595190525055,-0.007710754871368408,-0.007928088307380676,-0.0045804050751030445,-0.005737449508160353,-0.00411605229601264,-0.004597045015543699,-0.005241009872406721,-0.006671497132629156,-0.002773965708911419,-0.0035437524784356356,-0.004461564589291811,-0.0049576591700315475,-0.0069407010450959206,-0.009096878580749035,-0.008044159971177578,-0.004193203058093786,-0.003988262731581926,-0.003990104887634516
CVS,8,2026-04-07 15:30:00+00:00,11:30,-0.004011380486190319,down,-0.003915725741535425,-0.0031521166674792767,-0.00618677819147706,-0.004154745955020189,-0.004813164472579956,-0.004804902710020542,-0.009926036931574345,-0.008740960620343685,-0.011382387019693851,-0.006139076314866543,-0.002840525470674038,-0.001880496391095221,-7.933013694128022e-05,0.0005075550870969892,0.0029099092353135347,0.0008200243464671075,-0.0003021754964720458,-0.0028219586238265038,-0.004794412758201361,-0.0037647313438355923,-0.007820668630301952,-0.00778174540027976,-0.013730392791330814,-0.005539861973375082,-0.009578526951372623,-0.004011380486190319
RJF,8,2026-04-07 15:30:00+00:00,11:30,-0.0040458934381604195,down,-0.0031405191402882338,0.0007396034779958427,-0.0019427344668656588,-0.0013245076406747103,-0.0010157764190807939,-0.002916996832937002,-0.006564415525645018,-0.006404326297342777,-0.006119630765169859,-0.008499824441969395,-0.007426864933222532,-0.006557806860655546,-0.00780534278601408,-0.008922473527491093,-0.005152062512934208,-0.007037781644612551,-0.005362789612263441,-0.00627176882699132,-0.00791980605572462,-0.0065459818579256535,-0.005919418763369322,-0.0067594279535114765,-0.007241405546665192,-0.004063710570335388,-0.0074686408042907715,-0.0040458934381604195
MRSH,8,2026-04-07 15:30:00+00:00,11:30,-0.004071012604981661,down,-0.007520186249166727,-0.0036273454315960407,-0.00439740065485239,-0.0034261555410921574,-0.0021284811664372683,-0.004508121404796839,-0.006652202922850847,-0.006493720225989819,-0.008587570860981941,-0.007393091917037964,-0.006768675521016121,-0.005144646391272545,-0.00692047830671072,-0.008056371472775936,-0.008452030830085278,-0.008210194297134876,-0.00730720441788435,-0.006233327556401491,-0.005968083627521992,-0.005970645230263472,-0.005798120517283678,-0.00879129208624363,-0.007915920577943325,-0.0062102582305669785,-0.006124552339315414,-0.004071012604981661
ROK,8,2026-04-07 15:30:00+00:00,11:30,-0.004160816315561533,down,-0.0032041899394243956,-0.0040618074126541615,-0.0054347156547009945,-0.0015755926724523306,-0.002334755612537265,-0.004438258241862059,-0.007757364306598902,-0.006025480106472969,-0.007170483004301786,-0.00525760930031538,-0.00514867203310132,-0.0036701145581901073,-0.0025948311667889357,-0.0018076463602483273,-0.002512336242944002,-0.0034511371050029993,-0.0022849896922707558,-0.0024493872188031673,-0.005349725019186735,-0.005458755884319544,-0.005324040539562702,-0.008431539870798588,-0.007042502053081989,-0.003402386326342821,-0.005656017921864986,-0.004160816315561533
MRK,8,2026-04-07 15:30:00+00:00,11:30,-0.004164437297731638,down,-0.008438014425337315,-0.005571550689637661,-0.011336701922118664,-0.00414130836725235,-0.005369991529732943,-0.01033121906220913,-0.012472390197217464,-0.00964436773210764,-0.009527619928121567,-0.010693925432860851,-0.005334919318556786,-0.0056525468826293945,-0.005901044234633446,-0.0032562806736677885,-0.004119230434298515,-0.004272428806871176,-0.004681568592786789,-0.003950915765017271,-0.004354259930551052,-0.005546415224671364,-0.005695388186722994,-0.005817454773932695,-0.005003968253731728,-0.0023579474072903395,-0.004828981123864651,-0.004164437297731638
WY,8,2026-04-07 15:30:00+00:00,11:30,-0.0042364271357655525,down,-0.013828573748469353,-0.006463430356234312,-0.0060065737925469875,-0.006443501450121403,-0.006487924139946699,-0.007720842491835356,-0.010443472303450108,-0.010972597636282444,-0.010848128236830235,-0.013779164291918278,-0.010526715777814388,-0.008617145009338856,-0.007861128076910973,-0.006814960390329361,-0.007159737404435873,-0.007210295181721449,-0.006043681874871254,-0.005393392872065306,-0.006371131632477045,-0.005174216348677874,-0.005064455792307854,-0.007987674325704575,-0.007069459650665522,-0.003201457904651761,-0.0043233283795416355,-0.0042364271357655525
ALLE,8,2026-04-07 15:30:00+00:00,11:30,-0.004238603170961142,down,-0.002614106982946396,-0.00019142546807415783,-0.003261412028223276,-0.0026791736017912626,-0.005158448591828346,-0.0060186502523720264,-0.01110672578215599,-0.0096153374761343,-0.009224876761436462,-0.009065899066627026,-0.007067547645419836,-0.0074448538944125175,-0.0077949101105332375,-0.007692009676247835,-0.008645434863865376,-0.011630048044025898,-0.006030685268342495,-0.005895373877137899,-0.007343487814068794,-0.008340061642229557,-0.009459715336561203,-0.010938315652310848,-0.011672144755721092,-0.0054912324994802475,-0.008164393715560436,-0.004238603170961142
HPE,8,2026-04-07 15:30:00+00:00,11:30,-0.004293747711926699,down,-0.01305550429970026,-0.008739654906094074,-0.008776294998824596,-0.007123582996428013,-0.004269126337021589,-0.0064376830123364925,-0.008612141013145447,-0.006953942123800516,-0.008260768838226795,-0.01129890512675047,-0.008464724756777287,-0.00948810763657093,-0.009191375225782394,-0.007888777181506157,-0.006113053299486637,-0.006578917149454355,-0.005229851696640253,-0.007299791555851698,-0.00702523672953248,-0.006193040404468775,-0.008008641190826893,-0.010563496500253677,-0.009534654207527637,-0.003996885847300291,-0.004671668633818626,-0.004293747711926699
TSN,8,2026-04-07 15:30:00+00:00,11:30,-0.004356150049716234,down,-0.002060321858152747,0.00036950159119442105,-0.0017528058961033821,-0.0008184592588804662,-0.0009727048454806209,-0.003603497287258506,-0.004779092967510223,-0.0059495968744158745,-0.005793258547782898,-0.005617336370050907,-0.0036510315258055925,-0.003136829473078251,-0.002730690175667405,-0.003110970603302121,-0.0033823896665126085,-0.00300933001562953,-0.0018043254967778921,-0.003050474915653467,-0.0021363901905715466,-0.0019572388846427202,-0.0032631028443574905,-0.005764853209257126,-0.005867666564881802,-0.0021331021562218666,-0.004532122053205967,-0.004356150049716234
MMM,8,2026-04-07 15:30:00+00:00,11:30,-0.004375696647912264,down,-0.005364231299608946,-0.00033649528631940484,-0.0029008695855736732,-0.002266927855089307,-0.0008534013759344816,-0.003299367381259799,-0.0048533775843679905,-0.005499774124473333,-0.0056410799734294415,-0.009524324908852577,-0.007461539003998041,-0.0063622682355344296,-0.006068962626159191,-0.006425811909139156,-0.006578453816473484,-0.007122628856450319,-0.0053404876962304115,-0.006140471436083317,-0.005475200247019529,-0.005185197573155165,-0.0047516487538814545,-0.007972246035933495,-0.007343792822211981,-0.005412566941231489,-0.005148598924279213,-0.004375696647912264
VZ,8,2026-04-07 15:30:00+00:00,11:30,-0.00439855782315135,down,-0.0018444067100062966,-0.0008927742019295692,-0.0007485793903470039,-0.0014226867351680994,0.00048809265717864037,-0.001164833316579461,-0.00030945398611947894,-0.0008932210621424019,-0.0002685593208298087,-0.0005358244525268674,-0.0011623614700511098,-0.00182889006100595,-0.00431169243529439,-0.0026528292801231146,-0.002226842101663351,-0.0027566782664507627,-0.002971759531646967,-0.0033871519844979048,-0.0034880852326750755,-0.0027303146198391914,-0.0018791063921526074,-0.0032052977476269007,-0.002573865931481123,-0.002531876554712653,-0.0037570444401353598,-0.00439855782315135
SATS,8,2026-04-07 15:30:00+00:00,11:30,-0.00443895673379302,down,-0.009853348135948181,-0.0147524019703269,-0.017976513132452965,-0.011041702702641487,-0.013049894012510777,-0.01432528905570507,-0.016460079699754715,-0.0089869424700737,-0.00995947327464819,-0.007362663745880127,-0.0016923779621720314,-0.0038964590057730675,-0.0007168882875703275,-0.0027424658183008432,-0.0008103856816887856,-0.001430413918569684,0.00016433987184427679,-0.001487045083194971,-0.0036464533768594265,-0.0038451228756457567,-0.005713349208235741,-0.006669675000011921,-0.00995423924177885,-0.0034540279302746058,-0.005573677830398083,-0.00443895673379302
TXT,8,2026-04-07 15:30:00+00:00,11:30,-0.004442112520337105,down,-0.002897682599723339,-0.0016049848636612296,-0.002229932229965925,-0.002635667799040675,-0.0010496278991922736,-0.0037390587385743856,-0.006736391689628363,-0.008651938289403915,-0.010671966709196568,-0.012926957570016384,-0.012643246911466122,-0.011184628121554852,-0.012624569237232208,-0.012565303593873978,-0.010396484285593033,-0.01154837291687727,-0.00944276712834835,-0.00806217361241579,-0.007995371706783772,-0.00783093087375164,-0.007126619573682547,-0.008623429574072361,-0.008517912589013577,-0.0036416323855519295,-0.006398387718945742,-0.004442112520337105
IRM,8,2026-04-07 15:30:00+00:00,11:30,-0.004447761923074722,down,-0.004271346610039473,-0.0026582852005958557,-0.0028102193027734756,-0.0017493405612185597,-0.0008813388994894922,-0.002753907348960638,-0.00506375078111887,-0.0035790519323199987,-0.004483966622501612,-0.0057733808644115925,-0.005380577873438597,-0.004955079406499863,-0.005236051976680756,-0.00637118611484766,-0.002882490400224924,-0.004889303352683783,-0.0037641851231455803,-0.004456241149455309,-0.005845446139574051,-0.004363323096185923,-0.006840415298938751,-0.007593561429530382,-0.008614052087068558,-0.00372401624917984,-0.005430377088487148,-0.004447761923074722
MAA,8,2026-04-07 15:30:00+00:00,11:30,-0.004469465464353561,down,-0.0032446945551782846,-0.0005502289859578013,-0.0017068823799490929,-0.00020805872918572277,0.002216750755906105,0.00028698574169538915,-0.0004941891529597342,-0.0010061595821753144,9.2356996901799e-05,-0.0005117239779792726,0.002020852407440543,0.0014439176302403212,0.001362821669317782,-0.0006254705949686468,-0.00020549001055769622,-0.0008580810972489417,0.00014342441863846034,-0.0006052189855836332,-0.0010876471642404795,-0.0003137056773994118,-0.0024227146059274673,-0.004124373663216829,-0.005461564287543297,-0.002640850143507123,-0.0039339750073850155,-0.004469465464353561
CPT,8,2026-04-07 15:30:00+00:00,11:30,-0.004490689840167761,down,-0.002040711697191,0.002158446004614234,-0.00032174549414776266,0.001073600840754807,0.002649315632879734,0.0013615703210234642,0.0004393979033920914,-0.00013937953917775303,0.0008648156654089689,0.00019965821411460638,0.0020041309762746096,0.001755929901264608,0.002063775435090065,0.000995461829006672,0.00023958730162121356,-0.001704579801298678,-0.0012982838088646531,-0.000984980259090662,-0.0016605277778580785,-0.001292880391702056,-0.0028720900882035494,-0.005780540872365236,-0.005362483207136393,-0.00283641554415226,-0.0036313741002231836,-0.004490689840167761
MSFT,8,2026-04-07 15:30:00+00:00,11:30,-0.004577972460538149,down,-0.01124385092407465,-0.012201660312712193,-0.012925957329571247,-0.013376430608332157,-0.016791602596640587,-0.02182573452591896,-0.01892981119453907,-0.017712075263261795,-0.015496187843382359,-0.015338079072535038,-0.012641461566090584,-0.014368358999490738,-0.012436470948159695,-0.01436249166727066,-0.012762283906340599,-0.011081491596996784,-0.013235796242952347,-0.011927338317036629,-0.010598691180348396,-0.010063119232654572,-0.012019901536405087,-0.017068147659301758,-0.01641242392361164,-0.017377929762005806,-0.013149822130799294,-0.004577972460538149
WEC,8,2026-04-07 15:30:00+00:00,11:30,-0.004584864247590303,down,-0.004822039511054754,-0.004063120111823082,-0.003964046481996775,-0.0029347017407417297,-0.00027436326490715146,-0.003104501636698842,-0.005108376033604145,-0.004140442702919245,-0.003824197221547365,-0.0036444824654608965,-0.0005754620651714504,0.00014643091708421707,-0.0007167179137468338,-0.0011458704248070717,-0.002179875271394849,-0.0020785683300346136,-0.002116019371896982,-0.0024561560712754726,-0.0029430091381073,-0.0021463220473378897,-0.0023440776858478785,-0.007243893574923277,-0.006996808107942343,-0.0040893820114433765,-0.006098103243857622,-0.004584864247590303
AWK,8,2026-04-07 15:30:00+00:00,11:30,-0.004665646236389875,down,-0.004261373076587915,-0.0024438342079520226,-0.0027095188852399588,-0.0014706538058817387,0.0012795894872397184,-0.00042701023630797863,-0.001959695713594556,-0.0029816594906151295,-0.003858399810269475,-0.0035329984966665506,-0.0009699781658127904,-0.0005949417245574296,-0.0015345768770202994,-0.0018137093866243958,-0.0017203204333782196,-0.004043264780193567,-0.00280356896109879,-0.0029101420659571886,-0.0026370706036686897,-0.0021829784382134676,-0.0037267999723553658,-0.005801921244710684,-0.00611743051558733,-0.003984309267252684,-0.0060624717734754086,-0.004665646236389875
TRMB,8,2026-04-07 15:30:00+00:00,11:30,-0.004677210934460163,down,-0.0012831698404625058,0.004298937041312456,-0.0007850517868064344,0.002162740333005786,-0.0010446739615872502,-0.002868659794330597,-0.0087251802906394,-0.01113939005881548,-0.009135636501014233,-0.013629318214952946,-0.01596086099743843,-0.01113185565918684,-0.007359058130532503,-0.01070473250001669,-0.014168897643685341,-0.015007007867097855,-0.013498589396476746,-0.011204305104911327,-0.008304048329591751,-0.010983572341501713,-0.0073580630123615265,-0.007634259294718504,-0.007867502979934216,-0.006047858856618404,-0.011870969086885452,-0.004677210934460163
PRU,8,2026-04-07 15:30:00+00:00,11:30,-0.004756513983011246,down,-0.005604802165180445,-0.0030206595547497272,-0.004546522628515959,-0.0029106850270181894,-0.0010154466144740582,-0.0027226824313402176,-0.00574658066034317,-0.005162591114640236,-0.0067124818451702595,-0.006868674885481596,-0.005256172735244036,-0.004116850905120373,-0.003673688042908907,-0.003602285636588931,-0.0029524050187319517,-0.0048248739913105965,-0.0024809816386550665,-0.004091538954526186,-0.003721710992977023,-0.0037830928340554237,-0.004520543850958347,-0.007009134162217379,-0.0078013138845562935,-0.0035303004551678896,-0.006070519797503948,-0.004756513983011246
CBRE,8,2026-04-07 15:30:00+00:00,11:30,-0.0047628856264054775,down,-0.007206024136394262,-0.004506004508584738,-0.0065126363188028336,-0.00529645336791873,-0.00537800183519721,-0.007130354642868042,-0.010081545449793339,-0.00872513372451067,-0.007122180890291929,-0.007936995476484299,-0.004859131760895252,-0.004985709674656391,-0.0054315123707056046,-0.004287408664822578,-0.004458947107195854,-0.005823970772325993,-0.002525641117244959,-0.004906241316348314,-0.004227287136018276,-0.005427264142781496,-0.005335634108632803,-0.00679889926686883,-0.007605433464050293,-0.002810627454891801,-0.00637009646743536,-0.0047628856264054775
CLX,8,2026-04-07 15:30:00+00:00,11:30,-0.004801075905561447,down,-0.006053825840353966,-0.003132058074697852,-0.006434606853872538,-0.003617869922891259,-0.0037760185077786446,-0.003717004554346204,-0.00823510903865099,-0.0071542090736329556,-0.007249611895531416,-0.00933820754289627,-0.008471227250993252,-0.006685050204396248,-0.005410895217210054,-0.0036867610178887844,-0.004708039108663797,-0.004273309372365475,-0.0030588333029299974,-0.003420279361307621,-0.005579836200922728,-0.005712390877306461,-0.007186997216194868,-0.006923423148691654,-0.008409136906266212,-0.003375415690243244,-0.00847706850618124,-0.004801075905561447
TTWO,8,2026-04-07 15:30:00+00:00,11:30,-0.004859427455812693,down,-0.001270165084861219,-0.0008054059580899775,-0.0022559005301445723,-0.0018778762314468622,-0.004685899242758751,-0.004786163102835417,-0.006249895319342613,-0.004141178913414478,-0.004822193644940853,-0.004377735313028097,-0.0063146441243588924,-0.0033153463155031204,-0.005034405738115311,-0.00541961332783103,-0.005432781297713518,-0.006280925124883652,-0.0030647730454802513,-0.0023477200884371996,-0.005671507213264704,-0.003617268754169345,-0.0038367651868611574,-0.0047439527697861195,-0.005928470753133297,-0.005640464834868908,-0.007463885936886072,-0.004859427455812693
HBAN,8,2026-04-07 15:30:00+00:00,11:30,-0.004884766414761543,down,-0.011605328880250454,-0.008822302334010601,-0.010822960175573826,-0.007221450563520193,-0.008029564283788204,-0.009113701991736889,-0.011232150718569756,-0.010607613250613213,-0.011273810639977455,-0.00881919078528881,-0.009012558497488499,-0.0070304893888533115,-0.00771782360970974,-0.008075082674622536,-0.008893980644643307,-0.008840778842568398,-0.005908319726586342,-0.008276522159576416,-0.008831462822854519,-0.007299696560949087,-0.008482715114951134,-0.010219940915703773,-0.010547997429966927,-0.0049286698922514915,-0.0064046974293887615,-0.004884766414761543
NOW,8,2026-04-07 15:30:00+00:00,11:30,-0.004885914735496044,down,-0.007323091384023428,-0.0010726435575634241,-0.015233506448566914,-0.010716544464230537,-0.013039900921285152,-0.016161493957042694,-0.02165384218096733,-0.01718606799840927,-0.017043983563780785,-0.010553867556154728,-0.006558756809681654,-0.005274904891848564,-0.0034571709111332893,-0.0030145063064992428,-0.006263570860028267,-0.0038177547976374626,-0.003311114152893424,-0.002482735551893711,-0.005559453275054693,-0.004356234334409237,-0.003143805544823408,-0.00558784743770957,-0.0021367277950048447,0.0008859331137500703,-0.0023671393282711506,-0.004885914735496044
WYNN,8,2026-04-07 15:30:00+00:00,11:30,-0.004912476986646652,down,-0.0036223107017576694,-0.00038921317900530994,-0.005245730746537447,-0.003561396850273013,-0.0058856625109910965,-0.004934102296829224,-0.00889464933425188,-0.010216507129371166,-0.010581325739622116,-0.011302700266242027,-0.011573226191103458,-0.009264104999601841,-0.008244072087109089,-0.006794323679059744,-0.009926365688443184,-0.00879318080842495,-0.00687801418825984,-0.0074185277335345745,-0.007437051739543676,-0.008998138830065727,-0.007251603528857231,-0.007048847619444132,-0.0076043615117669106,-0.0034923844505101442,-0.007207445800304413,-0.004912476986646652
TGT,8,2026-04-07 15:30:00+00:00,11:30,-0.004971457179635763,down,-0.00456397095695138,-0.0011082134442403913,-0.005166417919099331,-0.0010043663205578923,-0.002198589500039816,-0.0044213468208909035,-0.008308094926178455,-0.005670441780239344,-0.005630316212773323,-0.008294645696878433,-0.00430875550955534,-0.0017814268358051777,-0.0019098343327641487,-0.0007974011823534966,-0.0019196101929992437,-0.0014351211721077561,-0.0019625830464065075,-0.0019843250047415495,-0.003122609341517091,-0.005671842955052853,-0.0047472701407969,-0.006502272095531225,-0.003365288721397519,-0.0016047218814492226,-0.003555921372026205,-0.004971457179635763
EQR,8,2026-04-07 15:30:00+00:00,11:30,-0.005004736129194498,down,-0.005794411525130272,-0.002159070922061801,-0.004889473784714937,-0.0027332718018442392,-0.0012076256098225713,-0.0033545151818543673,-0.004689828492701054,-0.004698794800788164,-0.004846172872930765,-0.005216883961111307,-0.0023435933981090784,-0.0030060962308198214,-0.002781509654596448,-0.0034749123733490705,-0.004012708552181721,-0.005295982118695974,-0.0022295378148555756,-0.0035763634368777275,-0.0028718530666083097,-0.0015510953962802887,-0.0044374167919158936,-0.007554009091109037,-0.007754217833280563,-0.005598115734755993,-0.0058221593499183655,-0.005004736129194498
GPC,8,2026-04-07 15:30:00+00:00,11:30,-0.005062164273113012,down,0.00015870931383688003,0.0025368016213178635,0.004537401255220175,0.0019444073550403118,0.006235869601368904,0.0026732434052973986,0.0006658284110017121,0.000495702086482197,-0.00025274709332734346,-0.00042358593782410026,0.0001293452805839479,0.0004557457868941128,-0.0007515656761825085,-0.0014936650404706597,-0.0007529985159635544,-0.0010039650369435549,-0.0005108668701723218,-0.0022715062368661165,-0.0019378887955099344,-0.0013613133924081922,-0.002809148048982024,-0.005001530516892672,-0.004143127240240574,-0.0005756948376074433,-0.0034034745767712593,-0.005062164273113012
ADM,8,2026-04-07 15:30:00+00:00,11:30,-0.00506905373185873,down,0.0034820379223674536,0.0059670861810445786,0.0039396765641868114,0.0018868306651711464,0.003412343794479966,0.0016568409046158195,-0.0021638742182403803,-0.0031299246475100517,-0.0030200150795280933,-0.0068753850646317005,-0.0072057368233799934,-0.00595573615282774,-0.006392084527760744,-0.0036985441111028194,-0.005476709455251694,-0.0069625177420675755,-0.006554430816322565,-0.006609663832932711,-0.00774451345205307,-0.00726374052464962,-0.007593423128128052,-0.007275739219039679,-0.006052365992218256,-0.004431770183146,-0.006341281346976757,-0.00506905373185873
EFX,8,2026-04-07 15:30:00+00:00,11:30,-0.005145752802491188,down,-0.001131272641941905,0.0006582565838471055,-0.0034937497694045305,-0.002918616868555546,-0.005682528484612703,-0.00643443176522851,-0.007654569577425718,-0.005906264763325453,-0.004073752090334892,-0.0039010855834931135,-0.003597509814426303,-0.0032320721074938774,-0.0028898376040160656,-0.00233484897762537,-0.004430277273058891,-0.0062081231735646725,-0.002550998469814658,-0.0022996028419584036,-0.004289225209504366,-0.003646032651886344,-0.005234626121819019,-0.008088689297437668,-0.008252517320215702,-0.005945801269263029,-0.007687812205404043,-0.005145752802491188
DOW,8,2026-04-07 15:30:00+00:00,11:30,-0.005149182863533497,down,-0.0031340436544269323,-0.004426065366715193,-0.01074430625885725,-0.008731137029826641,-0.01103812176734209,-0.01385381631553173,-0.016266128048300743,-0.014451294206082821,-0.014563187025487423,-0.011647611856460571,-0.010237625800073147,-0.006005461793392897,-0.0082358717918396,-0.0073756384663283825,-0.004892169963568449,-0.007552427239716053,-0.009332560002803802,-0.009303202852606773,-0.009366237558424473,-0.009969968348741531,-0.010343082249164581,-0.012897254899144173,-0.01204653363674879,-0.007364117074757814,-0.007385587319731712,-0.005149182863533497
XYL,8,2026-04-07 15:30:00+00:00,11:30,-0.005159628577530384,down,-0.01102645043283701,-0.007776191458106041,-0.009889589622616768,-0.006270550191402435,-0.0049894112162292,-0.008564025163650513,-0.009009022265672684,-0.008803987875580788,-0.00856698676943779,-0.00972457230091095,-0.007958948612213135,-0.006615868303924799,-0.006927570793777704,-0.00624987855553627,-0.005318496376276016,-0.006949741393327713,-0.0034028328955173492,-0.00296214921399951,-0.003674139501526952,-0.003632035106420517,-0.004884382244199514,-0.007626189850270748,-0.008434454910457134,-0.0042377314530313015,-0.004922859370708466,-0.005159628577530384
DUK,8,2026-04-07 15:30:00+00:00,11:30,-0.005245066247880459,down,-0.0035952399484813213,0.0014706525253131986,0.0016683324938639998,0.0016976891783997416,0.004122335463762283,0.000961885554715991,0.0004375225689727813,-0.001757496502250433,-0.0021732805762439966,-0.004971256945282221,-0.0022156008053570986,-0.002236550208181143,-0.003548119682818651,-0.004052882548421621,-0.0040821353904902935,-0.003362778341397643,-0.0036760822404175997,-0.0035072793252766132,-0.0023933809716254473,-0.0018203631043434143,-0.0035725405905395746,-0.006458758842200041,-0.0064842416904866695,-0.0034792982041835785,-0.004715842194855213,-0.005245066247880459
WDAY,8,2026-04-07 15:30:00+00:00,11:30,-0.005386800970882177,down,-0.00903909932821989,-0.004781139548867941,-0.01393961813300848,-0.010457068681716919,-0.01366386003792286,-0.017518652603030205,-0.018822239711880684,-0.01617666706442833,-0.014004082418978214,-0.01406524982303381,-0.012901085428893566,-0.010156908072531223,-0.010434437543153763,-0.008064806461334229,-0.007348287850618362,-0.009570352733135223,-0.006506331264972687,-0.006422276142984629,-0.007675668224692345,-0.008617198094725609,-0.008892539888620377,-0.010026638396084309,-0.008739910088479519,-0.0060405726544559,-0.00677362410351634,-0.005386800970882177
CDW,8,2026-04-07 15:30:00+00:00,11:30,-0.00540826516225934,down,-0.0011329756816849113,-0.0005730612901970744,-0.0027737924829125404,-0.0004721871518995613,-0.002723970450460911,-0.004782367963343859,-0.0071753631345927715,-0.005046792794018984,-0.004226791672408581,-0.005435970611870289,-0.002644118620082736,-0.0026453931350260973,-0.0038059803191572428,-0.003973550163209438,-0.0029606223106384277,-0.004842106718569994,-0.002010400639846921,-0.002250410383567214,-0.002909991657361388,-0.0037472473923116922,-0.00515659200027585,-0.00734877260401845,-0.006764858961105347,-0.003218293422833085,-0.005854873917996883,-0.00540826516225934
SYK,8,2026-04-07 15:30:00+00:00,11:30,-0.0054530310444533825,down,-0.007828948087990284,-0.005213228520005941,-0.005990209523588419,-0.004265576601028442,-0.004112338647246361,-0.00657084584236145,-0.008526596240699291,-0.0077505288645625114,-0.009587968699634075,-0.007779955398291349,-0.006346612703055143,-0.00474157277494669,-0.004640187136828899,-0.0050023822113871574,-0.0059208995662629604,-0.0068628727458417416,-0.004453612025827169,-0.004491092171519995,-0.004852948244661093,-0.005015106406062841,-0.005702142138034105,-0.007296760566532612,-0.006614265497773886,-0.003219887614250183,-0.006522615440189838,-0.0054530310444533825
BSX,8,2026-04-07 15:30:00+00:00,11:30,-0.005473892670124769,down,-0.005299988202750683,-0.0029962307307869196,-0.007667423225939274,-0.0061818319372832775,-0.0037899937015026808,-0.0052780271507799625,-0.012773227877914906,-0.012268533930182457,-0.013937498442828655,-0.013598894700407982,-0.012658121064305305,-0.011914222501218319,-0.010661443695425987,-0.009867281652987003,-0.010178539901971817,-0.008246292360126972,-0.0068824454210698605,-0.008026734925806522,-0.006028198637068272,-0.008002257905900478,-0.006974376272410154,-0.011444369331002235,-0.010274501517415047,-0.004273572005331516,-0.00932806171476841,-0.005473892670124769
AKAM,8,2026-04-07 15:30:00+00:00,11:30,-0.00557866133749485,down,-0.012479362078011036,-0.006333161145448685,-0.0125166280195117,-0.010420507751405239,-0.011100837960839272,-0.013000532053411007,-0.013914227485656738,-0.01216592825949192,-0.010518316179513931,-0.013424756936728954,-0.011341833509504795,-0.01117691956460476,-0.008597434498369694,-0.006707189604640007,-0.006955915130674839,-0.00710812583565712,-0.0068215616047382355,-0.005748105235397816,-0.008726504631340504,-0.010644875466823578,-0.007971677929162979,-0.009617735631763935,-0.008211069740355015,-0.007202420383691788,-0.00795710925012827,-0.00557866133749485
MAS,8,2026-04-07 15:30:00+00:00,11:30,-0.005632807034999132,down,-0.0069051082246005535,-0.0003609340637922287,-0.004602514673024416,-0.003554192604497075,-0.004668116569519043,-0.006361465435475111,-0.008242182433605194,-0.00906329695135355,-0.009950926527380943,-0.011567365378141403,-0.009446756914258003,-0.00905268732458353,-0.007997807115316391,-0.006166121456772089,-0.0055932942777872086,-0.008518821559846401,-0.004820569418370724,-0.0061384267173707485,-0.0070684184320271015,-0.007342102006077766,-0.0068878065794706345,-0.007958517409861088,-0.00948133785277605,-0.005247892811894417,-0.007865101099014282,-0.005632807034999132
SRE,8,2026-04-07 15:30:00+00:00,11:30,-0.00572376511991024,down,0.00027680679340846837,0.0014246954815462232,-0.0005378753994591534,0.0008058972307480872,0.002120555844157934,-0.0011331068817526102,-0.0024434286169707775,-0.0028361051809042692,-0.0024949409998953342,-0.005019813776016235,-0.0023344382643699646,-0.0011669844388961792,-0.002580129075795412,-0.002663993975147605,-0.003043977078050375,-0.003920555580407381,-0.0038065549451857805,-0.004102145787328482,-0.0038078268989920616,-0.003229959635064006,-0.0042341602966189384,-0.0068914261646568775,-0.008577188476920128,-0.0056524937972426414,-0.0078450171276927,-0.00572376511991024
WMT,8,2026-04-07 15:30:00+00:00,11:30,-0.0057919817045331,down,-0.004785343073308468,-0.0020209786016494036,-0.006608224473893642,-0.006096364464610815,-0.00728811277076602,-0.009649253450334072,-0.01270249392837286,-0.013816471211612225,-0.013584605418145657,-0.014834616333246231,-0.011160191148519516,-0.010415918193757534,-0.011776058003306389,-0.01046068500727415,-0.012323588132858276,-0.01163573656231165,-0.013817872852087021,-0.015177847817540169,-0.012960575520992279,-0.013220541179180145,-0.011986415833234787,-0.013485339470207691,-0.010733507573604584,-0.006964316125959158,-0.007367732468992472,-0.0057919817045331
VICI,8,2026-04-07 15:30:00+00:00,11:30,-0.005824344232678413,down,-0.006127943750470877,-0.0007224360015243292,-0.002809634432196617,0.00013840815518051386,-0.00013571942690759897,-0.0007334292167797685,-0.00341153796762228,-0.005572197493165731,-0.0046602762304246426,-0.0056252246722579,-0.0026521077379584312,-0.0044778925366699696,-0.003819540375843644,-0.004154125694185495,-0.0036707809194922447,-0.0033932586666196585,-0.0026401951909065247,-0.0022417001891881227,-0.002461654134094715,-0.0015767129370942712,-0.0022960894275456667,-0.005391215439885855,-0.006866723299026489,-0.002096808748319745,-0.004307461436837912,-0.005824344232678413
ABNB,8,2026-04-07 15:30:00+00:00,11:30,-0.005919378716498613,down,-0.007888730615377426,-0.0024535912089049816,-0.01140039972960949,-0.006263697519898415,-0.009481603279709816,-0.011924696154892445,-0.015147048979997635,-0.012384951114654541,-0.009802727960050106,-0.010603978298604488,-0.008392753079533577,-0.007849819026887417,-0.006553674582391977,-0.006319367792457342,-0.005583812016993761,-0.008261059410870075,-0.0044546667486429214,-0.005385786760598421,-0.00720321387052536,-0.009451298043131828,-0.010746951214969158,-0.01177659910172224,-0.011120445095002651,-0.006619780324399471,-0.010405189357697964,-0.005919378716498613
PGR,8,2026-04-07 15:30:00+00:00,11:30,-0.005940245930105448,down,-0.00137165782507509,0.0018696105107665062,0.0012802800629287958,0.0016146934358403087,0.000563005218282342,-0.0021390258334577084,-0.0029884332325309515,-0.0023173124063760042,-0.002383628161624074,-0.0029315301217138767,-0.002087164670228958,-0.0018650179263204336,-0.0018765826243907213,-0.002521476009860635,-0.002487493446096778,-0.0030664277728646994,-0.0016394512495025992,-0.0014512540074065328,-0.0024099431466311216,-0.0024113354738801718,-0.004148449283093214,-0.004514160566031933,-0.006324152462184429,-0.004257094115018845,-0.006150222383439541,-0.005940245930105448
IVZ,8,2026-04-07 15:30:00+00:00,11:30,-0.005952117964625359,down,-0.01643197238445282,-0.006455983035266399,-0.012869964353740215,-0.00999304000288248,-0.016292482614517212,-0.017361925914883614,-0.02011585421860218,-0.01187637634575367,-0.011243260465562344,-0.0067718676291406155,-0.0022767630871385336,-0.0051756734028458595,-0.005193628836423159,-0.0004702634469140321,-0.00015739203081466258,-0.0013934336602687836,0.001004461431875825,0.0007387925288639963,-0.003093517618253827,-0.00684009026736021,-0.009114832617342472,-0.008063558489084244,-0.005393840838223696,0.0001799788005882874,-0.00324536906555295,-0.005952117964625359
BF-B,8,2026-04-07 15:30:00+00:00,11:30,-0.006028079893440008,down,-0.003854824462905526,-0.0009464186732657254,-0.0018007645849138498,0.00040285286377184093,-0.0004164242127444595,-0.002540403511375189,-0.005351813975721598,-0.006051498930901289,-0.007506242021918297,-0.009889309294521809,-0.009252999909222126,-0.006306877359747887,-0.006994045805186033,-0.0038593646604567766,-0.004268203862011433,-0.004874603357166052,-0.002980968449264765,-0.004996355157345533,-0.006115422584116459,-0.004769273102283478,-0.008011476136744022,-0.009061350487172604,-0.009468486532568932,-0.00552756991237402,-0.006377865560352802,-0.006028079893440008
CCL,8,2026-04-07 15:30:00+00:00,11:30,-0.006064969580620527,down,-0.029634028673171997,-0.015042719431221485,-0.020647091791033745,-0.019336523488163948,-0.01766183227300644,-0.018016880378127098,-0.02439107932150364,-0.02187041938304901,-0.024084750562906265,-0.024099597707390785,-0.019612040370702744,-0.0177113339304924,-0.009659931994974613,-0.009825651533901691,-0.012443168088793755,-0.014199093915522099,-0.009022042155265808,-0.010203029960393906,-0.010161235928535461,-0.011442319490015507,-0.01510952040553093,-0.01872299611568451,-0.01783309131860733,-0.00884157419204712,-0.009411826729774475,-0.006064969580620527
T,8,2026-04-07 15:30:00+00:00,11:30,-0.006396730430424213,down,-0.002907760441303253,-0.0013083235826343298,-0.003668271703645587,-0.003283928846940398,-0.006144920829683542,-0.00892390962690115,-0.007023039273917675,-0.006360097788274288,-0.0048970445059239864,-0.004249025136232376,-0.0050446270033717155,-0.006506024394184351,-0.008339143358170986,-0.007487180642783642,-0.007195815443992615,-0.007649888284504414,-0.006946254055947065,-0.0077820164151489735,-0.007260235026478767,-0.00626755366101861,-0.00697968527674675,-0.008156638592481613,-0.009790662676095963,-0.006070432718843222,-0.006588384509086609,-0.006396730430424213
LDOS,8,2026-04-07 15:30:00+00:00,11:30,-0.006408850196748972,down,-0.0018772935727611184,0.0012297253124415874,0.00039489075425080955,0.0008409409783780575,0.0009730102610774338,-0.0013749151257798076,-0.003503402229398489,-0.0040916032157838345,-0.002350535709410906,-0.0016792964888736606,0.0017507754964753985,0.0024674066808074713,0.0013715574750676751,0.0015489188954234123,-0.0001461286301491782,-0.0009795123478397727,0.000942596816457808,0.0017163020092993975,0.0006013888632878661,-0.00032227535848505795,-0.0011541512794792652,-0.003508287249132991,-0.004292789846658707,-0.0025672437623143196,-0.0067526972852647305,-0.006408850196748972
EBAY,8,2026-04-07 15:30:00+00:00,11:30,-0.0064146919175982475,down,-0.0016302205622196198,-0.0005268556997179985,-0.0033904127776622772,0.0011583310551941395,0.0007941526710055768,0.0006680048536509275,-0.003194444580003619,-0.0026873163878917694,-0.007065717130899429,-0.005883470643311739,-0.0041370331309735775,-0.003386679571121931,-0.0039003563579171896,-0.0038995794020593166,-0.004667197819799185,-0.005818180739879608,-0.005053362343460321,-0.007134234998375177,-0.006932139862328768,-0.005514846183359623,-0.005897304508835077,-0.007944359444081783,-0.006726308260113001,-0.003468272741883993,-0.005508757196366787,-0.0064146919175982475
ADSK,8,2026-04-07 15:30:00+00:00,11:30,-0.006481875199824572,down,-0.0018064709147438407,0.002394151408225298,-0.004073553718626499,-0.0020001656375825405,-0.008128218352794647,-0.008948124945163727,-0.012240350246429443,-0.00836571492254734,-0.010009150952100754,-0.008665746077895164,-0.0058200485073029995,-0.004300237167626619,-0.0032479665242135525,-0.004320179112255573,-0.005964231211692095,-0.006033267825841904,-0.001276366412639618,-0.0016957498155534267,-0.004612817894667387,-0.003101093228906393,-0.0033507468178868294,-0.0066192965023219585,-0.008608325384557247,-0.00433341646566987,-0.007244405336678028,-0.006481875199824572
PG,8,2026-04-07 15:30:00+00:00,11:30,-0.006584899500012398,down,-0.007034409325569868,-0.002318658633157611,-0.005293169058859348,-0.004089081659913063,-0.0027873977087438107,-0.005886851344257593,-0.006279013119637966,-0.007206152193248272,-0.008809708058834076,-0.009888261556625366,-0.007370293140411377,-0.0067949844524264336,-0.007045615464448929,-0.00719089899212122,-0.0077515859156847,-0.007813761942088604,-0.006849228870123625,-0.006784640718251467,-0.005862544756382704,-0.00535044027492404,-0.0050773462280631065,-0.008563961833715439,-0.009149406105279922,-0.007631145417690277,-0.008253519423305988,-0.006584899500012398
CVX,8,2026-04-07 15:30:00+00:00,11:30,-0.0066588460467755795,down,-0.005449851509183645,-0.0042904638685286045,-0.0048049199394881725,-0.0064604743383824825,-0.0032401259522885084,-0.005861075595021248,-0.010383030399680138,-0.010149299167096615,-0.010124868713319302,-0.0077636344358325005,-0.0026581271085888147,-0.0027850032784044743,-0.004480848088860512,-0.004214700777083635,-0.00404381426051259,-0.005994222592562437,-0.003298804396763444,-0.003965118434280157,-0.0032261947635561228,-0.004221814684569836,-0.006233890075236559,-0.008254971355199814,-0.00898834876716137,-0.005864730570465326,-0.0066758799366652966,-0.0066588460467755795
ETR,8,2026-04-07 15:30:00+00:00,11:30,-0.006728882901370525,down,-0.0022827088832855225,-0.001867706305347383,-0.004229881335049868,-0.000521934824064374,0.00024785459390841424,-0.0020967302843928337,-0.0016324023017659783,-0.004585280083119869,-0.002757152309641242,-0.0039361706003546715,-0.002706853672862053,-0.0011732681887224317,-0.0005042352713644505,-0.001961732981726527,-0.0019958061166107655,-0.001509417430497706,-0.0020318739116191864,-0.0020747873932123184,-0.0032697459682822227,-0.0027788158040493727,-0.003953198436647654,-0.006644414737820625,-0.005417969543486834,-0.0030761396046727896,-0.004195200279355049,-0.006728882901370525
CPRT,8,2026-04-07 15:30:00+00:00,11:30,-0.006858394015580416,down,0.0006980043253861368,0.004231130238622427,0.0004996053758077323,0.000578320468775928,-0.0009305052226409316,-0.00044672098010778427,-0.0019970068242400885,-0.0011726332595571876,-0.0014586064498871565,-0.002123321406543255,-0.0019798632711172104,-0.002344180829823017,-0.0045594810508191586,-0.0036352684255689383,-0.004695639945566654,-0.0038909022696316242,-0.0035055167973041534,-0.0044057066552340984,-0.004683428909629583,-0.003934858832508326,-0.0033962323796004057,-0.004577754996716976,-0.006942092906683683,-0.0035745420027524233,-0.005606336053460836,-0.006858394015580416
CB,8,2026-04-07 15:30:00+00:00,11:30,-0.006931471638381481,down,-0.006892362143844366,-0.004205259028822184,-0.0035280364099889994,-0.0030144224874675274,-0.0007082101074047387,-0.002051553688943386,-0.0046113780699670315,-0.005815708078444004,-0.007634585723280907,-0.007111974526196718,-0.006911212578415871,-0.00797492265701294,-0.007544469088315964,-0.00836427602916956,-0.0072827767580747604,-0.007941638119518757,-0.006277758162468672,-0.005747391376644373,-0.006478408817201853,-0.005689637735486031,-0.005349605809897184,-0.008036915212869644,-0.00829915888607502,-0.0045416285283863544,-0.006716887466609478,-0.006931471638381481
LII,8,2026-04-07 15:30:00+00:00,11:30,-0.006961709354072809,down,-0.008008931763470173,-0.0029080233070999384,-0.007625969126820564,-0.004206486511975527,-0.007466464303433895,-0.010000382550060749,-0.010330148041248322,-0.011070250533521175,-0.011915409937500954,-0.013958021998405457,-0.011707765981554985,-0.009778138250112534,-0.011780327185988426,-0.0129372738301754,-0.015467492863535881,-0.015657076612114906,-0.0131843201816082,-0.013306757435202599,-0.012822335585951805,-0.0126884113997221,-0.010933528654277325,-0.012932534329593182,-0.011517664417624474,-0.006690841168165207,-0.0090685049071908,-0.006961709354072809
BX,8,2026-04-07 15:30:00+00:00,11:30,-0.006982808001339436,down,-0.010186783038079739,-0.00826430507004261,-0.010946156457066536,-0.00735974358394742,-0.007892804220318794,-0.006811955012381077,-0.009255416691303253,-0.008084525354206562,-0.0073173996061086655,-0.010744167491793633,-0.007999747060239315,-0.00746313389390707,-0.007153267972171307,-0.006389168556779623,-0.0068771191872656345,-0.0063661448657512665,-0.0034165778197348118,-0.005305472761392593,-0.005899424664676189,-0.008316169492900372,-0.0082535520195961,-0.009734929539263248,-0.009359462186694145,-0.00541664706543088,-0.006059329956769943,-0.006982808001339436
WSM,8,2026-04-07 15:30:00+00:00,11:30,-0.006991079077124596,down,-0.0034013267140835524,-0.0035452547017484903,-0.007758064195513725,-0.006189377978444099,-0.008928115479648113,-0.01129832398146391,-0.013867327012121677,-0.011494235135614872,-0.01274819765239954,-0.010519475676119328,-0.011317839846014977,-0.009715162217617035,-0.009460099041461945,-0.01072495523840189,-0.012072754092514515,-0.012649180367588997,-0.010014540515840054,-0.00994149874895811,-0.011999295093119144,-0.010198129341006279,-0.011642226949334145,-0.011567681096494198,-0.011700269766151905,-0.008770245127379894,-0.009263947606086731,-0.006991079077124596
A,8,2026-04-07 15:30:00+00:00,11:30,-0.007041136734187603,down,-0.006513710133731365,-0.00564513960853219,-0.006253564264625311,-0.005325721576809883,-0.0047784666530787945,-0.006197462324053049,-0.007222759071737528,-0.00993655901402235,-0.010305033065378666,-0.013150687329471111,-0.011362767778337002,-0.00976518727838993,-0.010393490083515644,-0.011159428395330906,-0.008577288128435612,-0.011004986241459846,-0.008472152054309845,-0.006676769349724054,-0.008856491185724735,-0.008302447386085987,-0.008451079949736595,-0.010051356628537178,-0.009612585417926311,-0.006341157481074333,-0.008101695217192173,-0.007041136734187603
MOS,8,2026-04-07 15:30:00+00:00,11:30,-0.007089938037097454,down,-0.0071724276058375835,-0.005246742162853479,-0.0070783053524792194,-0.006113619077950716,-0.008690263144671917,-0.012056046165525913,-0.01814042031764984,-0.015206487849354744,-0.013272585347294807,-0.013918551616370678,-0.009902279824018478,-0.007413283456116915,-0.006796782836318016,-0.004272976890206337,-0.004776387009769678,-0.004217062145471573,-0.002492000116035342,-0.0018063217867165804,-0.004179039504379034,-0.006847396492958069,-0.010947318747639656,-0.013243728317320347,-0.014132953248918056,-0.005924765951931477,-0.01025250181555748,-0.007089938037097454
KDP,8,2026-04-07 15:30:00+00:00,11:30,-0.00712137995287776,down,-0.015993410721421242,-0.0050298189744353294,-0.009007311426103115,-0.00822510477155447,-0.005017572082579136,-0.006540339440107346,-0.008053668774664402,-0.009223059751093388,-0.007145372685045004,-0.010163886472582817,-0.006434552371501923,-0.0070624640211462975,-0.007650416344404221,-0.006444031372666359,-0.006606586277484894,-0.006128549110144377,-0.006112788338214159,-0.007736953906714916,-0.007538756355643272,-0.005764327943325043,-0.005003069993108511,-0.005489681847393513,-0.007990768179297447,-0.003531835274770856,-0.00403853552415967,-0.00712137995287776
CRH,8,2026-04-07 15:30:00+00:00,11:30,-0.0071343728341162205,down,-0.008708886802196503,-0.0051405904814600945,-0.00832973700016737,-0.005774051416665316,-0.006813542917370796,-0.005764865316450596,-0.008326790295541286,-0.006578962784260511,-0.006220219656825066,-0.008526427671313286,-0.0069907172583043575,-0.007741147186607122,-0.0061741904355585575,-0.005870792083442211,-0.004825831390917301,-0.006538504268974066,-0.005051770247519016,-0.005839623976498842,-0.007945369929075241,-0.0070612505078315735,-0.00719988439232111,-0.008600466884672642,-0.00805430393666029,-0.004416769370436668,-0.007459729909896851,-0.0071343728341162205
NFLX,8,2026-04-07 15:30:00+00:00,11:30,-0.007176404818892479,down,-0.0067095146514475346,-0.002734201028943062,-0.00866792257875204,-0.0077151944860816,-0.01128138042986393,-0.010680770501494408,-0.012104049324989319,-0.01067478209733963,-0.009299932047724724,-0.011309748515486717,-0.01036372222006321,-0.012229894287884235,-0.01270360965281725,-0.012989307753741741,-0.010351876728236675,-0.011231479234993458,-0.010693967342376709,-0.010345745831727982,-0.010151702910661697,-0.008524329401552677,-0.009349971078336239,-0.011469153687357903,-0.010760709643363953,-0.008174690417945385,-0.007383291143923998,-0.007176404818892479
DRI,8,2026-04-07 15:30:00+00:00,11:30,-0.00736640440300107,down,-0.002724924823269248,-0.001336568733677268,-0.0021322201937437057,-0.0013815676793456078,-0.002609770745038986,-0.004688865039497614,-0.005614709109067917,-0.005418427288532257,-0.007270841859281063,-0.007939236238598824,-0.007793874945491552,-0.007016403134912252,-0.00899358931928873,-0.008586077950894833,-0.0087903942912817,-0.009643382392823696,-0.007875122129917145,-0.006674255710095167,-0.009052510373294353,-0.006626399699598551,-0.00814372394233942,-0.009544212371110916,-0.008950617164373398,-0.007807612419128418,-0.008846226148307323,-0.00736640440300107
EXPE,8,2026-04-07 15:30:00+00:00,11:30,-0.007438282482326031,down,-0.0033712468575686216,-0.00035964336711913347,-0.004586653783917427,-0.0029698610305786133,-0.005734339822083712,-0.006633128970861435,-0.008654545992612839,-0.006054015830159187,-0.005982109811156988,-0.00407366082072258,-0.003516862168908119,-0.004160386510193348,-0.005846907384693623,-0.0029308502562344074,-0.003068377962335944,-0.005399975925683975,-0.000993763213045895,-0.00190291169565171,-0.0027147431392222643,-0.0025255216751247644,-0.004316540900617838,-0.007505655288696289,-0.00715775927528739,-0.0033942293375730515,-0.007203904911875725,-0.007438282482326031
YUM,8,2026-04-07 15:30:00+00:00,11:30,-0.007498615887016058,down,-0.0007139823283068836,0.0013374057598412037,0.0003671858867164701,0.0008804612443782389,0.003994900733232498,0.0027276393957436085,0.0010537427151575685,-0.0016157663194462657,-0.00045781536027789116,0.0007059398922137916,0.0028807870112359524,0.0010591148165985942,0.0009049233049154282,0.0003783062566071749,-4.61895797343459e-05,-0.0003007453342434019,0.0010910374112427235,3.0062687073950656e-05,-0.00036940613063052297,-0.0010616225190460682,-0.00229240907356143,-0.0038664848543703556,-0.005929558537900448,-0.005278609227389097,-0.009898138232529163,-0.007498615887016058
KHC,8,2026-04-07 15:30:00+00:00,11:30,-0.00752307940274477,down,-0.0117720328271389,-0.006260162219405174,-0.008182951249182224,-0.004500841721892357,-0.004449526779353619,-0.005803782492876053,-0.008869440294802189,-0.010439208708703518,-0.01136234775185585,-0.01556878350675106,-0.010818296112120152,-0.012467672117054462,-0.012154101394116879,-0.010719481855630875,-0.007921628654003143,-0.007247129920870066,-0.009562729857861996,-0.011657084338366985,-0.011841531842947006,-0.008733464404940605,-0.008810942992568016,-0.008571730926632881,-0.010075002908706665,-0.006258649751543999,-0.006664314307272434,-0.00752307940274477
PTC,8,2026-04-07 15:30:00+00:00,11:30,-0.0075641805306077,down,-0.004217047709971666,0.0001936998451128602,-0.0038125901482999325,-0.001475185970775783,-0.0038953968323767185,-0.005890097934752703,-0.007780555635690689,-0.006933944299817085,-0.006464269012212753,-0.006984062027186155,-0.005514221731573343,-0.00496458588168025,-0.005885937251150608,-0.005735630635172129,-0.005510719958692789,-0.007002329919487238,-0.004668101202696562,-0.005415487568825483,-0.006612842436879873,-0.00624615466222167,-0.00579126738011837,-0.009969998151063919,-0.009436964057385921,-0.005992458201944828,-0.008802342228591442,-0.0075641805306077
AMT,8,2026-04-07 15:30:00+00:00,11:30,-0.007669850718230009,down,-0.008099162951111794,-0.004642614163458347,-0.007750445045530796,-0.0067617567256093025,-0.0068091293796896935,-0.00949717964977026,-0.00999277550727129,-0.008106977678835392,-0.009578055702149868,-0.008712844923138618,-0.006449936889111996,-0.005744268652051687,-0.006357785314321518,-0.005651445128023624,-0.006170854903757572,-0.006712948437780142,-0.006355777848511934,-0.005221440922468901,-0.007411981467157602,-0.005976441316306591,-0.006420031655579805,-0.009436814114451408,-0.009428774937987328,-0.006266485899686813,-0.008732588030397892,-0.007669850718230009
MO,8,2026-04-07 15:30:00+00:00,11:30,-0.007676238659769297,down,-0.0037663879338651896,-0.0004682030121330172,-0.0014693397097289562,-0.0026703327894210815,-0.0023540130350738764,-0.00453221658244729,-0.005407069809734821,-0.0064949216321110725,-0.007841118611395359,-0.007991164922714233,-0.005650578066706657,-0.005054094363003969,-0.0065423352643847466,-0.0056437477469444275,-0.004378793761134148,-0.006221778690814972,-0.006358788814395666,-0.0053109764121472836,-0.005019340664148331,-0.002636947901919484,-0.005536910146474838,-0.006939691491425037,-0.007619375362992287,-0.0041831545531749725,-0.007931615225970745,-0.007676238659769297
IQV,8,2026-04-07 15:30:00+00:00,11:30,-0.008018633350729942,down,-0.0028288450557738543,-0.0011252007680013776,-0.007277546916157007,-0.005823332816362381,-0.006198796909302473,-0.007957646623253822,-0.012950437143445015,-0.00836679246276617,-0.008106442168354988,-0.007119210436940193,-0.006670129019767046,-0.007713493425399065,-0.009276218712329865,-0.0077470289543271065,-0.00804759282618761,-0.009788000956177711,-0.006428788416087627,-0.004847384989261627,-0.006553564686328173,-0.007276676595211029,-0.0062472219578921795,-0.009320956654846668,-0.009151787497103214,-0.005744740832597017,-0.00777775002643466,-0.008018633350729942
BALL,8,2026-04-07 15:30:00+00:00,11:30,-0.008171851746737957,down,-0.008937873877584934,-0.005131730809807777,-0.006675226613879204,-0.004706394858658314,-0.005482655018568039,-0.008593082427978516,-0.01048869639635086,-0.013250557705760002,-0.014527724124491215,-0.017346413806080818,-0.018060579895973206,-0.015604259446263313,-0.014941872097551823,-0.015184823423624039,-0.012696824967861176,-0.013791189529001713,-0.011972016654908657,-0.011256080120801926,-0.011480466462671757,-0.012404617853462696,-0.012693322263658047,-0.015221009962260723,-0.015427738428115845,-0.01018181536346674,-0.011363143101334572,-0.008171851746737957
DXCM,8,2026-04-07 15:30:00+00:00,11:30,-0.008227132260799408,down,-0.0059182532131671906,-0.003956855274736881,-0.011074686422944069,-0.010735275223851204,-0.01596936583518982,-0.017964264377951622,-0.022350654006004333,-0.016810588538646698,-0.01628301292657852,-0.014419867657124996,-0.012671700678765774,-0.011418773792684078,-0.008527062833309174,-0.006140600424259901,-0.006529432255774736,-0.010478136129677296,-0.003388059791177511,-0.005667516030371189,-0.007205463945865631,-0.008424385450780392,-0.008732369169592857,-0.011939775198698044,-0.010529818944633007,-0.0054318867623806,-0.011472980491816998,-0.008227132260799408
PPG,8,2026-04-07 15:30:00+00:00,11:30,-0.008509010076522827,down,-0.0007175923092290759,0.005595760885626078,-0.0022233212366700172,-4.338206781540066e-05,-0.002118088072165847,-0.00454821577295661,-0.006339849904179573,-0.0051242895424366,-0.008457651361823082,-0.01016174629330635,-0.005380646325647831,-0.007797317113727331,-0.006613205187022686,-0.004004445858299732,-0.007304556667804718,-0.0018241244833916426,-0.007144110277295113,-0.008010360412299633,-0.008318144828081131,-0.011857118457555771,-0.007100461516529322,-0.00782898347824812,-0.00683058425784111,-0.0034933651331812143,-0.008013593964278698,-0.008509010076522827
D,8,2026-04-07 15:30:00+00:00,11:30,-0.008628610521554947,down,-0.00291264895349741,-0.003440854838117957,-0.0062836711294949055,-0.0035416588652879,-0.003551448229700327,-0.0045480611734092236,-0.005667808931320906,-0.00503130815923214,-0.004854920320212841,-0.0058691296726465225,-0.004005978815257549,-0.0033437630627304316,-0.005656709894537926,-0.00580748962238431,-0.00520595395937562,-0.006895971950143576,-0.004888215567916632,-0.004668599460273981,-0.004221612121909857,-0.003912314306944609,-0.004747688304632902,-0.007994956336915493,-0.008067102171480656,-0.005829222500324249,-0.009184821508824825,-0.008628610521554947
DIS,8,2026-04-07 15:30:00+00:00,11:30,-0.00866343080997467,down,-0.005541255697607994,-0.0026433111634105444,-0.0046499487943947315,-0.0033903487492352724,-0.0011596399126574397,-0.0018900283612310886,-0.0038989826571196318,-0.006099102087318897,-0.006367821712046862,-0.006407041568309069,-0.005113399121910334,-0.004543469287455082,-0.0049312300980091095,-0.00487707881256938,-0.004543734714388847,-0.00507709663361311,-0.005278795026242733,-0.005691162776201963,-0.005260370206087828,-0.004906045272946358,-0.004930357914417982,-0.007886194624006748,-0.009129675105214119,-0.0064062993042171,-0.008354009129106998,-0.00866343080997467
AOS,8,2026-04-07 15:30:00+00:00,11:30,-0.008709955960512161,down,-0.005541335325688124,-0.00218185898847878,-0.005526964087039232,-0.003995802719146013,-0.0037998883053660393,-0.00648085493594408,-0.007893004454672337,-0.011422280222177505,-0.012464032508432865,-0.015336649492383003,-0.01571337692439556,-0.013481447473168373,-0.012893237173557281,-0.013355912640690804,-0.013087821193039417,-0.013144265860319138,-0.011089343577623367,-0.010123179294168949,-0.010177597403526306,-0.010390063747763634,-0.009512503631412983,-0.011294473893940449,-0.01242594514042139,-0.007853292860090733,-0.010278144851326942,-0.008709955960512161
SCHW,8,2026-04-07 15:30:00+00:00,11:30,-0.008769207634031773,down,-0.008562840521335602,-0.008928847499191761,-0.010887451469898224,-0.008764717727899551,-0.005124642048031092,-0.006511277984827757,-0.008599184453487396,-0.009620150551199913,-0.011972099542617798,-0.01113272737711668,-0.008748305961489677,-0.009657558985054493,-0.010301670990884304,-0.007167099043726921,-0.005884010344743729,-0.006289168260991573,-0.007225995883345604,-0.00633406825363636,-0.005155718885362148,-0.004934821743518114,-0.005444032605737448,-0.005551936570554972,-0.008052585646510124,-0.005880432669073343,-0.007711254525929689,-0.008769207634031773
CARR,8,2026-04-07 15:30:00+00:00,11:30,-0.008832461200654507,down,-0.013019653968513012,-0.005407777149230242,-0.008547738194465637,-0.006816815119236708,-0.009024248458445072,-0.010727467015385628,-0.013983070850372314,-0.013881346210837364,-0.014204899780452251,-0.01423721294850111,-0.013151911087334156,-0.009975723922252655,-0.009836499579250813,-0.009773258119821548,-0.009798169136047363,-0.012122190557420254,-0.009165906347334385,-0.010094315744936466,-0.009161603637039661,-0.009603445418179035,-0.011270575225353241,-0.014405331574380398,-0.0144158024340868,-0.01087924838066101,-0.011324860155582428,-0.008832461200654507
AMP,8,2026-04-07 15:30:00+00:00,11:30,-0.008894347585737705,down,-0.008802281692624092,-0.010158811695873737,-0.010238413698971272,-0.007792229764163494,-0.006376892328262329,-0.01021813414990902,-0.010819937102496624,-0.013860922306776047,-0.013964708894491196,-0.012093944475054741,-0.007782618515193462,-0.0073050037026405334,-0.006337199360132217,-0.005860303528606892,-0.006042791064828634,-0.010019810870289803,-0.00692901061847806,-0.006749868392944336,-0.011006824672222137,-0.009119372814893723,-0.0033211922273039818,-0.005037974566221237,-0.004177385475486517,-0.00022894890571478754,-0.0027632410638034344,-0.008894347585737705
KMI,8,2026-04-07 15:30:00+00:00,11:30,-0.00895716529339552,down,0.0005764742963947356,0.0033462566789239645,0.0030483135487884283,0.0027626496739685535,0.002206092933192849,0.0009773174533620477,0.0024637037422508,0.0006956291035749018,-0.0009558465098962188,-0.0022159223444759846,5.388169302023016e-05,-0.0019225672585889697,-0.003802283899858594,-0.0051874020136892796,-0.0037456986028701067,-0.004425420425832272,-0.0035769750829786062,-0.0042158798314630985,-0.004495070781558752,-0.0026164224836975336,-0.0035059053916484118,-0.005303971469402313,-0.0070960246957838535,-0.005484544672071934,-0.009474319405853748,-0.00895716529339552
SO,8,2026-04-07 15:30:00+00:00,11:30,-0.009139995090663433,down,-0.007369420491158962,-0.0021819830872118473,-0.0023230991791933775,-0.0019455805886536837,-0.0013741647126153111,-0.00442820368334651,-0.007036897353827953,-0.0077081965282559395,-0.008580061607062817,-0.009699877351522446,-0.007295023184269667,-0.0061870478093624115,-0.008291338570415974,-0.00707326689735055,-0.007042893674224615,-0.008183480240404606,-0.006643437314778566,-0.007799903396517038,-0.0064616696909070015,-0.005359896924346685,-0.006159080658107996,-0.00965148862451315,-0.009678368456661701,-0.007513402961194515,-0.009207013063132763,-0.009139995090663433
VRTX,8,2026-04-07 15:30:00+00:00,11:30,-0.009195388294756413,down,-0.004330085124820471,-0.005968190263956785,-0.007058014161884785,-0.003271606983616948,-0.002587094670161605,-0.006940415594726801,-0.007373592350631952,-0.013040217570960522,-0.011266863904893398,-0.011158008128404617,-0.00783887505531311,-0.00701146200299263,-0.007479832507669926,-0.009829928167164326,-0.010993270203471184,-0.01186811737716198,-0.00796129647642374,-0.00705587537959218,-0.012990339659154415,-0.011444580741226673,-0.003951298538595438,-0.004994033370167017,-0.0034746662713587284,-0.0012777006486430764,-0.005536631681025028,-0.009195388294756413
ADP,8,2026-04-07 15:30:00+00:00,11:30,-0.009275511838495731,down,-0.007799265906214714,-0.005950172431766987,-0.0064718942157924175,-0.005402457434684038,-0.0063195074908435345,-0.0078034428879618645,-0.01036343164741993,-0.009362938813865185,-0.007508958224207163,-0.007189208175987005,-0.006354901473969221,-0.006861185654997826,-0.006150347646325827,-0.005214863922446966,-0.005182480439543724,-0.004796652588993311,-0.0022932791616767645,-0.002166093559935689,-0.0033876881934702396,-0.003788200905546546,-0.004250728525221348,-0.005254965275526047,-0.00696532940492034,-0.005377227906137705,-0.007738104090094566,-0.009275511838495731
COO,8,2026-04-07 15:30:00+00:00,11:30,-0.009366435930132866,down,-0.0030904083978384733,0.0028614490292966366,-0.0012328451266512275,0.00029649591306224465,-0.0027165752835571766,-0.005064449273049831,-0.009016106836497784,-0.0118720643222332,-0.012814563699066639,-0.01761483959853649,-0.017083577811717987,-0.015471883118152618,-0.01495386566966772,-0.014536010101437569,-0.013838942162692547,-0.013869175687432289,-0.0127186868339777,-0.011361673474311829,-0.010388574562966824,-0.010442675091326237,-0.010002926923334599,-0.010950051248073578,-0.010496972128748894,-0.005851002875715494,-0.009820417501032352,-0.009366435930132866
UPS,8,2026-04-07 15:30:00+00:00,11:30,-0.009519532322883606,down,-0.008689752779901028,-0.0037035432178527117,-0.008728813380002975,-0.007363160140812397,-0.007169103715568781,-0.0068046278320252895,-0.009276363998651505,-0.010194403119385242,-0.01231246069073677,-0.011749925091862679,-0.009286738000810146,-0.009263860993087292,-0.010620358400046825,-0.010006322525441647,-0.010321914218366146,-0.011316078715026379,-0.00898553617298603,-0.00897008366882801,-0.009958351962268353,-0.009059400297701359,-0.007935693487524986,-0.01053551770746708,-0.011363279074430466,-0.0076963771134614944,-0.009947281330823898,-0.009519532322883606
SOLV,8,2026-04-07 15:30:00+00:00,11:30,-0.009585647843778133,down,-0.004421457182615995,0.0010788006475195289,-0.003442663000896573,-0.0014702207408845425,-0.003593193832784891,-0.006845986936241388,-0.008830800652503967,-0.008556337095797062,-0.00922965444624424,-0.010198655538260937,-0.010993183590471745,-0.008714168332517147,-0.00870513916015625,-0.008066872134804726,-0.007860774174332619,-0.008964721113443375,-0.005788077600300312,-0.006035525351762772,-0.007440395653247833,-0.008149991743266582,-0.008814649656414986,-0.010402955114841461,-0.011982142925262451,-0.008005649782717228,-0.010569186881184578,-0.009585647843778133
SJM,8,2026-04-07 15:30:00+00:00,11:30,-0.009869052097201347,down,-0.00030430141487158835,0.002548016607761383,-1.8407514289719984e-05,-0.00022868152882438153,-0.0015743519179522991,-0.0045565273612737656,-0.006198110990226269,-0.007195663638412952,-0.008557428605854511,-0.007079782895743847,-0.0060304030776023865,-0.005027887877076864,-0.007136976812034845,-0.004678288474678993,-0.004428860731422901,-0.006655622273683548,-0.006650217343121767,-0.005976058077067137,-0.005359844770282507,-0.002967583015561104,-0.006208005361258984,-0.006762341130524874,-0.00982887577265501,-0.005896621849387884,-0.009466957300901413,-0.009869052097201347
PODD,8,2026-04-07 15:30:00+00:00,11:30,-0.009938068687915802,down,-0.004250832833349705,-0.0002936610544566065,-0.0051514883525669575,-0.005201735533773899,-0.00858022179454565,-0.007953567430377007,-0.009704670868813992,-0.00978640653192997,-0.007945884950459003,-0.006766913458704948,-0.0038638629484921694,-0.005295282695442438,-0.008183514699339867,-0.005824223160743713,-0.007108449935913086,-0.007789937779307365,-0.005240012425929308,-0.007236211095005274,-0.007424009032547474,-0.006307133939117193,-0.007382986601442099,-0.009705949574708939,-0.009205966256558895,-0.007762414403259754,-0.00904262438416481,-0.009938068687915802
NTAP,8,2026-04-07 15:30:00+00:00,11:30,-0.009974803775548935,down,-0.001010084873996675,0.006455448921769857,-0.0026350661646574736,2.6654575776774436e-05,-0.0061358679085969925,-0.006070715840905905,-0.0053529501892626286,-0.00639299675822258,-0.007490566000342369,-0.010088699869811535,-0.005988468881696463,-0.008933157660067081,-0.009664790704846382,-0.007731379941105843,-0.008661271072924137,-0.007098339963704348,-0.008209794759750366,-0.010714446194469929,-0.010917854495346546,-0.014362536370754242,-0.00924305897206068,-0.009554727002978325,-0.009886705316603184,-0.0074792648665606976,-0.010466971434652805,-0.009974803775548935
EL,8,2026-04-07 15:30:00+00:00,11:30,-0.010054797865450382,down,-0.009359687566757202,-0.0018530393717810512,-0.010833632200956345,-0.008123177103698254,-0.010950219817459583,-0.013775133527815342,-0.02229906991124153,-0.019323721528053284,-0.016542643308639526,-0.018657971173524857,-0.01555230189114809,-0.012117843143641949,-0.00569365918636322,-0.006996206007897854,-0.008983196690678596,-0.011847377754747868,-0.008472696878015995,-0.007085219491273165,-0.009875568561255932,-0.009962325915694237,-0.011139193549752235,-0.012421926483511925,-0.01419072039425373,-0.004943347070366144,-0.01141674630343914,-0.010054797865450382
APO,8,2026-04-07 15:30:00+00:00,11:30,-0.010125515051186085,down,-0.00425086822360754,-0.0020060688257217407,-0.002423199824988842,-0.0033993551041930914,-0.004909581504762173,-0.005171007476747036,-0.008074305020272732,-0.005424986593425274,-0.0034964438527822495,-0.006785419769585133,-0.007258029188960791,-0.006338578183203936,-0.0075296275317668915,-0.00686178682371974,-0.005864874925464392,-0.007475682534277439,-0.005804877728223801,-0.007121848873794079,-0.007935062050819397,-0.009780555963516235,-0.010573053732514381,-0.009973068721592426,-0.008290537633001804,-0.006111485417932272,-0.009146098047494888,-0.010125515051186085
ABT,8,2026-04-07 15:30:00+00:00,11:30,-0.010162243619561195,down,-0.0054741958156228065,-0.002414154354482889,-0.005643721669912338,-0.00479930778965354,-0.0042941211722791195,-0.006187931634485722,-0.00953163206577301,-0.009644605219364166,-0.008433067239820957,-0.009336406365036964,-0.008527937345206738,-0.007395282853394747,-0.00785618182271719,-0.0072258892469108105,-0.007488580886274576,-0.0067645469680428505,-0.007634355220943689,-0.008291536942124367,-0.008296949788928032,-0.007554421667009592,-0.008209594525396824,-0.010986492969095707,-0.01077724527567625,-0.009902137331664562,-0.011362451128661633,-0.010162243619561195
PAYX,8,2026-04-07 15:30:00+00:00,11:30,-0.010357068851590157,down,-0.005089251324534416,-0.0008572643855586648,-0.005562133155763149,-0.002603573026135564,-0.006126116495579481,-0.007661677431315184,-0.011894908733665943,-0.009532196447253227,-0.00781503040343523,-0.008284898474812508,-0.007340040057897568,-0.007339771371334791,-0.008707215078175068,-0.006492192856967449,-0.004966755397617817,-0.007407717406749725,-0.004473824519664049,-0.005408042576164007,-0.005833593662828207,-0.007264900952577591,-0.0072896722704172134,-0.00913209281861782,-0.009095306508243084,-0.005168675910681486,-0.010302762500941753,-0.010357068851590157
OKE,8,2026-04-07 15:30:00+00:00,11:30,-0.010490810498595238,down,-0.005606026854366064,-0.0023190518841147423,-0.0020010501611977816,-0.0009005563915707171,0.0010773701360449195,-0.003732305718585849,-0.011388200335204601,-0.008662648499011993,-0.008234571665525436,-0.010228808037936687,-0.007746211718767881,-0.008262695744633675,-0.009895880706608295,-0.008165538311004639,-0.007108097895979881,-0.007307860534638166,-0.007821736857295036,-0.010066994465887547,-0.00787337776273489,-0.008774608373641968,-0.010606896132230759,-0.011328979395329952,-0.0129832299426198,-0.009071865119040012,-0.01158007513731718,-0.010490810498595238
MDLZ,8,2026-04-07 15:30:00+00:00,11:30,-0.010511660948395729,down,-0.006815569009631872,-0.004781882278621197,-0.0033599971793591976,-0.004547853954136372,-0.00327482633292675,-0.0035827220417559147,-0.0057818773202598095,-0.0079202800989151,-0.006519942078739405,-0.010376907885074615,-0.008317993022501469,-0.009037223644554615,-0.011294924654066563,-0.009039676748216152,-0.007509156595915556,-0.0076857078820466995,-0.009239411912858486,-0.011568236164748669,-0.010578690096735954,-0.009535524994134903,-0.011575380340218544,-0.011378041468560696,-0.012007081881165504,-0.008325581438839436,-0.010552994906902313,-0.010511660948395729
PEP,8,2026-04-07 15:30:00+00:00,11:30,-0.01062076073139906,down,-0.0047286804765462875,0.0010344726033508778,-0.002998004201799631,-0.003206554101780057,-0.0027975328266620636,-0.004434422589838505,-0.0061028278432786465,-0.007001535035669804,-0.007058203686028719,-0.009900135919451714,-0.006267615128308535,-0.004461448173969984,-0.007009543478488922,-0.0074693732894957066,-0.008595765568315983,-0.010302270762622356,-0.010532023385167122,-0.008074203506112099,-0.009560798294842243,-0.008502418175339699,-0.008746013045310974,-0.011122547090053558,-0.008673716336488724,-0.010327850468456745,-0.012037274427711964,-0.01062076073139906
GILD,8,2026-04-07 15:30:00+00:00,11:30,-0.01068636029958725,down,-0.007811966817826033,-0.0010983835672959685,-0.00533224968239665,-0.006248611956834793,-0.005456838291138411,-0.006900317035615444,-0.010727686807513237,-0.010334103368222713,-0.010902192443609238,-0.012270794250071049,-0.008931150659918785,-0.008725117892026901,-0.01091699954122305,-0.009695191867649555,-0.010638081468641758,-0.011555138975381851,-0.008586162701249123,-0.010709172114729881,-0.010769091546535492,-0.009492717683315277,-0.008843461982905865,-0.011226089671254158,-0.012531344778835773,-0.008797165006399155,-0.01050623133778572,-0.01068636029958725
NRG,8,2026-04-07 15:30:00+00:00,11:30,-0.010914327576756477,down,-0.004429243039339781,-0.002257559448480606,-0.006675271783024073,-0.004092331510037184,-0.00589949544519186,-0.009248269721865654,-0.012186997570097446,-0.009257201105356216,-0.008726777508854866,-0.009735474362969398,-0.0076311128214001656,-0.007233327720314264,-0.008114444091916084,-0.007764208130538464,-0.008201450109481812,-0.011215336620807648,-0.0057565271854400635,-0.007025402504950762,-0.008876495994627476,-0.009303044527769089,-0.010487450286746025,-0.013171789236366749,-0.01320606004446745,-0.008831534534692764,-0.010457831434905529,-0.010914327576756477
WMB,8,2026-04-07 15:30:00+00:00,11:30,-0.0112110311165452,down,-0.003987720236182213,4.465289384825155e-05,-0.0024092153180390596,-0.0053694481030106544,-0.006284111179411411,-0.007687829900532961,-0.009783081710338593,-0.009611806832253933,-0.009370377287268639,-0.009404625743627548,-0.008305078372359276,-0.0065320213325321674,-0.005701684392988682,-0.004270981531590223,-0.005178450141102076,-0.007406572811305523,-0.008225866593420506,-0.009604270569980145,-0.007640361785888672,-0.006399891339242458,-0.0061689261347055435,-0.007951706647872925,-0.009646538645029068,-0.01178828813135624,-0.011866985820233822,-0.0112110311165452
HPQ,8,2026-04-07 15:30:00+00:00,11:30,-0.011462152935564518,down,-0.01167508214712143,-0.006837110035121441,-0.0022522741928696632,-0.006261610426008701,-0.004935592878609896,-0.0020840507932007313,-0.005244988016784191,-0.006589590106159449,-0.009074220433831215,-0.011156274937093258,-0.010628269985318184,-0.009082881733775139,-0.008670960552990437,-0.006499491166323423,-0.00966900959610939,-0.011222094297409058,-0.011073332279920578,-0.012528948485851288,-0.011104235425591469,-0.012521926313638687,-0.01064616721123457,-0.014623142778873444,-0.011738834902644157,-0.011388586834073067,-0.013933935202658176,-0.011462152935564518
KEY,8,2026-04-07 15:30:00+00:00,11:30,-0.011498375795781612,down,-0.009567124769091606,-0.006363498512655497,-0.009724092669785023,-0.010582322254776955,-0.010869376361370087,-0.012952192686498165,-0.010742442682385445,-0.014575082808732986,-0.015227158553898335,-0.01624462567269802,-0.016045663505792618,-0.01455877535045147,-0.016878580674529076,-0.015544397756457329,-0.01383247971534729,-0.01524903904646635,-0.014239388518035412,-0.015995357185602188,-0.015329931862652302,-0.011370821855962276,-0.010809692554175854,-0.012221422046422958,-0.011516422964632511,-0.011573228053748608,-0.011835908517241478,-0.011498375795781612
DDOG,8,2026-04-07 15:30:00+00:00,11:30,-0.011596065014600754,down,-0.018360279500484467,-0.01775558665394783,-0.02668776735663414,-0.020042473450303078,-0.023872099816799164,-0.02497313916683197,-0.028680305927991867,-0.02063073217868805,-0.01638054847717285,-0.0141438664868474,-0.009328491985797882,-0.008393081836402416,-0.005947877652943134,-0.004930372349917889,-0.005581418052315712,-0.007168872281908989,-0.006710090208798647,-0.004403085447847843,-0.011148088611662388,-0.011459150351583958,-0.008699219673871994,-0.011685311794281006,-0.008519183844327927,-0.008875916711986065,-0.015025817789137363,-0.011596065014600754
NEE,8,2026-04-07 15:30:00+00:00,11:30,-0.011995596811175346,down,-0.008886529132723808,-0.00595147954300046,-0.008339880965650082,-0.007308920379728079,-0.006284552160650492,-0.007614559028297663,-0.0100220562890172,-0.013051977381110191,-0.0131001528352499,-0.01327098160982132,-0.011689302511513233,-0.012489378452301025,-0.013047074899077415,-0.010465268976986408,-0.011478153988718987,-0.011835787445306778,-0.013985256664454937,-0.013270786963403225,-0.011237477883696556,-0.009311629459261894,-0.011755497194826603,-0.012757929041981697,-0.0161698367446661,-0.012475821189582348,-0.013637268915772438,-0.011995596811175346
CMCSA,8,2026-04-07 15:30:00+00:00,11:30,-0.012201935984194279,down,-0.007676806766539812,-0.005300910212099552,-0.00709563260897994,-0.005559937562793493,-0.0036776638589799404,-0.006699827034026384,-0.0067914812825620174,-0.00791558064520359,-0.0061129298992455006,-0.012399054132401943,-0.012637609615921974,-0.01249261200428009,-0.012669069692492485,-0.01290830411016941,-0.011025232262909412,-0.012014723382890224,-0.011332539841532707,-0.012415149249136448,-0.011674240231513977,-0.00953698344528675,-0.010481465607881546,-0.011745954863727093,-0.01294811349362135,-0.01291501522064209,-0.012671445496380329,-0.012201935984194279
ARES,8,2026-04-07 15:30:00+00:00,11:30,-0.012210980989038944,down,-0.0013985331170260906,0.002581174485385418,-0.003561793826520443,-0.0029027482960373163,-0.004225349519401789,-0.0021243137307465076,-0.007204339373856783,-0.0036530098877847195,-0.004434479866176844,-0.005434323567897081,-0.005414326209574938,-0.006104535423219204,-0.008329891599714756,-0.006446759682148695,-0.0072471448220312595,-0.0104367695748806,-0.006240714341402054,-0.008559907786548138,-0.010166079737246037,-0.010063777677714825,-0.010035580955445766,-0.009784195572137833,-0.007870504632592201,-0.007475338876247406,-0.010461699217557907,-0.012210980989038944
NCLH,8,2026-04-07 15:30:00+00:00,11:30,-0.013059224933385849,down,-0.018490483984351158,-0.007540768478065729,-0.016629677265882492,-0.013902842998504639,-0.015534419566392899,-0.018834423273801804,-0.021813370287418365,-0.02284657582640648,-0.028656724840402603,-0.026155509054660797,-0.023537762463092804,-0.022502845153212547,-0.02231680601835251,-0.014820358715951443,-0.01992866024374962,-0.02114809677004814,-0.017802879214286804,-0.01750779338181019,-0.019220205023884773,-0.019614828750491142,-0.022279294207692146,-0.028464291244745255,-0.022195879369974136,-0.012898057699203491,-0.018051283434033394,-0.013059224933385849
ZTS,8,2026-04-07 15:30:00+00:00,11:30,-0.013163917697966099,down,-0.008383273147046566,-0.0055222464725375175,-0.007725703530013561,-0.007004295941442251,-0.0075421808287501335,-0.009769031777977943,-0.012668153271079063,-0.013096033595502377,-0.013479708693921566,-0.015458608977496624,-0.012470144778490067,-0.011258220300078392,-0.012142523191869259,-0.012262490577995777,-0.011727030389010906,-0.01398975308984518,-0.011228802613914013,-0.009386507794260979,-0.011875657364726067,-0.011957143433392048,-0.01237847562879324,-0.013673802837729454,-0.013879985548555851,-0.011239305138587952,-0.014208449982106686,-0.013163917697966099
CPB,8,2026-04-07 15:30:00+00:00,11:30,-0.013431796804070473,down,-0.016677580773830414,-0.009261943399906158,-0.010038846172392368,-0.010177494026720524,-0.01538245752453804,-0.01753288507461548,-0.018543215468525887,-0.019685732200741768,-0.022397853434085846,-0.021313808858394623,-0.019324783235788345,-0.01744070090353489,-0.020980888977646828,-0.014684167690575123,-0.014456556178629398,-0.014045865274965763,-0.017105478793382645,-0.01409351546317339,-0.019357452169060707,-0.01712748222053051,-0.017102399840950966,-0.020269697532057762,-0.016300411894917488,-0.014292468316853046,-0.017771249637007713,-0.013431796804070473
INCY,8,2026-04-07 15:30:00+00:00,11:30,-0.01354957651346922,down,-0.004763613920658827,-0.0035197606775909662,-0.0071968017145991325,-0.007305740378797054,-0.006535693537443876,-0.006113447714596987,-0.009393732994794846,-0.012992032803595066,-0.016788026317954063,-0.016567792743444443,-0.015160590410232544,-0.014334635809063911,-0.015881411731243134,-0.015112889930605888,-0.015860330313444138,-0.017358945682644844,-0.017087046056985855,-0.016800502315163612,-0.014788052067160606,-0.014905992895364761,-0.015781503170728683,-0.016300322487950325,-0.018233738839626312,-0.013347805477678776,-0.015670999884605408,-0.01354957651346922
GEN,8,2026-04-07 15:30:00+00:00,11:30,-0.014178874902427197,down,-0.010150092653930187,-0.0056145573034882545,-0.008233979344367981,-0.007983402349054813,-0.012353966012597084,-0.012449021451175213,-0.013670251704752445,-0.01281898282468319,-0.011379332281649113,-0.013915657997131348,-0.01403508335351944,-0.010375033132731915,-0.010034092701971531,-0.008081767708063126,-0.011765808798372746,-0.014415420591831207,-0.00783453043550253,-0.009447712451219559,-0.010574642568826675,-0.011339845135807991,-0.012057319283485413,-0.015214351937174797,-0.014734910801053047,-0.011537088081240654,-0.01573372259736061,-0.014178874902427197
CHD,8,2026-04-07 15:30:00+00:00,11:30,-0.014752433635294437,down,-0.002879966516047716,-0.000431372900493443,-0.004130346700549126,-0.004380775615572929,-0.005065274424850941,-0.005565364379435778,-0.008660632185637951,-0.009940619580447674,-0.011599922552704811,-0.009463652968406677,-0.007506463211029768,-0.008918694220483303,-0.009512539952993393,-0.008626065216958523,-0.009737269952893257,-0.010912341997027397,-0.010434758849442005,-0.01063615269958973,-0.00785221066325903,-0.008543331176042557,-0.009695800952613354,-0.010446804575622082,-0.013497880659997463,-0.01015691552311182,-0.01300022006034851,-0.014752433635294437
INTU,8,2026-04-07 15:30:00+00:00,11:30,-0.015509838238358498,down,-0.01080712117254734,-0.00776738440617919,-0.016737377271056175,-0.013684696517884731,-0.019083388149738312,-0.023528244346380234,-0.022331099957227707,-0.02059711515903473,-0.01892803981900215,-0.022212717682123184,-0.01910177432000637,-0.017533540725708008,-0.01704595424234867,-0.026303328573703766,-0.03643171861767769,-0.03715766593813896,-0.029052019119262695,-0.021674852818250656,-0.029891084879636765,-0.0314495824277401,-0.03275829926133156,-0.025204919278621674,-0.02449476346373558,-0.018085414543747902,-0.019810352474451065,-0.015509838238358498
TPL,8,2026-04-07 15:30:00+00:00,11:30,-0.01596987061202526,down,-0.002471494721248746,0.0037130112759768963,0.0013401552569121122,0.003865218721330166,-0.004180793650448322,-0.004409720189869404,-0.006555842235684395,-0.0036668742541223764,-0.004457582253962755,-0.005950061604380608,-0.0015980752650648355,-0.0023759580217301846,-0.008238362148404121,-0.006647143978625536,-0.009564812295138836,-0.006345507223159075,-0.007366643287241459,-0.006532464642077684,-0.008891156874597073,-0.009859679266810417,-0.01008854154497385,-0.009359095245599747,-0.009159456938505173,-0.008348493836820126,-0.01694953814148903,-0.01596987061202526
KVUE,8,2026-04-07 15:30:00+00:00,11:30,-0.016057182103395462,down,-0.011674399487674236,-0.004598655272275209,-0.006493862252682447,-0.00666718790307641,-0.006977332290261984,-0.008102476596832275,-0.008838728070259094,-0.012879112735390663,-0.014545556157827377,-0.012401876971125603,-0.008792422711849213,-0.009219874627888203,-0.006611280143260956,-0.004853878170251846,-0.011352567002177238,-0.008664876222610474,-0.008909862488508224,-0.009693809784948826,-0.010152732953429222,-0.008942044340074062,-0.008572274819016457,-0.011670280247926712,-0.013875752687454224,-0.008517704904079437,-0.016644097864627838,-0.016057182103395462
BR,8,2026-04-07 15:30:00+00:00,11:30,-0.01655225269496441,down,-0.007040505763143301,-0.003433637786656618,-0.009217718616127968,-0.007482660468667746,-0.011239688843488693,-0.010555732063949108,-0.012917588464915752,-0.011820422485470772,-0.012563662603497505,-0.013642827980220318,-0.01321457326412201,-0.012986524030566216,-0.013001671992242336,-0.015419702976942062,-0.017220880836248398,-0.017966628074645996,-0.015251937322318554,-0.01469824742525816,-0.016887720674276352,-0.013396527618169785,-0.01244890782982111,-0.015332698822021484,-0.012639230117201805,-0.013189463876187801,-0.020205706357955933,-0.01655225269496441
CTAS,8,2026-04-07 15:30:00+00:00,11:30,-0.0187764223664999,down,-0.004567514173686504,-0.0006815696833655238,-0.005525526590645313,-0.003595201764255762,-0.007215528748929501,-0.00914235133677721,-0.012501341290771961,-0.009394495747983456,-0.009157619439065456,-0.009777187369763851,-0.010078494437038898,-0.009281561709940434,-0.01039144303649664,-0.011498919688165188,-0.016096418723464012,-0.01593410037457943,-0.015562866814434528,-0.013235777616500854,-0.013077535666525364,-0.011688207276165485,-0.011837907135486603,-0.014413703233003616,-0.013622098602354527,-0.013240659609436989,-0.017651701346039772,-0.0187764223664999
GNRC,8,2026-04-07 15:30:00+00:00,11:30,-0.01915861666202545,down,-0.004427214153110981,-0.009679067879915237,-0.011028739623725414,-0.01160890981554985,-0.01947491616010666,-0.015847831964492798,-0.016680274158716202,-0.015923185274004936,-0.017397744581103325,-0.012878683395683765,-0.01595177873969078,-0.011697624810039997,-0.01590801030397415,-0.01663494110107422,-0.01919373869895935,-0.02176596410572529,-0.01831767149269581,-0.015361891128122807,-0.019896281883120537,-0.016565123572945595,-0.01275377906858921,-0.016247311607003212,-0.0167338028550148,-0.01376577839255333,-0.021052025258541107,-0.01915861666202545
TTD,8,2026-04-07 15:30:00+00:00,11:30,-0.01961975172162056,down,-0.022880403324961662,-0.014147784560918808,-0.024151401594281197,-0.025766735896468163,-0.031141407787799835,-0.03346051648259163,-0.04000158607959747,-0.03346064314246178,-0.03051447495818138,-0.02933148480951786,-0.025262894108891487,-0.024369902908802032,-0.025036105886101723,-0.020922815427184105,-0.020692333579063416,-0.025694742798805237,-0.01962888054549694,-0.021591681987047195,-0.024166211485862732,-0.024232415482401848,-0.03194701671600342,-0.03548339754343033,-0.03378305584192276,-0.024283945560455322,-0.03459884226322174,-0.01961975172162056
HRL,8,2026-04-07 15:30:00+00:00,11:30,-0.020402053371071815,down,-0.015043862164020538,-0.009760475717484951,-0.011759378015995026,-0.01671493798494339,-0.01790895126760006,-0.017936350777745247,-0.021414654329419136,-0.020281214267015457,-0.017398128286004066,-0.020788142457604408,-0.0195530503988266,-0.0180630162358284,-0.015053109265863895,-0.01655593141913414,-0.015724804252386093,-0.018626006320118904,-0.01372272614389658,-0.013991563580930233,-0.018315231427550316,-0.01557947788387537,-0.02094019018113613,-0.022034525871276855,-0.022195573896169662,-0.019754694774746895,-0.023438330739736557,-0.020402053371071815
HST,8,2026-04-07 15:30:00+00:00,11:30,-0.024659501388669014,down,-0.004790136590600014,-0.0060738143511116505,-0.00934107881039381,-0.0124649778008461,-0.013591350056231022,-0.01288059912621975,-0.014107749797403812,-0.015918845310807228,-0.014093330129981041,-0.015002512373030186,-0.015436707995831966,-0.013533727265894413,-0.01572282612323761,-0.01607743836939335,-0.015283086337149143,-0.015614457428455353,-0.01631983369588852,-0.017875634133815765,-0.019265301525592804,-0.018035996705293655,-0.02133500948548317,-0.021813001483678818,-0.021720634773373604,-0.019244572147727013,-0.022191474214196205,-0.024659501388669014
SMCI,8,2026-04-07 15:30:00+00:00,11:30,-0.025528807193040848,down,-0.019799107685685158,-0.022170836105942726,-0.027156157419085503,-0.03227300941944122,-0.03383055329322815,-0.0378258153796196,-0.03572917729616165,-0.03240354359149933,-0.0356152169406414,-0.033768314868211746,-0.0334099717438221,-0.02602348104119301,-0.02303464151918888,-0.02235756628215313,-0.022987017408013344,-0.027476320043206215,-0.022032499313354492,-0.023587992414832115,-0.026068992912769318,-0.026163175702095032,-0.03486380726099014,-0.03615052253007889,-0.033826038241386414,-0.02658950537443161,-0.032623812556266785,-0.025528807193040848
PCG,8,2026-04-07 15:30:00+00:00,11:30,-0.02605409361422062,down,-0.0145042072981596,-0.009696253575384617,-0.009287029504776001,-0.010313191451132298,-0.009862488135695457,-0.013006084598600864,-0.013892002403736115,-0.01837984286248684,-0.022162728011608124,-0.02468056231737137,-0.023709053173661232,-0.02164706587791443,-0.021753637120127678,-0.020612232387065887,-0.023354068398475647,-0.02594790793955326,-0.024348946288228035,-0.024971231818199158,-0.025342276319861412,-0.023708973079919815,-0.02264947071671486,-0.025352222844958305,-0.02635081671178341,-0.025218266993761063,-0.02653004601597786,-0.02605409361422062
KIM,8,2026-04-07 15:30:00+00:00,11:30,-0.03242333233356476,down,-0.0037958852481096983,-0.0010711014037951827,-0.004627779591828585,-0.006434475537389517,-0.006020504515618086,-0.008381349965929985,-0.012156504206359386,-0.012370169162750244,-0.010039188899099827,-0.012195558287203312,-0.00966586358845234,-0.008835865184664726,-0.008199173025786877,-0.009240814484655857,-0.009460394270718098,-0.010983125306665897,-0.006065455265343189,-0.007117850240319967,-0.009621773846447468,-0.007352709304541349,-0.016956698149442673,-0.01813715696334839,-0.02525932528078556,-0.023170191794633865,-0.03129737824201584,-0.03242333233356476
