symbol,step,as_of_ts,slot_label,predicted_full_day_return,predicted_direction,pred_log_return_h00,pred_log_return_h01,pred_log_return_h02,pred_log_return_h03,pred_log_return_h04,pred_log_return_h05,pred_log_return_h06,pred_log_return_h07,pred_log_return_h08,pred_log_return_h09,pred_log_return_h10,pred_log_return_h11,pred_log_return_h12,pred_log_return_h13,pred_log_return_h14,pred_log_return_h15,pred_log_return_h16,pred_log_return_h17,pred_log_return_h18,pred_log_return_h19,pred_log_return_h20,pred_log_return_h21,pred_log_return_h22,pred_log_return_h23,pred_log_return_h24,pred_log_return_h25
PSKY,2,2026-04-07 14:00:00+00:00,10:00,0.0779140517115593,up,0.05077102780342102,0.09702406823635101,0.04593537375330925,0.043978251516819,0.05507974699139595,0.059359561651945114,0.05837327986955643,0.057052209973335266,0.055380258709192276,0.05450601503252983,0.06971459090709686,0.07263034582138062,0.07052753865718842,0.07193195819854736,0.08043482899665833,0.0732070803642273,0.07641992717981339,0.07328254729509354,0.07306905835866928,0.07086643576622009,0.06896898150444031,0.06686526536941528,0.06982003897428513,0.07367035001516342,0.0724354237318039,0.0779140517115593
GOOGL,2,2026-04-07 14:00:00+00:00,10:00,0.04239017143845558,up,0.013967759907245636,0.006419951096177101,0.009529439732432365,0.00810172874480486,0.0091689582914114,0.004871193319559097,0.010595094412565231,0.013924648985266685,0.01452526543289423,0.014797999523580074,0.01572255790233612,0.02128511294722557,0.022225694730877876,0.022175943478941917,0.025231173262000084,0.025097668170928955,0.026177696883678436,0.026089617982506752,0.02738627977669239,0.02664138749241829,0.022060003131628036,0.023402530699968338,0.02363503724336624,0.022634318098425865,0.02584545873105526,0.04239017143845558
GE,2,2026-04-07 14:00:00+00:00,10:00,0.03878366947174072,up,0.015452619642019272,0.01608746498823166,0.017716823145747185,0.019737444818019867,0.018044257536530495,0.018146123737096786,0.017930569127202034,0.022154618054628372,0.02127777598798275,0.021002689376473427,0.022080406546592712,0.02791585773229599,0.027444668114185333,0.02859598770737648,0.028853168711066246,0.029329542070627213,0.03078448213636875,0.031575173139572144,0.0296903345733881,0.02894693613052368,0.026593277230858803,0.025003567337989807,0.02341890148818493,0.02477276511490345,0.02539907768368721,0.03878366947174072
UNH,2,2026-04-07 14:00:00+00:00,10:00,0.03678974509239197,up,0.0031530866399407387,-0.006809653714299202,-0.008517121896147728,0.0015758266672492027,-0.003873996902257204,-0.0029920877423137426,-0.005627997685223818,0.0026452180463820696,-0.001562378485687077,0.007861379534006119,0.016569625586271286,0.015476947650313377,0.01605016365647316,0.020256273448467255,0.017013661563396454,0.01574501395225525,0.016461947932839394,0.014897342771291733,0.014580323360860348,0.013714030385017395,0.012771910056471825,0.011973433196544647,0.016054946929216385,0.017086314037442207,0.02097080461680889,0.03678974509239197
ELV,2,2026-04-07 14:00:00+00:00,10:00,0.03351676091551781,up,-0.004563321825116873,-0.010122586973011494,-0.014293983578681946,-0.007285098545253277,-0.008283077739179134,-0.012077225372195244,-0.015296591445803642,-0.007352932821959257,-0.004318662453442812,-0.0007091515581123531,0.006642960011959076,0.009901010431349277,0.018044238910079002,0.021365994587540627,0.017393361777067184,0.013790248893201351,0.01979040913283825,0.015985658392310143,0.011999298818409443,0.013882632367312908,0.01503913663327694,0.015276961959898472,0.018674055114388466,0.022444607689976692,0.02696451172232628,0.03351676091551781
CVNA,2,2026-04-07 14:00:00+00:00,10:00,0.03028056025505066,up,0.00405186926946044,0.0033042803406715393,0.002400231547653675,0.007184105925261974,0.0005216427962295711,0.0004033680888824165,-0.0017398314084857702,0.003286215476691723,-0.0009247728157788515,0.001744713168591261,0.0065798526629805565,0.0037481256294995546,0.005291542503982782,0.008924763649702072,0.009814390912652016,0.005980105604976416,0.011684706434607506,0.011580952443182468,0.009982356801629066,0.007993582636117935,0.009546726010739803,0.011732042767107487,0.009473612532019615,0.013476015999913216,0.013717330992221832,0.03028056025505066
GOOG,2,2026-04-07 14:00:00+00:00,10:00,0.02759108692407608,up,0.0058400616981089115,-0.002913460833951831,-0.003974095918238163,-0.0019440880278125405,-0.0051611377857625484,-0.007728964556008577,-0.0022074603475630283,-6.272141763474792e-05,-0.002244603354483843,0.000267903262283653,0.0031065386720001698,0.005598608870059252,0.007604814134538174,0.006402832455933094,0.005832734052091837,0.0072973379865288734,0.00965866632759571,0.008525557816028595,0.009502931497991085,0.010633118450641632,0.008386511355638504,0.007760578766465187,0.009034380316734314,0.008922193199396133,0.013671883381903172,0.02759108692407608
HD,2,2026-04-07 14:00:00+00:00,10:00,0.025004718452692032,up,0.0020806659013032913,0.0014935046201571822,-0.0020701391622424126,0.0033340074587613344,5.765090463683009e-06,-0.005319949705153704,-0.008093388751149178,0.0004070211434736848,-0.0030172138940542936,0.0025904341600835323,0.005675291642546654,0.008389033377170563,0.0093178516253829,0.009616058319807053,0.007779313717037439,0.007107284851372242,0.013526846654713154,0.010534672066569328,0.011870093643665314,0.013306853361427784,0.012515985406935215,0.004946035798639059,0.010859301313757896,0.012625806964933872,0.01430558878928423,0.025004718452692032
TER,2,2026-04-07 14:00:00+00:00,10:00,0.024231575429439545,up,-0.0051411353051662445,-0.007706933654844761,-0.012037196196615696,-0.004861027933657169,-0.006328421179205179,-0.00820106826722622,-0.011507397517561913,-0.0067034210078418255,-0.005769514013081789,-0.0037199482321739197,0.0007578968070447445,0.0022077932953834534,0.006473230663686991,0.011702713556587696,0.010324324481189251,0.005491217598319054,0.011301578022539616,0.011231806129217148,0.010144730098545551,0.007851696573197842,0.007941939868032932,0.004714752547442913,0.006316984537988901,0.014509478583931923,0.015560794621706009,0.024231575429439545
WDC,2,2026-04-07 14:00:00+00:00,10:00,0.022427545860409737,up,0.004098095465451479,-0.008305711671710014,-0.007018249947577715,-0.001126592163927853,-0.00648424681276083,-0.0068509541451931,-0.006269308738410473,0.002333153272047639,-0.0018402405548840761,0.00740553205832839,0.013757958076894283,0.013808904215693474,0.014622461050748825,0.013275186531245708,0.01383525412529707,0.010976250283420086,0.01256521139293909,0.010576439090073109,0.012683341279625893,0.011455480009317398,0.010574848391115665,0.004910697229206562,0.0063375793397426605,0.009350097738206387,0.0063462648540735245,0.022427545860409737
INTC,2,2026-04-07 14:00:00+00:00,10:00,0.022389359772205353,up,0.011024216189980507,-0.004656733013689518,-0.01015165913850069,-0.003193504875525832,-0.0027986171189695597,-0.001685015857219696,-0.005228887777775526,0.005114239640533924,-0.0050157299265265465,-0.0012090741656720638,0.006375189404934645,0.012421298772096634,0.01849990338087082,0.013126580975949764,0.015645038336515427,0.014017035253345966,0.010795269161462784,0.01192642655223608,0.01551224198192358,0.014441132545471191,0.010334465652704239,-0.0003676263149827719,0.006212998181581497,0.011994194239377975,0.016573939472436905,0.022389359772205353
LLY,2,2026-04-07 14:00:00+00:00,10:00,0.020209433510899544,up,-0.00010793105320772156,-0.0034354613162577152,-0.0010232403874397278,0.005209384020417929,0.0037019529845565557,0.0017228644574061036,-0.0014842976815998554,0.0032211411744356155,-0.0028335857205092907,0.0013712459476664662,0.0042461552657186985,0.0035795613657683134,0.004088459070771933,0.00546108977869153,0.004325116518884897,0.0033503652084618807,0.0051949056796729565,0.0052150096744298935,0.004289464093744755,0.004083069507032633,0.007526009809225798,0.0089207012206316,0.008525699377059937,0.01363610103726387,0.011700459755957127,0.020209433510899544
AVGO,2,2026-04-07 14:00:00+00:00,10:00,0.018258266150951385,up,-0.00881563127040863,-0.022264372557401657,-0.029133901000022888,-0.02342117950320244,-0.024627897888422012,-0.030658911913633347,-0.026972593739628792,-0.018887080252170563,-0.01698625460267067,-0.015811216086149216,-0.008893878199160099,-0.006442334968596697,0.001112337806262076,0.005963197443634272,0.009928849525749683,0.003648198675364256,0.006968881003558636,0.008362832479178905,0.00594182638451457,0.00957123376429081,0.0023550211917608976,-0.0005134804523549974,5.0672548240981996e-05,0.0018974265549331903,0.008660735562443733,0.018258266150951385
SNDK,2,2026-04-07 14:00:00+00:00,10:00,0.017846040427684784,up,0.005211933050304651,-0.008407317101955414,-0.0057175434194505215,0.0047967624850571156,4.1798833990469575e-05,-0.009304030798375607,-0.010569388046860695,-0.005035764072090387,-0.00795398186892271,-0.0016630704049021006,0.00398597726598382,0.005967405624687672,0.005144547205418348,0.0014012787723913789,0.0022813845425844193,0.0004726189945358783,-0.0017468815203756094,-0.006094407755881548,-0.0013334868708625436,0.003794935764744878,-0.004603530280292034,-0.0106219332665205,-0.007780222222208977,-0.004332756623625755,0.0006647195550613105,0.017846040427684784
BA,2,2026-04-07 14:00:00+00:00,10:00,0.016396841034293175,up,0.002411204157397151,0.0035148581955581903,-0.00033262596116401255,0.004636517725884914,0.0026872986927628517,0.0022237258963286877,-0.003098039422184229,0.0018519883742555976,-0.000160311465151608,0.004418324679136276,0.00656729843467474,0.008561118505895138,0.007054028566926718,0.007915301248431206,0.007843255065381527,0.007563456427305937,0.01351065281778574,0.010360953398048878,0.010176856070756912,0.010148855857551098,0.00833519920706749,0.005462434608489275,0.0067331260070204735,0.010619017295539379,0.011886944994330406,0.016396841034293175
RCL,2,2026-04-07 14:00:00+00:00,10:00,0.016207722947001457,up,0.0014946396695449948,0.001618074718862772,-0.003907477017492056,-0.00027035141829401255,-0.0024312061723321676,-0.006461489014327526,-0.013618218712508678,-0.007587845902889967,-0.01292791310697794,-0.008500916883349419,-0.004302218556404114,-0.000987674342468381,-0.0007363440818153322,0.0006377408863045275,-0.0036918579135090113,-0.0016056137392297387,0.0031066969968378544,0.0005858786171302199,-0.002535588340833783,-0.0042852736078202724,-0.00026848880224861205,-0.005971012637019157,-0.004306188318878412,0.0046767862513661385,0.0032500613015145063,0.016207722947001457
COIN,2,2026-04-07 14:00:00+00:00,10:00,0.015979954972863197,up,-0.002827100222930312,-0.003998138010501862,-0.008755311369895935,-0.007034878246486187,-0.008750341832637787,-0.00959070399403572,-0.012991970404982567,-0.010471001267433167,-0.005240295082330704,-0.0017431280575692654,0.0001510416914243251,0.0037821587175130844,0.0041539608500897884,0.0043137576431035995,0.003728511743247509,0.002120575401932001,0.00867760181427002,0.007986760698258877,0.00996037945151329,0.00599582027643919,0.005702601280063391,0.003317701630294323,0.0063080573454499245,0.00892912782728672,0.007436242885887623,0.015979954972863197
CI,2,2026-04-07 14:00:00+00:00,10:00,0.014924745075404644,up,0.005437836516648531,0.0015189519617706537,-0.0010257142130285501,0.0013368148356676102,-0.0002916208759415895,-0.003947112243622541,-0.009821940213441849,-0.004098818637430668,-0.0046633281745016575,-0.0033572933170944452,0.0017438054783269763,0.0038981877733021975,0.005917449947446585,0.005005651153624058,-9.780524851521477e-05,0.0023775517474859953,0.007180074229836464,0.001998856198042631,0.0029226415790617466,0.0007499913335777819,0.0007484271191060543,-0.0021269475109875202,0.00041581588448025286,0.008611256256699562,0.004730554297566414,0.014924745075404644
HUM,2,2026-04-07 14:00:00+00:00,10:00,0.014650046825408936,up,0.005927389021962881,-0.0017490151803940535,-0.006815506611019373,-0.0008233179687522352,0.0008615516126155853,-0.00019530017743818462,-0.0007337353890761733,0.004015488550066948,0.006985640153288841,0.008824624121189117,0.010360426269471645,0.013724535703659058,0.010968036018311977,0.014495054259896278,0.011917640455067158,0.009428072720766068,0.017743248492479324,0.010921972803771496,0.011882265098392963,0.009337322786450386,0.010982480831444263,0.005330406129360199,0.013868010602891445,0.01747531071305275,0.017651299014687538,0.014650046825408936
TSLA,2,2026-04-07 14:00:00+00:00,10:00,0.014288618229329586,up,-0.0020720676984637976,-0.010004222393035889,-0.011671758256852627,-0.009104051627218723,-0.00759012158960104,-0.015292021445930004,-0.013056138530373573,-0.01061245147138834,-0.01032062154263258,-0.011842840351164341,-0.006445212289690971,-0.006970160640776157,-0.007061327807605267,-0.004942148923873901,-0.002681864658370614,-0.004128349479287863,-0.0034229555167257786,-0.002665156964212656,-0.002826400799676776,0.00011285416258033365,-0.0028176691848784685,-0.009815884754061699,-0.00690830871462822,-0.0032246143091470003,-0.00021343131083995104,0.014288618229329586
EQT,2,2026-04-07 14:00:00+00:00,10:00,0.01376586128026247,up,0.0028585405088961124,0.0033813207410275936,0.0036632034461945295,0.005848962813615799,0.0032030779402703047,0.0029891852755099535,-0.001376389991492033,0.0027569869998842478,0.0002801076334435493,0.002900476800277829,0.005741634406149387,0.006449549924582243,0.006547396071255207,0.00825907289981842,0.008237036876380444,0.007905532605946064,0.00933675467967987,0.006920066196471453,0.008236401714384556,0.009560472331941128,0.00978965312242508,0.0073638176545500755,0.006570520345121622,0.011200269684195518,0.008699401281774044,0.01376586128026247
LITE,2,2026-04-07 14:00:00+00:00,10:00,0.012829769402742386,up,-0.004021196626126766,-0.017785869538784027,-0.01902509294450283,-0.008396513760089874,-0.009810174815356731,-0.01686626486480236,-0.017345821484923363,-0.008350249379873276,-0.012207691557705402,-0.005117427092045546,0.001443960121832788,0.0018649155972525477,0.0016878342721611261,0.0033367143478244543,0.004252362065017223,0.001922851544804871,0.00304861506447196,-0.005101548042148352,-0.0010787363862618804,-0.002029586350545287,-0.005202609114348888,-0.012376582249999046,-0.009854028932750225,-0.004885828588157892,0.0019133861642330885,0.012829769402742386
LUV,2,2026-04-07 14:00:00+00:00,10:00,0.012623676098883152,up,5.4146701586432755e-05,0.006142698228359222,0.008488480933010578,0.00938763190060854,0.004832115024328232,0.002306523732841015,-0.0014705901267006993,0.00022601886303164065,-0.0018102678004652262,0.0011297620367258787,0.0003256002673879266,0.002149488078430295,0.004450380802154541,0.005825971718877554,0.006415003444999456,0.003351588035002351,0.0052095865830779076,0.0025275400839746,0.00535921473056078,0.0036697303876280785,0.005816830322146416,0.0016792876413092017,0.00430686678737402,0.009381034411489964,0.004785921424627304,0.012623676098883152
MRNA,2,2026-04-07 14:00:00+00:00,10:00,0.012502391822636127,up,-0.008285845629870892,-0.0016534837195649743,-0.002851503435522318,-0.00544802425429225,-0.0070449416525661945,-0.00765427527949214,-0.009417654946446419,-0.005406064912676811,-0.0059406328946352005,-0.0077138980850577354,-0.005455700680613518,-0.005794322583824396,-0.00314741930924356,0.0005481848493218422,0.0013704159064218402,0.0023913150653243065,0.003115710336714983,0.002858635038137436,0.002298122039064765,0.0008221503812819719,0.0030233904253691435,-0.00022852314577903599,-0.0004395806754473597,0.006569851655513048,0.008873721584677696,0.012502391822636127
NEM,2,2026-04-07 14:00:00+00:00,10:00,0.01208188571035862,up,-0.003599194809794426,-0.005214907694607973,-0.0064360154792666435,-0.0018927383935078979,-0.0036178065929561853,-0.003973986487835646,-0.007442483212798834,-0.00442940229550004,-0.006030740682035685,-0.0011165017494931817,0.0010579745285212994,0.0013170052552595735,0.002456680405884981,0.0027729568537324667,0.004025497008115053,0.00221525807864964,0.006287447176873684,0.006817120127379894,0.004371794871985912,0.004219353664666414,0.002816302701830864,-0.0019400055753067136,0.0014494404895231128,0.007113452535122633,0.0063101062551140785,0.01208188571035862
AMD,2,2026-04-07 14:00:00+00:00,10:00,0.012046893127262592,up,-0.01119863148778677,-0.015403853729367256,-0.022048460319638252,-0.016490262001752853,-0.019157813861966133,-0.021229876205325127,-0.022750284522771835,-0.019144201651215553,-0.024202818050980568,-0.01755267009139061,-0.01245887205004692,-0.011759339831769466,-0.014531399123370647,-0.011797284707427025,-0.015627378597855568,-0.017422206699848175,-0.0142486821860075,-0.012041010893881321,-0.01487225852906704,-0.010855346918106079,-0.011135966517031193,-0.01273050531744957,-0.00956996064633131,-0.001220856560394168,0.00301920622587204,0.012046893127262592
TJX,2,2026-04-07 14:00:00+00:00,10:00,0.011454075574874878,up,0.005195413716137409,0.0035183564759790897,0.0013865820365026593,0.00466889888048172,0.00431910390034318,0.001841739285737276,-0.0018874333472922444,0.00198652152903378,-0.0005983748123981059,0.0013884142972528934,0.0051282355561852455,0.004910111892968416,0.006591825280338526,0.00743316113948822,0.0052851163782179356,0.004972763359546661,0.009001837112009525,0.006180739961564541,0.007112699095159769,0.003967827185988426,0.0043155355378985405,0.003973220009356737,0.0070674726739525795,0.01058187521994114,0.007965623401105404,0.011454075574874878
SHW,2,2026-04-07 14:00:00+00:00,10:00,0.011268424801528454,up,0.00119353539776057,0.0017953240312635899,0.0020357195753604174,0.002829833421856165,0.0034578561317175627,0.001898246817290783,8.487073500873521e-05,0.0020010496955364943,-0.0012815402587875724,0.0005693251732736826,0.002762777730822563,0.003979909233748913,0.005598795134574175,0.008281588554382324,0.005375558510422707,0.004704949911683798,0.00450377119705081,0.006861353758722544,0.005588166415691376,0.004426919389516115,0.004284129943698645,0.0013940718490630388,-0.000615315162576735,0.0028521171770989895,0.003569836262613535,0.011268424801528454
PSX,2,2026-04-07 14:00:00+00:00,10:00,0.011111111380159855,up,0.0010886460077017546,0.0077216532081365585,0.008162878453731537,0.006984586827456951,0.006007556337863207,0.0051782019436359406,0.0057213194668293,0.0008304478833451867,0.00445378664880991,0.006600284483283758,0.006451665889471769,0.004547887947410345,0.0013376527931541204,0.00631241500377655,0.007580109406262636,0.007933334447443485,0.006878116633743048,0.007035509217530489,0.005805072840303183,0.0067933835089206696,0.009936828166246414,0.007947624661028385,0.007738227490335703,0.011940798722207546,0.010667014867067337,0.011111111380159855
JNJ,2,2026-04-07 14:00:00+00:00,10:00,0.011002006009221077,up,0.004630418494343758,0.007064517121762037,0.002653963165357709,0.007579892408102751,0.0039185406640172005,0.0020569199696183205,-0.0003380756243132055,0.0017867765855044127,0.0005518182879313827,0.004206359852105379,0.006618311628699303,0.008432380855083466,0.005695531610399485,0.0065622455440461636,0.007530008442699909,0.006948788650333881,0.012628995813429356,0.008560939691960812,0.009083077311515808,0.009390599094331264,0.008075936697423458,0.004556771833449602,0.005159709602594376,0.00902517233043909,0.009625443257391453,0.011002006009221077
CEG,2,2026-04-07 14:00:00+00:00,10:00,0.010897072963416576,up,-0.0018613605061545968,-0.003570372238755226,-0.007685910444706678,-0.005892642308026552,-0.008584865368902683,-0.011231012642383575,-0.016779370605945587,-0.011225116439163685,-0.01315512228757143,-0.012571497820317745,-0.008997170254588127,-0.0044400072656571865,-0.002069880021736026,-0.004044258501380682,-0.0076639968901872635,-0.005296763498336077,-0.0034185040276497602,-0.004190283361822367,-0.006706614047288895,-0.007889043539762497,-0.004863318521529436,-0.007842850871384144,-0.006581376306712627,0.0007253644871525466,-0.0010050932178273797,0.010897072963416576
BAX,2,2026-04-07 14:00:00+00:00,10:00,0.010874534025788307,up,0.0030899662524461746,0.007404884323477745,0.002400487195700407,0.005930687300860882,0.0024128903169184923,0.0021961028687655926,-0.003950460813939571,0.0019903848879039288,0.004052232019603252,0.004739186726510525,0.011815333738923073,0.011726132594048977,0.013974905014038086,0.017135901376605034,0.013402768410742283,0.014595294371247292,0.01907956413924694,0.015917371958494186,0.013940331526100636,0.014706676825881004,0.012679102830588818,0.008773336187005043,0.009172819554805756,0.015518042258918285,0.010224716737866402,0.010874534025788307
CMG,2,2026-04-07 14:00:00+00:00,10:00,0.010643425397574902,up,-0.0006866161711513996,0.003215058473870158,0.002309676492586732,0.004203470423817635,0.0024260622449219227,0.0014236264396458864,-0.0012977727456018329,0.0015782049158588052,0.00015492310922127217,0.0016936113825067878,0.005735915154218674,0.005425411742180586,0.004888053517788649,0.006063827313482761,0.0066697667352855206,0.006701560690999031,0.008753088302910328,0.007584852632135153,0.007500451989471912,0.00750914728268981,0.008372837677598,0.004185019992291927,0.00687513779848814,0.010068152099847794,0.006685823202133179,0.010643425397574902
SLB,2,2026-04-07 14:00:00+00:00,10:00,0.010503405705094337,up,0.004962999373674393,0.009428491815924644,0.013596128672361374,0.011146267876029015,0.01225574966520071,0.012459229677915573,0.007530216593295336,0.00571417436003685,0.0049157217144966125,0.0009620549972169101,0.0027675863821059465,0.005833945702761412,0.00609848415479064,0.008188373409211636,0.008803997188806534,0.007201387081295252,0.006962954998016357,0.010382900014519691,0.008747403509914875,0.007618424948304892,0.00925662461668253,0.005175731144845486,0.007798043079674244,0.011449238285422325,0.006722485180944204,0.010503405705094337
MU,2,2026-04-07 14:00:00+00:00,10:00,0.010070574469864368,up,-0.007843886502087116,-0.0168661717325449,-0.02111680433154106,-0.013217074796557426,-0.018767833709716797,-0.0227054376155138,-0.021231506019830704,-0.020129362121224403,-0.01829385943710804,-0.013800302520394325,-0.007030267734080553,-0.008596258237957954,-0.005157241597771645,-0.008409920148551464,-0.004818739835172892,-0.008978789672255516,-0.00852632150053978,-0.008093757554888725,-0.012423829175531864,-0.009308019652962685,-0.01216113567352295,-0.015270923264324665,-0.012864366173744202,-0.0072291516698896885,-0.0032856957986950874,0.010070574469864368
GEV,2,2026-04-07 14:00:00+00:00,10:00,0.00998217798769474,up,-0.007739870343357325,-0.007392259780317545,-0.009489234536886215,-0.004084390122443438,-0.004028964322060347,-0.005408057477325201,-0.007079781498759985,-0.004772864282131195,-0.006374483462423086,-0.0018180927727371454,0.0008823719690553844,0.0011548042530193925,0.0022452787961810827,0.002626578090712428,0.0009185661911033094,-0.00014067758456803858,0.002280352171510458,0.0026842583902180195,0.002133416011929512,0.0017564794979989529,0.0005153923411853611,-0.0007839671452529728,0.00111475121229887,0.006330582313239574,0.004637492820620537,0.00998217798769474
AMGN,2,2026-04-07 14:00:00+00:00,10:00,0.009922651574015617,up,0.0019467187812551856,0.0036670512054115534,-0.0015224205562844872,0.001799102290533483,0.0040155923925340176,-0.0010511215077713132,-0.003058304311707616,0.001511967508122325,0.0004737265408039093,0.00021312001626938581,0.004504507407546043,0.005675727967172861,0.006047169212251902,0.0065187797881662846,0.00467302929610014,0.00439517991617322,0.007457420229911804,0.0048343646340072155,0.004921464249491692,0.005485992878675461,0.006428529508411884,0.003109568962827325,0.0035508801229298115,0.00730119226500392,0.00606915820389986,0.009922651574015617
TSCO,2,2026-04-07 14:00:00+00:00,10:00,0.009712759405374527,up,0.00021093685063533485,0.003247188637033105,0.002467660466209054,0.005978768691420555,0.0038142025005072355,0.0009673038148321211,-0.0070137581788003445,-0.0020751242991536856,-0.002217167057096958,-0.00016288414190057665,0.0006136226002126932,0.0015174096915870905,0.004436375107616186,0.004973425529897213,0.0025844373740255833,0.0010809660889208317,0.003668245393782854,0.0012648218544200063,0.003367355791851878,0.0006772504420951009,0.0027805024292320013,-0.001978134736418724,0.0007443215581588447,0.005019605625420809,0.002788458950817585,0.009712759405374527
BBY,2,2026-04-07 14:00:00+00:00,10:00,0.00946885161101818,up,0.002186659723520279,0.0016530987340956926,-0.002313589211553335,0.0007682905998080969,0.0023554733488708735,-0.0012367306044325233,-0.002368336543440819,0.0014529197942465544,-0.0016159259248524904,0.0007464397931471467,0.003817523131147027,0.0062810988165438175,0.004248817916959524,0.0059103271923959255,0.005544702522456646,0.005238808691501617,0.006097099278122187,0.004081168211996555,0.006051430478692055,0.004648546222597361,0.005859991069883108,0.005535968579351902,0.00433029979467392,0.00863694492727518,0.005927405785769224,0.00946885161101818
VRT,2,2026-04-07 14:00:00+00:00,10:00,0.00944165326654911,up,-0.006601749919354916,-0.006662128958851099,-0.00928018894046545,-0.0059333788231015205,-0.00699229072779417,-0.010087452828884125,-0.014027764089405537,-0.008805184625089169,-0.013316835276782513,-0.00773752061650157,-0.00406218646094203,-0.001115738763473928,-0.0030684713274240494,-0.00553941261023283,-0.008712412789463997,-0.00860748440027237,-0.007217198144644499,-0.008337436243891716,-0.008573821745812893,-0.009723201394081116,-0.007095972076058388,-0.008396023884415627,-0.006587170530110598,0.0013956993352621794,-0.0031518652103841305,0.00944165326654911
AAPL,2,2026-04-07 14:00:00+00:00,10:00,0.009391160681843758,up,-0.0050232443027198315,-0.006957878824323416,-0.008410157635807991,-0.006701435428112745,-0.005766288377344608,-0.010637907311320305,-0.011950998567044735,-0.008919639512896538,-0.012937570922076702,-0.010017003864049911,-0.010252291336655617,-0.005805116146802902,-0.011782180517911911,-0.008852199651300907,-0.007161343470215797,-0.008487759158015251,-0.007217615842819214,-0.0077086156234145164,-0.009936725720763206,-0.007364801596850157,-0.009206295944750309,-0.01161274965852499,-0.009300860576331615,-0.0028660332318395376,-0.002684516366571188,0.009391160681843758
CCI,2,2026-04-07 14:00:00+00:00,10:00,0.009111235849559307,up,-5.920699913986027e-05,0.0019366589840501547,0.0028035021387040615,0.007422229740768671,0.0080035962164402,0.0054788608103990555,-0.0012605227530002594,0.0010751915397122502,0.0020371798891574144,0.00014895379717927426,0.0016916057793423533,0.003979112487286329,0.007562245707958937,0.007887237705290318,0.004301698412746191,0.004498992580920458,0.008691344410181046,0.007414339110255241,0.009377273730933666,0.006710787769407034,0.008128928951919079,0.004660006612539291,0.004803904332220554,0.010786199010908604,0.009127255529165268,0.009111235849559307
LULU,2,2026-04-07 14:00:00+00:00,10:00,0.009061556309461594,up,2.733509973040782e-06,0.0023336701560765505,-0.003341563744470477,0.0006595068261958659,0.00040259782690554857,-0.0012337714433670044,-0.004517102614045143,-0.0015207143733277917,-0.001618936425074935,-0.0007831212133169174,0.0012256918707862496,0.0013738328125327826,0.0035356921143829823,0.004446792416274548,0.002373905386775732,0.0016556627815589309,0.00707014137879014,0.006324343383312225,0.005272263195365667,0.004799790680408478,0.004284901078790426,0.0025076817255467176,0.00440263980999589,0.006426241714507341,0.0037294968497008085,0.009061556309461594
JPM,2,2026-04-07 14:00:00+00:00,10:00,0.009046055376529694,up,0.004469027742743492,0.0021040732972323895,0.004113694652915001,0.0051944674924016,0.005527907516807318,0.004205781500786543,0.0026685355696827173,0.0031717170495539904,0.001749340444803238,-0.00029827910475432873,0.00257781776599586,0.005855172406882048,0.006627465132623911,0.0056813377887010574,0.007229795213788748,0.007580870762467384,0.007290735840797424,0.009072819724678993,0.007058496121317148,0.008561452850699425,0.0073644183576107025,0.0049580601043999195,0.005534670781344175,0.007403130177408457,0.007543652318418026,0.009046055376529694
WAT,2,2026-04-07 14:00:00+00:00,10:00,0.008979200385510921,up,0.006156047806143761,0.005187814589589834,0.006383512634783983,0.006151221692562103,0.006082363426685333,0.004445286002010107,0.002605136251077056,0.0038817732129245996,0.0029771632980555296,0.0010508820414543152,0.004323544912040234,0.005682278890162706,0.004950591828674078,0.006091030780225992,0.004762915428727865,0.004471377935260534,0.006519978400319815,0.005887635517865419,0.003897113027051091,0.004189104773104191,0.004448266234248877,0.0014595031971111894,0.0003915176203008741,0.0032881179358810186,0.0009870928479358554,0.008979200385510921
CF,2,2026-04-07 14:00:00+00:00,10:00,0.00887490063905716,up,0.0033887368626892567,0.006751331500709057,0.0017223297618329525,0.003851137589663267,0.0024910836946219206,0.0034617141354829073,0.0009404968004673719,-0.00045840651728212833,-0.003212648443877697,-0.00043419431312941015,0.00776017177850008,0.002486961195245385,0.0005793732707388699,-0.0001435283338651061,0.003943710122257471,0.0019355884287506342,0.004560960456728935,0.0049219815991818905,0.007838085293769836,0.006751770619302988,0.008279699832201004,0.0006424444145523012,0.002980380319058895,0.0022169360890984535,0.002893980359658599,0.00887490063905716
MPC,2,2026-04-07 14:00:00+00:00,10:00,0.008854069747030735,up,-0.004118711221963167,-9.395038068760186e-05,0.0006077127764001489,0.0022203088738024235,0.0018247640691697598,8.448858716292307e-05,-0.003650135360658169,-0.0008413048926740885,-0.0018461889121681452,-0.0019341203151270747,0.0036513349041342735,0.004857802297919989,0.0050657750107347965,0.005866881925612688,0.005818317178636789,0.005518688354641199,0.0062554399482905865,0.004839145112782717,0.0038612454663962126,0.0028359813150018454,0.003447203664109111,-0.00024331241729669273,0.001011658925563097,0.003986901603639126,0.002043388318270445,0.008854069747030735
LYV,2,2026-04-07 14:00:00+00:00,10:00,0.008721388876438141,up,0.004222168121486902,0.004914469085633755,0.0017816000618040562,0.005045302677899599,0.004148135427385569,0.001568463514558971,-0.0024338001385331154,0.0018006127793341875,-0.0008409376023337245,0.0002751645806711167,0.004443485289812088,0.005702504888176918,0.006294900085777044,0.006792688742280006,0.004422755911946297,0.004063963424414396,0.007649552542716265,0.006079194135963917,0.006063807290047407,0.005711407400667667,0.005611883942037821,0.005509161856025457,0.008250957354903221,0.011308196000754833,0.007166297174990177,0.008721388876438141
ON,2,2026-04-07 14:00:00+00:00,10:00,0.008703864179551601,up,-0.0033870891202241182,-0.0011484517017379403,-0.002763649681583047,0.0008569153142161667,-0.0001455033489037305,-0.0007136674248613417,-0.006212104577571154,-0.0026858707424253225,-0.008423201739788055,-0.005964479874819517,-0.004419379401952028,-0.0022163712419569492,0.00016483681974932551,0.002032036194577813,0.0011659718584269285,0.0005635702982544899,0.001812731963582337,0.000483487150631845,0.0013493755832314491,0.0014579149428755045,0.0015640226192772388,0.0010547339916229248,0.000344749802025035,0.005881688557565212,0.0030096767004579306,0.008703864179551601
CHRW,2,2026-04-07 14:00:00+00:00,10:00,0.008542725816369057,up,0.00245874235406518,0.00348658487200737,0.0006463331519626081,0.003679530695080757,0.003647382138296962,0.0017326442757621408,-0.0020091531332582235,0.00047152861952781677,-0.0012723953695967793,-0.00022365953191183507,0.0014705280773341656,0.0027547329664230347,0.0018607673700898886,0.0029433611780405045,0.0016952264122664928,0.0020267050713300705,0.00445359293371439,0.003210940398275852,0.0011192329693585634,0.00105078995693475,0.0011955733643844724,0.001570114167407155,0.0018556921277195215,0.007906016893684864,0.0051500205881893635,0.008542725816369057
HAL,2,2026-04-07 14:00:00+00:00,10:00,0.0084549430757761,up,-0.0035608115140348673,-0.005727926269173622,-0.006247950717806816,-0.008955721743404865,-0.00973567459732294,-0.012543945573270321,-0.014999653212726116,-0.01302764005959034,-0.013975157402455807,-0.010830550454556942,-0.009603767655789852,-0.006086087319999933,-0.004964305087924004,-0.005499798338860273,-0.005260786507278681,-0.005738938692957163,-0.00483349384739995,-0.0069156792014837265,-0.007514041382819414,-0.00611948361620307,-0.008180759847164154,-0.008757421746850014,-0.005476096179336309,0.0004663155123125762,-1.416177474311553e-05,0.0084549430757761
COHR,2,2026-04-07 14:00:00+00:00,10:00,0.008307408541440964,up,-0.004959520883858204,-0.011097477748990059,-0.013068794272840023,-0.0091237872838974,-0.010099681094288826,-0.011819802224636078,-0.01553681492805481,-0.008472001180052757,-0.012508156709372997,-0.006018969230353832,0.0034300799015909433,0.0043478175066411495,0.0025322341825813055,0.002194152446463704,0.0034073919523507357,0.0022672414779663086,-0.0006848665652796626,-0.0021028092596679926,2.199360096710734e-05,-0.003159340238198638,-0.004324441775679588,-0.008981977589428425,-0.00823374092578888,-0.004745126701891422,-5.3262676374288276e-05,0.008307408541440964
PYPL,2,2026-04-07 14:00:00+00:00,10:00,0.008286339230835438,up,-0.0012550499523058534,0.002520301379263401,0.0026891494635492563,0.005330061540007591,0.0017579750856384635,0.00040369879570789635,-0.0021875575184822083,-0.0018585360376164317,-0.002406737534329295,-0.00047575493226759136,0.0005187185015529394,0.0004602596163749695,-6.624423986067995e-05,0.0037869696971029043,0.002314493292942643,0.0003596610331442207,0.002108966466039419,-0.0023970415350049734,-0.0003330745967105031,0.0008022008114494383,0.0010214755311608315,-0.003924352116882801,-0.0010363023029640317,0.0023305604699999094,0.0018659322522580624,0.008286339230835438
CVS,2,2026-04-07 14:00:00+00:00,10:00,0.008097446523606777,up,-0.0001120306333177723,-0.0027716453187167645,-0.0058044735342264175,-0.002624114044010639,0.0011520611587911844,-0.002299975138157606,-0.00906799640506506,-0.0048852297477424145,-0.004343819804489613,-0.0040825773030519485,-0.00021549260418396443,0.0066631147637963295,0.008149984292685986,0.010990300215780735,0.009672459214925766,0.006683750543743372,0.007714244537055492,0.006850835867226124,0.0009418755071237683,0.002403886755928397,0.003706155112013221,0.0024560277815908194,0.0009936001151800156,0.009372219443321228,0.004317045211791992,0.008097446523606777
ABBV,2,2026-04-07 14:00:00+00:00,10:00,0.008042202331125736,up,0.001776517485268414,-0.0009464562754146755,-0.0014500035904347897,-0.0014622866874560714,-0.0030028480105102062,-0.006264256779104471,-0.010284217074513435,-0.009336724877357483,-0.009516680613160133,-0.003765502478927374,-0.0030662035569548607,-0.0009559078025631607,-0.005092403385788202,-0.005013493821024895,-0.004105331376194954,-0.006804693024605513,-0.002523935167118907,-0.0017590459901839495,-0.004748466890305281,-0.0005415796767920256,-0.002187753561884165,-0.0059731751680374146,-0.0042676664888858795,-0.00043867831118404865,-0.0001988277945201844,0.008042202331125736
BR,2,2026-04-07 14:00:00+00:00,10:00,0.007666814140975475,up,0.002947772154584527,0.003910138737410307,-0.0005424819537438452,0.0028294434305280447,9.533701813779771e-06,-0.0012411018833518028,-0.0046133422292768955,-0.0008900136454030871,-0.0016200767131522298,-0.0004428208922035992,0.0033801107201725245,0.005609807092696428,0.005567869171500206,0.006815246772021055,0.0036504159215837717,0.003984356299042702,0.006507618352770805,0.005522670224308968,0.004620621912181377,0.0034938259050250053,0.0027675859164446592,0.0034134071320295334,0.0043494743295013905,0.008927395567297935,0.005530990194529295,0.007666814140975475
BLDR,2,2026-04-07 14:00:00+00:00,10:00,0.007306751329451799,up,0.00795505940914154,0.01514253206551075,0.0047763935290277,0.01158000249415636,0.01928524114191532,0.011202949099242687,0.0033976661507040262,0.007690024562180042,0.009115058928728104,0.006189062725752592,0.006181399803608656,0.008464698679745197,0.006094733718782663,0.008138108998537064,0.006825744174420834,0.00470987381413579,0.00547299487516284,0.006320070009678602,0.0051166764460504055,0.0020247981883585453,0.004355177748948336,0.0004945808905176818,0.002358765574172139,0.0068831732496619225,0.0024826624430716038,0.007306751329451799
CNC,2,2026-04-07 14:00:00+00:00,10:00,0.007181753870099783,up,-0.002391644287854433,-0.0007410856778733432,-0.004520799499005079,4.635275763575919e-05,-0.004199391230940819,-0.003360464470461011,-0.005773214157670736,-0.0031948338728398085,-0.005561834201216698,-0.0033181130420416594,0.0007969453581608832,0.0017621773295104504,0.00012109072122257203,0.007683608680963516,0.007676567416638136,0.004402055870741606,0.0063794516026973724,0.004742195829749107,0.002933248644694686,0.00033223978243768215,0.002643613377586007,-0.0008190720691345632,0.002517066430300474,0.01398425828665495,0.008708956651389599,0.007181753870099783
ORCL,2,2026-04-07 14:00:00+00:00,10:00,0.007115151733160019,up,-0.004562219604849815,-0.009155606850981712,-0.012990678660571575,-0.008693728595972061,-0.011149483732879162,-0.01258584763854742,-0.012708145193755627,-0.01267569325864315,-0.010497849434614182,-0.008711528964340687,-0.006424808409065008,-0.002134936163201928,-0.0009978642920032144,0.00039344534161500633,0.0015558607410639524,-0.0007083564414642751,0.0028688632883131504,0.0021074695978313684,0.0015497434651479125,0.001180890016257763,0.001137428218498826,-0.0027030089404433966,0.0008796245092526078,0.004517635330557823,0.0022575228940695524,0.007115151733160019
PLTR,2,2026-04-07 14:00:00+00:00,10:00,0.007063755765557289,up,-0.007642200216650963,-0.010630491189658642,-0.017628654837608337,-0.014633841812610626,-0.017780635505914688,-0.020858747884631157,-0.021764645352959633,-0.017077215015888214,-0.015674039721488953,-0.011662050150334835,-0.008060524240136147,-0.0033920349087566137,-0.0006248182035051286,-0.002328569535166025,-0.0022892772685736418,-0.0038595099467784166,0.00019958498887717724,-0.001394767314195633,-0.000896932149771601,-0.001435046666301787,-0.0024055009707808495,-0.007212981581687927,-0.0036814012564718723,-0.0016085532261058688,-0.0007449974655173719,0.007063755765557289
FANG,2,2026-04-07 14:00:00+00:00,10:00,0.007003014907240868,up,-0.0042282650247216225,-0.005536437965929508,-0.0058691962622106075,-0.0030194970313459635,-0.002974070142954588,-0.005119028966873884,-0.0066001927480101585,-0.0020068602170795202,-0.004542749375104904,-0.0015783730195835233,0.002590687246993184,0.004548581782728434,0.0053774043917655945,0.005333807785063982,0.005224309395998716,0.002173474757000804,0.006311856675893068,0.005697125103324652,0.002965065650641918,0.004633947275578976,0.0018120708409696817,0.00010956308688037097,0.001497877761721611,0.0035600638948380947,0.0044046491384506226,0.007003014907240868
TECH,2,2026-04-07 14:00:00+00:00,10:00,0.006917083170264959,up,0.000755642366129905,0.003829638008028269,0.001872438588179648,0.004913268145173788,0.0008831925806589425,0.002464521676301956,-0.0002752497384790331,-0.0002030068717431277,0.0022738794796168804,0.0018923167372122407,0.0006728432490490377,0.003197987098246813,0.0020421957597136497,0.004860810935497284,0.005773347336798906,0.004428463988006115,0.006164492107927799,0.005278395488858223,0.002129246946424246,0.0036818606313318014,0.004111607093364,0.003438887419179082,0.0034714234061539173,0.007912895642220974,0.005986173637211323,0.006917083170264959
BMY,2,2026-04-07 14:00:00+00:00,10:00,0.006820540875196457,up,0.00037670048186555505,0.0028165713883936405,0.0020149280317127705,0.0025368481874465942,0.0018836584640666842,0.001147192670032382,-0.003099282504990697,-0.0028062809724360704,-0.005042891949415207,-0.004543117247521877,-0.001984408125281334,0.001301842974498868,0.001686404924839735,0.001986783230677247,0.003599180607125163,0.0008580836001783609,0.004104951862245798,0.0007188262534327805,0.0022354996763169765,0.0021510072983801365,0.0007171964389272034,-0.002650553360581398,-0.001565640210174024,0.002529074437916279,-0.0006619777414016426,0.006820540875196457
MCD,2,2026-04-07 14:00:00+00:00,10:00,0.006522464565932751,up,0.003849782282486558,0.0073003810830414295,0.007305778097361326,0.0069642518647015095,0.007777553051710129,0.006189714651554823,0.003979266155511141,0.005550835281610489,0.004276737105101347,0.0028033850248903036,0.005984291434288025,0.006477166432887316,0.009773659519851208,0.011425415053963661,0.008858083747327328,0.006295787636190653,0.009710895828902721,0.007849092595279217,0.00525997718796134,0.006784872151911259,0.004924154840409756,0.0015570877585560083,-7.786689093336463e-05,0.003209663089364767,0.004617607686668634,0.006522464565932751
FOX,2,2026-04-07 14:00:00+00:00,10:00,0.006402075756341219,up,0.0012899846769869328,0.003760828636586666,0.003314135130494833,0.0061254543252289295,0.0032001121435314417,0.002665773732587695,4.2483865399844944e-05,-0.00026999905821867287,0.0020707000512629747,0.002563097281381488,0.0036419155076146126,0.0054784552194178104,0.004972217604517937,0.005681232549250126,0.006167152896523476,0.004039843566715717,0.007386882323771715,0.007691956590861082,0.00720173167064786,0.0067652505822479725,0.006278045941144228,0.004540317226201296,0.0030703383963555098,0.007419132627546787,0.005227993708103895,0.006402075756341219
CRWD,2,2026-04-07 14:00:00+00:00,10:00,0.006386054679751396,up,-0.005738601088523865,-0.006926211062818766,-0.011108404025435448,-0.006010178476572037,-0.008678605780005455,-0.011174276471138,-0.012247479520738125,-0.009225915186107159,-0.008559765294194221,-0.0070807430893182755,-0.0040143998339772224,-0.0017648315988481045,-0.0001634616928640753,0.0009565882501192391,-0.00036627514054998755,-0.0016920766793191433,-0.0011951634660363197,-0.0019666277803480625,-0.0046770465560257435,-0.00540046114474535,-0.0028649333398789167,-0.0020743280183523893,0.0030230318661779165,0.0038891194853931665,0.0029200755525380373,0.006386054679751396
EOG,2,2026-04-07 14:00:00+00:00,10:00,0.006207050755620003,up,-0.0004410811816342175,-0.0019922247156500816,-0.003034892724826932,0.00014863959222566336,0.001025715610012412,-0.003713101614266634,-0.006586856674402952,-0.0028042530175298452,-0.004223898518830538,-0.0026226136833429337,0.004045302513986826,0.006796889007091522,0.007373608648777008,0.005846521817147732,0.006093514151871204,0.004147044382989407,0.0035812549758702517,0.0038607690948992968,0.004556097090244293,0.003508523339405656,0.0032469488214701414,-0.0007496358593925834,0.002472854917868972,0.0036779860965907574,0.004210425075143576,0.006207050755620003
ALLE,2,2026-04-07 14:00:00+00:00,10:00,0.006190666928887367,up,-2.4180506443371996e-05,0.0030248595867305994,0.00025770661886781454,0.0030572982504963875,0.0025675862561911345,0.0008643335895612836,-0.0019306486938148737,-0.0019574512261897326,-0.0008806709083728492,0.002152502303943038,0.00393650820478797,0.0036032721400260925,0.004375179763883352,0.003666772274300456,0.0027779259253293276,0.0023373328149318695,0.00444817217066884,0.0017388805281370878,0.0025287559255957603,0.0025924548972398043,0.0018505790503695607,-0.0002487444144207984,0.000896818412002176,0.003752036252990365,0.0018471371149644256,0.006190666928887367
WMT,2,2026-04-07 14:00:00+00:00,10:00,0.006061555817723274,up,-0.0035556561779230833,-0.00607123551890254,-0.009449328295886517,-0.005972717422991991,-0.006899673026055098,-0.011099280789494514,-0.01216899137943983,-0.010492510162293911,-0.009886435233056545,-0.00771667156368494,-0.0030421593692153692,-0.0023003460373729467,-0.002876108745113015,0.0005324396188370883,0.0008415871998295188,0.0006909195217303932,0.0035886280238628387,0.0007476780447177589,0.0022835994604974985,0.0013066062238067389,0.002213898114860058,-0.000773445179220289,0.002587222494184971,0.005908965598791838,0.005089405924081802,0.006061555817723274
KEYS,2,2026-04-07 14:00:00+00:00,10:00,0.006026933901011944,up,0.005401278380304575,0.007675155997276306,0.00747732724994421,0.007701321505010128,0.007826797664165497,0.005666167475283146,0.0036589454393833876,0.005785789340734482,0.003490953240543604,0.0025919137988239527,0.004892344120889902,0.005979826208204031,0.004303796216845512,0.004148709122091532,0.0014665431808680296,0.0004348349175415933,0.001560173579491675,0.0015514163533225656,0.001985203940421343,0.0031840652227401733,0.002239084802567959,-0.0008371802978217602,-0.003032516222447157,0.002399353077635169,-0.0009641051292419434,0.006026933901011944
WAB,2,2026-04-07 14:00:00+00:00,10:00,0.006001280155032873,up,0.0016430459218099713,0.004083561711013317,0.004662496969103813,0.006590622011572123,0.009400074370205402,0.006804945413023233,0.004978053271770477,0.006054835859686136,0.005018522962927818,0.006694607436656952,0.009093382395803928,0.008500529453158379,0.008004996925592422,0.007855286821722984,0.008444168604910374,0.008141465485095978,0.008126580156385899,0.008189515210688114,0.007383577525615692,0.007589157670736313,0.006372288800776005,0.004198482260107994,0.004085298627614975,0.005759148858487606,0.0042062364518642426,0.006001280155032873
FE,2,2026-04-07 14:00:00+00:00,10:00,0.005941737908869982,up,-0.00028641894459724426,0.0029862208757549524,0.002161910757422447,0.004280404653400183,0.00612243264913559,0.005038972478359938,0.002365529304370284,0.0027748181018978357,0.004380322992801666,0.0027694411110132933,0.004797849804162979,0.004847801756113768,0.0035041039809584618,0.004161262419074774,0.005019048694521189,0.0033652849961072206,0.005780444480478764,0.006299377419054508,0.006748589221388102,0.006916321348398924,0.0068299430422484875,0.005582177545875311,0.005892267916351557,0.008342839777469635,0.005762090906500816,0.005941737908869982
ACN,2,2026-04-07 14:00:00+00:00,10:00,0.005923979915678501,up,-0.0015016496181488037,0.0015295896446332335,-0.0024116290733218193,0.00019767144112847745,-0.003141419729217887,-0.003163084387779236,-0.004187955986708403,-0.0015912598464637995,-0.0026009357534348965,-0.0021812559571117163,-0.001112255617044866,0.0021576951257884502,0.0030781568493694067,0.0018112880643457174,0.0011993024963885546,0.0004027392133139074,0.004956806544214487,0.003019914962351322,0.0022745770402252674,0.0009120922186411917,-0.0017261129105463624,-0.002040041843429208,-0.0019969113636761904,0.0006055849953554571,0.003350416198372841,0.005923979915678501
MKC,2,2026-04-07 14:00:00+00:00,10:00,0.005903255194425583,up,0.0017191868973895907,0.006158721167594194,0.004297306295484304,0.004184877034276724,0.0037915497086942196,0.003972502890974283,0.0003835636889562011,0.0023184800520539284,0.0033473523799329996,0.0032852625008672476,0.0043388670310378075,0.004273607861250639,0.002960787620395422,0.003967612981796265,0.005748695228248835,0.0036181153263896704,0.007085646502673626,0.007643916178494692,0.007226660847663879,0.007769289892166853,0.007284141611307859,0.0073585244826972485,0.006346737500280142,0.007405267562717199,0.006029665470123291,0.005903255194425583
GM,2,2026-04-07 14:00:00+00:00,10:00,0.005900755058974028,up,-0.0009138977620750666,0.0023160474374890327,-0.00047322444152086973,0.0007737481500953436,0.0037048531230539083,0.00468237791210413,0.003331779269501567,0.0058774868957698345,0.0031548517290502787,0.0012333831982687116,0.0017523084534332156,0.00024649911210872233,0.0035304599441587925,0.002286453964188695,0.002025242429226637,0.002064503263682127,0.00467642629519105,0.002017623046413064,0.0021525125484913588,0.0026104156859219074,0.0034343437291681767,0.0007692520739510655,0.0019414699636399746,0.002492886735126376,0.000631945498753339,0.005900755058974028
V,2,2026-04-07 14:00:00+00:00,10:00,0.005628888960927725,up,0.004267100244760513,0.0033338486682623625,0.0037342908326536417,0.005852732341736555,0.005263035651296377,0.003451314987614751,0.0016800472512841225,0.0026578260585665703,0.0020302976481616497,-0.0009384212316945195,0.0024429026525467634,0.0055971648544073105,0.0052179982885718346,0.005532914772629738,0.006961514707654715,0.006305154878646135,0.006367842201143503,0.006478530820459127,0.006779653485864401,0.004427362699061632,0.004773571155965328,0.0030332731548696756,0.001756861456669867,0.003153619822114706,0.003106212243437767,0.005628888960927725
DASH,2,2026-04-07 14:00:00+00:00,10:00,0.005610983353108168,up,0.001175187760964036,0.002464324701577425,-0.003453025594353676,0.000629534013569355,-0.0021267454139888287,-0.0035774437710642815,-0.007470869924873114,-0.0012115688296034932,-0.0016102519584819674,0.00042244562064297497,0.005335744936019182,0.005901268217712641,0.005901827476918697,0.007176366169005632,0.004284185357391834,0.0039614285342395306,0.0074059851467609406,0.00707728648558259,0.006153280381113291,0.0026374466251581907,0.0022749779745936394,0.0006309643504209816,0.002682680496945977,0.0068122283555567265,0.0039741569198668,0.005610983353108168
ETN,2,2026-04-07 14:00:00+00:00,10:00,0.005562336649745703,up,-0.004112597554922104,-0.00432202871888876,-0.004930531140416861,-0.0012251334264874458,-0.0005326814134605229,-0.0031581830698996782,-0.005099400877952576,-0.002970808418467641,-0.005265165586024523,-0.0033571734093129635,-0.0006610587006434798,0.0006394173833541572,0.0017607334302738309,0.0015923891915008426,0.002592895645648241,0.00047098883078433573,0.002599407220259309,0.0031157168559730053,0.0012224959209561348,0.0009914833353832364,0.0012424157466739416,-0.002078606514260173,-0.002278170781210065,0.0014424044638872147,0.0008929140749387443,0.005562336649745703
BXP,2,2026-04-07 14:00:00+00:00,10:00,0.005466851871460676,up,0.002927527530118823,0.0044365860521793365,0.003565644845366478,0.005514183547347784,0.005736609920859337,0.0038102134130895138,0.0021984220948070288,0.002672964707016945,0.0052382126450538635,0.0054433527402579784,0.006197900045663118,0.00689016142860055,0.006331025622785091,0.00640722643584013,0.006111835595220327,0.00436641788110137,0.006755281239748001,0.007302061654627323,0.007598536554723978,0.007255404721945524,0.007199789397418499,0.0053310818038880825,0.0039255982264876366,0.007086682133376598,0.004545584321022034,0.005466851871460676
CAT,2,2026-04-07 14:00:00+00:00,10:00,0.005409699399024248,up,-0.005429768934845924,-0.006038812454789877,-0.006921746768057346,-0.0023043248802423477,-0.0021931356750428677,-0.003321683732792735,-0.005450819153338671,-0.0033843324054032564,-0.006399068981409073,-0.004310424905270338,9.15328782866709e-05,0.00021489457867573947,-0.00030642261845059693,1.753177639329806e-05,0.00019706180319190025,-0.0012264192337170243,0.00045474249054677784,0.0013529387069866061,0.000994720496237278,0.00036005201400257647,-0.0009368602768518031,-0.003365467069670558,-0.0036854723002761602,-0.0008343718945980072,-0.0008572408696636558,0.005409699399024248
APD,2,2026-04-07 14:00:00+00:00,10:00,0.005322069860994816,up,0.0006611364660784602,0.002566954819485545,0.002596563193947077,0.004784004297107458,0.006350874900817871,0.005922540090978146,0.0040053194388747215,0.0035369570832699537,0.002682244637981057,0.0018129885429516435,0.005465963389724493,0.005356890149414539,0.005446183495223522,0.0053297849372029305,0.0042393081821501255,0.004475233610719442,0.006542491260915995,0.0053707631304860115,0.004884249065071344,0.00498603843152523,0.004748221021145582,0.0026458012871444225,0.0017800085479393601,0.005222405306994915,0.0032671154476702213,0.005322069860994816
WDAY,2,2026-04-07 14:00:00+00:00,10:00,0.005269390530884266,up,0.001560138538479805,0.0039954097010195255,-0.0020936813671141863,0.0022006588988006115,-0.0021585742942988873,-0.004207174759358168,-0.005840025842189789,-0.0006063221371732652,-0.0008839949732646346,-0.0004344624758232385,0.0019355795811861753,0.004216205794364214,0.005501515697687864,0.00698047922924161,0.004923349246382713,0.004138497170060873,0.007919270545244217,0.005645255092531443,0.00550858536735177,0.005765398032963276,0.00513120274990797,0.002898773644119501,0.0036895761732012033,0.005315212532877922,0.004392397124320269,0.005269390530884266
CTSH,2,2026-04-07 14:00:00+00:00,10:00,0.005254019051790237,up,-0.003790740855038166,0.0011904699495062232,-0.001635797438211739,0.001164809800684452,-0.0013201782712712884,-0.002207911340519786,-0.00786180142313242,-0.003719099098816514,-0.0075476025231182575,-0.006558503955602646,-0.004491421859711409,-0.0026480185333639383,-0.000637940363958478,0.0020000403746962547,0.0009952655527740717,0.0005869657616131008,0.0017942661652341485,0.0009079394512809813,0.001467586844228208,0.0011304455110803246,0.0018671053694561124,0.0007982110837474465,0.0008147262851707637,0.0037496876902878284,0.0012348369928076863,0.005254019051790237
BAC,2,2026-04-07 14:00:00+00:00,10:00,0.00515113165602088,up,-0.002640252001583576,-0.0023763475473970175,-0.003788700792938471,-0.0034550842829048634,-0.0025256741791963577,-0.0027427589520812035,-0.0023659265134483576,-0.0029377827886492014,-0.003373393788933754,-0.002054792596027255,-0.0001701229775790125,0.001254943199455738,0.004055123310536146,0.002979690907523036,0.0023113235365599394,0.002948326990008354,0.002864452078938484,0.004777851048856974,0.004747796803712845,0.003645579796284437,0.0049250200390815735,0.002524431562051177,0.002966582542285323,0.006712892092764378,0.006386773195117712,0.00515113165602088
ARE,2,2026-04-07 14:00:00+00:00,10:00,0.0051339357160031796,up,0.003366780234500766,0.0057630352675914764,0.00534755690023303,0.006545315030962229,0.0053146821446716785,0.0027548549696803093,0.003141173394396901,0.0017491343896836042,0.004193279892206192,0.004362122155725956,0.005383202340453863,0.004305435344576836,0.005135637242347002,0.0041987113654613495,0.005199706647545099,0.004252501763403416,0.006107981316745281,0.006348928436636925,0.006639039143919945,0.006088882219046354,0.0076961093582212925,0.008266285993158817,0.004842159803956747,0.00860606599599123,0.007511370349675417,0.0051339357160031796
GPN,2,2026-04-07 14:00:00+00:00,10:00,0.005106932483613491,up,-0.006316011771559715,0.00012485819752328098,-0.00584391737356782,-0.004049125127494335,-0.006983560975641012,-0.007495211437344551,-0.011809496209025383,-0.008662663400173187,-0.010611314326524734,-0.012489707209169865,-0.009371692314743996,-0.009540107101202011,-0.0036339745856821537,-0.0035017889458686113,-0.003852518042549491,-0.005529706832021475,-0.0007136745844036341,-0.0009691913146525621,0.000863179040607065,-0.0016406610375270247,3.791985727730207e-05,-0.0005991127109155059,-0.001002548378892243,0.0010840914910659194,-0.0009286049753427505,0.005106932483613491
LRCX,2,2026-04-07 14:00:00+00:00,10:00,0.0050956173799932,up,-0.009483512490987778,-0.011576405726373196,-0.016162585467100143,-0.01374766044318676,-0.01762368530035019,-0.01905517466366291,-0.020519712939858437,-0.01851676031947136,-0.01772770844399929,-0.01178725715726614,-0.00856106262654066,-0.006430033594369888,-0.006073441822081804,-0.005646869540214539,-0.007468234281986952,-0.009920087642967701,-0.007086489349603653,-0.0048341089859604836,-0.007351937238126993,-0.007393317762762308,-0.008599425666034222,-0.012674632482230663,-0.012214802205562592,-0.004371992312371731,-0.004020621068775654,0.0050956173799932
TYL,2,2026-04-07 14:00:00+00:00,10:00,0.004967613145709038,up,0.000903839711099863,0.003227161942049861,-0.001594064524397254,0.0007916970644146204,-0.002646316308528185,-0.005896528717130423,-0.006035282742232084,-0.00450314674526453,-0.004401491954922676,-0.0032860238570719957,-0.00022904157231096178,0.0010840501636266708,0.002549117198213935,0.0033421609550714493,0.0012346678413450718,0.00042936811223626137,0.0015422850847244263,0.0015211936552077532,0.0007818450685590506,0.0008417142671532929,0.00039678983739577234,-0.0017144584562629461,0.0009917733259499073,0.0038563432171940804,0.0017156265676021576,0.004967613145709038
ANET,2,2026-04-07 14:00:00+00:00,10:00,0.004831109661608934,up,-0.002423618920147419,-0.0051938858814537525,-0.006862320937216282,-0.0004872517893090844,-0.0032256992999464273,-0.007551994640380144,-0.009551472030580044,-0.001799518708139658,-0.0037842586170881987,-0.0006771974731236696,0.005486773792654276,0.0069118682295084,0.006792651489377022,0.005738468840718269,0.005081109702587128,0.0045376308262348175,0.00639068428426981,0.005310805980116129,0.005405527073889971,0.006299331784248352,0.002838450251147151,0.0014630662044510245,0.0019023356726393104,0.006507596932351589,0.005505195818841457,0.004831109661608934
CNP,2,2026-04-07 14:00:00+00:00,10:00,0.0048115006648004055,up,0.0005255763535387814,0.003771252930164337,0.00323675898835063,0.004391285125166178,0.0059509361162781715,0.0035848505795001984,0.0035165573935955763,0.0036114936228841543,0.004941064864397049,0.003930849488824606,0.005135808140039444,0.003661869093775749,0.0031579837668687105,0.002044260036200285,0.004532085731625557,0.00391177786514163,0.003492985852062702,0.0045139421708881855,0.004423200152814388,0.004647482186555862,0.00469818664714694,0.005758065264672041,0.004023408517241478,0.0072979070246219635,0.00701052276417613,0.0048115006648004055
APA,2,2026-04-07 14:00:00+00:00,10:00,0.004790054634213448,up,0.000961011101026088,0.007354752626270056,0.006802073679864407,0.007881565019488335,0.004542824812233448,0.0072334990836679935,0.0016617474611848593,0.0024644406512379646,0.0048863706178963184,0.002418477088212967,0.0042152125388383865,0.002998554613441229,0.0013894219882786274,0.0011878820369020104,0.005751006305217743,0.004007641226053238,0.002208342310041189,0.003502599662169814,0.003011996392160654,0.00420225877314806,0.00395159050822258,0.0030021751299500465,0.002683922415599227,0.007158554159104824,0.0069985222071409225,0.004790054634213448
LH,2,2026-04-07 14:00:00+00:00,10:00,0.0047878120094537735,up,0.0022770664654672146,0.0029271936509758234,0.002336165402084589,0.003935790620744228,0.0008876140345819294,-0.0025671590119600296,-0.006056199315935373,-0.004449752159416676,-0.005399743560701609,-0.005220864899456501,-0.003624774282798171,-0.0013027191162109375,-0.0013457254972308874,-0.0018517995486035943,-0.003310528816655278,-0.0037694061174988747,0.0006233695312403142,-0.0007451229612343013,-0.0011632235255092382,0.0002641647879499942,-0.00206380826421082,-0.0049515231512486935,-0.005281688645482063,0.00041173689533025026,-0.0030930195935070515,0.0047878120094537735
KLAC,2,2026-04-07 14:00:00+00:00,10:00,0.00475989980623126,up,0.0018944402690976858,0.0010883744107559323,0.0011513562640175223,0.00557895191013813,0.004216760862618685,0.0003074471896979958,0.0007630354957655072,0.002998222131282091,-7.089697464834899e-05,0.0025532457511872053,0.004270675592124462,0.0059926677495241165,0.004012898076325655,0.004423548933118582,0.002984314225614071,0.0022416901774704456,0.00521804066374898,0.004102380946278572,0.003181293373927474,0.003910444676876068,0.00013605350977741182,-0.002655244432389736,-0.0018806986045092344,0.002494077431038022,-2.235293504782021e-05,0.00475989980623126
FFIV,2,2026-04-07 14:00:00+00:00,10:00,0.004736143164336681,up,0.004389259498566389,0.006273225881159306,0.006400500424206257,0.00791036058217287,0.006838210858404636,0.005960937589406967,0.0041635287925601006,0.005434087943285704,0.002594687743112445,0.001214493066072464,0.004089569207280874,0.0050050546415150166,0.004792249761521816,0.005872652865946293,0.0037482695188373327,0.0019633383490145206,0.004317644517868757,0.002999795600771904,0.001982632093131542,0.0027164029888808727,0.0016342125600203872,-0.0015685453545302153,-0.0020527683664113283,0.0014442866668105125,-0.0002642531762830913,0.004736143164336681
LII,2,2026-04-07 14:00:00+00:00,10:00,0.004553654231131077,up,-0.0033786792773753405,0.0023205475881695747,-0.0025949536357074976,0.0015785932773724198,0.0007786587229929864,-0.0017301855841651559,-0.0028811239171773195,-0.00027859024703502655,-0.002849697833880782,-0.004473143257200718,-0.001423061010427773,2.1890142306801863e-05,-0.0021353433839976788,-0.0024728449061512947,-0.0018424404552206397,-0.003058304311707616,-0.0006991527043282986,8.682800398673862e-05,-0.00037320071714930236,-0.0011418081121519208,-0.0011153522646054626,-0.002561484929174185,-0.003135804319754243,0.00026123737916350365,-0.0008279822650365531,0.004553654231131077
FSLR,2,2026-04-07 14:00:00+00:00,10:00,0.004542243201285601,up,0.0023469198495149612,0.0035287069622427225,0.0005007750587537885,0.00413197185844183,0.001489116228185594,0.0010337700368836522,-0.0008190119406208396,0.0005377865163609385,-0.001289418782107532,0.0003793843789026141,0.0006405939348042011,0.002397008705884218,0.003317228751257062,0.0023839857894927263,-0.0010305995820090175,-0.0004220540286041796,0.0036044882144778967,0.003229690482839942,0.0015718999784439802,0.0019096748437732458,0.0010771483648568392,-0.0011944303987547755,-0.0016303198644891381,0.00371188810095191,0.0024096891283988953,0.004542243201285601
ALGN,2,2026-04-07 14:00:00+00:00,10:00,0.004408656619489193,up,0.006118907127529383,0.007528157439082861,0.003822876140475273,0.0076901959255337715,0.0016256413655355573,0.0007734664250165224,-0.0003968891978729516,-0.00019830155360978097,-0.0024071410298347473,-0.0017436535563319921,0.0005646728095598519,0.0011976601090282202,2.9189814085839316e-05,0.0013575863558799028,0.00025455799186602235,-0.001499432954005897,0.0028260352555662394,0.00240903627127409,0.002611648291349411,0.0017773135332390666,0.0019401950994506478,6.680486694676802e-05,0.0024465485475957394,0.005224335007369518,0.0021876399405300617,0.004408656619489193
UAL,2,2026-04-07 14:00:00+00:00,10:00,0.004381416365504265,up,-0.0077505819499492645,-0.004376821685582399,-0.00670894980430603,-0.003938544075936079,-0.006873345468193293,-0.0056888447143137455,-0.016440823674201965,-0.012726970948278904,-0.0124769676476717,-0.013283824548125267,-0.009927423670887947,-0.010386965237557888,-0.008709368295967579,-0.006831708364188671,-0.007263729814440012,-0.009030238725244999,-0.005095456261187792,-0.007843433879315853,-0.00820770114660263,-0.007421875838190317,-0.003941187635064125,-0.0073767611756920815,-0.007207100745290518,-0.001015215297229588,-0.0027484605088829994,0.004381416365504265
STX,2,2026-04-07 14:00:00+00:00,10:00,0.0043762726709246635,up,-0.007939365692436695,-0.012899855151772499,-0.014381901361048222,-0.0059366365894675255,-0.011419584043323994,-0.01271858997642994,-0.014343352057039738,-0.003470134921371937,-0.007254517637193203,-0.00310363806784153,0.00029601508867926896,0.0028218317311257124,0.0020350601989775896,0.0009343635174445808,-0.002515969332307577,-0.002794687869027257,-0.003116094507277012,-0.004032708238810301,-0.002473754109814763,-0.002070137532427907,-0.005654424894601107,-0.011591373011469841,-0.011308246292173862,0.0015816926024854183,-0.0023450038861483335,0.0043762726709246635
HAS,2,2026-04-07 14:00:00+00:00,10:00,0.0042878021486103535,up,-0.0005214486154727638,0.0014900121605023742,0.0005015110364183784,0.002110720844939351,0.0010374370031058788,0.0007120377267710865,-0.004456678405404091,-0.001127898576669395,-0.001579795265570283,-0.0007008218090049922,-4.1709587094374e-05,0.0007284324383363128,0.0012129549868404865,0.0020873944740742445,0.003356591332703829,0.0024263975210487843,0.003929099068045616,0.003907519858330488,0.0025397418066859245,0.0026501519605517387,0.0027946599293500185,0.0016460767947137356,0.00021389618632383645,0.002991528483107686,0.0009531777468509972,0.0042878021486103535
USB,2,2026-04-07 14:00:00+00:00,10:00,0.004253643099218607,up,-3.820761776296422e-06,0.002515987493097782,0.0010782434837892652,0.0032450640574097633,0.0018708128482103348,0.003159214509651065,-0.0017644697800278664,-0.0006652134470641613,0.0005071086343377829,0.0005638534785248339,0.0020432136952877045,0.0012169030960649252,0.000729755440261215,0.0007503265514969826,0.002058575628325343,0.0007035750895738602,0.0036603000480681658,0.0033817063085734844,0.00405695429071784,0.003985615912824869,0.003618481568992138,0.004132891073822975,0.00301594496704638,0.006074500735849142,0.0032141332048922777,0.004253643099218607
FIX,2,2026-04-07 14:00:00+00:00,10:00,0.004251969512552023,up,0.003878870280459523,-0.0007787414360791445,-0.000225186871830374,0.002652041846886277,0.004062450956553221,0.0014051588950678706,0.00019582212553359568,0.002356695244088769,-0.00345604564063251,-0.0002826600393746048,0.0024570650421082973,0.004107342101633549,0.0026270421221852303,0.0009720494272187352,-0.0005446989671327174,-0.0020499257370829582,-0.0005455511854961514,-0.001547230058349669,-0.0002763852244243026,0.0007595245260745287,-0.0014251000247895718,-0.0025180517695844173,0.0003795211378019303,0.00705177616328001,0.0029937729705125093,0.004251969512552023
AXP,2,2026-04-07 14:00:00+00:00,10:00,0.004178015049546957,up,0.004994426853954792,0.004963673651218414,0.005145829636603594,0.006193909328430891,0.004663465078920126,0.003265185747295618,0.001423349604010582,0.0025908842217177153,0.0009810719639062881,0.0009292567265219986,0.0032217453699558973,0.003957298118621111,0.0030524609610438347,0.0034349726047366858,0.004061228595674038,0.001965048722922802,0.002827889285981655,0.002235541818663478,0.0019753987435251474,-0.00017210046644322574,0.0018358840607106686,-0.0018222798826172948,-0.002831443678587675,-0.0002699033939279616,-0.0012168638641014695,0.004178015049546957
AMAT,2,2026-04-07 14:00:00+00:00,10:00,0.004171153996139765,up,-0.009737296961247921,-0.01257159560918808,-0.017428485676646233,-0.011518462561070919,-0.013154102489352226,-0.014641902409493923,-0.018313495442271233,-0.012703895568847656,-0.013073137030005455,-0.012817876413464546,-0.0069868979044258595,-0.006271661724895239,-0.0055093914270401,-0.005566585808992386,-0.006343930494040251,-0.008328262716531754,-0.0057838852517306805,-0.006297790911048651,-0.00834912434220314,-0.007945822551846504,-0.007199173793196678,-0.011724327690899372,-0.006399908568710089,-0.002235793275758624,-0.003802550258114934,0.004171153996139765
AIG,2,2026-04-07 14:00:00+00:00,10:00,0.004102862440049648,up,0.002949207089841366,0.004490549210458994,0.003578626550734043,0.005912404973059893,0.008534515276551247,0.005621220916509628,0.0038538225926458836,0.004757850896567106,0.005255329888314009,0.004331724718213081,0.006404408719390631,0.007116689346730709,0.00643940269947052,0.006338891573250294,0.005081282928586006,0.0049642156809568405,0.0055629294365644455,0.006041493266820908,0.004838583525270224,0.005612987093627453,0.00538052199408412,0.003055143402889371,0.0034003148321062326,0.005421563051640987,0.003920070361346006,0.004102862440049648
PSA,2,2026-04-07 14:00:00+00:00,10:00,0.004055859055370092,up,0.004092253278940916,0.005994478706270456,0.006413496099412441,0.00651927012950182,0.008501963689923286,0.008167527616024017,0.006734784226864576,0.006590365897864103,0.006367591209709644,0.0036874059587717056,0.006428086198866367,0.007919447496533394,0.00884515792131424,0.007902618497610092,0.0064037758857011795,0.003749602008610964,0.00746316509321332,0.0060266912914812565,0.005051188636571169,0.005877147428691387,0.005240156315267086,0.003589639440178871,-5.972667713649571e-05,0.003361726878210902,0.0017330760601907969,0.004055859055370092
ADBE,2,2026-04-07 14:00:00+00:00,10:00,0.00403636647388339,up,0.002423645928502083,0.0054989526979625225,0.007966794073581696,0.009441816247999668,0.0091429203748703,0.0074937231838703156,0.005291393026709557,0.007013954222202301,0.002995619550347328,0.003936581313610077,0.0064271544106304646,0.0065959966741502285,0.0018802062841132283,0.0011108717881143093,0.004350577015429735,0.004271524492651224,0.002154767978936434,0.003383627627044916,0.002149023348465562,0.0005452742334455252,0.001341795432381332,0.0016046131495386362,0.0014594008680433035,0.0030882018618285656,0.0011915232753381133,0.00403636647388339
SBAC,2,2026-04-07 14:00:00+00:00,10:00,0.003935991320759058,up,0.0007161927642300725,0.00012287749268580228,-0.002386946463957429,0.0032755860593169928,-0.0031487264204770327,-0.005323268938809633,-0.008816182613372803,-0.006492753513157368,-0.011511463671922684,-0.012782424688339233,-0.011794299818575382,-0.011523479595780373,-0.014758216217160225,-0.014550559222698212,-0.016285758465528488,-0.012575834058225155,-0.011710015125572681,-0.01008967962116003,-0.006092155817896128,-0.006332968827337027,-0.0066347322426736355,-0.007746984250843525,-0.0054201530292630196,0.0009334103087894619,-0.00226387195289135,0.003935991320759058
HUBB,2,2026-04-07 14:00:00+00:00,10:00,0.0038871169090270996,up,-0.0018784018466249108,0.001971166580915451,-0.0004894325975328684,0.0016719844425097108,0.0031442479230463505,0.001693434314802289,-0.00011543394066393375,-0.00019361681188456714,-0.003914835397154093,-0.0027133577968925238,-0.001051406841725111,0.0006489049992524087,-0.00031494625727646053,-0.000750802515540272,0.00036067611654289067,-0.0008318143663927913,0.0016868921229615808,0.002932708477601409,0.0021708402782678604,0.00184179050847888,0.0007411240949295461,-0.0018711029551923275,-0.003168801311403513,6.976085569476709e-05,-0.00024382674018852413,0.0038871169090270996
GDDY,2,2026-04-07 14:00:00+00:00,10:00,0.0038362008053809404,up,2.292331373610068e-05,0.005496577825397253,-0.0007811490213498473,0.002977740252390504,-0.0023221587762236595,-0.0037618866190314293,-0.004388436675071716,-0.0017552812350913882,0.002241037553176284,0.00010183727135881782,0.00036311850999481976,0.0038150267209857702,0.005954834632575512,0.00783202052116394,0.0076090372167527676,0.005274585913866758,0.007026963867247105,0.0074873752892017365,0.0039213551208376884,0.0034488034434616566,0.0018654330633580685,0.0007209457689896226,0.0004997802898287773,0.005511628929525614,0.0018421343993395567,0.0038362008053809404
BKNG,2,2026-04-07 14:00:00+00:00,10:00,0.0038242244627326727,up,-0.007739080581814051,-0.008177568204700947,-0.011022231541574001,-0.008220995776355267,-0.010185671038925648,-0.010828698053956032,-0.012335537932813168,-0.010375323705375195,-0.012017670087516308,-0.01030413992702961,-0.007889959961175919,-0.005453574936836958,-0.004805892240256071,-0.005228389985859394,-0.005984165705740452,-0.007608729414641857,-0.004198338370770216,-0.003788951551541686,-0.0041654654778540134,-0.004666958004236221,-0.0051937466487288475,-0.00797704141587019,-0.007173496298491955,-0.0018846087623387575,-0.002343639964237809,0.0038242244627326727
MPWR,2,2026-04-07 14:00:00+00:00,10:00,0.003775833174586296,up,0.0018927451455965638,0.002561344997957349,-0.00029301931499503553,0.0038387153763324022,0.0025948062539100647,0.0010090090800076723,0.00038257939741015434,0.001355776796117425,-0.001963819609954953,0.0003167135873809457,0.002230895683169365,0.004119575954973698,0.0027752057649195194,0.0023223962634801865,0.0021839074324816465,0.0006971409893594682,0.0038197997491806746,0.0030765014234930277,0.003133835969492793,0.0029071748722344637,0.0017690877430140972,0.0005760974599979818,0.0009140706970356405,0.002743173623457551,0.001436050166375935,0.003775833174586296
DELL,2,2026-04-07 14:00:00+00:00,10:00,0.0037165931425988674,up,-0.00410891929641366,-0.0016882047057151794,-0.010389975272119045,-0.005495444405823946,-0.007091394625604153,-0.010318193584680557,-0.01443297415971756,-0.0066356901079416275,-0.008848958648741245,-0.005660363472998142,-0.000668094668071717,-0.000671721703838557,0.0008423863328061998,-0.00020002323435619473,0.0006969480309635401,-0.00028426916105672717,0.0014020742382854223,0.0025614071637392044,0.0004934172029606998,-0.0003694373299367726,-0.0025137453339993954,-0.005439566448330879,-0.003997668623924255,0.00017353345174342394,-0.0006408551707863808,0.0037165931425988674
GEHC,2,2026-04-07 14:00:00+00:00,10:00,0.0036858355160802603,up,-0.009447185322642326,-0.005475149489939213,-0.01054505817592144,-0.0091327466070652,-0.011922008357942104,-0.012868463061749935,-0.01830117031931877,-0.014237421564757824,-0.017154714092612267,-0.016453858464956284,-0.014575024135410786,-0.010046843439340591,-0.007340565323829651,-0.005081469658762217,-0.007227691356092691,-0.008317415602505207,-0.004317071754485369,-0.002949137706309557,-0.003606124548241496,-0.0039712791331112385,-0.00400004955008626,-0.005061730742454529,-0.005220028106123209,0.000324404303682968,-0.003473706776276231,0.0036858355160802603
ROST,2,2026-04-07 14:00:00+00:00,10:00,0.0036855025682598352,up,-0.0015521516324952245,0.0013188626617193222,-0.0036015775986015797,-0.0006083074840717018,-0.00331617658957839,-0.00529479281976819,-0.00913368072360754,-0.005195986479520798,-0.006714862305670977,-0.0036060845013707876,-8.678560698172078e-05,0.0006531348335556686,-0.0003504737396724522,0.00025803784956224263,-0.0010651410557329655,-0.002529645338654518,0.00028864305932074785,0.0014916050713509321,-0.0013341022422537208,-0.001774838543497026,-0.002861300017684698,-0.005493152420967817,-0.00560222240164876,-8.016123319976032e-05,-0.002314097946509719,0.0036855025682598352
ZBRA,2,2026-04-07 14:00:00+00:00,10:00,0.0035694476682692766,up,0.0006926550413481891,0.001667083241045475,-0.0007740967557765543,0.002692544599995017,0.0018750160234048963,-3.654904503491707e-05,-0.002223439048975706,-1.6037709428928792e-05,-0.0016991929151117802,-0.0006355845835059881,0.00020057876827195287,0.0006988488603383303,0.0007191453478299081,0.0012455328833311796,0.0013524790992960334,-0.00013217014202382416,0.0033415325451642275,0.0021910779178142548,0.0021255819592624903,0.0006078113219700754,0.0001487696572439745,-0.002407197607681155,-0.0031551255378872156,0.0009211489814333618,-8.573238301323727e-05,0.0035694476682692766
PEG,2,2026-04-07 14:00:00+00:00,10:00,0.00354776275344193,up,0.0004321291053202003,0.001945021329447627,0.0005379778449423611,0.0033644342329353094,0.004531570710241795,0.003466936992481351,0.00276025733910501,0.003058352740481496,0.004171487409621477,0.004229058977216482,0.0050188349559903145,0.005931959021836519,0.006374082062393427,0.006635820958763361,0.005574062000960112,0.0053995028138160706,0.00632278760895133,0.005488744005560875,0.005709868855774403,0.005678050685673952,0.006184904836118221,0.003941803704947233,0.003359179012477398,0.004495241213589907,0.0033051371574401855,0.00354776275344193
DG,2,2026-04-07 14:00:00+00:00,10:00,0.003524495055899024,up,-0.0037977055180817842,0.0015691686421632767,-0.005311759654432535,0.0001847613457357511,-0.003670942038297653,-0.0067369090393185616,-0.006493684370070696,-0.002937075449153781,-0.005475273355841637,-0.005714154802262783,-0.002872668905183673,-0.005478756967931986,-0.001907246420159936,-2.65740181930596e-05,-0.0019183881813660264,-0.002222407842054963,-0.0009157254826277494,-0.0001603835407877341,-0.0030019294936209917,-0.004392978735268116,-7.114192703738809e-05,-0.0006093305419199169,0.002803537994623184,0.0035103659611195326,0.002352898009121418,0.003524495055899024
ADI,2,2026-04-07 14:00:00+00:00,10:00,0.0035172796342521906,up,-0.0037968873511999846,-0.002078472636640072,-0.005054691806435585,-0.0008947610040195286,-0.00042649259557947516,-0.0027548507787287235,-0.004078616388142109,-0.0013462279457598925,-0.0037532879505306482,-0.0030200532637536526,0.00010412392293801531,0.000529144483152777,-0.00014573692169506103,0.0002536885440349579,0.0005804417887702584,-0.0015110932290554047,0.0003913085674867034,0.0006320368847809732,-0.00040565928793512285,-0.0007821460021659732,0.0006346997688524425,-0.002271307399496436,-0.003582266392186284,-0.00014852065942250192,-0.0014642304740846157,0.0035172796342521906
FCX,2,2026-04-07 14:00:00+00:00,10:00,0.0034906554501503706,up,-0.012394868768751621,-0.014251927845180035,-0.01375451311469078,-0.01247427612543106,-0.013089140877127647,-0.011660082265734673,-0.01520521566271782,-0.01036862377077341,-0.013819707557559013,-0.012742238119244576,-0.008064535446465015,-0.007233021315187216,-0.005957529880106449,-0.0042207809165120125,-0.0032342527993023396,-0.0043871100060641766,-0.0004776331188622862,-0.0030298305209726095,-0.003511472139507532,-0.005460381042212248,-0.00635624909773469,-0.007544177584350109,-0.009389970451593399,-0.002501780167222023,-0.006241585593670607,0.0034906554501503706
ADM,2,2026-04-07 14:00:00+00:00,10:00,0.0034491498954594135,up,0.0015097856521606445,0.004619933664798737,0.005070925690233707,0.0076493313536047935,0.010053248144686222,0.0059921699576079845,0.0035392404533922672,0.003336247755214572,0.005043513141572475,0.00361125310882926,0.004196953494101763,0.007071562111377716,0.006158547941595316,0.006680801045149565,0.00546184740960598,0.003949225880205631,0.004529508762061596,0.004601944237947464,0.0035450789146125317,0.0045899213291704655,0.0037055490538477898,0.002155325608327985,0.0017601725412532687,0.005067575257271528,0.0028101003263145685,0.0034491498954594135
RL,2,2026-04-07 14:00:00+00:00,10:00,0.0034173382446169853,up,0.0005537293618544936,-0.0004129666485823691,-0.0006729402812197804,0.0036491663195192814,0.0011943010613322258,0.0008693448035046458,-0.004933390766382217,-0.004669638816267252,-0.007931926287710667,-0.00879794079810381,-0.0055016810074448586,-0.00450307410210371,-0.007431612350046635,-0.006940627936273813,-0.006761854514479637,-0.008929016068577766,-0.0049401153810322285,-0.004109738860279322,-0.008473943918943405,-0.006598574575036764,-0.0028156074695289135,-0.00550172058865428,-0.004441284574568272,0.00033881806302815676,-0.0017753691645339131,0.0034173382446169853
VLO,2,2026-04-07 14:00:00+00:00,10:00,0.003371346276253462,up,-0.005419672932475805,-0.005285885650664568,-0.012864218093454838,-0.006927910726517439,-0.009466790594160557,-0.010814675129950047,-0.010548708029091358,-0.005187732633203268,-0.004548863507807255,0.0005612756358459592,0.008351308293640614,0.006108679808676243,0.00105086260009557,0.0038683745078742504,0.0027825881261378527,0.004564292728900909,0.0036650188267230988,0.005074252374470234,0.004887963645160198,0.004831074737012386,0.0034602531231939793,0.0006050830706954002,-0.0024869469925761223,0.002947144443169236,0.002084766747429967,0.003371346276253462
DVN,2,2026-04-07 14:00:00+00:00,10:00,0.00331031228415668,up,-0.001804302679374814,-0.0005179513245820999,0.001715496531687677,0.001459605759009719,0.0010031157871708274,0.0008161882287822664,-0.0014468824956566095,-0.002299061045050621,-0.0020817015320062637,-0.0037037371657788754,-0.0017781161004677415,-0.0020936871878802776,-0.0034458364825695753,-0.002280118875205517,-0.0005808750283904374,-0.0012569221435114741,-0.001749003422446549,0.0005978178232908249,8.886147406883538e-05,-0.0006610651616938412,0.0003368695906829089,-0.0013066758401691914,-0.0014064144343137741,0.0032154761720448732,0.0027125373017042875,0.00331031228415668
CSX,2,2026-04-07 14:00:00+00:00,10:00,0.0032938229851424694,up,0.0003874276590067893,0.003965009469538927,0.0029648190829902887,0.0024178773164749146,0.0043436214327812195,0.003708381438627839,0.0020497392397373915,0.0007702898583374918,0.0004721125587821007,-0.0003137740714009851,0.0011960716219618917,-0.00036126322811469436,-0.001273563364520669,-0.0015404720325022936,0.0023228030186146498,0.0023487915750592947,0.0004165154823567718,0.001048475387506187,0.001601837808266282,0.0016838369192555547,0.002452669432386756,0.0028632599860429764,0.0009582078782841563,0.004390156362205744,0.004792829509824514,0.0032938229851424694
ABNB,2,2026-04-07 14:00:00+00:00,10:00,0.0031602205708622932,up,-0.002370285103097558,0.0008936836966313422,-0.0034172628074884415,1.9675027942867018e-05,-0.0021136736031621695,-0.005455964244902134,-0.007822023704648018,-0.002982992911711335,-0.003584042191505432,-0.0032918560318648815,-0.0001773670082911849,0.0009645633981563151,0.003995148930698633,0.005328387022018433,0.003729279851540923,0.0032253917306661606,0.006567704025655985,0.004883972927927971,0.003411300713196397,0.00403463002294302,0.0029903424438089132,0.0018364308634772897,0.0023728017695248127,0.005475083366036415,0.0024342662654817104,0.0031602205708622932
NSC,2,2026-04-07 14:00:00+00:00,10:00,0.00311990431509912,up,0.0014277250738814473,0.003359814640134573,0.004780042450875044,0.006519990041851997,0.009098274633288383,0.00762402918189764,0.006189893465489149,0.004659908823668957,0.003977490123361349,0.0025209004525095224,0.006470812484622002,0.006031934637576342,0.005913642700761557,0.005836008116602898,0.00440314831212163,0.004011240787804127,0.006243412382900715,0.005826107691973448,0.004331531934440136,0.00519832968711853,0.004143903963267803,0.0016190320020541549,5.8788369642570615e-05,0.0033912123180925846,0.0015985220670700073,0.00311990431509912
WTW,2,2026-04-07 14:00:00+00:00,10:00,0.0030979630537331104,up,0.0044590081088244915,0.008112129755318165,0.01024186797440052,0.008089529350399971,0.009207438677549362,0.007370033301413059,0.0054625291377305984,0.0065021812915802,0.006255596876144409,0.002980337245389819,0.006507718004286289,0.006851670332252979,0.006666847039014101,0.0064631314016878605,0.004485373385250568,0.003913101274520159,0.006198984105139971,0.005190606694668531,0.004630898125469685,0.005623014643788338,0.005112158600240946,0.0022724345326423645,-5.064150900579989e-05,0.0028403529431670904,0.0011871113674715161,0.0030979630537331104
NUE,2,2026-04-07 14:00:00+00:00,10:00,0.003078192239627242,up,-0.005706937052309513,-0.004162605386227369,-0.009240232408046722,-0.004651293158531189,-0.005308771971613169,-0.008400739170610905,-0.01110944151878357,-0.007356402929872274,-0.00717475451529026,-0.005390700418502092,-0.00039433728670701385,-0.0002978618140332401,0.0008694945136085153,0.0008150965441018343,0.0005737071041949093,-0.0023843988310545683,-0.0005702214548364282,0.0006799217080697417,-0.0020156411919742823,-0.00016692034841980785,-0.0023579737171530724,-0.004390789661556482,-0.002697340212762356,0.0007745508919470012,-0.000977043528109789,0.003078192239627242
CRM,2,2026-04-07 14:00:00+00:00,10:00,0.003014975693076849,up,0.0026197677943855524,0.0047141509130597115,3.9597398426849395e-05,0.0031894973944872618,-0.0017059971578419209,-0.0024154193233698606,-0.006512963678687811,-0.001560294651426375,0.0008139953133650124,0.0025809293147176504,0.004292333032935858,0.005417542532086372,0.00373965036123991,0.0021790764294564724,-0.0005078514805063605,0.00047067704144865274,0.007420779671519995,0.004612849559634924,0.003224541898816824,0.0038472567684948444,0.002426737453788519,-0.0022258376702666283,0.0014529157197102904,0.001221921294927597,0.00028281164122745395,0.003014975693076849
SNA,2,2026-04-07 14:00:00+00:00,10:00,0.0029840462375432253,up,0.0012663808884099126,0.002950434572994709,0.0016397223807871342,0.003571793669834733,0.004932020790874958,0.0031756884418427944,0.0018444209126755595,0.0012392119970172644,0.0014211975503712893,0.0023247837089002132,0.003161495318636298,0.004145181737840176,0.0037746054586023092,0.003703018883243203,0.0020627256017178297,0.0018924388568848372,0.0031596266198903322,0.0032818785402923822,0.00043979924521408975,-0.0005527220200747252,0.0017428288701921701,-0.0006226248806342483,-0.0010874457657337189,0.002259393222630024,0.0010951156727969646,0.0029840462375432253
TXN,2,2026-04-07 14:00:00+00:00,10:00,0.002970254747197032,up,-0.0034481275361031294,-0.0013335953699424863,-0.003028790932148695,-0.0017573237419128418,-0.0014736346201971173,-0.0029340130276978016,-0.0035903388634324074,-0.0027153748087584972,-0.004125535488128662,-0.0032901514787226915,-0.001506706583313644,-0.001519748824648559,-0.0013978647766634822,-0.0022048496175557375,-0.0023520980030298233,-0.0020683060865849257,-0.001558711752295494,0.00024945163750089705,-0.0021384276915341616,-0.0017762259813025594,-0.0034191233571618795,-0.0044728838838636875,-0.003561859717592597,-0.0016047757817432284,-0.0018906103214249015,0.002970254747197032
IT,2,2026-04-07 14:00:00+00:00,10:00,0.0029510329477488995,up,0.0009716826607473195,0.004509969148784876,-0.002525955904275179,-0.0005118743283674121,6.569462129846215e-07,-0.001953923376277089,-0.005155383143573999,-0.002196790184825659,-0.0011233091354370117,-0.0033657997846603394,-0.0005269252578727901,1.7568125258549117e-05,-1.0489065971341915e-06,-0.0021380099933594465,-0.0033897305838763714,-0.0042756060138344765,-0.003457441460341215,-0.0014486330328509212,-0.0026798858307302,-0.002189441816881299,-0.0017134359804913402,-0.00039809185545891523,-0.0029322258196771145,-0.00023420107027050108,-0.0029309645760804415,0.0029510329477488995
AKAM,2,2026-04-07 14:00:00+00:00,10:00,0.002915570279583335,up,-0.0009605110972188413,-0.0008460779790766537,-0.0013378598960116506,0.0035063442774116993,0.0012957006692886353,-0.001402207650244236,-0.004429690074175596,-0.0021141853649169207,-0.003752615535631776,-0.0032537151128053665,-0.0006573674036189914,0.0013644085265696049,0.001626394921913743,0.002828010357916355,0.0030181524343788624,0.0020638720598071814,0.004036501049995422,0.002007152419537306,0.0013284668093547225,0.0009259508224204183,0.001031909603625536,-0.001871222979389131,-0.0008852370665408671,0.002320109633728862,0.002700921380892396,0.002915570279583335
TRGP,2,2026-04-07 14:00:00+00:00,10:00,0.002888689050450921,up,-0.003045466961339116,-0.0031032024417072535,-0.006950073409825563,-0.003066113218665123,-0.0032074404880404472,-0.005788466893136501,-0.0068385424092411995,-0.001093382015824318,-0.002592559438198805,0.000454863125924021,0.008272400125861168,0.008408859372138977,0.0077335406094789505,0.008477245457470417,0.006357982289046049,0.006052237469702959,0.007948452606797218,0.007376709021627903,0.003504009684547782,0.0055245766416192055,0.004374134819954634,0.0035160682164132595,0.002367954468354583,0.004590669646859169,0.002861583139747381,0.002888689050450921
DPZ,2,2026-04-07 14:00:00+00:00,10:00,0.002852176083251834,up,0.0009960966417565942,0.0018845237791538239,0.00010047929390566424,0.003558342345058918,0.0010259926784783602,-0.0011564844753593206,-0.0026465088594704866,-0.0018186611123383045,-0.0037755127996206284,-0.002550150267779827,-7.660567644052207e-05,0.0016078995540738106,0.0012781088007614017,0.001512293703854084,0.0009877545526251197,-0.00016798633441794664,0.0019819438457489014,0.0014972627395763993,-0.0018215029267594218,-0.0018355215433984995,0.0006906186463311315,-0.0031756279058754444,-0.002684603212401271,-0.000639553414657712,-0.00133851682767272,0.002852176083251834
COST,2,2026-04-07 14:00:00+00:00,10:00,0.002841200912371278,up,-0.00284381490200758,-0.0032764242496341467,-0.0035002054646611214,-0.000646206724923104,0.0020407564006745815,-0.0008551885257475078,-0.0006373059586621821,-0.0018816544907167554,-0.003282801015302539,-0.003299485892057419,3.957696753786877e-05,0.00011799261119449511,-0.000304808490909636,-0.0004071019357070327,-0.0008251453400589526,-0.0018434766680002213,-0.0007661665440537035,-0.0003921844472642988,-0.000222893082536757,-0.0008090152987278998,-0.0010993639007210732,-0.0031600031070411205,-0.0035680923610925674,0.0008772161090746522,0.0004575971106532961,0.002841200912371278
CME,2,2026-04-07 14:00:00+00:00,10:00,0.002690192312002182,up,-0.0005478152888827026,0.0003583586949389428,0.0002611797535791993,0.0019297243561595678,0.0043565016239881516,0.0025060076732188463,0.0008096296223811805,0.001329698832705617,0.00023994245566427708,-0.0025451553519815207,0.0008100285776890814,0.002257762011140585,0.0042731580324471,0.005080831702798605,0.005461751949042082,0.0019642310217022896,0.0038511415477842093,0.0039481814019382,0.0010462903883308172,0.0009940307354554534,0.0003043095930479467,-0.0012702307431027293,-0.0018938491120934486,0.0020429606083780527,0.001515340292826295,0.002690192312002182
REGN,2,2026-04-07 14:00:00+00:00,10:00,0.002651943825185299,up,-0.0012290638405829668,0.0003964605857618153,-0.000189202866749838,0.0032539714593440294,0.003286557039245963,0.0010318465065211058,-0.0004692955990321934,-0.00223063793964684,-0.004546166863292456,-0.0041503929533064365,-0.0014006723649799824,0.0001974295446416363,-0.001184812281280756,-0.0016537308692932129,-0.0005592970992438495,-0.002574027981609106,-1.8118556909030303e-05,0.0010398351587355137,0.00036212601116858423,-0.0005679893656633794,-0.00116553099360317,-0.0034205892588943243,-0.003861981676891446,-0.001442751381546259,-0.001857971423305571,0.002651943825185299
UNP,2,2026-04-07 14:00:00+00:00,10:00,0.0026379802729934454,up,-0.002038576640188694,0.0004330023948568851,0.0009047219646163285,0.0023578712716698647,0.004725070670247078,0.0021148761734366417,0.0007380384486168623,0.00019359256839379668,0.00016777492419350892,-0.0007434507133439183,0.0018898691050708294,0.0021876643877476454,0.0014127969043329358,0.0017944417195394635,0.002895961981266737,0.002093977527692914,0.0030883774161338806,0.0035817830357700586,0.0025037797167897224,0.0035294843837618828,0.0021409259643405676,0.0015659835189580917,-0.0007043371442705393,0.0010906608076766133,0.0005283795762807131,0.0026379802729934454
GLW,2,2026-04-07 14:00:00+00:00,10:00,0.0025872373953461647,up,-0.0018119801534339786,-0.008533882908523083,-0.01226960588246584,-0.007218983024358749,-0.007936500012874603,-0.006345363333821297,-0.010007689706981182,-0.002599752973765135,-0.004211114719510078,0.00012288680591154844,0.0033129462972283363,0.003084346652030945,0.002156633883714676,0.004079101141542196,0.006269480101764202,0.002049356233328581,0.003377490909770131,0.0005076670204289258,0.0003858472628053278,-0.00211940030567348,-0.006539295427501202,-0.01001619640737772,-0.007795611396431923,-0.0012919710716232657,-0.002174496417865157,0.0025872373953461647
TRV,2,2026-04-07 14:00:00+00:00,10:00,0.0025124542880803347,up,0.0015202637296169996,0.0023695530835539103,0.0021300804801285267,0.003863444086164236,0.004395651631057262,0.00287113175727427,0.001576454029418528,0.0020480917301028967,0.0019216242944821715,0.001502965111285448,0.00379628362134099,0.003726368770003319,0.0033339327201247215,0.0034832977689802647,0.002077360637485981,0.0017050078604370356,0.003969346638768911,0.003301457967609167,0.001505212509073317,0.001885235426016152,0.0017666579224169254,-0.0005529153277166188,-0.0011996172834187746,0.0031043027993291616,0.0007241193670779467,0.0025124542880803347
HII,2,2026-04-07 14:00:00+00:00,10:00,0.002503362251445651,up,-0.0027440397534519434,0.0015117464354261756,-0.0006615215097554028,0.002311766380444169,0.0026235964614897966,0.0005955610540695488,-0.001470297109335661,-0.0011799981584772468,-0.0028268955647945404,-0.002308659255504608,-0.0004804588679689914,0.0014279192546382546,0.0015243878588080406,0.0018731734016910195,-0.0005382998497225344,-0.00010964193643303588,0.0018362023402005434,0.0013759270077571273,-0.0013851773692294955,-0.001088057877495885,-0.002866907976567745,-0.0026704883202910423,0.00032140061375685036,0.004094275645911694,0.003110685385763645,0.002503362251445651
FISV,2,2026-04-07 14:00:00+00:00,10:00,0.0024544415064156055,up,-0.005305750295519829,-0.0013276772806420922,-0.0029551745392382145,-0.000418012379668653,-0.0030928782653063536,-0.0041801766492426395,-0.008106916211545467,-0.004743828903883696,-0.006501596421003342,-0.005750633776187897,-0.002610423369333148,-0.0009596875752322376,0.00022239443205762655,0.0028367582708597183,0.0007156826322898269,-0.0010195866925641894,0.0024761862587183714,-0.0006288323784247041,0.0008881145040504634,0.00010474341979715973,-0.0003719155502039939,-0.0030125731136649847,-0.0022358105052262545,0.002733711851760745,-0.0016476116143167019,0.0024544415064156055
SWKS,2,2026-04-07 14:00:00+00:00,10:00,0.0024203869979828596,up,-0.007134079001843929,-0.002628352027386427,-0.005683757830411196,-0.003297892864793539,-0.0025903177447617054,-0.0040804557502269745,-0.005400164518505335,-0.004845534451305866,-0.00755371805280447,-0.007687878329306841,-0.0076097953133285046,-0.0054933493956923485,-0.004898919258266687,-0.002216915600001812,-0.001555783674120903,-0.0032346798107028008,-0.0020847462583333254,-0.0044912234880030155,-0.004669979214668274,-0.0045005446299910545,-0.004982492420822382,-0.006275158375501633,-0.008841419592499733,-0.0021148270461708307,-0.004793100990355015,0.0024203869979828596
VST,2,2026-04-07 14:00:00+00:00,10:00,0.002376766875386238,up,-0.0033994156401604414,-0.0013682846911251545,-0.005631416570395231,-0.0026185798924416304,-0.003943328280001879,-0.004647985100746155,-0.00628242501989007,-0.003229613183066249,-0.002776299836114049,-0.0031228531152009964,-0.0009003090090118349,0.00019865539798047394,0.00020806521933991462,-0.0006938622682355344,-0.00023402669467031956,-0.0005645475466735661,0.001973533071577549,0.0026022142264992,0.00015937103307805955,-7.661225026822649e-06,-0.0007230181945487857,-0.0014240925665944815,-0.00032591470517218113,0.0039654383435845375,0.002521537011489272,0.002376766875386238
DECK,2,2026-04-07 14:00:00+00:00,10:00,0.002332746982574463,up,0.0010443400824442506,0.003946526907384396,-0.0014846683479845524,0.001830552937462926,-0.0004406638036016375,-0.0013617787044495344,-0.005662945564836264,-0.003198241116479039,-0.0064242188818752766,-0.005171585828065872,-0.0021554934792220592,-0.0010096634505316615,0.0011386581463739276,0.002363616833463311,5.090403647045605e-06,-6.144682265585288e-05,0.002123744459822774,0.0004573388723656535,-0.0008281348855234683,-0.0009888309286907315,-0.0006104360800236464,-0.0024304271209985018,-0.002166618127375841,0.0036647769156843424,-0.00035527138970792294,0.002332746982574463
XEL,2,2026-04-07 14:00:00+00:00,10:00,0.0023070205934345722,up,-0.0009959385497495532,0.0002928420144598931,-0.00109209178481251,0.0025519828777760267,0.00313200568780303,0.001529885339550674,0.0006095108110457659,0.0016710571944713593,0.0036962954327464104,0.0031035433057695627,0.004043776076287031,0.005088261794298887,0.00482326652854681,0.005556577816605568,0.005546124652028084,0.004236131440848112,0.0050786458887159824,0.004625811707228422,0.003409789642319083,0.0036516194231808186,0.003906254190951586,0.0022901783231645823,0.0015374893555417657,0.0027108187787234783,0.0012974017299711704,0.0023070205934345722
CBOE,2,2026-04-07 14:00:00+00:00,10:00,0.0022944652009755373,up,0.003613898064941168,0.0034280826803296804,0.003509112633764744,0.004638503771275282,0.005473258439451456,0.004561676178127527,0.00420565577223897,0.005834193900227547,0.003664991119876504,0.004623462911695242,0.0072655752301216125,0.00867682695388794,0.006844729650765657,0.007518518716096878,0.004993504378944635,0.0032602434512227774,0.005298477131873369,0.0039322758093476295,0.0036959287244826555,0.0036309880670160055,0.0033066044561564922,0.002097585005685687,0.0021461036521941423,0.0047242059372365475,0.0017000039806589484,0.0022944652009755373
VMC,2,2026-04-07 14:00:00+00:00,10:00,0.0022159693762660027,up,-0.00177749281283468,-0.001791301416233182,-0.003438585205003619,-0.001184485969133675,-0.001560123055242002,-0.005946596618741751,-0.010854973457753658,-0.005281645338982344,-0.007485711947083473,-0.008380739949643612,-0.00400308845564723,-0.003697373205795884,-0.0022369553335011005,-0.002913603326305747,-0.006093281786888838,-0.0049344440922141075,-0.002885711845010519,-0.003174461890012026,-0.0030921504367142916,-0.00587144261226058,-0.005963822826743126,-0.009565143845975399,-0.0069106752052903175,-0.0029493363108485937,-0.0027775736525654793,0.0022159693762660027
NDSN,2,2026-04-07 14:00:00+00:00,10:00,0.002188728656619787,up,0.001531019457615912,0.004206393845379353,0.004835148341953754,0.005665207747370005,0.008494115434587002,0.005426413379609585,0.003137080930173397,0.003704546019434929,0.0015926879132166505,0.0023377330508083105,0.0032942560501396656,0.005063165910542011,0.0036299158819019794,0.0040068672969937325,0.0036674889270216227,0.0025437618605792522,0.004084541462361813,0.004106888081878424,0.0035683629103004932,0.0021354618947952986,0.001646487507969141,-6.607144314330071e-05,-0.0008850806043483317,0.002607739297673106,0.0007255986565724015,0.002188728656619787
CMI,2,2026-04-07 14:00:00+00:00,10:00,0.0021317696664482355,up,0.0008479304960928857,0.001784782623872161,-0.00017991021741181612,0.0027071849908679724,0.0030579837039113045,0.0005989273777231574,-0.0006881666486151516,-0.00011154746607644483,-0.003278929041698575,-0.0018048427300527692,0.00047532611642964184,0.0014303760835900903,0.0006584569928236306,0.0011368616251274943,0.001632961560972035,-0.00027208609390072525,0.0022562702652066946,0.0023055849596858025,0.0016015060245990753,0.00036462253774516284,-0.0010423397179692984,-0.003041892545297742,-0.003988048993051052,-0.0006871233927085996,-0.001974367303773761,0.0021317696664482355
CIEN,2,2026-04-07 14:00:00+00:00,10:00,0.0021098789293318987,up,-0.011104835197329521,-0.01852515898644924,-0.017176970839500427,-0.006934666074812412,-0.00841226801276207,-0.00986864697188139,-0.011423340998589993,-0.013044416904449463,-0.010938238352537155,-0.010164642706513405,-0.005632349289953709,-0.003415272571146488,-0.00027891783975064754,-0.001274080015718937,-0.0033324973192065954,-0.008064006455242634,-0.004228742327541113,-0.0066378070041537285,-0.011651854030787945,-0.01074833981692791,-0.004130727611482143,-0.003129068296402693,-0.0029737225268036127,0.0043573263101279736,0.0020910671446472406,0.0021098789293318987
EXC,2,2026-04-07 14:00:00+00:00,10:00,0.002105015330016613,up,-0.00285049038939178,0.0021882313303649426,0.0010946390684694052,0.0019498043693602085,0.002833738224580884,0.0030533112585544586,0.00046209918218664825,0.0008140227291733027,0.0024774083867669106,0.0021370803005993366,0.0031492700800299644,0.00280045997351408,0.0013277032412588596,0.002009723801165819,0.002229829551652074,0.0010002900380641222,0.0033631916157901287,0.0030771326273679733,0.0028879062738269567,0.0028474421706050634,0.002670826157554984,0.001727504190057516,0.0015109453815966845,0.003526060376316309,0.0029162834398448467,0.002105015330016613
JBL,2,2026-04-07 14:00:00+00:00,10:00,0.0021000755950808525,up,0.001419279957190156,0.0011754122097045183,-0.0005387752316892147,0.0025560413487255573,0.0034100303892046213,0.00011626761261140928,-0.0022469714749604464,-0.0008536550449207425,-0.002476445399224758,-0.0005058542010374367,0.0025825060438364744,0.0037491407711058855,0.0003718418884091079,-0.0003962926857639104,-0.001256544142961502,-0.0019058046163991094,-0.0006079726736061275,-7.355461275437847e-05,0.0005082575371488929,0.0013052336871623993,-0.0003703038382809609,-0.0021297167986631393,-0.00250405166298151,0.0023319742176681757,-0.002190288621932268,0.0021000755950808525
RMD,2,2026-04-07 14:00:00+00:00,10:00,0.0020915742497891188,up,-0.0010889597469940782,0.0008639509323984385,-0.00013769441284239292,0.002518731402233243,0.0022235794458538294,-0.000499661429785192,-0.0016706635942682624,-0.0009299337398260832,-0.0009424702730029821,-0.0011501765111461282,0.0010924437083303928,0.002219547750428319,0.0014555439120158553,0.0018860725685954094,0.0012722591636702418,0.0009011851507239044,0.002427139785140753,0.001563232741318643,0.0019512652652338147,0.0017640633741393685,0.0007091988809406757,-0.0012077074497938156,-0.0014531750930473208,0.0020312436390668154,0.0012221673969179392,0.0020915742497891188
XOM,2,2026-04-07 14:00:00+00:00,10:00,0.002042329404503107,up,-0.006736840587109327,-0.008188426494598389,-0.008935226127505302,-0.004758959636092186,-0.006511338520795107,-0.00813339278101921,-0.008520805276930332,-0.007916533388197422,-0.009707706980407238,-0.008570163510739803,-0.005943543743342161,-0.007537968456745148,-0.009281042963266373,-0.008825637400150299,-0.006739692762494087,-0.009175878018140793,-0.00838157907128334,-0.0075385854579508305,-0.007689709309488535,-0.008552949875593185,-0.008206300437450409,-0.01066389586776495,-0.007427120581269264,-0.0012285889824852347,0.00037361541762948036,0.002042329404503107
REG,2,2026-04-07 14:00:00+00:00,10:00,0.00203939457423985,up,-0.0008917080704122782,0.0017196072731167078,0.0008947057649493217,0.0035799769684672356,0.004706988111138344,0.0028689412865787745,0.0010649559553712606,0.0009318931261077523,0.002641335129737854,0.0015446881297975779,0.0038713719695806503,0.004061129875481129,0.003971931990236044,0.0036643773782998323,0.003407023148611188,0.0029322360642254353,0.0039350055158138275,0.003579287091270089,0.0037404983304440975,0.003782738698646426,0.002934536896646023,0.0015647708205506206,0.000630452239420265,0.0025247849989682436,0.000677668082062155,0.00203939457423985
WFC,2,2026-04-07 14:00:00+00:00,10:00,0.002021162072196603,up,-0.00229666824452579,-0.00029252422973513603,-0.002380428370088339,0.0012610768899321556,0.002573323203250766,0.0017307682428508997,-0.00104751274921,-0.0001608781167306006,-0.0003412181104067713,-0.0009929892839863896,0.0011970698833465576,0.0013259792467579246,0.00115044298581779,0.002116689458489418,0.0029484042897820473,0.0020571197383105755,0.0021632954012602568,0.000552125449758023,0.0010635703802108765,0.0016018352471292019,0.00043432231177575886,-0.00040561865898780525,-0.0010717054829001427,0.0022157197818160057,0.0002576512051746249,0.002021162072196603
NKE,2,2026-04-07 14:00:00+00:00,10:00,0.0020209753420203924,up,-0.0038149941246956587,0.00645730784162879,0.0033040172420442104,0.003815530799329281,0.0009362281416542828,0.0036723781377077103,-0.00639004772529006,-0.0034556803293526173,-0.0008447201107628644,-0.006772538181394339,-0.0055330791510641575,-0.008096350356936455,-0.006619439925998449,-0.0046358187682926655,-0.003210080787539482,-0.002170523162931204,-0.007262557744979858,-0.0025237598456442356,-0.003952176310122013,-0.005244365427643061,-0.003681691363453865,-0.004035650286823511,-0.0024623977951705456,0.003290599212050438,0.0018171333940699697,0.0020209753420203924
DOC,2,2026-04-07 14:00:00+00:00,10:00,0.002013901947066188,up,0.007036198861896992,0.008892075158655643,0.003927057143300772,0.0038442343939095736,0.001415447099134326,-0.0010285754688084126,-0.001963910646736622,0.0004899711348116398,0.00016393499390687793,0.004537144210189581,0.010963347740471363,0.008921299129724503,0.010096116922795773,0.010293013416230679,0.007785681635141373,0.008157705888152122,0.01123698242008686,0.011745012365281582,0.01005780603736639,0.010752552188932896,0.007011581677943468,0.0068405866622924805,0.0020909213926643133,0.008432491682469845,0.001189722795970738,0.002013901947066188
IR,2,2026-04-07 14:00:00+00:00,10:00,0.0019336665282025933,up,-0.0004933298914693296,0.002389062661677599,0.0002664966741576791,0.001308445818722248,0.0008950706105679274,-0.002452066633850336,-0.005726190749555826,-0.003268119879066944,-0.003327838145196438,-0.00256716669537127,-0.0014326547970995307,-0.00021893135271966457,-0.00012393704673741013,0.0008870781748555601,0.00125853659119457,-6.860717257950455e-05,0.003256987314671278,0.0013038897886872292,0.0017931389156728983,0.0017318198224529624,-0.000339571270160377,-0.0025600609369575977,-0.00392196886241436,3.2023479434428737e-05,-0.002174611669033766,0.0019336665282025933
DHI,2,2026-04-07 14:00:00+00:00,10:00,0.0018154296558350325,up,0.0018060822039842606,0.003215790493413806,-0.0014615682885050774,0.0008149839122779667,-0.0002117032854584977,-0.002700397977605462,-0.008570823818445206,-0.004085427150130272,-0.005378125701099634,-0.0043681953102350235,-0.0013757501728832722,0.0003015624824911356,0.0025408805813640356,0.003016755450516939,0.001310507650487125,0.0014874961925670505,0.00539329182356596,0.002842242131009698,0.002908961847424507,0.0022729632910341024,0.0020850447472184896,0.0011187343625351787,0.0019182806136086583,0.005515774711966515,0.0005263369530439377,0.0018154296558350325
XYZ,2,2026-04-07 14:00:00+00:00,10:00,0.0017740493640303612,up,-0.005534064490348101,-0.002772522158920765,-0.005743397865444422,-0.0012051151134073734,-0.004383029416203499,-0.006205026060342789,-0.010934531688690186,-0.006190297193825245,-0.009040999226272106,-0.007765132933855057,-0.005637267604470253,-0.004261572379618883,-0.0032406686805188656,-0.00045416629291139543,-0.001900619245134294,-0.003703586757183075,-0.0017700009047985077,-0.004326384048908949,-0.004553908482193947,-0.003752444637939334,-0.002594694495201111,-0.00622071698307991,-0.006116344127804041,-7.663927681278437e-05,-0.002651541493833065,0.0017740493640303612
TEL,2,2026-04-07 14:00:00+00:00,10:00,0.0017693756381049752,up,-0.0024636476300656796,-0.0010674720397219062,-0.0019207554869353771,0.0012148891109973192,0.0025955159217119217,0.0006097030709497631,-0.0013064428931102157,-0.0007328868960030377,-0.0031681142281740904,-0.0021347631700336933,-0.00013958729687146842,-0.0008677752339281142,-0.0005616050329990685,0.000428446481237188,0.0008893177146092057,0.0002245077776024118,0.0015323128318414092,0.0009027264313772321,-7.439961336785927e-05,-0.0009627723484300077,-0.000529162585735321,-0.0028283412102609873,-0.0027581288013607264,-4.867796815233305e-05,0.0006222802330739796,0.0017693756381049752
FTNT,2,2026-04-07 14:00:00+00:00,10:00,0.001763979671522975,up,-0.003832724178209901,-0.0017779528861865401,-0.004594067577272654,0.0005019042873755097,-0.0007696691318415105,-0.0024600557517260313,-0.003363759256899357,-0.0015468301717191935,-0.0021429243497550488,-0.0006505573401227593,-0.00045263447100296617,0.002578106475993991,0.0036102591548115015,0.0038592552300542593,0.0035563046112656593,0.002870664233341813,0.0026476988568902016,0.0017685177735984325,0.002014466095715761,0.0014869308797642589,0.002766835503280163,0.0007633664645254612,0.0018386300653219223,0.003612832399085164,0.0007508897688239813,0.001763979671522975
IBM,2,2026-04-07 14:00:00+00:00,10:00,0.0017544921720400453,up,-0.0045459032990038395,-0.000503110873978585,-0.002062414074316621,-0.0002786962140817195,0.00025051276315934956,-0.0015541956527158618,-0.003697729669511318,-0.002441596705466509,-0.00344230979681015,-0.003490084782242775,-0.0006188380648382008,0.0004863867361564189,-0.0009781132685020566,-0.0010999811347573996,-0.0005563425947912037,-0.0012325952993705869,-0.0003058924339711666,0.0010467737447470427,0.00020908907754346728,0.0009079799638129771,0.0004041923093609512,-0.0012064463226124644,-0.00196804734878242,-0.000139962590765208,-0.0002894149220082909,0.0017544921720400453
HWM,2,2026-04-07 14:00:00+00:00,10:00,0.0017455082852393389,up,-0.0026172641664743423,0.0005394548061303794,-0.0015796294901520014,0.0011660244781523943,0.0017459482187405229,-0.000990412663668394,-0.0031584063544869423,-0.0005069976905360818,-0.0023133070208132267,-0.001705011585727334,0.0008270756807178259,0.0010823521297425032,0.00020629286882467568,0.0009746727300807834,0.00023137936659622937,-8.309398253913969e-06,0.0005687337834388018,0.0013623894192278385,0.0007545077241957188,0.0007274319068528712,-0.00048337041516788304,-0.0017562411958351731,-0.0025129737332463264,-0.0001656855019973591,-0.0010692838113754988,0.0017455082852393389
JBHT,2,2026-04-07 14:00:00+00:00,10:00,0.0017231606179848313,up,-0.0005898966919630766,0.00152966205496341,0.00030887286993674934,0.003071711165830493,0.002303373534232378,0.0005889416788704693,-0.0017241225577890873,-0.00035587334423325956,-0.0017054782947525382,-0.0011850569862872362,0.0008792083244770765,0.0009442225564271212,0.0009845071472227573,0.0013618250377476215,0.001057453453540802,0.0005400526570156217,0.003003534860908985,0.001926581491716206,0.001559202210046351,0.0004960067453794181,0.0002248898963443935,-0.0018225997919216752,-0.0022428289521485567,0.0021638486068695784,-0.00011230412201257423,0.0017231606179848313
EQIX,2,2026-04-07 14:00:00+00:00,10:00,0.0017201898153871298,up,0.0038118879310786724,0.003545630956068635,0.004170283675193787,0.00506422808393836,0.00568994227796793,0.003286022460088134,-0.000980924116447568,0.0018961234018206596,-0.0015757224755361676,-0.000297073827823624,0.002344299340620637,0.0034270756877958775,0.0014077953528612852,0.0010187168372794986,0.00043232415919192135,-0.00043240838567726314,0.001948086079210043,0.0018673690501600504,0.0019080621423199773,0.0024005582090467215,-0.00015318694931920618,-0.003869879525154829,-0.002895626937970519,0.0007781236781738698,-0.002861962653696537,0.0017201898153871298
VTR,2,2026-04-07 14:00:00+00:00,10:00,0.0017075042705982924,up,-0.0009008550550788641,0.0001311858359258622,-0.0012930225348100066,0.002054645447060466,0.003119642846286297,0.0008054914651438594,0.00048232197877950966,0.0005612618406303227,0.002061497187241912,0.0012036333791911602,0.003407721407711506,0.004196865949779749,0.004159780219197273,0.004316613543778658,0.004535499960184097,0.0031608997378498316,0.004680462181568146,0.004052828066051006,0.0023972741328179836,0.0031994080636650324,0.003009612439200282,0.001112129190005362,0.0002412891190033406,0.002388616558164358,0.0013965298421680927,0.0017075042705982924
NXPI,2,2026-04-07 14:00:00+00:00,10:00,0.0017074320930987597,up,-0.0010764780454337597,0.0004456612223293632,-0.0007724472088739276,0.0011957046808674932,0.0002768418053165078,-0.0011325544910505414,-0.003173678647726774,-0.00197613425552845,-0.003570875618606806,-0.0035377638414502144,-0.002519365632906556,-0.0017719543538987637,-0.002414413494989276,-0.002816705033183098,-0.002673824317753315,-0.0025277878157794476,-0.0005265480722300708,0.0005119790439493954,-0.0015329545130953193,-0.001409289427101612,-0.00287571526132524,-0.003269396023824811,-0.003481425577774644,-0.00022978521883487701,-0.000794184219557792,0.0017074320930987597
EVRG,2,2026-04-07 14:00:00+00:00,10:00,0.0016496143070980906,up,-0.0020162358414381742,-0.0011377850314602256,-0.0018201364437118173,0.0011170958168804646,0.0027543094474822283,0.001071155653335154,0.00047745482879690826,-0.00023821098147891462,0.0017034769989550114,0.0005971903447061777,0.0024172584526240826,0.002592559438198805,0.0024764754343777895,0.002552587538957596,0.0020668425131589174,0.0012424855958670378,0.0029999944381415844,0.002411740133538842,0.0018455213867127895,0.0024692045990377665,0.002070636721327901,0.0006857460248284042,0.0004885490634478629,0.001785351661965251,0.0006121734040789306,0.0016496143070980906
ODFL,2,2026-04-07 14:00:00+00:00,10:00,0.00164740439504385,up,-0.00368983275257051,-0.004347191192209721,-0.005995310842990875,-0.0034721563570201397,-0.003943245857954025,-0.007256430573761463,-0.00992164108902216,-0.0071537671610713005,-0.010332438163459301,-0.008197062648832798,-0.00817926973104477,-0.005330802872776985,-0.0069158803671598434,-0.006257630884647369,-0.007027762942016125,-0.008310278877615929,-0.005524069536477327,-0.0060654799453914165,-0.007530507631599903,-0.006966123357415199,-0.007383137475699186,-0.007075295317918062,-0.005896241869777441,-0.0009259142098017037,-0.0012811925262212753,0.00164740439504385
META,2,2026-04-07 14:00:00+00:00,10:00,0.0016421845648437738,up,-0.006715434603393078,-0.009509840980172157,-0.008627247996628284,-0.004969798028469086,-0.0055193291045725346,-0.008752250112593174,-0.009600095450878143,-0.009036817587912083,-0.011632411740720272,-0.009316476993262768,-0.005036850459873676,-0.004243855364620686,-0.005011181812733412,-0.006031977478414774,-0.0047640022821724415,-0.005439435131847858,-0.005963578354567289,-0.007492037024348974,-0.005509405396878719,-0.0029941480606794357,-0.00781600084155798,-0.013177089393138885,-0.012138640508055687,-0.009970540180802345,-0.0058275689370930195,0.0016421845648437738
PPG,2,2026-04-07 14:00:00+00:00,10:00,0.0015935219125822186,up,0.00034578435588628054,0.0009525458444841206,-0.005318861920386553,-5.019623495172709e-05,-0.001103601767681539,-0.0014417925849556923,-0.01101737841963768,-0.0065092118456959724,-0.009669587016105652,-0.00824825745075941,-0.006634360644966364,-0.007833896204829216,-0.00588653888553381,-0.0030091905500739813,-0.005702058784663677,-0.004624273627996445,-0.0017959257820621133,-0.0028876152355223894,-0.0031530505511909723,-0.003867773339152336,-0.003354637650772929,-0.005684276111423969,-0.005597389303147793,-0.00015820965927559882,-0.0020760877523571253,0.0015935219125822186
KO,2,2026-04-07 14:00:00+00:00,10:00,0.001553014270029962,up,0.0026971062179654837,0.004551957827061415,0.0030896253883838654,0.005562956910580397,0.007375286892056465,0.004351961892098188,0.001980378059670329,0.0015826260205358267,0.0029920164961367846,0.0017624108586460352,0.0043200054205954075,0.005286096595227718,0.0032450754661113024,0.0036830685567110777,0.0036659743636846542,0.0019979935605078936,0.0030259904451668262,0.004020788241177797,0.0018983440240845084,0.002604954643175006,0.001765608903951943,0.00028316857060417533,6.729664892191067e-05,0.003061889670789242,0.001550405053421855,0.001553014270029962
SNPS,2,2026-04-07 14:00:00+00:00,10:00,0.0015409532934427261,up,-0.0010215532965958118,-0.00016858932212926447,-0.004124880768358707,-0.0001846662344178185,-0.0019085985841229558,-0.005333791021257639,-0.006757236551493406,-0.004385141655802727,-0.006462505552917719,-0.004216084256768227,-0.0029689378570765257,0.00012101326865376905,0.0010160510428249836,0.000762970361392945,-0.00020455732010304928,-0.002372958231717348,0.0006986549124121666,0.0014665140770375729,-0.00186471501365304,-0.002791766542941332,-0.0005974048399366438,-0.0021874750964343548,0.001813616487197578,0.0022213878110051155,0.0017750267870724201,0.0015409532934427261
DVA,2,2026-04-07 14:00:00+00:00,10:00,0.0015360747929662466,up,0.0005269927205517888,0.0028603121172636747,0.002291507553309202,0.0038064830005168915,0.0034510961268097162,0.0021007820032536983,0.0007182698464021087,0.0011461980175226927,0.0010919183259829879,0.0010645035654306412,0.0031394180841743946,0.003974433988332748,0.004465832374989986,0.003378500696271658,0.0035603223368525505,0.0025062866043299437,0.0038380613550543785,0.00398219283670187,0.002891603857278824,0.0031582401134073734,0.001962614245712757,0.0004727367195300758,-2.4578328520874493e-05,0.0022817349527031183,0.00024053223023656756,0.0015360747929662466
LOW,2,2026-04-07 14:00:00+00:00,10:00,0.0015254291938617826,up,-0.0007038903422653675,0.0028941172640770674,-0.001682871486991644,-0.00035051480517722666,-0.000155477158841677,-0.0031799019780009985,-0.005149544216692448,-0.003614732064306736,-0.004968371242284775,-0.002915558870881796,-0.0018398119136691093,-9.184540249407291e-05,-0.002480206312611699,-0.002280567539855838,-0.0017147250473499298,-0.002918445272371173,-0.000285416521364823,-0.0002514811640139669,-0.0013070761924609542,-0.001125813345424831,-0.000991416978649795,-0.0028498440515249968,-0.004035256337374449,-0.0021982663311064243,-0.0023835680913180113,0.0015254291938617826
EW,2,2026-04-07 14:00:00+00:00,10:00,0.0014815363101661205,up,-0.0014097882667556405,0.0014109129551798105,-0.0013878279132768512,0.0017809312557801604,0.0030071616638451815,0.0023506577126681805,0.00026678317226469517,0.0011108992621302605,0.0034993086010217667,0.0018579571042209864,0.0037827196065336466,0.004733491223305464,0.0052070920355618,0.0054242052137851715,0.005390717647969723,0.004513117950409651,0.0052449023351073265,0.004279506858438253,0.00398712744936347,0.0037716475781053305,0.0039045317098498344,0.0023210570216178894,0.0016311901854351163,0.0033321401569992304,0.000354128802428022,0.0014815363101661205
BIIB,2,2026-04-07 14:00:00+00:00,10:00,0.001453283941373229,up,-0.0017753056017681956,-8.810796862235293e-05,-0.004038503393530846,-0.002828697208315134,-0.005632239859551191,-0.005715761799365282,-0.00891050510108471,-0.0055560944601893425,-0.005399530287832022,-0.004267370328307152,-0.0007608803571201861,0.00046175619354471564,0.0010253977961838245,0.0009042294113896787,0.00034203266841359437,-0.0020340997725725174,0.0007703185547143221,0.0014165197499096394,-0.0017958706011995673,-0.0007547232671640813,-0.0028714248910546303,-0.004203214310109615,-0.00418450590223074,-0.0006968220695853233,-0.004247776698321104,0.001453283941373229
HLT,2,2026-04-07 14:00:00+00:00,10:00,0.0014267630176618695,up,0.004554071929305792,0.005299937445670366,0.00787828117609024,0.00676797516644001,0.00938804168254137,0.00720966188237071,0.006055800244212151,0.005038979928940535,0.0037618186324834824,0.0013714712113142014,0.004490742925554514,0.005943861324340105,0.005223255604505539,0.005467881448566914,0.004073495510965586,0.003243942279368639,0.005161582492291927,0.004249712452292442,0.004068523179739714,0.003421963192522526,0.0031521497294306755,0.0005626202328130603,-0.0010496139293536544,0.0021474999375641346,-0.000653519993647933,0.0014267630176618695
HCA,2,2026-04-07 14:00:00+00:00,10:00,0.001424369402229786,up,-0.0029260904993861914,-0.002509355777874589,-0.002497372915968299,-0.0005862615071237087,0.0013430038234218955,-0.00017192699306178838,-0.0019376487471163273,-0.0017319853650406003,-0.0028443848714232445,-0.0035713519901037216,-0.0018409754848107696,-0.0007039062329567969,-0.0012303738621994853,-0.0009506426868028939,-0.0006609222618862987,-0.0005642654723487794,0.0008195701520889997,0.0009106568759307265,-0.0001418463361915201,0.0011454857885837555,0.00039836333598941565,-0.0017495200736448169,-0.003020480740815401,0.00011402415839256719,-0.0009010841604322195,0.001424369402229786
PFG,2,2026-04-07 14:00:00+00:00,10:00,0.0014045907882973552,up,-0.002855194266885519,-0.0008578140987083316,-0.002420654520392418,-0.00026193883968517184,-0.0006027076160535216,-0.0004351283423602581,-0.004959911108016968,-0.004435224924236536,-0.005427835509181023,-0.007189906667917967,-0.0053199161775410175,-0.005303088575601578,-0.00597792025655508,-0.005443671718239784,-0.0015097310533747077,-0.002288252580910921,-0.0013283147709444165,-0.0017220329027622938,-0.002856288803741336,-0.0015328050358220935,-0.0014886744320392609,-0.003249396337196231,-0.002695213072001934,0.0017206630436703563,-0.00028332305373623967,0.0014045907882973552
ITW,2,2026-04-07 14:00:00+00:00,10:00,0.0013978390488773584,up,-0.0007477574981749058,0.0010204941499978304,0.001949302270077169,0.0015673041343688965,0.006012244150042534,0.0034542353823781013,0.002234011422842741,0.0018144157947972417,0.0008355514146387577,-0.0004137287614867091,0.0020169694907963276,0.0026957765221595764,0.0014460852835327387,0.0021925410255789757,0.0017659044824540615,0.0011856183409690857,0.0028477527666836977,0.0015530227683484554,0.0006459758733399212,-0.000401926226913929,0.001141900196671486,-0.002174364635720849,-0.0029584013391286135,0.0007785027264617383,-0.0012106618378311396,0.0013978390488773584
PNR,2,2026-04-07 14:00:00+00:00,10:00,0.0013894285075366497,up,0.0014008121797814965,0.0032155809458345175,0.0010607708245515823,0.0024033167865127325,0.0050696879625320435,0.003078644396737218,0.0005065067671239376,0.0008506196900270879,0.00037668729783035815,0.0004029981209896505,0.00260357023216784,0.003081998322159052,0.0027940974105149508,0.002163833472877741,0.0032397122122347355,0.0018010323401540518,0.002816585823893547,0.0009548668167553842,0.0013353517279028893,0.001750991796143353,0.001851147273555398,2.0941210095770657e-05,-0.00033400760730728507,0.0025918902829289436,-0.00016297810361720622,0.0013894285075366497
GCUSD,2,2026-04-07 14:00:00+00:00,10:00,0.001323650823906064,up,-0.0027647879905998707,-0.0015018420526757836,-0.0040755909867584705,-9.752319601830095e-05,0.0006253038882277906,-0.0020461399108171463,-0.002410606946796179,-0.0019229594618082047,-0.00517856702208519,-0.002412349684163928,0.00012570791295729578,0.0011797468177974224,0.0005915177753195167,0.0004072708252351731,8.871653699316084e-05,-0.00057398178614676,0.0011835084296762943,0.0020724073983728886,0.0015606229426339269,-0.00024774798657745123,-0.0007728728232905269,-0.0032677354756742716,-0.0037074843421578407,-0.0007934952154755592,-0.001805152278393507,0.001323650823906064
IBKR,2,2026-04-07 14:00:00+00:00,10:00,0.0012937821447849274,up,-0.001190340961329639,0.0022926602978259325,-0.0016808813670650125,0.00026274772244505584,-0.002523607574403286,-0.00399800157174468,-0.011896684765815735,-0.00798849854618311,-0.00947683583945036,-0.008250972256064415,-0.005067397374659777,-0.0054200212471187115,-0.001742420718073845,-0.002930782036855817,-0.005958682857453823,-0.004450333304703236,-6.854504590592114e-06,-0.0011709191603586078,0.00015710166189819574,-0.000983919482678175,-0.0016006049700081348,-0.0035193285439163446,-0.0037410478107631207,0.0007001084159128368,-0.002150924876332283,0.0012937821447849274
LIN,2,2026-04-07 14:00:00+00:00,10:00,0.0012869344791397452,up,-0.006390688940882683,-0.003387733595445752,-0.005151004530489445,-0.0011074249632656574,0.0007498271879740059,-0.001872047665528953,-0.003388552460819483,-0.005006440449506044,-0.006364871747791767,-0.006451479159295559,-0.003394645405933261,-0.002440687268972397,-0.0024584485217928886,-0.002178346272557974,-0.001570515800267458,-0.0019432597327977419,-0.0003286110295448452,-6.341706466628239e-05,0.000339629827067256,0.0002399555960437283,0.0004523461393546313,-0.0029819675255566835,-0.004404046572744846,-0.0025020146276801825,-0.0021323952823877335,0.0012869344791397452
GS,2,2026-04-07 14:00:00+00:00,10:00,0.0012703511165454984,up,-0.006654571741819382,-0.005267878528684378,-0.0067702606320381165,-0.0020666925702244043,-0.0006897108978591859,-0.0032836878672242165,-0.004668280947953463,-0.0023973812349140644,-0.0045114788226783276,-0.002678398974239826,0.0001947928249137476,0.00025656120851635933,0.00022688947501592338,3.4270648029632866e-05,0.00021829779143445194,-0.001032157801091671,0.0005373198073357344,0.0006049288203939795,0.001008258550427854,-0.0004436296585481614,-0.000971917761489749,-0.002889063907787204,-0.003801969112828374,-0.0004500577342696488,-0.0018098389264196157,0.0012703511165454984
MA,2,2026-04-07 14:00:00+00:00,10:00,0.0012102654436603189,up,-0.0030055297538638115,-0.0026581052225083113,-0.002911098301410675,0.00013964516983833164,0.0010140263475477695,-0.0016936756437644362,-0.0037418710999190807,-0.0031805557664483786,-0.004018504172563553,-0.004686763975769281,-0.0023399125784635544,-0.0012152398703619838,-0.0016424581408500671,-0.0008642773027531803,-1.8241205452795839e-06,-0.0009322589612565935,0.0003070538805332035,-0.00017224927432835102,0.00010443042265251279,-0.0014473350020125508,-0.0017277621664106846,-0.0030097728595137596,-0.0030856747180223465,-0.00036174195702187717,-0.002405094914138317,0.0012102654436603189
MSFT,2,2026-04-07 14:00:00+00:00,10:00,0.0011182650923728943,up,-0.004561738111078739,-0.006213027518242598,-0.008557996712625027,-0.007211686577647924,-0.006989202927798033,-0.011118371970951557,-0.011765044182538986,-0.010856717824935913,-0.010939262807369232,-0.009810538031160831,-0.007424367591738701,-0.007121356204152107,-0.006362054497003555,-0.006432023830711842,-0.00557930301874876,-0.00541341258212924,-0.004883688874542713,-0.005133169703185558,-0.00482857134193182,-0.004305936861783266,-0.0047746985219419,-0.008276284672319889,-0.005160346161574125,-0.003822603728622198,-0.0015811686171218753,0.0011182650923728943
MCO,2,2026-04-07 14:00:00+00:00,10:00,0.001105921110138297,up,-0.001966159325093031,0.002701269695535302,0.0007658243994228542,0.0034772588405758142,0.002266957424581051,0.00032539048697799444,-0.0007809802773408592,0.00015799862740095705,-0.0009446505573578179,-0.0005540691199712455,0.002408000873401761,0.0022969201672822237,0.0019711069762706757,0.0010755554540082812,-0.0002349997084820643,-0.00017607834888622165,0.0005922279669903219,0.0011986606987193227,-6.368615686369594e-06,-0.00027200920158065856,-0.0005948390462435782,-0.003058715257793665,-0.002230975776910782,0.0009899251163005829,-0.0008764293161220849,0.001105921110138297
TPR,2,2026-04-07 14:00:00+00:00,10:00,0.0010701521532610059,up,-0.0023902251850813627,0.0011207073694095016,-0.004476145841181278,-0.0019450258696451783,-0.0027593958657234907,-0.0037503396160900593,-0.006686723791062832,-0.004999953787773848,-0.004751548636704683,-0.005828226916491985,-0.005032751709222794,-0.00418186467140913,-0.0009306156425736845,-0.0004681255668401718,-0.0008686420624144375,-0.0014340437483042479,0.001541461911983788,0.0009681531810201705,-0.0006696789059787989,-0.0015362391714006662,-0.0013938710326328874,-0.0020797590259462595,-0.00038706089253537357,0.004747731611132622,0.0001536040217615664,0.0010701521532610059
ALL,2,2026-04-07 14:00:00+00:00,10:00,0.0009695704793557525,up,-0.002965793013572693,-9.05647684703581e-05,0.00011255304707447067,0.0015085918130353093,0.00025818217545747757,-0.0006060645100660622,-0.0028840582817792892,-0.001981977606192231,-0.0019350521033629775,-0.0008916787919588387,0.001102905604057014,0.0016611831961199641,0.0017879428341984749,0.001270684995688498,0.0015977299772202969,0.0011624277103692293,0.0038110921159386635,0.002927088411524892,0.0025013017002493143,0.0019130291184410453,0.0009147549862973392,6.207313617778709e-06,-0.0010909696575254202,0.001464199391193688,-0.0009617256000638008,0.0009695704793557525
MTB,2,2026-04-07 14:00:00+00:00,10:00,0.0009215029422193766,up,-0.0004943429958075285,0.001611853833310306,0.0015200991183519363,0.0038132413756102324,0.0050076646730303764,0.0029450925067067146,0.001694261678494513,0.001212505390867591,-0.0005417496431618929,0.0008072415366768837,0.002456720219925046,0.002047802321612835,0.0013789176009595394,0.0019324107561260462,0.0010918849147856236,0.0005735710728913546,0.0027315851766616106,0.0016999823274090886,0.0016441248590126634,0.0012472877278923988,0.0014505165163427591,-0.0008613523677922785,-0.0008272614213638008,0.002061544917523861,0.0004308725765440613,0.0009215029422193766
VLTO,2,2026-04-07 14:00:00+00:00,10:00,0.0009155391016975045,up,-0.0017239573644474149,0.0004900721251033247,-0.00024873256916180253,0.0009317832300439477,0.0026586472522467375,0.0014980810228735209,0.00014880621165502816,0.00043311831541359425,0.0007225265144370496,-0.0001362021139357239,0.001220270642079413,0.00271833804436028,0.0013709220802411437,0.0013132095336914062,0.002411171328276396,0.0018108983058482409,0.0027201110497117043,0.0021292271558195353,0.001093686674721539,0.0025131485890597105,0.0030772278551012278,0.0005630302475765347,0.00013452708662953228,0.002103579929098487,0.0003726373251993209,0.0009155391016975045
PH,2,2026-04-07 14:00:00+00:00,10:00,0.0008952977950684726,up,-0.003408434335142374,-0.0005689357058145106,-0.0016011715633794665,0.0017198292771354318,0.003507621819153428,0.0005094837979413569,-0.00041382547351531684,-0.00032166839810088277,-0.0023434299509972334,-0.0002818369830492884,0.0015505097107961774,0.001957569969817996,0.0019411613466218114,0.001370373647660017,0.000997510040178895,-0.00044249664642848074,0.0011452434118837118,0.00188517477363348,0.0014637256972491741,0.00018007599283009768,-0.0011761385248973966,-0.0028822082094848156,-0.004273347090929747,-0.0005494270008057356,-0.0017037898069247603,0.0008952977950684726
CHTR,2,2026-04-07 14:00:00+00:00,10:00,0.0008329409174621105,up,-0.0018438685219734907,0.0008994649397209287,-0.0020395233295857906,0.00028275459771975875,-0.0015681455843150616,-0.0030524972826242447,-0.005447133909910917,-0.002932423958554864,-0.0026085118297487497,-0.0019309886265546083,-0.0006558779277838767,0.0007579670054838061,0.00041374508873559535,0.0010127039859071374,0.001397761283442378,0.0007541789673268795,0.002375571057200432,0.0030716147739440203,0.0004782981995958835,0.0004632270720321685,-0.0009926647180691361,-0.001472653355449438,-0.0004794154374394566,0.0014873649924993515,-0.0008285347139462829,0.0008329409174621105
TDG,2,2026-04-07 14:00:00+00:00,10:00,0.0008160554571077228,up,-0.00299755553714931,-0.00011534536315593868,-0.0039743282832205296,0.0001046065881382674,-0.0002881576947402209,-0.0017143703298643231,-0.0026469717267900705,-0.0017319906037300825,-0.004171906970441341,-0.0036150855012238026,-0.0014960868284106255,-4.2825271520996466e-05,-0.000993417459540069,-0.0012040662113577127,-0.0015351413749158382,-0.002173543442040682,0.0006197812035679817,0.00028281298000365496,-0.00022553153394255787,-0.0006307027651928365,-0.0009854754898697138,-0.0027580149471759796,-0.003474461380392313,-0.001172680757008493,-0.0030678468756377697,0.0008160554571077228
CAH,2,2026-04-07 14:00:00+00:00,10:00,0.0008126116590574384,up,-0.0047003887593746185,-0.0011215623235329986,-0.0020630252547562122,-0.00018802101840265095,6.62026577629149e-05,-0.0017843444366008043,-0.0036956414114683867,-0.0030186318326741457,-0.003650220111012459,-0.0024294075556099415,0.0002287608222104609,-0.0005345307290554047,-0.00043103736243210733,0.00010077077604364604,0.00011330722190905362,-0.0001934696192620322,0.0023293853737413883,0.0018012216314673424,0.0014588056365028024,0.00090421037748456,0.00025290800840593874,-0.0016399405431002378,-0.0022995234467089176,-0.0001538952492410317,-0.0006452305242419243,0.0008126116590574384
ULTA,2,2026-04-07 14:00:00+00:00,10:00,0.0007973294705152512,up,-0.0009427826153114438,0.0011745935771614313,-0.00049308140296489,0.002098515396937728,0.0027164549101144075,0.0008119377889670432,-0.0010538932401686907,-0.002333451993763447,-0.0051171425729990005,-0.0037451088428497314,-0.0016299999551847577,0.00042734717135317624,-0.001279695425182581,-0.002048651222139597,-0.0015098387375473976,-0.001867807237431407,-0.000905861146748066,0.00011303518840577453,-0.0003275529888924211,-0.0017563861329108477,-0.002053817268460989,-0.00467862980440259,-0.004347626119852066,-0.0012978160521015525,-0.00272862846031785,0.0007973294705152512
ISRG,2,2026-04-07 14:00:00+00:00,10:00,0.0006471953820437193,up,-0.005370341707020998,-0.00306909647770226,-0.005153303500264883,-0.0007599284872412682,-0.0020362483337521553,-0.004740321077406406,-0.005064415745437145,-0.003181446809321642,-0.004037897102534771,-0.0051354942843317986,-0.0023059349041432142,-0.0014306700322777033,-0.001998412888497114,-0.002599919680505991,-0.0037035627756267786,-0.0032775839790701866,-0.002817378146573901,-0.0020734339486807585,-0.002940381644293666,-0.003209610702469945,-0.003730827011168003,-0.005727109033614397,-0.004865966271609068,-0.0018195974407717586,-0.003072029910981655,0.0006471953820437193
VTRS,2,2026-04-07 14:00:00+00:00,10:00,0.0005990533973090351,up,-0.008333295583724976,0.0006358166574500501,-0.00010637119703460485,0.002369732828810811,-0.004133656620979309,-0.0032745215576142073,-0.006430868525058031,-0.004437066614627838,-0.0037418068386614323,-0.00416609039530158,0.00039239745819941163,0.00029608592740260065,0.001179118757136166,0.0015749286394566298,3.196172838215716e-05,0.0006675865733996034,0.004893752280622721,0.003322926349937916,-0.0008426564745604992,0.001949090277776122,0.000921565224416554,-0.0030851238407194614,-0.00245505478233099,0.004767435137182474,7.48991733416915e-05,0.0005990533973090351
ESS,2,2026-04-07 14:00:00+00:00,10:00,0.0005925203440710902,up,0.0011556585086509585,0.0028395988047122955,0.0031431554816663265,0.004712915513664484,0.006538372486829758,0.004929279442876577,0.004307829774916172,0.004739486146718264,0.004648818168789148,0.005702404771000147,0.007787750568240881,0.0077393087558448315,0.006466586608439684,0.0060713510029017925,0.005735334474593401,0.00610662205144763,0.0053834677673876286,0.0061250408180058,0.0047133988700807095,0.006335368379950523,0.004068526905030012,0.0031651610042899847,0.0022574132308363914,0.0035809564869850874,0.0011907652951776981,0.0005925203440710902
OTIS,2,2026-04-07 14:00:00+00:00,10:00,0.000571145792491734,up,0.002031488809734583,0.005137572064995766,0.004511967767030001,0.005933729000389576,0.00801047496497631,0.005206077825278044,0.0034160111099481583,0.0030795482452958822,0.004818772431463003,0.0032743036281317472,0.0056131938472390175,0.007265954744070768,0.005581946577876806,0.00553206168115139,0.005135380197316408,0.004122578538954258,0.0053385295905172825,0.005501857493072748,0.00397522421553731,0.003983269911259413,0.003644448472186923,0.002088050125166774,0.0018863497534766793,0.002097614109516144,-0.0003662302333395928,0.000571145792491734
HSIC,2,2026-04-07 14:00:00+00:00,10:00,0.000520227593369782,up,0.0024571337271481752,0.0038472763262689114,0.0017825233517214656,0.004718140698969364,0.005947105586528778,0.0034677612129598856,-0.00040468983934260905,0.002063663210719824,0.001719049527309835,-0.00013027082604821771,0.0021708207204937935,0.002666535321623087,0.0007442287751473486,0.002633773721754551,0.0030751468148082495,0.0008020798559300601,0.0037688077427446842,0.003721448127180338,0.0028631710447371006,0.0017047463916242123,0.00020388420671224594,0.000347884779330343,-0.0002485943550709635,0.0035884540993720293,-0.0004225729207973927,0.000520227593369782
LEN,2,2026-04-07 14:00:00+00:00,10:00,0.0005034250789321959,up,-0.0010784626938402653,0.00461014686152339,-0.00042949404451064765,0.0027676671743392944,0.0011425402481108904,0.0006177746690809727,-0.0043080830946564674,-0.000542647612746805,-0.0014810804277658463,-0.00323390681296587,-0.0019074816955253482,-0.00042752965237013996,0.0008767495164647698,0.0020008059218525887,0.0017864835681393743,0.0006750987377017736,0.0026566404849290848,0.0012942255707457662,-0.00024784012930467725,6.555343861691654e-05,4.304296453483403e-06,-0.0010856988374143839,-0.0018607050878927112,0.0021109466906636953,-0.0025443965569138527,0.0005034250789321959
LNT,2,2026-04-07 14:00:00+00:00,10:00,0.0004931419971399009,up,-0.0006892862147651613,0.0006044788169674575,-0.0003804427688010037,0.0027913483791053295,0.00463325809687376,0.002207777462899685,0.0004379860474728048,0.00027118559228256345,0.0011623594909906387,-5.446562136057764e-05,0.0023276747670024633,0.0021388919558376074,0.0021609454415738583,0.002528685610741377,0.0015888360794633627,0.0008258866728283465,0.0021681436337530613,0.0018498519202694297,0.001275503309443593,0.0019516490865498781,0.0010663812281563878,-0.0003434938844293356,-0.0011224811896681786,0.0002958106342703104,-0.0005171849625185132,0.0004931419971399009
ECL,2,2026-04-07 14:00:00+00:00,10:00,0.0004903179360553622,up,-0.00029363392968662083,0.0011050489265471697,-0.0009098529117181897,-0.0006146471132524312,0.002200534101575613,-0.0011681705946102738,-0.0027361619286239147,-0.0020215066615492105,-0.004737636540085077,-0.004011471290141344,-0.0019636342767626047,0.0001927166449604556,-0.0017500221729278564,-0.002009479096159339,-0.004813054110854864,-0.0048896800726652145,-0.0025584208779037,-0.0031047973316162825,-0.004320115782320499,-0.005969456862658262,-0.005133944563567638,-0.007932228036224842,-0.007690352387726307,-0.004299311898648739,-0.004948251880705357,0.0004903179360553622
CPAY,2,2026-04-07 14:00:00+00:00,10:00,0.000482332194224,up,0.003245995845645666,0.005400603637099266,0.0045935288071632385,0.0060359579510986805,0.006457008887082338,0.004512776155024767,0.00315796653740108,0.0038357144221663475,0.0020584948360919952,0.0025271070189774036,0.0043140435591340065,0.005226587411016226,0.004504505079239607,0.005129759665578604,0.00408533401787281,0.0020308238454163074,0.004832920152693987,0.0033691588323563337,0.002361236372962594,0.0021237689070403576,0.0012736510252580047,-0.0010981862433254719,-0.0026063791010528803,0.0018001830903813243,-0.0011743925279006362,0.000482332194224
EMR,2,2026-04-07 14:00:00+00:00,10:00,0.0003655916952993721,up,-0.004207107238471508,-0.001275565242394805,-0.0030405260622501373,-0.0007034828886389732,0.000502943352330476,0.0006155524170026183,-0.001971484161913395,-0.0014668263029307127,-0.002608097391203046,-0.003506647888571024,-0.0016990994336083531,-0.0012417783727869391,-0.0013851370895281434,-0.0007476898608729243,-0.0007798506994731724,-0.00036537469713948667,0.00016090170538518578,0.0011178061831742525,4.439453550730832e-05,-0.0005610921652987599,-0.001351777114905417,-0.0029050970915704966,-0.003537363838404417,0.0008424114785157144,-0.0014832665910944343,0.0003655916952993721
TPL,2,2026-04-07 14:00:00+00:00,10:00,0.000283043016679585,up,-0.003917466849088669,8.915500075090677e-05,-0.002937995595857501,0.0006606888491660357,-0.005606893915683031,-0.007569002453237772,-0.009274409152567387,-0.005687876138836145,-0.0059645455330610275,-0.006699846591800451,-0.0025671161711215973,-0.0028039226308465004,-0.004993870854377747,-0.003886455437168479,-0.004834388382732868,-0.005908281542360783,-0.0036808052100241184,-0.005062987562268972,-0.006336497142910957,-0.0070601534098386765,-0.007767617702484131,-0.008372614160180092,-0.007976396940648556,-0.003401242895051837,-0.005763072520494461,0.000283043016679585
NI,2,2026-04-07 14:00:00+00:00,10:00,0.0002757829788606614,up,-0.0023427512496709824,0.0007390102837234735,-0.0013097927439957857,0.0012515110429376364,0.0019395292038097978,0.0016739536076784134,-0.0008173892856575549,-0.00019156598136760294,7.327293860726058e-05,0.0005420422530733049,0.0025054272264242172,0.0023085821885615587,0.0017542657442390919,0.0023236474953591824,0.0018212092109024525,0.0005666791112162173,0.00235523353330791,0.0028301384299993515,0.0016169544542208314,0.0028181951493024826,0.001471168827265501,-0.00024243738153018057,-0.000868444622028619,0.002681018551811576,-0.00010734972602222115,0.0002757829788606614
CCL,2,2026-04-07 14:00:00+00:00,10:00,0.00027545614284463227,up,-0.01792013645172119,-0.010240431874990463,-0.0152090759947896,-0.010526886209845543,-0.010823475196957588,-0.012031912803649902,-0.017856847494840622,-0.016043592244386673,-0.017054514959454536,-0.015619147568941116,-0.012672207318246365,-0.009326929226517677,-0.003922540228813887,-0.0022797409910708666,-0.0028983335942029953,-0.0051200962625443935,-0.0006964094936847687,-0.002881737658753991,-0.0024013675283640623,-0.004976046737283468,-0.0045601483434438705,-0.00597115233540535,-0.0027321074157953262,0.0025226634461432695,0.0020983300637453794,0.00027545614284463227
PM,2,2026-04-07 14:00:00+00:00,10:00,0.0002722269273363054,up,0.0013697240501642227,0.006901958491653204,0.0017125435406342149,0.0024675738532096148,-0.0007726902258582413,-0.000916776480153203,-0.0034653758630156517,4.073197123943828e-05,-0.0010001601185649633,-0.0018344824202358723,0.0008881458197720349,-0.00016278497059829533,0.001313558081164956,-0.00011850172450067475,0.0010446549858897924,1.2014375897706486e-05,0.002318410435691476,0.002316555241122842,0.001266965875402093,0.0012313546612858772,-0.00018871015345212072,-0.0004687592445407063,-0.000981457531452179,-0.0005337499896995723,-0.004237877205014229,0.0002722269273363054
GWW,2,2026-04-07 14:00:00+00:00,10:00,0.00023706862702965736,up,-0.001850552624091506,0.00031840536394156516,-0.0009260863298550248,0.0014934409409761429,0.00350729888305068,0.001805266598239541,0.000943933438975364,0.001290151965804398,0.00018525953055359423,-0.00025100429775193334,0.0022302125580608845,0.001912048552185297,0.001124434289522469,0.0011276984587311745,0.0005871525499969721,-0.0005098763504065573,0.0008391577866859734,0.0004482331278268248,0.0006439379649236798,0.0005596777191385627,-2.4453504011034966e-05,-0.0021312301978468895,-0.0031253246124833822,0.00019595774938352406,-0.0015755950007587671,0.00023706862702965736
FDS,2,2026-04-07 14:00:00+00:00,10:00,0.00022234005155041814,up,0.002105428371578455,0.0021089380607008934,-0.0008417332428507507,0.0015471359947696328,0.001027807593345642,0.00010065882815979421,-0.0024133832193911076,-0.001199175720103085,-0.0032829183619469404,-0.0006684578838758171,0.00040723555139265954,0.0013439843896776438,0.00048182817408815026,0.0006637978949584067,-0.0007421955233439803,-0.0020539765246212482,0.0020670462399721146,0.0018215501913800836,0.0010413599666208029,0.001290876418352127,-3.190063580404967e-05,-0.0010124134132638574,-0.0011521470732986927,0.002423954429104924,8.606209303252399e-05,0.00022234005155041814
INVH,2,2026-04-07 14:00:00+00:00,10:00,0.00021756374917458743,up,-0.0019214970525354147,0.000986879225820303,-0.0006332912598736584,9.8270957096247e-06,0.0010902269277721643,-0.0010131086455658078,-0.002749878680333495,-0.00044891599100083113,-0.00033480190904811025,-9.57964439294301e-05,0.0014200818259269,0.0031493641436100006,0.0017738096648827195,0.0020521581172943115,0.0018636740278452635,0.001470978488214314,0.002176515990868211,0.0025373599492013454,0.0023854803293943405,0.002257062355056405,0.0014231763780117035,-0.001052151434123516,-0.0010058223269879818,0.001748742419295013,0.00031903464696370065,0.00021756374917458743
FDX,2,2026-04-07 14:00:00+00:00,10:00,0.00016681294073350728,up,-0.002239396097138524,-0.0010754317045211792,-0.0010798861039802432,0.0006586250965483487,0.0016122616361826658,-0.0010395998833701015,-0.0020746844820678234,-0.001882979180663824,-0.004117016680538654,-0.0037114564329385757,-0.0013551909942179918,-7.687897596042603e-05,-6.832581129856408e-05,0.00016490275447722524,-0.0014905785210430622,-0.0030736252665519714,-0.0011747771641239524,-0.0008330390555784106,-0.0016830457607284188,-0.0020045095589011908,-0.0011892523616552353,-0.004749434068799019,-0.004896633792668581,-0.0015413041692227125,-0.0029710433445870876,0.00016681294073350728
AZO,2,2026-04-07 14:00:00+00:00,10:00,0.00010439040488563478,up,-0.000700526696164161,0.0011133917141705751,-0.0010258913971483707,0.0017943218117579818,0.002999047515913844,0.00028928264509886503,0.0006444862228818238,-0.000122480298159644,-0.0016898077446967363,-0.0005407169228419662,0.0009933516848832369,0.00191583507694304,0.0010281639406457543,-0.00048040569527074695,-0.0004934444441460073,-0.0006045761401765049,-0.00019235420040786266,0.0008805929101072252,0.0007342897588387132,0.00020594775560311973,0.0004017789615318179,-0.0016930541023612022,-0.0026032282039523125,2.6964098651660606e-06,-0.002318160142749548,0.00010439040488563478
TXT,2,2026-04-07 14:00:00+00:00,10:00,6.986435619182885e-05,up,0.0018042144365608692,0.003044223180040717,0.0007645970908924937,0.00272991880774498,0.004624885506927967,0.001967506716027856,0.0009201713837683201,9.664947720011696e-05,0.0016547242412343621,0.0006824808078818023,0.0025492815766483545,0.0028916271403431892,0.002879986772313714,0.0019282749854028225,0.002342615509405732,0.0012339252280071378,0.0024504319299012423,0.0014788141706958413,0.0014966260641813278,0.001984661677852273,0.001199172344058752,9.743111149873585e-05,-0.001969406846910715,0.0024087633937597275,-0.0005589901702478528,6.986435619182885e-05
BDX,2,2026-04-07 14:00:00+00:00,10:00,6.949685484869406e-05,up,-0.0007087602862156928,-4.8331163270631805e-05,-0.0023938759695738554,0.0003753705241251737,0.001571459579281509,-0.0010976206976920366,-0.0038027032278478146,-0.003059663577005267,-0.0019302049186080694,-0.0018509476212784648,0.0004620213294401765,0.001127102063037455,-0.0005910667823627591,0.0005982929142192006,-0.001358784269541502,-0.0013917010510340333,-4.0341183193959296e-06,-5.624136247206479e-05,-0.001326943514868617,-0.0013059417251497507,-0.0019955397583544254,-0.004639348015189171,-0.0028335219249129295,0.0002772769657894969,-0.002922268584370613,6.949685484869406e-05
FITB,2,2026-04-07 14:00:00+00:00,10:00,6.159169424790889e-05,up,-0.0021870036143809557,0.0009734266786836088,-0.00034538540057837963,0.0007923563243821263,0.0011643278412520885,0.001580711337737739,-0.0015840972773730755,-0.00012187974789412692,0.0010203166166320443,0.0006949072703719139,0.001934955595061183,0.00035589540493674576,-0.0009650168940424919,0.00019544527458492666,0.001869339495897293,0.0014702214393764734,0.002285115187987685,0.001898174174129963,0.002096894895657897,0.0019446834921836853,0.002575186314061284,0.001559476600959897,0.0008150607463903725,0.003049979917705059,-0.00014194405230227858,6.159169424790889e-05
IDXX,2,2026-04-07 14:00:00+00:00,10:00,5.3124465921428055e-05,up,-0.0004682123544625938,0.001545935170724988,-4.577459185384214e-05,0.0019547981210052967,0.002345695625990629,0.00031039660098031163,-0.0014890978345647454,-0.0026508583687245846,-0.004907655529677868,-0.0022982533555477858,-0.00020229825167916715,0.0004914231831207871,-4.2463263525860384e-05,-0.00029626701143570244,-0.0007350523956120014,-0.0011458455119282007,0.0002182323078159243,0.00045777412015013397,0.0004631458141375333,-0.0007819195161573589,-0.001785952365025878,-0.0024610895197838545,-0.0034396180417388678,-0.00020284079073462635,-0.0021601745393127203,5.3124465921428055e-05
STE,2,2026-04-07 14:00:00+00:00,10:00,1.2975486242794432e-05,up,0.0031803096644580364,0.0055005825124681,0.005352770444005728,0.005514681339263916,0.006460023578256369,0.004276840481907129,0.002874334342777729,0.0024962490424513817,0.0016998782521113753,0.0022197009529918432,0.0033780105877667665,0.0030881522689014673,0.0020882217213511467,0.0022138808853924274,0.0016158063663169742,0.0012549954699352384,0.0032020281068980694,0.002429804066196084,0.002604859881103039,0.0024466682225465775,0.0023769051767885685,-6.300285895122215e-05,-0.0006467254715971649,0.0018367976881563663,-0.00029291960527189076,1.2975486242794432e-05
J,2,2026-04-07 14:00:00+00:00,10:00,-1.890024395834189e-05,down,0.0013233193894848228,0.004010934382677078,0.003171005053445697,0.004363291896879673,0.005625572521239519,0.0028619638178497553,0.0019523921655490994,0.001627227757126093,0.0029371005948632956,0.0021396875381469727,0.003266888903453946,0.004194716457277536,0.002641143510118127,0.000676963129080832,0.001150595024228096,0.00014578428817912936,0.0024164728820323944,0.0017137510003522038,0.000908668152987957,0.0017646992346271873,-0.000830864708404988,-0.002987135434523225,-0.003991179168224335,-0.0008007484721019864,-0.0012595580192282796,-1.890024395834189e-05
ARES,2,2026-04-07 14:00:00+00:00,10:00,-4.730449290946126e-05,down,-0.0032303074840456247,0.0021981624886393547,-0.003039601491764188,-0.0013694550143554807,-0.00014652796380687505,-0.0014278290327638388,-0.0048716748133301735,-0.0004042311629746109,0.00031880175811238587,-0.0004107701242901385,0.001970950746908784,0.0022846851497888565,0.001856536720879376,0.0014989632181823254,0.0035058618523180485,0.0033227233216166496,0.003552448470145464,0.002957675838842988,0.0013453586725518107,0.0022634975612163544,0.0019433306297287345,0.0011599332792684436,0.001137438928708434,-0.0005951930652372539,-0.001108374330215156,-4.730449290946126e-05
WM,2,2026-04-07 14:00:00+00:00,10:00,-5.053915083408356e-05,down,-0.002158388728275895,-0.0006519269081763923,-0.001077738357707858,0.0015181989874690771,0.002968734595924616,0.0015368654858320951,-9.463314199820161e-05,-0.0005735730519518256,-0.0017876091878861189,-0.0009122406481765211,0.001238110475242138,0.000753841653931886,0.00037881513708271086,0.0006142372149042785,-0.0004214001528453082,-0.0004373227129690349,0.00045135061373002827,0.00019048957619816065,0.00041490819421596825,0.0007853469578549266,0.0007145724957808852,-0.0021478859707713127,-0.0014854968758299947,0.0007494206656701863,-0.0009557859739288688,-5.053915083408356e-05
MLM,2,2026-04-07 14:00:00+00:00,10:00,-6.978604506002739e-05,down,0.000989405671134591,0.005182896740734577,0.0021578860469162464,0.003779947990551591,0.0029545449651777744,0.0007247668690979481,-0.0013062015641480684,3.316104266559705e-05,-0.002568330615758896,-0.0009601027704775333,-0.00018071342492476106,0.0026803661603480577,0.0010225360747426748,0.0012603782815858722,0.0007323696627281606,-0.00017697547446005046,0.002491306746378541,0.0018415502272546291,0.0012091577518731356,0.0014585303142666817,0.00025541381910443306,-0.0008469544118270278,-0.0023250507656484842,0.0003522737533785403,-0.0021970770321786404,-6.978604506002739e-05
WRB,2,2026-04-07 14:00:00+00:00,10:00,-8.343432273250073e-05,down,0.0007327321218326688,0.003858043812215328,0.002734682522714138,0.0017493769992142916,0.002866665367037058,0.0005704840878024697,-0.0009392848587594926,-0.0013542954111471772,0.0002963037113659084,-0.0011791668366640806,-0.0003610657877288759,0.0007294202805496752,-0.00012359432002995163,0.0010287979384884238,0.000983121688477695,0.0010760879376903176,0.002427341416478157,0.002417225856333971,0.0022242898121476173,0.0037163656670600176,0.0032318662852048874,0.0016307050827890635,0.0009285873966291547,0.0021788510493934155,-0.0007712302613072097,-8.343432273250073e-05
ZBH,2,2026-04-07 14:00:00+00:00,10:00,-0.00010669787297956645,down,-0.0016744493041187525,0.00022097975306678563,-0.0002589039213489741,0.0003535483265295625,0.0015373782953247428,-1.0887160897254944e-05,-0.0031524505466222763,-0.001981929177418351,-0.0008391056326217949,2.1799462501803646e-06,0.0008691441616974771,0.0014732863055542111,0.0009479583823122084,0.001704449881799519,0.002699249889701605,0.0016178356017917395,0.003619981463998556,0.003032886888831854,0.00196759682148695,0.0029957329388707876,0.002598801162093878,0.0011957990936934948,0.0001316747657256201,0.0024394358042627573,-3.386082244105637e-05,-0.00010669787297956645
ALB,2,2026-04-07 14:00:00+00:00,10:00,-0.00011050512694055215,down,-0.004052720032632351,-0.002478760899975896,-0.009212609380483627,-0.007518120110034943,-0.007465160917490721,-0.008926226757466793,-0.012894797138869762,-0.0069168945774436,-0.009306988678872585,-0.005589893087744713,-0.002175384433940053,-0.001370407990179956,-0.0022868826054036617,-0.0022736259270459414,-0.004661706276237965,-0.005221324972808361,-0.0038698320277035236,-0.004962831269949675,-0.006552517879754305,-0.005848284345120192,-0.008027809672057629,-0.009996596723794937,-0.009736624546349049,-0.0043057845905423164,-0.004934312310069799,-0.00011050512694055215
TMO,2,2026-04-07 14:00:00+00:00,10:00,-0.00017047571600414813,down,-0.0025627301074564457,-0.00242131226696074,-0.003554720664396882,-0.00034278538078069687,-0.00015433125372510403,-0.001500512007623911,-0.003388379467651248,-0.002961578778922558,-0.005032040644437075,-0.004305921494960785,-0.0017532289493829012,-0.0005172681412659585,-0.001232445240020752,-0.0009687429410405457,-0.0003736932121682912,-0.0015116232680156827,0.001236716634593904,0.00022677824017591774,-1.5537807485088706e-05,-0.0002734673907980323,-0.0002559320710133761,-0.001978921703994274,-0.0035085894633084536,-0.0015099475858733058,-0.001989070326089859,-0.00017047571600414813
MTD,2,2026-04-07 14:00:00+00:00,10:00,-0.0002078470279229805,down,-0.0029366351664066315,-0.0006539464229717851,-0.0029092724435031414,0.00016243854770436883,0.0002856156206689775,-0.0022307815961539745,-0.0028749362099915743,-0.0024662469513714314,-0.005345019977539778,-0.003638866124674678,-0.0012461304431781173,-0.0004935743054375052,-0.000710361753590405,-0.00020773439609911293,-0.0006849610363133252,-0.0014336260501295328,0.0004750587104354054,0.00038257366395555437,0.0003894883266184479,-0.0007732118247076869,-0.0017328409012407064,-0.0027040487620979548,-0.004196099005639553,-0.000845697068143636,-0.002894962439313531,-0.0002078470279229805
ROK,2,2026-04-07 14:00:00+00:00,10:00,-0.0002413688343949616,down,0.0012414157390594482,0.002390052191913128,0.00244816392660141,0.004048484843224287,0.005879353731870651,0.0031162912491708994,0.0011201712768524885,0.0018993108533322811,-0.0005701142363250256,0.0009232244337908924,0.0021355394273996353,0.002855098806321621,0.003221480641514063,0.0030417502857744694,0.00340724503621459,0.002184187760576606,0.004303110297769308,0.003491269890218973,0.001819321303628385,0.0005615850095637143,0.000778523797634989,-0.0016721920110285282,-0.0006547223892994225,0.002115340204909444,0.0002029881434282288,-0.0002413688343949616
ERIE,2,2026-04-07 14:00:00+00:00,10:00,-0.00025506215752102435,down,0.006471678614616394,0.009826009161770344,0.006663884036242962,0.00796727929264307,0.008724212646484375,0.00674093421548605,0.003653444815427065,0.005138677079230547,0.003897680202499032,0.002077144104987383,0.005269541405141354,0.00815938413143158,0.0042704930528998375,0.004322366323322058,0.003881393698975444,0.003414633683860302,0.005029693711549044,0.006194361951202154,0.0049682920798659325,0.005610424093902111,0.004035862162709236,0.003748063463717699,0.001800818252377212,0.005442548543214798,0.000444059754954651,-0.00025506215752102435
CL,2,2026-04-07 14:00:00+00:00,10:00,-0.0002641190658323467,down,-0.000771563732996583,0.0015226947143673897,0.0009501027525402606,0.003691932186484337,0.003537518670782447,0.0026112969499081373,0.001068270648829639,0.001830207766033709,0.0018542584730312228,0.0016029668040573597,0.003330377396196127,0.0044654663652181625,0.0041345516219735146,0.0028721566777676344,0.004272273276001215,0.0031282873824238777,0.00350722623988986,0.004167548380792141,0.0037497084122151136,0.003966217394918203,0.004110891371965408,0.0018366860458627343,0.0014144310262054205,0.0036549177020788193,0.0007631808985024691,-0.0002641190658323467
CRL,2,2026-04-07 14:00:00+00:00,10:00,-0.00030471000354737043,down,0.002000049687922001,0.002593409735709429,-0.002370362402871251,0.0016851414693519473,0.0006448784261010587,-0.0019234830979257822,-0.005890305154025555,-0.002446366474032402,-0.0031886871438473463,-0.0019956864416599274,2.136880357284099e-05,0.001606014440767467,0.001802094979211688,0.0017004418186843395,-0.0003808898909483105,-0.002359153004363179,0.0007906801183708012,0.0009380726842209697,-0.0018691037548705935,-0.0016121554654091597,-0.002883462468162179,-0.0030545825138688087,-0.0026017571799457073,-0.0003352979547344148,-0.002387769753113389,-0.00030471000354737043
NDAQ,2,2026-04-07 14:00:00+00:00,10:00,-0.00031310421763919294,down,-0.003952886909246445,-0.0002043794811470434,-0.0030905886087566614,-0.0002525870513636619,0.0006745831924490631,-0.0006866469047963619,-0.003953725099563599,-0.0017366831889376044,-0.003298000432550907,-0.005425531417131424,-0.004610012285411358,-0.0025048283860087395,-0.0010318197309970856,0.00019060705380979925,-5.164126923773438e-05,-0.0022335611283779144,0.000769518141169101,-0.00010102416854351759,-0.0009880090365186334,-0.0011743520153686404,-0.0004255906096659601,-0.0020914392080157995,-0.0017822753870859742,0.002093852497637272,-0.0008240298484452069,-0.00031310421763919294
AME,2,2026-04-07 14:00:00+00:00,10:00,-0.0003146788221783936,down,-0.00045954843517392874,0.0018400201806798577,0.0017561271088197827,0.0035610476043075323,0.005762459244579077,0.0027097081765532494,0.0013053180882707238,0.001392967882566154,-0.0003797952376771718,-0.00023116290685720742,0.0027900943532586098,0.0020318974275141954,0.0012603175127878785,0.0013757512206211686,0.0007827896624803543,0.00017933384515345097,0.0022933068685233593,0.0018644899828359485,0.0013749294448643923,0.00011709638056345284,0.000837608240544796,-0.0011901345569640398,-0.0021001684945076704,7.825479406164959e-05,-0.0008100529666990042,-0.0003146788221783936
PNC,2,2026-04-07 14:00:00+00:00,10:00,-0.0003321913245599717,down,-0.005765189416706562,-0.0029712801333516836,-0.003960384987294674,-0.001603437471203506,-4.703907325165346e-05,-0.002489992417395115,-0.004567537922412157,-0.004502805415540934,-0.005138206761330366,-0.005814295262098312,-0.0036423704586923122,-0.004622464533895254,-0.004515825770795345,-0.00382897537201643,-0.0032293798867613077,-0.0036041231360286474,-0.0014720915351063013,-0.0020716474391520023,-0.002501190174371004,-0.0029621426947414875,-0.003048830898478627,-0.004346165340393782,-0.005427436903119087,-0.002365464111790061,-0.0023577308747917414,-0.0003321913245599717
BLK,2,2026-04-07 14:00:00+00:00,10:00,-0.0003355448425281793,down,-0.003401067340746522,-0.0014541912823915482,-0.004094983451068401,-0.00045147427590563893,0.0003462926542852074,-0.001669334014877677,-0.0026913927868008614,-0.0019237796077504754,-0.004226237535476685,-0.002195939654484391,0.0006653756136074662,0.0008465757127851248,0.0007585862185806036,0.0009489616495557129,0.0006527476361952722,-0.00045642920304089785,0.0013736577238887548,0.0016505395760759711,0.0012412306386977434,-0.00035803645732812583,-0.0010820779716596007,-0.0022946216631680727,-0.0035630317870527506,-0.00017399930220562965,-0.0028636057395488024,-0.0003355448425281793
AIZ,2,2026-04-07 14:00:00+00:00,10:00,-0.0003495448036119342,down,0.0010596818756312132,0.003133429680019617,0.0017879628576338291,0.0035976094659417868,0.0026488634757697582,0.0008568717748858035,-0.0008940395200625062,-0.00013449481048155576,-1.9506569515215233e-05,-0.0007752306410111487,0.001186045235954225,0.001954751554876566,0.0014423199463635683,0.0016730986535549164,0.0016819569282233715,0.00043226362322457135,0.002587235299870372,0.0011613202514126897,0.001151966629549861,1.2623895599972457e-05,0.00018174848810303956,-0.0020909931045025587,-0.0031590538565069437,0.00044558325316756964,-0.002424493432044983,-0.0003495448036119342
EXE,2,2026-04-07 14:00:00+00:00,10:00,-0.00035017874324694276,down,0.00021377505618147552,0.0029938563238829374,0.00342162000015378,0.005074527580291033,0.004194238688796759,0.0033192820847034454,-0.0035240999422967434,0.00011295473814243451,0.0004918666090816259,-0.0016682964051142335,0.0008122106664814055,0.00011865041597047821,0.0004629015747923404,0.00213568820618093,0.003062282223254442,0.0039854818023741245,0.0035748074296861887,0.002849940210580826,0.0009041120065376163,0.0008531358907930553,0.0009929905645549297,0.0007693039951846004,0.002827370073646307,0.006504789926111698,0.0027872780337929726,-0.00035017874324694276
AMZN,2,2026-04-07 14:00:00+00:00,10:00,-0.00035235320683568716,down,-0.008118909783661366,-0.007282063830643892,-0.010798618197441101,-0.010424328036606312,-0.012377116829156876,-0.013582916930317879,-0.01420627161860466,-0.010560506954789162,-0.012600572779774666,-0.010106239467859268,-0.007225830107927322,-0.007757739629596472,-0.008075874298810959,-0.008326644077897072,-0.006984799634665251,-0.006983556784689426,-0.006144218146800995,-0.006867691408842802,-0.003721632994711399,-0.0052413842640817165,-0.005984000861644745,-0.007347459904849529,-0.006593477912247181,-0.004003888927400112,-0.0022697467356920242,-0.00035235320683568716
MNST,2,2026-04-07 14:00:00+00:00,10:00,-0.0003643313830252737,down,-0.00039253587601706386,0.0019755575340241194,0.0018652643775567412,0.0028704730793833733,0.005011245142668486,0.002147289691492915,-0.0016690614866092801,-0.0006582386558875442,-0.001481965184211731,-0.0005608720821328461,0.0009628115221858025,0.0015171944396570325,-0.00014313767314888537,0.00033987939241342247,0.000366319582099095,-0.00041074902401305735,4.194930079393089e-05,0.00011332033318467438,0.000850779062602669,-0.00027503020828589797,-0.00018737958453129977,-0.0016275655943900347,-0.0017278807936236262,0.002203636337071657,-0.0006966822547838092,-0.0003643313830252737
KR,2,2026-04-07 14:00:00+00:00,10:00,-0.0003672804741654545,down,-0.003303112694993615,0.00045177509309723973,-0.0016174233751371503,0.0006445485632866621,0.000439854251453653,-0.002776599954813719,-0.006816675420850515,-0.00449726078659296,-0.0048871287144720554,-0.003633884247392416,-0.002364442218095064,-0.0014571469509974122,-0.0015079081058502197,-0.0009661688818596303,-0.0009914238471537828,-0.0023952943738549948,0.0003150046104565263,-0.0011465316638350487,-0.001955935498699546,-0.0008911973563954234,-0.0021125790663063526,-0.00378848472610116,-0.0046853916719555855,-0.0008794876630418003,-0.002615880686789751,-0.0003672804741654545
DOV,2,2026-04-07 14:00:00+00:00,10:00,-0.000367451662896201,down,-0.001569607062265277,0.0010890342528000474,0.001167269074358046,0.0022239796817302704,0.0037953341379761696,0.0021242850925773382,-0.00038874539313837886,-0.000763393531087786,-0.0025422547478228807,-0.0016042552888393402,-0.0005356120527721941,-0.00023375547607429326,-0.0013740815920755267,-0.0012362543493509293,-0.0014431496383622289,-0.0017069808673113585,0.0005728058167733252,-0.0005089751211926341,-0.0010579177178442478,-0.00012702493404503912,-0.0009116269065998495,-0.0016663636779412627,-0.002675674157217145,-0.0006152679561637342,-0.0021894010715186596,-0.000367451662896201
ES,2,2026-04-07 14:00:00+00:00,10:00,-0.0003674560284707695,down,-0.0007272923830896616,0.002399664605036378,0.0010672174394130707,0.001657801098190248,0.002650352893397212,-0.00030167034128680825,-0.001930444617755711,-0.002319290768355131,-0.002467822516337037,-0.002704800106585026,-0.0005236266297288239,0.0005490233888849616,-0.00018815012299455702,0.00041317834984511137,0.0003799679398071021,-0.0003483506152406335,0.001510935602709651,0.0013112680753692985,0.0006558688473887742,0.0002510366903152317,-0.0004817793087568134,-0.0018461499130353332,-0.0016088437987491488,0.0010647500166669488,-0.0010471551213413477,-0.0003674560284707695
TROW,2,2026-04-07 14:00:00+00:00,10:00,-0.0003692047030199319,down,-0.001457418780773878,0.0006454841350205243,-0.0012944901827722788,-0.0003896045091096312,0.0013326584594324231,-1.1331503628753126e-05,-0.004619421903043985,-0.0030040086712688208,-0.004236109089106321,-0.004958771634846926,-0.0030906647443771362,-0.0016334789106622338,-0.0008029300952330232,-0.00038736697752028704,-8.081861597020179e-05,-0.0016433254349976778,0.0006544355419464409,0.0007199558313004673,0.000260966073255986,0.0010117205092683434,0.0009602898498997092,-0.001075227279216051,-0.0019952852744609118,0.0016212377231568098,0.00015476730186492205,-0.0003692047030199319
FICO,2,2026-04-07 14:00:00+00:00,10:00,-0.00037939692265354097,down,-0.0024166100192815065,-0.0024967845529317856,-0.006537728011608124,-0.002184283221140504,-0.004538164474070072,-0.006646240595728159,-0.007223642896860838,-0.005878924857825041,-0.008836611174046993,-0.00521052023395896,-0.0032116170041263103,-0.0007655059453099966,0.00010840582399396226,0.0007984371040947735,-0.002333887619897723,-0.0031561311334371567,-0.0014255980495363474,-0.0006171757122501731,-0.001143786357715726,-0.004799128044396639,-0.0033810222521424294,-0.003324860939756036,-0.0033520141150802374,-0.0012177544413134456,-0.0023046815767884254,-0.00037939692265354097
DTE,2,2026-04-07 14:00:00+00:00,10:00,-0.0004949915455654263,down,-0.0010698671685531735,0.0015530469827353954,0.0008114153752103448,0.003270180430263281,0.005343714728951454,0.003974617458879948,0.002727787010371685,0.001837914576753974,0.002763031516224146,0.0018774361815303564,0.0032926194835454226,0.003834651317447424,0.0034217440988868475,0.0032718772999942303,0.0026678203139454126,0.0021126430947333574,0.002789895050227642,0.001963757211342454,0.001631063874810934,0.0017268913798034191,0.0012963491026312113,-0.0009767035953700542,-0.0013553961180150509,0.0005077191162854433,-0.0010817279107868671,-0.0004949915455654263
PPL,2,2026-04-07 14:00:00+00:00,10:00,-0.0005986531032249331,down,-0.002300624968484044,-0.00014081642439123243,-0.0012909324141219258,0.0007038427283987403,0.0006047502974979579,-0.0011080199619755149,-0.00412521930411458,-0.0038918661884963512,-0.004014180973172188,-0.003169592935591936,-0.002867840463295579,-0.002698655705899,-0.0030557962600141764,-0.003408808261156082,-0.0018933353712782264,-0.0019420684548094869,-0.0014128579059615731,-0.00189035979565233,0.00020454890909604728,4.6874338295310736e-05,-0.00013074607704766095,-0.0021901410073041916,-0.0009498825529590249,0.00040983589133247733,-0.0019130255095660686,-0.0005986531032249331
LMT,2,2026-04-07 14:00:00+00:00,10:00,-0.0006116462172940373,down,-0.0038221245631575584,-0.0027302063535898924,-0.002750787418335676,-0.00022669190366286784,0.000426019832957536,-0.0013761833542957902,-0.0037564863450825214,-0.0030188842210918665,-0.005617015063762665,-0.0045051961205899715,-0.0015419902047142386,-0.001117919571697712,-0.001403402304276824,-0.0013439767062664032,-0.0022669979371130466,-0.0029922514222562313,-0.001229005167260766,-0.001503362669609487,-0.001425606315024197,-0.002035659970715642,-0.0022986107505857944,-0.004437915049493313,-0.005239010322839022,-0.0020951570477336645,-0.002977841766551137,-0.0006116462172940373
Q,2,2026-04-07 14:00:00+00:00,10:00,-0.0006326216389425099,down,-0.005055601242929697,-0.004640751518309116,-0.009484383277595043,-0.005786589812487364,-0.008262871764600277,-0.00953082088381052,-0.012952296063303947,-0.0071518756449222565,-0.008663981221616268,-0.0068075708113610744,-0.0029709446243941784,-0.004078719764947891,-0.00449359230697155,-0.0026413206942379475,-0.0015725870616734028,-0.002822594018653035,-0.0019377865828573704,-0.0018735582707449794,-0.004296532366424799,-0.007466180715709925,-0.009200569242238998,-0.01071095373481512,-0.008330537006258965,-0.002906129462644458,-0.004782494623214006,-0.0006326216389425099
UHS,2,2026-04-07 14:00:00+00:00,10:00,-0.0006498245638795197,down,-0.0017521269619464874,0.001940611400641501,-0.0005803836975246668,0.0016437653684988618,0.001557653769850731,0.0001552853500470519,-0.002267762552946806,-0.0003576727176550776,-0.00038676898111589253,-0.0015822923742234707,0.00012552666885312647,0.001479821978136897,0.0009575248113833368,0.002389555564150214,0.0013762578601017594,0.00042611779645085335,0.003271720139309764,0.0020214098040014505,0.0009117917506955564,0.0011487187584862113,8.372434240300208e-05,-0.002058351645246148,-0.001894694403745234,0.001650567981414497,-0.0027453068178147078,-0.0006498245638795197
IVZ,2,2026-04-07 14:00:00+00:00,10:00,-0.0006563644856214523,down,-0.013714781031012535,-0.005732296966016293,-0.012891380116343498,-0.009137200191617012,-0.014702294021844864,-0.015662290155887604,-0.01906210370361805,-0.011589856818318367,-0.010885271243751049,-0.0067350189201533794,-0.0004163500270806253,-0.002093750284984708,0.000999968033283949,0.00281829247251153,0.0010653168428689241,0.0017563793808221817,0.004459700081497431,0.004979406949132681,0.0010852249106392264,-0.000882646651007235,-0.0007865026709623635,-0.002703552134335041,0.0006616710452362895,0.0034266887232661247,0.0018402968998998404,-0.0006563644856214523
COP,2,2026-04-07 14:00:00+00:00,10:00,-0.0006706843851134181,down,-0.003992414101958275,0.0009223721572197974,-0.00041493584285490215,0.0011260106693953276,0.00360565772280097,0.0022049210965633392,0.00047905181418173015,-0.0030157703440636396,-0.005051545798778534,-0.0060533019714057446,-0.001741667976602912,-0.0022120680660009384,-0.004086751025170088,-0.0033058379776775837,-0.002835216699168086,-0.0024596198927611113,-0.003704648232087493,-0.0028687703888863325,-0.0016254257643595338,-0.0019304916495457292,-0.004561517853289843,-0.005232939496636391,-0.005801098886877298,-0.0020284238271415234,-0.0031793827656656504,-0.0006706843851134181
O,2,2026-04-07 14:00:00+00:00,10:00,-0.0006751207984052598,down,-0.002799420617520809,-0.0003537049633450806,-0.0006397519027814269,-8.658578735776246e-05,0.0013864901848137379,0.0010373801924288273,-0.0006037901039235294,-0.000452658801805228,-0.0007915087626315653,-0.0019075835589319468,0.0008527387981303036,0.000341689185006544,-0.0006697616772726178,-0.000924481253605336,0.00021360522077884525,-0.0006848248885944486,0.0006707786815240979,0.0015948396176099777,0.0012667982373386621,0.0015847280155867338,0.0013343723258003592,-0.0007519323844462633,-0.00012095073179807514,0.0010771706001833081,-0.001756756566464901,-0.0006751207984052598
ADSK,2,2026-04-07 14:00:00+00:00,10:00,-0.0007150809979066253,down,-0.0011325974483042955,0.0009702196693979204,-0.002061737235635519,-0.00028030722751282156,-0.00415519904345274,-0.005178404971957207,-0.006529390811920166,-0.0042051877826452255,-0.00485636480152607,-0.0035921838134527206,-0.0011676163412630558,0.0006922493339516222,-0.0013108074199408293,-0.000845306261908263,-0.0019692645873874426,-0.0008832279709167778,0.0013232874916866422,0.0002490664483048022,-0.0010931500000879169,-0.000674285227432847,-0.0012225628597661853,-0.0021519989240914583,-0.002405979437753558,0.0005365521647036076,-0.0018687592819333076,-0.0007150809979066253
TSN,2,2026-04-07 14:00:00+00:00,10:00,-0.0007538858335465193,down,0.0002380728692514822,0.003980514593422413,0.0028930772095918655,0.0024520885199308395,0.004275742918252945,0.0013024343643337488,0.0001424511574441567,-0.0011483165435492992,-3.2802705391077325e-05,-0.0012128495145589113,0.00031583866802975535,0.0015739245573058724,0.0006258676294237375,0.0007024365477263927,0.0007888308609835804,6.701353413518518e-05,0.0013249896001070738,0.0008409467409364879,0.000765276316087693,0.0012209491105750203,0.0006900514126755297,-0.0004746888007503003,-0.0011927350424230099,0.0005583459860645235,-0.0023698643781244755,-0.0007538858335465193
JCI,2,2026-04-07 14:00:00+00:00,10:00,-0.0007554481853730977,down,-0.004059493076056242,-0.0024610483087599277,-0.00450486596673727,-0.001942831906490028,-0.0013815918937325478,-0.0019984052050858736,-0.004734990186989307,-0.0035627998877316713,-0.004179366398602724,-0.003123706905171275,-0.0014627267373725772,-0.000533838989213109,-4.1097104258369654e-05,-0.0005627875798381865,0.00024184412905015051,-0.00012079838052159175,0.0005290551343932748,3.121266490779817e-05,-0.00015722350508440286,-0.0013139609945937991,-0.0010109450668096542,-0.003759814193472266,-0.0041254544630646706,-0.0001863903453340754,-0.003001690376549959,-0.0007554481853730977
WSM,2,2026-04-07 14:00:00+00:00,10:00,-0.0007772030658088624,down,0.002248944714665413,0.002069201786071062,0.00022480070765595883,0.0028929272666573524,0.0006425793981179595,0.0005668219528160989,-0.005150741431862116,-0.00511332368478179,-0.008490055799484253,-0.007873928174376488,-0.005322218872606754,-0.0031599747017025948,-0.0038985766004770994,-0.005648245103657246,-0.007535494863986969,-0.009559416212141514,-0.005060060881078243,-0.004201099742203951,-0.005578425247222185,-0.004595031961798668,-0.005464876536279917,-0.0066992067731916904,-0.006040975451469421,5.2115363359916955e-05,-0.002398823155090213,-0.0007772030658088624
FRT,2,2026-04-07 14:00:00+00:00,10:00,-0.0007968174759298563,down,-0.0007682265131734312,0.004319128580391407,0.004013805650174618,0.0024623472709208727,0.00496711116284132,0.003161423373967409,0.0013936945470049977,0.0008762904908508062,0.002068866277113557,0.0009606065577827394,0.002851540455594659,0.0024287740234285593,0.002482103416696191,0.0017660986632108688,0.001290893298573792,0.00095903011970222,0.0018804091960191727,0.001189373666420579,0.0008764306548982859,0.0009326093713752925,-0.00019474004511721432,-0.002075271913781762,-0.0024405024014413357,0.0002671477268449962,-0.0012029185891151428,-0.0007968174759298563
AES,2,2026-04-07 14:00:00+00:00,10:00,-0.0008096962119452655,down,-0.001673439983278513,0.001062018913216889,-0.00037163792876526713,1.1522772183525376e-05,0.0003000388096552342,0.00011005337728420272,-0.000753637810703367,-0.0013126771664246917,-0.001497176242992282,-0.001972686732187867,0.00022410019300878048,-3.7047073419671506e-05,-0.0004151652392465621,-0.00020027738355565816,0.00010905955423368141,-0.001009250758215785,0.0011877604993060231,0.0004453477158676833,-0.000841800938360393,-0.00017443283286411315,-0.0004209080070722848,-0.0025848597288131714,-0.002282146830111742,-0.0004808534577023238,-0.0020972106140106916,-0.0008096962119452655
KKR,2,2026-04-07 14:00:00+00:00,10:00,-0.0008392686722800136,down,-0.006206166464835405,-0.001044988981448114,-0.0009939929004758596,-0.0017007619608193636,-0.0027852461207658052,-0.003009139560163021,-0.007889623753726482,-0.0060639395378530025,-0.00645824521780014,-0.0065081482753157616,-0.004582238849252462,-0.0031521122436970472,-0.002383298007771373,-0.0010485934326425195,0.00044402750791050494,-0.0012774766655638814,0.000723979901522398,-0.0006469858344644308,-0.0008084598812274635,-0.00036865886067971587,-0.001724523608572781,-0.002721574855968356,-0.002883356064558029,-0.00018846122839022428,-0.0016187607543542981,-0.0008392686722800136
ROL,2,2026-04-07 14:00:00+00:00,10:00,-0.0008713260176591575,down,-0.0036860036198049784,-0.00018932812963612378,0.00019131907902192324,0.002519103931263089,0.001970631303265691,0.0023173210211098194,-6.839985144324601e-05,0.0002127169573213905,0.0019265838200226426,0.0023557436652481556,0.0038644641172140837,0.0058134146966040134,0.004659724421799183,0.0034535995218902826,0.00399110047146678,0.002455048030242324,0.003722568741068244,0.004608144052326679,0.003263946622610092,0.004499303642660379,0.0048410408198833466,0.003691853489726782,0.002545787952840328,0.005055367946624756,0.003006263170391321,-0.0008713260176591575
C,2,2026-04-07 14:00:00+00:00,10:00,-0.0008939075632952154,down,-0.0069877514615654945,-0.005179448984563351,-0.007016328163444996,-0.003585756290704012,-0.0010459285695105791,-0.0010515648173168302,-0.00480067590251565,-0.004466849844902754,-0.0056673940271139145,-0.00484439916908741,-0.002688802545890212,-0.0020637442357838154,-0.0028308513574302197,-0.0018807515734806657,-0.0006824282463639975,-0.0017738656606525183,-0.001525096595287323,-0.001202816260047257,-0.00030533625977113843,-0.0006609541014768183,-0.002132921013981104,-0.0037801512517035007,-0.0037286728620529175,-0.0012151800328865647,-0.002463274635374546,-0.0008939075632952154
ROP,2,2026-04-07 14:00:00+00:00,10:00,-0.0009159253677353263,down,-0.0006806684541516006,-0.001457131002098322,-0.0019148417050018907,0.0008266905206255615,0.002262997906655073,-0.00015017933037597686,-0.0003982290509156883,-0.0007425568765029311,-0.002104285405948758,-0.002471308456733823,-0.001074523781426251,0.00030054370290599763,-0.00038771837716922164,-0.0004221802519168705,-0.0007471638382412493,-0.0027817918453365564,-0.0014941234840080142,-0.0007397490553557873,-0.0012756282230839133,-0.0019451691769063473,-0.0014557878021150827,-0.0037125875242054462,-0.003804611274972558,-0.0004036815953440964,-0.0029321962501853704,-0.0009159253677353263
BRK-B,2,2026-04-07 14:00:00+00:00,10:00,-0.0009238739730790257,down,-0.004865598399192095,-0.004532082471996546,-0.0039884718134999275,-0.0023025874979794025,-4.671148053603247e-05,-0.0019932666327804327,-0.0034531683195382357,-0.004136740695685148,-0.005014937836676836,-0.006123740691691637,-0.004381299018859863,-0.003249563742429018,-0.003941038623452187,-0.0037782061845064163,-0.0027012627106159925,-0.0038486411795020103,-0.0017652991227805614,-0.0009501344757154584,-0.0024277493357658386,-0.002138929907232523,-0.003038289723917842,-0.004763267934322357,-0.005569831468164921,-0.002480702009052038,-0.0031801490113139153,-0.0009238739730790257
CMS,2,2026-04-07 14:00:00+00:00,10:00,-0.0009702373063191772,down,-0.0028513430152088404,-0.0008286769152618945,-0.001794563140720129,0.001516676158644259,0.0030398841481655836,0.001392061123624444,-0.0006346667069010437,-0.00025522589567117393,0.0018751121824607253,0.00036719453055411577,0.0019071695860475302,0.0020693233236670494,0.001651778700761497,0.0014550702180713415,0.0008484653080813587,-0.0004789602826349437,0.0014422292588278651,0.0003198778722435236,0.0006341460975818336,0.001261621480807662,0.0008812479209154844,-0.0008357338374480605,-0.002378273056820035,-0.00018460444698575884,-0.0012648503761738539,-0.0009702373063191772
COF,2,2026-04-07 14:00:00+00:00,10:00,-0.0009730095625855029,down,-0.0034071330446749926,0.0005468031740747392,-0.002896104473620653,-0.0006648608250543475,-0.0010712468065321445,-0.0019556640181690454,-0.00374987768009305,-0.0006859630811959505,-0.0027413067873567343,-0.0031779392156749964,-0.001905815675854683,-0.001584748737514019,-0.003042793134227395,-0.002082145307213068,-0.0006308469455689192,-0.0010742921149358153,-0.0008290046826004982,0.00014418878708966076,-0.0016640069661661983,-0.0013354411348700523,-0.0026086680591106415,-0.004240990150719881,-0.003847267711535096,-0.0006972983828745782,-0.0032439895439893007,-0.0009730095625855029
APTV,2,2026-04-07 14:00:00+00:00,10:00,-0.0010117385536432266,down,-0.006429618690162897,0.0006049585063010454,-0.0015216058818623424,0.0018461990403011441,-0.001287155202589929,-0.0010749693028628826,-0.009453346021473408,-0.008248888887465,-0.006866076961159706,-0.012070457451045513,-0.010476620867848396,-0.007396156433969736,-0.0008724653162062168,0.0001438906037947163,-0.005430376157164574,-0.005427205003798008,-0.0017793601145967841,-0.0031904438510537148,-0.0016104459064081311,-0.0047418540343642235,-0.0030778306536376476,-0.005978522822260857,-0.005111745558679104,-3.426535477046855e-05,-0.0030627911910414696,-0.0010117385536432266
EG,2,2026-04-07 14:00:00+00:00,10:00,-0.0010638274252414703,down,0.0008867095457389951,0.00424812501296401,0.003405875526368618,0.004018730949610472,0.005248315632343292,0.003000230761244893,0.000992107903584838,0.000914069009013474,0.00032096292125061154,0.0008993273950181901,0.0010788188083097339,0.0014265473000705242,0.0006151617271825671,0.0005648255464620888,-0.0005031381151638925,-0.0016608171863481402,-0.0007101129158399999,-0.0005770479328930378,-0.0009438705747015774,-0.000885341374669224,-0.0013894232688471675,-0.0024727254640311003,-0.0022733325604349375,0.000902579806279391,-0.0014366665855050087,-0.0010638274252414703
GIS,2,2026-04-07 14:00:00+00:00,10:00,-0.0010764708276838064,down,0.002007440198212862,0.003084565745666623,0.0021410800982266665,0.0030022747814655304,0.0015489851357415318,-0.0006334648351185024,-0.0014173696981742978,-0.0018362291157245636,-0.002264912473037839,-0.0013684745645150542,-0.001533312606625259,-0.0013229814358055592,-0.001617582282051444,-0.0026707749348133802,-0.0006903920439071953,-0.0011669255327433348,-0.0014524743892252445,-0.0017474640626460314,3.675945117720403e-05,0.0003980337642133236,0.000291336647933349,-0.001432034419849515,-0.0008760158088989556,0.0006006663898006082,-0.0014590502250939608,-0.0010764708276838064
RSG,2,2026-04-07 14:00:00+00:00,10:00,-0.0011013360926881433,down,-0.0031800074502825737,-0.0017619786085560918,-0.0028451192192733288,-7.38469825591892e-05,0.001478317892178893,-0.0005862948601134121,-0.0016094290185719728,-0.0011840161168947816,-0.0021921151783317327,-0.0024599754251539707,-0.0002335249591851607,-0.0007007200038060546,-0.0012262322707101703,-0.000652160553727299,-0.0016908686375245452,-0.0018842052668333054,-0.0008830877486616373,-0.0007577443611808121,-0.001040107337757945,-0.0005791836883872747,-0.001779519603587687,-0.0030459819827228785,-0.0029756620060652494,-0.0006156729650683701,-0.0023854884784668684,-0.0011013360926881433
DHR,2,2026-04-07 14:00:00+00:00,10:00,-0.001121005043387413,down,-0.005430000834167004,-0.0005521196871995926,-0.003644202370196581,-0.0016386244678869843,-0.0007877091411501169,-0.0021235544700175524,-0.0041315555572509766,-0.0021070234943181276,-0.0035165278241038322,-0.0038899369537830353,-0.0019603038672357798,-0.0012797656236216426,-0.0021355110220611095,-0.0018724070396274328,-0.002200125716626644,-0.0019181522075086832,-0.0003671562881208956,-9.79888645815663e-05,-0.0008250708342529833,-0.0009737523505464196,-0.002318719867616892,-0.003402769099920988,-0.003604278899729252,2.884560490201693e-05,-0.0016676844097673893,-0.001121005043387413
NWS,2,2026-04-07 14:00:00+00:00,10:00,-0.0011288877576589584,down,0.0019953264854848385,0.004621722735464573,0.002724109450355172,0.006460816133767366,0.0025292313657701015,0.0017734930152073503,-0.00029797820025123656,0.0022969518322497606,0.0006434957613237202,0.0007898747571744025,0.002117954194545746,0.002704923739656806,0.0012007318437099457,0.0019440311007201672,0.0016252909554168582,0.0011883573606610298,0.002625388791784644,0.002598569728434086,0.0022438818123191595,0.0028088768012821674,0.0018446717876940966,0.0005593044334091246,-0.001207954017445445,0.0008939396939240396,-0.0013425531797111034,-0.0011288877576589584
UDR,2,2026-04-07 14:00:00+00:00,10:00,-0.0011505588190630078,down,-0.001968654105439782,0.003687532152980566,0.001703926594927907,0.003186195157468319,0.0023897262290120125,0.0031671468168497086,0.0018595746951177716,0.0039223539642989635,0.0027917195111513138,0.0022848169319331646,0.003621206386014819,0.002433290472254157,5.531897841137834e-05,-0.00020224114996381104,0.0007270117639563978,-0.00010373637633165345,0.002757173730060458,0.0026877273339778185,0.002300368156284094,0.0008022110559977591,-0.00022513288422487676,-0.0026371341664344072,-0.0037644999101758003,-0.0006032055825926363,-0.0031278193928301334,-0.0011505588190630078
BG,2,2026-04-07 14:00:00+00:00,10:00,-0.0011626892955973744,down,0.001672371756285429,0.004221797455102205,0.004744782578200102,0.006074903532862663,0.006357030943036079,0.0020496549550443888,0.0016183460829779506,0.0015343038830906153,0.0022803356405347586,0.0010564299300312996,0.0017736194422468543,0.0036190133541822433,0.002566554117947817,0.001693308586254716,0.0011410681763663888,-0.0006661001825705171,0.0019029411487281322,0.001389582408592105,0.0007118539069779217,0.002352852839976549,4.904348315903917e-05,-0.0028158880304545164,-0.003277057083323598,-0.0002666431537363678,-0.002163036959245801,-0.0011626892955973744
CSCO,2,2026-04-07 14:00:00+00:00,10:00,-0.0011942917481064796,down,-0.00010740749712567776,0.0015356765361502767,-0.0011713732965290546,0.0009983503259718418,0.004953241441398859,0.002619422972202301,-0.0007388346130028367,-0.001122365123592317,-0.001226948108524084,-0.0030554260592907667,-0.0002070192276732996,0.0014115966623649001,-0.0017169419443234801,-0.00019156203779857606,-0.001824317267164588,-0.002033048076555133,-0.0014198599383234978,-0.002438774798065424,-0.001828273176215589,-0.001610604696907103,-0.0017887754365801811,-0.003039400093257427,-0.0028242908883839846,-0.0001811504189390689,-0.00240891776047647,-0.0011942917481064796
GL,2,2026-04-07 14:00:00+00:00,10:00,-0.0011983448639512062,down,-0.0005413158214651048,0.002415289869531989,0.0014487075386568904,0.0034896694123744965,0.005490126088261604,0.003432437079027295,0.0017385900719091296,0.0009207845432683825,0.0022705383598804474,0.001087157754227519,0.002750939689576626,0.0032279815059155226,0.0026784706860780716,0.002502226270735264,0.0019956391770392656,0.0006066446658223867,0.0015656746691092849,0.001179889077320695,0.000770659651607275,0.0008806549594737589,0.0001397955638822168,-0.0018567716469988227,-0.0029138135723769665,-0.00040589136187918484,-0.0017533834325149655,-0.0011983448639512062
EXPD,2,2026-04-07 14:00:00+00:00,10:00,-0.001268960302695632,down,-0.0019583457615226507,0.0004919756902381778,-0.0003515836433507502,0.002134072594344616,0.0024850883055478334,0.0010740014258772135,-0.0009105993085540831,0.0004922655061818659,0.0005265159416012466,-0.0006495330599136651,0.001676660613156855,0.0026124033611267805,0.0017698048613965511,0.0018853379879146814,0.0019356959965080023,0.001199201331473887,0.002293400699272752,0.001316864974796772,0.0014680793974548578,0.0011256751604378223,-2.0754967408720404e-05,-0.001115007558837533,-0.0019454719731584191,0.00026992050698027015,-0.0015943772159516811,-0.001268960302695632
MAR,2,2026-04-07 14:00:00+00:00,10:00,-0.0013100733049213886,down,-0.002068735659122467,-4.078802157891914e-05,-0.0017477083019912243,0.0006057625287212431,0.0009777670493349433,-0.002040114253759384,-0.003232802264392376,-0.004213649779558182,-0.006912776734679937,-0.006372455041855574,-0.0036101348232477903,-0.0017353062285110354,-0.0035543148405849934,-0.0037562702782452106,-0.004314124118536711,-0.005727473180741072,-0.0037113216239959,-0.0023298165760934353,-0.003608795115724206,-0.0038092543836683035,-0.002001112326979637,-0.006471928674727678,-0.006313726771622896,-0.0033422810956835747,-0.004942752420902252,-0.0013100733049213886
F,2,2026-04-07 14:00:00+00:00,10:00,-0.0013214671052992344,down,-0.011648793704807758,0.00829700380563736,-0.00511204032227397,-0.004094775300472975,-0.007886204868555069,-0.009525849483907223,-0.011908575892448425,-0.008827609941363335,-0.006086386274546385,-0.0008784400997683406,0.005215494427829981,0.004165013786405325,0.00476459413766861,0.006335066631436348,0.007736961357295513,0.009717986918985844,0.010564204305410385,0.007825431413948536,0.004397663753479719,0.0051566180773079395,0.00376889668405056,0.002970663830637932,-0.0017944301944226027,0.0035383908543735743,-0.0007412382983602583,-0.0013214671052992344
SYF,2,2026-04-07 14:00:00+00:00,10:00,-0.0013925153762102127,down,-0.0023848270066082478,-0.0007751648663543165,-0.001487592700868845,-0.00019522175716701895,0.000714967492967844,-0.0007513717282563448,-0.003403735114261508,-0.003040103940293193,-0.003971639089286327,-0.004745634738355875,-0.0025266010779887438,-0.0013721423456445336,-0.0014457257930189371,-0.0010452934075146914,-0.0012761045945808291,-0.0016478074248880148,-7.237905083457008e-05,-6.860389112262055e-05,-0.0006832508952356875,-0.0008469486492685974,-0.0012621678179129958,-0.0028898529708385468,-0.0029283950570970774,0.000144552206620574,-0.002840244909748435,-0.0013925153762102127
PRU,2,2026-04-07 14:00:00+00:00,10:00,-0.0013956604525446892,down,-0.002224954543635249,0.0004901898209936917,-0.0008112310315482318,0.000705671263858676,0.002105765277519822,0.0012599265901371837,-0.0013655745424330235,-0.0007044973317533731,-0.0009769224561750889,-0.0014331378042697906,0.0008696008007973433,0.0009786731097847223,0.0011719086905941367,0.0009361898992210627,0.0008388898568227887,-8.426400745520368e-05,0.0010119546204805374,0.000961137528065592,0.0005358027410693467,0.0006797801470384002,2.7323148970026523e-05,-0.0017922937404364347,-0.002158127725124359,0.0010502946097403765,-0.001271185465157032,-0.0013956604525446892
NWSA,2,2026-04-07 14:00:00+00:00,10:00,-0.0014209793880581856,down,-0.0019614924676716328,0.00041459588101133704,-0.0009655590984039009,-0.0006666958797723055,-0.001143704168498516,-0.0033074277453124523,-0.005142940673977137,-0.0030093195382505655,-0.0021248944103717804,-0.00292326882481575,-0.0012317161308601499,-0.00011861328675877303,-0.0009003337472677231,-0.0004460251657292247,0.00036416054354049265,-0.0009564961073920131,0.001149562420323491,0.0007095056935213506,0.0006580318440683186,0.0006941324099898338,-0.0006962351035326719,-0.0023254328407347202,-0.002529541030526161,0.0005157440900802612,-0.0016935815801844,-0.0014209793880581856
TFC,2,2026-04-07 14:00:00+00:00,10:00,-0.001428890391252935,down,-0.0034490088000893593,-0.001489617396146059,-0.005895465612411499,-0.003908650949597359,-0.003718211781233549,-0.002966344589367509,-0.004641309846192598,-0.00492195226252079,-0.004270248115062714,-0.002968554850667715,-0.002150910208001733,-0.001308145932853222,-0.003121598158031702,-0.0024997617583721876,-0.002465080237016082,-0.00228981114923954,-0.0010738249402493238,-0.003032142762094736,-0.002649810863658786,-0.0027615048456937075,-0.002537344116717577,-0.0036698076874017715,-0.004148189909756184,-0.0007522879168391228,-0.0017501164693385363,-0.001428890391252935
SATS,2,2026-04-07 14:00:00+00:00,10:00,-0.001434768084436655,down,-0.007776353973895311,-0.007308351341634989,-0.012952742166817188,-0.005685990210622549,-0.00879032351076603,-0.012394203804433346,-0.013120454736053944,-0.009353918954730034,-0.01171804592013359,-0.009490888565778732,-0.005984387826174498,-0.008562183938920498,-0.005717088468372822,-0.004280970897525549,-0.005150450859218836,-0.005716101732105017,-0.0028498859610408545,-0.0029566718731075525,-0.005488917231559753,-0.006653809919953346,-0.004602228756994009,-0.007210678420960903,-0.004502273164689541,0.0006175034795887768,-0.0009302871185354888,-0.001434768084436655
L,2,2026-04-07 14:00:00+00:00,10:00,-0.001505631604231894,down,-0.0014734945725649595,0.0024261116050183773,0.0021367156878113747,0.0020883746910840273,0.0045360964722931385,0.0023722851183265448,0.001624593511223793,0.0005473201163113117,0.0020780228078365326,0.0012133880518376827,0.0032185085583478212,0.003177929436787963,0.0029040512163192034,0.0019420242169871926,0.0013426191871985793,0.001392638892866671,0.002337318379431963,0.0009836571989580989,0.0014233423862606287,0.0014115305384621024,0.00043611196451820433,-0.0019016965525224805,-0.002230325946584344,-0.00013514650345314294,-0.0016517152544111013,-0.001505631604231894
PANW,2,2026-04-07 14:00:00+00:00,10:00,-0.0015159343602135777,down,-0.0034726576413959265,-0.003013168927282095,-0.008517340756952763,-0.0048349774442613125,-0.007369730621576309,-0.007877999916672707,-0.009825932793319225,-0.006905391812324524,-0.008416675962507725,-0.006263714283704758,-0.0032743331976234913,-0.0016750533832237124,-0.002010913332924247,-0.00226427405141294,-0.0040041604079306126,-0.004172240849584341,-0.002855456667020917,-0.001428556744940579,-0.004682520870119333,-0.005381336901336908,-0.00521874288097024,-0.005429456476122141,-0.0023306612856686115,0.0017521907575428486,-0.0010066925315186381,-0.0015159343602135777
MDT,2,2026-04-07 14:00:00+00:00,10:00,-0.0015229801647365093,down,-0.0025674018543213606,-0.0005249587120488286,-0.00047294862451963127,-0.0001637660461710766,0.0012714938493445516,0.0005425043636932969,-0.0030640398617833853,-0.00037985568633303046,-0.0010124285472556949,0.0001808466186048463,0.0016431392868980765,0.002477992558851838,0.0009283546824008226,0.0015263415407389402,0.0023706569336354733,0.0019074107985943556,0.0027901986613869667,0.0018460261635482311,0.0030892095528542995,0.002777709625661373,0.0022422182373702526,0.0005773120792582631,0.0008076421800069511,0.0033005571458488703,-0.0005292526329867542,-0.0015229801647365093
ORLY,2,2026-04-07 14:00:00+00:00,10:00,-0.0015604912769049406,down,-0.0018048178171738982,0.001627749647013843,0.0013508194824680686,0.0007202094420790672,0.0023228859063237906,0.0018945379415526986,-0.0009761761175468564,-0.0012183752842247486,7.835651922505349e-05,0.00036171654937788844,0.0006680759834125638,0.0018009794875979424,0.0008823163225315511,0.0014910015743225813,0.00299123115837574,0.0016650258330628276,0.0027920217253267765,0.002988540567457676,0.0022818816360086203,0.0025052065029740334,0.0016311999643221498,0.00028813406242989004,-0.00021092132374178618,0.002633783733472228,-0.0010999138467013836,-0.0015604912769049406
HSY,2,2026-04-07 14:00:00+00:00,10:00,-0.0015649956185370684,down,-0.004751455970108509,-0.0024273316375911236,-0.0021103592589497566,-0.0013694241642951965,4.019274638267234e-05,-0.0020297211594879627,-0.004607031121850014,-0.004707625601440668,-0.004584215581417084,-0.004219804424792528,-0.003069882979616523,-0.0032436016481369734,-0.0030455791857093573,-0.0021676477044820786,-0.0022105795796960592,-0.002782195806503296,-0.0008479601237922907,-0.0009938302682712674,-0.0016659876564517617,-0.0018661123467609286,-0.0026126045268028975,-0.0032065364066511393,-0.004449020605534315,-0.0026683309115469456,-0.0037786555476486683,-0.0015649956185370684
VRSN,2,2026-04-07 14:00:00+00:00,10:00,-0.001570173422805965,down,-0.000911190640181303,-0.0010844512144103646,-0.0034916989970952272,-0.002535643521696329,-0.0036243940703570843,-0.006988326087594032,-0.012275142595171928,-0.008235177025198936,-0.008659330196678638,-0.009764282032847404,-0.007571738213300705,-0.003924208227545023,-0.003413291648030281,-0.004584881942719221,-0.00713203102350235,-0.005695985164493322,-0.004335612058639526,-0.006432726047933102,-0.007046186365187168,-0.008002038113772869,-0.0070523363538086414,-0.009640684351325035,-0.009475530125200748,-0.003429556032642722,-0.006977808196097612,-0.001570173422805965
MSCI,2,2026-04-07 14:00:00+00:00,10:00,-0.0016029811231419444,down,-0.001883329008705914,0.0006015152321197093,-0.00018605409422889352,0.001222862396389246,0.0020551346242427826,0.0012082636822015047,-0.0012368345633149147,-0.002023896900936961,-0.003056480083614588,-0.002505713142454624,-0.0007627960876561701,0.00039075588574633,-1.994517515413463e-05,-0.0005257874727249146,-0.0007141065434552729,-0.0019290241179987788,-0.0010157470824196935,-0.0009519488085061312,-0.0008386081317439675,-0.0013127804268151522,-0.0016665193252265453,-0.0032682172022759914,-0.0038912342861294746,-0.001354202744551003,-0.0035042972303926945,-0.0016029811231419444
CDNS,2,2026-04-07 14:00:00+00:00,10:00,-0.0016094152815639973,down,0.0007045074598863721,2.0335664885351434e-06,-0.002750216517597437,-0.0007098670466803014,-0.005686767399311066,-0.008384831249713898,-0.01368678268045187,-0.007916348986327648,-0.008107961155474186,-0.00989018939435482,-0.006561241578310728,-0.0024663261137902737,-0.0019629367161542177,-0.0032703790348023176,-0.004664313979446888,-0.004529185593128204,-0.0018490729853510857,-0.003321985015645623,-0.0025690323673188686,-0.004685184918344021,-0.006334576290100813,-0.010519023984670639,-0.0068565187975764275,-0.0029775199946016073,-0.005847088992595673,-0.0016094152815639973
NVDA,2,2026-04-07 14:00:00+00:00,10:00,-0.0016101840883493423,down,-0.005606848746538162,-0.006748930551111698,-0.011473041027784348,-0.010446721687912941,-0.011857230216264725,-0.013471005484461784,-0.013780423440039158,-0.008686920627951622,-0.010185793042182922,-0.008514001965522766,-0.004905304871499538,-0.0064605833031237125,-0.006544067058712244,-0.006583402864634991,-0.006472100969403982,-0.0068020750768482685,-0.00700001185759902,-0.006961441598832607,-0.006830716505646706,-0.00737681845203042,-0.007175346836447716,-0.009262104518711567,-0.007518650032579899,-0.004817587789148092,-0.004186059348285198,-0.0016101840883493423
EME,2,2026-04-07 14:00:00+00:00,10:00,-0.001616317662410438,down,-0.0018633173312991858,1.1286842891422566e-05,-0.00023709794913884252,0.0024404055438935757,0.004755246452987194,0.0028926124796271324,0.0002510016201995313,0.00010290485806763172,0.0003477064601611346,0.0012382975546643138,0.003314840840175748,0.0027968925423920155,0.002741276053711772,0.0012672469019889832,0.0007765011978335679,0.0003601498028729111,-0.00021324479894246906,-3.980924520874396e-05,0.002459298586472869,0.0010031255660578609,-0.0008192853420041502,-0.0020273858681321144,-0.002399760764092207,0.0008968355832621455,-0.001159972744062543,-0.001616317662410438
NVR,2,2026-04-07 14:00:00+00:00,10:00,-0.001645565265789628,down,0.0029006912373006344,0.004403195343911648,0.0006074966513551772,0.002958496566861868,0.0010531932348385453,-0.0017569049960002303,-0.0026010575238615274,-0.001788092777132988,-0.0037450881209224463,-0.00253423978574574,-0.0010658507235348225,0.0018201727652922273,6.429779750760645e-05,0.00045125960605219007,0.0004063964879605919,-0.0006826834287494421,0.0021067901980131865,0.0013415260473266244,0.00038356977165676653,0.0010677562095224857,-0.00011216425627935678,-0.0010193916969001293,-0.0030370112508535385,-4.855238876189105e-05,-0.003720500273630023,-0.001645565265789628
NRG,2,2026-04-07 14:00:00+00:00,10:00,-0.001650590100325644,down,-0.0038960620295256376,-0.0013580339727923274,-0.0036589696537703276,-0.0009350006002932787,-0.0020625090692192316,-0.004519359674304724,-0.0059281266294419765,-0.003679378656670451,-0.004642200656235218,-0.004804615397006273,-0.003295221133157611,-0.002018073806539178,-0.0024238962214440107,-0.003336479887366295,-0.002967576263472438,-0.0043405527248978615,-0.0018120768945664167,-0.0027477259282022715,-0.0028295964002609253,-0.0026505261193960905,-0.003912667743861675,-0.005054555367678404,-0.005801716819405556,-0.0019090352579951286,-0.0036557456478476524,-0.001650590100325644
EA,2,2026-04-07 14:00:00+00:00,10:00,-0.0016552519518882036,down,-0.003566223196685314,-0.0028133683372288942,-0.0018147650407627225,-0.0001758107537170872,0.0019334163516759872,0.0006826090393587947,-0.0007748412317596376,-0.0029933941550552845,-0.0026841401122510433,-0.0017717296723276377,-0.0013159590307623148,-0.0012201213976368308,-0.0014470366295427084,-0.0008124582236632705,-0.00118169910274446,-0.0014548886101692915,0.00036116468254476786,4.2114435927942395e-05,-0.0009131887927651405,-0.0006446006591431797,-0.002011622069403529,-0.002473733853548765,-0.0031401950400322676,-0.0018769741291180253,-0.0030278407502919436,-0.0016552519518882036
EXPE,2,2026-04-07 14:00:00+00:00,10:00,-0.0016715899109840393,down,-0.0021894341334700584,-0.0009660201030783355,-0.004652766045182943,-0.0025493379216641188,-0.006059303879737854,-0.0067186662927269936,-0.008491736836731434,-0.0054819765500724316,-0.005591000430285931,-0.0024477369152009487,-0.0006535047432407737,-0.0014428154099732637,-0.0024224722292274237,-0.001641910057514906,-0.0019266647286713123,-0.0020215115509927273,0.0015199154149740934,0.0003408050397410989,-0.0007807993097230792,-0.0009152714046649635,-0.0027968883514404297,-0.0042541190050542355,-0.0045939721167087555,-5.34026839886792e-05,-0.0022666417062282562,-0.0016715899109840393
TAP,2,2026-04-07 14:00:00+00:00,10:00,-0.0016756721306592226,down,-0.004925924818962812,-0.0007164360722526908,-0.002596954582259059,0.0007177923107519746,8.684185741003603e-05,-0.0026020004879683256,-0.00503602484241128,-0.004180107265710831,-0.005081795156002045,-0.002354791620746255,-0.0006763230194337666,0.0009557107696309686,0.000145230078487657,0.0004844991199206561,-0.0010957521153613925,-0.0027761703822761774,0.0005534806987270713,-0.001102829584851861,-0.0020328371319919825,-0.001126839080825448,-0.002192653017118573,-0.004777685273438692,-0.006468615960329771,-0.0011169692734256387,-0.003336074762046337,-0.0016756721306592226
FIS,2,2026-04-07 14:00:00+00:00,10:00,-0.00170707528013736,down,-0.0040399241261184216,0.0004985312116332352,-0.00156523403711617,-0.0013576907804235816,-0.003464214503765106,-0.005657923873513937,-0.008900060318410397,-0.00809400249272585,-0.005362535826861858,-0.004493018612265587,-0.0038944764528423548,-0.0026852854061871767,-0.004453103523701429,-0.0029811356216669083,-0.00428739795461297,-0.005276957061141729,-0.0017991962376981974,-0.002731968415901065,-0.0024490123614668846,-0.0013190959580242634,-0.002564922207966447,-0.004043871071189642,-0.002861997578293085,-0.002186309779062867,-0.005231292452663183,-0.00170707528013736
TGT,2,2026-04-07 14:00:00+00:00,10:00,-0.0017429770668968558,down,-0.008317926898598671,-0.008550179190933704,-0.011486378498375416,-0.007808296475559473,-0.009282805025577545,-0.011452630162239075,-0.016459917649626732,-0.013142148964107037,-0.015098345465958118,-0.014398954808712006,-0.011439746245741844,-0.009417050518095493,-0.0081045962870121,-0.007220262661576271,-0.006956595927476883,-0.008598294109106064,-0.005678716115653515,-0.0060081519186496735,-0.007973392494022846,-0.00757000595331192,-0.00724965101107955,-0.008700811304152012,-0.007628635503351688,-0.002825682982802391,-0.006131005007773638,-0.0017429770668968558
HOOD,2,2026-04-07 14:00:00+00:00,10:00,-0.001744934357702732,down,-0.00918600708246231,-0.00719692325219512,-0.013908258639276028,-0.008384516462683678,-0.009795371443033218,-0.008365192450582981,-0.015970570966601372,-0.013340855948626995,-0.014780925586819649,-0.01630423031747341,-0.012447458691895008,-0.008649495430290699,-0.0026282246690243483,-0.002933116164058447,-0.00630315113812685,-0.008889945223927498,-0.005084197502583265,-0.0050767590291798115,-0.005826558917760849,-0.006684391759335995,-0.005710809025913477,-0.009148383513092995,-0.010936705395579338,-0.003155793296173215,-0.007327617611736059,-0.001744934357702732
DGX,2,2026-04-07 14:00:00+00:00,10:00,-0.0018178665777668357,down,-0.0030120969749987125,-0.0006709953304380178,-0.00010622207628330216,0.0026517496444284916,0.003971694968640804,0.003063602838665247,0.003119740867987275,0.0018436397658661008,0.000359029188985005,-0.0009406457538716495,0.0009311437606811523,-0.00015954113041516393,0.0009612812427803874,7.41105031920597e-05,-0.0006516565917991102,-0.000559989653993398,0.0007011824054643512,0.00082425307482481,0.00015566976799163967,0.0006377523532137275,-0.0005780416540801525,-0.0014827852137386799,-0.0033171300310641527,-0.0009664357057772577,-0.0016364448238164186,-0.0018178665777668357
PNW,2,2026-04-07 14:00:00+00:00,10:00,-0.0018239819910377264,down,-3.1531064450973645e-05,0.0036487618926912546,0.002098426688462496,0.0024781692773103714,0.004898743703961372,0.0019239620305597782,0.001150636118836701,-0.0008035619975998998,0.0010984760010614991,0.0003124064824078232,0.0018921791343018413,0.0020562855061143637,0.0014653918333351612,0.0009710131562314928,0.0003318557282909751,-0.00013531924923881888,0.001030809711664915,0.0006733678746968508,0.0008230867679230869,0.0010410899994894862,-0.0004351362877059728,-0.002213578438386321,-0.0027752635069191456,-0.00013822535402141511,-0.001839952077716589,-0.0018239819910377264
ATO,2,2026-04-07 14:00:00+00:00,10:00,-0.0018443120643496513,down,-0.0013233538484200835,0.0010674458462744951,0.0011335547314956784,0.003111937316134572,0.004416805226355791,0.003239681012928486,0.0010964588727802038,0.0014410244766622782,0.002261339221149683,0.0014302998315542936,0.002515726489946246,0.0029543775599449873,0.0023969814646989107,0.0021594360005110502,0.0018413555808365345,0.0008129055495373905,0.0021472759544849396,0.0018342719413340092,0.0014818792697042227,0.0008444846025668085,-0.0004472982545848936,-0.001687552547082305,-0.0025368016213178635,-0.0006834113737568259,-0.001489325426518917,-0.0018443120643496513
VICI,2,2026-04-07 14:00:00+00:00,10:00,-0.0018539028242230415,down,-0.003723759902641177,0.000989196472801268,-0.001864569028839469,0.001220518839545548,0.0005148779600858688,8.427642023889348e-05,-0.0033201321493834257,-0.0036466142628341913,-0.004471638239920139,-0.004625973291695118,-0.0026867715641856194,-0.002823325339704752,-0.0030658745672553778,-0.0028711454942822456,-0.002810640726238489,-0.003154292469844222,-0.0016169913578778505,-0.0013970282161608338,-0.0015047494089230895,-0.0009324454586021602,-0.0020135242957621813,-0.004466126672923565,-0.004792938940227032,-0.001356151420623064,-0.0028793448582291603,-0.0018539028242230415
DLR,2,2026-04-07 14:00:00+00:00,10:00,-0.0018545864149928093,down,0.001035741763189435,0.0018307218560948968,-0.0007092072046361864,0.0023714539129287004,0.002706314669921994,0.000753835600335151,-0.00014741146878805012,0.0010608669836074114,0.0005766866961494088,-0.0006980195757932961,0.000688312342390418,0.0008804993703961372,0.0004601074324455112,-8.684994099894539e-05,-0.000871449476107955,-0.0010386303765699267,0.00015393250214401633,-0.0003686469281092286,-0.000966866675298661,-0.0005561480647884309,-0.0016866528894752264,-0.003392145736142993,-0.002753566950559616,-0.00039993098471313715,-0.002508696401491761,-0.0018545864149928093
MMM,2,2026-04-07 14:00:00+00:00,10:00,-0.0018594850553199649,down,-0.0014160507125779986,0.00134542107116431,-0.0023127433378249407,0.00046147184912115335,0.001997611718252301,-0.0007500146748498082,-0.001459913095459342,-0.0007496303878724575,-0.0009991683764383197,-0.004704702645540237,-0.0032065033446997404,-0.001198940328322351,-0.0006294221384450793,-0.0016958670457825065,-0.0014394226018339396,-0.0029194485396146774,-0.0012022104347124696,-0.0010945318499580026,-0.0017615915276110172,-0.0018631210550665855,-0.001528716878965497,-0.003465165849775076,-0.0032361773774027824,-0.0005822337116114795,-0.003582040313631296,-0.0018594850553199649
CHD,2,2026-04-07 14:00:00+00:00,10:00,-0.001877848757430911,down,-0.003548766253516078,-0.0013355957344174385,-0.0016017187153920531,-0.00047487454139627516,-0.0009827358881011605,-0.003780980594456196,-0.005955332424491644,-0.005819243378937244,-0.006708944216370583,-0.006374390795826912,-0.004579911008477211,-0.0010208607418462634,-0.0023307499941438437,-0.0006288329605013132,0.0004818528250325471,-0.0011622548336163163,6.034388206899166e-05,2.413970469206106e-05,0.000578776525799185,0.0009998645400628448,-0.0007496715406887233,-0.0029652153607457876,-0.004196660127490759,-0.0009512774995528162,-0.0021360977552831173,-0.001877848757430911
MET,2,2026-04-07 14:00:00+00:00,10:00,-0.001891951309517026,down,-0.005045874509960413,-0.0017134167719632387,-0.003422906156629324,-0.0014430885203182697,-0.0010834664572030306,-0.002245536772534251,-0.004209714476019144,-0.0026793458964675665,-0.004340536892414093,-0.005142027512192726,-0.002827905584126711,-0.0014614998362958431,-0.0019045004155486822,-0.0015855494420975447,-0.0009264758555218577,-0.0030002915300428867,-0.0003420343273319304,6.627684342674911e-05,-0.0004342816537246108,-0.0009400896960869431,-0.0023354608565568924,-0.004707729909569025,-0.0035097752697765827,-0.0006948483060114086,-0.0035298808943480253,-0.001891951309517026
ADP,2,2026-04-07 14:00:00+00:00,10:00,-0.0019200959941372275,down,-0.003935603890568018,-0.0024398514069616795,-0.003378522815182805,-0.0020683465991169214,-0.0021172980777919292,-0.003083564806729555,-0.0064829750917851925,-0.0055136834271252155,-0.006010949146002531,-0.0042786807753145695,-0.003024855861440301,-0.002063223160803318,-0.0012777195079252124,-0.0013797387946397066,-0.000666827370878309,-0.0013688714243471622,0.0005551173235289752,0.0011871858732774854,0.00017412992019671947,-6.492507236544043e-05,-0.0007143808761611581,-0.0014056777581572533,-0.003224513027817011,-0.0007028952240943909,-0.0024426658637821674,-0.0019200959941372275
INTU,2,2026-04-07 14:00:00+00:00,10:00,-0.0019938694313168526,down,-0.0038445168174803257,-4.7968391299946234e-05,-0.010182425379753113,-0.006288828328251839,-0.008751917630434036,-0.012091443873941898,-0.014337937347590923,-0.004523381125181913,-0.0065322332084178925,-0.00583821814507246,-0.0050936308689415455,-0.002957663731649518,-0.0012467608321458101,-0.006341066677123308,-0.009901126846671104,-0.011231955140829086,-0.0034222097601741552,-0.0027744031976908445,-0.005476583261042833,-0.01213324349373579,-0.009108764119446278,-0.010156790725886822,-0.011424262076616287,-0.010195448994636536,-0.011953662149608135,-0.0019938694313168526
IQV,2,2026-04-07 14:00:00+00:00,10:00,-0.0020056674256920815,down,0.0001045120443450287,0.0012904052855446935,-0.00385907175950706,-0.0010294091189280152,-0.0011028350563719869,-0.0022744620218873024,-0.005750337615609169,-0.003076297929510474,-0.004567112307995558,-0.004999118857085705,-0.003161472035571933,-0.0020647989585995674,-0.0030020170379430056,-0.002149964449927211,-0.0034263734705746174,-0.005483314394950867,-0.0021636695601046085,-0.0006836696993559599,-0.0024367133155465126,-0.002419776050373912,-0.0025341566652059555,-0.0035723024047911167,-0.002444928977638483,0.0014535747468471527,-0.0010828018421307206,-0.0020056674256920815
PKG,2,2026-04-07 14:00:00+00:00,10:00,-0.002032408956438303,down,-0.0034512002021074295,-0.0005157901905477047,-0.002539494540542364,-0.0005307089304551482,0.0011521216947585344,-0.0007060493226163089,-0.0035160293336957693,-0.002611612668260932,-0.004982801154255867,-0.0024837313685566187,-0.0024816759396344423,-0.001712258206680417,-0.0032875107135623693,-0.00249459664337337,-0.0018078346038237214,-0.002115845214575529,0.0002929356414824724,-2.742756078077946e-05,-0.0017997953109443188,-0.0014405434485524893,-0.0026478427462279797,-0.0035802435595542192,-0.004382200539112091,-0.0021771343890577555,-0.004195487126708031,-0.002032408956438303
GRMN,2,2026-04-07 14:00:00+00:00,10:00,-0.0020716770086437464,down,0.00016807520296424627,0.0034538395702838898,0.0012967550428584218,0.0018860173877328634,0.002962652826681733,0.00041184184374287724,-0.000725020538084209,-0.0004768898943439126,-0.0024226210080087185,-0.003937696572393179,-0.0023514977656304836,-0.0008952920325100422,-0.0029407411348074675,-0.004320927895605564,-0.0041075535118579865,-0.005343273282051086,-0.0026810739655047655,-0.002412479603663087,-0.002630113158375025,-0.001843926147557795,-0.002044436987489462,-0.004266201518476009,-0.0038843248039484024,-0.0008679888560436666,-0.0024709543213248253,-0.0020716770086437464
COR,2,2026-04-07 14:00:00+00:00,10:00,-0.002073182724416256,down,-0.0022991811856627464,0.001142455148510635,0.0008466506842523813,0.001297739683650434,0.0028222568798810244,0.0009526042849756777,-0.0008500697440467775,-0.0021917535923421383,-0.0030879846308380365,-0.003047290490940213,-0.0022792210802435875,-0.002026212401688099,-0.002245489973574877,-0.0017539578257128596,-0.0028284869622439146,-0.003742974018678069,-0.0036700619384646416,-0.0025922111235558987,-0.0033465742599219084,-0.002779971808195114,-0.003047219244763255,-0.005455637350678444,-0.00495548453181982,-0.002396194962784648,-0.003802650375291705,-0.002073182724416256
HON,2,2026-04-07 14:00:00+00:00,10:00,-0.002073910553008318,down,-0.004776520188897848,-0.0016419049352407455,-0.0037467903457581997,-0.0014840278308838606,-0.001213820418342948,-0.003254618961364031,-0.004714923910796642,-0.004747776780277491,-0.005676294676959515,-0.00533673632889986,-0.0029569987673312426,-0.003541421378031373,-0.004548113327473402,-0.004420197568833828,-0.005916517227888107,-0.005438517313450575,-0.003934202250093222,-0.0035205609165132046,-0.002658460522070527,-0.002735474146902561,-0.0025564299430698156,-0.0043859938159585,-0.005975601729005575,-0.0031602808739989996,-0.003701353445649147,-0.002073910553008318
PHM,2,2026-04-07 14:00:00+00:00,10:00,-0.0020827045664191246,down,-0.00023431560839526355,0.0039186798967421055,-0.0012579248286783695,0.00055333087220788,0.002816957188770175,-0.0003378766996320337,-0.0027213902212679386,-0.0005265012150630355,-0.0014321475755423307,-0.0022949560079723597,-0.0010346820345148444,-0.00029021839145570993,0.001788836787454784,3.208755515515804e-05,0.0009431001963093877,-0.00025670506875030696,0.00164373021107167,0.0005316757597029209,-0.00022517431352753192,0.000709748943336308,0.00015562985208816826,-0.0030058317352086306,-0.0020579686388373375,0.0006429189816117287,-0.0032177323009818792,-0.0020827045664191246
POOL,2,2026-04-07 14:00:00+00:00,10:00,-0.002110815607011318,down,-0.0009386411984451115,0.0020357088651508093,0.00018379576795268804,0.0006492289830930531,0.0008343299268744886,-0.00012742339458782226,-0.003890862688422203,-0.0027003183495253325,-0.003915941808372736,-0.002453136956319213,-0.0023209305945783854,-0.000490219215862453,-0.0018169463146477938,-0.00022041659394744784,-0.0009870781796053052,-0.0015058360295370221,0.0007767429342493415,0.00014327128883451223,-0.0021906360052525997,-0.0015176621964201331,-0.002865925896912813,-0.0036455239169299603,-0.005033738445490599,-0.0026554965879768133,-0.004723782651126385,-0.002110815607011318
RTX,2,2026-04-07 14:00:00+00:00,10:00,-0.0021341380197554827,down,-0.005583059974014759,-0.001874741748906672,-0.0025012807454913855,-0.0013675254303961992,-0.0006526169599965215,-0.0013198907254263759,-0.0032635447569191456,-0.002801161725074053,-0.0036141821183264256,-0.0030467065516859293,-0.0019577783532440662,-0.00214400771073997,-0.0027908356860280037,-0.002720944117754698,-0.002537051448598504,-0.0021717080380767584,-0.0008485057624056935,-0.001361282542347908,-0.0012730336748063564,-0.0009645539685152471,-0.0022167274728417397,-0.003655982669442892,-0.004299290478229523,-0.0018542608013376594,-0.002502863062545657,-0.0021341380197554827
SPG,2,2026-04-07 14:00:00+00:00,10:00,-0.0021457537077367306,down,0.003108944045379758,0.004558984190225601,0.001909588580019772,0.004211679100990295,0.004425068851560354,0.0022286593448370695,0.000676591822411865,0.001002559089101851,0.0004301356093492359,0.0010226835729554296,0.0003167450486216694,0.002450644737109542,0.0008542498107999563,0.0009030307992361486,-0.0006195742753334343,-0.0009274371550418437,0.0022178017534315586,0.0014958030078560114,-0.00033217636519111693,0.0006518667796626687,-0.0012008111225441098,-0.001503170933574438,-0.00302719185128808,0.0011009053559973836,-0.0006725938874296844,-0.0021457537077367306
STT,2,2026-04-07 14:00:00+00:00,10:00,-0.0021818990353494883,down,0.0008476206567138433,0.0012830240884795785,0.0004251455538906157,0.004203802440315485,0.004279077518731356,0.0005166351329535246,0.001319131813943386,-8.597024861956015e-05,0.0006579898763448,-0.0010675224475562572,4.896261089015752e-05,0.001705878064967692,0.000579231302253902,-0.0007324688485823572,-0.0010199462994933128,-0.0021167465019971132,-0.000357509998138994,8.731885827728547e-06,-0.0019408883526921272,-0.0005703998613171279,-0.002581062726676464,-0.004507545847445726,-0.004963355138897896,-0.002838301006704569,-0.0036829663440585136,-0.0021818990353494883
WYNN,2,2026-04-07 14:00:00+00:00,10:00,-0.002243262715637684,down,-0.0019355627009645104,-4.756677299155854e-05,-0.0019080089405179024,-0.000536129402462393,-0.0004313896060921252,-0.0025461260229349136,-0.006362113170325756,-0.004336226265877485,-0.004867757670581341,-0.004651895724236965,-0.003763108979910612,-0.0017876302590593696,-0.0019239165121689439,-0.0015483404276892543,-0.0013441040646284819,-0.0023321094922721386,-0.00028355480753816664,-0.0005683798808604479,-0.001780907972715795,-0.002118033589795232,-0.002623459091410041,-0.0037599799688905478,-0.003711664816364646,-5.452859113574959e-05,-0.003184007480740547,-0.002243262715637684
MRSH,2,2026-04-07 14:00:00+00:00,10:00,-0.0022469712421298027,down,-0.003681289730593562,-0.0011345157399773598,-0.0017950939945876598,-0.0009949416853487492,0.000591339310631156,-0.0015997597947716713,-0.004212536849081516,-0.0029533926863223314,-0.0026769356336444616,-0.004326497670263052,-0.0013673490611836314,-0.0006197667098604143,-0.0008859302615746856,-0.0011268892558291554,-0.0009791443590074778,-0.0024293919559568167,-0.0015587621601298451,-0.0005160433938726783,-0.0022245387081056833,-0.001098005915991962,-0.0015438309637829661,-0.003828327637165785,-0.004096250049769878,-0.0004991557798348367,-0.0025998596101999283,-0.0022469712421298027
TDY,2,2026-04-07 14:00:00+00:00,10:00,-0.002251989906653762,down,-0.0031445063650608063,8.615270780865103e-05,-0.0011245571076869965,0.000994173577055335,0.0010923197260126472,-0.0007340444717556238,-0.0039993212558329105,-0.0044444166123867035,-0.006537726614624262,-0.0055411262437701225,-0.003009767271578312,-0.0023008245043456554,-0.0027012224309146404,-0.002850106917321682,-0.0032135332003235817,-0.0041064792312681675,-0.002405872568488121,-0.002274805447086692,-0.0019759067799896,-0.003815471427515149,-0.004633565433323383,-0.005709206219762564,-0.006357717327773571,-0.001978402491658926,-0.0038261369336396456,-0.002251989906653762
URI,2,2026-04-07 14:00:00+00:00,10:00,-0.002308506751433015,down,-5.636514106299728e-05,0.0011652526445686817,-0.001743685337714851,0.002118469914421439,0.001480679726228118,-0.00030855718068778515,-0.002459821756929159,-0.0016582328826189041,-0.004111145623028278,-0.003766013076528907,-0.0017797017935663462,0.00034346780739724636,-0.001675916719250381,-0.0013450164115056396,-0.000971207395195961,-0.0019073628354817629,-0.0009183646179735661,-0.000696243834681809,-0.0015339001547545195,-0.0025928218383342028,-0.002804200630635023,-0.004322571214288473,-0.005632761865854263,-0.002325676381587982,-0.0052686529234051704,-0.002308506751433015
VZ,2,2026-04-07 14:00:00+00:00,10:00,-0.002351067028939724,down,-0.005756185855716467,-0.004714165348559618,-0.006060290150344372,-0.00561867980286479,-0.004841082263737917,-0.004173877649009228,-0.0053557418286800385,-0.006170020438730717,-0.005120346322655678,-0.0051543228328228,-0.004485539626330137,-0.004842192400246859,-0.006430160719901323,-0.006330176256597042,-0.003918332513421774,-0.00483196834102273,-0.0034698115196079016,-0.005010928027331829,-0.004763352684676647,-0.004104675725102425,-0.003755616256967187,-0.004763327538967133,-0.00576606672257185,-0.003112692618742585,-0.004148402716964483,-0.002351067028939724
KDP,2,2026-04-07 14:00:00+00:00,10:00,-0.0023810002021491528,down,-0.0027862167917191982,3.50483569491189e-05,-0.005203957669436932,-0.003391520120203495,-0.003258347976952791,-0.005945110227912664,-0.008235098794102669,-0.0070905787870287895,-0.007316478528082371,-0.008173049427568913,-0.006674814969301224,-0.006305972579866648,-0.005545173306018114,-0.005226867739111185,-0.004079979378730059,-0.004334875848144293,-0.0036057496909052134,-0.004000325221568346,-0.0037319983821362257,-0.0032532536424696445,-0.004971607122570276,-0.006237106863409281,-0.006342384498566389,-0.001687249867245555,-0.0032140729017555714,-0.0023810002021491528
CLUSD,2,2026-04-07 14:00:00+00:00,10:00,-0.0023930317256599665,down,0.0021806845907121897,0.002567980671301484,9.783677523955703e-05,0.00668864231556654,0.00486848596483469,0.004867736250162125,0.004059321247041225,0.003117433050647378,0.0023129445035010576,0.002747422317042947,0.0026560965925455093,0.005430346820503473,0.004907433409243822,0.005345952697098255,0.005437803920358419,0.004390529822558165,0.00276925228536129,0.0031066923402249813,0.003120459383353591,0.0015521340537816286,0.00397731177508831,0.0068745967000722885,0.006691453047096729,0.0029446554835885763,0.0016559329815208912,-0.0023930317256599665
STLD,2,2026-04-07 14:00:00+00:00,10:00,-0.0024267451371997595,down,-0.004501506220549345,-0.0008906377479434013,-0.003729861928150058,-0.00254052528180182,-0.0013821484753862023,-0.0038469734136015177,-0.0034310338087379932,-0.001690076431259513,-0.005083903670310974,-0.004843547474592924,-0.0018050185171887279,-0.0012951173121109605,-0.001487423782236874,0.0002508765901438892,-0.0009083761251531541,-0.0030121784657239914,0.0009073151159100235,0.0011236821301281452,-0.0018884182209149003,-0.0013456169981509447,-0.0027317011263221502,-0.00479853106662631,-0.006538351532071829,-0.0013346821069717407,-0.0047483891248703,-0.0024267451371997595
AON,2,2026-04-07 14:00:00+00:00,10:00,-0.0024533241521567106,down,-0.0008166487677954137,0.00104240863583982,-0.00045544016757048666,0.0015508265933021903,0.0015351016772910953,-0.0010153113398700953,-0.002034983830526471,-0.0021452191285789013,-0.004250082653015852,-0.004101307597011328,-0.0017488743178546429,-9.424237214261666e-05,-0.0009789254982024431,-0.0005463905981741846,-0.001085976604372263,-0.0028198366053402424,-0.0012298800284042954,-0.000477579771541059,-0.0023665425833314657,-0.0018740023951977491,-0.0012287835124880075,-0.0041354503482580185,-0.005563259124755859,-0.0024304513353854418,-0.004584302194416523,-0.0024533241521567106
BRO,2,2026-04-07 14:00:00+00:00,10:00,-0.0024672942236065865,down,-0.002108157379552722,0.000748290738556534,-0.0014847939601168036,-0.0007098602363839746,-0.002351129660382867,-0.002933486131951213,-0.006083978805691004,-0.0046274056658148766,-0.004378710873425007,-0.004964266903698444,-0.004747559316456318,-0.0022704950533807278,-0.0036599747836589813,-0.0017692301189526916,-0.001175296725705266,-0.0028127350378781557,-0.0020250913221389055,-0.0021732815075665712,-0.003365740180015564,-0.0007984366384334862,-0.0011395543115213513,-0.002542093163356185,-0.0030826812144368887,-0.00011515349615365267,-0.003525319742038846,-0.0024672942236065865
VRTX,2,2026-04-07 14:00:00+00:00,10:00,-0.002516132313758135,down,-0.0045476146042346954,-0.005359677132219076,-0.005816588178277016,-0.002944949781522155,-0.0015037013217806816,-0.007026059087365866,-0.006486153230071068,-0.011835751123726368,-0.009989350102841854,-0.00858377292752266,-0.0047900681383907795,-0.005097001325339079,-0.0037373437080532312,-0.0056828525848686695,-0.006338919047266245,-0.00810574647039175,-0.0055324602872133255,-0.005362385883927345,-0.009404821321368217,-0.009594288654625416,-0.0019096152391284704,-0.0008175974362529814,0.000614412419963628,0.004997350741177797,0.0008484329446218908,-0.002516132313758135
EIX,2,2026-04-07 14:00:00+00:00,10:00,-0.002551788231357932,down,0.005014732014387846,0.01382994744926691,0.011469535529613495,0.01304466463625431,0.01048077642917633,0.007603260222822428,0.001264563761651516,0.00013898714678362012,7.056890899548307e-05,-0.004819525871425867,-0.0024378818925470114,-0.003101564710959792,-0.0011781336506828666,-0.00036216562148183584,-0.0022123600356280804,-0.001864745281636715,-0.0002347840927541256,-0.0011708990205079317,-0.00033762858947739005,-0.003340241266414523,-0.002166715683415532,-0.004505650606006384,-0.00231964816339314,0.000999630312435329,0.0009343237616121769,-0.002551788231357932
PTC,2,2026-04-07 14:00:00+00:00,10:00,-0.0025647019501775503,down,0.0025989983696490526,0.0051253135316073895,0.0032989266328513622,0.005156485363841057,0.004853228572756052,0.00230453466065228,9.361189586343244e-05,0.000397369236452505,0.00010896605090238154,-0.0011068233288824558,0.0008497185190208256,0.0017467135330662131,0.0016444958746433258,0.0011359798954799771,0.0013990409206598997,-0.0001368086668662727,0.0011560175335034728,-0.00025157799245789647,-0.002025551162660122,-0.0008550565107725561,-0.002008982701227069,-0.0035619440022855997,-0.003717293031513691,-0.0007281303987838328,-0.0028687412850558758,-0.0025647019501775503
WST,2,2026-04-07 14:00:00+00:00,10:00,-0.0025757451076060534,down,-0.004527523647993803,-0.0017054061172530055,-0.001740922569297254,-0.0008330657728947699,0.003599658375605941,0.0012461364967748523,-0.0012484599137678742,0.0003211056173313409,-0.0009538434678688645,-0.0019112519221380353,0.0005692855338566005,0.000649644120130688,-0.0026440536603331566,-0.00041105272248387337,-0.0018197707831859589,-0.0012758757220581174,0.0016097207553684711,-0.0007209264440461993,-0.0018255102913826704,-0.002495616441592574,-0.002723842393606901,-0.0037863296456635,-0.005756203085184097,-0.0018006578320637345,-0.003944755531847477,-0.0025757451076060534
SBUX,2,2026-04-07 14:00:00+00:00,10:00,-0.002606355119496584,down,-0.005082946270704269,-0.004108743276447058,-0.004779066890478134,-0.0034378834534436464,-0.0014282241463661194,-0.002809616271406412,-0.005075606517493725,-0.005560833029448986,-0.005984910763800144,-0.005771144293248653,-0.005202334374189377,-0.004415226634591818,-0.003723189700394869,-0.0034503338392823935,-0.003314071334898472,-0.004817261826246977,-0.004610643722116947,-0.004156630486249924,-0.005018949043005705,-0.003800503443926573,-0.005227693356573582,-0.007030419073998928,-0.007454024627804756,-0.00411393865942955,-0.005310130771249533,-0.002606355119496584
AVB,2,2026-04-07 14:00:00+00:00,10:00,-0.002621357562020421,down,-0.0018923532916232944,0.0012321677058935165,0.0004223147698212415,0.0026491833850741386,0.0039197285659611225,0.000983983976766467,-0.0019293077057227492,0.00046664237743243575,0.0007986690616235137,0.0003511738032102585,0.0031182290986180305,0.004059345927089453,0.0027258454356342554,0.002385031431913376,0.0020861984230577946,0.0011219991138204932,0.0023959726095199585,0.0013317597331479192,0.001584883313626051,0.0009018137352541089,0.0007591508910991251,-0.002119131851941347,-0.0030360380187630653,-0.0005353551241569221,-0.0010136822238564491,-0.002621357562020421
AJG,2,2026-04-07 14:00:00+00:00,10:00,-0.002645197557285428,down,-0.001610219362191856,-2.1601175831165165e-05,-0.0027960052248090506,-0.00010412328992970288,0.00044866628013551235,-0.0015682062366977334,-0.0035443659871816635,-0.0027612943667918444,-0.0026069118175655603,-0.002423379337415099,-0.001290390733629465,-0.0010864328360185027,-0.0015558641171082854,-0.0008047224837355316,-0.0011087155435234308,-0.0017666475614532828,-0.00044582667760550976,-0.0010638149688020349,-0.0008827782585285604,-0.0014195714611560106,-0.002224927768111229,-0.0036542038433253765,-0.005586755461990833,-0.002445900347083807,-0.003179519670084119,-0.002645197557285428
CFG,2,2026-04-07 14:00:00+00:00,10:00,-0.0026813175063580275,down,-0.003690524725243449,-0.0013136082561686635,-0.002246677875518799,-0.0015018964186310768,-0.001161783467978239,-0.002151664113625884,-0.005029241554439068,-0.004549759905785322,-0.0042837150394916534,-0.005526739172637463,-0.003240142250433564,-0.0020690655801445246,-0.0020685293711721897,-0.0026687660720199347,-0.0019577087368816137,-0.0025903915520757437,-0.0007624916615895927,-0.0012003445299342275,-0.0014530194457620382,-0.001257065567187965,-0.001273714005947113,-0.0026303627528250217,-0.003211412113159895,-0.0008305103983730078,-0.004099710378795862,-0.0026813175063580275
DE,2,2026-04-07 14:00:00+00:00,10:00,-0.0026900307275354862,down,-0.0015327581204473972,0.0005539587000384927,0.0006891360972076654,0.0019387616775929928,0.003947082441300154,0.0011559564154595137,0.0003726486465893686,-4.521280061453581e-05,-0.0017584377201274037,-0.0027329421136528254,-0.0018471950897946954,-0.0007268733461387455,-0.0006861585425212979,-0.0012607206590473652,-0.0015478068962693214,-0.002401396632194519,-0.000965968647506088,-0.001653925166465342,-0.0016831561224535108,-0.0021382395643740892,-0.002675835508853197,-0.004437713418155909,-0.004059644415974617,-0.0018063297029584646,-0.003650807309895754,-0.0026900307275354862
CTVA,2,2026-04-07 14:00:00+00:00,10:00,-0.0027102092280983925,down,-0.005472308024764061,-0.0034749158658087254,-0.004263295326381922,-0.0013192741898819804,-0.0007087402627803385,-0.0021479465067386627,-0.004239511676132679,-0.0029443418607115746,-0.0033010393381118774,-0.0028461802285164595,-0.000596126657910645,-0.0003465993795543909,-0.001099064014852047,-0.0012320720124989748,-0.0011909820605069399,-0.0028612215537577868,-0.001166127622127533,-0.001346130040474236,-0.0015905218897387385,-0.0009640175267122686,-0.002041834406554699,-0.005224492866545916,-0.005570319946855307,-0.0025352626107633114,-0.0033252674620598555,-0.0027102092280983925
CBRE,2,2026-04-07 14:00:00+00:00,10:00,-0.002725080354139209,down,-0.001459786668419838,0.0002665877982508391,-0.0010082540102303028,0.0009953477419912815,0.0009809730108827353,-0.001450766110792756,-0.004859431646764278,-0.0036366393323987722,-0.004185391124337912,-0.004575610626488924,-0.002633306197822094,-0.0016261051641777158,-0.0018984661437571049,-0.0014453574549406767,-0.0022347040940076113,-0.0032393017318099737,-0.0006749134045094252,-0.0016027451492846012,-0.0016425674548372626,-0.0034484141506254673,-0.003336166264489293,-0.00480144377797842,-0.00549966748803854,-0.0020276044961065054,-0.005513710435479879,-0.002725080354139209
GD,2,2026-04-07 14:00:00+00:00,10:00,-0.002728171180933714,down,0.0003921908210031688,0.001968072261661291,0.002156980335712433,0.003396797925233841,0.005423989612609148,0.003213009797036648,0.0014901153044775128,0.0012196049792692065,5.0414619181538e-06,0.0004517663037404418,0.0013150955783203244,0.001554978545755148,0.001083096954971552,0.0011968306498602033,5.391046579461545e-05,-0.00141533138230443,-0.00027175978175364435,-0.0005375309847295284,-0.0004168481973465532,-0.001196233555674553,-0.0011353601003065705,-0.0036388940643519163,-0.002989305881783366,-0.000954735092818737,-0.003175265621393919,-0.002728171180933714
IEX,2,2026-04-07 14:00:00+00:00,10:00,-0.002729307394474745,down,-0.00334976427257061,-0.00010113972530234605,-0.0015929691726341844,0.0011316919699311256,0.0018298543291166425,0.00031386467162519693,-0.002145972102880478,-0.0006254627951420844,-0.0014704709174111485,-0.001362039940431714,-0.0008498603128828108,0.0002590838703326881,-0.0008618358988314867,-0.0006598050240427256,-0.0004523884563241154,-0.001683951704762876,0.0008848950965330005,0.00029460969381034374,-0.0002289231342729181,-0.0013728052144870162,-0.0019093380542472005,-0.003471305826678872,-0.004647725261747837,-0.0017253527184948325,-0.0037396789994090796,-0.002729307394474745
BX,2,2026-04-07 14:00:00+00:00,10:00,-0.0027533851098269224,down,-0.007645962759852409,-0.0035483005922287703,-0.0033266821410506964,-0.0018284369725733995,-0.001598276779986918,-0.001060344511643052,-0.0027043423615396023,-0.003959532827138901,-0.002307250862941146,-0.004881870001554489,-0.0025857016444206238,-0.0027069575153291225,-0.0016845131758600473,-0.0019341951701790094,-0.000508066383190453,-0.001465003238990903,-0.001014058361761272,-0.00102079170756042,-0.0031054315622895956,-0.0023758558090776205,-0.002786239143460989,-0.004360471852123737,-0.0042313868179917336,-0.0027279765345156193,-0.0042895847000181675,-0.0027533851098269224
EBAY,2,2026-04-07 14:00:00+00:00,10:00,-0.0027613264974206686,down,-0.008016974665224552,-0.0028324597515165806,-0.0054143560118973255,-0.0028436165302991867,-0.0026791864074766636,-0.003342480631545186,-0.006756572052836418,-0.006252485327422619,-0.007900102064013481,-0.00757699366658926,-0.005019736010581255,-0.004381177946925163,-0.003719245782122016,-0.002917486010119319,-0.0022245694417506456,-0.003827892942354083,-0.0016700535779818892,-0.0023688047658652067,-0.0035452512092888355,-0.003657946363091469,-0.0039714365266263485,-0.005850447341799736,-0.006038171239197254,-0.0013343680184334517,-0.0034942266065627337,-0.0027613264974206686
AWK,2,2026-04-07 14:00:00+00:00,10:00,-0.0027852137573063374,down,-2.5791247026063502e-05,0.0032328369561582804,0.0019525024108588696,0.002797484863549471,0.003528619883581996,0.0007464208174496889,-0.0007844989304430783,-0.0013104527024552226,-0.002104843035340309,-0.0016426853835582733,0.0001256475516129285,0.0008963327272795141,0.00032629098859615624,0.00039684463990852237,-0.0004102449456695467,-0.0016469595720991492,-0.00044916619663126767,-0.001114452606998384,-0.0007590267923660576,-0.0007122125243768096,-0.002344384789466858,-0.00369892711751163,-0.004454493522644043,-0.001764380489476025,-0.00510249100625515,-0.0027852137573063374
NOC,2,2026-04-07 14:00:00+00:00,10:00,-0.0027913646772503853,down,-0.0014541273703798652,-9.109608072321862e-05,-1.7341044440399855e-05,0.0026283524930477142,0.0034591436851769686,0.001268533174879849,-0.001857636496424675,-0.0007041157805360854,-0.0028200377710163593,-0.0035709224175661802,-0.0009620386990718544,-0.0006128008244559169,-0.00015904447354841977,-0.0001513319875812158,-0.0010837509762495756,-0.001973171019926667,-0.0011318617034703493,-0.0015633037546649575,-0.001808971050195396,-0.0027793426997959614,-0.0026910840533673763,-0.0036745809484273195,-0.003506328444927931,-0.0003040689043700695,-0.003061937866732478,-0.0027913646772503853
NTRS,2,2026-04-07 14:00:00+00:00,10:00,-0.002825463190674782,down,-0.0010972496820613742,0.0002982138830702752,-0.002242920221760869,0.0011239302111789584,0.0013039346085861325,-0.0012580250622704625,-0.0037226169370114803,-0.002344136592000723,-0.0025277293752878904,-0.0034729514736682177,-0.0016023315256461501,-0.0011800179490819573,-0.0003888987994287163,-0.0003381887509021908,-0.0006175747257657349,-0.0014416580088436604,9.232874435838312e-05,-0.0008251673425547779,-0.0013318673009052873,-0.0009870817884802818,-0.002126347506418824,-0.002863521920517087,-0.003903266042470932,-0.0009984018979594111,-0.004112064838409424,-0.002825463190674782
TTWO,2,2026-04-07 14:00:00+00:00,10:00,-0.0028681992553174496,down,-0.0014175957767292857,0.0005565237370319664,-6.46942135063e-06,0.0017702829791232944,0.0006019521970301867,-0.0016200875397771597,-0.003297618590295315,-0.001782902516424656,-0.003037109738215804,-0.002268602605909109,-0.0010442467173561454,-0.0012004367308691144,-0.0013369310181587934,-0.0008842846727930009,-0.0012717166682705283,-0.0016282203141599894,-0.00043892828398384154,-0.00011601305595831946,-0.001496739569120109,-0.0013730085920542479,-0.002399815246462822,-0.0033741870429366827,-0.0032581747509539127,-0.0005353734595701098,-0.0032167150638997555,-0.0028681992553174496
RF,2,2026-04-07 14:00:00+00:00,10:00,-0.0028854827396571636,down,-0.005143440328538418,-0.0007739712600596249,-0.0023881234228610992,-0.001047999132424593,-0.00047517975326627493,-0.0008863210096023977,-0.0041922470554709435,-0.004660842940211296,-0.005805568769574165,-0.007242119405418634,-0.004584919661283493,-0.005299932323396206,-0.004300926346331835,-0.003489673836156726,-0.0026544530410319567,-0.0032200543209910393,-0.0026885659899562597,-0.003104879055172205,-0.0031879653688520193,-0.002715714043006301,-0.003101131645962596,-0.0049431524239480495,-0.005579333286732435,-0.0014947036979719996,-0.0037759169936180115,-0.0028854827396571636
ICE,2,2026-04-07 14:00:00+00:00,10:00,-0.0029048414435237646,down,-0.004845514893531799,-0.0021827397868037224,-0.0027424932923167944,-0.0008980048005469143,-2.4625082005513832e-05,-0.0023686850909143686,-0.005068701691925526,-0.003616116940975189,-0.0033440939150750637,-0.00462638633325696,-0.0016695138765498996,-0.0014724144712090492,-0.0015565160429105163,-0.000869069539476186,-0.0010868982644751668,-0.0020351100247353315,-0.0004616364894900471,-0.0013985986588522792,-0.0016756446566432714,-0.0018959500594064593,-0.0024232883006334305,-0.003490941599011421,-0.004321682266891003,-0.00101478339638561,-0.0012698913924396038,-0.0029048414435237646
PLD,2,2026-04-07 14:00:00+00:00,10:00,-0.002905184170231223,down,-0.0021105699706822634,-8.396350312978029e-05,-0.0018057659035548568,0.0004978080978617072,0.002586002927273512,0.001928894896991551,0.0006196548929437995,0.0008332961006090045,0.0008935132063925266,0.00040304483263753355,0.001419026404619217,0.0022678193636238575,0.0023088071029633284,0.0009894338436424732,0.0001406987867085263,0.0006508250371553004,0.0013290211791172624,0.0020358331967145205,0.0014696217840537429,0.0011348064290359616,0.0005405728006735444,-0.0019914903677999973,-0.0017639205325394869,0.0007513317978009582,-0.0030882300343364477,-0.002905184170231223
BEN,2,2026-04-07 14:00:00+00:00,10:00,-0.0030160576570779085,down,0.0006212241132743657,0.0038618193939328194,-0.0016483215149492025,0.0005563913146033883,0.0005080049159005284,-0.0032831367570906878,-0.007415915839374065,-0.005415196996182203,-0.002216791035607457,-0.004467744380235672,-0.0019482404459267855,-0.002671880181878805,-0.0012805321021005511,-0.0021516787819564342,-0.0036739956121891737,-0.0033752485178411007,0.0007175765931606293,-0.00036287709372118115,-0.0014084947761148214,-0.0009432903025299311,-0.0012596558080986142,-0.0036729832645505667,-0.0035773376002907753,-0.00019098882330581546,-0.004588407464325428,-0.0030160576570779085
MCHP,2,2026-04-07 14:00:00+00:00,10:00,-0.003028581850230694,down,-0.009408919140696526,-0.004503466188907623,-0.003276936011388898,-0.0034068343229591846,-0.005809590686112642,-0.006647229660302401,-0.010108773596584797,-0.009523497894406319,-0.010845388285815716,-0.011837957426905632,-0.010933115147054195,-0.0078162532299757,-0.007826237007975578,-0.005502309650182724,-0.005710175726562738,-0.005770409945398569,-0.0038042161613702774,-0.006344799883663654,-0.007953342981636524,-0.007312341593205929,-0.007128212600946426,-0.008245487697422504,-0.008619654923677444,-0.0028818934224545956,-0.004848827607929707,-0.003028581850230694
AVY,2,2026-04-07 14:00:00+00:00,10:00,-0.0030367064755409956,down,0.0008219523588195443,0.0036457472015172243,0.003308682469651103,0.003402183298021555,0.005218865815550089,0.002807431621477008,-0.0006880484870634973,-0.0006789704784750938,-0.0008109541959129274,-0.0005416094791144133,0.0022722191642969847,0.0026867580600082874,0.002101554535329342,0.002408039290457964,0.0012844727607443929,-0.00032231875229626894,0.0008330866112373769,0.00015035338583402336,-0.0006261313101276755,-0.000564654590561986,0.00034010683884844184,-0.0021713858004659414,-0.0037860667798668146,-0.0004091761657036841,-0.0020356206223368645,-0.0030367064755409956
D,2,2026-04-07 14:00:00+00:00,10:00,-0.003058513393625617,down,-0.004967757500708103,-0.0028755769599229097,-0.0042119454592466354,-0.002174804685637355,-0.0008563558803871274,-0.0020424160175025463,-0.0038424828089773655,-0.0024149883538484573,-0.002336435718461871,-0.0023030834272503853,-0.0008201896562241018,-0.0011951723136007786,-0.001910246443003416,-0.002238818909972906,-0.001952406601049006,-0.0029501894023269415,-0.001188740599900484,-0.0007490448770113289,-0.0010291555663570762,-0.0005390348960645497,-0.001582237076945603,-0.004137893673032522,-0.004209224134683609,-0.0021505444310605526,-0.004225817508995533,-0.003058513393625617
WY,2,2026-04-07 14:00:00+00:00,10:00,-0.003072536550462246,down,-0.008960534818470478,-0.00190253637265414,-0.003834841772913933,-0.003951615653932095,-0.001571205328218639,-0.0036131865344941616,-0.005974186584353447,-0.004654744639992714,-0.005651148967444897,-0.0077034104615449905,-0.006595057435333729,-0.004872174933552742,-0.0037591210566461086,-0.0029003946110606194,-0.002674748422577977,-0.004071254748851061,-0.0023244640324264765,-0.0025775430258363485,-0.002970021218061447,-0.0028202878311276436,-0.002375335432589054,-0.005017487797886133,-0.005285422317683697,-0.0015424966113641858,-0.003505750559270382,-0.003072536550462246
FTV,2,2026-04-07 14:00:00+00:00,10:00,-0.0030867080204188824,down,-0.0031816584523767233,-0.00038114143535494804,-0.0012084194459021091,-5.948815669398755e-05,0.0012377990642562509,-0.0005180477746762335,-0.002143364865332842,-0.001657721004448831,-0.001864322810433805,-0.0022681406699121,-0.0003283979604020715,-0.00019968263222835958,-0.0006672332528978586,-0.000683977676089853,-6.824448064435273e-05,-0.0015211018035188317,0.00046637572813779116,0.00011229530355194584,-0.0006958634476177394,9.793668141355738e-05,-0.0011709346435964108,-0.00398258725181222,-0.003956549800932407,-0.0025844827760010958,-0.004769791383296251,-0.0030867080204188824
ZTS,2,2026-04-07 14:00:00+00:00,10:00,-0.0030988026410341263,down,-0.0029113872442394495,-0.0005754109006375074,-0.0015191868878901005,0.00015802304551471025,0.0017823557136580348,-0.0005852306494489312,-0.0029795526061207056,-0.002234697574749589,-0.0028035645373165607,-0.003675734158605337,-0.0006844388553872705,0.0001507162523921579,-0.0012707035057246685,-0.0013081824872642756,0.00025560901849530637,-0.0012196435127407312,0.0003601344651542604,-0.0007109491853043437,-0.0007514517637901008,0.0002915122313424945,-0.0011894212802872062,-0.003131328383460641,-0.004121167119592428,-0.0002169913350371644,-0.0025940376799553633,-0.0030988026410341263
AEP,2,2026-04-07 14:00:00+00:00,10:00,-0.0031119342893362045,down,-0.0010507628321647644,0.0001894430024549365,-0.0011514975922182202,0.0005894681671634316,0.0023703621700406075,0.0011517386883497238,0.0005271258996799588,0.0007791718235239387,0.0008095988305285573,-0.00043936038855463266,0.0003973424609284848,0.0010809811064973474,0.0009919629665091634,0.0003360272676218301,-0.0006272753234952688,-0.00013695925008505583,0.0006197128677740693,0.0011389196151867509,0.0006230042781680822,0.0004442278586793691,-0.00018613958673086017,-0.0027627337258309126,-0.0037290456239134073,-0.0008930982439778745,-0.0035659782588481903,-0.0031119342893362045
FOXA,2,2026-04-07 14:00:00+00:00,10:00,-0.0031372997909784317,down,-0.0022755698300898075,0.00022500785416923463,0.00011804116365965456,0.001165033783763647,0.0009708310244604945,-0.0008738379692658782,-0.0019716129172593355,-0.0020644671749323606,-0.0015679823700338602,-0.0017709372332319617,-0.00045965026947669685,0.00037139508640393615,-0.00020271078392397612,-0.00019888549286406487,-6.221051444299519e-05,-0.0018335450440645218,0.00042304617818444967,2.511230923119001e-05,-0.000922393228393048,-5.430521196103655e-05,-0.0017559125553816557,-0.004370764829218388,-0.0054160053841769695,-0.0032939596567302942,-0.005005402024835348,-0.0031372997909784317
DRI,2,2026-04-07 14:00:00+00:00,10:00,-0.003148451680317521,down,0.00144671939779073,0.0023361295461654663,0.00021168518287595361,0.0018927460769191384,0.0005097325774841011,-0.0006321184919215739,-0.0021418111864477396,-0.0010665298905223608,-0.0024064257740974426,-0.002286444650962949,-0.0018157085869461298,-0.002206651959568262,-0.00356850097887218,-0.0028857924044132233,-0.004811061546206474,-0.004977058619260788,-0.004800667054951191,-0.004118705168366432,-0.005076446104794741,-0.0032642269507050514,-0.004424475599080324,-0.006135111209005117,-0.005323619116097689,-0.003433903679251671,-0.004878379870206118,-0.003148451680317521
ACGL,2,2026-04-07 14:00:00+00:00,10:00,-0.0031529199331998825,down,-0.0003565290244296193,0.0017366035608574748,0.0013654825743287802,0.001296701841056347,0.0026863371022045612,0.00027157377917319536,-0.0008805690449662507,-0.001916996669024229,-0.0013046561507508159,-0.0016377917490899563,9.566320659359917e-05,0.00015718574286438525,0.0001366267097182572,-0.00030722247902303934,-0.0005419616354629397,-0.0013962483499199152,2.4833625502651557e-05,-0.00012153902935096994,-0.00044555298518389463,-4.188479215372354e-05,-0.0010599966626614332,-0.002967791398987174,-0.0033903096336871386,-0.0015093217371031642,-0.003223906736820936,-0.0031529199331998825
ETR,2,2026-04-07 14:00:00+00:00,10:00,-0.0031665093265473843,down,-0.003513775300234556,-0.0023579986300319433,-0.002332748379558325,0.0002195328997913748,0.0017485562711954117,-8.962945139501244e-05,-0.0012215756578370929,-0.0011019479716196656,-0.0009979140013456345,-0.0009816779056563973,0.0008601610898040235,0.0013445265358313918,0.0011820747749879956,9.117389708990231e-06,9.302402031607926e-05,0.00035898719215765595,0.0005697292508557439,0.0006870314828120172,0.0003888501669280231,0.0005246263463050127,-0.00034150489955209196,-0.0023668494541198015,-0.0021990772802382708,-2.0227715140208602e-05,-0.0017421210650354624,-0.0031665093265473843
WELL,2,2026-04-07 14:00:00+00:00,10:00,-0.0032529463060200214,down,-0.00521667767316103,-0.0023920568637549877,-0.0020073424093425274,7.47361482353881e-05,0.002902320818975568,0.0004664532607421279,0.0012488520005717874,0.0007628817693330348,0.00012607384996954352,-0.00223351432941854,-0.00024173333076760173,-0.0013819081941619515,-0.0010041776113212109,-0.0013685078592970967,-0.0015403816942125559,-0.0021284131798893213,0.0002141761069651693,-0.00017650829977355897,-0.00029367467504926026,-0.0010110453004017472,-0.0015746193239465356,-0.0030181852634996176,-0.004496478009968996,-0.0018753550248220563,-0.0023377907928079367,-0.0032529463060200214
AMT,2,2026-04-07 14:00:00+00:00,10:00,-0.003288309322670102,down,-0.005224868189543486,-0.001402460620738566,-0.003372260369360447,-0.00241811852902174,-0.002186451107263565,-0.0036587656941264868,-0.0056639560498297215,-0.004628005437552929,-0.006069605238735676,-0.006846210919320583,-0.0034337968099862337,-0.00300938100554049,-0.004037961829453707,-0.004499801900237799,-0.004695570562034845,-0.005208423361182213,-0.00442635640501976,-0.0035206498578190804,-0.004799799993634224,-0.004332686774432659,-0.004847204312682152,-0.006446320563554764,-0.006524819880723953,-0.004246635362505913,-0.0059434594586491585,-0.003288309322670102
OMC,2,2026-04-07 14:00:00+00:00,10:00,-0.0033261000644415617,down,-0.0028683750424534082,0.0006142291822470725,-0.001775979297235608,0.001040185452438891,0.0004491460567805916,-0.0023386573884636164,-0.0046574329026043415,-0.004447899758815765,-0.004093939904123545,-0.0034389891661703587,-0.0012748964363709092,-0.0007635417277924716,-0.002027433132752776,-0.0017951285699382424,-0.0018627921817824244,-0.003257062053307891,-0.0024662890937179327,-0.002985028550028801,-0.0029254069086164236,-0.0028000464662909508,-0.005027846433222294,-0.007605402264744043,-0.007998964749276638,-0.003177057020366192,-0.006334694568067789,-0.0033261000644415617
CTRA,2,2026-04-07 14:00:00+00:00,10:00,-0.003331432119011879,down,-0.001654270337894559,0.004111970774829388,0.0036368484143167734,0.003202785737812519,0.0016458184691146016,0.0026161170098930597,0.002266679657623172,0.0001900597126223147,0.0005664533236995339,-0.002031191485002637,0.0016006950754672289,-0.00023314809368457645,-0.0023740199394524097,-0.0027189042884856462,-0.0001833061978686601,-0.0006096782744862139,0.00013267832400742918,0.0004022895300295204,-0.001873793895356357,-0.0016758735291659832,-0.00256537483073771,-0.00402664951980114,-0.005482999607920647,-0.0025997634511440992,-0.006030210293829441,-0.003331432119011879
DAL,2,2026-04-07 14:00:00+00:00,10:00,-0.003346244106069207,down,-0.004640525672584772,0.0012856436660513282,-0.0029381283093243837,-0.0029509577434509993,-0.004411884117871523,-0.005950810853391886,-0.008117246441543102,-0.0056490302085876465,-0.005956643261015415,-0.008991708047688007,-0.008245274424552917,-0.006700020283460617,-0.006666349247097969,-0.004593412857502699,-0.0037872421089559793,-0.004728254862129688,-0.0035826510284096003,-0.005387738812714815,-0.005124724004417658,-0.005402936600148678,-0.005885490216314793,-0.006009465549141169,-0.004669475834816694,-3.8466871046693996e-05,-0.002710536355152726,-0.003346244106069207
DD,2,2026-04-07 14:00:00+00:00,10:00,-0.0033834853675216436,down,-0.007704843766987324,-0.004100457299500704,-0.005361231509596109,-0.0030451405327767134,-0.002590143820270896,-0.006117087323218584,-0.007950653322041035,-0.008515198715031147,-0.00879343505948782,-0.008244827389717102,-0.006707319524139166,-0.006674440111964941,-0.006768566556274891,-0.004955252166837454,-0.007692324463278055,-0.008684758096933365,-0.004464804194867611,-0.006898116320371628,-0.006888440810143948,-0.006182357203215361,-0.0058325850404798985,-0.009734220802783966,-0.008836629800498486,-0.003727832343429327,-0.005963389296084642,-0.0033834853675216436
MSI,2,2026-04-07 14:00:00+00:00,10:00,-0.0033858325332403183,down,-0.0033816550858318806,0.0009844914311543107,6.0705926443915814e-05,0.0017976714298129082,0.0012428630143404007,-0.0005263886996544898,-0.0020147315226495266,-0.0013206492876634002,-0.0017971914494410157,-0.0018424394074827433,-0.0001777399447746575,-0.0003460229781921953,-0.001072786981239915,-0.0012489379150792956,-0.002455414505675435,-0.002638591220602393,-0.002535248175263405,-0.0018239725613966584,-0.003779483726248145,-0.003639186266809702,-0.0032856883481144905,-0.005279835779219866,-0.004899534862488508,-0.001748963724821806,-0.004572748206555843,-0.0033858325332403183
EL,2,2026-04-07 14:00:00+00:00,10:00,-0.00343168992549181,down,-0.006306536961346865,0.0011664695339277387,-0.004596516955643892,-0.004317987244576216,-0.005325389094650745,-0.007971065118908882,-0.018907921388745308,-0.01625131256878376,-0.015843041241168976,-0.01734100840985775,-0.016861941665410995,-0.0145308468490839,-0.006805164739489555,-0.0066721742041409016,-0.010705783031880856,-0.010212247259914875,-0.008229358121752739,-0.008050189353525639,-0.007952960208058357,-0.011508164927363396,-0.012685385532677174,-0.012197058647871017,-0.013210592791438103,-0.004999483469873667,-0.009220222942531109,-0.00343168992549181
LHX,2,2026-04-07 14:00:00+00:00,10:00,-0.003456982783973217,down,-0.0006722345715388656,0.0017148400656878948,0.0008146934560500085,0.0032451869919896126,0.004983881022781134,0.0029334775172173977,0.0002624256012495607,0.0007416578009724617,-0.0016640794929116964,-0.0013710318598896265,-0.0009206507238559425,0.0008855681517161429,-0.0008386485278606415,-0.0009530593524686992,-0.002294232603162527,-0.002984201069921255,-0.0021425834856927395,-0.0022667746525257826,-0.0029253584798425436,-0.002626036759465933,-0.002563074231147766,-0.005032968241721392,-0.0027198027819395065,-0.0016803061589598656,-0.004115075338631868,-0.003456982783973217
APO,2,2026-04-07 14:00:00+00:00,10:00,-0.0034811811055988073,down,-0.007072117179632187,-0.003485077526420355,-0.006757794413715601,-0.004790544044226408,-0.004848805256187916,-0.0054265582002699375,-0.00861066859215498,-0.006426123436540365,-0.007336956448853016,-0.008121737278997898,-0.006115891970694065,-0.005615627858787775,-0.003976227715611458,-0.002608097856864333,-0.0022204553242772818,-0.003483239095658064,-0.0009115134598687291,-0.002184337005019188,-0.004000372719019651,-0.0029704314656555653,-0.004411115311086178,-0.006474597379565239,-0.006363747175782919,-0.005056385882198811,-0.005717191379517317,-0.0034811811055988073
AXON,2,2026-04-07 14:00:00+00:00,10:00,-0.0034985558595508337,down,-0.0010212025372311473,-0.0017697700532153249,-0.010507815517485142,-0.006094862706959248,-0.01612897217273712,-0.018651170656085014,-0.018128953874111176,-0.015448221936821938,-0.0107977744191885,-0.011130381375551224,-0.006684097461402416,-0.0050081838853657246,-0.004846571013331413,-0.018104350194334984,-0.021773070096969604,-0.022989680990576744,-0.029763733968138695,-0.01953970454633236,-0.02771303988993168,-0.01931009255349636,-0.01853330060839653,-0.012501764111220837,-0.00874497089534998,0.0011722140479832888,-0.008707140572369099,-0.0034985558595508337
VRSK,2,2026-04-07 14:00:00+00:00,10:00,-0.0035140439867973328,down,-0.0017601412255316973,-0.0003115578438155353,-0.0022599510848522186,-0.0007805788773111999,-0.0011648664949461818,-0.00346118095330894,-0.005694495048373938,-0.004021885804831982,-0.004376017022877932,-0.004302924498915672,-0.00303595676086843,-0.0025414107367396355,-0.00252322549931705,-0.002584709320217371,-0.002584833651781082,-0.0031237907242029905,-0.0020115606021136045,-0.0018158451421186328,-0.0026646913029253483,-0.0018879020353779197,-0.00381543580442667,-0.0056421407498419285,-0.005235431715846062,-0.0022203167900443077,-0.004709486849606037,-0.0035140439867973328
CSGP,2,2026-04-07 14:00:00+00:00,10:00,-0.0035229469649493694,down,-0.003859228454530239,0.0016214677598327398,-0.0025066377129405737,-0.0015058551216498017,-0.0033536620903760195,-0.0035914070904254913,-0.00730132358148694,-0.003823665902018547,-0.002924626925960183,-0.005506070796400309,-0.005246169399470091,-0.004972023423761129,-0.006621217355132103,-0.0038718576543033123,-0.004295432474464178,-0.0044725630432367325,-0.004258732311427593,-0.0033940118737518787,-0.0029799193143844604,-0.003153363475576043,-0.00014853992615826428,-0.000753006141167134,-0.003605328733101487,-0.0004188569146208465,-0.005515267141163349,-0.0035229469649493694
MAA,2,2026-04-07 14:00:00+00:00,10:00,-0.0035284836776554585,down,-0.002347133122384548,0.0007518921047449112,0.0004261350550223142,0.0019869969692081213,0.002989012748003006,0.0014913610648363829,-0.0004668059409596026,-0.001155239762738347,0.0002515343076083809,-0.0007495387690141797,0.0018941030139103532,0.0019082524813711643,0.0010104894172400236,7.833977724658325e-05,0.0006847972399555147,-7.470110722351819e-05,0.0014710072427988052,0.0004868151736445725,3.717971412697807e-05,0.0003187349357176572,-0.0017871034797281027,-0.003222949802875519,-0.004345881752669811,-0.0015221397625282407,-0.0035460051149129868,-0.0035284836776554585
A,2,2026-04-07 14:00:00+00:00,10:00,-0.0035407966934144497,down,-0.00091712293215096,-0.0005297331372275949,-0.00038483497337438166,0.0013533278834074736,0.003977060317993164,0.0017040845705196261,0.00034636398777365685,-0.0008854697225615382,-0.0024618732277303934,-0.0028362912125885487,-0.002573295496404171,-0.0008052298217080534,-0.00042006123112514615,-0.0023162602446973324,-0.0027782467659562826,-0.0035976881626993418,-0.0024292324669659138,-0.003039120463654399,-0.0037160187494009733,-0.0032367252279073,-0.003615420777350664,-0.005699250381439924,-0.005218013189733028,-0.002038039732724428,-0.004142668563872576,-0.0035407966934144497
RVTY,2,2026-04-07 14:00:00+00:00,10:00,-0.0035566557198762894,down,-0.0008766078972257674,0.0006795143708586693,-0.0016539401840418577,-0.0009446020121686161,-0.0009487071656621993,-0.003036414971575141,-0.007147762458771467,-0.006839992944151163,-0.00979609601199627,-0.010956719517707825,-0.010888339020311832,-0.008959105238318443,-0.009882933460175991,-0.009841769933700562,-0.006821743678301573,-0.008000019937753677,-0.0066199107095599174,-0.006286435294896364,-0.006383728701621294,-0.005924520548433065,-0.005620209965854883,-0.007954671047627926,-0.0098354397341609,-0.0031270270701497793,-0.005345238838344812,-0.0035566557198762894
CINF,2,2026-04-07 14:00:00+00:00,10:00,-0.0036919726990163326,down,-0.0007159239030443132,0.0015180620830506086,0.00020267535001039505,0.0015702007804065943,0.0022741183638572693,0.0007716618129052222,-0.000809847901109606,0.00011292752606095746,-6.944453343749046e-05,-0.0009133587009273469,0.0013612924376502633,0.0020191706717014313,0.000851444317959249,0.0010791680542752147,0.00040502758929505944,-0.00018808057939168066,0.0014119973639026284,0.0004246577445883304,0.0004153531917836517,-0.0003345167206134647,-0.0011818300699815154,-0.0027544423937797546,-0.004222509916871786,-0.001245082006789744,-0.00529517512768507,-0.0036919726990163326
TMUS,2,2026-04-07 14:00:00+00:00,10:00,-0.00370936025865376,down,-0.004560519475489855,-0.0016161890234798193,-0.002996300347149372,-0.0010372987017035484,-0.0006038338178768754,-0.0026867445558309555,-0.002381004625931382,-0.0016450162511318922,-0.0005920992116443813,-0.0016051223501563072,-0.00022355029068421572,-0.001233362010680139,-0.002609045710414648,-0.0030420119874179363,-0.002775640692561865,-0.003456925507634878,-0.0021595736034214497,-0.0021491763181984425,-0.0027833899948745966,-0.0029587983153760433,-0.005453834775835276,-0.005850597750395536,-0.005462306085973978,-0.004824614617973566,-0.0056167300790548325,-0.00370936025865376
ED,2,2026-04-07 14:00:00+00:00,10:00,-0.003755430690944195,down,-0.0028426330536603928,-0.0019355982076376677,-0.0007549314177595079,0.0008831358281895518,0.003281977726146579,0.0011595918331295252,0.0005077834939584136,-0.00048588504432700574,1.1099513358203694e-05,-0.00024300914083141834,0.0013022952480241656,0.001118853804655373,0.000709447602275759,-0.0003072716644965112,-0.00038409963599406183,-0.0011850235750898719,-0.00047596171498298645,-0.0005559055134654045,-0.000725188001524657,-0.00020129402400925756,-0.0013443516800180078,-0.0032194661907851696,-0.0032954548951238394,-0.001959184417501092,-0.003196450648829341,-0.003755430690944195
SYK,2,2026-04-07 14:00:00+00:00,10:00,-0.0037960840854793787,down,-0.003960915841162205,-0.001915376866236329,-0.002478040987625718,-0.00023686772328801453,0.00010487552208360285,-0.0024920720607042313,-0.005179643165320158,-0.0028464419301599264,-0.0033134454861283302,-0.004759132396429777,-0.003664710558950901,-0.0023956885561347008,-0.0034305122680962086,-0.0026644798927009106,-0.002973307389765978,-0.0037516276352107525,-0.0028844072949141264,-0.0031067642848938704,-0.004559853579849005,-0.0041291797533631325,-0.003983479458838701,-0.005732287652790546,-0.0050412691198289394,-0.0025747264735400677,-0.00444478914141655,-0.0037960840854793787
JKHY,2,2026-04-07 14:00:00+00:00,10:00,-0.0038704753387719393,down,-0.0014043059200048447,0.0020816177129745483,0.00012325232091825455,0.0025184983387589455,0.0019222290720790625,0.00047659053234383464,-0.0019096429459750652,-0.000767537159845233,-0.0012266627745702863,-0.0012038404820486903,0.000654734845738858,0.0014728790847584605,0.0005004674312658608,0.0007445966475643218,0.00032670589280314744,-0.0014593240339308977,0.0003649939317256212,0.0007174275233410299,-0.0004893808509223163,-0.0012706591514870524,-0.0028667841106653214,-0.0042034960351884365,-0.005855852738022804,-0.0023707598447799683,-0.005748183932155371,-0.0038704753387719393
MS,2,2026-04-07 14:00:00+00:00,10:00,-0.003886402817443013,down,-0.0037139584310352802,-0.002014908939599991,-0.004715183284133673,-0.0019961551297456026,-0.0022167726419866085,-0.004107401240617037,-0.0073939235880970955,-0.0037766515742987394,-0.004662174731492996,-0.004067334812134504,-0.0023757037706673145,-0.0022516220342367887,-0.0027938552666455507,-0.002548651769757271,-0.001867616199888289,-0.0027185131330043077,-0.0031319381669163704,-0.0024402053095400333,-0.003815720323473215,-0.004704753868281841,-0.005041161552071571,-0.007882749661803246,-0.007548406720161438,-0.0038157962262630463,-0.004069500137120485,-0.003886402817443013
MO,2,2026-04-07 14:00:00+00:00,10:00,-0.003928665071725845,down,-0.005140634719282389,-0.0022387930657714605,-0.0009376646485179663,-0.0023640140425413847,-0.003930683247745037,-0.004140348173677921,-0.007963178679347038,-0.00858192890882492,-0.007805217057466507,-0.008042708970606327,-0.0067996312864124775,-0.005789375398308039,-0.0070674829185009,-0.006318890023976564,-0.0048635974526405334,-0.00683308532461524,-0.00596246961504221,-0.005970964673906565,-0.0062261526472866535,-0.004911237396299839,-0.006324796937406063,-0.007990346290171146,-0.0072707561776041985,-0.0046502938494086266,-0.0062080915085971355,-0.003928665071725845
MCK,2,2026-04-07 14:00:00+00:00,10:00,-0.00393794197589159,down,-0.004153017420321703,-0.0025124649982899427,-0.0033356614876538515,-0.0007527598645538092,-0.0015268743736669421,-0.003229654161259532,-0.0050539798103272915,-0.005194471217691898,-0.0064696348272264,-0.0055551123805344105,-0.003196227829903364,-0.002708196872845292,-0.002495759166777134,-0.0029935790225863457,-0.0034819350112229586,-0.004506784491240978,-0.0018535894341766834,-0.0023425668478012085,-0.002337022451683879,-0.004048605915158987,-0.006121358368545771,-0.007769965101033449,-0.009455057792365551,-0.0055592600256204605,-0.0075821541249752045,-0.00393794197589159
AOS,2,2026-04-07 14:00:00+00:00,10:00,-0.00396902346983552,down,-0.002032244810834527,0.0010661919368430972,-0.0028187152929604053,-0.001715871156193316,-0.0010318616405129433,-0.00343170459382236,-0.005888896994292736,-0.006302503868937492,-0.007173303049057722,-0.007973263040184975,-0.006450742948800325,-0.006056774873286486,-0.005556949879974127,-0.004802001640200615,-0.0035565842408686876,-0.004797003697603941,-0.0019200651440769434,-0.002885574707761407,-0.0033290900755673647,-0.0030328251887112856,-0.002981632249429822,-0.005279674660414457,-0.006935334764420986,-0.0024736206978559494,-0.006179402582347393,-0.00396902346983552
CB,2,2026-04-07 14:00:00+00:00,10:00,-0.0039708735421299934,down,-0.0039048686157912016,-0.0009191851131618023,-0.0019672054331749678,0.00024239793128799647,0.0008544825832359493,-0.0011181103764101863,-0.0031511082779616117,-0.0032158351968973875,-0.0034654235932976007,-0.004399093799293041,-0.0032308746594935656,-0.0036521737929433584,-0.003951147198677063,-0.0032691454980522394,-0.003979286644607782,-0.005072565749287605,-0.004173179157078266,-0.0037908144295215607,-0.005308269988745451,-0.004589952528476715,-0.004305329639464617,-0.006060922984033823,-0.00678014662116766,-0.003713851096108556,-0.00596441188827157,-0.0039708735421299934
OXY,2,2026-04-07 14:00:00+00:00,10:00,-0.00397992879152298,down,-0.008551531471312046,-0.008399596437811852,-0.007601434830576181,-0.005901393014937639,-0.00868379045277834,-0.00863046944141388,-0.01142626442015171,-0.01076056994497776,-0.00994758028537035,-0.010715430602431297,-0.009091419167816639,-0.010227576829493046,-0.012287475168704987,-0.012399711646139622,-0.009071656502783298,-0.010047947987914085,-0.009338662959635258,-0.009176223538815975,-0.009005934931337833,-0.008881357498466969,-0.009754490107297897,-0.011347933672368526,-0.011271243914961815,-0.005309516564011574,-0.005753246136009693,-0.00397992879152298
AEE,2,2026-04-07 14:00:00+00:00,10:00,-0.004012780729681253,down,-0.0009386817691847682,0.0012037118431180716,0.0017741257324814796,0.0036392700858414173,0.004348044283688068,0.0029222918674349785,0.0022866115905344486,0.0010946819093078375,0.0021906811743974686,0.000964525796007365,0.003291475120931864,0.0026301322504878044,0.002516239881515503,0.0009558455785736442,0.0007917482871562243,0.0004326306516304612,0.0008675579447299242,0.00011687760706990957,3.074732012464665e-05,-1.9127179257338867e-05,-0.0014860095689073205,-0.002429371001198888,-0.0037611944135278463,-0.0018093715189024806,-0.003584708319976926,-0.004012780729681253
DXCM,2,2026-04-07 14:00:00+00:00,10:00,-0.004016477148979902,down,-0.006046515889465809,-0.0031426092609763145,-0.006260467693209648,-0.0046693990007042885,-0.006516356952488422,-0.0073667531833052635,-0.009577781893312931,-0.006923438515514135,-0.007056120317429304,-0.006066079717129469,-0.005303655751049519,-0.0034976901952177286,-0.004230672027915716,-0.004150013905018568,-0.0036966896150261164,-0.005528842564672232,-0.003593658795580268,-0.0034869567025452852,-0.005250137764960527,-0.005606810096651316,-0.006066444795578718,-0.008651863783597946,-0.008265158161520958,-0.00321429711766541,-0.0062130652368068695,-0.004016477148979902
MDLZ,2,2026-04-07 14:00:00+00:00,10:00,-0.004024212714284658,down,-0.0012377605307847261,0.00017920897516887635,-0.0011601860169321299,0.0001297498238272965,-0.0006103204796090722,-0.0015060948207974434,-0.004971151240170002,-0.003136262996122241,-0.0034885075874626637,-0.004282176028937101,-0.0020900946110486984,-0.00275254063308239,-0.004170902073383331,-0.0035857006441801786,-0.0013962351949885488,-0.0031502346973866224,-0.0018440084531903267,-0.0022516900207847357,-0.0032841162756085396,-0.002366201253607869,-0.004113045986741781,-0.005447014234960079,-0.005698029417544603,-0.0025813512038439512,-0.004731571767479181,-0.004024212714284658
CTAS,2,2026-04-07 14:00:00+00:00,10:00,-0.004035250283777714,down,-0.005474680569022894,-0.0019094354938715696,-0.006162458565086126,-0.005450455937534571,-0.003930431790649891,-0.005815024487674236,-0.008048384450376034,-0.006171561311930418,-0.005006381310522556,-0.004031590186059475,-0.0005069124163128436,-5.613655230263248e-05,-0.0006581629859283566,-0.0010210227919742465,-0.0018692462472245097,-0.0028252366464585066,-0.0016841114265844226,-0.0003672193852253258,-0.0010935558238998055,-0.00048748563858680427,-0.002655145712196827,-0.005098957102745771,-0.006360176485031843,-0.0017911257455125451,-0.004707747139036655,-0.004035250283777714
DUK,2,2026-04-07 14:00:00+00:00,10:00,-0.004035493824630976,down,-0.002137628151103854,0.003273962065577507,0.002598062390461564,0.002863106084987521,0.005941065028309822,0.004357273690402508,0.00504362303763628,0.00031214344198815525,0.0006851928192190826,-0.0011238005245104432,0.00036677077878266573,0.0008954078075475991,-3.2754756830399856e-05,-0.0010064517846331,-0.0011032066540792584,-0.0012427535839378834,-0.0011055811773985624,-0.0007323041209019721,-0.0008638364379294217,-0.0002501907874830067,-0.001725449925288558,-0.004432016517966986,-0.005394781939685345,-0.0030897899996489286,-0.003969458397477865,-0.004035493824630976
RJF,2,2026-04-07 14:00:00+00:00,10:00,-0.00404455466195941,down,0.00014335339074023068,0.0031077545136213303,0.0002326458052266389,0.001942959614098072,0.0027034995146095753,0.0014427750138565898,-0.0024480593856424093,-0.0029155544470995665,-0.004414581693708897,-0.007496425416320562,-0.006609173025935888,-0.0057709068059921265,-0.006740265060216188,-0.008276228792965412,-0.0060568442568182945,-0.007503801491111517,-0.005580950062721968,-0.005954453721642494,-0.0074992189183831215,-0.00582977756857872,-0.005741512402892113,-0.007565458305180073,-0.00717731611803174,-0.002928821137174964,-0.007160268723964691,-0.00404455466195941
DLTR,2,2026-04-07 14:00:00+00:00,10:00,-0.004181088414043188,down,-0.004338270053267479,0.0007645192672498524,-0.008363727480173111,-0.003433321136981249,-0.004931265953928232,-0.008415566757321358,-0.011379599571228027,-0.006846461445093155,-0.008329667150974274,-0.006836247630417347,-0.0027535962872207165,-0.0006458948482759297,0.003546914318576455,0.004073339514434338,0.002802705392241478,0.0012300495291128755,0.0025776915717869997,0.0024440926499664783,-0.0014043994015082717,-0.0019312194781377912,-0.0007344797486439347,-0.0033341534435749054,-0.0033160108141601086,6.681757076876238e-05,-0.0017595684621483088,-0.004181088414043188
WBD,2,2026-04-07 14:00:00+00:00,10:00,-0.004203855060040951,down,-0.004664793610572815,-0.003727167844772339,-0.006449181120842695,-0.003782863961532712,-0.003566113766282797,-0.004378958139568567,-0.003966213203966618,-0.004530435893684626,-0.00360285397619009,-0.005312243476510048,-0.004623197019100189,-0.005150303244590759,-0.005802602972835302,-0.005247772671282291,-0.004862478468567133,-0.004288366995751858,-0.003854961134493351,-0.004940066020935774,-0.0042939214035868645,-0.0030889043118804693,-0.0051300604827702045,-0.005788389593362808,-0.005131888668984175,-0.0036995019763708115,-0.005381894297897816,-0.004203855060040951
LVS,2,2026-04-07 14:00:00+00:00,10:00,-0.004227565601468086,down,-0.004538645967841148,-0.0014500980032607913,-0.0028119301423430443,-0.0008455368224531412,-0.00020882159878965467,-0.001162600121460855,-0.004378447774797678,-0.003016750793904066,-0.0031971598509699106,-0.003786351764574647,-0.0022909343242645264,-0.001444131601601839,-0.002121700905263424,-0.0022035660222172737,-0.0017694212729111314,-0.0030613590497523546,-0.0005428617587313056,-0.0016913875006139278,-0.0018644988304004073,-0.0015838916879147291,-0.0030683723744004965,-0.005219537764787674,-0.005827976390719414,-0.0033939562272280455,-0.005750236567109823,-0.004227565601468086
MRK,2,2026-04-07 14:00:00+00:00,10:00,-0.004295708145946264,down,-0.006623070687055588,-0.00674663670361042,-0.011373746208846569,-0.0038451985456049442,-0.0058519188314676285,-0.010985460132360458,-0.013573120348155499,-0.008323274552822113,-0.009418871253728867,-0.008654939942061901,-0.004132984206080437,-0.004987802356481552,-0.003500698134303093,-0.002850317396223545,-0.0024503404274582863,-0.004367693793028593,-0.0013132677413523197,-0.002221855567768216,-0.0030197238083928823,-0.005173199810087681,-0.0057948073372244835,-0.006931839510798454,-0.005603430327028036,-0.0017809418495744467,-0.004346808884292841,-0.004295708145946264
TT,2,2026-04-07 14:00:00+00:00,10:00,-0.004319644533097744,down,-0.007035480812191963,-0.006087565328925848,-0.004611646756529808,-0.0015647365944460034,0.00011981857824139297,-0.003105761716142297,-0.005327433347702026,-0.005919354967772961,-0.0078069125302135944,-0.006721597630530596,-0.004632866475731134,-0.004898601211607456,-0.004514686763286591,-0.004990842193365097,-0.006590393837541342,-0.0064928471110761166,-0.006057398393750191,-0.004471170715987682,-0.007815413177013397,-0.007132136728614569,-0.007374044042080641,-0.007643429096788168,-0.007431838195770979,-0.0049015735276043415,-0.005775212310254574,-0.004319644533097744
EQR,2,2026-04-07 14:00:00+00:00,10:00,-0.004340693820267916,down,-0.004678495228290558,-0.0024796787183731794,-0.0031961146742105484,-0.001429215888492763,-0.00011548152542673051,-0.0016047692624852061,-0.0030509501229971647,-0.0035116688814014196,-0.0034442259930074215,-0.003243008628487587,-0.0012148020323365927,-0.0012601298512890935,-0.0023350329138338566,-0.002457053866237402,-0.0026645036414265633,-0.0038733230903744698,-0.001527948770672083,-0.001388044678606093,-0.001977965235710144,-0.0011491553159430623,-0.002774900523945689,-0.006681609433144331,-0.006440503988415003,-0.004276139661669731,-0.0049510737881064415,-0.004340693820267916
AFL,2,2026-04-07 14:00:00+00:00,10:00,-0.004377184901386499,down,-0.004843925125896931,-0.004049047362059355,-0.003729413030669093,-0.0034909502137452364,0.001137180021032691,-0.002076832577586174,-0.0038331334944814444,-0.0034614945761859417,-0.002683311467990279,-0.003004661528393626,-0.0007862277561798692,-0.0012985783396288753,-0.002458061557263136,-0.0017687223153188825,-0.0017814063467085361,-0.002052559284493327,-0.0010545807890594006,-0.00141082180198282,-0.001432080753147602,-0.0008199160220101476,-0.002187711652368307,-0.004544167313724756,-0.004714817740023136,-0.002296303864568472,-0.00388352177105844,-0.004377184901386499
PCAR,2,2026-04-07 14:00:00+00:00,10:00,-0.00438168877735734,down,-0.0031429340597242117,-0.001183308893814683,-0.0021002511493861675,-0.0007562761893495917,0.002098532859236002,-0.00040446349885314703,-0.0028323561418801546,-0.002215408952906728,-0.0034819338470697403,-0.004585564136505127,-0.0018989461241289973,-0.0008853009785525501,-0.0012707471614703536,-0.0013910509878769517,-0.001300404081121087,-0.0022531014401465654,-0.0007330363732762635,-0.0013256212696433067,-0.0015061276499181986,-0.001380976173095405,-0.0010907645337283611,-0.003509747562929988,-0.005294049624353647,-0.0022245943546295166,-0.0046079508028924465,-0.00438168877735734
CRH,2,2026-04-07 14:00:00+00:00,10:00,-0.004399117548018694,down,-0.009230803698301315,-0.0046804435551166534,-0.007057631388306618,-0.0029370244592428207,-0.0015992221888154745,-0.002388404216617346,-0.005227317102253437,-0.0023643062449991703,-0.003233548253774643,-0.004445663187652826,-0.001629298902116716,-0.0029926998540759087,-0.0020570005290210247,-0.0009216076578013599,-0.0008130318601615727,-0.0017763188807293773,-0.0007841499173082411,-0.0022357155103236437,-0.0032691839151084423,-0.002178934635594487,-0.0033463542349636555,-0.005594472400844097,-0.005349989980459213,-0.0021146524231880903,-0.005090781487524509,-0.004399117548018694
CDW,2,2026-04-07 14:00:00+00:00,10:00,-0.0044651152566075325,down,-0.00029705383349210024,0.0005315755843184888,-0.0014378917403519154,0.000491578015498817,-0.0010803426848724484,-0.003908652812242508,-0.00616029929369688,-0.0037463128101080656,-0.003409320954233408,-0.0043207500129938126,-0.002357439836487174,-0.001021351432427764,-0.00261980970390141,-0.0026522576808929443,-0.0022523575462400913,-0.003731661709025502,-0.00199300330132246,-0.0010703809093683958,-0.0033804678823798895,-0.003584148595109582,-0.005152909550815821,-0.006812348961830139,-0.0066592395305633545,-0.003335704328492284,-0.006097584962844849,-0.0044651152566075325
CLX,2,2026-04-07 14:00:00+00:00,10:00,-0.004508372396230698,down,-0.0036196764558553696,-0.0009916172130033374,-0.001194510143250227,-0.0010585231939330697,0.0009923861362040043,-0.001806622720323503,-0.004281255882233381,-0.003388883313164115,-0.002811489626765251,-0.0028913014102727175,-0.0018904911121353507,-0.0018568821251392365,-0.0019679972901940346,-0.0018969866214320064,-0.0023916868958622217,-0.0026355476584285498,-0.0008245935314334929,-0.0010383804328739643,-0.0014454234624281526,-0.0004991360474377871,-0.0021505476906895638,-0.003734053811058402,-0.00450726505368948,-0.0021569530945271254,-0.005147572141140699,-0.004508372396230698
KMB,2,2026-04-07 14:00:00+00:00,10:00,-0.004541656468063593,down,-0.002800833899527788,0.0004571815952658653,-0.0015590930124744773,-0.0011010419111698866,0.001211847411468625,-0.0006411690264940262,-0.0024491294752806425,-0.0016296225367113948,-0.0017108767060562968,-0.001296738046221435,0.0009120531030930579,0.0010140633676201105,0.001183296088129282,0.0003394820378161967,-0.00020176914404146373,-0.0013538971543312073,0.0002632453397382051,-0.0001471205905545503,-0.0005694784922525287,0.0001069428471964784,-0.0005719292093999684,-0.003073357045650482,-0.004337904043495655,-0.0015574416611343622,-0.0046927835792303085,-0.004541656468063593
STZ,2,2026-04-07 14:00:00+00:00,10:00,-0.004592500161379576,down,-0.0038480281364172697,-0.0013054535957053304,-0.004481754265725613,-0.0030596924480050802,-0.002863331465050578,-0.004469725769013166,-0.007751461584120989,-0.005907936953008175,-0.004888475872576237,-0.004402007907629013,-0.0015297899954020977,-0.0014112066710367799,-0.002075411379337311,-0.0015679742209613323,-0.0032135939691215754,-0.0037034633569419384,-0.0023762115743011236,-0.0014177605044096708,-0.0022359145805239677,-0.0028382553718984127,-0.003235969925299287,-0.005650771781802177,-0.006343849468976259,-0.004261904861778021,-0.007232874631881714,-0.004592500161379576
SW,2,2026-04-07 14:00:00+00:00,10:00,-0.004614410921931267,down,-0.006688253488391638,-0.0017284434288740158,-0.0036495213862508535,-0.002214775886386633,-0.003516546217724681,-0.005121288821101189,-0.007714502979069948,-0.008228370919823647,-0.008228186517953873,-0.008386834524571896,-0.00810352060943842,-0.007108692545443773,-0.004993155598640442,-0.005644083023071289,-0.005678979679942131,-0.005875712726265192,-0.0041405316442251205,-0.006316836457699537,-0.00351686030626297,-0.005575370509177446,-0.003706760471686721,-0.0032000266946852207,-0.004313168115913868,-0.001204032450914383,-0.004626164212822914,-0.004614410921931267
PWR,2,2026-04-07 14:00:00+00:00,10:00,-0.004652310628443956,down,-0.0024773685727268457,-0.00033096910919994116,-0.0021728365682065487,0.00018467240442987531,-0.001055693137459457,-0.002397340489551425,-0.00533276004716754,-0.0044999257661402225,-0.0068875448778271675,-0.006565643474459648,-0.004501364193856716,-0.003313253168016672,-0.0038578759413212538,-0.0038503888063132763,-0.005612850189208984,-0.004595087841153145,-0.0034120860509574413,-0.004220197908580303,-0.0037438501603901386,-0.005567010957747698,-0.005378894507884979,-0.006409688387066126,-0.007193987723439932,-0.0027146628126502037,-0.007110957056283951,-0.004652310628443956
FAST,2,2026-04-07 14:00:00+00:00,10:00,-0.004667780827730894,down,-0.008368328213691711,-0.00470774294808507,-0.004916869103908539,-0.0031379370484501123,-0.0011747427051886916,-0.003792234929278493,-0.005962459836155176,-0.006435934919863939,-0.007875663228332996,-0.007554603740572929,-0.005823615472763777,-0.005758283194154501,-0.006060656160116196,-0.004576690960675478,-0.005082214716821909,-0.007298454642295837,-0.004521950148046017,-0.0059549096040427685,-0.005744850728660822,-0.005381364841014147,-0.006484897341579199,-0.009254194796085358,-0.009276817552745342,-0.005270369816571474,-0.007348636630922556,-0.004667780827730894
EPAM,2,2026-04-07 14:00:00+00:00,10:00,-0.004674641881138086,down,0.0007749672513455153,0.0022994359023869038,-0.0014806099934503436,0.00011442150571383536,-0.002440765965729952,-0.004306692164391279,-0.008758149109780788,-0.005869877990335226,-0.008695886470377445,-0.008321383967995644,-0.0071774316020309925,-0.005635799374431372,-0.006727535277605057,-0.005890826229006052,-0.005688883829861879,-0.007508932147175074,-0.004980830475687981,-0.004843403585255146,-0.005693303886801004,-0.00579131068661809,-0.0051068938337266445,-0.007233721204102039,-0.006114038173109293,-0.0017714345594868064,-0.005900394171476364,-0.004674641881138086
PODD,2,2026-04-07 14:00:00+00:00,10:00,-0.004684075713157654,down,-0.002032676013186574,0.0014773198636248708,0.0005723275244235992,0.003024352714419365,0.001401441521011293,0.0005545345484279096,-0.0015919179422780871,-0.0004932709853164852,-0.002247140510007739,-0.0023860891815274954,-0.0026967967860400677,-0.001127013354562223,-0.00042218223097734153,0.00021383826970122755,7.160061795730144e-05,-0.0019460259936749935,0.0011178741697221994,-0.0010917754843831062,-0.0023255653213709593,-0.0027628468815237284,-0.0026530323084443808,-0.004044294357299805,-0.004876698367297649,-0.0045487177558243275,-0.0051511297933757305,-0.004684075713157654
BK,2,2026-04-07 14:00:00+00:00,10:00,-0.004697517491877079,down,-0.005937838461250067,-0.0026974272914230824,-0.003909001592546701,-0.0018919130088761449,-0.00034103839425370097,-0.0037078973837196827,-0.005273430608212948,-0.004289473406970501,-0.003977018408477306,-0.005172992590814829,-0.003312451299279928,-0.002308361465111375,-0.0030452655628323555,-0.003266865387558937,-0.002830205485224724,-0.0024241707287728786,-0.0010935432510450482,-0.0011465760180726647,-0.0024823429994285107,-0.0019868314266204834,-0.0026531214825809,-0.005161191802471876,-0.005759737454354763,-0.002889608033001423,-0.004318851977586746,-0.004697517491877079
HIG,2,2026-04-07 14:00:00+00:00,10:00,-0.00475630396977067,down,-0.0031684197019785643,-0.0003300468670204282,-0.0019261881243437529,0.00011522525164764374,0.0014804002130404115,-0.00100755225867033,-0.0022672200575470924,-0.0031642084941267967,-0.0020819799974560738,-0.003088731784373522,-0.0017913546180352569,-0.0019140017684549093,-0.002740219933912158,-0.002675374038517475,-0.0023625120520591736,-0.0022346256300807,-0.0005423766560852528,-0.0014041825197637081,-0.0012029082281515002,-0.0011869746958836913,-0.00306119816377759,-0.004384033847600222,-0.004323435947299004,-0.002886146306991577,-0.006075186189264059,-0.00475630396977067
UBER,2,2026-04-07 14:00:00+00:00,10:00,-0.004780292045325041,down,-0.00043741377885453403,0.003495057113468647,-0.0006266231648623943,0.002380635589361191,0.0007428420358337462,-0.0016732941148802638,-0.006400099489837885,-0.005779298022389412,-0.005838483572006226,-0.007257293909788132,-0.005828701425343752,-0.004373392555862665,-0.00573737034574151,-0.004503035917878151,-0.005890673492103815,-0.005793366581201553,-0.00446234131231904,-0.005248324945569038,-0.004751991014927626,-0.00494257640093565,-0.004911994095891714,-0.006614181213080883,-0.006483777891844511,-0.003265750827267766,-0.005457612685859203,-0.004780292045325041
LDOS,2,2026-04-07 14:00:00+00:00,10:00,-0.004804587457329035,down,0.00040319556137546897,0.002572212601080537,0.001358332228846848,0.0028089662082493305,0.0027082995511591434,0.0010376181453466415,-0.0017900207312777638,-0.0014905428979545832,-0.0020171990618109703,-0.0027925879694521427,-0.001046650344505906,0.0003225505934096873,-0.0001537155912956223,-7.480738713638857e-05,-0.001231409260071814,-0.0019948326516896486,-0.0007800217135809362,-0.00031185976695269346,-0.0019203185802325606,-0.001928874058648944,-0.0025662947446107864,-0.003882216988131404,-0.005258699879050255,-0.002120028482750058,-0.006753182504326105,-0.004804587457329035
PGR,2,2026-04-07 14:00:00+00:00,10:00,-0.004886586684733629,down,-0.0035525127314031124,-0.0010952246375381947,-0.0016461719060316682,-0.0010760767618194222,-0.0016653131460770965,-0.003864672500640154,-0.004933822434395552,-0.003986693453043699,-0.004091618116945028,-0.0037726936861872673,-0.002407667925581336,-0.0023842763621360064,-0.002840259810909629,-0.0026093756314367056,-0.00295643275603652,-0.0037684256676584482,-0.0020108649041503668,-0.0023563888389617205,-0.0027435736265033484,-0.003264865605160594,-0.004404961597174406,-0.005896011367440224,-0.007157532498240471,-0.004619099665433168,-0.006061113905161619,-0.004886586684733629
APH,2,2026-04-07 14:00:00+00:00,10:00,-0.00495497602969408,down,-0.00565437413752079,-0.0034816956613212824,-0.006703393533825874,-0.00487408135086298,-0.005027545616030693,-0.0071710748597979546,-0.008590836077928543,-0.007214232347905636,-0.007730737328529358,-0.00796734169125557,-0.005731380078941584,-0.0069975294172763824,-0.006824411917477846,-0.006577868480235338,-0.004607425536960363,-0.00645101722329855,-0.00659592030569911,-0.005889283958822489,-0.007025939878076315,-0.006731285247951746,-0.00677837198600173,-0.00839229952543974,-0.007667790167033672,-0.005402189213782549,-0.006892457138746977,-0.00495497602969408
NEE,2,2026-04-07 14:00:00+00:00,10:00,-0.004957858007401228,down,-0.00491816271096468,-0.0038172167260199785,-0.0041932822205126286,-0.002883271314203739,-0.00016978693020064384,-0.000786188174970448,-0.002755484078079462,-0.004022038076072931,-0.0034243471454828978,-0.002958748722448945,-0.001365935429930687,-0.0016412318218499422,-0.0024659845512360334,-0.0019107647240161896,-0.001402123598381877,-0.002167660975828767,-0.00266379420645535,-0.0024744418915361166,-0.002110804431140423,-0.0016747930785641074,-0.0027058799751102924,-0.004301874432712793,-0.00521194888278842,-0.0033144205808639526,-0.006191974971443415,-0.004957858007401228
YUM,2,2026-04-07 14:00:00+00:00,10:00,-0.004958639852702618,down,-0.0003513412084430456,0.0021058411803096533,0.0005740562919527292,0.0016633019549772143,0.0021614879369735718,0.0009617694304324687,-0.001943698967806995,-0.0012688763672485948,-0.0011483152629807591,-0.0018105998169630766,0.00030512255034409463,0.0005754200392402709,0.00011795522732427344,0.0007018099422566593,-0.000879959377925843,-0.0017828173004090786,2.4160170141840354e-05,-0.0003641951479949057,-0.0009299583034589887,-0.0012343456037342548,-0.0007369605591520667,-0.0026933697517961264,-0.004523720592260361,-0.0012135393917560577,-0.007316284812986851,-0.004958639852702618
KMI,2,2026-04-07 14:00:00+00:00,10:00,-0.005042073782533407,down,-0.0033220837358385324,-0.000988657004199922,-0.006717856507748365,-0.003912659361958504,-0.004158566240221262,-0.0034782185684889555,-0.004234961234033108,-0.005032403394579887,-0.006940953433513641,-0.005136569496244192,-0.0035705422051250935,-0.004544960334897041,-0.006683453917503357,-0.0066398694179952145,-0.005994595121592283,-0.0066796476021409035,-0.003942892886698246,-0.004421364050358534,-0.004944611340761185,-0.0050095729529857635,-0.006939185783267021,-0.009868607856333256,-0.009533582255244255,-0.005866051185876131,-0.007822399027645588,-0.005042073782533407
T,2,2026-04-07 14:00:00+00:00,10:00,-0.005083898548036814,down,-0.0012135460274294019,-0.0017901629908010364,-0.005854361690580845,-0.003656703745946288,-0.0053658620454370975,-0.00644887937232852,-0.007746786344796419,-0.0071084885857999325,-0.007780350744724274,-0.005933911073952913,-0.004731242544949055,-0.005545405205339193,-0.007520510349422693,-0.006687228102236986,-0.005766215734183788,-0.006708905100822449,-0.004979032091796398,-0.006417836062610149,-0.006026195827871561,-0.005218718200922012,-0.0064832004718482494,-0.007167258765548468,-0.007809227332472801,-0.004721751902252436,-0.0066001396626234055,-0.005083898548036814
HBAN,2,2026-04-07 14:00:00+00:00,10:00,-0.005125861149281263,down,-0.007868371903896332,-0.006727226078510284,-0.008313218131661415,-0.006712357513606548,-0.006353937089443207,-0.007124154828488827,-0.009648765437304974,-0.01018927339464426,-0.009185250848531723,-0.009199454449117184,-0.007647282909601927,-0.00597982294857502,-0.006117878947407007,-0.006749196443706751,-0.006377812009304762,-0.007184954360127449,-0.005016524810343981,-0.007461611647158861,-0.007481340318918228,-0.005438767373561859,-0.006822643335908651,-0.008774532936513424,-0.009503702633082867,-0.0034809433855116367,-0.005907585844397545,-0.005125861149281263
TKO,2,2026-04-07 14:00:00+00:00,10:00,-0.005147365387529135,down,0.000621675222646445,0.002502982970327139,0.002349165268242359,0.0025190666783601046,0.0026824879460036755,0.0001460123312426731,-0.001093424391001463,-0.0026478685904294252,-0.003961354028433561,-0.005233734846115112,-0.004844230134040117,-0.003984162583947182,-0.006355312652885914,-0.006604443769901991,-0.007825196720659733,-0.008250193670392036,-0.006405498832464218,-0.005303204990923405,-0.006401074584573507,-0.005411169026046991,-0.0052636973559856415,-0.006902715656906366,-0.00643193768337369,-0.0047225854359567165,-0.006047839764505625,-0.005147365387529135
DDOG,2,2026-04-07 14:00:00+00:00,10:00,-0.005197139456868172,down,-0.008421595208346844,-0.0041931914165616035,-0.016009224578738213,-0.011930974200367928,-0.014005308970808983,-0.017710229381918907,-0.01976698450744152,-0.014995664358139038,-0.014400525018572807,-0.011110876686871052,-0.006939979270100594,-0.0061547765508294106,-0.003887281520292163,-0.0019512862199917436,-0.0033960447181016207,-0.005883530713617802,-0.004827026277780533,-0.003979379311203957,-0.008116465061903,-0.008102161809802055,-0.00492305401712656,-0.009252957999706268,-0.004063802771270275,-0.00238989875651896,-0.0063061220571398735,-0.005197139456868172
SRE,2,2026-04-07 14:00:00+00:00,10:00,-0.005199925508350134,down,-0.004124949220567942,-0.0018230302957817912,-0.004013434983789921,-0.0008030601311475039,0.0008261278853751719,-0.0010196975199505687,-0.002953985705971718,-0.002413052599877119,-0.003054155735298991,-0.004231269471347332,-0.0024392197374254465,-0.001824220409616828,-0.001775406301021576,-0.0020917595829814672,-0.0021655329037457705,-0.00339092081412673,-0.0023754325229674578,-0.001897422014735639,-0.0021893992088735104,-0.0014414545148611069,-0.0029982097912579775,-0.005095310043543577,-0.004948314744979143,-0.002770900260657072,-0.004175314214080572,-0.005199925508350134
GILD,2,2026-04-07 14:00:00+00:00,10:00,-0.005219343584030867,down,-0.005106743425130844,-0.0012429567286744714,-0.005181423854082823,-0.003399765584617853,-0.0029938872903585434,-0.0030956524424254894,-0.006990595255047083,-0.006379611790180206,-0.006215698551386595,-0.00704973703250289,-0.005475523881614208,-0.006317319814115763,-0.00649595120921731,-0.0059746732003986835,-0.004959037993103266,-0.005285708699375391,-0.003449619049206376,-0.004816570319235325,-0.005518615245819092,-0.005790820345282555,-0.005061672069132328,-0.006638519931584597,-0.008280033245682716,-0.0051021273247897625,-0.008057539351284504,-0.005219343584030867
AMP,2,2026-04-07 14:00:00+00:00,10:00,-0.005220594350248575,down,-0.004444899968802929,-0.005010213237255812,-0.0032852990552783012,-0.0011159238638356328,-0.002611275063827634,-0.0046736872754991055,-0.009649173356592655,-0.011249552480876446,-0.013344233855605125,-0.009791729971766472,-0.00697818398475647,-0.005703211296349764,-0.006255949381738901,-0.0075998250395059586,-0.008639220148324966,-0.009334917180240154,-0.00685036089271307,-0.007488751318305731,-0.008682425133883953,-0.00996818020939827,-0.010834121145308018,-0.011415975168347359,-0.01145403366535902,-0.007251021917909384,-0.009656734764575958,-0.005220594350248575
BALL,2,2026-04-07 14:00:00+00:00,10:00,-0.005251108668744564,down,-0.003302736207842827,-0.0018645134987309575,-0.0027372839394956827,-0.001153438352048397,0.0002082235150737688,-0.0018325225682929158,-0.002493564272299409,-0.0037575915921479464,-0.0037871154490858316,-0.004762283060699701,-0.0032657883130013943,-0.0023929199669510126,-0.0017392841400578618,-0.0017784477677196264,-0.0022237254306674004,-0.0036489495541900396,-0.0015645016683265567,-0.0033486923202872276,-0.004207560792565346,-0.0035673019010573626,-0.004849461372941732,-0.00769483856856823,-0.009203862398862839,-0.005189703311771154,-0.007266425993293524,-0.005251108668744564
XYL,2,2026-04-07 14:00:00+00:00,10:00,-0.005342660006135702,down,-0.005930888466536999,-0.0045410399325191975,-0.005938428454101086,-0.003221463179215789,-0.0012912699021399021,-0.005267695058137178,-0.006622816435992718,-0.004734868183732033,-0.004798623733222485,-0.00451614847406745,-0.0026389951817691326,-0.0019270320190116763,-0.002482406795024872,-0.0034013008698821068,-0.002519669709727168,-0.003487403504550457,-0.0019141508964821696,-0.0012350131291896105,-0.0025593379978090525,-0.002539806067943573,-0.004112999886274338,-0.006584800314158201,-0.00697470735758543,-0.0040171220898628235,-0.005949872080236673,-0.005342660006135702
SWK,2,2026-04-07 14:00:00+00:00,10:00,-0.005410495214164257,down,-0.0023557015229016542,0.001083387527614832,-0.0017670702654868364,-0.00041923864046111703,-0.0004815251159016043,-0.0025702444836497307,-0.004911873489618301,-0.0045478553511202335,-0.0069856769405305386,-0.00966719351708889,-0.007738266605883837,-0.005889737047255039,-0.004391288850456476,-0.004243381787091494,-0.004146920517086983,-0.0057823993265628815,-0.003185055684298277,-0.002662121783941984,-0.005059300921857357,-0.004484164994210005,-0.004370206501334906,-0.007135462481528521,-0.0056200637482106686,-0.0027353859040886164,-0.003977676387876272,-0.005410495214164257
GPC,2,2026-04-07 14:00:00+00:00,10:00,-0.005505493842065334,down,-0.0028794037643820047,-0.0011475869687274098,-0.0009201335487887263,-0.0007509015267714858,0.002327348105609417,-0.0009585600346326828,-0.0015189601108431816,-0.002296036807820201,-0.0012905725743621588,-0.002353785326704383,-7.851760892663151e-05,-0.00045674509601667523,-0.0005177433486096561,-0.0011003246763721108,-0.0011618022108450532,-0.0016821478493511677,-0.0006912550306878984,-0.001814180868677795,-0.0020627621561288834,-0.0009931245585903525,-0.0020863590762019157,-0.004355608485639095,-0.005617114715278149,-0.0028194172773510218,-0.00518548209220171,-0.005505493842065334
PG,2,2026-04-07 14:00:00+00:00,10:00,-0.005615809466689825,down,-0.0017140933778136969,-0.0014406540431082249,-0.0017852690070867538,-0.0009240491199307144,4.278666528989561e-05,-0.0024364388082176447,-0.003188474103808403,-0.0037002849858254194,-0.0034491033293306828,-0.004892457276582718,-0.003308601677417755,-0.003157261526212096,-0.004008333198726177,-0.004477376583963633,-0.0034994969610124826,-0.0035895477049052715,-0.0030950044747442007,-0.0040392400696873665,-0.00343391508795321,-0.0037017641589045525,-0.004606302827596664,-0.005705245304852724,-0.00650019058957696,-0.0038176006637513638,-0.007366063538938761,-0.005615809466689825
COO,2,2026-04-07 14:00:00+00:00,10:00,-0.005671233404427767,down,-0.006765685975551605,-0.002241379814222455,-0.006600971799343824,-0.005468201823532581,-0.005303671117872,-0.0066840373910963535,-0.010608820244669914,-0.010234491899609566,-0.01369266863912344,-0.014818070456385612,-0.013062500394880772,-0.012152167037129402,-0.009917832911014557,-0.008691658265888691,-0.009997876361012459,-0.010282555595040321,-0.008116161450743675,-0.00849821139127016,-0.008281287737190723,-0.00969245471060276,-0.008498134091496468,-0.009657888673245907,-0.010319849476218224,-0.006247030571103096,-0.00802876241505146,-0.005671233404427767
IP,2,2026-04-07 14:00:00+00:00,10:00,-0.0057005491107702255,down,-0.007097688969224691,-0.0011690574465319514,-0.003309215884655714,-0.002510427264496684,-0.0036134873516857624,-0.002138932002708316,-0.004058780614286661,-0.005330752115696669,-0.006089125294238329,-0.008542078547179699,-0.006327463313937187,-0.008687653578817844,-0.007429079618304968,-0.0078120045363903046,-0.008671802468597889,-0.008803517557680607,-0.006453856825828552,-0.007212790194898844,-0.007532983552664518,-0.0077330581843853,-0.00433161249384284,-0.006400675047188997,-0.006709436886012554,-0.004549666307866573,-0.006403112318366766,-0.0057005491107702255
IFF,2,2026-04-07 14:00:00+00:00,10:00,-0.005734484642744064,down,-0.0020224328618496656,0.0007356082205660641,-0.001837202929891646,-6.431549263652414e-05,0.0007928368868306279,-0.002948426641523838,-0.006376727018505335,-0.009293139912188053,-0.013652501627802849,-0.016933724284172058,-0.01686127297580242,-0.014397848397493362,-0.01314951665699482,-0.01269825641065836,-0.01060242485255003,-0.011751619167625904,-0.009840503334999084,-0.008623515255749226,-0.009606151841580868,-0.010550851933658123,-0.009300056844949722,-0.01136170793324709,-0.011790264397859573,-0.005464580841362476,-0.007832461036741734,-0.005734484642744064
ABT,2,2026-04-07 14:00:00+00:00,10:00,-0.005744251422584057,down,-0.0011995508102700114,0.002188286278396845,-0.0020576377864927053,-0.0009727206779643893,-0.0004005124210380018,-0.001671327161602676,-0.0029442228842526674,-0.004593617282807827,-0.003357980865985155,-0.004282101523131132,-0.0020340378396213055,-0.0020132516510784626,-0.0027225809171795845,-0.0028063443023711443,-0.0026500613894313574,-0.002774089341983199,-0.0035635868553072214,-0.004026119597256184,-0.002889422932639718,-0.0016843281919136643,-0.0030014002695679665,-0.005460696294903755,-0.004409767221659422,-0.003778837388381362,-0.006011726334691048,-0.005744251422584057
IRM,2,2026-04-07 14:00:00+00:00,10:00,-0.005752223543822765,down,-0.002886248752474785,0.0005915621295571327,-0.0010264827869832516,-0.0003928983642254025,0.000879439408890903,-0.0006423493614420295,-0.0032242853194475174,-0.002419444266706705,-0.00253066117875278,-0.004110710695385933,-0.004189109429717064,-0.0031866247300058603,-0.0033744366373866796,-0.004515423905104399,-0.002670345129445195,-0.004351956769824028,-0.003086236771196127,-0.0036336902994662523,-0.004407925996929407,-0.004139398690313101,-0.004520139656960964,-0.006628469564020634,-0.007620546035468578,-0.003189071314409375,-0.0061148349195718765,-0.005752223543822765
MOS,2,2026-04-07 14:00:00+00:00,10:00,-0.0057548596523702145,down,-0.0036118580028414726,0.0004024883091915399,-0.002278897911310196,-0.0004728467029053718,-0.0011411670129746199,-0.0023511750623583794,-0.004087037406861782,-0.004900362342596054,-0.003098385874181986,-0.006554457824677229,-0.004898024722933769,-0.0033549193758517504,-0.0035268485080450773,-0.0031672362238168716,-0.0019270447082817554,-0.003912474028766155,-0.0038410951383411884,-0.0033581892494112253,-0.004827679134905338,-0.002164830919355154,-0.0031852619722485542,-0.00444949883967638,-0.005703702103346586,-0.0035484416875988245,-0.0059231664054095745,-0.0057548596523702145
WMB,2,2026-04-07 14:00:00+00:00,10:00,-0.006035598926246166,down,-0.0030132303945720196,-0.0007573775947093964,-0.0025975818280130625,-0.0015697674825787544,-0.0011561616556718946,-0.004730916116386652,-0.006161232013255358,-0.005294241011142731,-0.005443356465548277,-0.004590523894876242,-0.0026175049133598804,-0.001862070756033063,-0.004256412386894226,-0.0029754890128970146,-0.0025338493287563324,-0.005365482531487942,-0.004470278974622488,-0.005258002784103155,-0.0052740671671926975,-0.004876180086284876,-0.006634908262640238,-0.008850778453052044,-0.009008834138512611,-0.006074731703847647,-0.008290092460811138,-0.006035598926246166
BF-B,2,2026-04-07 14:00:00+00:00,10:00,-0.0060527571476995945,down,-0.004103238694369793,0.001484603970311582,-0.0011864100815728307,-0.0012637556064873934,-0.0011877005454152822,-0.0009830320486798882,-0.004459723364561796,-0.004789873491972685,-0.005528221372514963,-0.007514493074268103,-0.006353159435093403,-0.005565371830016375,-0.005740954540669918,-0.004506463650614023,-0.002790709724649787,-0.0036965622566640377,-0.0029841940850019455,-0.0033657471649348736,-0.004568586125969887,-0.003314594505354762,-0.005134217906743288,-0.006620490457862616,-0.006811720784753561,-0.00222851918078959,-0.0049982210621237755,-0.0060527571476995945
CPT,2,2026-04-07 14:00:00+00:00,10:00,-0.006067575886845589,down,-0.0023653062526136637,0.00019776681438088417,-0.0011295541189610958,0.0008101644925773144,0.001638430287130177,-0.0007719327113591135,-0.0006686596316285431,-0.0018107120413333178,-0.00033258969779126346,-0.001343405107036233,0.0002576496044639498,0.001420703367330134,0.0011542876018211246,0.000992684392258525,-0.0007015951559878886,-0.0017353515140712261,-0.0008274845313280821,-0.000817946856841445,-0.0006299911765381694,-0.0014064846327528358,-0.0028898536693304777,-0.004822839982807636,-0.006022804882377386,-0.0039443932473659515,-0.005164808593690395,-0.006067575886845589
NOW,2,2026-04-07 14:00:00+00:00,10:00,-0.006127189379185438,down,-0.013502676039934158,-0.014286155812442303,-0.021071508526802063,-0.018979238346219063,-0.021681206300854683,-0.023451630026102066,-0.030694076791405678,-0.026766490191221237,-0.02696298249065876,-0.020721789449453354,-0.017148632556200027,-0.015968093648552895,-0.016152724623680115,-0.013097935356199741,-0.01541494857519865,-0.013176805339753628,-0.011842450127005577,-0.014650887809693813,-0.015737611800432205,-0.017346108332276344,-0.014302076771855354,-0.015446693636476994,-0.013148208148777485,-0.009044329635798931,-0.009459192864596844,-0.006127189379185438
PAYX,2,2026-04-07 14:00:00+00:00,10:00,-0.006171694956719875,down,-0.003591306507587433,-0.001400844077579677,-0.0024658285547047853,-0.0010236782254651189,-0.002709796419367194,-0.0033232076093554497,-0.007627922110259533,-0.005756603553891182,-0.0038199364207684994,-0.004292596131563187,-0.004048533737659454,-0.002431943779811263,-0.0017441032687202096,-0.0003598709881771356,0.00012747806613333523,-0.0010706039611250162,0.000981083489023149,0.0013103416422381997,-0.0008709316607564688,-0.0001799714082153514,-0.0018607520032674074,-0.0037947760429233313,-0.004108753986656666,0.00016252695058938116,-0.005317737814038992,-0.006171694956719875
SPGI,2,2026-04-07 14:00:00+00:00,10:00,-0.006194394081830978,down,-0.008382064290344715,-0.008858933113515377,-0.009624948725104332,-0.005990504752844572,-0.006238364614546299,-0.009729747660458088,-0.011767390184104443,-0.011975509114563465,-0.012460840865969658,-0.01067909225821495,-0.009032486006617546,-0.00813186727464199,-0.008228343911468983,-0.00849902257323265,-0.009342649951577187,-0.00963586661964655,-0.009116734378039837,-0.009209351614117622,-0.010005849413573742,-0.01082654669880867,-0.010695372708141804,-0.010986804030835629,-0.011241931468248367,-0.007875991985201836,-0.009098739363253117,-0.006194394081830978
SO,2,2026-04-07 14:00:00+00:00,10:00,-0.0062432363629341125,down,-0.004021205008029938,-0.001210136222653091,-0.002322259359061718,-0.0009030804503709078,0.0003978312015533447,-0.001253145863302052,-0.0022598907817155123,-0.0033066922333091497,-0.003539942903444171,-0.0042408304288983345,-0.002430743770673871,-0.003001557197421789,-0.0036708819679915905,-0.003363642143085599,-0.003599798772484064,-0.004302342422306538,-0.0029639089480042458,-0.003542626043781638,-0.0039985040202736855,-0.0038893374148756266,-0.004606475122272968,-0.006678421515971422,-0.006877207662910223,-0.005588667467236519,-0.00599515438079834,-0.0062432363629341125
NTAP,2,2026-04-07 14:00:00+00:00,10:00,-0.006264993455260992,down,-0.001786429318599403,0.007474607788026333,-0.004133783746510744,-0.0019925525411963463,-0.003505090717226267,-0.006086197216063738,-0.008070236071944237,-0.007062890101224184,-0.008264078758656979,-0.010446472093462944,-0.00700073316693306,-0.010276813991367817,-0.005198187660425901,-0.003257789183408022,-0.007303040008991957,-0.007350750733166933,-0.005540859419852495,-0.008405208587646484,-0.00857956800609827,-0.011171529069542885,-0.005468675866723061,-0.00780860148370266,-0.006752840708941221,-0.002568064024671912,-0.004081440158188343,-0.006264993455260992
CAG,2,2026-04-07 14:00:00+00:00,10:00,-0.006274397950619459,down,0.0011525359004735947,0.0012829868355765939,-0.0012714186450466514,0.0009034816175699234,-0.0014311240520328283,-0.003352044615894556,-0.007359951734542847,-0.006606625393033028,-0.005532880313694477,-0.005224654916673899,-0.005051085725426674,-0.003814477240666747,-0.0035608564503490925,-0.0030983525793999434,-0.003064492717385292,-0.005163119174540043,-0.001129658194258809,-0.002139784162864089,-0.002722201170399785,-0.0029654756654053926,-0.0038257050327956676,-0.005424543749541044,-0.0054169585928320885,-0.0015620129415765405,-0.004979861434549093,-0.006274397950619459
WEC,2,2026-04-07 14:00:00+00:00,10:00,-0.0064421603456139565,down,-0.004773222841322422,-0.0039609153755009174,-0.004489987622946501,-0.00145499047357589,0.0008314898004755378,-0.0022537605836987495,-0.0035784782376140356,-0.0032176312524825335,-0.0034918382298201323,-0.002676210133358836,-0.0001963787799468264,-0.000157786431373097,-3.903644937963691e-06,-0.0009911138331517577,-0.0015779623063281178,-0.0019409931264817715,-0.000862575601786375,-0.0018491115188226104,-0.0018503549508750439,-0.00188855966553092,-0.0032479683868587017,-0.005723268259316683,-0.0062216054648160934,-0.004358270671218634,-0.00650751544162631,-0.0064421603456139565
PFE,2,2026-04-07 14:00:00+00:00,10:00,-0.006510612554848194,down,-0.01604103483259678,-0.005903115030378103,-0.009484349749982357,-0.005300300661474466,-0.003783301915973425,-0.003645033808425069,-0.012309000827372074,-0.013167697004973888,-0.012129314243793488,-0.013987398706376553,-0.010832695290446281,-0.007205798290669918,0.0007716132095083594,-0.001675839419476688,-0.004987961146980524,-0.005369367077946663,-0.002511881524696946,-0.0033406440634280443,-0.002335734199732542,-0.00349693582393229,-0.008499782532453537,-0.014158472418785095,-0.013688688166439533,-0.007140627130866051,-0.009832353331148624,-0.006510612554848194
INCY,2,2026-04-07 14:00:00+00:00,10:00,-0.006684251595288515,down,-0.002400861121714115,-0.002054697135463357,-0.00412932550534606,-0.003791052382439375,-0.0030752201564610004,-0.005224505439400673,-0.007167478557676077,-0.00888705626130104,-0.011002686806023121,-0.009499425999820232,-0.008072649128735065,-0.006024341098964214,-0.006468729581683874,-0.005047920159995556,-0.005838046781718731,-0.006985477637499571,-0.0073979259468615055,-0.007166316732764244,-0.006483169738203287,-0.007023725192993879,-0.008590671233832836,-0.008350522257387638,-0.010964476503431797,-0.007077760528773069,-0.008012346923351288,-0.006684251595288515
MAS,2,2026-04-07 14:00:00+00:00,10:00,-0.006754929665476084,down,-0.003098566783592105,0.00032585638109594584,-0.0023353323340415955,-0.001219514524564147,-0.0009226247784681618,-0.0018187467940151691,-0.004409268032759428,-0.004229531157761812,-0.003622329095378518,-0.005809884984046221,-0.003977260552346706,-0.0038061810191720724,-0.0032448123674839735,-0.002414118964225054,-0.002757622394710779,-0.003817710792645812,-0.00237999577075243,-0.004175185225903988,-0.004678831901401281,-0.004068614449352026,-0.003688790835440159,-0.006425310857594013,-0.008137766271829605,-0.005850907880812883,-0.00813668966293335,-0.006754929665476084
NFLX,2,2026-04-07 14:00:00+00:00,10:00,-0.0069428253918886185,down,-0.0058571831323206425,-0.003143899142742157,-0.008674497716128826,-0.007151666563004255,-0.00951160117983818,-0.010347902774810791,-0.011280402541160583,-0.009197540581226349,-0.009355834685266018,-0.00946139544248581,-0.009004011750221252,-0.009816479869186878,-0.00975256972014904,-0.008981910534203053,-0.008022746071219444,-0.008806048892438412,-0.009024298749864101,-0.008957763202488422,-0.009507049806416035,-0.008667323738336563,-0.008877809159457684,-0.011048197746276855,-0.010766882449388504,-0.007089750841259956,-0.007044786587357521,-0.0069428253918886185
AMCR,2,2026-04-07 14:00:00+00:00,10:00,-0.00699350843206048,down,-0.007790453266352415,-0.0032981503754854202,-0.0036842268891632557,-0.003190374467521906,-0.002438161289319396,-0.0036447567399591208,-0.006680825259536505,-0.0070690130814909935,-0.00764188077300787,-0.010274316184222698,-0.01024666614830494,-0.009298223070800304,-0.007219391874969006,-0.007778936997056007,-0.006978375371545553,-0.00841490551829338,-0.007244583684951067,-0.007900490425527096,-0.006770035717636347,-0.007083059288561344,-0.005049215629696846,-0.00601449329406023,-0.006285183131694794,-0.004038832150399685,-0.0073280418291687965,-0.00699350843206048
EXR,2,2026-04-07 14:00:00+00:00,10:00,-0.007007803302258253,down,-0.0020995496306568384,-0.0006518720765598118,-0.0034101519268006086,-0.0017579845152795315,-0.0007439750479534268,-0.0028508808463811874,-0.006267228629440069,-0.006938382517546415,-0.008217950351536274,-0.009923946112394333,-0.007596994284540415,-0.00648606289178133,-0.008152354508638382,-0.008814987726509571,-0.008530622348189354,-0.009614759124815464,-0.0071225520223379135,-0.007652889005839825,-0.00655017513781786,-0.0077693103812634945,-0.008025053888559341,-0.009911447763442993,-0.01029790099710226,-0.00594516284763813,-0.008921251632273197,-0.007007803302258253
DIS,2,2026-04-07 14:00:00+00:00,10:00,-0.007067760452628136,down,-0.003212779527530074,-0.0008783748489804566,-0.003071012906730175,-0.000745698343962431,0.00047925644321367145,-0.000602640793658793,-0.0025523698423057795,-0.0034217622596770525,-0.0036193164996802807,-0.002707595471292734,-0.0011997640831395984,-0.0015445324825122952,-0.0017676915740594268,-0.0016399913001805544,-0.0014305057702586055,-0.0016326935729011893,-0.0027596771251410246,-0.0020884876139461994,-0.0020262913312762976,-0.0025868092197924852,-0.0030491570942103863,-0.004839806817471981,-0.006329545751214027,-0.004216110799461603,-0.007158646360039711,-0.007067760452628136
PEP,2,2026-04-07 14:00:00+00:00,10:00,-0.007219994440674782,down,-0.0028574462048709393,0.0008858310175128281,-0.0016525149112567306,-0.0006563194910995662,-0.0010781477903947234,-0.0025699918624013662,-0.005929761100560427,-0.005252861883491278,-0.006374450866132975,-0.0063646454364061356,-0.0032295098062604666,-0.0025037445593625307,-0.0032155539374798536,-0.00300971744582057,-0.003247423330321908,-0.003937383648008108,-0.002782846102491021,-0.0025236723013222218,-0.0037659499794244766,-0.0047049447894096375,-0.005092736333608627,-0.006762435659766197,-0.007145638111978769,-0.006429437547922134,-0.010832129046320915,-0.007219994440674782
QCOM,2,2026-04-07 14:00:00+00:00,10:00,-0.0072936443611979485,down,-0.0067810798063874245,-0.0018021472496911883,-0.005288778804242611,-0.004328991286456585,-0.004186522681266069,-0.006451598834246397,-0.00716438889503479,-0.006642111577093601,-0.007002681493759155,-0.008353780955076218,-0.006064314395189285,-0.0068860650062561035,-0.00650464091449976,-0.0055977641604840755,-0.0055097127333283424,-0.007083974778652191,-0.0065585896372795105,-0.007505503948777914,-0.006881664041429758,-0.00618565920740366,-0.006126452703028917,-0.007515443488955498,-0.006776271853595972,-0.004340015817433596,-0.008116871118545532,-0.0072936443611979485
SOLV,2,2026-04-07 14:00:00+00:00,10:00,-0.007316578645259142,down,-0.0037653965409845114,1.9000181055162102e-05,-0.005115761421620846,-0.003493106458336115,-0.004312765318900347,-0.006689697969704866,-0.009405204094946384,-0.009614260867238045,-0.01119290478527546,-0.012518098577857018,-0.012903500348329544,-0.010883916169404984,-0.008540061302483082,-0.007509617134928703,-0.009678183123469353,-0.009886560030281544,-0.00761263957247138,-0.008294857107102871,-0.008043068461120129,-0.009692342951893806,-0.008971761912107468,-0.009548768401145935,-0.010506904684007168,-0.006747010629624128,-0.009917971678078175,-0.007316578645259142
GEN,2,2026-04-07 14:00:00+00:00,10:00,-0.007347486913204193,down,-0.009578701108694077,-0.00467473641037941,-0.0078026591800153255,-0.005920859985053539,-0.0090851541608572,-0.007836141623556614,-0.009505861438810825,-0.009645737707614899,-0.0094896350055933,-0.011925234459340572,-0.010937420651316643,-0.008457657881081104,-0.0077014099806547165,-0.005397176370024681,-0.006455713417381048,-0.007963329553604126,-0.005276585929095745,-0.005309691186994314,-0.006842801813036203,-0.006331926677376032,-0.005887394305318594,-0.00848953053355217,-0.008083689957857132,-0.004177059046924114,-0.007847643457353115,-0.007347486913204193
EFX,2,2026-04-07 14:00:00+00:00,10:00,-0.0073975748382508755,down,-0.0006121400510892272,0.000354648131178692,-0.0019836779683828354,0.0018754572374746203,-0.0005025556893087924,-0.0028970942366868258,-0.0050987545400857925,-0.0027961963787674904,-0.0033883550204336643,-0.003542504506185651,-0.0022588425781577826,-0.0005638416623696685,-0.0004565183480735868,-0.0009121526381932199,-0.0006777499802410603,-0.0021512270905077457,-0.0004861046327278018,-0.0009012499358505011,-0.0022065690718591213,-0.0029628421179950237,-0.004981102887541056,-0.006732256151735783,-0.0071275494992733,-0.004254492465406656,-0.0070048444904387,-0.0073975748382508755
HPE,2,2026-04-07 14:00:00+00:00,10:00,-0.007584244944155216,down,-0.016025124117732048,-0.012670975178480148,-0.017147382721304893,-0.013616625219583511,-0.011556301265954971,-0.013486362062394619,-0.01542485598474741,-0.015130954794585705,-0.01632573828101158,-0.019131744280457497,-0.015430434606969357,-0.014771492220461369,-0.013487894088029861,-0.012938306666910648,-0.01125752180814743,-0.012228257022798061,-0.012470700778067112,-0.013248864561319351,-0.01373264193534851,-0.011702997609972954,-0.012728485278785229,-0.01448753196746111,-0.014346766285598278,-0.010679522529244423,-0.009399918839335442,-0.007584244944155216
HRL,2,2026-04-07 14:00:00+00:00,10:00,-0.007861091755330563,down,-0.004547176882624626,-0.0028189136646687984,-0.0051599652506411076,-0.007193781901150942,-0.007283523678779602,-0.008243683725595474,-0.009583051316440105,-0.009382090531289577,-0.007924772799015045,-0.010598892346024513,-0.009280500002205372,-0.008200191892683506,-0.007428148295730352,-0.008554933592677116,-0.004599243868142366,-0.007458638399839401,-0.004694983828812838,-0.003869661595672369,-0.005562706384807825,-0.004658034071326256,-0.004512131214141846,-0.006916587240993977,-0.007071543484926224,-0.006226079072803259,-0.008433667942881584,-0.007861091755330563
CARR,2,2026-04-07 14:00:00+00:00,10:00,-0.007875318638980389,down,-0.007952514104545116,-0.00219706236384809,-0.0036985459737479687,-0.002782921539619565,-0.0020617833361029625,-0.0026059579104185104,-0.005040022544562817,-0.004872685763984919,-0.006336081773042679,-0.009056811220943928,-0.008102699182927608,-0.005737864878028631,-0.005459420382976532,-0.005008466076105833,-0.004743187688291073,-0.0068175350315868855,-0.0046697985380887985,-0.0061780596151947975,-0.006564485840499401,-0.005610124208033085,-0.00548902340233326,-0.008702689781785011,-0.010398617014288902,-0.006932670716196299,-0.00911039486527443,-0.007875318638980389
OKE,2,2026-04-07 14:00:00+00:00,10:00,-0.007887598127126694,down,-0.012297851033508778,-0.01235665287822485,-0.011854366399347782,-0.008090264163911343,-0.009502965025603771,-0.013534038327634335,-0.01754840835928917,-0.014778560027480125,-0.014701828360557556,-0.014232884161174297,-0.010379821993410587,-0.009578141383826733,-0.010121888481080532,-0.009002563543617725,-0.007183609064668417,-0.008747918531298637,-0.00870912428945303,-0.010181310586631298,-0.010668468661606312,-0.00939217209815979,-0.011216969229280949,-0.014160813763737679,-0.013464930467307568,-0.009450149722397327,-0.011769268661737442,-0.007887598127126694
KVUE,2,2026-04-07 14:00:00+00:00,10:00,-0.008049500174820423,down,-0.002699513453990221,-0.0011050973553210497,-0.0028629526495933533,-0.002086114836856723,-0.0027251774445176125,-0.004220257978886366,-0.005035731941461563,-0.006593915168195963,-0.006502757780253887,-0.008464403450489044,-0.0061281826347112656,-0.005898519419133663,-0.005752922967076302,-0.005331900902092457,-0.007829743437469006,-0.0070674242451786995,-0.007107003126293421,-0.007391477003693581,-0.007039689924567938,-0.0061456612311303616,-0.007261507213115692,-0.008552562445402145,-0.009172187186777592,-0.006071592215448618,-0.009258534759283066,-0.008049500174820423
CVX,2,2026-04-07 14:00:00+00:00,10:00,-0.008318088948726654,down,-0.01612788997590542,-0.021562417969107628,-0.02267971821129322,-0.018032122403383255,-0.013716056942939758,-0.016908198595046997,-0.01873699761927128,-0.018706435337662697,-0.01863807439804077,-0.0171526949852705,-0.011025355197489262,-0.009879696182906628,-0.009760462678968906,-0.011563385836780071,-0.012876608408987522,-0.013922733254730701,-0.008579978719353676,-0.009721200913190842,-0.01030748151242733,-0.010691920295357704,-0.013945210725069046,-0.017244575545191765,-0.0174406785517931,-0.01239847019314766,-0.01364831067621708,-0.008318088948726654
LYB,2,2026-04-07 14:00:00+00:00,10:00,-0.008518741466104984,down,-0.009643570519983768,-0.0029756519943475723,-0.0073198131285607815,-0.004160294309258461,-0.009669197723269463,-0.011622452177107334,-0.01516361441463232,-0.010744291357696056,-0.010419907048344612,-0.005963812582194805,-0.005582875572144985,-0.008069803938269615,-0.00674594147130847,-0.005354415159672499,-0.004560304339975119,-0.006029178388416767,-0.0075911832973361015,-0.009573543444275856,-0.008779131807386875,-0.00975082442164421,-0.009007581509649754,-0.013763254508376122,-0.014843861572444439,-0.009918823838233948,-0.011886064894497395,-0.008518741466104984
TRMB,2,2026-04-07 14:00:00+00:00,10:00,-0.008621498942375183,down,-0.004281414207071066,-0.000997839611954987,-0.006062732078135014,-0.004289865493774414,-0.006769978906959295,-0.008324990049004555,-0.011459661647677422,-0.011285966262221336,-0.011663932353258133,-0.013631829060614109,-0.01341466698795557,-0.011142074130475521,-0.009271069429814816,-0.008244541473686695,-0.009481721557676792,-0.010028229095041752,-0.008192320354282856,-0.007887843064963818,-0.00895481463521719,-0.0102780656889081,-0.009786839596927166,-0.01138333324342966,-0.010892375372350216,-0.0077868299558758736,-0.010850454680621624,-0.008621498942375183
BKR,2,2026-04-07 14:00:00+00:00,10:00,-0.008727670647203922,down,-0.005046287085860968,-0.002615618519484997,-0.005852926522493362,-0.004607497714459896,-0.006161446217447519,-0.006570115219801664,-0.009813523851335049,-0.008630605414509773,-0.009014353156089783,-0.00847959890961647,-0.007635811343789101,-0.006638777907937765,-0.007317712996155024,-0.006646599620580673,-0.0059087336994707584,-0.007742786314338446,-0.0059614419005811214,-0.007332243490964174,-0.008268057368695736,-0.008169643580913544,-0.009090984240174294,-0.011149685829877853,-0.012765789404511452,-0.008797530084848404,-0.011174959130585194,-0.008727670647203922
SCHW,2,2026-04-07 14:00:00+00:00,10:00,-0.008920329622924328,down,-0.009934165515005589,-0.008482796140015125,-0.011527499184012413,-0.011225459165871143,-0.009724004194140434,-0.009548818692564964,-0.011191771365702152,-0.013169306330382824,-0.016327597200870514,-0.014753783121705055,-0.011076446622610092,-0.01085830107331276,-0.012580854818224907,-0.010785759426653385,-0.01055907178670168,-0.011192219331860542,-0.011950155720114708,-0.01178776379674673,-0.010905129835009575,-0.00919683650135994,-0.01023409515619278,-0.010159438475966454,-0.010775299742817879,-0.00891937967389822,-0.009373473934829235,-0.008920329622924328
CMCSA,2,2026-04-07 14:00:00+00:00,10:00,-0.009010408073663712,down,-0.010237820446491241,-0.007300889119505882,-0.010652243159711361,-0.009164911694824696,-0.008132428862154484,-0.010104438289999962,-0.011076845228672028,-0.010357622988522053,-0.009730653837323189,-0.013428987003862858,-0.01270471140742302,-0.011748457327485085,-0.008918539620935917,-0.011600449681282043,-0.009979929774999619,-0.010730259120464325,-0.010845140554010868,-0.011069659143686295,-0.011203066445887089,-0.008715691044926643,-0.009480172768235207,-0.011612352915108204,-0.012238583527505398,-0.008982046507298946,-0.009815838187932968,-0.009010408073663712
DOW,2,2026-04-07 14:00:00+00:00,10:00,-0.009356407448649406,down,-0.0036068225745111704,-0.0062429290264844894,-0.007976141758263111,-0.009439254179596901,-0.011674703098833561,-0.013373362831771374,-0.014840562827885151,-0.013089334592223167,-0.011275907047092915,-0.009624052792787552,-0.00927402637898922,-0.009282615035772324,-0.011124469339847565,-0.010424585081636906,-0.009263504296541214,-0.01212634239345789,-0.010965032503008842,-0.011726360768079758,-0.010524461045861244,-0.009652793407440186,-0.012140242382884026,-0.016319334506988525,-0.017578627914190292,-0.011929103173315525,-0.014158666133880615,-0.009356407448649406
MGM,2,2026-04-07 14:00:00+00:00,10:00,-0.009950379841029644,down,-0.005916253197938204,-0.0054246811196208,-0.009056419134140015,-0.008805453777313232,-0.0114784836769104,-0.015673652291297913,-0.02001863531768322,-0.020257575437426567,-0.017155971378087997,-0.015006441622972488,-0.012883412651717663,-0.008964939042925835,-0.008990192785859108,-0.008909247815608978,-0.009460057131946087,-0.010909858159720898,-0.007730098441243172,-0.0077799479477107525,-0.009595420211553574,-0.00951083842664957,-0.010220644995570183,-0.013626506552100182,-0.013169669546186924,-0.008332203142344952,-0.01242033950984478,-0.009950379841029644
BSX,2,2026-04-07 14:00:00+00:00,10:00,-0.010155358351767063,down,-0.011129223741590977,-0.006743320729583502,-0.012221246026456356,-0.012286326847970486,-0.012915187515318394,-0.011131142266094685,-0.016378995031118393,-0.01409801747649908,-0.014524097554385662,-0.015094824135303497,-0.013588923029601574,-0.013292205519974232,-0.011545375920832157,-0.011671808548271656,-0.012876910157501698,-0.01335175707936287,-0.013648571446537971,-0.013645810075104237,-0.012146986089646816,-0.012218981049954891,-0.011411740444600582,-0.012894571758806705,-0.013199257664382458,-0.009533608332276344,-0.011017330922186375,-0.010155358351767063
SJM,2,2026-04-07 14:00:00+00:00,10:00,-0.010355343110859394,down,-0.0032996847294270992,1.079649791790871e-05,-0.0035030527506023645,-0.002510238904505968,-0.0036508217453956604,-0.005793838761746883,-0.007696364540606737,-0.008078768849372864,-0.008336163125932217,-0.007398331072181463,-0.005892679560929537,-0.004826866090297699,-0.005694822408258915,-0.003870459506288171,-0.005147027317434549,-0.006592157296836376,-0.006624196190387011,-0.006848889868706465,-0.006003473419696093,-0.004376341588795185,-0.0068689147010445595,-0.008328700438141823,-0.012219269759953022,-0.007632476277649403,-0.009976979345083237,-0.010355343110859394
UPS,2,2026-04-07 14:00:00+00:00,10:00,-0.010380000807344913,down,-0.006661880761384964,-0.003365893615409732,-0.007624346762895584,-0.0068481434136629105,-0.006021592300385237,-0.0056416853331029415,-0.00846380926668644,-0.009461669251322746,-0.011906681582331657,-0.011843904852867126,-0.010146863758563995,-0.011067801155149937,-0.010535464622080326,-0.009392209351062775,-0.01063079759478569,-0.012081580236554146,-0.00888349860906601,-0.00980339478701353,-0.010413112118840218,-0.01097631361335516,-0.009535649791359901,-0.010764664970338345,-0.010600082576274872,-0.008253288455307484,-0.011055306531488895,-0.010380000807344913
NCLH,2,2026-04-07 14:00:00+00:00,10:00,-0.010511143133044243,down,-0.017300279811024666,-0.010938218794763088,-0.017511829733848572,-0.015086527913808823,-0.01185064297169447,-0.014914515428245068,-0.019595716148614883,-0.018310200423002243,-0.020147178322076797,-0.02062680572271347,-0.016937436535954475,-0.012860157527029514,-0.007490197662264109,-0.006313685793429613,-0.012213212437927723,-0.014382612891495228,-0.011201471090316772,-0.010099190287292004,-0.009690873324871063,-0.01171113085001707,-0.011339236982166767,-0.016974536702036858,-0.015360686928033829,-0.00961789209395647,-0.014598504640161991,-0.010511143133044243
KHC,2,2026-04-07 14:00:00+00:00,10:00,-0.010562513023614883,down,-0.01178515050560236,-0.008977782912552357,-0.012476219795644283,-0.010468127205967903,-0.009116572327911854,-0.01087403204292059,-0.012909499928355217,-0.012987509369850159,-0.013085948303341866,-0.01578514464199543,-0.012372573837637901,-0.0121512021869421,-0.011663153767585754,-0.01197147462517023,-0.010648676194250584,-0.010968786664307117,-0.010309621691703796,-0.01189340092241764,-0.011624377220869064,-0.009278390556573868,-0.011107934638857841,-0.012083200737833977,-0.012396719306707382,-0.010204709134995937,-0.010965082794427872,-0.010562513023614883
CPRT,2,2026-04-07 14:00:00+00:00,10:00,-0.010681897401809692,down,-0.001989679178223014,-0.0010678389808163047,-0.005664194468408823,-0.00540803000330925,-0.006466762162744999,-0.006834046449512243,-0.009329250082373619,-0.007938781753182411,-0.010083467699587345,-0.008311284705996513,-0.007362722884863615,-0.007702787406742573,-0.011349285952746868,-0.009967487305402756,-0.010076855309307575,-0.012373380362987518,-0.010012159124016762,-0.011034646071493626,-0.010619251988828182,-0.010141804814338684,-0.010284996591508389,-0.012875907123088837,-0.01385684497654438,-0.009013407863676548,-0.011718818917870522,-0.010681897401809692
KEY,2,2026-04-07 14:00:00+00:00,10:00,-0.010980070568621159,down,-0.006190821062773466,-0.004475223366171122,-0.007374638691544533,-0.008315306156873703,-0.007231748662889004,-0.00823042169213295,-0.009451783262193203,-0.011190381832420826,-0.010260839015245438,-0.013505487702786922,-0.01207449845969677,-0.012711605988442898,-0.012749808840453625,-0.013056467287242413,-0.01038642879575491,-0.01079342607408762,-0.009894609451293945,-0.010384270921349525,-0.011356184259057045,-0.009435190819203854,-0.009409762918949127,-0.011170738376677036,-0.011959713883697987,-0.010364274494349957,-0.011671650223433971,-0.010980070568621159
HPQ,2,2026-04-07 14:00:00+00:00,10:00,-0.011281395331025124,down,-0.0024409485049545765,1.2891938240500167e-05,-0.001987069146707654,-0.001009159255772829,-0.0028935198206454515,-0.0011288787936791778,-0.0034919842146337032,-0.0030343339312821627,-0.004138704854995012,-0.008905025199055672,-0.006866609212011099,-0.008059232495725155,-0.01105300523340702,-0.00937250629067421,-0.013596558012068272,-0.01359968725591898,-0.009486163035035133,-0.010598170571029186,-0.011203343980014324,-0.010932928882539272,-0.010463246144354343,-0.010240985080599785,-0.009543956257402897,-0.010384359396994114,-0.014273876324295998,-0.011281395331025124
SYY,2,2026-04-07 14:00:00+00:00,10:00,-0.011500105261802673,down,-0.005907814018428326,-0.004061258863657713,-0.008108587935566902,-0.009176217019557953,-0.008484086953103542,-0.013795514591038227,-0.017406951636075974,-0.015115193091332912,-0.013383441604673862,-0.011423678137362003,-0.011385571211576462,-0.009648718871176243,-0.011436720378696918,-0.01149556040763855,-0.01118915993720293,-0.011568174697458744,-0.011612051166594028,-0.012089913710951805,-0.013767321594059467,-0.013718090020120144,-0.01651313342154026,-0.016011875122785568,-0.016270389780402184,-0.011182719841599464,-0.014351463876664639,-0.011500105261802673
APP,2,2026-04-07 14:00:00+00:00,10:00,-0.01592313125729561,down,-0.010986262932419777,-0.015972543507814407,-0.02147837169468403,-0.017408499494194984,-0.027216840535402298,-0.03047165647149086,-0.03338586911559105,-0.026897557079792023,-0.024827096611261368,-0.025533201172947884,-0.020541707053780556,-0.022777339443564415,-0.023755714297294617,-0.041707299649715424,-0.04991202428936958,-0.04512753337621689,-0.048981912434101105,-0.037431713193655014,-0.04589665308594704,-0.043881647288799286,-0.04668674245476723,-0.038217488676309586,-0.030963145196437836,-0.016976427286863327,-0.019571848213672638,-0.01592313125729561
GNRC,2,2026-04-07 14:00:00+00:00,10:00,-0.017554698511958122,down,0.0004420643672347069,0.0003495875571388751,-0.0027498016133904457,-0.0037719442043453455,-0.010587443597614765,-0.010173398070037365,-0.010441461578011513,-0.0098848482593894,-0.012870839796960354,-0.009101012721657753,-0.01183859258890152,-0.00745569821447134,-0.012274804525077343,-0.01482279784977436,-0.016483403742313385,-0.01722871884703636,-0.018456030637025833,-0.014561145566403866,-0.019375719130039215,-0.01788625679910183,-0.012061016634106636,-0.016803843900561333,-0.014931273646652699,-0.008168455213308334,-0.01731695979833603,-0.017554698511958122
CPB,2,2026-04-07 14:00:00+00:00,10:00,-0.0205379705876112,down,-0.020153336226940155,-0.014205406419932842,-0.01664872281253338,-0.017437612637877464,-0.018512172624468803,-0.018954629078507423,-0.02545820362865925,-0.02544386126101017,-0.02357637509703636,-0.02406725101172924,-0.022102469578385353,-0.018981095403432846,-0.015488295815885067,-0.013756899163126945,-0.015555388294160366,-0.01909288391470909,-0.016063544899225235,-0.016386698931455612,-0.017713118344545364,-0.017694612964987755,-0.021482286974787712,-0.02414132095873356,-0.02274945192039013,-0.019154643639922142,-0.024794382974505424,-0.0205379705876112
PCG,2,2026-04-07 14:00:00+00:00,10:00,-0.021685658022761345,down,-0.012693514116108418,-0.007691390812397003,-0.0064209080301225185,-0.008104230277240276,-0.007550646085292101,-0.008896554820239544,-0.011747576296329498,-0.0161645095795393,-0.018484674394130707,-0.022558167576789856,-0.020874809473752975,-0.018317263573408127,-0.017956674098968506,-0.017593540251255035,-0.021069882437586784,-0.023224567994475365,-0.019329894334077835,-0.020521443337202072,-0.02064122073352337,-0.020058751106262207,-0.019006172195076942,-0.02092658169567585,-0.022407930344343185,-0.021522438153624535,-0.02165352925658226,-0.021685658022761345
KIM,2,2026-04-07 14:00:00+00:00,10:00,-0.02427481859922409,down,-0.002988551277667284,-2.729944208113011e-05,-0.002358310157433152,-0.002998307114467025,-0.003588874125853181,-0.0039185113273561,-0.0043807607144117355,-0.005872436333447695,-0.005143423564732075,-0.007194190751761198,-0.005363869946449995,-0.005385773256421089,-0.005497130099684,-0.005335754714906216,-0.002894020639359951,-0.004522094968706369,-0.0028958707116544247,-0.0028005705680698156,-0.004422866739332676,-0.003791555529460311,-0.006997244898229837,-0.00777365593239665,-0.013068392872810364,-0.015496614389121532,-0.023023461923003197,-0.02427481859922409
TTD,2,2026-04-07 14:00:00+00:00,10:00,-0.026976453140378,down,-0.01642797887325287,-0.015379923395812511,-0.021341951563954353,-0.02298559807240963,-0.0283821988850832,-0.031037725508213043,-0.03436978533864021,-0.031807947903871536,-0.030107809230685234,-0.028761209920048714,-0.027087118476629257,-0.022129634395241737,-0.021143198013305664,-0.019935889169573784,-0.020739907398819923,-0.021882615983486176,-0.01799214445054531,-0.018744364380836487,-0.02164798602461815,-0.02159510925412178,-0.029208505526185036,-0.030304009094834328,-0.03652310371398926,-0.029987378045916557,-0.034724220633506775,-0.026976453140378
HST,2,2026-04-07 14:00:00+00:00,10:00,-0.027731487527489662,down,-0.004126800689846277,-0.0028725843876600266,-0.007931338623166084,-0.010037312284111977,-0.012343183159828186,-0.013703403063118458,-0.017546769231557846,-0.016140028834342957,-0.01597391441464424,-0.01853627897799015,-0.019866038113832474,-0.015688009560108185,-0.016728177666664124,-0.016571467742323875,-0.01450253464281559,-0.01711021363735199,-0.015175312757492065,-0.014447789639234543,-0.02025221660733223,-0.018918810412287712,-0.02325032651424408,-0.023790867999196053,-0.02498481422662735,-0.022796792909502983,-0.0293609369546175,-0.027731487527489662
SMCI,2,2026-04-07 14:00:00+00:00,10:00,-0.046583391726017,down,-0.017394546419382095,-0.01900911144912243,-0.02776622213423252,-0.02986697107553482,-0.0317089706659317,-0.03651591017842293,-0.03894328698515892,-0.035196878015995026,-0.036121122539043427,-0.03277762606739998,-0.031924769282341,-0.024462725967168808,-0.019708679988980293,-0.02259998582303524,-0.025598056614398956,-0.02866465039551258,-0.023824626579880714,-0.025083668529987335,-0.027778513729572296,-0.031154202297329903,-0.045350924134254456,-0.04704832285642624,-0.04785855859518051,-0.04301590472459793,-0.050262078642845154,-0.046583391726017
