symbol,step,as_of_ts,slot_label,predicted_full_day_return,predicted_direction,pred_log_return_h00,pred_log_return_h01,pred_log_return_h02,pred_log_return_h03,pred_log_return_h04,pred_log_return_h05,pred_log_return_h06,pred_log_return_h07,pred_log_return_h08,pred_log_return_h09,pred_log_return_h10,pred_log_return_h11,pred_log_return_h12,pred_log_return_h13,pred_log_return_h14,pred_log_return_h15,pred_log_return_h16,pred_log_return_h17,pred_log_return_h18,pred_log_return_h19,pred_log_return_h20,pred_log_return_h21,pred_log_return_h22,pred_log_return_h23,pred_log_return_h24,pred_log_return_h25
ELV,0,2026-04-07 13:30:00+00:00,09:30,0.03695560619235039,up,0.0014585278695449233,0.0019859883468598127,-0.003231646725907922,0.001558863092213869,0.00044388906098902225,-0.002112341346219182,-0.0020302291959524155,0.0027234104927629232,0.004224827978760004,0.0072179632261395454,0.011988256126642227,0.01708090305328369,0.0243466068059206,0.028706543147563934,0.027378400787711143,0.02062319405376911,0.024018514901399612,0.02422267757356167,0.020916663110256195,0.023226415738463402,0.02070746012032032,0.023114658892154694,0.023448355495929718,0.026756318286061287,0.02778794802725315,0.03695560619235039
UNH,0,2026-04-07 13:30:00+00:00,09:30,0.03334217891097069,up,0.001389063079841435,-0.005970495752990246,-0.012664482928812504,-0.003886586055159569,-0.006197407376021147,-0.005086531862616539,-0.006141290068626404,-0.0010373392142355442,-0.004896456841379404,0.006690253037959337,0.0171633530408144,0.0161123089492321,0.01784912869334221,0.018668536096811295,0.015925904735922813,0.015063215047121048,0.018677344545722008,0.016274232417345047,0.01564190723001957,0.01245352067053318,0.009419727139174938,0.005100885406136513,0.00871764961630106,0.012564712204039097,0.012485361658036709,0.03334217891097069
PSKY,0,2026-04-07 13:30:00+00:00,09:30,0.03151940554380417,up,0.01900031790137291,0.079055055975914,0.03486471250653267,0.031116100028157234,0.04408474639058113,0.04584089294075966,0.04578353837132454,0.04084998741745949,0.03738280013203621,0.03685683757066727,0.03858953341841698,0.03797461837530136,0.03455149009823799,0.04829830676317215,0.05773763358592987,0.054246824234724045,0.05695761367678642,0.05561208352446556,0.05225081369280815,0.047555290162563324,0.0447608083486557,0.04600602015852928,0.04099629074335098,0.04613979160785675,0.0362849086523056,0.03151940554380417
CVNA,0,2026-04-07 13:30:00+00:00,09:30,0.02002738043665886,up,0.003812013193964958,0.0038125962018966675,0.0030071879737079144,0.005095481872558594,0.004893920384347439,0.004714089445769787,0.0016917777247726917,0.004261549562215805,0.0005543173756450415,-0.0003647491103038192,0.004749186336994171,0.0058373091742396355,0.008533436805009842,0.010211972519755363,0.00881305243819952,0.008349577896296978,0.008893312886357307,0.012570487335324287,0.010007140226662159,0.009479937143623829,0.009872082620859146,0.007815768010914326,0.008069383911788464,0.011602859012782574,0.011128434911370277,0.02002738043665886
LLY,0,2026-04-07 13:30:00+00:00,09:30,0.019089387729763985,up,0.0006391027709469199,-0.0031490293331444263,-0.002007035305723548,0.0038753049448132515,0.0026347900275141,-5.7840872614178807e-05,-0.0017210340593010187,0.002203431213274598,-0.00355411390773952,0.0010524076642468572,0.004396283999085426,0.004201575648039579,0.004035423509776592,0.005025103222578764,0.003572705667465925,0.0028332234360277653,0.004278165753930807,0.0036911230999976397,0.002422251971438527,0.00332393916323781,0.006686472333967686,0.007951166480779648,0.008289740420877934,0.013073739595711231,0.011832309886813164,0.019089387729763985
RCL,0,2026-04-07 13:30:00+00:00,09:30,0.016212156042456627,up,0.0034146676771342754,0.002835218794643879,-0.0006782996351830661,0.0011155909160152078,-0.002251064172014594,-0.004231177736073732,-0.010453643277287483,-0.00446892436593771,-0.008740918710827827,-0.004609060473740101,-0.00010435147123644128,0.0015068133361637592,0.00360432849265635,0.0030483135487884283,-0.000564023619517684,0.0007631812477484345,0.0067493305541574955,0.003628996666520834,0.0004291170625947416,-0.0015357842203229666,0.0015675300965085626,-0.004579523112624884,-0.004609983414411545,0.005084735807031393,0.002731906482949853,0.016212156042456627
GOOGL,0,2026-04-07 13:30:00+00:00,09:30,0.015731964260339737,up,0.002366668777540326,-0.0040828469209373,-0.007509520277380943,-0.004226623568683863,-0.00566638121381402,-0.007772519253194332,-0.006363479420542717,-0.003686529351398349,-0.007129555568099022,-0.003426404669880867,-0.0009440315188840032,0.002147493651136756,0.005106769036501646,0.002219576621428132,0.003803290193900466,0.00430119875818491,0.005456560757011175,0.006209312006831169,0.006007807329297066,0.007341327145695686,0.002876271726563573,0.0025378153659403324,0.0034190556034445763,0.005867298226803541,0.008562193252146244,0.015731964260339737
GOOG,0,2026-04-07 13:30:00+00:00,09:30,0.01564488559961319,up,0.0021875237580388784,-0.004404257982969284,-0.007312897592782974,-0.004086372442543507,-0.004670782946050167,-0.006272885482758284,-0.005798010621219873,-0.0037736580707132816,-0.0067559173330664635,-0.0031235222704708576,-0.0009417933179065585,0.0015529226511716843,0.004568916279822588,0.0018437679391354322,0.003270781598985195,0.003827792825177312,0.0052910130470991135,0.006027025170624256,0.00603149738162756,0.007425422314554453,0.0027886072639375925,0.0026961585972458124,0.0029941853135824203,0.005278673954308033,0.008128060959279537,0.01564488559961319
HUM,0,2026-04-07 13:30:00+00:00,09:30,0.015112233348190784,up,0.0017263074405491352,-0.003559458302333951,-0.007479080930352211,-0.0010692198993638158,-0.0011352172587066889,-0.0016055431915447116,-0.00251674628816545,0.0011311491252854466,0.0021628758404403925,0.003145279362797737,0.009319454431533813,0.0120225315913558,0.012593972496688366,0.015602721832692623,0.010647011920809746,0.008847897872328758,0.016370968893170357,0.010691151022911072,0.009237893857061863,0.008712663315236568,0.008509642444550991,0.0035190400667488575,0.010969470255076885,0.01450149342417717,0.016488194465637207,0.015112233348190784
CVS,0,2026-04-07 13:30:00+00:00,09:30,0.015091819688677788,up,0.002279851119965315,0.0023597844410687685,-0.0024530538357794285,0.0004199317190796137,0.0034687877632677555,0.0008812416344881058,-0.008198185823857784,-0.003476344980299473,-0.0032409161794930696,-5.20850699103903e-05,0.003162828041240573,0.008693955838680267,0.009707525372505188,0.01204260066151619,0.01088005118072033,0.00843415129929781,0.010261261835694313,0.010137415491044521,0.0069619701243937016,0.007359077222645283,0.005687754601240158,0.006349326577037573,0.007124213967472315,0.01278122141957283,0.011190633289515972,0.015091819688677788
LITE,0,2026-04-07 13:30:00+00:00,09:30,0.014487985521554947,up,0.00015738565707579255,-0.006776774302124977,-0.009099145419895649,-0.003848810214549303,-0.002759560476988554,-0.008542515337467194,-0.008757696487009525,-0.0018882632721215487,-0.003131828038021922,0.0007417550077661872,0.005113366991281509,0.005254690535366535,0.007090211845934391,0.00958178285509348,0.009128407575190067,0.008443126454949379,0.009965252131223679,0.007529933471232653,0.008940535597503185,0.006112422328442335,0.003924126736819744,-0.003987752366811037,-0.001158703351393342,0.007059250958263874,0.008320651017129421,0.014487985521554947
COIN,0,2026-04-07 13:30:00+00:00,09:30,0.014153104275465012,up,0.0042800093069672585,0.004796086344867945,0.003448649775236845,0.004249141085892916,0.0023387083783745766,0.0006777794915251434,-0.002615174278616905,0.0026245906483381987,-0.000176933579496108,0.001682074274867773,0.005634107626974583,0.006268035154789686,0.008274877443909645,0.009030569344758987,0.006974789313971996,0.0065881372429430485,0.010753554292023182,0.009506773203611374,0.008369380608201027,0.007895619608461857,0.008871162310242653,0.007774808909744024,0.009150470606982708,0.01262050773948431,0.011845522560179234,0.014153104275465012
WDC,0,2026-04-07 13:30:00+00:00,09:30,0.013480949215590954,up,-0.0008572261431254447,-0.0076166302897036076,-0.00870981439948082,-0.002865219721570611,-0.008355684578418732,-0.011654587462544441,-0.00939901638776064,-0.00373802799731493,-0.007385577540844679,-0.0004319216823205352,0.003350156592205167,0.0028971873689442873,0.0018285177648067474,0.00554264523088932,0.006808326579630375,0.0023488453589379787,0.008530068211257458,0.006265789736062288,0.005222518928349018,0.004581877496093512,0.0029367904644459486,0.0004850777913816273,0.001401296234689653,0.007660470437258482,0.005619924049824476,0.013480949215590954
JNJ,0,2026-04-07 13:30:00+00:00,09:30,0.013236469589173794,up,0.003414217149838805,0.006429254077374935,0.0024448013864457607,0.007262599188834429,0.003751360112801194,0.0013307967456057668,-0.0009777627419680357,0.001919946982525289,0.0009227638365700841,0.0048771207220852375,0.007248847279697657,0.009318306110799313,0.006643655709922314,0.008406690321862698,0.007273852359503508,0.007504155859351158,0.011959942989051342,0.008709656074643135,0.008163951337337494,0.008976773358881474,0.007499460596591234,0.005019220989197493,0.006104301195591688,0.009259763173758984,0.010640760883688927,0.013236469589173794
AMGN,0,2026-04-07 13:30:00+00:00,09:30,0.012808122672140598,up,0.0014876015484333038,0.001946437289007008,-0.0010764877079054713,0.002086739521473646,0.0016293454682454467,-0.0016873135464265943,-0.0030926598701626062,-0.0017046680441126227,-0.002420655684545636,-6.70725858071819e-05,0.002684597624465823,0.004229546058923006,0.004192802589386702,0.0046771131455898285,0.0024817711673676968,0.0024249586276710033,0.00541204959154129,0.003462896216660738,0.0030844872817397118,0.0028740332927554846,0.004925441462546587,0.002436673967167735,0.0016568448627367616,0.005951601080596447,0.005654704757034779,0.012808122672140598
TER,0,2026-04-07 13:30:00+00:00,09:30,0.012601473368704319,up,-0.006632217671722174,-0.006446765270084143,-0.012816198170185089,-0.006282065063714981,-0.008828792721033096,-0.0112973153591156,-0.0146997245028615,-0.009619488380849361,-0.010821188800036907,-0.00922286044806242,-0.006022382061928511,-0.0031215494964271784,0.0007891926215961576,0.006296748761087656,0.007416780572384596,0.00016916405002120882,0.007676375098526478,0.006994928698986769,0.004891316406428814,-3.6455810914048925e-05,0.0007351174135692418,-0.0045133065432310104,-0.0011322988430038095,0.005020227283239365,0.004801424220204353,0.012601473368704319
UAL,0,2026-04-07 13:30:00+00:00,09:30,0.01227568555623293,up,-0.0024193241260945797,-0.007907984778285027,-0.00859641470015049,-0.006509535480290651,-0.009339158423244953,-0.006851417478173971,-0.01770167611539364,-0.010504390113055706,-0.013235652819275856,-0.010191665031015873,-0.007415013387799263,-0.0067964112386107445,-0.004177800379693508,-0.0034426485653966665,-0.0031800358556210995,-0.005461310967803001,-0.00029259553411975503,-0.000985994702205062,-0.0013721350114792585,-0.0006105662323534489,0.00021916968398727477,-0.0036397280637174845,-0.0024549351073801517,0.005263643339276314,0.0042196521535515785,0.01227568555623293
BKNG,0,2026-04-07 13:30:00+00:00,09:30,0.011890671215951443,up,-1.1786959476012271e-05,0.0004138030926696956,-0.0047289482317864895,-0.0032601177226752043,-0.006560441572219133,-0.007313027046620846,-0.009864648804068565,-0.008631772361695766,-0.0068379612639546394,-0.004135278053581715,0.00025190255837514997,0.0018007011385634542,0.0012218685587868094,0.001929895835928619,0.0019330109935253859,0.003251479472965002,0.0053868661634624004,0.0035841839853674173,0.003252614988014102,0.003590671345591545,0.0025475455913692713,0.0009665144607424736,0.00335583440028131,0.007565015461295843,0.007038913667201996,0.011890671215951443
AVGO,0,2026-04-07 13:30:00+00:00,09:30,0.011735966429114342,up,-0.006227675825357437,-0.02171984501183033,-0.024432344362139702,-0.01937505230307579,-0.01777598075568676,-0.023795761168003082,-0.02216784842312336,-0.013493864797055721,-0.014798524789512157,-0.01392221637070179,-0.00717298174276948,-0.0056526679545640945,0.0010177684016525745,0.005059682298451662,0.007292235270142555,0.0007794034900143743,0.00433530705049634,0.005962768103927374,0.003459238214418292,0.005419221241027117,-0.00027303933165967464,-0.002984067890793085,-0.0011156671680510044,0.0018601951887831092,0.004911303054541349,0.011735966429114342
BR,0,2026-04-07 13:30:00+00:00,09:30,0.01162832509726286,up,0.005356048699468374,0.005372689571231604,0.002133369678631425,0.0057940105907619,0.004531335085630417,0.0021111646201461554,-0.0009171867277473211,0.0037340857088565826,0.0012976364232599735,0.0021931633818894625,0.005765913054347038,0.00775217916816473,0.008275218307971954,0.009233864024281502,0.007361098192632198,0.006735219620168209,0.010541975498199463,0.007738783489912748,0.008298718370497227,0.006859244778752327,0.007625259459018707,0.007428851444274187,0.009296112693846226,0.013054018840193748,0.009925172664225101,0.01162832509726286
HD,0,2026-04-07 13:30:00+00:00,09:30,0.011454436928033829,up,-0.004003334790468216,-0.003155004931613803,-0.0061159864999353886,-0.0026581010315567255,-0.0042368764989078045,-0.006218927912414074,-0.008078491315245628,-0.007062224205583334,-0.008395681157708168,-0.0053793154656887054,-0.0017489830497652292,0.0005356770707294345,-0.0012070349184796214,0.000350961578078568,0.00033680227352306247,-0.0005033273482695222,0.00025153844035230577,-5.6374556152150035e-05,0.0003020835865754634,0.0010909282136708498,0.0020303460769355297,-0.0020843653474003077,-0.0007733312086202204,0.002623765030875802,0.0024323975667357445,0.011454436928033829
HAL,0,2026-04-07 13:30:00+00:00,09:30,0.01113378256559372,up,0.00013093597954139113,-0.004587631672620773,-0.006381798069924116,-0.0037590523716062307,-0.005015656352043152,-0.007229463197290897,-0.007485032547265291,-0.009183061309158802,-0.006972905248403549,-0.005524107720702887,-0.0024468079209327698,-0.001594071974977851,-0.0005882050027139485,-0.0008809954160824418,-0.0006319470703601837,-0.0017709466628730297,-0.0006752541521564126,-0.0035699207801371813,0.001837215619161725,0.0017472341423854232,0.0012364900903776288,-0.0007738330750726163,0.002456670394167304,0.005619908683001995,0.005474202800542116,0.01113378256559372
LYV,0,2026-04-07 13:30:00+00:00,09:30,0.010823501273989677,up,0.004876383580267429,0.004374806769192219,0.0014372601872310042,0.005525302141904831,0.004614461679011583,0.0023510693572461605,-0.0015321202808991075,0.002466044155880809,0.0002652234979905188,0.0016972152516245842,0.005965149961411953,0.007608851417899132,0.00797376036643982,0.008493052795529366,0.0060906498692929745,0.006154112983494997,0.009479133412241936,0.008185552433133125,0.007696564309298992,0.006816033739596605,0.006362222135066986,0.005901457276195288,0.00864657573401928,0.012805089354515076,0.008395237848162651,0.010823501273989677
CDNS,0,2026-04-07 13:30:00+00:00,09:30,0.01071860920637846,up,0.020976239815354347,0.022273143753409386,0.01983378827571869,0.019985364750027657,0.027263250201940536,0.02645290456712246,0.020339859649538994,0.019908636808395386,0.020214173942804337,0.018775029107928276,0.021069029346108437,0.02315455488860607,0.020024780184030533,0.019576463848352432,0.020729687064886093,0.021297141909599304,0.022224027663469315,0.02529408596456051,0.0192138459533453,0.02882326953113079,0.018251586705446243,0.014768549241125584,0.010650952346622944,0.011548819951713085,0.00767976650968194,0.01071860920637846
SHW,0,2026-04-07 13:30:00+00:00,09:30,0.010370909236371517,up,0.0022524252999573946,0.004319563042372465,0.004967887885868549,0.004765246529132128,0.004620705731213093,0.0038302019238471985,0.0014232676476240158,0.0030133938416838646,-0.0013340892037376761,0.0012918863212689757,0.0030901748687028885,0.005223787389695644,0.006848924793303013,0.009297392331063747,0.0065668197348713875,0.006133123766630888,0.005512787960469723,0.006726866587996483,0.004763932432979345,0.004250439815223217,0.004355050623416901,0.0005833755130879581,-0.0008208128856495023,0.002375800861045718,0.002446616068482399,0.010370909236371517
CIEN,0,2026-04-07 13:30:00+00:00,09:30,0.010225635953247547,up,-0.006198213901370764,-0.007144825533032417,-0.008312362246215343,-0.0031143648084253073,-0.0017311967676505446,-0.00696413591504097,-0.007755507715046406,-0.011043388396501541,-0.008999178186058998,-0.005517207086086273,-0.0013176609063521028,-0.0025414612609893084,-0.00123935891315341,-0.002979411045089364,-0.0036235880106687546,-0.0058080353774130344,-0.0024640108458697796,-0.002430834574624896,-0.006611978635191917,-0.008224589750170708,-0.0009956812718883157,-0.0005704518407583237,0.001980877248570323,0.008092355914413929,0.0044998847879469395,0.010225635953247547
GE,0,2026-04-07 13:30:00+00:00,09:30,0.010166911408305168,up,0.00361441052518785,0.0027874622028321028,0.0036008404567837715,0.004819855559617281,0.003347931196913123,0.002021780936047435,0.0010422652121633291,0.0042295195162296295,0.0015084607293829322,0.0031371568329632282,0.005377819761633873,0.00766444206237793,0.009726796299219131,0.007990003563463688,0.008116551674902439,0.007703539915382862,0.010047606192529202,0.009811769239604473,0.007336093112826347,0.008093229494988918,0.0068148779682815075,0.003800793318077922,0.005452084820717573,0.006996956188231707,0.00755919748917222,0.010166911408305168
CHRW,0,2026-04-07 13:30:00+00:00,09:30,0.009912068955600262,up,0.003517805365845561,0.004182514268904924,0.0013695063535124063,0.004748611710965633,0.004116727039217949,0.001574065419845283,-0.0017337130848318338,0.0007017766474746168,-0.0014140388229861856,-0.000922967738006264,0.0008755485177971423,0.0032749073579907417,0.003077693749219179,0.0036578963045030832,0.0014915558276697993,0.0014132177457213402,0.004749100189656019,0.003176190424710512,0.0018304603872820735,0.0014938933309167624,0.0019990175496786833,0.0016024495707824826,0.002637960482388735,0.008757857605814934,0.007618495263159275,0.009912068955600262
LUV,0,2026-04-07 13:30:00+00:00,09:30,0.009694577194750309,up,-0.00041269135545007885,0.0025060689076781273,0.000949969922658056,0.0019599932711571455,0.0017921040998771787,0.00014853442553430796,-0.005099887493997812,-0.00431388895958662,-0.005686163902282715,-0.004202148877084255,-0.003143130335956812,-0.0013629129389300942,0.001338095753453672,0.0022836034186184406,0.001954917563125491,0.0008989983471110463,0.00153896224219352,0.00020375281746964902,0.0024909893982112408,0.0002483859134372324,0.002798843663185835,0.0015560592291876674,0.0018775134813040495,0.007431082893162966,0.0036614532582461834,0.009694577194750309
VLO,0,2026-04-07 13:30:00+00:00,09:30,0.009446301497519016,up,-9.167724783765152e-07,0.0018681492656469345,-0.001138044404797256,0.002480114810168743,0.0023212565574795008,-0.00010935705358861014,-0.0028541150968521833,0.002022495260462165,-0.0001516399934189394,0.0022541650105267763,0.009467696771025658,0.007654993794858456,0.005786716006696224,0.006924860179424286,0.007168353535234928,0.007202877663075924,0.00863585900515318,0.009183300659060478,0.006828851066529751,0.008369700983166695,0.009086575359106064,0.005248853005468845,0.006203693803399801,0.009706045500934124,0.00871321652084589,0.009446301497519016
AMD,0,2026-04-07 13:30:00+00:00,09:30,0.009368597529828548,up,-0.0025773956440389156,-0.003760462161153555,-0.009563479572534561,-0.00584897818043828,-0.0077376049011945724,-0.009570364840328693,-0.010881002061069012,-0.008643154054880142,-0.012194892391562462,-0.008533412590622902,-0.005760905798524618,-0.0049526272341609,-0.005584748927503824,-0.004162783268839121,-0.005350830033421516,-0.004731900990009308,-0.0044939895160496235,-0.004313198383897543,-0.00458965077996254,-0.00350963999517262,-0.004174014553427696,-0.0061398763209581375,-0.002403839724138379,0.0017961658304557204,0.004636195953935385,0.009368597529828548
CI,0,2026-04-07 13:30:00+00:00,09:30,0.009228022769093513,up,0.0020552980713546276,0.001213802956044674,-0.0008769508567638695,0.0010419569443911314,-0.0004084758984390646,-0.0057056378573179245,-0.009573490358889103,-0.006987555883824825,-0.008531269617378712,-0.007380974013358355,-0.005069092847406864,-0.0016263637226074934,-0.00014429149450734258,-0.0009905544575303793,-0.004579645115882158,-0.0033574397675693035,0.001331541920080781,-0.0012285574339330196,-0.0027587884105741978,-0.001974564976990223,-0.0017703712219372392,-0.0057070693001151085,-0.0028462230693548918,0.0036965005565434694,0.0023051940370351076,0.009228022769093513
JPM,0,2026-04-07 13:30:00+00:00,09:30,0.009175203740596771,up,0.0063437288627028465,0.003763587214052677,0.005310515407472849,0.006571349687874317,0.006052847020328045,0.004506431985646486,0.003472265787422657,0.0050228131003677845,0.003297107759863138,0.0019012921256944537,0.00530988909304142,0.007416229695081711,0.008879073895514011,0.008108931593596935,0.009651755914092064,0.009119476191699505,0.00978898350149393,0.010221092961728573,0.008921445347368717,0.009415144100785255,0.008212589658796787,0.005895812064409256,0.00613753916695714,0.007235373370349407,0.007524664048105478,0.009175203740596771
GEHC,0,2026-04-07 13:30:00+00:00,09:30,0.009112449362874031,up,-0.0017805233364924788,-0.00039055050001479685,-0.003200782462954521,-0.001029128092341125,-0.003863970749080181,-0.005755422171205282,-0.012307578697800636,-0.006741137709468603,-0.009401067160069942,-0.008646118454635143,-0.0057374550960958,-0.002723046811297536,-0.0013194270431995392,0.0018197315512225032,-0.0010170572204515338,-0.002962218364700675,0.002815435640513897,0.0025064083747565746,0.0009045879705809057,0.0002361522347200662,0.00016891062841750681,-0.0008661681204102933,-0.0008717591990716755,0.0064624915830791,0.005700490437448025,0.009112449362874031
TRV,0,2026-04-07 13:30:00+00:00,09:30,0.008924351073801517,up,0.00449391221627593,0.006377842742949724,0.007394477259367704,0.00819472037255764,0.008630307391285896,0.006269501987844706,0.004916003439575434,0.005873821675777435,0.00490817753598094,0.00210901303216815,0.0045110792852938175,0.005454020109027624,0.005580851808190346,0.006341209169477224,0.00498949782922864,0.004334057215601206,0.006515381392091513,0.005680791102349758,0.005343295633792877,0.004798946436494589,0.004151987377554178,0.0021162705961614847,0.0004813009290955961,0.002680242294445634,0.001394561375491321,0.008924351073801517
PSA,0,2026-04-07 13:30:00+00:00,09:30,0.008233158849179745,up,0.005057482048869133,0.006842009723186493,0.006797111593186855,0.007356574293226004,0.009589574299752712,0.008456925861537457,0.006536811124533415,0.006652528885751963,0.00656447559595108,0.0032442391384392977,0.006548041477799416,0.007091767620295286,0.008789428509771824,0.007420050911605358,0.005840115714818239,0.0034402734600007534,0.007733950391411781,0.006028158590197563,0.005011642351746559,0.006009264849126339,0.005220580846071243,0.0031969971023499966,-8.403517131228e-05,0.0037617685738950968,0.002410167595371604,0.008233158849179745
MCD,0,2026-04-07 13:30:00+00:00,09:30,0.008190971799194813,up,0.004459356423467398,0.007380741648375988,0.00743029173463583,0.007401321083307266,0.009521329775452614,0.007151543628424406,0.005375768523663282,0.006197188515216112,0.006180653348565102,0.0038286454509943724,0.006764767225831747,0.00788117665797472,0.011678059585392475,0.013137695379555225,0.01064151432365179,0.007967297919094563,0.010496359318494797,0.00938393920660019,0.007004383951425552,0.008259880356490612,0.006936806719750166,0.004042375832796097,0.001965306466445327,0.005949250888079405,0.007011127192527056,0.008190971799194813
IT,0,2026-04-07 13:30:00+00:00,09:30,0.008008662611246109,up,0.004108517896384001,0.005808037705719471,0.0009221810032613575,0.003861154429614544,0.003858146257698536,0.0013284531887620687,-0.0005119409179314971,0.003332180669531226,0.00040636584162712097,0.0006921571912243962,0.0034399847500026226,0.004982663318514824,0.0058658975176513195,0.006493312306702137,0.0057343062944710255,0.0039037757087498903,0.008982250466942787,0.0062200212851166725,0.0056431409902870655,0.003600179683417082,0.004732744302600622,0.00434697512537241,0.004923696164041758,0.008667725138366222,0.005494390614330769,0.008008662611246109
WDAY,0,2026-04-07 13:30:00+00:00,09:30,0.0077246129512786865,up,0.004854140337556601,0.006181138101965189,0.0013929549604654312,0.006949089001864195,0.0032984502613544464,0.0012558987364172935,-0.0002708280517254025,0.0022514662705361843,0.0008866293355822563,0.0001694862439762801,0.0029740561731159687,0.0052609629929065704,0.007516015321016312,0.008175650611519814,0.007138614542782307,0.005982118658721447,0.010449432767927647,0.007178903091698885,0.006725154351443052,0.006544922012835741,0.005849262233823538,0.0030060859862715006,0.0033560716547071934,0.007474907673895359,0.005647667683660984,0.0077246129512786865
ABBV,0,2026-04-07 13:30:00+00:00,09:30,0.007641198113560677,up,0.0008137484546750784,-0.0017912795301526785,-0.001806824584491551,-0.0005175821715965867,-0.0005292096175253391,-0.0027567679062485695,-0.005663224495947361,-0.006194252986460924,-0.006576930172741413,-0.0023598282132297754,0.0003769070899579674,0.0029145497828722,-0.000652062357403338,-7.724222086835653e-05,-0.0004920368082821369,-0.0002991797518916428,0.0024203164502978325,0.002838668879121542,8.215679554268718e-05,0.004562336951494217,0.0021234480664134026,0.001257635885849595,-0.00022537772019859403,0.0029494138434529305,0.003077798755839467,0.007641198113560677
CNC,0,2026-04-07 13:30:00+00:00,09:30,0.007617782801389694,up,-0.0019560540094971657,-0.0023733945563435555,-0.0025822122115641832,-0.0004902986693195999,-0.00542984064668417,-0.00458148680627346,-0.006158162839710712,-0.004619556944817305,-0.004599604289978743,-0.0039001861587166786,0.0009780817199498415,0.0026181212160736322,0.002474121516570449,0.005610449705272913,0.006118598394095898,0.001783883199095726,0.0070788017474114895,0.005495148710906506,0.0017358324257656932,-0.0007578047225251794,-0.0036217360757291317,-0.004210649523884058,-0.0033159716986119747,0.006836690939962864,0.0027972280513495207,0.007617782801389694
GPN,0,2026-04-07 13:30:00+00:00,09:30,0.0075968666933476925,up,0.0005176632548682392,0.0025154398754239082,-0.0018071410013362765,0.0009324943530373275,-0.000810519268270582,-0.002826977986842394,-0.006059553939849138,-0.004122439306229353,-0.005418476182967424,-0.004882466048002243,-0.0026053430046886206,0.0004909340059384704,0.002306712092831731,0.0040255822241306305,0.002748966682702303,0.0014507158193737268,0.005517169833183289,0.002494933782145381,0.004753346089273691,0.003369587007910013,0.004844421520829201,0.003950793296098709,0.002350595546886325,0.007526787929236889,0.0037257152143865824,0.0075968666933476925
MKC,0,2026-04-07 13:30:00+00:00,09:30,0.007552257739007473,up,0.0036482331342995167,0.00670097628608346,0.004673546180129051,0.006123084109276533,0.006035614293068647,0.005255730357021093,0.003965270239859819,0.004046840127557516,0.005133690778166056,0.004307854920625687,0.005660816561430693,0.005689392797648907,0.004588753450661898,0.0051516382955014706,0.005533329676836729,0.005255050957202911,0.00614972785115242,0.006692325696349144,0.007581932470202446,0.007318639662116766,0.007627877872437239,0.007431208621710539,0.006771788001060486,0.009600390680134296,0.007256926037371159,0.007552257739007473
APD,0,2026-04-07 13:30:00+00:00,09:30,0.007373807951807976,up,0.0023189252242445946,0.004002867732197046,0.0041975039057433605,0.005815557204186916,0.0072363438084721565,0.006440232042223215,0.004206016194075346,0.0046918378211557865,0.0037577019538730383,0.0033388417214155197,0.0064330929890275,0.006497642491012812,0.006443433929234743,0.0067576635628938675,0.005467942915856838,0.004870394244790077,0.0069200205616652966,0.005971919279545546,0.005764814559370279,0.005799358710646629,0.004804552998393774,0.003216914599761367,0.0019801862072199583,0.005231483373790979,0.004158460069447756,0.007373807951807976
INTC,0,2026-04-07 13:30:00+00:00,09:30,0.007098033558577299,up,-0.007935427129268646,-0.017590194940567017,-0.019299853593111038,-0.013633087277412415,-0.009875944815576077,-0.011598003096878529,-0.015610137023031712,-0.006889656186103821,-0.013285104185342789,-0.009997394867241383,-0.006243705749511719,-0.0012444735039025545,0.0043564606457948685,-0.00010454794391989708,0.0011135063832625747,1.531341695226729e-05,9.6632975328248e-05,0.0025975205935537815,-4.187214472040068e-06,-0.001505431137047708,-0.0026469973381608725,-0.007865523919463158,-0.005967714823782444,0.0008207531645894051,0.0035996108781546354,0.007098033558577299
VMC,0,2026-04-07 13:30:00+00:00,09:30,0.007064770441502333,up,0.005664143245667219,0.005964950658380985,0.006779825780540705,0.008334223181009293,0.009988577105104923,0.008510919287800789,0.004883388988673687,0.004888469353318214,0.003153891069814563,0.0012056133709847927,0.003778207814320922,0.004693519324064255,0.006502141710370779,0.005965517833828926,0.004058877471834421,0.0017185963224619627,0.0055548506788909435,0.005055658519268036,0.004024596884846687,0.0038716986309736967,0.0030275844037532806,0.000718930212315172,-0.0004051295109093189,0.0015302426181733608,0.0005806226981803775,0.007064770441502333
V,0,2026-04-07 13:30:00+00:00,09:30,0.006860498804599047,up,0.005746340379118919,0.004267564043402672,0.006210453808307648,0.006386625114828348,0.007072534412145615,0.006034990306943655,0.003988207317888737,0.004464538302272558,0.0027637341991066933,0.0010737633565440774,0.0037213058676570654,0.006854467559605837,0.00624552508816123,0.006003812421113253,0.007208023685961962,0.006219028495252132,0.006459540221840143,0.00667332299053669,0.006953736767172813,0.005558724980801344,0.0053172348998487,0.0030809114687144756,0.002064596861600876,0.003141415072605014,0.0038837615866214037,0.006860498804599047
PYPL,0,2026-04-07 13:30:00+00:00,09:30,0.006858987733721733,up,-0.001836020266637206,0.0004109978908672929,0.0011500122491270304,0.0048159328289330006,0.002321436069905758,-7.33129054424353e-05,-0.0024520361330360174,-0.002694792114198208,-0.003493121825158596,-0.0018963587936013937,0.00023902342945802957,0.0006429627537727356,0.0013644054997712374,0.005224206019192934,0.0032210242934525013,0.0011239571031183004,0.003939230460673571,-0.0001358836452709511,0.0015720578376203775,0.0008032213663682342,0.0003103359485976398,-0.002225300529971719,-0.0007777702994644642,0.0031640876550227404,0.0023778295144438744,0.006858987733721733
BXP,0,2026-04-07 13:30:00+00:00,09:30,0.0067898910492658615,up,0.002927076769992709,0.005300505086779594,0.0028686721343547106,0.005485496483743191,0.004963664337992668,0.0036064411979168653,0.0013596471399068832,0.0013832318363711238,0.003611055202782154,0.00345546449534595,0.005090275779366493,0.0062037259340286255,0.005843369755893946,0.0062570455484092236,0.005927086807787418,0.004130636807531118,0.006575713399797678,0.006861410569399595,0.007003969047218561,0.006666674744337797,0.00672039994969964,0.004816893953830004,0.0038985516875982285,0.007821017876267433,0.005884537938982248,0.0067898910492658615
DHI,0,2026-04-07 13:30:00+00:00,09:30,0.006614891812205315,up,0.00330765126273036,0.0030526663176715374,-0.00011456016363808885,0.0030736997723579407,0.00216377223841846,-0.00044437250471673906,-0.006042406428605318,-0.002430448541417718,-0.004065795801579952,-0.00398646853864193,-0.0001372641563648358,0.0011589692439883947,0.0034350904170423746,0.0037261617835611105,0.002610380295664072,0.0022907652892172337,0.006712729576975107,0.004239663016051054,0.004115746822208166,0.003250375622883439,0.0025278881657868624,0.0010438661556690931,0.0016214924398809671,0.00670420378446579,0.0035295281559228897,0.006614891812205315
FE,0,2026-04-07 13:30:00+00:00,09:30,0.006495329551398754,up,0.001304940669797361,0.004315648693591356,0.0030423072166740894,0.005727642681449652,0.006415590178221464,0.004805955104529858,0.0035334229469299316,0.0033373283222317696,0.004692472517490387,0.0036227768287062645,0.005270618945360184,0.005822674371302128,0.0055722822435200214,0.005477407481521368,0.005609826650470495,0.004116206895560026,0.006120056379586458,0.006263783201575279,0.00661124475300312,0.00670606316998601,0.006349286530166864,0.006017875857651234,0.005399043671786785,0.008393814787268639,0.006500536575913429,0.006495329551398754
PSX,0,2026-04-07 13:30:00+00:00,09:30,0.006458049640059471,up,-5.206189598538913e-05,0.003760863561183214,-0.0007301790756173432,0.0012737035285681486,0.0027065929025411606,-0.0018615543376654387,-0.0033912460785359144,-0.0016123611712828279,-0.0031228356529027224,0.0013249687617644668,0.0031463084742426872,2.6893147150985897e-05,-0.0005985737079754472,0.0018990468233823776,0.002038696315139532,0.002105169231072068,0.004573014099150896,0.001968826400116086,-0.0007887562969699502,-0.0014374415623024106,-0.0006132699782028794,-0.003266725456342101,-0.000846575538162142,0.004544947296380997,0.004969549831002951,0.006458049640059471
SLB,0,2026-04-07 13:30:00+00:00,09:30,0.006436587311327457,up,0.002107699168846011,0.00155035057105124,0.0017584472661837935,0.003923438955098391,0.005018721334636211,0.0043173725716769695,0.0030363036785274744,0.0030457291286438704,0.0018275484908372164,0.00028173098689876497,0.00209953635931015,0.002112617949023843,0.001742712571285665,0.00183210545219481,0.0022842632606625557,0.0013345873448997736,0.0018759476952254772,0.002609622897580266,0.0035941151436418295,0.0021744200494140387,0.003912857733666897,0.0040868003852665424,0.005087684839963913,0.008809471502900124,0.008708558976650238,0.006436587311327457
ANET,0,2026-04-07 13:30:00+00:00,09:30,0.006377719808369875,up,-0.0019509162520989776,-0.003302755067124963,-0.006333217956125736,-0.001490190508775413,-0.0027944326866418123,-0.007709624245762825,-0.009767269715666771,-0.0032812939025461674,-0.005338514223694801,-0.002464606426656246,0.002610172610729933,0.0033462638966739178,0.003030606312677264,0.0016345845069736242,0.003064475255087018,0.0015971398679539561,0.0028384847100824118,0.00400893297046423,0.0033463668078184128,0.004301293287426233,0.0022212720941752195,-0.0008446079446002841,0.0004393180424813181,0.005272450391203165,0.003999334294348955,0.006377719808369875
AAPL,0,2026-04-07 13:30:00+00:00,09:30,0.0063002584502100945,up,-0.0029606609605252743,-0.003998531494289637,-0.007164820563048124,-0.005156008061021566,-0.006986550986766815,-0.010217168368399143,-0.012425515800714493,-0.012555104680359364,-0.012550602667033672,-0.010697952471673489,-0.006196715869009495,-0.00501285819336772,-0.009306327439844608,-0.0070861633867025375,-0.005362943280488253,-0.006771691609174013,-0.0051506091840565205,-0.005081942770630121,-0.007447867188602686,-0.007030646316707134,-0.008570751175284386,-0.011965823359787464,-0.011173255741596222,-0.004524785093963146,-0.005503050517290831,0.0063002584502100945
NSC,0,2026-04-07 13:30:00+00:00,09:30,0.006265027914196253,up,0.004166025668382645,0.0058592623099684715,0.008046633563935757,0.007977473549544811,0.009686263278126717,0.007972117513418198,0.006847840268164873,0.006110604386776686,0.005105281248688698,0.0036039198748767376,0.00629347562789917,0.006976950913667679,0.0066156405955553055,0.007003655191510916,0.005718710366636515,0.004141371231526136,0.006857268512248993,0.00612450810149312,0.005783692467957735,0.005908604245632887,0.004709492903202772,0.002983727026730776,0.0003841274883598089,0.003410325851291418,0.0016335602849721909,0.006265027914196253
EIX,0,2026-04-07 13:30:00+00:00,09:30,0.006245299242436886,up,0.005058517213910818,0.008576183579862118,0.007124699652194977,0.010890018194913864,0.011423712596297264,0.006055721081793308,0.004608672112226486,0.008442411199212074,0.007377122063189745,0.0006436127587221563,0.00692041777074337,0.004436055198311806,0.006852004677057266,0.005145097617059946,0.005167063325643539,0.003919048234820366,0.005550974979996681,0.005032497923821211,0.007541687227785587,0.007472757715731859,0.006182936020195484,0.0020453191827982664,0.0012799100950360298,0.0029696025885641575,0.0030404941644519567,0.006245299242436886
USB,0,2026-04-07 13:30:00+00:00,09:30,0.006168532185256481,up,0.001777989906258881,0.005087457597255707,0.0038458211347460747,0.0055536250583827496,0.004204490687698126,0.0044043101370334625,0.0017074857605621219,0.001564732869155705,0.0030883338768035173,0.0025116619653999805,0.003375330474227667,0.004129544831812382,0.003370418446138501,0.002942702965810895,0.0044025154784321785,0.0028918872121721506,0.00436965050175786,0.004971406888216734,0.005164593458175659,0.005460275802761316,0.005317936651408672,0.003910069819539785,0.0035627647303044796,0.007535567041486502,0.004906949121505022,0.006168532185256481
MPC,0,2026-04-07 13:30:00+00:00,09:30,0.006133013404905796,up,-0.002030003583058715,0.00032742597977630794,-0.0007835514261387289,0.001591427717357874,0.001927906065247953,-0.0017995121888816357,-0.0019166350830346346,-0.0014092287747189403,-0.003044307231903076,-0.002665055450052023,0.000667545129545033,0.004708751104772091,0.00431692274287343,0.004288301337510347,0.002975757699459791,0.004158745985478163,0.004201773088425398,0.0036577796563506126,0.0027065526228398085,0.003661473747342825,0.003957495093345642,0.0005639191367663443,0.0016280253184959292,0.005771647207438946,0.0038333882112056017,0.006133013404905796
RL,0,2026-04-07 13:30:00+00:00,09:30,0.005964281037449837,up,0.001412947429344058,0.0012541140895336866,-9.501448948867619e-05,0.002255622297525406,0.001350768725387752,-0.0007433783612214029,-0.0028893128037452698,-0.0030793703626841307,-0.006089603528380394,-0.004592787474393845,-0.0030263548251241446,-0.00025882109184749424,-0.0016833371482789516,-0.001975450897589326,-0.0020459466613829136,-0.0027263036463409662,-0.0016382705653086305,-0.00042802366078831255,-0.0023108823224902153,-0.0021020935382694006,-0.0007428807439282537,-0.004986087325960398,-0.005053235683590174,-0.0009063814068213105,-0.0023342727217823267,0.005964281037449837
FICO,0,2026-04-07 13:30:00+00:00,09:30,0.005885450169444084,up,-9.717363354866393e-06,-0.00033709657145664096,-0.0026225089095532894,0.0007985954289324582,-0.0021665156818926334,-0.004033174365758896,-0.0041111670434474945,-0.0028824196197092533,-0.005024030338972807,-0.002196356188505888,0.0006519146263599396,0.002348834415897727,0.0015731090679764748,0.0019856251310557127,0.0011970082996413112,-0.00036388830631040037,0.003207191824913025,0.0025584958493709564,0.0020400132052600384,0.0011005306150764227,0.0014079492539167404,-6.76560648571467e-06,-0.0009137264569289982,0.0026744231581687927,0.001728045754134655,0.005885450169444084
CTSH,0,2026-04-07 13:30:00+00:00,09:30,0.005784469656646252,up,-0.0016922500217333436,0.0002190836676163599,-0.002094186609610915,0.000988069805316627,-0.0013098688796162605,-0.0019034355645999312,-0.007656725589185953,-0.002436433220282197,-0.004899223800748587,-0.004104546271264553,-0.0016585697885602713,0.0005362434312701225,0.0005280092009343207,0.0026298710145056248,0.0016879802569746971,0.0009919962612912059,0.00276031787507236,0.0012647210387513041,0.002526049269363284,0.0017117101233452559,0.00250286515802145,0.0017999688861891627,0.0008592706872150302,0.005111567210406065,0.0022660288959741592,0.005784469656646252
ARE,0,2026-04-07 13:30:00+00:00,09:30,0.005436156876385212,up,0.004150982014834881,0.006621086969971657,0.005279161501675844,0.006747791077941656,0.006754979956895113,0.004329318646341562,0.003747855545952916,0.004216804169118404,0.00489525543525815,0.004485110752284527,0.0043186587281525135,0.004572037607431412,0.003599635325372219,0.0035331486724317074,0.00531401764601469,0.004581234883517027,0.004392379429191351,0.00584534602239728,0.005063351709395647,0.004790967795997858,0.005243015009909868,0.006194941233843565,0.0037120752967894077,0.00811515748500824,0.006805280223488808,0.005436156876385212
DG,0,2026-04-07 13:30:00+00:00,09:30,0.005419822875410318,up,0.0009908458450809121,-0.00011350008571753278,-0.0026530686300247908,0.0013121908996254206,0.00017179657879751176,-0.004264898132532835,-0.006796339061111212,-0.0015121016185730696,-0.003347641322761774,-0.002364416839554906,0.0012991405092179775,0.0025976616889238358,0.004122813697904348,0.00623134383931756,0.0038640687707811594,0.003968764562159777,0.00707796448841691,0.005118619184941053,0.0043115196749567986,0.00439362321048975,0.004448167979717255,0.0029608558397740126,0.0034447445068508387,0.007066574413329363,0.004765823483467102,0.005419822875410318
BMY,0,2026-04-07 13:30:00+00:00,09:30,0.005395836196839809,up,-0.0021612956188619137,-0.003543170401826501,-0.0030449284240603447,-0.001032844535075128,0.00015416776295751333,-0.0038254770915955305,-0.0053819334134459496,-0.004517101217061281,-0.006490489933639765,-0.006503233686089516,-0.003458005841821432,-0.0010820634197443724,-0.0002634917909745127,0.002002982422709465,0.0009927875362336636,-0.0008405259577557445,0.002627850975841284,-0.00032180058769881725,0.0007123713148757815,0.0008754330920055509,-0.0006219565402716398,-0.0026322731282562017,-0.0026113055646419525,0.0024746526032686234,0.0010710437782108784,0.005395836196839809
FOX,0,2026-04-07 13:30:00+00:00,09:30,0.005368067882955074,up,0.0024393608327955008,0.004140349105000496,0.003455788129940629,0.006428312975913286,0.006905733607709408,0.0047850050032138824,0.002605232410132885,0.0022151221055537462,0.004727348685264587,0.004321084823459387,0.00549826305359602,0.007051640190184116,0.006790074519813061,0.006501622963696718,0.006243736948817968,0.005069476552307606,0.006651834584772587,0.007688865065574646,0.006991705857217312,0.007030116394162178,0.006581024266779423,0.004860615823417902,0.004161129705607891,0.007809444796293974,0.005751493852585554,0.005368067882955074
CBOE,0,2026-04-07 13:30:00+00:00,09:30,0.00523914722725749,up,0.002480111550539732,0.0034550470300018787,0.0038226558826863766,0.005782030988484621,0.006596516817808151,0.0059309350326657295,0.004109503701329231,0.004279842134565115,0.0038230959326028824,0.003016018308699131,0.006363607477396727,0.00679919496178627,0.007124759256839752,0.006409032270312309,0.005195158068090677,0.00479965889826417,0.006790021434426308,0.005715836305171251,0.004536151420325041,0.005429019685834646,0.004307636525481939,0.0027328613214194775,0.0015466123586520553,0.005602062214165926,0.0036956623662263155,0.00523914722725749
ADBE,0,2026-04-07 13:30:00+00:00,09:30,0.005230196751654148,up,0.0010169498855248094,0.004290243610739708,0.0072293709963560104,0.008925231173634529,0.010258561000227928,0.00953099224716425,0.006374104879796505,0.007934571243822575,0.0045426953583955765,0.004811102990061045,0.0077244676649570465,0.007145693060010672,0.0029347881209105253,0.0016681142151355743,0.004995120223611593,0.005022650584578514,0.004343525972217321,0.005109048448503017,0.003721380140632391,0.0027838198002427816,0.0028492803685367107,0.0028305447194725275,0.001877663191407919,0.004290782380849123,0.003496842458844185,0.005230196751654148
APA,0,2026-04-07 13:30:00+00:00,09:30,0.005174221005290747,up,0.0025896835140883923,0.0075296624563634396,0.004259687848389149,0.005789387505501509,0.0022256586235016584,0.00319577450864017,0.000987652107141912,0.0029720126185566187,0.0023688001092523336,0.0018064556643366814,0.004400703124701977,0.004680579993873835,0.0032233851961791515,0.0037127176765352488,0.006801345385611057,0.004893540404736996,0.003548454027622938,0.004689226392656565,0.0043557630851864815,0.004515739623457193,0.003944385331124067,0.003945895936340094,0.004881320986896753,0.008571564219892025,0.007161581888794899,0.005174221005290747
FFIV,0,2026-04-07 13:30:00+00:00,09:30,0.005044552963227034,up,0.0047832331620156765,0.006772695574909449,0.007737935986369848,0.008706842549145222,0.009483708068728447,0.008004953153431416,0.005962640047073364,0.006389792077243328,0.005094111431390047,0.0036005740985274315,0.0066278851591050625,0.006981606595218182,0.007546455133706331,0.007690066937357187,0.005889623425900936,0.004984071012586355,0.007645434699952602,0.006538160145282745,0.0062407455407083035,0.006132283713668585,0.005457792431116104,0.0027017127722501755,0.0003710573073476553,0.0038448376581072807,0.002648357767611742,0.005044552963227034
AXP,0,2026-04-07 13:30:00+00:00,09:30,0.0048850481398403645,up,0.005368073936551809,0.005574727896600962,0.00686263432726264,0.007104525808244944,0.007338414900004864,0.005600420758128166,0.0033903096336871386,0.00458606006577611,0.0029932938050478697,0.00011069883476011455,0.0030460981652140617,0.005092192441225052,0.004514448810368776,0.005899122450500727,0.00637464877218008,0.005003117490559816,0.005141786299645901,0.004468107596039772,0.004069030750542879,0.0036975950933992863,0.0038887751288712025,0.0015000189887359738,-1.5660436474718153e-05,0.0011015718337148428,0.0009856033138930798,0.0048850481398403645
VRTX,0,2026-04-07 13:30:00+00:00,09:30,0.004876377992331982,up,-0.005548108834773302,-0.007033020723611116,-0.006700586061924696,-0.0034642633982002735,-0.004305652808398008,-0.009351500310003757,-0.009258206933736801,-0.013095175847411156,-0.01172608695924282,-0.008678104728460312,-0.00410406943410635,-0.002187116304412484,-0.002550814300775528,-0.003945203498005867,-0.0038345730863511562,-0.005540217272937298,-0.0038553080521523952,-0.003702129703015089,-0.004578724037855864,-0.004932382609695196,-0.0018220930360257626,-0.0024685959797352552,-0.0018966284114867449,0.002287621609866619,0.0004416608135215938,0.004876377992331982
COST,0,2026-04-07 13:30:00+00:00,09:30,0.004790022503584623,up,-0.0010173022747039795,-0.0003071183746214956,-0.0020935069769620895,0.0019694336224347353,0.003082525683566928,0.0005850614979863167,0.0005792471347376704,-5.75760641368106e-05,-0.0011389084393158555,0.0014338435139507055,0.003723575035110116,0.003717076499015093,0.0036346919368952513,0.0024880061391741037,0.0016936282627284527,0.0012647837866097689,0.0018832565983757377,0.002473352011293173,0.002738264389336109,0.0014850784791633487,0.0011276485165581107,-0.002002945402637124,-0.0011660999152809381,0.003179053543135524,0.002424761652946472,0.004790022503584623
WTW,0,2026-04-07 13:30:00+00:00,09:30,0.004664568696171045,up,0.005608324892818928,0.008279819041490555,0.009750022552907467,0.008914644829928875,0.008990799076855183,0.0067136455327272415,0.005192290060222149,0.006245102733373642,0.005695987492799759,0.0035353158600628376,0.006875094026327133,0.006831867154687643,0.007080416195094585,0.006750508677214384,0.005078965798020363,0.004455850925296545,0.007159927859902382,0.006519347429275513,0.005426943767815828,0.005992007441818714,0.005279260687530041,0.0021540094166994095,0.00024646089877933264,0.003739959094673395,0.001766836503520608,0.004664568696171045
ACN,0,2026-04-07 13:30:00+00:00,09:30,0.004638483747839928,up,0.0005126591422595084,0.00016632831830065697,-0.0021404875442385674,0.00038052324089221656,-0.001034422661177814,-0.0018292133463546634,-0.0019545413088053465,0.0007952143205329776,-0.0012021880829706788,-0.0007550357840955257,0.00020271203538868576,0.003487598616629839,0.0030399297829717398,0.0019481558119878173,0.0019153550965711474,0.001459344755858183,0.005019439850002527,0.0029538017697632313,0.00351249729283154,0.0018601390765979886,4.481143696466461e-05,-0.0010036680614575744,-1.4407258277060464e-05,0.0018616081215441227,0.004321986343711615,0.004638483747839928
TGT,0,2026-04-07 13:30:00+00:00,09:30,0.004633655771613121,up,-0.0024708001874387264,-0.0029984693974256516,-0.006343552377074957,-0.0029104063287377357,-0.00416288897395134,-0.008457615040242672,-0.012942085973918438,-0.00674179894849658,-0.007279868237674236,-0.005248058587312698,-0.0018564083147794008,-0.0014633025275543332,-0.0016996418125927448,9.916795534081757e-06,0.00015740164963062853,-0.0012767092557623982,0.002054175129160285,0.0019512235885486007,-0.00016077006876002997,0.0003846845356747508,0.0003272723115514964,-0.0020270447712391615,-0.0016224357532337308,0.0038491631858050823,0.0029836136382073164,0.004633655771613121
WAT,0,2026-04-07 13:30:00+00:00,09:30,0.004401142243295908,up,0.003019904950633645,0.0038634107913821936,0.0049011013470590115,0.0069504389539361,0.007211332209408283,0.005854396149516106,0.0033680759370326996,0.00416136160492897,0.0026194655802100897,0.0020939414389431477,0.00422414718195796,0.004819002002477646,0.005217346828430891,0.005338060203939676,0.00396719528362155,0.002548055024817586,0.004970697220414877,0.003942801151424646,0.003555445931851864,0.003119098488241434,0.0025304583832621574,0.0002006524446187541,-0.0015850032214075327,0.0020716944709420204,-3.756796650122851e-05,0.004401142243295908
BAC,0,2026-04-07 13:30:00+00:00,09:30,0.0043992227874696255,up,-0.0011667177313938737,-0.0012761718826368451,-0.002936570206657052,-0.0007852868875488639,-0.0023570144549012184,-0.0011948407627642155,-0.0015712367603555322,-0.0022904612123966217,-0.0036614767741411924,-0.002313022268936038,0.0001492329902248457,0.0016484316438436508,0.004119350574910641,0.002943843835964799,0.0026187601033598185,0.0028978832997381687,0.002781296381726861,0.0044461763463914394,0.005059048067778349,0.0036455465015023947,0.004342467989772558,0.0017530163750052452,0.0028414479456841946,0.006791625637561083,0.006293150130659342,0.0043992227874696255
HLT,0,2026-04-07 13:30:00+00:00,09:30,0.00436754385009408,up,0.005822755396366119,0.007127954624593258,0.008816774934530258,0.008722738362848759,0.009804444387555122,0.0077288150787353516,0.005615475587546825,0.006921384483575821,0.004360817838460207,0.0019528823904693127,0.006028926465660334,0.006225941702723503,0.006263979710638523,0.006820268929004669,0.004586624447256327,0.0040644193068146706,0.005706195719540119,0.005215355195105076,0.0041555180214345455,0.004662207793444395,0.004272982012480497,0.001221513724885881,0.00015242230438161641,0.002661145990714431,0.00044455862371250987,0.00436754385009408
ECL,0,2026-04-07 13:30:00+00:00,09:30,0.004304451402276754,up,-0.0008918192470446229,0.0005981175927445292,-0.0006818627589382231,0.0004058422346133739,0.002768497681245208,-0.00030415711808018386,-0.002846092451363802,-0.0009918720461428165,-0.003830956993624568,-0.0020345200318843126,-0.00028905010549351573,0.0015745983691886067,-0.0006764063728041947,-0.0006120740436017513,-0.0033966421615332365,-0.002163997385650873,-0.0006417404511012137,-0.0015465081669390202,-0.0024673957377672195,-0.0048650405369699,-0.0045915222726762295,-0.007623325567692518,-0.00710328621789813,-0.0023330964613705873,-0.0031616217456758022,0.004304451402276754
TECH,0,2026-04-07 13:30:00+00:00,09:30,0.004270350094884634,up,0.0013175959466025233,0.005171764642000198,0.007245816756039858,0.0068604350090026855,0.004857382737100124,0.003964480012655258,4.411946429172531e-05,-0.00046265486162155867,0.003947163000702858,0.0011459627421572804,0.0017622230807319283,0.0016995109617710114,0.0016590718878433108,0.003207939909771085,0.004172959830611944,0.0013834191486239433,0.004141668789088726,0.0034516535233706236,0.0016115120379254222,0.0033152583055198193,0.003283468307927251,0.0017371358117088675,0.0007021176279522479,0.00439118966460228,0.0022900435142219067,0.004270350094884634
TJX,0,2026-04-07 13:30:00+00:00,09:30,0.0041696298867464066,up,-6.377535464707762e-05,0.0006378964171744883,-0.002607928356155753,-0.00024137349100783467,-0.001820849720388651,-0.0032711562234908342,-0.005134376231580973,-0.003199848346412182,-0.0038769016973674297,-0.0019461569609120488,0.00020423099340405315,0.0016160249942913651,0.001352287596091628,0.0003606777754612267,-0.0012043658643960953,-0.0001641235576244071,0.0020802218932658434,0.0020194549579173326,0.00039770061266608536,-0.0001955722109414637,-0.0010103797540068626,-0.0011674781562760472,0.00141815934330225,0.004614608362317085,0.0023170423228293657,0.0041696298867464066
LMT,0,2026-04-07 13:30:00+00:00,09:30,0.004082324914634228,up,-0.002321793232113123,-0.0006138595636002719,-0.0022131698206067085,0.0016971910372376442,0.0011680893367156386,-0.0007840810576453805,-0.003465669695287943,-0.0028556755278259516,-0.005101003684103489,-0.002990731503814459,-0.0004562025424093008,0.0005172826931811869,-0.0002061759732896462,-0.00023570873599965125,-0.0004886238602921367,-0.00109766551759094,0.000588534283451736,0.0006204800447449088,0.0004359073063824326,-0.00035804876824840903,-0.0008069872856140137,-0.002959808334708214,-0.0030357942450791597,0.00046304118586704135,-9.537614823784679e-05,0.004082324914634228
VRT,0,2026-04-07 13:30:00+00:00,09:30,0.004051550291478634,up,-0.004542484413832426,-0.005515232216566801,-0.006695352960377932,-0.004359600134193897,-0.0022887270897626877,-0.004309794865548611,-0.007925707846879959,-0.0035951505415141582,-0.006152602843940258,-0.0038023232482373714,-0.001021629897877574,0.001212258473969996,0.00026491680182516575,0.0005773724406026304,-0.000645344378426671,-0.0008110521594062448,0.0017576052341610193,-0.00042082727304659784,-0.0007825453067198396,-0.004382938612252474,-0.0019523805240169168,-0.005906105041503906,-0.005996705032885075,-0.0008877553627826273,-0.0006836549728177488,0.004051550291478634
DDOG,0,2026-04-07 13:30:00+00:00,09:30,0.004046276677399874,up,-0.002646529581397772,0.00034391513327136636,-0.0027721840888261795,0.0014015315100550652,-0.000983126345090568,-0.002178008435294032,-0.005687372758984566,-0.0011439250083640218,-0.0033165812492370605,-0.002358300844207406,0.0010463760700076818,0.0018923822790384293,0.0034584158565849066,0.00430401973426342,0.004987443331629038,0.004394618794322014,0.005967587232589722,0.006337341852486134,0.002942644990980625,0.004802410490810871,0.005043194629251957,0.0025781672447919846,0.0040341513231396675,0.00790673028677702,0.00384334078989923,0.004046276677399874
CNP,0,2026-04-07 13:30:00+00:00,09:30,0.003959666471928358,up,0.0023779436014592648,0.0057136318646371365,0.004501438234001398,0.005706684663891792,0.005571696441620588,0.0029124408029019833,0.0029403907246887684,0.0026667164638638496,0.00504128634929657,0.003921549301594496,0.004995801020413637,0.0036433765199035406,0.0032377818133682013,0.002420429838821292,0.0044821868650615215,0.003857115050777793,0.00367818889208138,0.0047197178937494755,0.004652067553251982,0.004540739580988884,0.004717065021395683,0.006225022953003645,0.0037904379423707724,0.007015003357082605,0.00632115826010704,0.003959666471928358
CME,0,2026-04-07 13:30:00+00:00,09:30,0.003906392492353916,up,0.001960553927347064,0.003872976638376713,0.004727266728878021,0.005621412768959999,0.008097675628960133,0.006103835999965668,0.004267626907676458,0.00446236040443182,0.003316586371511221,0.0017776456661522388,0.004271314479410648,0.005762194748967886,0.008942215703427792,0.009731374680995941,0.008691566996276379,0.0060592819936573505,0.007632553577423096,0.007329972460865974,0.004794268868863583,0.005042139906436205,0.003919593058526516,0.0018009364139288664,7.76390588725917e-05,0.0030870861373841763,0.0014726941008120775,0.003906392492353916
KEYS,0,2026-04-07 13:30:00+00:00,09:30,0.0038620573468506336,up,0.00533736078068614,0.007283268962055445,0.008996658027172089,0.009096174500882626,0.01003772858530283,0.008518660441040993,0.0064702946692705154,0.007009013555943966,0.005287825129926205,0.0035763676278293133,0.006964586675167084,0.007085041143000126,0.007587175816297531,0.007402956020087004,0.0054830326698720455,0.0040716081857681274,0.006481636315584183,0.006260314024984837,0.00575936958193779,0.005651127081364393,0.004312222357839346,0.0018711320590227842,-5.653308471664786e-05,0.003346862271428108,0.0008284742943942547,0.0038620573468506336
UNP,0,2026-04-07 13:30:00+00:00,09:30,0.003822236554697156,up,0.0009923181496560574,0.0035216587129980326,0.0033281156793236732,0.005075563210994005,0.005846175830811262,0.0029960430692881346,0.0015543695772066712,0.002154243178665638,0.0018571936525404453,0.0021310001611709595,0.004132619593292475,0.004861845169216394,0.0036176282446831465,0.003859613323584199,0.004655411932617426,0.0036894716322422028,0.004253327380865812,0.004935683682560921,0.004329550080001354,0.004500383045524359,0.002937447978183627,0.002065346809104085,0.0006287259748205543,0.002647598274052143,0.0009959962917491794,0.003822236554697156
HCA,0,2026-04-07 13:30:00+00:00,09:30,0.003802464110776782,up,-0.0011361774522811174,0.0001627043093321845,-0.0015739387599751353,0.0011403142707422376,0.0009624444646760821,-0.0008254643180407584,-0.002237895503640175,-0.0015981228789314628,-0.0027955106925219297,-0.001893424428999424,-0.0004402124905027449,0.001060347887687385,0.00067374377977103,0.001327000092715025,0.0014813864836469293,0.001826624502427876,0.0025431776884943247,0.0028653540648519993,0.002342219464480877,0.0025218655355274677,0.0018327467842027545,-0.00021026682225055993,-0.001460794359445572,0.002311635995283723,0.0029213661327958107,0.003802464110776782
ADM,0,2026-04-07 13:30:00+00:00,09:30,0.00376472482457757,up,0.0025890273973345757,0.004046433139592409,0.0033652347046881914,0.005814015865325928,0.007342888507992029,0.004000900313258171,0.0017343430081382394,0.0018341909162700176,0.004219953902065754,0.002579551190137863,0.00436301389709115,0.006317378021776676,0.00449508149176836,0.0056258682161569595,0.004003733396530151,0.0029200599528849125,0.003482093568891287,0.004367498215287924,0.0025456540752202272,0.0039914739318192005,0.0030908924527466297,0.0017998387338593602,0.0012213543523102999,0.004760202951729298,0.0032486647833138704,0.00376472482457757
TSLA,0,2026-04-07 13:30:00+00:00,09:30,0.0037415078841149807,up,-0.0026540926191955805,-0.00364077091217041,-0.005587164778262377,-0.004613099154084921,-0.006071675103157759,-0.009602113626897335,-0.010306496173143387,-0.00817585177719593,-0.009052214212715626,-0.007795290090143681,-0.00583406537771225,-0.0047494759783148766,-0.005909965839236975,-0.004950684029608965,-0.003313155146315694,-0.005541492719203234,-0.003624890698119998,-0.0037195144686847925,-0.0023321150802075863,-0.0003892284585162997,-0.004410360939800739,-0.008384009823203087,-0.0075410292483866215,-0.003143706126138568,-0.0029677674174308777,0.0037415078841149807
CCI,0,2026-04-07 13:30:00+00:00,09:30,0.0037230942398309708,up,-6.980153557378799e-05,0.001980260945856571,-0.0006899682921357453,0.0017050695605576038,0.0031716078519821167,-0.0017290503019466996,-0.004749412648379803,-0.0034446734935045242,-0.0026568828616291285,-0.003796829842031002,-0.001260960940271616,-0.0008750371052883565,-7.723976887064055e-05,0.00048777065239846706,-0.002136752475053072,-0.000719540286809206,0.002130175242200494,0.002494239015504718,0.001902208081446588,0.0006542181363329291,0.002178012393414974,0.0012493797112256289,0.0008784685051068664,0.005430420394986868,0.004651202820241451,0.0037230942398309708
VLTO,0,2026-04-07 13:30:00+00:00,09:30,0.0036436025984585285,up,0.0008626928320154548,0.0031276680529117584,0.0017389304703101516,0.003341100877150893,0.004349416587501764,0.0020880247466266155,0.00036370393354445696,0.0011150151258334517,0.001506395754404366,0.0006074007833376527,0.0020875895861536264,0.0039398884400725365,0.0027379884850233793,0.0029826608952134848,0.0033849969040602446,0.002821719739586115,0.00380357401445508,0.004014160018414259,0.003877566894516349,0.0037974186707288027,0.004380520898848772,0.0026047241408377886,0.001526674721390009,0.00430047232657671,0.002197475638240576,0.0036436025984585285
ITW,0,2026-04-07 13:30:00+00:00,09:30,0.003636489622294903,up,1.6679467080393806e-05,0.0024245018139481544,0.0020641677547246218,0.0034123884979635477,0.006468433421105146,0.003903875593096018,0.0027029693592339754,0.003385639749467373,0.0019382096361368895,0.002938502933830023,0.005262724123895168,0.005462002940475941,0.0033947378396987915,0.004133116453886032,0.003689462784677744,0.003001102712005377,0.004056263715028763,0.0027478933334350586,0.0017991680651903152,0.0006894698599353433,0.0012816803064197302,-0.0017147054895758629,-0.0012575620785355568,0.0019307760521769524,-0.0001600783143658191,0.003636489622294903
ADI,0,2026-04-07 13:30:00+00:00,09:30,0.0036283214576542377,up,-0.0027565620839595795,-0.0014979352708905935,-0.003409663215279579,0.0004883425426669419,0.0002615796693135053,-0.0017343804938718677,-0.0035467236302793026,-0.003204528708010912,-0.005910302512347698,-0.005507969297468662,-0.002069785026833415,-0.001872476888820529,-0.001980796456336975,-0.0016945464303717017,-0.0013717785477638245,-0.003784002037718892,-0.0012741407845169306,-0.001030326122418046,-0.0011269517708569765,-0.0015561141772195697,-0.0006921625463292003,-0.004466497804969549,-0.004544966854155064,-0.0006110448739491403,-0.001639452064409852,0.0036283214576542377
VTR,0,2026-04-07 13:30:00+00:00,09:30,0.003614070825278759,up,0.0017669969238340855,0.0030394461937248707,0.0017766662640497088,0.0037705630529671907,0.004787759855389595,0.0025898865424096584,0.001861282275058329,0.002298734849318862,0.004249185789376497,0.0033352752216160297,0.004741002805531025,0.005842610262334347,0.005352760199457407,0.005602285265922546,0.004950873553752899,0.004196537658572197,0.005126718431711197,0.005363586358726025,0.004932169336825609,0.004898299928754568,0.005129673983901739,0.0037128000985831022,0.0027447750326246023,0.004593363031744957,0.0032432081643491983,0.003614070825278759
GDDY,0,2026-04-07 13:30:00+00:00,09:30,0.00357252499088645,up,-0.0005173045792616904,0.0009577200398780406,-0.001190441776998341,0.0020727827213704586,-0.0014073224738240242,-0.003507801564410329,-0.005118831992149353,-0.002152184024453163,-0.0024429962504655123,-0.0017251032404601574,6.750808825017884e-05,0.0022979730274528265,0.0013341994490474463,0.0029631888028234243,0.004081816412508488,0.0022136589977890253,0.0027667328249663115,0.003357223467901349,0.0018358728848397732,0.0010584602132439613,9.605538798496127e-05,-0.0012023868039250374,-0.00041715611587278545,0.003519911551848054,0.001022815122269094,0.00357252499088645
MRNA,0,2026-04-07 13:30:00+00:00,09:30,0.0035502274986356497,up,-0.003641108749434352,0.00015106376667972654,0.0011969723273068666,0.0006999055040068924,-0.0038913667667657137,-0.00425485335290432,-0.008651984855532646,-0.0036947133485227823,-0.00510800164192915,-0.007196908351033926,-0.003451885422691703,-0.0025501602794975042,-0.001767334179021418,0.002493694657459855,0.0011493867496028543,0.0014627606142312288,0.0040784114971756935,0.0036074162926524878,0.0032741210889071226,0.001500892685726285,-0.0013040207559242845,-0.004561324138194323,-0.005428269971162081,0.0014092213241383433,0.0004027893883176148,0.0035502274986356497
HII,0,2026-04-07 13:30:00+00:00,09:30,0.003512226976454258,up,-0.0009954421548172832,0.0010497159091755748,-0.0012774995993822813,0.0013160065282136202,0.002046961337327957,-0.000457780814031139,-0.002150784246623516,-0.0031477748416364193,-0.004515680018812418,-0.004226775374263525,-0.0025494976434856653,0.00021175354777369648,-5.263771890895441e-05,-0.0012793010100722313,-0.0023882135283201933,-0.0028561053331941366,-0.001677092514000833,0.0003918848233297467,-0.0027217292226850986,-0.00370137975551188,-0.004152458161115646,-0.0031521073542535305,-0.0018015204695984721,0.003815015312284231,0.0027750926092267036,0.003512226976454258
WAB,0,2026-04-07 13:30:00+00:00,09:30,0.0034582337830215693,up,0.002840932924300432,0.004796926863491535,0.005006841849535704,0.007602685131132603,0.008904976770281792,0.0063902512192726135,0.00423848070204258,0.005017501767724752,0.004875602200627327,0.004410573281347752,0.0070631192065775394,0.007824944332242012,0.006426045671105385,0.006914400029927492,0.0070819975808262825,0.0062852962873876095,0.006189723499119282,0.006495404522866011,0.005021892953664064,0.005285911727696657,0.004771626554429531,0.0034074815921485424,0.002389512723311782,0.003739233361557126,0.0022757069673389196,0.0034582337830215693
NDSN,0,2026-04-07 13:30:00+00:00,09:30,0.003377302782610059,up,0.0033105015754699707,0.005642056465148926,0.006784812547266483,0.007816379889845848,0.009644260630011559,0.0071676853112876415,0.004293748177587986,0.005113718565553427,0.0030401574913412333,0.003119728295132518,0.004299618769437075,0.005160213448107243,0.003929537255316973,0.0039017798844724894,0.004097350873053074,0.0026293129194527864,0.004267060197889805,0.00331291276961565,0.0032541193068027496,0.002045308705419302,0.0018148390809074044,-0.00011834019096568227,-0.0012147347442805767,0.002233552746474743,0.0010465803788974881,0.003377302782610059
SNA,0,2026-04-07 13:30:00+00:00,09:30,0.0033510986249893904,up,0.0025746237952262163,0.003684844821691513,0.002281780121847987,0.004237626679241657,0.006149139255285263,0.004026111681014299,0.0021573903504759073,0.0018107106443494558,0.0016820449382066727,0.001977071166038513,0.002481193281710148,0.0036829053424298763,0.0037657858338207006,0.003930269740521908,0.0024907318875193596,0.002138193929567933,0.003151646815240383,0.003567787818610668,0.00017636794655118138,-0.00033798249205574393,0.0015127317747101188,-0.0002886253932956606,-0.000784565054345876,0.0020138758700340986,0.0013204620918259025,0.0033510986249893904
GEV,0,2026-04-07 13:30:00+00:00,09:30,0.0033451514318585396,up,-0.00417303154245019,-0.003678462700918317,-0.0037970603443682194,0.0007437767344526947,0.0005454630590975285,-0.0022057280875742435,-0.0025419211015105247,-0.0010612969053909183,-0.003954620566219091,-0.0028514519799500704,0.00037217422504909337,0.0010369878727942705,0.0007867558742873371,0.0010643773712217808,0.0012992898700758815,0.0001800477330107242,0.0017038254300132394,0.002033767756074667,0.0019165858393535018,0.0011364048114046454,-0.0001986683637369424,-0.0027230381965637207,-0.0027806612197309732,0.0003751114127226174,-0.0007262993021868169,0.0033451514318585396
ERIE,0,2026-04-07 13:30:00+00:00,09:30,0.00333319790661335,up,0.005245217587798834,0.00762496143579483,0.005247184075415134,0.00756521662697196,0.008517790585756302,0.006674011237919331,0.0031932475976645947,0.004986045882105827,0.0037704329006373882,0.0021460046991705894,0.005464769434183836,0.008395369164645672,0.004598831292241812,0.0035746535286307335,0.0032362330239266157,0.002600288949906826,0.004987748339772224,0.005350351333618164,0.0049691153690218925,0.00538842286914587,0.003655302105471492,0.0036573640536516905,0.0021254990715533495,0.005751160904765129,0.002265911316499114,0.00333319790661335
DVA,0,2026-04-07 13:30:00+00:00,09:30,0.0032901752274483442,up,0.0010592725593596697,0.0032002804800868034,0.002274436643347144,0.004709589295089245,0.004202322103083134,0.0024691089056432247,0.0013424395583570004,0.0009542849729768932,0.001817515934817493,0.002332074800506234,0.004162156954407692,0.004792179446667433,0.004414604511111975,0.0038089193403720856,0.002955847419798374,0.0027978122234344482,0.003556752111762762,0.0030946657061576843,0.0023689991794526577,0.0033297003246843815,0.0026506511494517326,0.0009699175134301186,0.00047226535389199853,0.0030875469092279673,0.001960479887202382,0.0032901752274483442
AIG,0,2026-04-07 13:30:00+00:00,09:30,0.0032780703622847795,up,0.003879108000546694,0.005592011380940676,0.004676070995628834,0.007129264529794455,0.008860470727086067,0.005286796484142542,0.00237486744299531,0.0025023198686540127,0.004134931601583958,0.0020022359676659107,0.004671463742852211,0.005473097320646048,0.0046114553697407246,0.004975322633981705,0.0038757685106247663,0.002784082666039467,0.004376126453280449,0.004531577695161104,0.003997913096100092,0.00420705322176218,0.0040388768538832664,0.002329136710613966,0.000961179262958467,0.003927566111087799,0.0023320813197642565,0.0032780703622847795
CHTR,0,2026-04-07 13:30:00+00:00,09:30,0.003167230635881424,up,7.060846837703139e-05,0.0013703181175515056,0.0004284729657229036,0.0016228267922997475,4.234749576426111e-05,-0.0021283221431076527,-0.004298127256333828,-0.0033248113468289375,-0.004867788404226303,-0.002894953591749072,-0.0017128812614828348,5.2868454076815397e-05,-0.001435873913578689,-0.0017282007029280066,-0.0019609860610216856,-0.001528136315755546,-0.00043231312884017825,0.0012301354436203837,-0.0008841020171530545,-0.0005019793170504272,-0.0013459648471325636,-0.0024392001796513796,-0.002674536546692252,0.0016932045109570026,0.0005230596289038658,0.003167230635881424
CPAY,0,2026-04-07 13:30:00+00:00,09:30,0.003145412774756551,up,0.0036583018954843283,0.00508303614333272,0.0063174013048410416,0.007517957128584385,0.009373767301440239,0.007726786192506552,0.006238281726837158,0.006142822094261646,0.004070669412612915,0.0031413016840815544,0.006521080154925585,0.006657218560576439,0.00690078642219305,0.006641776766628027,0.005571728106588125,0.004229257348924875,0.006611586548388004,0.005594256799668074,0.0048843189142644405,0.00503039825707674,0.004258666653186083,0.0015443405136466026,0.0002300386840943247,0.0038454802706837654,0.0016747984336689115,0.003145412774756551
DVN,0,2026-04-07 13:30:00+00:00,09:30,0.003142849775031209,up,-0.0035021568182855844,-0.007913853041827679,-0.0075925844721496105,-0.0034972080029547215,-0.003242291510105133,-0.0035068343859165907,-0.003921914845705032,-0.0017094308277592063,-0.004375546704977751,-0.005271784961223602,-0.002863321453332901,-0.0017222411697730422,-0.0022755663376301527,-0.0010877291206270456,-0.0013901925412937999,-0.0034218651708215475,-0.0013834055280312896,0.0005399537039920688,-8.155411705956794e-06,-0.002222267212346196,-0.0013915864983573556,-0.003536387113854289,-0.002854726044461131,0.0017737711314111948,0.0009139496251009405,0.003142849775031209
MPWR,0,2026-04-07 13:30:00+00:00,09:30,0.003125173505395651,up,-0.0027840929105877876,-0.00024275147006846964,-0.002549320925027132,0.0009495834819972515,0.0003079625021200627,-0.0027333295438438654,-0.003753989702090621,-0.0024586643557995558,-0.004681559279561043,-0.002960015321150422,0.0006389697664417326,0.0007993885665200651,0.00023724370112176985,0.0003647254779934883,-0.00012094936391804367,-0.001080699497833848,0.0014763236977159977,0.0019850856624543667,0.0013155725318938494,-0.0003235707408748567,-0.0019663143903017044,-0.003844569204375148,-0.004442467354238033,-0.0002537284744903445,-0.0014638343127444386,0.003125173505395651
MNST,0,2026-04-07 13:30:00+00:00,09:30,0.003123324830085039,up,0.0023598498664796352,0.003516358556225896,0.002482671057805419,0.004800633527338505,0.006804716307669878,0.0035383328795433044,0.001095071667805314,0.0006534128333441913,0.0029991960618644953,0.0008079650579020381,0.0034034571144729853,0.0051704649813473225,0.0036907782778143883,0.004315503872931004,0.003374976571649313,0.0024310536682605743,0.0039264545775949955,0.004518661182373762,0.0024882794823497534,0.003694687271490693,0.002882574684917927,0.0017438471550121903,0.0015045091276988387,0.004705061204731464,0.002503972267732024,0.003123324830085039
CAT,0,2026-04-07 13:30:00+00:00,09:30,0.003085031174123287,up,-0.0034086271189153194,-0.0028294434305280447,-0.0027304906398057938,0.0008487027953378856,0.0014778758632019162,-0.0005327399703674018,-0.001797130680643022,-0.0012044342001900077,-0.0033958235289901495,-0.0021074404940009117,0.0004566697753034532,0.0010424014180898666,0.000817354884929955,0.000407170329708606,0.0007547339191660285,-0.0002192071551689878,0.0017568371258676052,0.0022298034746199846,0.0022105551324784756,0.0009894369868561625,-0.0005176691338419914,-0.002972452901303768,-0.003029612824320793,0.0003227381967008114,-0.0007735600811429322,0.003085031174123287
SBAC,0,2026-04-07 13:30:00+00:00,09:30,0.003038697876036167,up,0.00018025794997811317,-0.0019537729676812887,-0.004157130140811205,0.0016642161644995213,-0.0024570950772613287,-0.006400098092854023,-0.009632494300603867,-0.008156443946063519,-0.011586256325244904,-0.013407600112259388,-0.012769162654876709,-0.01143612340092659,-0.014301122166216373,-0.013964547775685787,-0.01678057387471199,-0.01453171856701374,-0.012751604430377483,-0.011349478736519814,-0.012286197394132614,-0.009025618433952332,-0.006638725288212299,-0.009083084762096405,-0.005456848535686731,-0.00027705650427378714,-0.0010582935065031052,0.003038697876036167
ESS,0,2026-04-07 13:30:00+00:00,09:30,0.002993317786604166,up,0.003439396619796753,0.005674367770552635,0.007328978274017572,0.007709698751568794,0.009119478054344654,0.006901320535689592,0.005832727067172527,0.005147993098944426,0.005419107619673014,0.005737075116485357,0.007655855268239975,0.008145648054778576,0.00734564196318388,0.007366970181465149,0.006907118018716574,0.006384675391018391,0.006863086950033903,0.007789869327098131,0.006096950266510248,0.006966063287109137,0.005465525668114424,0.0036188559606671333,0.0023386783432215452,0.004481413401663303,0.0018499410944059491,0.002993317786604166
IBM,0,2026-04-07 13:30:00+00:00,09:30,0.0029369108378887177,up,-0.003734831465408206,0.00032467246637679636,-0.0012975074350833893,0.0005840812809765339,0.0009741569519974291,-0.0008421473321504891,-0.0028474375139921904,-0.0016374002443626523,-0.002259884960949421,-0.0012642421061173081,0.0013869970571249723,0.0030395283829420805,0.0014340223278850317,0.0002637222351040691,0.0010384120978415012,0.001206295331940055,0.0017418613424524665,0.0033986945636570454,0.0019337966805323958,0.0021935170516371727,0.00138481252361089,-0.0005306325037963688,-0.0013294452801346779,0.0008035393548198044,0.0009673291351646185,0.0029369108378887177
CSGP,0,2026-04-07 13:30:00+00:00,09:30,0.00293553015217185,up,-0.0001036364701576531,0.006660092622041702,0.001114133046939969,0.0021831158082932234,-0.0004967558779753745,-0.0010503698140382767,-0.003783570136874914,-0.000368151580914855,0.0001910653372760862,-0.0018323196563869715,-0.0009944081539288163,-0.0019131606677547097,-0.002503091935068369,-0.0023343833163380623,0.00013529998250305653,-0.0011765030212700367,0.0008688590605743229,0.0001340667949989438,-0.00025655387435108423,0.00045935786329209805,0.0012977119768038392,6.26925757387653e-05,0.000797378015704453,0.0049233403988182545,0.00234528467990458,0.00293553015217185
REG,0,2026-04-07 13:30:00+00:00,09:30,0.0029236741829663515,up,0.002946540480479598,0.004607313312590122,0.0042413463816046715,0.005629646126180887,0.007438097149133682,0.004225654061883688,0.0033482383005321026,0.003776495112106204,0.0044472734443843365,0.0035557374358177185,0.005756411701440811,0.00578848272562027,0.006063177715986967,0.00514265289530158,0.004754896275699139,0.004141231998801231,0.005308488849550486,0.006072198040783405,0.005226545501500368,0.005305382888764143,0.004504946060478687,0.0027376459911465645,0.0023398064076900482,0.0050392975099384785,0.003169551258906722,0.0029236741829663515
LIN,0,2026-04-07 13:30:00+00:00,09:30,0.0028950239066034555,up,-0.0035774209536612034,-0.0020654292311519384,-0.0037927725352346897,7.779145380482078e-05,0.0011011612368747592,-0.0012994733406230807,-0.0027501401491463184,-0.003644051030278206,-0.0052940016612410545,-0.003870018757879734,-0.0013115319889038801,0.0003512185940053314,0.00012233223242219537,-0.0006883011665195227,-0.00045656051952391863,-0.0007397202425636351,0.0007109185098670423,0.0010381877655163407,0.0014441313687711954,0.00013401368050836027,-0.0003780225815717131,-0.003937889821827412,-0.0036923778243362904,-0.00118546886369586,-0.0013289108173921704,0.0028950239066034555
IDXX,0,2026-04-07 13:30:00+00:00,09:30,0.002887634327635169,up,0.0013676265953108668,0.00295135541819036,0.0019017658196389675,0.004322652239352465,0.004801490809768438,0.003280816599726677,0.0014243851182982326,0.0010533949825912714,-0.000757279631216079,0.000724824087228626,0.003094826824963093,0.003132085781544447,0.00337962550111115,0.0029528369195759296,0.0021875323727726936,0.00178966682869941,0.0029225440230220556,0.002885282039642334,0.0027457335963845253,0.0019021928310394287,0.0009673184249550104,-0.0013410634128376842,-0.0013462797505781054,0.0016023335047066212,0.00017766570090316236,0.002887634327635169
GCUSD,0,2026-04-07 13:30:00+00:00,09:30,0.0028305398300290108,up,-0.00041764535126276314,-0.0004173158959019929,-0.001510761445388198,0.0011242709588259459,0.003071641083806753,0.0008880597306415439,0.0006157910684123635,0.0001428791874786839,-0.0016830003587529063,-0.00048391701420769095,0.0013508094707503915,0.0018441801657900214,0.0020628822967410088,0.0015178854810073972,0.0011849910952150822,0.0001330755476374179,0.0021153788547962904,0.0023060529492795467,0.002454053610563278,0.0018105263588950038,0.0003586335515137762,-0.0017871502786874771,-0.0024749762378633022,0.0013956507900729775,-0.0005622663302347064,0.0028305398300290108
KR,0,2026-04-07 13:30:00+00:00,09:30,0.0027507846243679523,up,0.0015588212991133332,0.0027867534663528204,0.0018235123716294765,0.005289630498737097,0.00627534557133913,0.003065525321289897,0.0004055991303175688,0.0010912148281931877,0.0021327275317162275,0.0009090436506085098,0.0028243539854884148,0.005368409212678671,0.004159341100603342,0.004537595435976982,0.00393267348408699,0.0028932965360581875,0.003564466955140233,0.003533403156325221,0.0023414702154695988,0.0037371760699898005,0.0028217951767146587,0.0011024931445717812,6.224866228876635e-05,0.002069366630166769,-0.000644212297629565,0.0027507846243679523
META,0,2026-04-07 13:30:00+00:00,09:30,0.002717674244195223,up,-0.0021439401898533106,-0.004133802372962236,-0.003807091386988759,-0.0005645164055749774,-0.0007315092370845377,-0.005177585408091545,-0.0060040391981601715,-0.004876861348748207,-0.006462350487709045,-0.004362175706773996,-0.0014185894979164004,-0.0010288638295605779,-0.002080908976495266,-0.001313700689934194,-0.0007498246268369257,-0.00137813831679523,-0.0006278767250478268,-0.0027609174139797688,-0.0014212478417903185,-0.001063400530256331,-0.004222769755870104,-0.008330817334353924,-0.006369827780872583,-0.0017187395133078098,-0.0030571732204407454,0.002717674244195223
GS,0,2026-04-07 13:30:00+00:00,09:30,0.0025755055248737335,up,-0.0013950146967545152,0.0005823862738907337,-0.0007910899585112929,0.0027160467579960823,0.002989348955452442,-0.00036465117591433227,-0.0011445214040577412,0.0006041764281690121,-0.0016214341158047318,-0.0013261624844744802,0.0008680617902427912,0.0016806096537038684,0.0010785345220938325,0.0012489320943132043,0.0013151417952030897,-7.62333074817434e-05,0.001477713929489255,0.0009376544621773064,0.001748083159327507,0.0007727118209004402,-0.0004247754404786974,-0.00247037666849792,-0.0032191823702305555,0.00033295806497335434,-0.0014360621571540833,0.0025755055248737335
LII,0,2026-04-07 13:30:00+00:00,09:30,0.0025333052035421133,up,-0.002608583075925708,0.0009622909128665924,-0.002429309533908963,0.0010272725485265255,-0.0006084598135203123,-0.0032161774579435587,-0.0040796916000545025,-0.004075999837368727,-0.005828079767525196,-0.006573323160409927,-0.00273167178966105,-0.0013773137470707297,-0.0032376209273934364,-0.004258130211383104,-0.0035932683385908604,-0.005255046300590038,-0.0033681609202176332,-0.002240163506940007,-0.0027416464872658253,-0.0035211059730499983,-0.0022716280072927475,-0.004731183871626854,-0.004301793407648802,0.00013513711746782064,-0.0011526005109772086,0.0025333052035421133
LH,0,2026-04-07 13:30:00+00:00,09:30,0.002528388751670718,up,0.0022735476959496737,0.0017506611766293645,0.0006431632791645825,0.0027659216430038214,0.0002846575516741723,-0.003942044917494059,-0.007963159121572971,-0.0058950032107532024,-0.006622892804443836,-0.0066928318701684475,-0.004621913190931082,-0.0022439113818109035,-0.0020058113150298595,-0.0023608687333762646,-0.003908869344741106,-0.004479253198951483,-0.0002842343819793314,-0.0016913543222472072,-0.0029153076466172934,-0.0015295237535610795,-0.00293055665679276,-0.00694448733702302,-0.0061720493249595165,-0.0006918121944181621,-0.004971672780811787,0.002528388751670718
FDS,0,2026-04-07 13:30:00+00:00,09:30,0.0025203069671988487,up,0.0013611875474452972,0.002363941865041852,0.0003298209048807621,0.0021879696287214756,5.3813797421753407e-05,-0.0023669430520385504,-0.003762445878237486,-0.002439212054014206,-0.003025439102202654,-0.002302510431036353,-0.00030705315293744206,0.0010119389044120908,0.0003150390402879566,0.000352554430719465,-0.00029518594965338707,-0.001815892057493329,0.0019964692182838917,0.0016999836079776287,0.0010585986310616136,8.704870560904965e-05,-0.0012750894529744983,-0.0032552832271903753,-0.0034730362240225077,0.0009849141351878643,-0.001931348000653088,0.0025203069671988487
INTU,0,2026-04-07 13:30:00+00:00,09:30,0.0025076086167246103,up,-0.004143371246755123,-0.0010989467846229672,-0.005928505212068558,-0.0032134505454450846,-0.007546985987573862,-0.009311082772910595,-0.011765705421566963,-0.007110042497515678,-0.007889504544436932,-0.006604963913559914,-0.006787473801523447,-0.005074269603937864,-0.004313299898058176,-0.008798073045909405,-0.011722400784492493,-0.012417184188961983,-0.00723663717508316,-0.00590919703245163,-0.00636835303157568,-0.010521179996430874,-0.01517834048718214,-0.013366378843784332,-0.01413088571280241,-0.011986286379396915,-0.016036082059144974,0.0025076086167246103
EQIX,0,2026-04-07 13:30:00+00:00,09:30,0.0025073280557990074,up,-0.0011411041487008333,-0.0007398364250548184,-0.0025307536125183105,0.00013181488611735404,-0.0011582707520574331,-0.004018645267933607,-0.004066517576575279,-0.00409125117585063,-0.006646446418017149,-0.004489874001592398,-0.0022038992028683424,-9.689338185125962e-05,-0.00154995231423527,-0.0013911976711824536,-0.0018877495313063264,-0.0033576912246644497,-0.00025684156571514904,-0.000548230018466711,-0.0005177305429242551,-0.0004334081313572824,-0.0005560436984524131,-0.0029420554637908936,-0.003275633556768298,-0.0007223832653835416,-0.002342118648812175,0.0025073280557990074
ISRG,0,2026-04-07 13:30:00+00:00,09:30,0.0024969936348497868,up,-0.0027702664956450462,0.0001542067911941558,-0.0021429979242384434,0.0017281720647588372,-0.0002975950192194432,-0.002622163388878107,-0.0030520493164658546,-0.0012892980594187975,-0.0024488093331456184,-0.0023461608216166496,0.0007854755967855453,0.0009376623202115297,0.0003087635850533843,-0.00041842524660751224,-0.0007794842822477221,-0.0011466442374512553,-0.0003867093182634562,0.00037847107159905136,-0.00014255766291171312,-0.000784454750828445,-0.0010752227390184999,-0.0036786252167075872,-0.0031002231407910585,0.0002093863586196676,-0.0015127495862543583,0.0024969936348497868
UHS,0,2026-04-07 13:30:00+00:00,09:30,0.002494093496352434,up,-0.000517631066031754,0.0004144273407291621,-0.0006700202939100564,0.0016118788626044989,0.0008660232997499406,-0.00017007208953145891,-0.0025558373890817165,-0.001743309199810028,-0.001544460072182119,-0.001235096831806004,0.0011561056599020958,0.0021571076940745115,0.0013916227035224438,0.0020765906665474176,0.0015476900152862072,0.0005461808759719133,0.0030765151605010033,0.003255274146795273,0.002349250018596649,0.002438378520309925,0.0018352065235376358,-0.0014278767630457878,-0.0011797568295150995,0.002942873165011406,0.0012138164602220058,0.002494093496352434
HAS,0,2026-04-07 13:30:00+00:00,09:30,0.002447013510391116,up,0.001153386663645506,0.0031922159250825644,0.0018601124174892902,0.0026011283043771982,0.0017851258162409067,0.00010431928239995614,-0.0035799036268144846,-0.0023648932110518217,-0.0025011778343468904,-0.002190002938732505,0.0002808269637171179,0.0009981386829167604,0.0006769754108972847,0.0017832585144788027,0.0017047738656401634,0.0012302433606237173,0.0025413299445062876,0.002587071619927883,0.0020475490018725395,0.0021125294733792543,0.00200841436162591,0.0009555744472891092,-0.000509181700181216,0.0029043967369943857,0.0005510564078576863,0.002447013510391116
EW,0,2026-04-07 13:30:00+00:00,09:30,0.0024453510995954275,up,-0.000454114779131487,0.002253750804811716,-0.0010741661535575986,0.0026191798970103264,0.002551876474171877,0.0018707300769165158,-0.0005624389741569757,-0.00018212012946605682,0.0018683093367144465,-9.476387640461326e-05,0.002438916824758053,0.0026824362576007843,0.0032298844307661057,0.00464983843266964,0.0041470956057310104,0.0029320726171135902,0.003685073694214225,0.0019371138187125325,0.0024044739548116922,0.0022443674970418215,0.002935968805104494,0.0005917981616221368,3.360721893841401e-05,0.0022475188598036766,0.001372569240629673,0.0024453510995954275
HSY,0,2026-04-07 13:30:00+00:00,09:30,0.002408731495961547,up,-0.0018135973950847983,0.001127936178818345,0.0012317383661866188,0.0017646419582888484,0.0030420306138694286,0.0013823092449456453,-0.0015536000719293952,-0.0017039162339642644,-0.002555482555180788,-0.000279084371868521,0.0007829269161447883,0.0013307937188073993,0.0009859168203547597,0.0013403912307694554,0.0018965036142617464,0.0013452698476612568,0.0030176781583577394,0.0030971586238592863,0.002218889305368066,0.0019526432733982801,0.001465104753151536,0.00019520189380273223,-0.0006589902332052588,0.0013045446248725057,-0.00013872570707462728,0.002408731495961547
SNPS,0,2026-04-07 13:30:00+00:00,09:30,0.0024061675649136305,up,0.0018050729995593429,0.0032999380491673946,0.002482735551893711,0.004543707240372896,0.0037787524051964283,0.000897619582246989,-0.0009864772437140346,-0.00010238191316602752,-0.001807109103538096,-0.00014434382319450378,0.00040575748425908387,0.0014713964192196727,0.0014664930058643222,0.0025132729206234217,0.0012232469161972404,-0.0001700908032944426,0.0020526438020169735,0.0005028685554862022,-0.001949964207597077,-0.0021716782357543707,-0.000830005097668618,-0.0011775412131100893,0.0018010805360972881,0.005198275204747915,0.004149943124502897,0.0024061675649136305
PNR,0,2026-04-07 13:30:00+00:00,09:30,0.0023826982360333204,up,0.0021120994351804256,0.004261528607457876,0.0021297961939126253,0.004085079301148653,0.004957394674420357,0.003037070855498314,2.876205871871207e-05,0.0004123930411878973,0.00021366159489843994,-0.000720581563655287,0.000765789533033967,0.0021245223470032215,0.00037628840073011816,-0.00040867275674827397,0.000536216888576746,9.82950150500983e-05,0.0012261883821338415,0.000658904667943716,-0.000368509121472016,0.0015536305727437139,0.0005263790371827781,-0.0015409615589305758,-0.0013709372142329812,0.0022404107730835676,0.0011060209944844246,0.0023826982360333204
MLM,0,2026-04-07 13:30:00+00:00,09:30,0.002322007203474641,up,0.00014956625818740577,0.0019761996809393167,-9.416184184374288e-05,0.002234861021861434,0.0026454092003405094,0.0004996599745936692,-0.0013188807060942054,-0.00014961676788516343,-0.003196990815922618,-0.002912073163315654,-0.001145710819400847,0.0006251410231925547,-0.0004279626009520143,-0.000517164939083159,-0.00014574298984371126,-0.0012838179245591164,0.000362165505066514,0.00020470160234253854,-0.0008870522142387927,-0.0006283088587224483,-0.0013102457160130143,-0.0031483662314713,-0.004175066016614437,-0.001329733757302165,-0.003062513656914234,0.002322007203474641
FDX,0,2026-04-07 13:30:00+00:00,09:30,0.0023212318774312735,up,-0.0007812831900082529,-0.000251321675023064,-0.0013541963417083025,0.0013332933885976672,0.0026871718000620604,-0.0003273915499448776,-0.0011432379251345992,-0.0030576528515666723,-0.005267340689897537,-0.003310750238597393,-0.0014745300868526101,0.00031647770083509386,-0.00042892477358691394,-0.001500378712080419,-0.0017189171630889177,-0.0024169478565454483,-0.0014218296855688095,-0.0004631342308130115,-0.0018521974561735988,-0.0018956157146021724,-0.0009040616569109261,-0.004556593950837851,-0.0033568385988473892,8.294086728710681e-05,-0.0018218207405880094,0.0023212318774312735
HSIC,0,2026-04-07 13:30:00+00:00,09:30,0.002314245793968439,up,0.002401261357590556,0.004461180884391069,0.0025017322041094303,0.0046136267483234406,0.004836034495383501,0.001968281576409936,-6.095529897720553e-06,0.0017246826319023967,0.0009738515946082771,0.0010712504154071212,0.0030617346055805683,0.003056272631511092,0.0035386316012591124,0.003132418030872941,0.0024371601175516844,0.0015983976190909743,0.003032146720215678,0.0032957366202026606,0.00315214809961617,0.0026570612099021673,0.002032011980190873,0.00028731601196341217,0.0009448825148865581,0.0047658225521445274,0.0017878713551908731,0.002314245793968439
CF,0,2026-04-07 13:30:00+00:00,09:30,0.0022846139036118984,up,0.001220647245645523,0.0028766412287950516,-0.0035813632421195507,0.0019463363569229841,-0.0004461726639419794,0.0003812258946709335,-0.0005154223181307316,-0.002022321103140712,-0.003911392763257027,-0.003300123382359743,0.0023348175454884768,0.003373230341821909,0.0035049791913479567,0.0024689026176929474,0.002655590418726206,0.0012139648897573352,0.002409116830676794,0.0027028988115489483,0.0017476024804636836,-0.0007812605472281575,-0.0032959862146526575,-0.0060019223019480705,-0.004872258752584457,-0.0013638853561133146,-0.0027234663721174,0.0022846139036118984
HUBB,0,2026-04-07 13:30:00+00:00,09:30,0.002219895599409938,up,0.0009704386466182768,0.003557540476322174,0.0025659927632659674,0.004675466101616621,0.0060589308850467205,0.004544831812381744,0.002554895356297493,0.001985766226425767,-0.000285565503872931,0.0008230128441937268,0.0026807670947164297,0.0030916938558220863,0.0029880348592996597,0.002324542263522744,0.0026737311854958534,0.001788789639249444,0.003180829342454672,0.003539942903444171,0.0024423336144536734,0.002246389864012599,0.001146147958934307,-0.0012022139271721244,-0.0015708195278421044,0.0014425419503822923,2.866023532988038e-05,0.002219895599409938
CMI,0,2026-04-07 13:30:00+00:00,09:30,0.0022025834769010544,up,-0.0025025808718055487,0.000847978051751852,-0.0021853968501091003,0.0017787405522540212,0.0022755463141947985,7.013004506006837e-07,-0.0016621416434645653,-0.0014468777226284146,-0.004204693716019392,-0.0026453956961631775,-5.057049565948546e-05,0.0008714810246601701,0.0006891852826811373,0.00023196592519525439,0.0007668017060495913,-0.00019301603606436402,0.0017395508475601673,0.0018458451377227902,0.0010006538359448314,-0.00017116099479608238,-0.0013354512630030513,-0.003573730355128646,-0.003805380780249834,-0.0007627828163094819,-0.0020010669250041246,0.0022025834769010544
FTNT,0,2026-04-07 13:30:00+00:00,09:30,0.002181727671995759,up,-0.0009784154826775193,0.0026623308658599854,-6.435042450902984e-05,0.0034106620587408543,0.0017244280315935612,0.0011442418908700347,-0.0006339189712889493,0.0005876150680705905,0.002219915622845292,0.001613179105333984,0.002849956974387169,0.004484232515096664,0.0050087240524590015,0.005371139384806156,0.004609714262187481,0.004243116360157728,0.0049274032935500145,0.004381457343697548,0.004101501777768135,0.004033172503113747,0.004234508145600557,0.0024406122975051403,0.002234195824712515,0.004062052350491285,0.000730080297216773,0.002181727671995759
TROW,0,2026-04-07 13:30:00+00:00,09:30,0.0021461881697177887,up,0.0014400230720639229,0.0030883413273841143,0.0010824603959918022,0.002843544352799654,0.0030016060918569565,0.0007336873677559197,-0.0025251624174416065,-0.0010983829852193594,-0.0014725938672199845,-0.0007792023243382573,0.0006059756851755083,0.0017823482630774379,0.0016787669155746698,0.0014504356076940894,0.001557850162498653,0.0006892426172271371,0.0022234595380723476,0.0025114777963608503,0.0016658427193760872,0.0024626143276691437,0.002338971709832549,0.0006839975249022245,-0.000246360432356596,0.002888028509914875,0.001581889926455915,0.0021461881697177887
APTV,0,2026-04-07 13:30:00+00:00,09:30,0.00213892781175673,up,-0.0034227350261062384,-0.00219195825047791,-0.003340591210871935,-0.0022545058745890856,-0.004938849713653326,-0.0066111427731812,-0.009953406639397144,-0.008231742307543755,-0.007648583967238665,-0.011965411715209484,-0.00837792083621025,-0.006563985720276833,-0.005220022052526474,-0.0016209938330575824,-0.003853786736726761,-0.004714017268270254,-0.001170064089819789,-0.0022114424500614405,-0.001860260614193976,-0.004273637663573027,-0.0031779834534972906,-0.00535472622141242,-0.005005254875868559,0.0015197164611890912,-0.0011060463730245829,0.00213892781175673
RVTY,0,2026-04-07 13:30:00+00:00,09:30,0.002129227388650179,up,0.0030649350956082344,0.004722753539681435,0.0032568781170994043,0.004363539163023233,0.005391409154981375,0.0025067974347621202,0.0006300632376223803,0.0009786755545064807,0.000361186102963984,0.00035692148958332837,0.0027145494241267443,0.0036296620965003967,0.003052991349250078,0.0027349444571882486,0.0030301350634545088,0.00251957681030035,0.003339174436405301,0.0036807546857744455,0.0026015930343419313,0.002835918916389346,0.002917289035394788,0.0017324775690212846,0.00026535423239693046,0.003845181316137314,0.0014961566776037216,0.002129227388650179
NI,0,2026-04-07 13:30:00+00:00,09:30,0.0021020674612373114,up,-0.0009155316511169076,0.002183578908443451,0.0005069570615887642,0.0030836625955998898,0.002727376762777567,0.002147108083590865,-0.0009348494932055473,-7.21162541594822e-06,0.0008216239511966705,0.0015776418149471283,0.0036272683646529913,0.00274793547578156,0.0028661657124757767,0.0033322651870548725,0.0022078389301896095,0.0013245142763480544,0.0032923873513936996,0.002867293544113636,0.002573576522991061,0.0025513749569654465,0.0018997214501723647,0.0005481530097313225,-0.0011464993003755808,0.0027975761331617832,0.0018447814509272575,0.0021020674612373114
AMZN,0,2026-04-07 13:30:00+00:00,09:30,0.002031466457992792,up,-0.0037838497664779425,-0.005395298823714256,-0.007339534815400839,-0.006606385577470064,-0.007970505394041538,-0.009226970374584198,-0.011025166139006615,-0.00965147279202938,-0.010941344313323498,-0.0068625821731984615,-0.006606565788388252,-0.004652591422200203,-0.005886951927095652,-0.005643371492624283,-0.004186964128166437,-0.003567138919606805,-0.002572963247075677,-0.002726956969127059,-0.0012083244509994984,-0.0027381484396755695,-0.003832261310890317,-0.0053038690239191055,-0.00461149075999856,-0.002214768435806036,0.0009778548264876008,0.002031466457992792
TRGP,0,2026-04-07 13:30:00+00:00,09:30,0.0020294669084250927,up,0.0028726377058774233,0.002996147144585848,0.0019083386287093163,0.0034128439147025347,0.0045410143211483955,0.003682022215798497,0.0011077116942033172,0.00538000650703907,0.0037348680198192596,0.006470953579992056,0.012200731784105301,0.010298018343746662,0.007882724516093731,0.01016201265156269,0.006881065666675568,0.006145897787064314,0.0075281658209860325,0.006190040148794651,0.0057503413408994675,0.005960057023912668,0.004582472611218691,0.005799209699034691,0.005787840578705072,0.007415540050715208,0.003921665251255035,0.0020294669084250927
MAR,0,2026-04-07 13:30:00+00:00,09:30,0.0019835480488836765,up,-0.0012025462929159403,0.001198265701532364,-0.0004869991389568895,0.0020556177478283644,0.0018764440901577473,-0.0005616471171379089,-0.002430678578093648,-0.0032810689881443977,-0.005783152766525745,-0.0047166128642857075,-0.003305713413283229,-0.0007013786816969514,-0.0020111610647290945,-0.0027863318100571632,-0.0032459371723234653,-0.0035820731427520514,-0.0017128882464021444,-0.0009815751109272242,-0.002324987668544054,-0.002254233695566654,-0.0009944960474967957,-0.005395572632551193,-0.004486954305320978,-0.0003420921857468784,-0.0023213003296405077,0.0019835480488836765
UDR,0,2026-04-07 13:30:00+00:00,09:30,0.0019781922455877066,up,0.0024551493115723133,0.005971027538180351,0.004986441228538752,0.007266557309776545,0.004918557126075029,0.004135953728109598,0.0032229716889560223,0.005794401280581951,0.0036397266667336226,0.004755085799843073,0.0062096635811030865,0.005482687149196863,0.004211263731122017,0.003574506612494588,0.004656421020627022,0.004716087598353624,0.0055112531408667564,0.006013680249452591,0.005158761981874704,0.003910204395651817,0.0041071148589253426,0.002342935185879469,0.0012720698723569512,0.0029886197298765182,0.000927237153518945,0.0019781922455877066
FITB,0,2026-04-07 13:30:00+00:00,09:30,0.00197342480532825,up,-0.0007096557528711855,0.002437930554151535,0.001376558793708682,0.0027944922912865877,0.0030757247004657984,0.0023749477695673704,-0.0002180631272494793,0.0003026398771908134,0.0016626679571345448,0.0011150913778692484,0.0020629612263292074,0.002244404284283519,0.0014357323525473475,0.002082311548292637,0.0023158618714660406,0.0019488667603582144,0.0029232001397758722,0.0025540408678352833,0.0025987776461988688,0.0024564722552895546,0.002723510144278407,0.0017631311202421784,0.0016417226288467646,0.004284385591745377,0.001546133542433381,0.00197342480532825
BLK,0,2026-04-07 13:30:00+00:00,09:30,0.0019530376885086298,up,-0.003230644389986992,-0.000602620595600456,-0.0035032685846090317,0.000453528220532462,0.0003557463060133159,-0.0017166204052045941,-0.003053276566788554,-0.0019730310887098312,-0.004905893467366695,-0.002390369074419141,0.0003706516290549189,0.0006461151642724872,0.0007754075923003256,0.0005028611631132662,0.0006493073888123035,-0.0006665067048743367,0.0014160950668156147,0.0016437259037047625,0.0011391424341127276,-0.00017326771921943873,-0.0009252367890439928,-0.002939708763733506,-0.003383101662620902,6.275174382608384e-05,-0.0012734930496662855,0.0019530376885086298
ODFL,0,2026-04-07 13:30:00+00:00,09:30,0.0019378596916794777,up,-0.0029995611403137445,-0.004634395241737366,-0.005602601915597916,-0.003241840749979019,-0.002888417337089777,-0.007573856972157955,-0.008403265848755836,-0.006409456487745047,-0.009787279181182384,-0.007655259687453508,-0.005876470357179642,-0.003705528099089861,-0.0059579466469585896,-0.004189167637377977,-0.006877720821648836,-0.006565523333847523,-0.004264158196747303,-0.004211246035993099,-0.0061112018302083015,-0.006285690702497959,-0.007139901630580425,-0.007623942103236914,-0.00756798917427659,-0.0012819463154301047,-0.0019608433358371258,0.0019378596916794777
IR,0,2026-04-07 13:30:00+00:00,09:30,0.00190744420979172,up,0.00026520792744122446,0.0023814132437109947,0.0007398545276373625,0.002044934779405594,0.0012862628791481256,-0.0021132531110197306,-0.004523987881839275,-0.0021522443275898695,-0.0021907782647758722,-0.0021520929876714945,-0.00019877019803971052,0.001444558147341013,0.0005470794276334345,0.0017616653349250555,0.0019296001410111785,0.0012954950798302889,0.0028771813958883286,0.0027948152273893356,0.002198526868596673,0.002134808572009206,0.0009415245149284601,-0.0010300232097506523,-0.0018110099481418729,0.0016139079816639423,-0.0004204084980301559,0.00190744420979172
CVX,0,2026-04-07 13:30:00+00:00,09:30,0.001880121766589582,up,-0.0065671587362885475,-0.008672880940139294,-0.012200668454170227,-0.006324887741357088,-0.006423529237508774,-0.01001161802560091,-0.007703190203756094,-0.0067821647971868515,-0.008248470723628998,-0.007086991332471371,-0.004469229374080896,-0.004197645001113415,-0.004882092121988535,-0.005290407687425613,-0.004047652240842581,-0.005002649500966072,-0.0024234959855675697,-0.0021524287294596434,-0.0030603772029280663,-0.0055012465454638,-0.008313831873238087,-0.010523812845349312,-0.007584558334201574,-0.0038175517693161964,-0.0031408111099153757,0.001880121766589582
EXC,0,2026-04-07 13:30:00+00:00,09:30,0.0018149438546970487,up,-0.003153117373585701,0.0007066766847856343,3.607737380662002e-05,0.0015034388052299619,0.0026750597171485424,0.00247083674184978,-0.0001392766716890037,0.0006945926579646766,0.0022476804442703724,0.001511560520157218,0.00290671456605196,0.002368943765759468,0.0012227814877405763,0.0022691693156957626,0.002374802017584443,0.0014314083382487297,0.003227630164474249,0.002675986848771572,0.0024393664207309484,0.002827587304636836,0.0026002831291407347,0.000966541760135442,0.0013303537853062153,0.003567247185856104,0.002226051641628146,0.0018149438546970487
UBER,0,2026-04-07 13:30:00+00:00,09:30,0.0018097191350534558,up,0.0015098509611561894,0.002694984432309866,0.0007345521589741111,0.0032946476712822914,0.0028125951066613197,-0.0007346947095356882,-4.706116669694893e-06,0.00027622576453723013,-0.0029011175502091646,-0.00039582722820341587,0.0030046876054257154,0.0011105559533461928,0.0024911577347666025,0.0007291008369065821,0.00214579445309937,-0.0010511334985494614,0.0005419831140898168,-0.0009770658798515797,0.0001676047540968284,0.0020447426941245794,0.002495663706213236,-0.002547201933339238,-0.0014175329124554992,0.0001842280908022076,-0.001307331956923008,0.0018097191350534558
REGN,0,2026-04-07 13:30:00+00:00,09:30,0.0017486053984612226,up,-0.004190538078546524,-0.0017034185584634542,-0.004174213856458664,-0.0003455019323155284,0.0014757600147277117,-0.0008243750198744237,-0.003200789913535118,-0.003753598080947995,-0.006355620454996824,-0.004654768854379654,-0.0021740361116826534,-0.0005397844943217933,-0.0010772404493764043,-0.0018403086578473449,-0.0015587956877425313,-0.002948526758700609,-0.0013532097218558192,-0.00042394615593366325,-0.0004852878919336945,-0.0012341149849817157,-0.001678568427450955,-0.004339668434113264,-0.0047784303314983845,-0.0015812392812222242,-0.002035536104813218,0.0017486053984612226
WFC,0,2026-04-07 13:30:00+00:00,09:30,0.00174615066498518,up,-0.001221213722601533,0.0008701194310560822,-0.0024371310137212276,0.000925202970393002,0.0007313363021239638,0.0007152603357098997,-0.0005682394839823246,-0.0006666852277703583,-0.00046071375254541636,-0.0010573588078841567,-8.279293251689523e-05,0.0010811600368469954,0.0008345272508449852,0.001884525641798973,0.0017569261835888028,0.0008517696987837553,0.0011079427786171436,0.000753682223148644,0.0010752007365226746,0.0011791702127084136,0.0009763494017533958,8.715499461686704e-06,0.00032424437813460827,0.002823746530339122,0.0008809491991996765,0.00174615066498518
ROL,0,2026-04-07 13:30:00+00:00,09:30,0.0017392822774127126,up,-0.0006951334653422236,0.0013867344241589308,0.0008839436923153698,0.004284660331904888,0.0031654455233365297,0.0026032249443233013,0.0009726844727993011,0.000288960465695709,0.002757411915808916,0.0026194858364760876,0.004461118020117283,0.006118801888078451,0.004486178047955036,0.0040601580403745174,0.004947890993207693,0.0029075825586915016,0.005006218794733286,0.005531571805477142,0.004547861870378256,0.004888986703008413,0.005133593454957008,0.003025132929906249,0.0022241489496082067,0.005339630413800478,0.00404666131362319,0.0017392822774127126
AIZ,0,2026-04-07 13:30:00+00:00,09:30,0.0017025804845616221,up,0.0022704079747200012,0.004751367028802633,0.004165490623563528,0.006067818962037563,0.0064343418926000595,0.004082529339939356,0.002415388124063611,0.002485385164618492,0.001983306370675564,0.0022365262266248465,0.0042833308689296246,0.004100305028259754,0.003751307725906372,0.003849311964586377,0.0033934777602553368,0.002191968262195587,0.004372983239591122,0.0036345375701785088,0.0032706097699701786,0.002901738043874502,0.0027164085768163204,0.00037727999733760953,-0.000270479591563344,0.0024944068863987923,0.001043227151967585,0.0017025804845616221
NTRS,0,2026-04-07 13:30:00+00:00,09:30,0.001696492894552648,up,-0.0004634323122445494,0.0012443935265764594,-0.0008912885095924139,0.002371094422414899,0.0032312602270394564,0.0008159579592756927,-0.0017090023029595613,0.00015991537657100707,-0.0009372490458190441,-0.0005079057300463319,0.0007674457738175988,0.0023212141823023558,0.0020682490430772305,0.0024242897052317858,0.0019020839827135205,0.0006619570776820183,0.0028793993405997753,0.0026362924836575985,0.0021178435999900103,0.0014882632531225681,0.00041028624400496483,-0.0007727282354608178,-0.0012203275691717863,0.002752949483692646,0.001057324931025505,0.001696492894552648
BDX,0,2026-04-07 13:30:00+00:00,09:30,0.0016734976088628173,up,0.001894078915938735,0.003465729532763362,0.00040460185846313834,0.0034505014773458242,0.003174345940351486,0.000174756147316657,-0.0017386535182595253,-0.0010593837359920144,-0.00043523297063075006,5.33205529791303e-05,0.0014169820351526141,0.0017981571145355701,0.0003678079810924828,0.0014952654018998146,-0.0006818145629949868,-0.00038709386717528105,0.0011362191289663315,0.0002534246305003762,-0.0006096315919421613,-0.001999850384891033,-0.0020507180597633123,-0.003919678740203381,-0.00273566460236907,3.016796472365968e-05,-0.003529601264744997,0.0016734976088628173
CSX,0,2026-04-07 13:30:00+00:00,09:30,0.00162025005556643,up,0.000874086283147335,0.0030521980952471495,0.0035598634276539087,0.0033609189558774233,0.0013584616826847196,0.0011037725489586592,-0.0009046632330864668,-0.0012145148357376456,-0.0010702850995585322,-0.0005852133617736399,0.001120108994655311,-0.0011515002697706223,-0.002209520898759365,-0.0024950432125478983,0.0005178038845770061,0.00047684143646620214,-0.000745382800232619,-0.0007699868874624372,-0.00014264749188441783,0.0006292063044384122,0.0013240101980045438,0.0009657373302616179,-0.0005657224683091044,0.0024847222957760096,0.0013553225435316563,0.00162025005556643
JBHT,0,2026-04-07 13:30:00+00:00,09:30,0.001604226534254849,up,7.129368168534711e-05,0.001836638431996107,-0.00023998573306016624,0.0031032515689730644,0.00213158642873168,0.0002582747838459909,-0.0018027410842478275,-0.0008142274455167353,-0.0014194820541888475,-0.0016624105628579855,0.0010077615734189749,0.001044982811436057,0.0003776769444812089,0.0009867820190265775,0.0008238507434725761,0.0002680224715732038,0.0029395446181297302,0.0016044162912294269,0.0014463980915024877,0.0009074318804778159,0.0005256618605926633,-0.002018112689256668,-0.002378164790570736,0.0018747561844065785,-0.0003240975202061236,0.001604226534254849
TYL,0,2026-04-07 13:30:00+00:00,09:30,0.0015110195381566882,up,0.0001783267071004957,0.0026409903075546026,0.00011252089461777359,0.0021980891469866037,0.0008419723599217832,-0.0012418293626978993,-0.0027804102282971144,-0.0017504444113001227,-0.003898101393133402,-0.0033433339558541775,-0.001051186234690249,0.0013876243028789759,0.0018702213419601321,0.0030301990918815136,0.0010323841124773026,-7.936651672935113e-05,0.001080285757780075,0.0008976540993899107,0.0005814842297695577,-9.125164069700986e-05,-0.000488355231937021,-0.003046994097530842,-0.0040593817830085754,-0.0007316267001442611,-0.0028806698974221945,0.0015110195381566882
RMD,0,2026-04-07 13:30:00+00:00,09:30,0.0014866533456370234,up,0.0014054591301828623,0.003183383261784911,0.001308330101892352,0.004035834688693285,0.003456821432337165,0.00079955137334764,-0.0021067908965051174,-0.0009255691547878087,-0.0013202810660004616,-0.00010631256736814976,0.001605494529940188,0.003032091772183776,0.002142770681530237,0.00290905823931098,0.0026480513624846935,0.0016104361275210977,0.0035529343876987696,0.003300882875919342,0.0030307131819427013,0.0030973549000918865,0.002715927781537175,-0.00011042370169889182,-0.00012436904944479465,0.004025262780487537,0.004006417002528906,0.0014866533456370234
AZO,0,2026-04-07 13:30:00+00:00,09:30,0.0014735546428710222,up,-0.00015942458412609994,0.0014964531874284148,-0.0003805876476690173,0.0029405781533569098,0.0037092603743076324,0.0005660208407789469,0.00034282178967259824,0.0008959255646914244,-0.0008336374303326011,0.0005640839808620512,0.0027903669979423285,0.0021511779632419348,0.001861152588389814,0.0014289072714745998,0.0007094637840054929,-8.454557973891497e-05,0.0011308735702186823,0.0014009125297889113,0.0014093676581978798,0.0007346804486587644,0.0001140692547778599,-0.0019466363592073321,-0.0029503682162612677,0.0004231196944601834,-0.0007829738897271454,0.0014735546428710222
KKR,0,2026-04-07 13:30:00+00:00,09:30,0.001449286239221692,up,-0.005601291544735432,-0.001278408570215106,-0.0015185016673058271,-0.0004520241927821189,-0.00257246196269989,-0.0019668072927743196,-0.007472180761396885,-0.004584671929478645,-0.0047469171695411205,-0.005025126971304417,-0.0025021114852279425,-0.0028118574991822243,-0.002398691140115261,-0.00010924214439000934,0.00092505500651896,-0.00018379274115432054,0.001380820875056088,0.0005193196702748537,-0.0002189194201491773,0.0001002972130663693,-0.00018543016631156206,-0.0017681996105238795,-0.00259396038018167,0.0008798338240012527,-0.0011492592748254538,0.001449286239221692
ALL,0,2026-04-07 13:30:00+00:00,09:30,0.0014477578224614263,up,-0.0001928298588609323,0.000913454859983176,0.0014599254354834557,0.002805036725476384,0.00341817457228899,0.0015563846100121737,-0.0007734538521617651,-0.0013065228704363108,-0.0013922653160989285,0.0003106340882368386,0.001580498879775405,0.001880755997262895,0.0014807145344093442,0.0008690372342243791,0.00086902582552284,4.7347093641292304e-05,0.0014650779776275158,0.0015474981628358364,0.0005717581952922046,0.0006613623700104654,-0.0009673952008597553,-0.0021771604660898447,-0.0027946229092776775,-0.000289103074464947,-0.0012869072379544377,0.0014477578224614263
AJG,0,2026-04-07 13:30:00+00:00,09:30,0.0014443742111325264,up,-0.0008867825381457806,0.0010494111338630319,0.0001929458521772176,0.0023786243982613087,0.0026119861286133528,0.0005066546727903187,-0.0015768959419801831,-0.0004906558897346258,-0.0011967915343120694,-4.929431088385172e-05,0.0012226304970681667,0.001766060246154666,0.0010775835253298283,0.0018181311897933483,0.0018320954404771328,0.0010886609088629484,0.003104671835899353,0.002034492325037718,0.001463738619349897,0.0008409163565374911,0.0005744973313994706,-0.0007927811820991337,-0.0022706855088472366,0.00013382027100306004,-0.0009541340405121446,0.0014443742111325264
GLW,0,2026-04-07 13:30:00+00:00,09:30,0.0014308752724900842,up,-0.002465073950588703,-0.0014201973099261522,-0.00788191333413124,-0.0032070002052932978,-0.00488301133736968,-0.006527085322886705,-0.008645455352962017,-0.0051314495503902435,-0.0077057876624166965,-0.0017648698994889855,0.000951529189478606,0.00013425329234451056,0.0006683620158582926,0.0026850684080272913,0.00183210673276335,-0.0006102957995608449,0.003086529904976487,0.00027755132759921253,-0.0016661548288539052,-0.003191862953826785,-0.004634364508092403,-0.007875505834817886,-0.006765800062566996,-0.0006588908727280796,-0.004986811429262161,0.0014308752724900842
AON,0,2026-04-07 13:30:00+00:00,09:30,0.001424560323357582,up,0.00034035969292744994,0.0022896858863532543,-0.00010097935592057183,0.002187198493629694,0.0015567273367196321,-0.0006111669354140759,-0.0028373803943395615,-0.003251168644055724,-0.005315713118761778,-0.004670908208936453,-0.002839653752744198,-0.00022826841450296342,-0.0018555722199380398,-0.0030166390351951122,-0.0032944027334451675,-0.0031817425042390823,-0.0023327572271227837,-0.0009455642430111766,-0.0026680449955165386,-0.0022535636089742184,-0.0012816686648875475,-0.004668509121984243,-0.0045751724392175674,-0.0010104995453730226,-0.002932886825874448,0.001424560323357582
WST,0,2026-04-07 13:30:00+00:00,09:30,0.0013524049427360296,up,-0.0021297659259289503,-0.00034746580058708787,-0.0009478976135142148,0.0006007826887071133,0.003983557689934969,0.0021178617607802153,0.0005816654302179813,0.001238820725120604,0.00036522894515655935,0.001102397101931274,0.0036167402286082506,0.0030998103320598602,-0.00029376603197306395,0.0021191095001995564,0.002198827685788274,0.001494174706749618,0.003752834629267454,0.0015806681476533413,0.0014962691348046064,0.0011248454684391618,0.001667809090577066,-0.0016328804194927216,-0.001332037034444511,0.002329709939658642,-0.0003411407524254173,0.0013524049427360296
ROST,0,2026-04-07 13:30:00+00:00,09:30,0.0013325100298970938,up,-0.0031303982250392437,-0.0003181413630954921,-0.0024088642094284296,-0.00010887111420743167,0.00021989938977640122,-0.0016505353851243854,-0.003943904303014278,-0.0036321463994681835,-0.005142638925462961,-0.0030026498716324568,-0.0014413984026759863,-0.0008341545471921563,-0.0023639763239771128,-0.0021783679258078337,-0.0031447201035916805,-0.0023713354021310806,-0.0007245605229400098,-7.53564563638065e-06,-0.0007331726956181228,-0.0010107768466696143,-0.0011640650918707252,-0.003107018768787384,-0.0028612310998141766,-0.00031242260592989624,-0.0011642046738415956,0.0013325100298970938
OTIS,0,2026-04-07 13:30:00+00:00,09:30,0.0013180969981476665,up,0.0029216741677373648,0.00462237186729908,0.0038304764311760664,0.006093551404774189,0.007288134656846523,0.00340643129311502,0.0009463030146434903,0.0015310592716559768,0.004220063332468271,0.0018605473451316357,0.004473646637052298,0.006235020235180855,0.004720217548310757,0.0048835244961082935,0.004143476486206055,0.003048412501811981,0.004397732205688953,0.00479274382814765,0.0034684150014072657,0.0038336801808327436,0.003144758054986596,0.0012535027926787734,0.00024461670545861125,0.002395057352259755,-0.0005787343834526837,0.0013180969981476665
DPZ,0,2026-04-07 13:30:00+00:00,09:30,0.0012900903820991516,up,0.0014486595755442977,0.0018369737081229687,0.0014517756644636393,0.003747254144400358,0.0035720986779779196,0.0008781355572864413,-0.0016810280503705144,-0.00021544305491261184,-0.0007554408512078226,0.0001861747878137976,0.00017378716438543051,0.0014008209109306335,0.0018099849112331867,0.0025500559713691473,0.0017583664739504457,0.0011833214666694403,0.002011052332818508,0.0018764770356938243,-0.00016232005145866424,-0.0009398477268405259,0.0004184494318906218,-0.0016278252005577087,9.039698488777503e-05,0.001921486109495163,0.0015442892909049988,0.0012900903820991516
KO,0,2026-04-07 13:30:00+00:00,09:30,0.0012887566117569804,up,0.0011174724204465747,0.002471432788297534,0.0013542213710024953,0.003980547189712524,0.0060278065502643585,0.003006487851962447,-0.00022965700190979987,0.00032846390968188643,0.0021417676471173763,0.0009258364443667233,0.0034971851855516434,0.004914852324873209,0.002570856362581253,0.0032294855918735266,0.0032327547669410706,0.0021766992285847664,0.002837661886587739,0.003543977625668049,0.001935505075380206,0.0023739717435091734,0.0015348066808655858,-0.00022926009842194617,-0.000603232067078352,0.0025223535485565662,0.000166411031386815,0.0012887566117569804
ETN,0,2026-04-07 13:30:00+00:00,09:30,0.0011914526112377644,up,-0.00020799932826776057,-0.0004472106520552188,-0.0007471587741747499,0.0012922824826091528,0.0015207583783194423,-0.0012415745295584202,-0.0025750156491994858,-0.0016041159396991134,-0.0033876625820994377,-0.0024409994948655367,-0.0019692820496857166,-0.0005097106914035976,-0.000501002708915621,0.0006110696122050285,0.00027813907945528626,-0.0007994729094207287,0.0009745890856720507,0.0010930795688182116,-0.0011103188153356314,-0.002199451206251979,-0.0019916221499443054,-0.0036940337158739567,-0.002303728135302663,0.0004967473796568811,-0.0007816114812158048,0.0011914526112377644
MCO,0,2026-04-07 13:30:00+00:00,09:30,0.0011624551843851805,up,-0.000971928529907018,0.003060653805732727,0.001173063414171338,0.004227041266858578,0.0027456055395305157,0.0007443825015798211,-0.0002862921392079443,0.00028762570582330227,-0.000269025971647352,0.0001248406188096851,0.003207431873306632,0.002859718631953001,0.002253446727991104,0.0015334261115640402,0.00045459799002856016,1.2372704077279195e-05,0.0006583306239917874,0.0013045234372839332,0.0003933886473532766,0.00012296042405068874,0.0001358336885459721,-0.0023466586135327816,-0.001995538594201207,0.000962106860242784,-0.0009046600898727775,0.0011624551843851805
COF,0,2026-04-07 13:30:00+00:00,09:30,0.0011551553616300225,up,-0.0017532618949189782,0.001632087049074471,-0.0011369031853973866,0.0022784799803048372,0.0010075665777549148,-0.0007588948355987668,-0.0028109392151236534,0.0011207408970221877,-0.0008746734820306301,1.531894304207526e-05,0.0010528606362640858,0.0005645964411087334,-0.00011256476864218712,0.0005252776318229735,0.0006583391223102808,-8.243216871051118e-05,0.001030572922900319,0.0010213713394477963,3.155783633701503e-05,-0.00032683034078218043,-0.000987495994195342,-0.0035167464520782232,-0.0029778101015836,-0.00026144523872062564,-0.001679794630035758,0.0011551553616300225
TMO,0,2026-04-07 13:30:00+00:00,09:30,0.0011248914524912834,up,0.00010574249608907849,0.0012118989834561944,0.0008715997682884336,0.0032054760958999395,0.003854928072541952,0.001766756409779191,0.00026562222046777606,8.76424674061127e-05,-0.0016357332933694124,-0.0012740459060296416,0.0007358200382441282,0.0014378599589690566,0.0009626912069506943,0.001226374413818121,0.001754744560457766,0.0011533418437466025,0.0025338695850223303,0.0024042681325227022,0.0025827819481492043,0.0018386177252978086,0.0009402361465618014,-0.0013645971193909645,-0.002351762494072318,0.000401056808186695,-0.00010267858306178823,0.0011248914524912834
BA,0,2026-04-07 13:30:00+00:00,09:30,0.0010782094905152917,up,-0.002971330191940069,-0.0009502737666480243,-0.0035329286474734545,-0.0009910748340189457,-0.0018521996680647135,-0.003952525090426207,-0.005672079976648092,-0.0035660648718476295,-0.005652521271258593,-0.0043368227779865265,-0.0016765157924965024,-0.0022167079150676727,-0.0029947319999337196,-0.0032463339157402515,-0.0026873345486819744,-0.0020267388317734003,-0.0008783044177107513,0.00013352696259971708,-0.0016280350973829627,-0.0015061595477163792,-0.00247149053029716,-0.004593351390212774,-0.003754798788577318,-0.0015325050335377455,-0.0002455563226249069,0.0010782094905152917
BRK-B,0,2026-04-07 13:30:00+00:00,09:30,0.001075907377526164,up,-0.0031486190855503082,-0.0030150474049150944,-0.003016448812559247,-0.0003648514684755355,0.0009751533507369459,-0.0013319719582796097,-0.0023287648800760508,-0.002614997560158372,-0.0035076115746051073,-0.0035551744513213634,-0.0019641006365418434,-0.001082542003132403,-0.00144461658783257,-0.0011184185277670622,-0.0006187834078446031,-0.0018506869673728943,-2.3624794266652316e-05,0.0006227144040167332,0.0007417965098284185,0.0002576841798145324,-0.0004664100124500692,-0.0019893115386366844,-0.003018429735675454,-0.000421143980929628,-0.0011193810496479273,0.001075907377526164
PEG,0,2026-04-07 13:30:00+00:00,09:30,0.0010628356831148267,up,-0.0013026841916143894,0.000700116332154721,-0.0011495375074446201,0.001667124917730689,0.00231268722563982,-0.00027839490212500095,-0.0008961401181295514,-0.0006806818419136107,0.0009354330832138658,-0.00028514451696537435,0.0018226072425022721,0.0018582260236144066,0.0016525763785466552,0.0024135494604706764,0.0027279662899672985,0.0013769551878795028,0.002953851129859686,0.0028733250219374895,0.001668196520768106,0.0019674263894557953,0.0019354162504896522,-0.00023675574630033225,-0.0012678414350375533,0.001197535078972578,0.00028428254881873727,0.0010628356831148267
TEL,0,2026-04-07 13:30:00+00:00,09:30,0.0010538435308262706,up,-0.0006492646643891931,0.0025889421813189983,0.002016335492953658,0.00447735795751214,0.004750900901854038,0.0013801449676975608,-0.0008228679653257132,-7.62292547733523e-05,-0.0017062010010704398,-0.0015382462879642844,0.000835596292745322,-0.0001770595699781552,-0.0007599123055115342,0.0008947828318923712,0.001240099547430873,0.00011349018313921988,0.0016262634890154004,0.0006233004969544709,1.5162850104388781e-05,-0.0009091793326660991,-0.00033102763700298965,-0.0018746948335319757,-0.0026872986927628517,-0.0006006445619277656,-0.0008593965321779251,0.0010538435308262706
DOV,0,2026-04-07 13:30:00+00:00,09:30,0.00102336797863245,up,0.0009377421229146421,0.002724632853642106,0.0027405372820794582,0.004042937885969877,0.004787742625921965,0.0029409003909677267,0.0005464433925226331,0.00030349488952197134,-0.001489006681367755,0.0007458236068487167,0.001881350763142109,0.001816925359889865,0.0017843374516814947,0.0014907406875863671,0.0011883151018992066,0.0004918337799608707,0.002542367670685053,0.0020040892995893955,0.0007912173750810325,0.0008708955720067024,0.0004721978330053389,-0.0011739092878997326,-0.0019365183543413877,0.0008536239620298147,-0.0008430578163824975,0.00102336797863245
NDAQ,0,2026-04-07 13:30:00+00:00,09:30,0.0009914394468069077,up,-0.0008230035891756415,0.001891813357360661,-0.0010454504517838359,0.0015813041245564818,0.0029299433808773756,0.001452453900128603,-0.0014318504836410284,-5.01763861393556e-05,-0.0012533289846032858,-0.0026772974524646997,-0.001700175809673965,0.00024787092115730047,0.0005397981149144471,0.0009266442502848804,0.0007976688793860376,-0.001158192753791809,0.0009123088093474507,0.0004918319755233824,0.00020877063798252493,0.0008211069507524371,0.001671121339313686,-0.001172055141068995,-0.0007001395570114255,0.00241124932654202,0.00023613493249285966,0.0009914394468069077
ULTA,0,2026-04-07 13:30:00+00:00,09:30,0.0009274422191083431,up,0.0007339832955040038,0.0023491368629038334,0.0022113772574812174,0.00429841922596097,0.005687282420694828,0.0037074917927384377,0.0018616727320477366,0.0010939058847725391,-0.0005714340950362384,0.00024317939823959023,0.0021433508954942226,0.0023493377957493067,0.00205507455393672,0.0015365168219432235,0.0012244650861248374,0.0006433914531953633,0.001067556207999587,0.0015325272688642144,0.001126038609072566,0.0007361656171269715,-0.00042746419785544276,-0.002630948554724455,-0.0027328866999596357,0.00039792025927454233,-0.0009653606684878469,0.0009274422191083431
MS,0,2026-04-07 13:30:00+00:00,09:30,0.0009006313048303127,up,-0.002596600679680705,0.0007181257242336869,-0.0010791294043883681,0.0008352077566087246,-6.364242290146649e-05,-0.002062602201476693,-0.0045412159524858,-0.0030713474843651056,-0.004577996674925089,-0.003970419056713581,-0.0009086173376999795,0.00030546917696483433,-0.00028805044712498784,-0.00028197583742439747,-0.00038995686918497086,-0.0009921564487740397,-0.0005569377681240439,0.0009369223844259977,0.0001480898936279118,-0.0005526466993615031,-0.0007116218330338597,-0.0024363535922020674,-0.0004473663284443319,0.003729121293872595,0.0030491382349282503,0.0009006313048303127
CSCO,0,2026-04-07 13:30:00+00:00,09:30,0.0008975598029792309,up,0.0021572161931544542,0.0022535244934260845,-0.0003935288405045867,0.0026341364718973637,0.004815971478819847,0.0019289128249511123,-0.0011264808708801866,-0.0020045735873281956,-0.00038868453702889383,-0.0016962926601991057,0.0013407986843958497,0.002952195703983307,0.00036429031752049923,0.0013135294429957867,0.0009816436795517802,-0.00024809097521938384,0.0005714799626730382,-0.00026899788645096123,-0.0008446371648460627,-0.0007630185573361814,-0.0008373893215321004,-0.0022990189027041197,-0.0025635850615799427,0.0007912000874057412,-0.001664667041040957,0.0008975598029792309
DE,0,2026-04-07 13:30:00+00:00,09:30,0.0008972762734629214,up,0.00048744279774837196,0.0018700790824368596,0.001085970550775528,0.003476687241345644,0.005295536946505308,0.002887573791667819,0.0013037584722042084,0.0008320767083205283,-0.001023666001856327,-0.0005832454771734774,0.0007404494099318981,0.0012350374599918723,0.0007430020486935973,4.735560287372209e-05,0.0002499591209925711,-0.0005263012135401368,0.0004166481376159936,0.0007639189716428518,0.000400082761188969,1.901749783428386e-05,-0.0007577704964205623,-0.003119430039077997,-0.0025342334993183613,7.587371510453522e-05,-0.0009654221939854324,0.0008972762734629214
MTB,0,2026-04-07 13:30:00+00:00,09:30,0.0008824322139844298,up,0.00012456535478122532,0.002538017462939024,0.0017844232497736812,0.004995856899768114,0.005437401123344898,0.0031303230207413435,0.0016927747055888176,0.0015103553887456656,-0.00041401240741834044,0.0009590568370185792,0.002363351173698902,0.001826615072786808,0.0009299360681325197,0.0014084192225709558,0.0008957806858234107,0.0002751168794929981,0.001893847482278943,0.0018417075043544173,0.000907930254470557,0.001113923848606646,0.0006380889681167901,-0.0017587075708433986,-0.001315537840127945,0.0015526111237704754,0.00018321149400435388,0.0008824322139844298
TDG,0,2026-04-07 13:30:00+00:00,09:30,0.0008718923199921846,up,-0.00023489205341320485,0.0008061795961111784,-0.0011320816120132804,0.0022287119645625353,0.0038104907143861055,0.001334034837782383,0.0018694894388318062,0.0011834385804831982,-0.0009937846334651113,-0.001135698868893087,0.0014635850675404072,0.002219083718955517,0.0017331300769001245,0.0009179421467706561,0.0008178725838661194,-0.00048130081268027425,0.001297406037338078,0.0007847160450182855,0.0019474680302664638,0.0004869071999564767,0.0008903131820261478,-0.0014033167390152812,-0.003601153613999486,-0.00045117747504264116,-0.001478694612160325,0.0008718923199921846
TXN,0,2026-04-07 13:30:00+00:00,09:30,0.0008581391302868724,up,-0.003981721121817827,-0.0018152350094169378,-0.003112194361165166,-0.0010976791381835938,-0.0008660434978082776,-0.0023478178773075342,-0.003062340896576643,-0.001965095056220889,-0.004881822504103184,-0.0030907641630619764,-0.001384143834002316,-0.0012122384505346417,-0.002284023677930236,-0.0026194120291620493,-0.0026081835385411978,-0.00213937321677804,-0.0003622953372541815,-0.00014926362200640142,-0.000675113988108933,-0.0015842432621866465,-0.0028589910361915827,-0.004970088135451078,-0.004340648651123047,-0.0013783336617052555,-0.0012382094282656908,0.0008581391302868724
ZBH,0,2026-04-07 13:30:00+00:00,09:30,0.0008460732642561197,up,-0.0005334588931873441,0.0009568112436681986,-0.0003687241696752608,0.0011575830867514014,0.0018748713191598654,-0.0006156512536108494,-0.0019477776950225234,-0.001906049088574946,4.531149897957221e-05,-0.00027495072572492063,0.0010411647381260991,0.001775133889168501,0.0006661054794676602,0.001698373700492084,0.001774394535459578,0.001782447099685669,0.0024648644030094147,0.0026069709565490484,0.0016034544678404927,0.0021631757263094187,0.001973793376237154,0.0004299363063182682,-0.0006484162295237184,0.0015359231038019061,3.086906508542597e-05,0.0008460732642561197
AME,0,2026-04-07 13:30:00+00:00,09:30,0.0008287327364087105,up,0.0007079328061081469,0.003394130850210786,0.002550235716626048,0.0047072116285562515,0.0057527669705450535,0.0027022757567465305,0.0008774065645411611,0.0009951504180207849,-0.0009437247645109892,0.00012539722956717014,0.001513960538432002,0.0009201876819133759,0.00040690714376978576,0.001227703643962741,0.0005280557088553905,0.00020941812545061111,0.0017639523139223456,0.0015510793309658766,0.0005582291050814092,0.0003109824610874057,0.00037380625144578516,-0.001647539553232491,-0.0018303688848391175,-0.0001326400670222938,-0.000364364474080503,0.0008287327364087105
CRWD,0,2026-04-07 13:30:00+00:00,09:30,0.0007860600599087775,up,-0.004474650137126446,-0.00753870839253068,-0.00874996930360794,-0.005384810268878937,-0.00609392486512661,-0.008569679223001003,-0.011219505220651627,-0.008626032620668411,-0.009492303244769573,-0.0067073688842356205,-0.0052148113027215,-0.0042503029108047485,-0.0024173713754862547,-0.002621410181745887,-0.0036367380525916815,-0.004230384714901447,-0.003120793029665947,-0.0030648622196167707,-0.005858579650521278,-0.006802488584071398,-0.005431758239865303,-0.0059578511863946915,-0.0026807577814906836,-0.000537269632332027,7.717901462456211e-05,0.0007860600599087775
OMC,0,2026-04-07 13:30:00+00:00,09:30,0.0007834866410121322,up,0.0006038637948222458,0.002130679087713361,-0.00018618600734043866,0.003043155651539564,0.004123004153370857,0.0013481146888807416,-0.003399583511054516,-0.000940658850595355,0.0002662378828972578,-0.00039702438516542315,0.001655688276514411,0.002776519861072302,0.0014650140656158328,0.002515674801543355,0.0024692495353519917,0.0009743806440383196,0.0022975332103669643,0.0021327114664018154,0.0007738847052678466,1.98732377612032e-05,-0.0011944550788030028,-0.0022611573804169893,-0.0021567728836089373,0.0022390324156731367,-0.0019374833209440112,0.0007834866410121322
EVRG,0,2026-04-07 13:30:00+00:00,09:30,0.0007761341985315084,up,-0.0013138216454535723,0.0003331520711071789,-0.0010147999273613095,0.0013838066952303052,0.001994192600250244,-0.0005325423553586006,-0.0017371529247611761,-0.0013988815480843186,7.881295459810644e-05,-0.0004463476361706853,0.0016990873264148831,0.0016653010388836265,0.001282372628338635,0.0019877045415341854,0.0019025664078071713,0.0007038753828965127,0.0025510943960398436,0.0017928286688402295,0.0012086848728358746,0.0018735913326963782,0.0015712984604761004,-0.000415691698435694,-0.0018925380427390337,0.0011293197749182582,-0.0006209562416188419,0.0007761341985315084
PFG,0,2026-04-07 13:30:00+00:00,09:30,0.0007447945536114275,up,-0.0019592202734202147,0.00021666109387297183,-0.001391247264109552,0.0003324813733343035,-0.0003286149585619569,-0.0011471377220004797,-0.005086780060082674,-0.004278135485947132,-0.0064088511280715466,-0.008708847686648369,-0.008593881502747536,-0.006258106790482998,-0.005820938851684332,-0.0062605286948382854,-0.0024919072166085243,-0.004662948194891214,-0.003271192777901888,-0.002487667603418231,-0.004244052339345217,-0.002958121709525585,-0.0022157018538564444,-0.004519673530012369,-0.003517788602039218,0.0009745302377268672,-0.0017036446370184422,0.0007447945536114275
ADSK,0,2026-04-07 13:30:00+00:00,09:30,0.0007288131746463478,up,0.0010517372284084558,0.0021842143032699823,0.0005695932195521891,0.002122172387316823,0.0016561599913984537,-0.0003194879973307252,-0.001941056689247489,0.00017183649470098317,-0.0021174373105168343,-0.0013087592087686062,0.000551857752725482,0.0016165663255378604,0.0009129330283030868,0.0013238806277513504,0.0017564609879627824,0.00024403158749919385,0.0022521698847413063,0.0005883511039428413,0.0005476411897689104,-0.0005750024574808776,-0.0006604242953471839,-0.002245830139145255,-0.0026927401777356863,0.00020194696844555438,-0.001732419477775693,0.0007288131746463478
MA,0,2026-04-07 13:30:00+00:00,09:30,0.0006777411908842623,up,-0.0019762367010116577,-0.0016370340017601848,-0.001774139585904777,0.0004392159462440759,0.0014115436933934689,-0.0009329334716312587,-0.002716059796512127,-0.003164035500958562,-0.004324538167566061,-0.004522385541349649,-0.0025437965523451567,-0.0017243454931303859,-0.002037844154983759,-0.0012269231956452131,-0.0012352308258414268,-0.0025516110472381115,-0.001126444898545742,-0.0014527675230056047,-0.0004047426918987185,-0.0019151018932461739,-0.0026800548657774925,-0.004113069735467434,-0.004209078382700682,-0.0013435703003779054,-0.002149089938029647,0.0006777411908842623
CTVA,0,2026-04-07 13:30:00+00:00,09:30,0.0006273399339988828,up,-0.0002919781254604459,0.0006209251005202532,0.00013405561912804842,0.00297871557995677,0.002869269112125039,0.001336253946647048,0.0011205623159185052,0.0009212198783643544,0.0010657806415110826,0.0006903972825966775,0.00231713755056262,0.0034889779053628445,0.0028107143007218838,0.0020321663469076157,0.0029173672664910555,0.002426439430564642,0.002888983581215143,0.0031876664143055677,0.0030406636651605368,0.0036421262193471193,0.003080964321270585,0.0005264242645353079,0.0005423069815151393,0.0027723039966076612,0.0010489292908459902,0.0006273399339988828
SNDK,0,2026-04-07 13:30:00+00:00,09:30,0.0006141503108665347,up,-0.008375984616577625,-0.018193762749433517,-0.017403528094291687,-0.012753755785524845,-0.015501120127737522,-0.023518331348896027,-0.023503679782152176,-0.018924301490187645,-0.019663263112306595,-0.013004074804484844,-0.009564492851495743,-0.009163787588477135,-0.010763765312731266,-0.008933266624808311,-0.009011085145175457,-0.011598397046327591,-0.013117734342813492,-0.015483779832720757,-0.01434144377708435,-0.014267255552113056,-0.01765168458223343,-0.024633541703224182,-0.024915805086493492,-0.014169130474328995,-0.0133428405970335,0.0006141503108665347
BLDR,0,2026-04-07 13:30:00+00:00,09:30,0.0005886149010621011,up,0.0017681072931736708,0.0029434864409267902,-0.002656194381415844,0.0011324293445795774,0.001681105000898242,-0.0016439032042399049,-0.006117441225796938,-0.005002866964787245,-0.006310643628239632,-0.007530278991907835,-0.004521399270743132,-0.0029437225311994553,-0.0017389504937455058,-0.0016654378268867731,-0.0033416924998164177,-0.005332092754542828,-0.0020998509135097265,-0.003669511992484331,-0.0023329101968556643,-0.004830111749470234,-0.003248667111620307,-0.003941317088901997,-0.004744681995362043,1.4376419130712748e-06,-0.002870113356038928,0.0005886149010621011
DLR,0,2026-04-07 13:30:00+00:00,09:30,0.0005562914302572608,up,-0.0006273644976317883,0.00034472704282961786,-0.0010062047513201833,0.001123830326832831,0.001533681876026094,-0.00043866439955309033,-0.0023763692006468773,-0.0017452930333092809,-0.0033135993871837854,-0.0023215056862682104,-0.0008540275739505887,0.0002254219725728035,-0.001075840089470148,-0.0017854487523436546,-0.0026847494300454855,-0.002061225473880768,-0.0014600018039345741,-0.0012367793824523687,-0.001904957927763462,-0.0019013091223314404,-0.00286867399699986,-0.0050768074579536915,-0.004135689232498407,-0.00040740787517279387,-0.0015467479825019836,0.0005562914302572608
TXT,0,2026-04-07 13:30:00+00:00,09:30,0.0005406211712397635,up,0.002482381882146001,0.0042836046777665615,0.001437392900697887,0.003195487894117832,0.0040745981968939304,0.0008250691462308168,-0.0009722108952701092,-0.0014302133349701762,-0.00026282126782462,-0.000358112360117957,0.0014872095780447125,0.002465807134285569,0.0014994577504694462,0.0007315054535865784,0.00042898659012280405,-0.0004017299215774983,0.0012979680905118585,0.0012905460316687822,-5.037084702053107e-05,0.0007139885565266013,0.00040399498539045453,-0.0016953112790361047,-0.003200381528586149,0.0014628295321017504,-0.0009779706597328186,0.0005406211712397635
PNC,0,2026-04-07 13:30:00+00:00,09:30,0.0005234446725808084,up,-0.000994162168353796,0.0008815606706775725,-8.658676961204037e-05,0.0022703048307448626,0.002446947619318962,9.257000783691183e-05,-0.0022738606203347445,-0.0021808031015098095,-0.003832776565104723,-0.002918272977694869,-0.0014056441141292453,-0.0011692363768815994,-0.0022023033816367388,-0.0008424618863500655,-0.00039584265323355794,-0.0013002286432310939,0.00036746065597981215,-0.00020242038590367883,-0.00012165194493718445,-0.0009659916395321488,-0.0012867185287177563,-0.0029204385355114937,-0.0032472170423716307,-0.0015509132063016295,-0.001614282955415547,0.0005234446725808084
INVH,0,2026-04-07 13:30:00+00:00,09:30,0.0005220048478804529,up,-0.0021720253862440586,0.0009015016839839518,-0.0014958989340811968,-4.357650141173508e-06,0.0012836531968787313,-0.0007250789785757661,-0.0021012926008552313,-0.0010800487361848354,-0.0008892591577023268,-0.0036776235792785883,-0.0007097211200743914,0.0007344229961745441,0.001054046442732215,0.001407941454090178,0.001207192661240697,0.0001912555017042905,0.00205623684450984,0.0019815252162516117,0.0011856502387672663,0.0011920087272301316,0.00039316483889706433,-0.0015119602903723717,-0.0018083085305988789,0.0019049672409892082,0.00018257131159771234,0.0005220048478804529
NRG,0,2026-04-07 13:30:00+00:00,09:30,0.0005088291363790631,up,-0.0011678750161081553,0.0002449229941703379,-0.0010398657759651542,0.002172293607145548,0.0021269163116812706,7.462810754077509e-05,-0.0022908621467649937,-4.923878441331908e-05,-0.0009662943193688989,-0.0006505006458610296,0.0012301382375881076,0.0017653645481914282,0.0022322479635477066,0.0020416704937815666,0.001445973408408463,0.001099589397199452,0.0024057505652308464,0.002266290597617626,0.0017552777426317334,0.002019084058701992,-1.1011252354364842e-05,-0.000889571791049093,-0.0015077136922627687,0.0016766046173870564,0.0002485893201082945,0.0005088291363790631
WRB,0,2026-04-07 13:30:00+00:00,09:30,0.00046805283636786044,up,0.0010470171691849828,0.004175337962806225,0.0028652858454734087,0.003060710383579135,0.0032308483496308327,0.000505701988004148,-0.000751025858335197,-0.001103011192753911,0.0007092711748555303,-0.0007368886144831777,0.0001042395451804623,0.002324894769117236,0.0009326997096650302,0.0023003488313406706,0.0017361942445859313,0.0007171356119215488,0.0025039936881512403,0.0021445828024297953,0.0016024456126615405,0.002959571313112974,0.002813935512676835,0.0012317587388679385,-0.0003657842753455043,0.0023586577735841274,-0.0007145422860048711,0.00046805283636786044
RSG,0,2026-04-07 13:30:00+00:00,09:30,0.00046241559903137386,up,-0.0017118256073445082,0.0002784293610602617,-0.000969337357673794,0.0012038511922582984,0.0018786571454256773,7.29961393517442e-05,-0.001240796991623938,-0.0015185242518782616,-0.0017612562514841557,-0.0009395075030624866,0.0003374977968633175,6.898157153045759e-05,0.0002911413030233234,0.00030486274044960737,-0.0002531074278522283,-0.0005605781334452331,0.00031819427385926247,0.0008395580807700753,0.0007417320157401264,0.0005430647870525718,-0.00044561136746779084,-0.0017888506408780813,-0.002208284568041563,0.0003812073264271021,-0.0006572254351340234,0.00046241559903137386
CB,0,2026-04-07 13:30:00+00:00,09:30,0.0004607490554917604,up,-0.0002212059189332649,0.0008363625966012478,0.0008592480444349349,0.002500055357813835,0.0035395792219787836,0.0008843758259899914,-0.00028648562147282064,-0.0009037937270477414,-0.001590032479725778,-0.002166450722143054,-0.0009235898032784462,0.0004744700563605875,-0.0010781860910356045,-0.0001874482841230929,-0.0007174497004598379,-0.0018574811983853579,-0.001215619733557105,-0.0005818885983899236,-0.0012760243844240904,-0.0019920258782804012,-0.0012342126574367285,-0.0030753915198147297,-0.004088356625288725,-0.001535942661575973,-0.0033666423987597227,0.0004607490554917604
BBY,0,2026-04-07 13:30:00+00:00,09:30,0.0004272265068721026,up,-0.0012169784167781472,0.001990311313420534,-0.001769574242644012,-0.0002214740525232628,-0.0016995008336380124,-0.003579733893275261,-0.005152524448931217,-0.0035481147933751345,-0.004033977165818214,-0.004166262689977884,-0.003252454800531268,-0.001010945183224976,-0.0016399116721004248,-0.0013206495204940438,-0.0005412892205640674,-0.0018643675139173865,0.0008987418841570616,0.0005404072580859065,-0.0007127907010726631,-0.0005569589557126164,-0.001286224229261279,-0.0026435561012476683,-0.003362224204465747,0.0007863165228627622,-0.0023870919831097126,0.0004272265068721026
TPR,0,2026-04-07 13:30:00+00:00,09:30,0.000396591640310362,up,-0.0005113989464007318,0.0029966181609779596,-0.0006332047050818801,0.002880093874409795,0.0024098812136799097,2.5711709895404056e-05,-0.002202078700065613,-0.0005351967993192375,-0.0004873588331975043,-0.002917416160926223,-0.000430240819696337,-0.001717390026897192,-0.0008542892173863947,-0.0004242080030962825,-0.000307202513795346,-0.0012854416854679585,0.0008233271655626595,-0.0005806206609122455,-0.0010509630665183067,-0.0013014613650739193,-0.0017498990055173635,-0.003295496106147766,-0.0027786437422037125,-0.0005379797657951713,-0.002351718954741955,0.000396591640310362
CMS,0,2026-04-07 13:30:00+00:00,09:30,0.000369600165868178,up,-0.0004094645264558494,0.0010943912202492356,0.00021121304598636925,0.003266090527176857,0.003184739500284195,0.00043667800491675735,-0.001692341291345656,-0.00117512047290802,0.0005106661701574922,-0.0003096870786976069,0.0019763316959142685,0.0022274754010140896,0.0018807152519002557,0.00220960914157331,0.0012647195253521204,-0.0003823157458100468,0.0016932344296947122,0.0007034977898001671,0.0005349075654521585,0.0009022115846164525,0.0003834904928226024,-0.001393245067447424,-0.0038514770567417145,-0.00036602176260203123,-0.0012020597932860255,0.000369600165868178
JBL,0,2026-04-07 13:30:00+00:00,09:30,0.0003578410542104393,up,0.0019151209853589535,0.002162570133805275,0.00227655959315598,0.004483007825911045,0.005282551050186157,0.0023038063663989305,0.0005811282899230719,0.0007543276296928525,-0.001065654680132866,0.0011136343237012625,0.0030561573803424835,0.0025507465470582247,0.0017916560173034668,0.0018418689724057913,0.0007726582116447389,-0.00048659159801900387,0.002362617291510105,0.0011732258135452867,0.00034118202165700495,0.000985036138445139,8.731306297704577e-05,-0.0024579425808042288,-0.0027955970726907253,0.0008985420572571456,-0.00272839842364192,0.0003578410542104393
J,0,2026-04-07 13:30:00+00:00,09:30,0.0003364368458278477,up,0.003060574410483241,0.004746824037283659,0.003194370772689581,0.005252520553767681,0.005773435812443495,0.0032695208210498095,0.001930723898112774,0.0025912721175700426,0.0038430735003203154,0.0029424047097563744,0.003991616889834404,0.0050428202375769615,0.003601986449211836,0.002051631221547723,0.0024238319601863623,0.0006517728324979544,0.0032437096815556288,0.002907846122980118,0.0018329457379877567,0.0025541961658746004,0.00029721943428739905,-0.0017201720038428903,-0.002661672420799732,-0.00020815532479900867,-0.0010651691118255258,0.0003364368458278477
CLUSD,0,2026-04-07 13:30:00+00:00,09:30,0.00032211345387622714,up,0.0011416333727538586,0.0016127012204378843,0.000617845100350678,0.006361449137330055,0.0056955087929964066,0.00557408481836319,0.0040405020117759705,0.0031039919704198837,0.0034411242231726646,0.004095716867595911,0.004965544678270817,0.007403021678328514,0.006699356250464916,0.005758101120591164,0.005962795112282038,0.006349734030663967,0.004315919242799282,0.004174678586423397,0.003208284266293049,0.003149636322632432,0.0036787805147469044,0.005108438432216644,0.004644318483769894,0.0022977562621235847,0.0004354896955192089,0.00032211345387622714
XEL,0,2026-04-07 13:30:00+00:00,09:30,0.0002276965678902343,up,-0.0010571819730103016,-5.074050568509847e-05,-0.001032005762681365,0.0016034640138968825,0.0027006713207811117,-0.0001134960402850993,-0.001705160248093307,-0.0012409413466230035,0.0005428112926892936,-0.0005342938238754869,0.0013470635749399662,0.0014446884160861373,0.0015613390132784843,0.0017061714315786958,0.0010336264967918396,5.757978215115145e-06,0.001870528212748468,0.0013365456834435463,0.0006324338028207421,0.0013156880158931017,0.001068256446160376,-0.001295906025916338,-0.0021169353276491165,0.0006334636127576232,-0.0008979681297205389,0.0002276965678902343
WM,0,2026-04-07 13:30:00+00:00,09:30,0.00018289733270648867,up,-0.00020996874081902206,0.0014753758441656828,0.0011292090639472008,0.003505555447191,0.004355860874056816,0.002201803494244814,0.00032438343623653054,0.00021876345272175968,-0.00029603083385154605,0.0006021021981723607,0.002154809422791004,0.0023227159399539232,0.0016491934657096863,0.001374775543808937,0.0005741636268794537,-0.00019809424702543765,0.0008425599662587047,0.0010714078089222312,0.0014479795936495066,0.0012517997529357672,0.0004935730248689651,-0.0019627914298325777,-0.0018642473733052611,0.0008167717605829239,-0.001288006198592484,0.00018289733270648867
CTAS,0,2026-04-07 13:30:00+00:00,09:30,0.00018071675731334835,up,-0.002737356349825859,-0.0005075580556876957,-0.004841926507651806,-0.003110316349193454,-0.002297045197337866,-0.003729179035872221,-0.007171594072133303,-0.005209366325289011,-0.004741826560348272,-0.003953848034143448,-0.00042863693670369685,0.0008052831399254501,0.00018897399422712624,0.00013223622227087617,-0.0005912116030231118,-0.002141566015779972,0.00017815612955018878,0.0005901418626308441,-0.00026952780899591744,-0.00022121015354059637,-0.0009267835412174463,-0.0029200681019574404,-0.004036669619381428,0.0006349689792841673,-0.0015406094025820494,0.00018071675731334835
XOM,0,2026-04-07 13:30:00+00:00,09:30,0.00014248088700696826,up,-0.008105372078716755,-0.007518296130001545,-0.01200809795409441,-0.008444368839263916,-0.009848744608461857,-0.011865080334246159,-0.013306941837072372,-0.010456531308591366,-0.012276210822165012,-0.01001038122922182,-0.007128123193979263,-0.0074962833896279335,-0.007751744240522385,-0.0080170389264822,-0.007091025821864605,-0.007470022886991501,-0.007081313990056515,-0.005566962528973818,-0.006424696650356054,-0.006629780400544405,-0.00807715393602848,-0.01007386576384306,-0.007274836301803589,-0.0034058433957397938,-0.002399747958406806,0.00014248088700696826
STE,0,2026-04-07 13:30:00+00:00,09:30,9.12889518076554e-05,up,0.002106101019307971,0.005108414217829704,0.004831024445593357,0.005447170231491327,0.005896104034036398,0.003420337103307247,0.0016331509687006474,0.0012687265407294035,0.0008638803265057504,0.0009069081279449165,0.002848052652552724,0.0024948762729763985,0.0018194856820628047,0.0019786369521170855,0.0013722694711759686,0.0005396529450081289,0.002267158357426524,0.0017570570344105363,0.0021540927700698376,0.0015522789908573031,0.0009946513455361128,-0.001156106824055314,-0.001920242328196764,0.0009220401989296079,-0.0011547538451850414,9.12889518076554e-05
GM,0,2026-04-07 13:30:00+00:00,09:30,-1.5118052033358254e-05,down,0.004193132743239403,0.003924014046788216,-0.0002513217041268945,0.0015683196252211928,0.0031184088438749313,0.0045672073028981686,0.0019233579514548182,0.002677558222785592,0.0005913973436690867,-0.0014783651567995548,-0.002433262299746275,-0.003297311719506979,-0.0003864135651383549,-0.0012036701664328575,-0.0023943933192640543,-0.0006621729116886854,0.0011198060819879174,0.001977017614990473,-0.0005785154062323272,-0.002012761542573571,-0.0015041377628222108,-0.0008016981882974505,0.001015129848383367,0.003402009606361389,0.000986610073596239,-1.5118052033358254e-05
LNT,0,2026-04-07 13:30:00+00:00,09:30,-8.031632751226425e-05,down,-0.00030607773805968463,0.0015904647298157215,0.00011764140799641609,0.0030966103076934814,0.0038879080675542355,0.0009196042665280402,-0.0011082870187237859,-0.0009557497105561197,-1.9422655896050856e-05,-0.0008246639627031982,0.0018484637839719653,0.0020838018972426653,0.0019279633415862918,0.0020875828340649605,0.001668864511884749,0.0008539761765860021,0.0012904832838103175,0.0009513400727882981,-3.473540346021764e-05,0.0013213802594691515,0.000545422313734889,-0.0014492187183350325,-0.0031393012031912804,-0.0004067820846103132,-0.0026261138264089823,-8.031632751226425e-05
DHR,0,2026-04-07 13:30:00+00:00,09:30,-8.581116708228365e-05,down,-0.0027937344275414944,0.00028726464370265603,-0.0020703375339508057,0.00040973833529278636,0.0014483426930382848,-0.0002200499438913539,-0.002166790422052145,-0.0012250453000888228,-0.0029374135192483664,-0.00268427818082273,-0.0006963439518585801,0.0005227522342465818,-0.0007897576433606446,-0.00027886516181752086,-0.0006313708727248013,-0.0013237374369055033,0.0008675845456309617,0.0005616118432953954,-0.00016756697732489556,-0.00044513260945677757,-0.0015770007157698274,-0.0030016270466148853,-0.003470807336270809,-0.0003560901095625013,-0.002002081135287881,-8.581116708228365e-05
ZBRA,0,2026-04-07 13:30:00+00:00,09:30,-0.0001353905681753531,down,-0.0007539949147030711,0.002535458654165268,0.001222267048433423,0.0035245546605437994,0.0016294565284624696,-0.0005861987010575831,-0.0024803706910461187,-0.0016282816650345922,-0.003930015955120325,-0.0025390074588358402,-0.0008555087842978537,-0.0008693266427144408,-0.0014752476708963513,-0.0012254671892151237,-0.0010829729726538062,-0.0017715326976031065,-0.00020667687931563705,-0.0013254191726446152,-0.001650682999752462,-0.0022774531971663237,-0.002514196326956153,-0.004551575053483248,-0.004398921970278025,-0.00261047575622797,-0.0026062808465212584,-0.0001353905681753531
PGR,0,2026-04-07 13:30:00+00:00,09:30,-0.0001482025400036946,down,-0.001167524023912847,0.0014115887461230159,4.728697967948392e-05,0.001852763001807034,0.001424533547833562,0.00040990233537741005,-0.0018609431572258472,-0.0006388331530615687,-0.0014883133117109537,-0.001188182970508933,0.0005824983236379921,0.00045159898581914604,-0.0002335778553970158,-0.0003786191518884152,-0.0007689659250900149,-0.0011950669577345252,0.0003905062912963331,0.000665049534291029,0.00017674881382845342,2.945537562482059e-05,-0.001163669629022479,-0.0026992312632501125,-0.0033197798766195774,-0.0003845841274596751,-0.0011026300489902496,-0.0001482025400036946
AMT,0,2026-04-07 13:30:00+00:00,09:30,-0.00015702394011896104,down,-0.004205192439258099,-0.00027986036729998887,-0.0018929112702608109,-6.151094567030668e-05,0.00047776225255802274,-0.0012964220950379968,-0.004285720176994801,-0.0034182840026915073,-0.005446652881801128,-0.0036979317665100098,-0.0015778604429215193,-0.00034242207766510546,-0.0017807574477046728,-0.0023050387389957905,-0.003327686106786132,-0.0030024037696421146,-0.0017001575324684381,-0.0015793225029483438,-0.0027073603123426437,-0.0024320902302861214,-0.002800848800688982,-0.005134682171046734,-0.004623334389179945,-0.0017579190898686647,-0.0032892636954784393,-0.00015702394011896104
MDT,0,2026-04-07 13:30:00+00:00,09:30,-0.00016992435848806053,down,-0.005610428284853697,-0.0023843252565711737,-0.00409240135923028,-0.00177293480373919,-0.0009585821535438299,-0.0016620575916022062,-0.006155855022370815,-0.004290499724447727,-0.004965959582477808,-0.004089854657649994,-0.0027068944182246923,-0.0018858045805245638,-0.002480903407558799,-0.0020336664747446775,-0.003242056118324399,-0.0031219194643199444,-0.001894099172204733,-0.0020230670925229788,-0.00018895110406447202,-0.0011490200413390994,-0.0010129696456715465,-0.0025903680361807346,-0.002451958367601037,-0.00017613769159652293,-0.00195336458273232,-0.00016992435848806053
NWSA,0,2026-04-07 13:30:00+00:00,09:30,-0.00018044620810542256,down,-0.0017114074435085058,0.0007118994253687561,-0.0012868669582530856,-0.0003165836678817868,-0.00023335816513281316,-0.002243337221443653,-0.002544065471738577,-0.001914160791784525,-0.0013511884026229382,-0.002363869920372963,0.00038024678360670805,0.0013520428910851479,0.0008889211458154023,0.0016850399551913142,0.00119029451161623,0.0002808709687087685,0.0015131355030462146,0.0014246100327000022,0.00027175690047442913,0.0010436262236908078,-0.0001552251778775826,-0.002283812500536442,-0.002181240124627948,0.0009450420620851219,-0.0008044810965657234,-0.00018044620810542256
STX,0,2026-04-07 13:30:00+00:00,09:30,-0.0001993922342080623,down,-0.010984614491462708,-0.008362658321857452,-0.01262552011758089,-0.005279810167849064,-0.013584568165242672,-0.01541783008724451,-0.01562438439577818,-0.008336528204381466,-0.00938841886818409,-0.007064636796712875,-0.0058756666257977486,-0.005022141151130199,-0.006612919736653566,-0.005079393740743399,-0.004919170401990414,-0.005181657616049051,-0.005385120864957571,-0.004053060431033373,-0.00527538824826479,-0.006964137777686119,-0.009896322153508663,-0.014010487124323845,-0.014319216832518578,-0.005898434668779373,-0.0073296003974974155,-0.0001993922342080623
GD,0,2026-04-07 13:30:00+00:00,09:30,-0.0002112272341037169,down,0.0013461578637361526,0.002682960592210293,0.0023849760182201862,0.004458406940102577,0.005990858655422926,0.0037017236463725567,0.002300115767866373,0.0015490116784349084,0.00029099470702931285,0.0006821369170211256,0.0022610968444496393,0.00226936349645257,0.001819921424612403,0.0018722590757533908,0.0008520585251972079,-0.00030223422800190747,0.00041736880666576326,0.001176365534774959,-1.5359026292571798e-05,-6.059872976038605e-05,0.000439438852481544,-0.0027756025083363056,-0.0028350616339594126,2.557165498728864e-05,-0.001527390442788601,-0.0002112272341037169
EXPD,0,2026-04-07 13:30:00+00:00,09:30,-0.00021219895279500633,down,-0.0008870617602951825,0.0007452385616488755,-0.0007105508702807128,0.0020887998398393393,0.0019939567428082228,0.00010143119288841262,-0.002180851297453046,-0.0010942757362499833,-0.0006437418633140624,-0.001462079118937254,0.0008516560774296522,0.001501449034549296,0.0005255311261862516,0.0010891053825616837,0.0009355618385598063,3.0478699954983313e-06,0.0012599315959960222,0.0005138808628544211,0.00033349168370477855,0.0007801827741786838,-0.0004617776139639318,-0.002064500469714403,-0.0029767684172838926,0.00010806442878674716,-0.0010619298554956913,-0.00021219895279500633
SYK,0,2026-04-07 13:30:00+00:00,09:30,-0.0002499196561984718,down,-0.0003801688435487449,0.0016438683960586786,0.0003656777262222022,0.0029940279200673103,0.0027454609517008066,9.824833978200331e-05,-0.0008674233686178923,0.0006107159424573183,-0.0009629653068259358,-0.0021351128816604614,-0.00038830545963719487,0.0005049773026257753,-0.0007655477384105325,4.593228368321434e-05,-0.0002579042629804462,-0.0016524308593943715,-0.0004001820634584874,-0.0002275184087920934,-0.0008837456698529422,-0.0007547464338131249,0.00019341254665050656,-0.0025844296906143427,-0.0026624156162142754,-0.0004340536834206432,-0.0025262385606765747,-0.0002499196561984718
NWS,0,2026-04-07 13:30:00+00:00,09:30,-0.0002861323591787368,down,0.001664777286350727,0.0045531438663601875,0.0022582965902984142,0.006209859624505043,0.0027460099663585424,0.0008941797423176467,-0.0009049215586856008,0.0018194251460954547,0.00012402977154124528,-4.439328404259868e-05,0.0013828483643010259,0.0023883015383034945,0.0014910052996128798,0.0019528293050825596,0.0016357034910470247,0.0008876095525920391,0.002659233519807458,0.0022735106758773327,0.0016428135568276048,0.0018153473502025008,0.00050392746925354,-0.0008027149015106261,-0.0020796749740839005,0.0014866951387375593,-0.0010568620637059212,-0.0002861323591787368
MO,0,2026-04-07 13:30:00+00:00,09:30,-0.000302677828585729,down,-0.004673412069678307,-0.0018705726834014058,-0.0028837721329182386,-0.0021941959857940674,-0.0017695288406684995,-0.00350635196082294,-0.005043561104685068,-0.0035452311858534813,-0.004537637811154127,-0.0041399686597287655,-0.0019763722084462643,-0.0012192261638119817,-0.0018278362695127726,-0.0013496403116732836,-0.0006516934372484684,-0.0017547718016430736,-0.0005570388166233897,0.00022094958694651723,-0.00030329686705954373,0.0010655511869117618,0.00019202532712370157,-0.001852092333137989,-0.0013988475548103452,0.00045707295066677034,-0.0012357323430478573,-0.000302677828585729
MTD,0,2026-04-07 13:30:00+00:00,09:30,-0.00032038704375736415,down,-0.0018871687352657318,-0.0002035412471741438,-0.0026393935550004244,0.0008609977085143328,0.000813001359347254,-0.0019763712771236897,-0.003300466574728489,-0.0025997941847890615,-0.004983399994671345,-0.003036272944882512,-0.0006976966396905482,0.00022961950162425637,-0.0005191414966247976,-0.0002498997491784394,-0.0011951490305364132,-0.0017647109925746918,-5.623706238111481e-05,-4.1116443753708154e-05,0.000310882373014465,-0.001224376494064927,-0.0022084328811615705,-0.0031321593560278416,-0.004294130019843578,-0.0013209197204560041,-0.003005292499437928,-0.00032038704375736415
TTWO,0,2026-04-07 13:30:00+00:00,09:30,-0.0003215612377971411,down,0.0013094216119498014,0.0035992530174553394,0.0030057555995881557,0.004677851218730211,0.004478716291487217,0.0019243712304159999,0.00028189009753987193,0.0011519205290824175,0.0002114469971274957,0.0005848545697517693,0.0013197546359151602,0.0018188711255788803,0.0015862715663388371,0.001641036942601204,0.0016281978460028768,0.0002833256730809808,0.0023668978828936815,0.0020471515599638224,0.001528578344732523,0.0010131056187674403,0.00010889855911955237,-0.0009251162991859019,-0.0023595329839736223,0.00024431763449683785,-0.0007247315370477736,-0.0003215612377971411
CCL,0,2026-04-07 13:30:00+00:00,09:30,-0.00033084885217249393,down,-0.017158035188913345,-0.008961081504821777,-0.013022457249462605,-0.009524457156658173,-0.007795194163918495,-0.010144494473934174,-0.014001983217895031,-0.013443740084767342,-0.01331544853746891,-0.012836971320211887,-0.010405834764242172,-0.009605294093489647,-0.004016906023025513,-0.0014780090423300862,-0.0012690449366346002,-0.0035052455496042967,-0.001650210004299879,-0.0033617988228797913,-0.0016412014374509454,-0.003922130446881056,-0.0046672760508954525,-0.00712182093411684,-0.005327814724296331,0.0004465593956410885,0.0006379649857990444,-0.00033084885217249393
HWM,0,2026-04-07 13:30:00+00:00,09:30,-0.000339723628712818,down,-0.0008922925917431712,0.0019025602377951145,0.00047957117203623056,0.003370912978425622,0.002523123985156417,0.00028415315318852663,-0.0019317312398925424,-0.0003324469435028732,-0.0018219517078250647,-0.0005882912082597613,0.0018786825239658356,0.0009093022090382874,0.00010308312630513683,0.00036251876736059785,0.00041658245027065277,-0.0004322053282521665,0.0007267602486535907,0.00019721925491467118,-0.0003174360899720341,-0.0003078724257647991,-0.0011381272925063968,-0.0027459594421088696,-0.003258057637140155,-0.00119135738350451,-0.002051589312031865,-0.000339723628712818
FIX,0,2026-04-07 13:30:00+00:00,09:30,-0.0003557757299859077,down,-0.001812795177102089,-0.00188956328202039,-0.004329713061451912,-0.00030492895166389644,-0.0019846633076667786,-0.004497547168284655,-0.006093911826610565,-0.004537757020443678,-0.006332112941890955,-0.0048017119988799095,-0.0023230165243148804,-0.0014775106683373451,-0.0017979793483391404,-0.0016142172971740365,-0.002419974422082305,-0.0031697824597358704,-0.0016379130538553,-0.001421490334905684,-0.0016144287073984742,-0.0027760560624301434,-0.00412318529561162,-0.005797325633466244,-0.006194740999490023,-0.002147128339856863,-0.004448186606168747,-0.0003557757299859077
GWW,0,2026-04-07 13:30:00+00:00,09:30,-0.0003798089164774865,down,7.271325739566237e-05,0.0012654911261051893,8.061029075179249e-05,0.0028320234268903732,0.0034497766755521297,0.0008812538580968976,0.0005763150984421372,0.0010104796383529902,-0.0003459956496953964,0.0006886811461299658,0.0023803168442100286,0.0020798230543732643,0.0023400885984301567,0.002120670862495899,0.001276326598599553,0.0002589366922620684,0.0015174769796431065,0.001575100002810359,0.0015847645699977875,0.0006220614304766059,-0.0005732193239964545,-0.0018088133074343204,-0.0023852246813476086,0.0006011653458699584,-0.0015011409996077418,-0.0003798089164774865
JCI,0,2026-04-07 13:30:00+00:00,09:30,-0.0003830666246358305,down,-0.0013051710557192564,0.0012466749176383018,-0.0006534697604365647,0.0010904950322583318,0.002100339625030756,0.00010824486525962129,-0.0017893564654514194,-0.00173143798019737,-0.0019350515212863684,-0.0027650119736790657,-0.0003476355050224811,4.261935828253627e-06,-0.0009668889688327909,0.0006758446688763797,-0.00012160607730038464,-0.001098213135264814,0.00040247890865430236,0.00017096917144954205,0.0007614347850903869,4.240442649461329e-05,-0.0011325135128572583,-0.003051420208066702,-0.0038523010443896055,-0.0012986292131245136,-0.003877688432112336,-0.0003830666246358305
MET,0,2026-04-07 13:30:00+00:00,09:30,-0.0003862827143166214,down,-0.0018645885866135359,0.0017282888293266296,-0.0004560978268273175,0.0008500108378939331,0.0009733590995892882,-0.001010878011584282,-0.0026125945150852203,-0.0024948634672909975,-0.003791815834119916,-0.005461643449962139,-0.003941252827644348,-0.0011115882080048323,-0.0015143291093409061,-0.0007081807707436383,-0.0007618429372087121,-0.002136007882654667,-0.00010320680303266272,7.350115629378706e-05,-0.00041664831223897636,-0.00037693354533985257,-0.0009487836505286396,-0.00319222966209054,-0.0021320630330592394,0.0011191561352461576,-0.0008369485149160028,-0.0003862827143166214
FANG,0,2026-04-07 13:30:00+00:00,09:30,-0.0004138507938478142,down,-0.0020086029544472694,-0.002467154758051038,-0.0038063423708081245,-0.0006494966801255941,-0.002293412573635578,-0.004277041181921959,-0.00483305100351572,-0.0025309287011623383,-0.003088749246671796,-0.0029395269230008125,-0.001332864980213344,0.00016779301222413778,-0.001063699834048748,-2.8994083550060168e-05,0.0005650073289871216,-0.0008598502026870847,0.0008616597042419016,9.115593275055289e-05,-0.0009730649180710316,-0.00022496230667456985,-0.003502622013911605,-0.004468259867280722,-0.0027862899005413055,-0.00018293791799806058,-0.0030354054179042578,-0.0004138507938478142
NXPI,0,2026-04-07 13:30:00+00:00,09:30,-0.00046636644401587546,down,0.00018306558195035905,0.0009399972041137516,0.00014564783487003297,0.002156205242499709,0.001604435034096241,-0.0006105111096985638,-0.0022777742706239223,-0.0012385909212753177,-0.003177366917952895,-0.0019952780567109585,-0.0010241168783977628,-0.0007491661817766726,-0.0007763717439956963,-0.0017967188032343984,-0.0025545796379446983,-0.0022639890667051077,-0.000998716801404953,-0.00041005597449839115,-0.0023683749604970217,-0.0017447525169700384,-0.0032470591831952333,-0.003925647120922804,-0.003983371425420046,-0.0010485894745215774,-0.0026237221900373697,-0.00046636644401587546
SYY,0,2026-04-07 13:30:00+00:00,09:30,-0.0005509710754267871,down,-0.000368390028597787,-0.0007065081153996289,-0.0026424939278513193,-0.001824218430556357,0.0018053911626338959,-0.00143245083745569,-0.005896259099245071,-0.0048161339946091175,-0.0028616494964808226,-0.0023166071623563766,-0.00032050409936346114,0.001487700385041535,-0.002213160041719675,-0.002043437445536256,-0.0029432345181703568,-0.0019147933926433325,-0.003850353416055441,-0.0026098517701029778,-0.006342027336359024,-0.004829915706068277,-0.0034398813731968403,-0.005354735068976879,-0.005118588451296091,-0.0025857805740088224,-0.00454925699159503,-0.0005509710754267871
LOW,0,2026-04-07 13:30:00+00:00,09:30,-0.0005551280337385833,down,-0.002085648709908128,0.0009868511697277427,-0.002116082003340125,0.0002697950985748321,-0.0006306547438725829,-0.002035705838352442,-0.004508590791374445,-0.003639283124357462,-0.004911469295620918,-0.004803718999028206,-0.002319489838555455,-0.002034767298027873,-0.002418483141809702,-0.0032249665819108486,-0.003066254546865821,-0.004090722184628248,-0.002373579191043973,-0.0018453901866450906,-0.002292836084961891,-0.0018687566043809056,-0.0020986106246709824,-0.0035962837282568216,-0.004815303720533848,-0.002239482942968607,-0.002567816525697708,-0.0005551280337385833
NUE,0,2026-04-07 13:30:00+00:00,09:30,-0.0005634173285216093,down,-0.002085591433569789,-0.001609006430953741,-0.005286906845867634,2.4811406547087245e-05,-0.003310829633846879,-0.004554221872240305,-0.006573409773409367,-0.003927074838429689,-0.003548696869984269,-0.004018269944936037,0.0008458826341666281,0.0012076480779796839,0.00167666666675359,0.001548522850498557,0.0009837878169491887,-0.000858916318975389,0.00014107853348832577,0.0005192476091906428,-0.002154084388166666,-0.001474933116696775,-0.001903051626868546,-0.0031505979131907225,-0.00343141658231616,-0.0009133321582339704,-0.003727399278432131,-0.0005634173285216093
DGX,0,2026-04-07 13:30:00+00:00,09:30,-0.0005656646681018174,down,-0.001710463548079133,0.0010169449960812926,0.00047858618199825287,0.0039023952558636665,0.004143953789025545,0.002696941141039133,0.002484438940882683,0.0019476787419989705,0.000962888530921191,0.00090798205928877,0.002028764458373189,0.001813490060158074,0.0019365694606676698,0.0013580701779574156,0.0009995392756536603,0.0009543499327264726,0.002251771278679371,0.0016381145687773824,0.0013228500029072165,0.0012836847454309464,0.0004141431418247521,-0.0012110936222597957,-0.0021244927775114775,0.00024531123926863074,-0.000768765399698168,-0.0005656646681018174
PH,0,2026-04-07 13:30:00+00:00,09:30,-0.0005974742234684527,down,-0.0007261263090185821,0.0009653654997237027,-0.00016393621626775712,0.003706228220835328,0.004186725243926048,0.0007784299668855965,-0.0003091077087447047,-0.0005669381353072822,-0.001998012885451317,-0.0006197478505782783,0.0011577411787584424,0.001485451590269804,0.0016391680110245943,0.001323662349022925,0.00030681490898132324,-0.0005640326999127865,0.0006160247721709311,0.0007848984678275883,0.0006529868696816266,-0.00043045927304774523,-0.0018741708481684327,-0.0030144075863063335,-0.004143080674111843,-0.0004954510950483382,-0.002047470072284341,-0.0005974742234684527
GL,0,2026-04-07 13:30:00+00:00,09:30,-0.0006004429305903614,down,0.001429269090294838,0.004442229866981506,0.0028419422451406717,0.004494698252528906,0.005940625444054604,0.0036196173168718815,0.0020727855153381824,0.0019254714716225863,0.002618350787088275,0.0017828032141551375,0.0032246303744614124,0.003938830457627773,0.0030975567642599344,0.0028940618503838778,0.002214438747614622,0.0010798098519444466,0.0020843734964728355,0.0015087645733729005,0.0005757730104960501,0.001532378955744207,0.0005942382849752903,-0.0012313995976001024,-0.0018954542465507984,0.00019139172218274325,-0.0015290111768990755,-0.0006004429305903614
URI,0,2026-04-07 13:30:00+00:00,09:30,-0.0006096558645367622,down,-0.0020402027294039726,0.00034066932857967913,-0.002257454441860318,0.002161110285669565,0.0012210875283926725,-0.0003054250555578619,-0.002553660189732909,-0.0021051582880318165,-0.004272800870239735,-0.003816393204033375,-0.002263630274683237,-0.0005519522237591445,-0.001157980179414153,-0.0017765159718692303,-0.001408871728926897,-0.002818512497469783,-0.0006411367794498801,-0.0011014165356755257,-0.0006853654631413519,-0.0019660373218357563,-0.0032964672427624464,-0.004872188903391361,-0.004492354113608599,-0.0016658835811540484,-0.0032127408776432276,-0.0006096558645367622
MRSH,0,2026-04-07 13:30:00+00:00,09:30,-0.0006134067662060261,down,-0.0019347341731190681,0.0014153228839859366,0.00033145106863230467,0.0024914375972002745,0.0014742243802174926,-0.0011148271150887012,-0.003224443644285202,-0.002367129549384117,-0.003405381692573428,-0.0027956648264080286,6.035420665284619e-05,0.0007747836643829942,0.0006010819924995303,0.00023607656476087868,0.00012904709728900343,-0.0012362382840365171,0.0003913521650247276,0.0005467688897624612,-0.00031454654526896775,-0.0003867067280225456,-0.0007756063714623451,-0.003102464834228158,-0.0037116201128810644,-9.911184315569699e-05,-0.0024332785978913307,-0.0006134067662060261
CRM,0,2026-04-07 13:30:00+00:00,09:30,-0.0006144209182821214,down,-0.0036725574173033237,-0.00028517417376860976,-0.003064755816012621,-0.0009457217529416084,-0.002220123540610075,-0.002621662337332964,-0.005295486189424992,-0.0026122061535716057,-0.002966273808851838,-0.0024378402158617973,-0.0014622386079281569,-0.0006960590835660696,-0.0019783256575465202,-0.0019544358365237713,-0.0010051233693957329,-0.001262984937056899,-0.0009319605305790901,-0.00012885015166830271,-0.0005129722994752228,-0.0008784118690527976,-0.003002057783305645,-0.00519529776647687,-0.004830647725611925,-0.0011616505216807127,-0.002620569197461009,-0.0006144209182821214
MSFT,0,2026-04-07 13:30:00+00:00,09:30,-0.0006191149586811662,down,-0.002386966487392783,-0.003525226842612028,-0.004446066915988922,-0.0011082692071795464,-0.0028911950066685677,-0.00564779806882143,-0.006759472656995058,-0.0071539063937962055,-0.007126017473638058,-0.005709669087082148,-0.0049298470839858055,-0.0024762945249676704,-0.002772222738713026,-0.0031777943950146437,-0.002849672921001911,-0.003429105971008539,-0.0019996974151581526,-0.0029083455447107553,-0.004104176070541143,-0.004576953127980232,-0.005151916295289993,-0.007664978038519621,-0.005523853003978729,-0.003510930808261037,-0.0033635692670941353,-0.0006191149586811662
MMM,0,2026-04-07 13:30:00+00:00,09:30,-0.0006273358594626188,down,0.0011858241632580757,0.0031338457483798265,0.000657908502034843,0.002820634515956044,0.003729056566953659,0.0007854532450437546,-0.0007454766891896725,4.6720742830075324e-07,-0.0003557432210072875,-0.001747475820593536,-0.0003850279317703098,0.0006092577241361141,0.0002230456448160112,-5.2299870731076226e-05,-0.00020189904898870736,-0.001205808250233531,0.0005240783793851733,0.00029403422377072275,0.0002262512716697529,0.0002997524570673704,-4.682898725150153e-05,-0.0026097334921360016,-0.003026098245754838,5.736374805564992e-05,-0.0026495931670069695,-0.0006273358594626188
TMUS,0,2026-04-07 13:30:00+00:00,09:30,-0.0006398892728611827,down,-0.002451012609526515,0.00013816759746987373,-0.0006723698461428285,0.0016502360813319683,0.0023022727109491825,0.0006051837699487805,0.000234888750128448,5.197714926907793e-06,-0.0010590074816718698,-0.001584992278367281,0.0001347665092907846,-0.0006528248195536435,-0.0012339083477854729,-0.0010313420789316297,-0.00016582160606049,-0.0008317528991028666,0.00017229258082807064,0.00029691128293052316,0.0004603619745466858,-3.226552507840097e-05,-0.001251430599950254,-0.0032309237867593765,-0.003561800578609109,-0.0009396621608175337,-0.0012778504751622677,-0.0006398892728611827
PODD,0,2026-04-07 13:30:00+00:00,09:30,-0.0006409509223885834,down,6.578878674190491e-05,0.00408291956409812,0.0018142983317375183,0.004663772415369749,0.003745195921510458,0.0032088139560073614,0.0015217773616313934,0.0020312273409217596,-0.000522726506460458,-0.000171619831235148,0.0013831494143232703,-0.000474545027827844,-0.0009897780837491155,-0.0012582028284668922,-3.495902637951076e-05,7.872514106566086e-05,0.00043998766341246665,-0.0005349128041416407,-0.0018109807278960943,-9.483251778874546e-05,-0.0007006633095443249,-0.0025899186730384827,-0.0029855354223400354,0.0009549701353535056,-0.001499321311712265,-0.0006409509223885834
PFE,0,2026-04-07 13:30:00+00:00,09:30,-0.0006618629558943212,down,-0.012045337818562984,-0.007696114014834166,-0.01039775088429451,-0.006432441994547844,-0.009182753972709179,-0.010372520424425602,-0.014173896983265877,-0.015358568169176579,-0.016827275976538658,-0.016139118000864983,-0.012085343711078167,-0.010973002761602402,-0.009048236533999443,-0.006037724204361439,-0.008559560403227806,-0.008849415928125381,-0.004610869102180004,-0.005562420003116131,-0.0046641090884804726,-0.004992020316421986,-0.004934348631650209,-0.0067620850168168545,-0.007342983037233353,-0.0010287550976499915,-0.0028299514669924974,-0.0006618629558943212
CL,0,2026-04-07 13:30:00+00:00,09:30,-0.000673482078127563,down,-0.003055439330637455,-0.0006346401642076671,-0.001780131133273244,0.0004430527042131871,0.0012119514867663383,-0.00022058181639295071,-0.002580223837867379,-0.0021845027804374695,-0.0006531844264827669,-0.0013876098673790693,5.327640974428505e-05,-0.0001980372762773186,-0.00018966145580634475,0.00010920118074864149,-3.5162127005605726e-06,-0.0015796675579622388,0.0008702707709744573,0.0004075526667293161,0.0003980780311394483,0.0012328211450949311,0.0010417783632874489,-0.0018954772967845201,-0.0020100404508411884,0.0013408497907221317,-0.00030902447178959846,-0.000673482078127563
EXPE,0,2026-04-07 13:30:00+00:00,09:30,-0.0006947786896489561,down,5.708570824936032e-07,0.0015822270652279258,-0.002139667049050331,-4.057081969222054e-05,-0.0008417029748670757,-0.002758023329079151,-0.005078361369669437,-0.00399390934035182,-0.004414931405335665,-0.004807907156646252,-0.002299232641234994,-0.002525385469198227,-0.0015951480017974973,-0.0022476098965853453,-0.0032506040297448635,-0.003794041695073247,-0.0008796040201559663,-0.0016099411295726895,-0.0017034176271408796,-0.0013494320446625352,-0.0012316710781306028,-0.0031367032788693905,-0.0038463459350168705,-0.0017570456257089972,-0.0024032120127230883,-0.0006947786896489561
LEN,0,2026-04-07 13:30:00+00:00,09:30,-0.0007267734035849571,down,0.0011969859478995204,0.009829347021877766,0.004435844253748655,0.005141803994774818,0.005350652150809765,0.0038319018203765154,-0.0016013570129871368,0.0021921247243881226,0.0015113538829609752,-0.000343421648722142,0.000448064471129328,8.452252950519323e-05,0.0010901974746957421,0.002388806315138936,0.0028348201885819435,0.0020949593745172024,0.0027378625236451626,0.0007039938354864717,-0.00026068088482134044,-0.0002842757385224104,0.0005571187357418239,-0.0017866694834083319,-0.0012952007818967104,0.003487369976937771,-0.00031844331533648074,-0.0007267734035849571
PAYX,0,2026-04-07 13:30:00+00:00,09:30,-0.0007563908002339303,down,-0.002853652462363243,-0.0014372190926223993,-0.002914675045758486,-0.0004899740451946855,-0.0013558493228629231,-0.002187441335991025,-0.0064508942887187,-0.004528575576841831,-0.004819934256374836,-0.0049489689990878105,-0.0034375572577118874,-0.0028736141975969076,-0.0011791796423494816,0.0007415732834488153,0.0011104809818789363,-0.0011900748359039426,0.0017388156848028302,-5.8653658925322816e-05,0.0010477238101884723,-0.0007396452128887177,-0.0008167309570126235,-0.002648786874487996,-0.003265729872509837,0.001423560199327767,-0.0018673914019018412,-0.0007563908002339303
NVDA,0,2026-04-07 13:30:00+00:00,09:30,-0.0007574224728159606,down,-0.0064875343814492226,-0.006601179018616676,-0.008902150206267834,-0.009039935655891895,-0.012551287189126015,-0.015126965939998627,-0.0142907053232193,-0.010697946883738041,-0.012908319011330605,-0.009693484753370285,-0.00735903438180685,-0.006622075103223324,-0.006565891671925783,-0.005764125380665064,-0.006777277681976557,-0.005910506471991539,-0.005857583601027727,-0.006062370724976063,-0.005802714731544256,-0.005563579499721527,-0.006626022048294544,-0.0070937396958470345,-0.005370181519538164,-0.0026844507083296776,-0.002933396492153406,-0.0007574224728159606
IVZ,0,2026-04-07 13:30:00+00:00,09:30,-0.0007647098391316831,down,-0.014360076747834682,-0.006820041686296463,-0.007969141006469727,-0.006860292516648769,-0.00931687094271183,-0.01420409046113491,-0.016639523208141327,-0.011165689677000046,-0.013127977028489113,-0.012510333210229874,-0.008319174870848656,-0.007551261223852634,-0.001667203614488244,-0.0009635677561163902,-0.0030333269387483597,-0.0030285257380455732,0.0019341569859534502,0.002459468087181449,0.0010112496092915535,-0.0018405731534585357,-0.003593485103920102,-0.005312042310833931,-0.004086551256477833,0.0011554377852007747,-0.000796439650002867,-0.0007647098391316831
EG,0,2026-04-07 13:30:00+00:00,09:30,-0.0008300828048959374,down,0.0021887493785470724,0.004910956136882305,0.0037909902166575193,0.0048644584603607655,0.0075713107362389565,0.005066864658147097,0.0027204803191125393,0.0022026700899004936,0.0011354162124916911,0.0007124344119802117,0.0020887984428554773,0.002077914774417877,0.0010446807136759162,0.0014339425833895802,0.00024552244576625526,-0.0007931506843306124,-0.00014183716848492622,0.0004913386073894799,-7.564784027636051e-05,-0.0007973235915414989,-2.3302247427636757e-05,-0.0016841712640598416,-0.0028472095727920532,0.0003232827293686569,-0.0016030946280807257,-0.0008300828048959374
TSN,0,2026-04-07 13:30:00+00:00,09:30,-0.0008477548253722489,down,2.3865646653575823e-05,0.0024467636831104755,0.00010360349551774561,0.001395143219269812,0.0020657542627304792,-0.0006750451284460723,-0.0018166276859119534,-0.0019468344980850816,-0.0006387587636709213,-0.0017201922601088881,0.00042022549314424396,0.001850946107879281,0.000928771507460624,0.0014520784607157111,0.0009610215784050524,0.0005145395407453179,0.0015821586130186915,0.0014417065540328622,0.0008626234484836459,0.0010411875555291772,0.000957605370786041,-0.0006211953586898744,-0.0017703938065096736,0.00041604688158258796,-0.0026893436443060637,-0.0008477548253722489
ADP,0,2026-04-07 13:30:00+00:00,09:30,-0.0008487133891321719,down,-0.0019588451832532883,-0.00042732362635433674,-0.000976210692897439,0.0005382882081903517,0.0006253864266909659,0.00031015797867439687,-0.003265074221417308,-0.002875264035537839,-0.004222529474645853,-0.0019195118220523,-0.0011871174210682511,-0.0005900636897422373,-0.0007523966487497091,-0.00022025799262337387,-0.00017053661576937884,-0.0007130549056455493,0.0009115367429330945,0.0007219007238745689,0.0006800017436034977,6.559137545991689e-05,-0.001127744559198618,-0.002162151038646698,-0.003452245844528079,-0.0015596343437209725,-0.0027508793864399195,-0.0008487133891321719
AMAT,0,2026-04-07 13:30:00+00:00,09:30,-0.0008490900509059429,down,-0.006588243879377842,-0.0077562700025737286,-0.0137947304174304,-0.009758654981851578,-0.012865201570093632,-0.016167443245649338,-0.019249754026532173,-0.015088483691215515,-0.015045160427689552,-0.013198377564549446,-0.009480783715844154,-0.009324857965111732,-0.006453587207943201,-0.007404659409075975,-0.007792803458869457,-0.00968190561980009,-0.006042392924427986,-0.005585219711065292,-0.008358325809240341,-0.009433954954147339,-0.009001761674880981,-0.013873161748051643,-0.011345797218382359,-0.006322134286165237,-0.006816792767494917,-0.0008490900509059429
PHM,0,2026-04-07 13:30:00+00:00,09:30,-0.0008689957903698087,down,0.003187692491337657,0.006929422728717327,0.001690831035375595,0.004379002843052149,0.005463061388581991,0.0029174310620874166,0.0001173749624285847,0.0018165500368922949,0.0014447333524003625,0.0013964989921078086,0.003253212897107005,0.0017777528846636415,0.003261653706431389,0.0029408608097583055,0.0026869613211601973,0.0020500405225902796,0.00242261472158134,0.0013026196975260973,-2.2042499949748162e-06,0.00029323375201784074,0.0002727372047957033,-0.0013473177095875144,-0.0014109308831393719,0.0014454590855166316,-0.002098867204040289,-0.0008689957903698087
RTX,0,2026-04-07 13:30:00+00:00,09:30,-0.0008719051838852465,down,-0.004059748258441687,-0.0005979406996630132,-0.0025444356724619865,-0.0011095937807112932,-0.0009989045793190598,-0.002149829175323248,-0.004179403651505709,-0.003053679596632719,-0.003722935449331999,-0.0027838065288960934,-0.00101533776614815,-0.0007651257910765707,-0.002097215037792921,-0.002686156425625086,-0.0026598693802952766,-0.0016649437602609396,-0.0014406325062736869,-0.000603468157351017,-0.0016684901202097535,-0.0014786646934226155,-0.002879877807572484,-0.004980454687029123,-0.004662143997848034,-0.0018414694350212812,-0.0017965667648240924,-0.0008719051838852465
MGM,0,2026-04-07 13:30:00+00:00,09:30,-0.0008734292350709438,down,-0.0002415305789327249,0.0007905032834969461,-0.0005425978451967239,0.000657588941976428,-0.000444863602751866,-0.003216482698917389,-0.0059684268198907375,-0.007238459773361683,-0.005400821100920439,-0.005170066375285387,-0.004633061122149229,-0.0031989829149097204,-0.003477555699646473,-0.0028503246139734983,-0.002598030725494027,-0.0032387026585638523,-0.0014343749498948455,-0.0018994648708030581,-0.001811529858969152,-0.0011633823160082102,-0.0017509122844785452,-0.0038627784233540297,-0.004120280034840107,-0.0008351080468855798,-0.002487791934981942,-0.0008734292350709438
MSCI,0,2026-04-07 13:30:00+00:00,09:30,-0.0008852586033754051,down,-0.0008559425477869809,0.0009018824785016477,-3.0098421120783314e-05,0.0015097667928785086,0.0024213276337832212,0.0014286390505731106,-0.0009506760397925973,-0.0013376636197790504,-0.0019453694112598896,-0.0015422508586198092,-0.00034273479832336307,0.001039536902680993,0.000425385165726766,0.0005870709428563714,-0.0001493662130087614,-0.0010677364189177752,-0.0005166919436305761,-0.0005334847373887897,-0.0004236075619701296,-0.0011796144535765052,-0.001638449844904244,-0.003155848477035761,-0.002700360491871834,-0.0009718087967485189,-0.002040303312242031,-0.0008852586033754051
EMR,0,2026-04-07 13:30:00+00:00,09:30,-0.0009156065061688423,down,-0.001699287910014391,0.0009459225693717599,-0.0014485990395769477,0.0002616382553242147,0.0007998349028639495,0.0007279111305251718,-0.0007355891866609454,-0.0012107223737984896,-0.0020293029956519604,-0.002924432046711445,-0.0002390013396507129,-0.0004498913767747581,-0.00044689973583444953,0.00014805908722337335,3.683251634356566e-05,4.879111656919122e-06,0.00015442620497196913,-0.00017593523079995066,-0.0004026980313938111,-0.00068388890940696,-0.0018948853248730302,-0.004125765059143305,-0.0048392219468951225,-0.0010360443266108632,-0.004030750133097172,-0.0009156065061688423
CHD,0,2026-04-07 13:30:00+00:00,09:30,-0.0009164524381048977,down,-0.001779372338205576,-0.00012155083095422015,-0.002047946210950613,-0.00022869848180562258,0.0002260913170175627,-0.003260217607021332,-0.005062778014689684,-0.004899636376649141,-0.004903991241008043,-0.005551883019506931,-0.0028301530983299017,2.6693571271607652e-05,-0.002238080371171236,-0.0005288995453156531,4.09092208428774e-05,-0.0008759122574701905,0.0004972785245627165,-0.00010566598939476535,0.00019683902792166919,0.0006676039192825556,-0.0008733802242204547,-0.002724124351516366,-0.003751868149265647,9.401053102919832e-05,-0.00031088292598724365,-0.0009164524381048977
TFC,0,2026-04-07 13:30:00+00:00,09:30,-0.000931548944208771,down,-0.0025008805096149445,-0.0026902235113084316,-0.006228679325431585,-0.00420773820951581,-0.0055659557692706585,-0.0045464178547263145,-0.006207889877259731,-0.006135471165180206,-0.004759011324495077,-0.0025940625928342342,-0.002184562850743532,-0.0006683355895802379,-0.0023247338831424713,-0.0021438568364828825,-0.0023197962436825037,-0.0024612119887024164,-0.0010825467761605978,-0.0023204879835247993,-0.0019513125298544765,-0.002215601736679673,-0.0026551547925919294,-0.0025718079414218664,-0.0026211650110781193,-1.9344024622114375e-05,-0.002478801179677248,-0.000931548944208771
PPL,0,2026-04-07 13:30:00+00:00,09:30,-0.0009415150270797312,down,-0.0017899773083627224,7.773087418172508e-05,-0.0009908205829560757,0.0009827406611293554,0.000609027105383575,-0.0020016320049762726,-0.005659832153469324,-0.005326314829289913,-0.004867906216531992,-0.004070108290761709,-0.0037849550135433674,-0.0030700969509780407,-0.0032176158856600523,-0.002747491467744112,-0.003067996585741639,-0.0034391642548143864,-0.001500981510616839,-0.0020157229155302048,-0.00159776012878865,-0.0011553737567737699,-0.0011416157940402627,-0.003475232282653451,-0.0029530602041631937,-0.0003808476612903178,-0.002239196328446269,-0.0009415150270797312
GIS,0,2026-04-07 13:30:00+00:00,09:30,-0.0009447335614822805,down,0.0005995634128339589,0.0021529924124479294,0.0011883327970281243,0.0021898432169109583,0.0007580461096949875,-0.0017947584856301546,-0.004651249852031469,-0.003524376777932048,-0.003245397238060832,-0.0025349589996039867,-0.0023226512130349874,-0.0014851978048682213,-0.0019197539659217,-0.0024686004035174847,-0.0011235183337703347,-0.0012156261363998055,-0.001170335803180933,-0.0015126290963962674,0.0006934223929420114,0.0005751017015427351,0.0001410750555805862,-0.0016257367096841335,-0.0006619334453716874,0.001115266582928598,-0.0022326470352709293,-0.0009447335614822805
AVB,0,2026-04-07 13:30:00+00:00,09:30,-0.0009736729552969337,down,0.0014929685276001692,0.0037951937410980463,0.002845367882400751,0.004291804973036051,0.004935387056320906,0.0025747723411768675,0.0006985345389693975,0.0009738393127918243,0.001223603030666709,0.0015403050929307938,0.0033994545228779316,0.004120166879147291,0.003357795299962163,0.0032860049977898598,0.0022105425596237183,0.001161367166787386,0.002226716373115778,0.002142723649740219,0.0013964592944830656,0.0014645964838564396,0.0006451779045164585,-0.0011656497372314334,-0.0022153290919959545,0.0004031205899082124,0.0005522220162674785,-0.0009736729552969337
DELL,0,2026-04-07 13:30:00+00:00,09:30,-0.0009770658798515797,down,-0.008685777895152569,-0.003939795307815075,-0.01095312088727951,-0.00878572091460228,-0.00813928060233593,-0.009751778095960617,-0.014364447444677353,-0.009120272472500801,-0.008689183741807938,-0.007419979199767113,-0.0038173373322933912,-0.003942479845136404,-0.005261780694127083,-0.0043933759443461895,-0.0046869972720742226,-0.004788057412952185,-0.002513787942007184,-0.003398582339286804,-0.004953981377184391,-0.005355247762054205,-0.007042724173516035,-0.009685319848358631,-0.009630739688873291,-0.005585330538451672,-0.005258582998067141,-0.0009770658798515797
HON,0,2026-04-07 13:30:00+00:00,09:30,-0.0009776630904525518,down,-0.002218578476458788,-0.00011026503489119932,-0.0024018085096031427,-0.000389797700336203,-1.4242246834328398e-05,-0.0019956703763455153,-0.004354765638709068,-0.00406600022688508,-0.005596565548330545,-0.004703880287706852,-0.0027476181276142597,-0.0027021141722798347,-0.0034213834442198277,-0.0036839719396084547,-0.004470698069781065,-0.004227513913065195,-0.0028285423759371042,-0.002507762983441353,-0.0022794785909354687,-0.002129905391484499,-0.002324337838217616,-0.004511180799454451,-0.005397656001150608,-0.0030662864446640015,-0.002843979513272643,-0.0009776630904525518
POOL,0,2026-04-07 13:30:00+00:00,09:30,-0.0009858831763267517,down,-0.002173241227865219,0.001099440734833479,-0.0004824419738724828,0.0007496100151911378,0.0015990929678082466,0.0004787523066624999,-0.0028268967289477587,-0.0020750281400978565,-0.0032272504176944494,-0.0028936376329511404,-0.0025203584227710962,-0.00026910737506113946,-0.0017133568180724978,-0.001578101422637701,-0.0011620440054684877,-0.0020236806012690067,0.001253096153959632,0.0003096042200922966,-0.0017377118347212672,-0.0009743872215040028,-0.0023299483582377434,-0.003181977430358529,-0.004056959878653288,-0.0015652249567210674,-0.0034677113872021437,-0.0009858831763267517
CEG,0,2026-04-07 13:30:00+00:00,09:30,-0.0009929691441357136,down,-0.0005138691049069166,-0.0010741003789007664,-0.0045143491588532925,-0.003715384751558304,-0.006108209025114775,-0.009759508073329926,-0.015046503394842148,-0.010781829245388508,-0.013524791225790977,-0.012714629992842674,-0.009065130725502968,-0.007298463024199009,-0.004759708885103464,-0.005215718410909176,-0.00785871222615242,-0.008228826336562634,-0.004937916994094849,-0.008509504608809948,-0.008997379802167416,-0.009823930449783802,-0.00772290863096714,-0.010831483639776707,-0.011544859036803246,-0.005630773492157459,-0.009000205434858799,-0.0009929691441357136
NEM,0,2026-04-07 13:30:00+00:00,09:30,-0.0010041393106803298,down,-0.007586290594190359,-0.005466099828481674,-0.00614725099876523,-0.0023557799868285656,-0.0019612337928265333,-0.0018491648370400071,-0.003965188283473253,-0.00529041001573205,-0.004312737379223108,-0.006185917183756828,-0.0036464298609644175,-0.004114820621907711,-0.0038285430055111647,-0.003162996144965291,-0.001928783138282597,-0.0024279155768454075,-0.0023882838431745768,-0.0014883960830047727,-0.0023657786659896374,-0.002502406481653452,-0.0030751326121389866,-0.004916215315461159,-0.005051587242633104,-0.0015268235001713037,-0.0038443885277956724,-0.0010041393106803298
GRMN,0,2026-04-07 13:30:00+00:00,09:30,-0.001005016383714974,down,0.0017638758290559053,0.005309192929416895,0.002484562573954463,0.004002136643975973,0.004722956568002701,0.001757390913553536,-0.00027605847571976483,-0.0006896395934745669,-0.002792660379782319,-0.0034464567434042692,-0.001419078093022108,-0.0006200367351993918,-0.002382611623033881,-0.003970436751842499,-0.0034095793962478638,-0.004510956350713968,-0.0023729358799755573,-0.0017979111289605498,-0.002158468123525381,-0.001165867201052606,-0.001735768048092723,-0.00400955555960536,-0.0036164771299809217,-0.0011896134819835424,-0.002279882086440921,-0.001005016383714974
PLTR,0,2026-04-07 13:30:00+00:00,09:30,-0.0010176690993830562,down,-0.003442576853558421,-0.004227904602885246,-0.00794949010014534,-0.00623614527285099,-0.00866194162517786,-0.009069982916116714,-0.00935749989002943,-0.008297094143927097,-0.00948195718228817,-0.007322351913899183,-0.0041493987664580345,-0.0035925423726439476,-0.004575636237859726,-0.0031252196058630943,-0.004238063003867865,-0.003801245242357254,-0.0030212202109396458,-0.003338456619530916,-0.0022065327502787113,-0.002403664169833064,-0.0028543707448989153,-0.004747994244098663,-0.004094671458005905,-0.0009435929241590202,-0.0013794575352221727,-0.0010176690993830562
MSI,0,2026-04-07 13:30:00+00:00,09:30,-0.0010268843034282327,down,-0.001168495393358171,0.0021939610596746206,0.0003034272522199899,0.0033904907759279013,0.002096303505823016,-7.103150710463524e-05,-0.0015506636118516326,-0.0005932764033786952,-0.0005347898113541305,-0.00027805520221590996,0.0018009664490818977,0.0019814742263406515,0.001360886381007731,0.0013167656725272536,-0.00042430596658959985,-0.0009068464278243482,-0.00041856878669932485,0.00026607877225615084,-0.00015061383601278067,-0.0010562714887782931,-0.0010759209981188178,-0.0029219703283160925,-0.002479750895872712,0.000427941617090255,-0.0014890036545693874,-0.0010268843034282327
PKG,0,2026-04-07 13:30:00+00:00,09:30,-0.0010514877503737807,down,6.0014390328433365e-05,0.0018160018371418118,0.0001715838589007035,0.0026325685903429985,0.0035522389225661755,0.002366092288866639,-0.0003725317365024239,-0.0007062528748065233,-0.0028445301577448845,-0.0013335784897208214,-0.0015437010442838073,-0.0008350780117325485,-0.0027879427652806044,-0.0031047421507537365,-0.0016019183676689863,-0.0018263839883729815,-0.0010120283113792539,-0.0009089155355468392,-0.002776802983134985,-0.0009284378029406071,-0.0015347155276685953,-0.0026208991184830666,-0.0027189599350094795,3.5951783502241597e-05,-0.0021937373094260693,-0.0010514877503737807
CAH,0,2026-04-07 13:30:00+00:00,09:30,-0.0010907665127888322,down,-0.002338627353310585,-0.00048090345808304846,-0.001917854300700128,0.0014873421750962734,0.0015951907262206078,-0.0011606048792600632,-0.002993818372488022,-0.0026583822909742594,-0.0033478224650025368,-0.0030765337869524956,-0.0009955681161955,-0.0015803618589416146,-0.00184378563426435,-0.0012872240040451288,-0.0011492683552205563,-0.0016673662466928363,0.0001953727623913437,-0.0006843880983069539,-0.0007527125417254865,-0.0015536900609731674,-0.0019114080350846052,-0.0036178119480609894,-0.004560445435345173,-0.00221877358853817,-0.0024616539012640715,-0.0010907665127888322
TAP,0,2026-04-07 13:30:00+00:00,09:30,-0.001107105053961277,down,-0.002355845645070076,-0.0006467828643508255,-0.0019831776153296232,0.0011357160983607173,0.0002395102783339098,-0.004316731356084347,-0.0049483091570436954,-0.004884353373199701,-0.004958739969879389,-0.002016468672081828,-0.0005488221067935228,0.00013775669503957033,-0.0010446422966197133,0.0006068571819923818,-0.0009241580846719444,-0.00207892875187099,0.00046902833855710924,-0.0012754627969115973,-0.0010987580753862858,-0.0009489607182331383,-0.002299206331372261,-0.005349052604287863,-0.004940193612128496,-0.0020699019078165293,-0.0036753977183252573,-0.001107105053961277
TPL,0,2026-04-07 13:30:00+00:00,09:30,-0.0011263780761510134,down,-0.0028632741887122393,0.0008566155447624624,-0.002958242315798998,0.0007871815469115973,-0.0018912102095782757,-0.004188660532236099,-0.0066179935820400715,-0.0045076413080096245,-0.005294607020914555,-0.0065154326148331165,-0.0033546232152730227,-0.0031925628427416086,-0.005417219363152981,-0.004799050744622946,-0.005416777916252613,-0.0063079725950956345,-0.003895839676260948,-0.004250345751643181,-0.00536964600905776,-0.007112906780093908,-0.006117191631346941,-0.0071485890075564384,-0.007032534573227167,-0.002809289377182722,-0.005854362156242132,-0.0011263780761510134
ALLE,0,2026-04-07 13:30:00+00:00,09:30,-0.0011366016697138548,down,0.0010597341461107135,0.003269224427640438,0.0018177515594288707,0.0036610462702810764,0.0035968951415270567,0.0014109223848208785,-0.0012864780146628618,-0.0014848868595436215,-0.0011049185413867235,-4.1533166950102895e-06,0.0023253250401467085,0.0021852743811905384,0.0016304772580042481,0.0011876433854922652,5.413130566012114e-05,2.0997387764509767e-05,0.0016162960091605783,0.0008395934710279107,0.0003049780207220465,0.0002883838606067002,-0.0011104353470727801,-0.0023476227652281523,-0.003696498926728964,-0.0021471816580742598,-0.00349734746851027,-0.0011366016697138548
ES,0,2026-04-07 13:30:00+00:00,09:30,-0.001181050785817206,down,-0.0015498246066272259,0.0008795277099125087,-0.000504662748426199,0.0011929903412237763,0.0017002777894958854,-0.0005913501954637468,-0.0028252778574824333,-0.0020656550768762827,-0.002215075772255659,-0.0029637205880135298,-0.0006376820965670049,0.00040892462129704654,0.0003918462316505611,0.0013298675185069442,0.0010137219214811921,0.000266900344286114,0.0018792364280670881,0.0019452113192528486,0.0009172603604383767,0.0007649019826203585,-2.6400222850497812e-05,-0.0017154501983895898,-0.0017270577372983098,0.0009915778646245599,-0.0023914549965411425,-0.001181050785817206
VICI,0,2026-04-07 13:30:00+00:00,09:30,-0.0011885246494784951,down,-0.0003891787491738796,0.0022422512993216515,0.000303868786431849,0.002323724329471588,0.0012369874166324735,0.0007654361543245614,-0.0016374019905924797,-0.0011790686985477805,-0.0011808584677055478,-0.002824790310114622,-0.00031407055212184787,-0.0012320091482251883,-0.0010701639112085104,-5.1482518756529316e-05,-0.00031893933191895485,-0.0009761101682670414,0.0007988150464370847,0.0005062224227003753,-0.00010541392839513719,-7.520859071519226e-05,-0.001114663784392178,-0.002255977364256978,-0.002783744130283594,0.0007267101900652051,-0.0012304821284487844,-0.0011885246494784951
DRI,0,2026-04-07 13:30:00+00:00,09:30,-0.0011891598114743829,down,-0.0002758882474154234,0.0016391746466979384,0.0009217493934556842,0.002315392019227147,0.001730910618789494,-5.429471275419928e-05,-0.001746238674968481,-0.0013759282883256674,-0.0031486283987760544,-0.0026447477284818888,-0.0017886599525809288,-0.0011234269477427006,-0.0021733317989856005,-0.002103242790326476,-0.002617286052554846,-0.0026834337040781975,5.376334229367785e-05,-0.0010260965209454298,-0.002154899761080742,-0.00196769367903471,-0.0030511387158185244,-0.004743803292512894,-0.004999435972422361,-0.002074166899546981,-0.002396398689597845,-0.0011891598114743829
PTC,0,2026-04-07 13:30:00+00:00,09:30,-0.0011956520611420274,down,0.002156340517103672,0.005044790916144848,0.0026014545001089573,0.004658650141209364,0.0053820861503481865,0.0036847160663455725,0.0007926307152956724,0.0007900058408267796,-3.8682064769091085e-06,-0.002425647806376219,2.5869218006846495e-05,-0.00017273872799705714,-0.0010133723262697458,-0.0009593295981176198,-0.0002002474939217791,-0.001653226325288415,-0.000587601913139224,-0.0019215228967368603,-0.003668267745524645,-0.002392892027273774,-0.00339852599427104,-0.004853263031691313,-0.004133129958063364,-0.0012311161262914538,-0.0020237884018570185,-0.0011956520611420274
ROP,0,2026-04-07 13:30:00+00:00,09:30,-0.0012055388651788235,down,0.0020436709746718407,0.0027196672745049,0.002548346295952797,0.0039839898236095905,0.004886147100478411,0.0017883694963529706,-0.00031656751525588334,2.7039159249397926e-05,-0.001103922026231885,0.0003472308162599802,0.0017143484437838197,0.002379500539973378,0.0031469017267227173,0.002763801021501422,0.0021178675815463066,0.0006630042917095125,0.0011843242682516575,0.001362206181511283,0.000488715770188719,-0.0006973941926844418,-0.00039931133505888283,-0.002918073907494545,-0.0017775363521650434,0.00048138079000636935,-0.001349444268271327,-0.0012055388651788235
NVR,0,2026-04-07 13:30:00+00:00,09:30,-0.001206931658089161,down,-0.0014611674705520272,0.00017383857630193233,-0.002888246439397335,0.000635384873021394,-7.841766637284309e-05,-0.0025071739219129086,-0.002994933631271124,-0.0017765429802238941,-0.004031280986964703,-0.0037656472995877266,-0.0017167326295748353,-0.00023842410882934928,-0.0013393593253567815,-0.0017083263956010342,-0.0014103555586189032,-0.0020902599208056927,-0.0004195955116301775,-0.0003941312897950411,-0.0013229530304670334,-0.0015191794373095036,-0.002491324907168746,-0.0035437135957181454,-0.005019118543714285,-0.0019948850385844707,-0.0040903352200984955,-0.001206931658089161
OXY,0,2026-04-07 13:30:00+00:00,09:30,-0.0012458221754059196,down,-0.006656924728304148,-0.006301072891801596,-0.00834189634770155,-0.005703435745090246,-0.007588384672999382,-0.008605509996414185,-0.010360396467149258,-0.007259487174451351,-0.00925442110747099,-0.008226885460317135,-0.006501352414488792,-0.006863984279334545,-0.007618418894708157,-0.007595453877002001,-0.006862186826765537,-0.007723444141447544,-0.007347511127591133,-0.006176111754029989,-0.006277390755712986,-0.006231389474123716,-0.007605019491165876,-0.010396081022918224,-0.008063012734055519,-0.00387361878529191,-0.005460214801132679,-0.0012458221754059196
TSCO,0,2026-04-07 13:30:00+00:00,09:30,-0.0012510413071140647,down,-7.207390444818884e-05,0.007541092578321695,0.00932923424988985,0.010069950483739376,0.006600713357329369,0.003949034493416548,-0.0031393428798764944,-0.0015202949289232492,0.0001992074539884925,-0.0006278712535277009,-0.0014925311552360654,-0.0031874196138232946,-0.002229356439784169,-0.0010708044283092022,-0.004918178077787161,-0.0041917460039258,0.0015295430785045028,-0.0025229845196008682,-0.00033179359161294997,-0.0015313968760892749,-0.0001798730663722381,-0.004245132207870483,-0.0024757403880357742,-0.0002965641033370048,-0.0029082712717354298,-0.0012510413071140647
NOC,0,2026-04-07 13:30:00+00:00,09:30,-0.0012759442906826735,down,-0.0009721179958432913,0.00040647402056492865,-0.00032179232221096754,0.0030495841056108475,0.0038275152910500765,0.0017061451217159629,-0.001463955151848495,-0.000748724676668644,-0.0022345397155731916,-0.0020771967247128487,8.199056901503354e-05,-0.00030624729697592556,-0.0003052565734833479,-0.0002708608517423272,-0.0001757817080942914,-0.0009998382302001119,-0.0003036243433598429,-0.0008857341017574072,-0.00010962013038806617,-0.0014755278825759888,-0.0016880965558812022,-0.002513677114620805,-0.002939509926363826,-0.0004389010136947036,-0.0025573240127414465,-0.0012759442906826735
LVS,0,2026-04-07 13:30:00+00:00,09:30,-0.0013650768669322133,down,-1.6609305021120235e-05,0.0032690369989722967,0.0016941495705395937,0.004380416590720415,0.002523045288398862,0.0011987342732027173,-0.0008123011793941259,-0.0006800645496696234,0.0011033306363970041,0.0009324392885901034,0.003525011707097292,0.003474390134215355,0.003007449908182025,0.0025940092746168375,0.003182956948876381,0.002021093387156725,0.003280607983469963,0.003126076888293028,0.002569923410192132,0.0033143884502351284,0.0037459719460457563,0.0022216278593987226,0.0015441994182765484,0.003887458937242627,0.00036813836777582765,-0.0013650768669322133
LYB,0,2026-04-07 13:30:00+00:00,09:30,-0.0013774690451100469,down,-0.0033232897985726595,-0.0037126238457858562,-0.011003588326275349,-0.004941036459058523,-0.00442751357331872,-0.008235241286456585,-0.016684915870428085,-0.011031457222998142,-0.01009907852858305,-0.009582891128957272,-0.0060642012394964695,-0.0005718768807128072,-0.002267888281494379,-0.0020717731676995754,0.00042605827911756933,-0.0008689257083460689,-0.0010449123801663518,-0.002562124514952302,-0.006524358876049519,-0.007925025187432766,-0.006979761179536581,-0.00965151097625494,-0.008361545391380787,-0.0023405211977660656,-0.004884831607341766,-0.0013774690451100469
TDY,0,2026-04-07 13:30:00+00:00,09:30,-0.0014141510473564267,down,0.0004450379638001323,0.0020340685732662678,0.001635234453715384,0.003929318394511938,0.004316851496696472,0.002040158025920391,-0.0008778432384133339,-0.0005756721366196871,-0.0019612987525761127,-0.001941612339578569,-0.0001726801710901782,0.00026486319256946445,0.00010910336277447641,0.00017268265946768224,-0.0007421717746183276,-0.0018380454275757074,-0.0004686567117460072,-0.0005184289766475558,-0.000639129604678601,-0.0020324087236076593,-0.002470718463882804,-0.0034159873612225056,-0.0034842288587242365,-7.886558887548745e-05,-0.0023066180292516947,-0.0014141510473564267
IEX,0,2026-04-07 13:30:00+00:00,09:30,-0.0014641875168308616,down,0.0011479486711323261,0.0033667259849607944,0.0027724322862923145,0.004485543817281723,0.005362614989280701,0.002821853384375572,0.0012668727431446314,0.0011212259996682405,-0.00016123440582305193,0.0006247171550057828,0.0017762351781129837,0.001799285877496004,0.0010351280216127634,0.0010590670863166451,1.8510256268200465e-05,-0.0007607947336509824,0.0005077865207567811,0.0008793784072622657,8.364279347006232e-05,4.10705542890355e-05,-0.0013374605914577842,-0.0024137827567756176,-0.0036620693281292915,-0.0010745510226115584,-0.003277816344052553,-0.0014641875168308616
EA,0,2026-04-07 13:30:00+00:00,09:30,-0.0014657609863206744,down,-0.0019232422346249223,-0.00019002222688868642,4.6243523684097454e-05,0.0018936606356874108,0.002508921083062887,0.0011747340904548764,-0.0004946163389831781,-0.0021169076208025217,-0.0021826736629009247,0.00011181352601852268,0.0005382738308981061,0.0010981056839227676,0.0004905320820398629,0.0003015318652614951,7.474242011085153e-05,-0.0005243425257503986,0.0009693729807622731,0.00036404142156243324,-6.56051270198077e-05,0.00029767240630462766,-0.0013314009411260486,-0.002127560554072261,-0.0033158662263303995,-0.0013789598597213626,-0.003406802425161004,-0.0014657609863206744
VRSN,0,2026-04-07 13:30:00+00:00,09:30,-0.001479476341046393,down,-0.00011547273606993258,-8.799292118055746e-05,-0.0009046970517374575,0.0008412160677835345,0.002419763244688511,-0.0010490951826795936,-0.0033467598259449005,-0.0022968288976699114,-0.005474480334669352,-0.002740521216765046,-0.0004605701251421124,-0.0014200345613062382,-0.003472375450655818,-0.0016839886084198952,-0.004116598982363939,-0.005166950635612011,-0.00012409930059220642,-0.004687653388828039,-0.0023393863812088966,-0.0029273219406604767,-0.0039853788912296295,-0.0064727202989161015,-0.00698924669995904,-0.0024400907568633556,-0.004876590799540281,-0.001479476341046393
SATS,0,2026-04-07 13:30:00+00:00,09:30,-0.0015103686600923538,down,-0.007312057074159384,-0.005906978156417608,-0.00795689132064581,-0.005947701167315245,-0.005382918752729893,-0.007208608090877533,-0.008640214800834656,-0.005389241501688957,-0.007230230141431093,-0.006486738566309214,-0.004646219778805971,-0.005906825885176659,-0.004242244642227888,-0.004500724375247955,-0.004083057399839163,-0.004519790876656771,-0.0020319046452641487,-0.002694908529520035,-0.004701009951531887,-0.0037786150351166725,-0.004287853837013245,-0.006769098807126284,-0.005464665591716766,-0.0012720541562885046,-0.0031920522451400757,-0.0015103686600923538
ORLY,0,2026-04-07 13:30:00+00:00,09:30,-0.0015114947455003858,down,-0.0022456340957432985,0.00047431388520635664,0.0003912112151738256,0.001472937292419374,0.0021887735929340124,0.00050850969273597,-0.0028126954566687346,-0.0020814083982259035,-0.0011430223239585757,-0.0009857495315372944,-0.0004908554255962372,0.00040842682938091457,-0.000483340845676139,0.0006993165006861091,0.0014868287835270166,0.0005129929631948471,0.001436156453564763,0.0016783003229647875,0.0008781690848991275,0.0015478703426197171,0.0002004947600653395,-0.001265274710021913,-0.0016744114691391587,0.0020500333048403263,-0.00232774019241333,-0.0015114947455003858
PRU,0,2026-04-07 13:30:00+00:00,09:30,-0.0015768625307828188,down,0.000764740165323019,0.0029706708155572414,0.0009534642449580133,0.0028458205051720142,0.003283428493887186,0.0011764774098992348,-0.0009231973672285676,-0.0011091306805610657,-0.0016789563233032823,-0.0016290085623040795,0.00019515221356414258,0.0014990853378549218,0.0008063465938903391,0.000713046349119395,4.561320020002313e-05,-0.0010535693727433681,0.00030891053029336035,0.0001778406003722921,5.313098881742917e-05,1.0726551408879459e-05,-0.000513581617269665,-0.0027946066111326218,-0.0033496746327728033,0.00023486245481763035,-0.00213672430254519,-0.0015768625307828188
CDW,0,2026-04-07 13:30:00+00:00,09:30,-0.0016077830223366618,down,-0.0007891051354818046,0.001150912488810718,-0.0005814061732962728,0.0017359990160912275,0.0009603557991795242,-0.002139701507985592,-0.004105778876692057,-0.0030240463092923164,-0.0019938189070671797,-0.002717485185712576,-0.00012671787408180535,0.000607603695243597,-0.0001692572550382465,-8.341461943928152e-05,-0.00023062247782945633,-0.0010553284082561731,0.0011732284910976887,0.0011719129979610443,-0.0009108451195061207,-0.00035198923433199525,-0.0017843736568465829,-0.0035920750815421343,-0.0039041924756020308,0.0004122971440665424,-0.0016879033064469695,-0.0016077830223366618
EXR,0,2026-04-07 13:30:00+00:00,09:30,-0.001632251893170178,down,0.002023719483986497,0.0032536094076931477,0.0012478717835620046,0.0037024272605776787,0.004134391434490681,0.001049255719408393,-0.0003248847497161478,-0.001051667844876647,-0.0016922889044508338,-0.00017225071496795863,0.0012305127456784248,0.0009070229134522378,-0.0006119692698121071,-0.0004862754140049219,-0.0020897681824862957,-0.002420445205643773,-0.000606450077611953,-0.0015077907592058182,-0.001345804543234408,-0.00043268484296277165,-0.001842128811404109,-0.00431656651198864,-0.0033395211212337017,-0.0003146732924506068,-0.0033567261416465044,-0.001632251893170178
AMCR,0,2026-04-07 13:30:00+00:00,09:30,-0.0016544526442885399,down,-0.0043449196964502335,-0.0029616360552608967,-0.0029809516854584217,-0.0008615271071903408,-0.0011631923262029886,-0.00320049119181931,-0.006391319911926985,-0.006552278995513916,-0.007071204949170351,-0.00810710247606039,-0.008096368052065372,-0.006634685210883617,-0.005448183044791222,-0.0055726515129208565,-0.005900911521166563,-0.006903804372996092,-0.005114260595291853,-0.005325659643858671,-0.003463671775534749,-0.005376147106289864,-0.0037349353078752756,-0.005297459661960602,-0.004400721751153469,-0.0010444250656291842,-0.0030433039646595716,-0.0016544526442885399
VRSK,0,2026-04-07 13:30:00+00:00,09:30,-0.0016734390519559383,down,-0.00020607421174645424,0.0011309341061860323,-0.00022889653337188065,0.00168853800278157,0.0016422083135694265,-0.0008282106136903167,-0.0023933472111821175,-0.0014916512882336974,-0.0015830930788069963,-0.0015286600682884455,-0.0007401983020827174,0.0005717869498766959,-0.0005871054599992931,-0.0003521102771628648,-0.0008369791321456432,-0.00120231241453439,0.0003826436004601419,0.00022218933736439794,-0.0006277948268689215,-0.0008321863133460283,-0.002394682727754116,-0.0033973532263189554,-0.0043466174975037575,-0.0016809493536129594,-0.002799344016239047,-0.0016734390519559383
NKE,0,2026-04-07 13:30:00+00:00,09:30,-0.00169584050308913,down,-0.0033304423559457064,-0.0012245059479027987,-0.003924420569092035,-0.005110777448862791,-0.005801957566291094,-0.004374868702143431,-0.009061421267688274,-0.0111086405813694,-0.010341434739530087,-0.009815594181418419,-0.009732606820762157,-0.011249855160713196,-0.01230316050350666,-0.013634146191179752,-0.010938718914985657,-0.009501198306679726,-0.01471642591059208,-0.010866093449294567,-0.011888380162417889,-0.01291600614786148,-0.007792346179485321,-0.006514742970466614,-0.005103723611682653,3.803682920988649e-05,-0.0009400982526130974,-0.00169584050308913
STT,0,2026-04-07 13:30:00+00:00,09:30,-0.001704090740531683,down,0.002257055602967739,0.0035582920536398888,0.0007694277446717024,0.0046214391477406025,0.004566014278680086,0.0006251130253076553,0.0012289579026401043,0.00024980539456009865,0.0004044801462441683,-0.00029289774829521775,0.0005905145080760121,0.001619095215573907,0.0003621996147558093,-0.001069872872903943,-0.0016116497572511435,-0.0019250607583671808,0.0004852151032537222,-7.030175038380548e-05,-0.0007685532327741385,-7.021953933872283e-07,-0.002266108291223645,-0.004729935433715582,-0.005000538192689419,-0.0028912981506437063,-0.003252484602853656,-0.001704090740531683
VZ,0,2026-04-07 13:30:00+00:00,09:30,-0.00170980766415596,down,-0.0033544304315000772,-0.002685521263629198,-0.005445375572890043,-0.002383650280535221,-0.0045362855307757854,-0.003907765261828899,-0.00463873241096735,-0.004672222305089235,-0.0025184405967593193,-0.0016242607962340117,-0.0005777013720944524,-0.00013457954628393054,-0.002440188080072403,-0.0021217926405370235,-0.0016387923387810588,-0.001577792689204216,-0.0010070871794596314,-0.002658187411725521,-0.001965907169505954,-0.0018000098643824458,-0.0028767911717295647,-0.004037536680698395,-0.0039173006080091,-0.0006270236917771399,-0.001666849129833281,-0.00170980766415596
ROK,0,2026-04-07 13:30:00+00:00,09:30,-0.0017325615044683218,down,0.0014838648494333029,0.0027207168750464916,0.0022551235742866993,0.00426139822229743,0.0057188537903130054,0.0027358075603842735,0.0005755999591201544,0.0007245301967486739,-0.0012104269117116928,0.0007321077864617109,0.0009906587656587362,0.001808772562071681,0.002193333115428686,0.0027904659509658813,0.002059326972812414,0.0001669979828875512,0.0021525525953620672,0.001330384286120534,-0.0003722565888892859,-0.0015400282572954893,-0.0007291017682291567,-0.0032965214923024178,-0.002652296796441078,-8.498311217408627e-06,-0.0018310885643586516,-0.0017325615044683218
COR,0,2026-04-07 13:30:00+00:00,09:30,-0.0017326013185083866,down,-0.0009626360260881484,0.0017977104289457202,0.0008239225717261434,0.002389295259490609,0.0031298568937927485,0.0010562095558270812,-0.0014758502366021276,-0.0019679006654769182,-0.0022785435430705547,-0.0014748963294550776,-0.0009063845500349998,-0.000660518417134881,-0.0009938576258718967,-0.0004542229580692947,-0.0015764917479828,-0.003398365806788206,-0.0029423588421195745,-0.0027204006910324097,-0.003449669573456049,-0.003737491089850664,-0.0036429332103580236,-0.006022355519235134,-0.006049159448593855,-0.0030164006166160107,-0.005323921330273151,-0.0017326013185083866
WMB,0,2026-04-07 13:30:00+00:00,09:30,-0.0017368356930091977,down,-0.003018525429069996,-8.4543542470783e-05,-0.002351787406951189,-0.0008910881006158888,-0.001164544839411974,-0.004450751468539238,-0.006536020897328854,-0.004790779203176498,-0.004244278650730848,-0.003373822197318077,-0.0015841760905459523,-0.0008638273575343192,-0.00199844385497272,-0.0012442743172869086,-0.00162159139290452,-0.0030007008463144302,-0.0013543508248403668,-0.002230642829090357,-0.0025959282647818327,-0.0022762955632060766,-0.004135509021580219,-0.00594882108271122,-0.007438902277499437,-0.0034272202756255865,-0.0049194046296179295,-0.0017368356930091977
FTV,0,2026-04-07 13:30:00+00:00,09:30,-0.0017565612215548754,down,0.00024085506447590888,0.0017208820208907127,0.00010909562115557492,0.0012441506842151284,0.0015972937690094113,-0.0008784605306573212,-0.0024409564211964607,-0.002809305442497134,-0.0017772387946024537,-0.0024221830535680056,-0.0010823834454640746,0.00046588556142523885,-0.0007522638188675046,-0.0001729109644657001,-0.000508858822286129,-0.0016312705120071769,8.673400770931039e-06,-0.0008755483431741595,-0.0011628824286162853,-0.0011415056651458144,-0.0022821573074907064,-0.004325833171606064,-0.005207637324929237,-0.0017302021151408553,-0.0025868325028568506,-0.0017565612215548754
FSLR,0,2026-04-07 13:30:00+00:00,09:30,-0.0017650570953264832,down,0.0012555434368550777,0.0010643269633874297,-0.0006497607682831585,0.0018109268276020885,0.001538979122415185,-0.0009759222157299519,-0.0026915702037513256,-0.0025375939439982176,-0.0036065608728677034,-0.0038923616521060467,-0.002551026875153184,-0.00240994431078434,-0.0018754584016278386,-0.003649911843240261,-0.004079217091202736,-0.004436639603227377,-0.0028905875515192747,-0.0017958125099539757,-0.003264850005507469,-0.0029562723357230425,-0.004065476357936859,-0.005431449506431818,-0.005723114591091871,-0.0030526474583894014,-0.0033132932148873806,-0.0017650570953264832
PLD,0,2026-04-07 13:30:00+00:00,09:30,-0.0017942019039765,down,-0.0005320579512044787,0.0015465959440916777,-0.001180906081572175,0.002271742792800069,0.0025090633425861597,0.0004234602674841881,-0.0016535305185243487,-0.0011774562299251556,-0.0019789659418165684,-0.0017183597665280104,-0.0011986589524894953,0.0006729486049152911,9.173712169285864e-05,-0.0007224019500426948,-0.002262850757688284,-0.0012517751893028617,-0.0011223346227779984,-0.0007469330448657274,-0.0008485455764457583,-0.0010533781023696065,-0.0012876824475824833,-0.004054592922329903,-0.0025365075562149286,-0.000543351226951927,-0.004022184759378433,-0.0017942019039765
AES,0,2026-04-07 13:30:00+00:00,09:30,-0.0018773778574541211,down,-0.0009457236737944186,0.0014746366068720818,-0.0006137010641396046,0.00013996036432217807,-0.0014128087786957622,-0.0019523219671100378,-0.003761673578992486,-0.0034671281464397907,-0.002923538675531745,-0.0029476687777787447,-0.0006489494116976857,-0.0006812804494984448,-0.0012301127426326275,-0.0010926558170467615,-0.0006383773288689554,-0.0017366847023367882,0.00011526659363880754,-0.0004739009600598365,-0.0016498657641932368,-0.0007212985656224191,-0.0012555487919598818,-0.0037737770471721888,-0.0036691443528980017,-0.0005518608377315104,-0.0025453257840126753,-0.0018773778574541211
APH,0,2026-04-07 13:30:00+00:00,09:30,-0.0018984763883054256,down,-0.005441499408334494,-0.0039389533922076225,-0.005701979156583548,-0.0029289794620126486,-0.0031228784937411547,-0.005088625475764275,-0.007539709098637104,-0.006355655379593372,-0.005636640824377537,-0.005696960259228945,-0.0029145388398319483,-0.004699193872511387,-0.004413711838424206,-0.0029568623285740614,-0.0015425338642671704,-0.0018918040441349149,-0.0010833748383447528,-0.0007798320730216801,-0.0019932736176997423,-0.002263743430376053,-0.003094085957854986,-0.005177391227334738,-0.006178487557917833,-0.0021053231321275234,-0.004284950904548168,-0.0018984763883054256
AOS,0,2026-04-07 13:30:00+00:00,09:30,-0.0019140602089464664,down,0.0003424187016207725,0.0034480812028050423,0.00038307238719426095,0.0017986728344112635,0.0020233248360455036,-0.0010834884596988559,-0.002960693556815386,-0.0030773470643907785,-0.0025949699338525534,-0.003335697576403618,-0.0020732576958835125,-0.0008253766573034227,-0.001290849526412785,-0.0008516894886270165,-0.0013355083065107465,-0.002037657890468836,-0.0006002419977448881,-0.0010426536900922656,-0.0019517060136422515,-0.001129458425566554,-0.0011212920071557164,-0.003091331571340561,-0.004059436731040478,-0.001174934790469706,-0.004507273435592651,-0.0019140602089464664
PWR,0,2026-04-07 13:30:00+00:00,09:30,-0.0019325459143146873,down,-0.0021848566830158234,-0.0001271263899980113,-0.0016243341378867626,0.0012438996927812696,0.0013523820089176297,-0.0004483034717850387,-0.0028613428585231304,-0.0037864530459046364,-0.006135639268904924,-0.0048656887374818325,-0.002665877342224121,-0.002292427932843566,-0.0028246939182281494,-0.003103636670857668,-0.0029224695172160864,-0.004115235060453415,-0.001966675976291299,-0.002700077136978507,-0.0022889620158821344,-0.004446526989340782,-0.004065532237291336,-0.005399052985012531,-0.006027390249073505,-0.0021896427497267723,-0.004737041424959898,-0.0019325459143146873
WYNN,0,2026-04-07 13:30:00+00:00,09:30,-0.0019400225719437003,down,-0.0002363350649829954,0.0022770417854189873,0.0001812257687561214,0.0017347687389701605,0.0018879977287724614,-0.0008253742707893252,-0.002189194317907095,-0.0023727233055979013,-0.002122222213074565,-0.0018074923427775502,-0.000872288306709379,0.0002694872673600912,-0.0002181817399105057,4.246587195666507e-06,-0.0006743125850334764,-0.0018164841458201408,-0.0005204972694627941,-0.0003116797306574881,-0.0006217234185896814,-0.0005811312003061175,-0.0012731322785839438,-0.0028390223160386086,-0.0030464029405266047,-0.0005187013885006309,-0.003083015326410532,-0.0019400225719437003
TKO,0,2026-04-07 13:30:00+00:00,09:30,-0.001963975140824914,down,0.0012943979818373919,0.002653957111760974,0.004413940478116274,0.00502977566793561,0.006940122693777084,0.003998592495918274,0.003600605996325612,0.0018435760866850615,0.00034021411556750536,0.00102277472615242,0.00202319142408669,0.002005573594942689,0.001345982775092125,0.0011008305009454489,0.0008654288831166923,-0.00033325841650366783,0.0012693895259872079,0.0010902241338044405,0.000710446503944695,0.00040147267282009125,-0.0009215776226483285,-0.0016462847124785185,-0.0029734966810792685,-0.0003330180188640952,-0.002032661810517311,-0.001963975140824914
COP,0,2026-04-07 13:30:00+00:00,09:30,-0.00197439081966877,down,-0.0025087823159992695,0.0023349716793745756,0.0009605648228898644,0.0010928758420050144,0.0016521925572305918,0.0017594880191609263,0.0005802569212391973,-0.0024272077716886997,-0.004542246460914612,-0.005888805259019136,-0.0023067817091941833,-0.0027604615315794945,-0.003583344863727689,-0.003680080408230424,-0.0026387705001980066,-0.002334133256226778,-0.0030770450830459595,-0.0025829055812209845,-0.0018750956514850259,-0.0019099347991868854,-0.005297539755702019,-0.00580650893971324,-0.0066267275251448154,-0.001550325658172369,-0.0038432071451097727,-0.00197439081966877
MAA,0,2026-04-07 13:30:00+00:00,09:30,-0.001980337081477046,down,0.0016942571382969618,0.0029618192929774523,0.0016907056560739875,0.003861059667542577,0.005160353146493435,0.002243075054138899,0.0009859736310318112,0.0008780157077126205,0.002701997756958008,0.0017923968844115734,0.0037974126171320677,0.0038938564248383045,0.002949071815237403,0.002332237083464861,0.0020719447638839483,0.0007917629554867744,0.002737247385084629,0.0027394485659897327,0.0012908586068078876,0.0017234771512448788,0.0007588753942400217,-0.0008000651141628623,-0.002027381444349885,0.0006052659591659904,-0.001707548857666552,-0.001980337081477046
O,0,2026-04-07 13:30:00+00:00,09:30,-0.0019968401174992323,down,-0.002275071106851101,-0.0001435148878954351,-0.0009148468961939216,-0.0001464272936573252,0.0003679009387269616,-0.0008257042500190437,-0.002407749881967902,-0.0023156104143708944,-0.001909520709887147,-0.00300194276496768,-0.0008698619203642011,-0.0002531008212827146,-0.0015639590565115213,-0.0016823007026687264,-0.0010550543665885925,-0.0013466525124385953,-0.001038576359860599,-0.0006404821760952473,-0.00039500839193351567,-0.00018304112018086016,-0.00038919117650948465,-0.0023393623996526003,-0.0023769966792315245,0.00013067555846646428,-0.003178840270265937,-0.0019968401174992323
Q,0,2026-04-07 13:30:00+00:00,09:30,-0.0020111985504627228,down,-0.0029165465384721756,-0.002815450308844447,-0.006936775520443916,-0.002132436726242304,-0.004878039937466383,-0.006498375441879034,-0.01088692992925644,-0.006741339340806007,-0.00892178900539875,-0.007038264535367489,-0.0025606011040508747,-0.0038115435745567083,-0.0036230958066880703,-0.0024676306638866663,-0.0005530709167942405,-0.0017729185055941343,-0.0014266726793721318,-0.0024716639891266823,-0.0048021478578448296,-0.006202129181474447,-0.006393211428076029,-0.00732453865930438,-0.007014112081378698,-0.002566260751336813,-0.0069375731982290745,-0.0020111985504627228
HIG,0,2026-04-07 13:30:00+00:00,09:30,-0.002016198355704546,down,0.0004810344544239342,0.0024585432838648558,0.0005505566950887442,0.002341300016269088,0.003251817310228944,0.0001352085528196767,-0.0019132735906168818,-0.0019451886182650924,-0.0015038836281746626,-0.002748152008280158,-0.0014073081547394395,-0.0009708907455205917,-0.001935017411597073,-0.001550978166051209,-0.0017268573865294456,-0.002350892871618271,-0.0004173690977040678,-0.0014401733642444015,-0.0010898358887061477,-0.0013324787141755223,-0.0020781655330210924,-0.0034199089277535677,-0.003510243957862258,-0.0015885848551988602,-0.0036582204047590494,-0.002016198355704546
AMP,0,2026-04-07 13:30:00+00:00,09:30,-0.002022797940298915,down,-0.0029493719339370728,-0.0018857907271012664,-0.0012921335874125361,0.0010824230266734958,0.0019486101809889078,0.0011549737537279725,-0.002105655148625374,-0.0020752649288624525,-0.0034051681868731976,-0.003123305272310972,0.0001152317418018356,-0.00020114939252380282,-0.0008587526972405612,-0.0028296266682446003,-0.004119473043829203,-0.005099735222756863,-0.0026490227319300175,-0.002408368047326803,-0.0032715587876737118,-0.0028570834547281265,-0.0025678870733827353,-0.004594684112817049,-0.005616238806396723,-0.0026268723886460066,-0.002846306189894676,-0.002022797940298915
CTRA,0,2026-04-07 13:30:00+00:00,09:30,-0.0020643097814172506,down,-0.0027134548872709274,0.0006828157929703593,-0.0019924745429307222,-0.0005263740313239396,-0.001506934524513781,-0.0018134925048798323,-0.0019641625694930553,-0.0020490908063948154,-0.001998736523091793,-0.0031568105332553387,-0.00048615140258334577,-0.0010817090515047312,-0.00325387017801404,-0.002403143560513854,-0.001418611267581582,-0.0020157599356025457,-0.0012395464582368731,-0.001299428753554821,-0.002643555635586381,-0.0030431903433054686,-0.003743506036698818,-0.006355340592563152,-0.005513494368642569,-0.0019688226748257875,-0.005175860598683357,-0.0020643097814172506
CFG,0,2026-04-07 13:30:00+00:00,09:30,-0.002075363416224718,down,-0.0016913411673158407,-6.555538857355714e-05,-0.001665857620537281,-7.775908306939527e-05,0.0005976571119390428,-0.0015645349631085992,-0.0034975020680576563,-0.004075956530869007,-0.00430566631257534,-0.005461304914206266,-0.003989245276898146,-0.002439426723867655,-0.0024507471825927496,-0.0015169468242675066,-0.0017471686005592346,-0.0027578806038945913,-0.001005395781248808,-0.002310120267793536,-0.002276638289913535,-0.001576332258991897,-0.0012608908582478762,-0.003857521340250969,-0.005933765321969986,-0.0027590221725404263,-0.00435048108920455,-0.002075363416224718
TT,0,2026-04-07 13:30:00+00:00,09:30,-0.0021009184420108795,down,-0.004236679058521986,-0.0034217124339193106,-0.002212126739323139,0.0010885796509683132,0.0016102056251838803,-0.0014053044142201543,-0.004099061246961355,-0.004939771723002195,-0.006718112621456385,-0.004430920816957951,-0.002528999699279666,-0.0035990371834486723,-0.003181773703545332,-0.004064140375703573,-0.005001308396458626,-0.005486742593348026,-0.004113140981644392,-0.0030288563575595617,-0.006079983431845903,-0.005407806020230055,-0.005896198563277721,-0.006406664848327637,-0.006228571757674217,-0.003617403330281377,-0.004836694803088903,-0.0021009184420108795
SYF,0,2026-04-07 13:30:00+00:00,09:30,-0.0021145553328096867,down,-0.000356490898411721,0.0018629430560395122,-0.00036914419615641236,0.0011250083334743977,0.000509749399498105,-0.0017051291652023792,-0.004059995524585247,-0.0040531340055167675,-0.004622233100235462,-0.005811288952827454,-0.0031487999949604273,-0.00310735241509974,-0.0027748935390263796,-0.001075811218470335,-0.0015180660411715508,-0.0018111845711246133,-0.0012393996585160494,-0.0020375021267682314,-0.002432319102808833,-0.002079401630908251,-0.002411559922620654,-0.004802761599421501,-0.005819400772452354,-0.00221728696487844,-0.004306670278310776,-0.0021145553328096867
DD,0,2026-04-07 13:30:00+00:00,09:30,-0.0021434975787997246,down,-0.003824294079095125,-0.0028806841000914574,-0.0024277924094349146,0.00032196796382777393,0.0005736853927373886,-0.004980870056897402,-0.00644116522744298,-0.006589023396372795,-0.007963993586599827,-0.006014037877321243,-0.005044561345130205,-0.004097398370504379,-0.004851945210248232,-0.0028980530332773924,-0.006242260802537203,-0.007084619719535112,-0.004528867080807686,-0.005003491882234812,-0.005034947767853737,-0.005751854740083218,-0.005726325791329145,-0.009007330052554607,-0.008678398095071316,-0.003953516948968172,-0.004323164466768503,-0.0021434975787997246
AFL,0,2026-04-07 13:30:00+00:00,09:30,-0.0022256711963564157,down,-0.0009006855543702841,0.001376782194711268,0.00040179581264965236,-0.00010899651533691213,0.0031873532570898533,-0.0002670603571459651,-0.0014641430461779237,-0.0006181633798405528,0.0007523270323872566,0.0001292245287913829,0.0018571504624560475,0.0019508213736116886,0.0012292613973841071,0.0015123671619221568,0.0006581456400454044,0.0003131700213998556,0.0014620781876146793,0.0014924604911357164,0.0013546411646530032,0.0012654024176299572,2.384693652857095e-05,-0.0018489548237994313,-0.0022309930063784122,0.0005414201878011227,-0.0012894676765426993,-0.0022256711963564157
EOG,0,2026-04-07 13:30:00+00:00,09:30,-0.0022367616184055805,down,-0.0038129123859107494,-0.0020980765111744404,-0.004763978999108076,-0.001911942264996469,-0.0034370901994407177,-0.004953397437930107,-0.006468908861279488,-0.0046406090259552,-0.005592698697000742,-0.006134553346782923,-0.004342388827353716,-0.0024849267210811377,-0.0030668717809021473,-0.0029298614244908094,-0.003735360223799944,-0.005589042790234089,-0.0034347872715443373,-0.004024597350507975,-0.0030612251721322536,-0.003371229860931635,-0.0037543918006122112,-0.005830856971442699,-0.004627238027751446,-0.002271117875352502,-0.003787072142586112,-0.0022367616184055805
FRT,0,2026-04-07 13:30:00+00:00,09:30,-0.0022976119071245193,down,0.000861595559399575,0.004030064679682255,0.0038324259221553802,0.0037499035242944956,0.00510673550888896,0.002023079665377736,0.0015559196472167969,0.001222268445417285,0.0022387513890862465,0.0015882633160799742,0.003259255550801754,0.0025015014689415693,0.0021209982223808765,0.0018003667937591672,0.0011865643318742514,0.0006351577467285097,0.0011749505065381527,0.0012580883922055364,0.0006483971374109387,0.0012865321477875113,7.847513188607991e-05,-0.0018257895717397332,-0.0024820046965032816,-3.518705489113927e-05,-0.00252924975939095,-0.0022976119071245193
KLAC,0,2026-04-07 13:30:00+00:00,09:30,-0.0022991085425019264,down,0.0024359964299947023,0.0015484553296118975,0.0011416405905038118,0.003641162533313036,0.0034096091985702515,-0.0022951874416321516,-0.0025608129799365997,9.466239134781063e-05,-0.0038876484613865614,-0.0010632293997332454,-0.00024059352290350944,0.0011360266944393516,7.297573029063642e-05,-0.00046553637366741896,-0.0014403000241145492,-0.001472450327128172,0.0009351425105705857,0.00041691362275741994,-0.0007780699525028467,-0.004223963245749474,-0.006296878214925528,-0.008116710931062698,-0.009941688738763332,-0.004367373418062925,-0.006988805718719959,-0.0022991085425019264
EME,0,2026-04-07 13:30:00+00:00,09:30,-0.002323704306036234,down,-0.0005148574127815664,7.40659233997576e-05,0.00012454255193006247,0.002901343861594796,0.004485905170440674,0.0028010231908410788,0.00024694710737094283,0.00037160766078159213,-0.0011789450654760003,-0.0004259663983248174,0.0010475312592461705,0.001020951196551323,0.0013101787772029638,0.0011156335240229964,-0.00023377772595267743,-0.0009730533929541707,0.0009417749242857099,0.0008860439411364496,0.0008387971902266145,-0.0003163606161251664,-0.0015782684786245227,-0.0025956083554774523,-0.0030551136005669832,-6.0340098571032286e-05,-0.002276685321703553,-0.002323704306036234
WELL,0,2026-04-07 13:30:00+00:00,09:30,-0.002324023749679327,down,1.2086518836440518e-05,0.001633343519642949,0.0015671913279220462,0.0036738377530127764,0.005083305761218071,0.002452280605211854,0.0018363381968811154,0.0017602379666641355,0.0004215389781165868,-0.000285676505882293,0.0011538113467395306,0.0005721054621972144,0.00025555011234246194,4.8153386160265654e-05,-1.541907840874046e-05,-0.0013353893300518394,0.0011508496245369315,0.00103741732891649,0.0010927905095741153,0.00011438714864198118,-0.0005375269101932645,-0.0015045914333313704,-0.0032887232955545187,-0.0008334692684002221,-0.0019245537696406245,-0.002324023749679327
EQT,0,2026-04-07 13:30:00+00:00,09:30,-0.0024142744950950146,down,-0.006602042354643345,-0.004722129087895155,-0.0067816562950611115,-0.004330138210207224,-0.00510412035509944,-0.006114928051829338,-0.008924943394958973,-0.007202981971204281,-0.008125132881104946,-0.007411911617964506,-0.0058453744277358055,-0.004563558846712112,-0.005291802808642387,-0.004688431974500418,-0.003777657635509968,-0.004797067958861589,-0.004422253463417292,-0.003550256136804819,-0.004550745245069265,-0.004246553871780634,-0.005444479174911976,-0.00782711524516344,-0.006552251521497965,-0.0022690906189382076,-0.005314635578542948,-0.0024142744950950146
D,0,2026-04-07 13:30:00+00:00,09:30,-0.002414294285699725,down,-0.0024771736934781075,-4.8520800191909075e-05,-0.0012096782447770238,-0.0005686350050382316,0.0002616302517708391,-0.0015004542656242847,-0.003457046113908291,-0.002242807997390628,-0.0017360502388328314,-0.0025395574048161507,-0.0010076689068228006,-0.0009063246543519199,-0.0013021354097872972,-0.0013829694362357259,-0.0009952231775969267,-0.0021346863359212875,-0.00026807712856680155,-0.0001588443119544536,-0.0008208985673263669,-0.00026682281168177724,-0.0013559832004830241,-0.0029980551917105913,-0.00347199197858572,-0.001330817467533052,-0.0034544661175459623,-0.002414294285699725
CBRE,0,2026-04-07 13:30:00+00:00,09:30,-0.0024369966704398394,down,0.0009746208670549095,0.0036268013063818216,0.0014710199320688844,0.0036234676372259855,0.004400330595672131,0.0017902783583849669,-2.8058015232090838e-05,-0.00030482333386316895,-0.0013724724994972348,-0.0013659956166520715,0.001251422450877726,0.0008713193819858134,0.00019900839834008366,0.0006237865309230983,0.00014899861707817763,-0.000903154956176877,0.000477995490655303,-0.0008982955478131771,-0.0004469789273571223,-0.0009746331488713622,-0.0016187530709430575,-0.0033703306689858437,-0.0037861617747694254,-0.001672450453042984,-0.004920716863125563,-0.0024369966704398394
DTE,0,2026-04-07 13:30:00+00:00,09:30,-0.002466083038598299,down,3.685110277729109e-05,0.0021017647814005613,0.0010202231351286173,0.0033583189360797405,0.004497432615607977,0.0020159315317869186,0.000979086966253817,0.0007477759500034153,0.0013897812459617853,0.00036943407030776143,0.0024789180606603622,0.0029687450733035803,0.002600387204438448,0.002062590094283223,0.0014792298898100853,0.0007850962574593723,0.0009392040665261447,9.822440915741026e-05,-0.00020280605531297624,0.00028400885639712214,-0.00031011743703857064,-0.0022630421444773674,-0.003013461362570524,-0.0009957595029845834,-0.0027188595850020647,-0.002466083038598299
MCK,0,2026-04-07 13:30:00+00:00,09:30,-0.002477256115525961,down,-0.003637721762061119,-0.00157725450117141,-0.003993566147983074,-0.0002838909858837724,-0.0009606387466192245,-0.0032209644559770823,-0.005466428119689226,-0.005064865108579397,-0.006983828730881214,-0.005350607447326183,-0.003070244798436761,-0.002524829236790538,-0.0025943706277757883,-0.0029439826030284166,-0.00321880541741848,-0.004333409480750561,-0.0024691359139978886,-0.002714796457439661,-0.002686165040358901,-0.004395725205540657,-0.006444460712373257,-0.00847809761762619,-0.009267582558095455,-0.005071326158940792,-0.006413532420992851,-0.002477256115525961
A,0,2026-04-07 13:30:00+00:00,09:30,-0.002478344365954399,down,0.0017930463654920459,0.002412850270047784,0.0021961445454508066,0.004204370081424713,0.005503995809704065,0.0025353156961500645,0.0012655961327254772,0.0007568204891867936,0.0007354173576459289,0.001059885136783123,0.0025597407948225737,0.002520893234759569,0.002197669353336096,0.001075512613169849,0.0006352097843773663,-0.00045812720782123506,0.000573612458538264,0.0004323343455325812,-0.00044961165986023843,0.00020623276941478252,-0.0005415957421064377,-0.0023781047202646732,-0.003357183886691928,-0.00078226049663499,-0.0027803925331681967,-0.002478344365954399
ARES,0,2026-04-07 13:30:00+00:00,09:30,-0.002501877024769783,down,-0.0019219801761209965,0.0028560038190335035,-0.00041731426608748734,0.0011134911328554153,-0.0006845684838481247,-0.001277696923352778,-0.004169642459601164,-0.0017725363140925765,-0.0020530326291918755,-0.0034060317557305098,-0.0013675275258719921,-0.0009964060736820102,-0.0006694927578791976,0.0001977471838472411,0.0004305007169023156,-0.000741817057132721,0.00019718293333426118,-0.0012885103933513165,-0.00312789436429739,-0.001786297420039773,-0.002227636519819498,-0.0037245668936520815,-0.0039666397497057915,-0.0009333426132798195,-0.004074356518685818,-0.002501877024769783
SPG,0,2026-04-07 13:30:00+00:00,09:30,-0.00250770291313529,down,0.0033626463264226913,0.006640292704105377,0.0038309176452457905,0.005830820184201002,0.004663534462451935,0.0015627179527655244,0.00020011953893117607,0.0011620443547144532,0.0012436070246621966,0.00312948040664196,0.0015389577019959688,0.002970982575789094,0.0005635263514705002,0.0019269027980044484,-0.0005384558462537825,-0.000790101126767695,0.002250195713713765,0.0013424346689134836,-0.0007506139227189124,0.0007258040132001042,-0.00014157725672703236,-0.002012762939557433,-0.0031162218656390905,0.0012159865582361817,2.8174283215776086e-05,-0.00250770291313529
PM,0,2026-04-07 13:30:00+00:00,09:30,-0.0025231922045350075,down,-0.0009302974212914705,0.001119670458137989,-0.0015114076668396592,0.00048295402666553855,-0.0010929624550044537,-0.0014588538324460387,-0.004463366698473692,-0.0015541035681962967,-0.001544443191960454,-0.001205115462653339,0.0009309278684668243,0.0004251390346325934,-0.0006038413266651332,-6.244272663025185e-05,-0.0005310920532792807,-0.0007367414073087275,-3.350378028699197e-05,-0.0004887622781097889,-0.0013126995181664824,-0.0013576578348875046,-0.0022697504609823227,-0.0035708772484213114,-0.004130530636757612,-0.0011558571131899953,-0.005269472021609545,-0.0025231922045350075
ALB,0,2026-04-07 13:30:00+00:00,09:30,-0.0025252397172152996,down,-0.0012518862495198846,0.0013615790521726012,-0.004591855686157942,-0.003249294124543667,-0.00241751316934824,-0.004644709639251232,-0.008314352482557297,-0.0045163631439208984,-0.0047012087889015675,-0.004577204119414091,-0.0006262380629777908,0.0007835939177311957,0.00011408730642870069,0.0005711931735277176,-0.0007751351804472506,-0.0020612641237676144,-0.0002714984875638038,7.790467861923389e-06,-0.002812043996527791,-0.0021126624196767807,-0.0036171250976622105,-0.005466208793222904,-0.005841664504259825,-0.002376058604568243,-0.005041993223130703,-0.0025252397172152996
EFX,0,2026-04-07 13:30:00+00:00,09:30,-0.002541536232456565,down,0.0011258609592914581,0.002065680455416441,-0.00021978896984364837,0.0027544863987714052,0.0012641920475289226,-0.000542619323823601,-0.0022457423619925976,-0.00024186732480302453,-0.00023168095503933728,-0.0003476749116089195,0.0007517547346651554,0.0020261055324226618,0.0014310803962871432,0.0016210466856136918,0.0016643903218209743,0.0005550015484914184,0.0027159100864082575,0.0016290369676426053,0.0003388228069525212,0.0002624287153594196,-0.0014864285476505756,-0.0030645844526588917,-0.00357502861879766,-0.0013999051880091429,-0.003762053092941642,-0.002541536232456565
RF,0,2026-04-07 13:30:00+00:00,09:30,-0.002547098323702812,down,-0.004098933190107346,-0.00031718655372969806,-0.002473829546943307,2.829813092830591e-05,-0.00033498776610940695,-0.001267674844712019,-0.0041312361136078835,-0.004230009391903877,-0.005686162039637566,-0.007131916470825672,-0.004586644936352968,-0.004692422226071358,-0.004028978757560253,-0.0032221663277596235,-0.0021654535084962845,-0.0034590999130159616,-0.0023645765613764524,-0.002794836647808552,-0.0025784976314753294,-0.002483675256371498,-0.0027953500393778086,-0.005255107767879963,-0.005978414323180914,-0.0010640702676028013,-0.0040923249907791615,-0.002547098323702812
WY,0,2026-04-07 13:30:00+00:00,09:30,-0.002550567500293255,down,-0.009007747285068035,-0.0020910233724862337,-0.004986666142940521,-0.003322919365018606,-0.002038617618381977,-0.003816544311121106,-0.005503381602466106,-0.00449234526604414,-0.004813468083739281,-0.008364476263523102,-0.005916380789130926,-0.004738429561257362,-0.0030307918787002563,-0.002050314098596573,-0.002470212522894144,-0.0043649133294820786,-0.00198535667732358,-0.0023229760117828846,-0.003501068102195859,-0.002928592497482896,-0.0025182075332850218,-0.005323279649019241,-0.005107535980641842,-0.001401673536747694,-0.0030451857019215822,-0.002550567500293255
STZ,0,2026-04-07 13:30:00+00:00,09:30,-0.002609812654554844,down,-0.000858090934343636,0.000981257762759924,-0.0009279221412725747,0.0013997398782521486,0.0010810291860252619,-0.0007940511568449438,-0.003558274358510971,-0.0026474017649888992,-0.0011874226620420814,-0.002098218072205782,6.778703391319141e-05,-0.0004614595090970397,-0.0011093984358012676,-0.0008185908664017916,-0.0013532612938433886,-0.0015252722660079598,1.4560785530193243e-05,-0.000294002442387864,-0.0006087859510444105,-0.0003981743357144296,-0.0013077519834041595,-0.0030086964834481478,-0.004040410742163658,-0.001806215732358396,-0.005477225407958031,-0.002609812654554844
PANW,0,2026-04-07 13:30:00+00:00,09:30,-0.0026144618168473244,down,-0.0012135263532400131,-0.002663205610588193,-0.0053993514738976955,-0.001748406793922186,-0.0031179615762084723,-0.00497846957296133,-0.008055096492171288,-0.004904679022729397,-0.006419543642550707,-0.005502008832991123,-0.004698935896158218,-0.0019758157432079315,-0.0036567372735589743,-0.0030713246669620275,-0.003659046022221446,-0.004972217138856649,-0.003935160115361214,-0.0031020743772387505,-0.004599801730364561,-0.005549831781536341,-0.005920993629842997,-0.00683907326310873,-0.006570740602910519,-0.002264073584228754,-0.005448123440146446,-0.0026144618168473244
BX,0,2026-04-07 13:30:00+00:00,09:30,-0.0026151230558753014,down,-0.0058631314896047115,-0.0031416246201843023,-0.005309600383043289,-0.0012101109605282545,-0.0013441386399790645,-0.0009745542192831635,-0.0021370116155594587,-0.0010094842873513699,-0.000577312137465924,-0.0029924253467470407,-0.0002416546194581315,-0.0019342703744769096,-0.0010496898321434855,-0.0002959031844511628,-0.00010820938041433692,-0.0008736130548641086,-0.0004965728148818016,-0.0010784806217998266,-0.002583628986030817,-0.0026585219893604517,-0.0026065318379551172,-0.003793940646573901,-0.004439452197402716,-0.0019290122436359525,-0.004209998529404402,-0.0026151230558753014
BK,0,2026-04-07 13:30:00+00:00,09:30,-0.0026633499655872583,down,-0.0013988390564918518,0.000808826822321862,-0.0007873050635680556,0.0010414738208055496,0.0022151365410536528,-0.0011699995957314968,-0.002699618460610509,-0.002256053267046809,-0.0019637849181890488,-0.0027463447768241167,-0.0007394468411803246,-0.00038120965473353863,-0.0003607299877330661,-0.00048353016609326005,-0.0002840210509020835,-0.0012821898562833667,0.0006825652671977878,0.0008284382056444883,-0.0004084156535100192,-0.00021130172535777092,-0.0009421344147995114,-0.0034267001319676638,-0.0035318746231496334,-0.0008917109225876629,-0.0028892625123262405,-0.0026633499655872583
LULU,0,2026-04-07 13:30:00+00:00,09:30,-0.0026645243633538485,down,-0.0010318653658032417,0.00029249145882204175,-0.0033605957869440317,-0.0012538465671241283,-0.00243178429082036,-0.003756551304832101,-0.005543669685721397,-0.004885602742433548,-0.006813770160079002,-0.008857048116624355,-0.006258664187043905,-0.005240621045231819,-0.0038572284393012524,-0.0050697787664830685,-0.0053292834199965,-0.008323729038238525,-0.0043077627196908,-0.003546283580362797,-0.004485266283154488,-0.004009876865893602,-0.00475174468010664,-0.006961445789784193,-0.005983875598758459,-0.0038120420649647713,-0.005003075581043959,-0.0026645243633538485
RJF,0,2026-04-07 13:30:00+00:00,09:30,-0.0027111906092613935,down,0.001453022356145084,0.0042151156812906265,0.0021008059848099947,0.004037601873278618,0.0038508749566972256,0.0017459859373047948,-0.001890787621960044,-0.0016631868202239275,-0.0016484359512105584,-0.002704008249565959,-0.0007580757373943925,-0.0007327937055379152,-0.002286973176524043,-0.002276990795508027,-0.0019791750237345695,-0.0024915074463933706,-0.0019234379287809134,-0.0031231450848281384,-0.004407556727528572,-0.0034568370319902897,-0.003999462816864252,-0.005795243661850691,-0.0073327901773154736,-0.003435510443523526,-0.006362465210258961,-0.0027111906092613935
L,0,2026-04-07 13:30:00+00:00,09:30,-0.0027276319451630116,down,0.0014997059479355812,0.005319945979863405,0.005455560516566038,0.004357826896011829,0.005986687261611223,0.0033503437880426645,0.0021791476756334305,0.001914478838443756,0.0032964751590043306,0.001481897896155715,0.002472424414008856,0.002532724756747484,0.0018244885141029954,0.001169664436019957,0.0009239448700100183,-0.00042829939047805965,0.0008707367233000696,-3.0208853786461987e-05,-0.0006128916284069419,-3.909799852408469e-05,-0.0007407533703371882,-0.00339381187222898,-0.004283407237380743,-0.0008761686040088534,-0.0030076783150434494,-0.0027276319451630116
PCAR,0,2026-04-07 13:30:00+00:00,09:30,-0.002767483238130808,down,0.00016092063742689788,0.0017213165992870927,0.0007911401917226613,0.0019210586324334145,0.0027930408250540495,-5.631616659229621e-05,-0.0024511986412107944,-0.0013607055880129337,-0.001782696577720344,-0.0019216114887967706,0.0008181603043340147,0.0016331798397004604,0.000459074042737484,-0.000477219233289361,-5.156726183486171e-05,-0.0012098781298846006,0.0003320430696476251,0.00029412723961286247,-0.00047880681813694537,9.662611410021782e-05,-0.0001595458306837827,-0.0029766142833977938,-0.003676377236843109,-0.0007871575653553009,-0.0033082053996622562,-0.002767483238130808
KDP,0,2026-04-07 13:30:00+00:00,09:30,-0.0027967223431915045,down,-0.004831057041883469,2.6967705707647838e-05,-0.00620258180424571,-0.0020668122451752424,-0.003305192105472088,-0.005854032468050718,-0.00709935138002038,-0.005303284153342247,-0.005893318448215723,-0.006331757642328739,-0.005357877817004919,-0.005257654469460249,-0.005611385218799114,-0.0045883930288255215,-0.0050727687776088715,-0.0047408039681613445,-0.0036670733243227005,-0.004760073963552713,-0.004286537878215313,-0.0038682403974235058,-0.005549523048102856,-0.006240369286388159,-0.005518133286386728,-0.0016447779489681125,-0.0038279525469988585,-0.0027967223431915045
APO,0,2026-04-07 13:30:00+00:00,09:30,-0.0028140926733613014,down,-0.0044585647992789745,-0.0018686007242649794,-0.003571663284674287,-0.001633169362321496,-0.0031240542884916067,-0.004498291295021772,-0.007008023094385862,-0.004189555998891592,-0.004307539202272892,-0.005888510495424271,-0.003530435264110565,-0.002674839459359646,-0.001905822311528027,-0.0011257886653766036,0.0005364090320654213,-0.0015216751489788294,0.00023354306176770478,-0.0005613251705653965,-0.0016015823930501938,-0.0016837441362440586,-0.0030418839305639267,-0.005049151834100485,-0.005532397422939539,-0.0017397404881194234,-0.004183799959719181,-0.0028140926733613014
SO,0,2026-04-07 13:30:00+00:00,09:30,-0.0028723825234919786,down,-0.0020582880824804306,0.0005164504400454462,-0.0006882673478685319,0.0001246286992682144,0.0022577333729714155,0.0005767613765783608,-0.0008519511902704835,-0.0022509258706122637,-0.0020870519801974297,-0.0017337988829240203,0.00026091281324625015,-0.00012960901949554682,-0.0005686629447154701,-0.0002636366989463568,-0.0006429514614865184,-0.0005367178237065673,-8.005918061826378e-05,0.00018801921396516263,0.0004605469584930688,-0.00025762192672118545,-0.0015279960352927446,-0.0030096708796918392,-0.003353825304657221,-0.0015221791109070182,-0.0036277270410209894,-0.0028723825234919786
CMG,0,2026-04-07 13:30:00+00:00,09:30,-0.002883745590224862,down,-5.1062466809526086e-05,0.0007955466280691326,-0.00021611267584376037,0.001571084838360548,-0.00024407540331594646,2.2874823116580956e-05,-0.0022783419117331505,-0.0032386756502091885,-0.0032575654331594706,-0.0045647528022527695,-0.0010976410703733563,-0.002913240808993578,-0.004279373679310083,-0.004853963386267424,-0.0035637395922094584,-0.002869723131880164,-0.0027965139597654343,-0.0035446363035589457,-0.0028289163019508123,-0.0031644622795283794,-0.002884651767089963,-0.004644132684916258,-0.005659804679453373,-0.003004453843459487,-0.004934117663651705,-0.002883745590224862
ATO,0,2026-04-07 13:30:00+00:00,09:30,-0.002927343361079693,down,-5.392725870478898e-05,0.0022073991131037474,0.001984388567507267,0.0037491407711058855,0.004431955981999636,0.002878318540751934,0.00099726184271276,0.001184061518870294,0.0019975616596639156,0.0012803307035937905,0.002348710084334016,0.0027743561659008265,0.002090808004140854,0.0018738601356744766,0.0012505360646173358,0.0003753736091312021,0.0013677360257133842,0.0010533102322369814,0.00040384833118878305,3.763241329579614e-05,-0.0011945065343752503,-0.002757453825324774,-0.003910938743501902,-0.0017324009677395225,-0.0034146530088037252,-0.002927343361079693
AKAM,0,2026-04-07 13:30:00+00:00,09:30,-0.002965688006952405,down,-0.0031734441872686148,-0.0009728291188366711,0.00023219999275170267,0.0006052751559764147,-0.00010619194654282182,-0.001654935535043478,-0.0027855359949171543,-0.0021968998480588198,-0.002035471610724926,-0.0023785457015037537,-0.0006819016998633742,-0.00042610650416463614,-0.0006536530563607812,-0.0009251562296412885,-0.0010336637496948242,-0.0012002758448943496,-0.0009654905879870057,-0.0006069472292438149,-0.001313950982876122,-0.0005638417787849903,-0.001126686343923211,-0.0032125175930559635,-0.003274432849138975,-0.0014077014056965709,-0.002615137491375208,-0.002965688006952405
IFF,0,2026-04-07 13:30:00+00:00,09:30,-0.002969792578369379,down,0.0014944884460419416,0.002636569319292903,0.001958077074959874,0.003861350240185857,0.0038129915483295918,-0.000429952226113528,-0.0033242269419133663,-0.005835804622620344,-0.006531919352710247,-0.008137141354382038,-0.008791986852884293,-0.0062947953119874,-0.005975100211799145,-0.0059926388785243034,-0.0065622939728200436,-0.006669393740594387,-0.005840156693011522,-0.004768865182995796,-0.0060563841834664345,-0.006006530486047268,-0.005586703307926655,-0.007740254048258066,-0.007434195838868618,-0.001912403735332191,-0.004544374067336321,-0.002969792578369379
VST,0,2026-04-07 13:30:00+00:00,09:30,-0.0030000426340848207,down,-0.0022351504303514957,0.0001159796811407432,-0.0028248042799532413,-0.00033619673922657967,-0.001120357890613377,-0.0027933353558182716,-0.005487858317792416,-0.0031526023522019386,-0.0040139611810445786,-0.004388079512864351,-0.0026421910151839256,-0.0010576588101685047,-0.0031040706671774387,-0.003080295166000724,-0.0028346278704702854,-0.0055690063163638115,-0.0026295087300240993,-0.002646232722327113,-0.002748876577243209,-0.0021345766726881266,-0.003121735295280814,-0.004796425346285105,-0.004553236532956362,-0.0009445609757676721,-0.0028525213710963726,-0.0030000426340848207
IQV,0,2026-04-07 13:30:00+00:00,09:30,-0.0030039860866963863,down,-0.0030508460476994514,0.0006959323072806001,-0.003498698817566037,0.00019149071886204183,0.00045888195745646954,-0.0027190304826945066,-0.00601717596873641,-0.0044702040031552315,-0.005588437430560589,-0.004885020665824413,-0.0025042793713510036,-0.0015509900404140353,-0.002048330381512642,-0.0013625994324684143,-0.002169205341488123,-0.003459056606516242,-0.002291030716150999,-0.0015063626924529672,-0.0029110873583704233,-0.0028929701074957848,-0.0031169294379651546,-0.00554657494649291,-0.007281897589564323,-0.0036110980436205864,-0.00441536121070385,-0.0030039860866963863
STLD,0,2026-04-07 13:30:00+00:00,09:30,-0.003010192420333624,down,-0.003056374378502369,4.9761969421524554e-05,-0.0031412122771143913,-0.001611150219105184,-0.0013198780361562967,-0.003050894709303975,-0.001489742542617023,-0.000529788841959089,-0.003528694622218609,-0.003212259616702795,-0.00018730269221123308,0.0007039940683171153,0.00011528353206813335,0.0011741520138457417,-0.0006769574829377234,-0.001973660197108984,0.0004188009479548782,0.001198544166982174,-0.0017881020903587341,-0.0007520172512158751,-0.0020022166427224874,-0.003771535586565733,-0.005780739709734917,-0.0011064814170822501,-0.0046507567167282104,-0.003010192420333624
FAST,0,2026-04-07 13:30:00+00:00,09:30,-0.0030323616228997707,down,-0.003330182284116745,-0.0021531181409955025,-0.0021047587506473064,0.0008177669951692224,0.0005522373248822987,-0.003861993318423629,-0.005444103851914406,-0.005171647295355797,-0.005499429069459438,-0.0033831652253866196,-0.002160999458283186,-0.001969627570360899,-0.0037287604063749313,-0.002424056874588132,-0.004032919183373451,-0.005297055467963219,-0.003980082459747791,-0.004265601746737957,-0.004235583357512951,-0.003557860152795911,-0.00481376750394702,-0.007531850133091211,-0.0073409308679401875,-0.0032951084431260824,-0.005719083361327648,-0.0030323616228997707
BRO,0,2026-04-07 13:30:00+00:00,09:30,-0.0030672948341816664,down,-0.0016533707967028022,0.0013421277981251478,-0.002061635022982955,-0.0003332004707772285,-0.0015311414608731866,-0.003637135960161686,-0.006402351427823305,-0.0052110496908426285,-0.00488415639847517,-0.0061018867418169975,-0.0044672321528196335,-0.0026529692113399506,-0.0035757869482040405,-0.0012586491648107767,-0.0007659575203433633,-0.0030258935876190662,-0.001624919823370874,-0.002588538220152259,-0.0035108046140521765,-0.001970710465684533,-0.0023429945576936007,-0.0038155752699822187,-0.0052838632836937904,-0.0010896832682192326,-0.0036564182955771685,-0.0030672948341816664
ABNB,0,2026-04-07 13:30:00+00:00,09:30,-0.0030921190045773983,down,-0.004604921210557222,-0.0026913322508335114,-0.005912093445658684,-0.004059010185301304,-0.005801948253065348,-0.008250406943261623,-0.009195697493851185,-0.006677973549813032,-0.007240282371640205,-0.007117399480193853,-0.004358813166618347,-0.0036563181784003973,-0.002476360648870468,-0.0022969250567257404,-0.003137560561299324,-0.002878335537388921,-0.0009026725892908871,-0.0009030161891132593,-0.0028822016902267933,-0.0028400488663464785,-0.0027044229209423065,-0.0038907185662537813,-0.0038266140036284924,-0.0003423323214519769,-0.0032910467125475407,-0.0030921190045773983
ZTS,0,2026-04-07 13:30:00+00:00,09:30,-0.0031030538957566023,down,-0.000703400291968137,0.0003040597075596452,-0.001412241836078465,0.000857908686157316,0.0018278987845405936,-0.00178028445225209,-0.0036708745174109936,-0.0023268135264515877,-0.002700614742934704,-0.002470844890922308,-5.7039960665861145e-05,0.0007735118851996958,-0.00017710657266434282,-0.0006064389599487185,-0.0017000401858240366,-0.0018459621351212263,-0.0006424940656870604,-0.0010172500042244792,-0.0011309778783470392,-0.001064866199158132,-0.0021371894981712103,-0.004466396756470203,-0.004547155927866697,-0.001822428428567946,-0.004411110654473305,-0.0031030538957566023
LHX,0,2026-04-07 13:30:00+00:00,09:30,-0.0031036599539220333,down,-0.00022842771431896836,0.0012179967015981674,0.0012428549816831946,0.003575997892767191,0.004889665171504021,0.002062495332211256,-0.0004624880675692111,2.7528198188520037e-05,-0.0015898990677669644,-0.0010983874090015888,-0.0006097819423303008,0.00042403905536048114,-0.000762025301810354,-0.0002032108895946294,-0.0017701784381642938,-0.0027935579419136047,-0.0016980264335870743,-0.002079414203763008,-0.003123173024505377,-0.002499176189303398,-0.002869256539270282,-0.0052149598486721516,-0.004033982288092375,-0.002049444243311882,-0.0038012503646314144,-0.0031036599539220333
DUK,0,2026-04-07 13:30:00+00:00,09:30,-0.0031074511352926493,down,-0.0014742320636287332,0.0036121346056461334,0.0029344556387513876,0.0030535298865288496,0.005425205919891596,0.0034963118378072977,0.0041693453676998615,-0.00047394970897585154,-0.0005898191593587399,-0.002057879464700818,-0.0007489012205041945,-0.00032103274133987725,-0.000627337081823498,-0.001715060556307435,-0.0015891774091869593,-0.0015686723636463284,-0.0018727886490523815,-0.001154673402197659,-0.001351729268208146,-0.000511538761202246,-0.001461329055018723,-0.0038570770993828773,-0.005084929056465626,-0.002631801413372159,-0.002909440780058503,-0.0031074511352926493
AVY,0,2026-04-07 13:30:00+00:00,09:30,-0.0031098704785108566,down,0.0009917467832565308,0.003668996039777994,0.002207487355917692,0.004172277636826038,0.004862342029809952,0.001975418534129858,-0.0026484935078769922,-0.0011629404034465551,-0.0011093985522165895,-0.0022516564931720495,0.0007149503799155354,0.0011074512731283903,-0.00010314907558495179,0.0003252475871704519,0.0005921368137933314,-0.0010892602149397135,-4.701148282038048e-05,-0.0007341192103922367,-0.0017275342252105474,-0.0016902273055166006,-0.0010241774143651128,-0.0023495058994740248,-0.003195874160155654,-0.0010979489888995886,-0.002851457567885518,-0.0031098704785108566
OKE,0,2026-04-07 13:30:00+00:00,09:30,-0.003110442077741027,down,-0.0046896361745893955,-0.0024133992847055197,-0.004006564617156982,-0.0025072807911783457,-0.0028801693115383387,-0.005334080196917057,-0.008779618889093399,-0.005497973877936602,-0.006451598834246397,-0.007303731050342321,-0.006045086774975061,-0.004665073938667774,-0.004741508513689041,-0.00283256103284657,-0.002876977901905775,-0.004678481258451939,-0.0036549950018525124,-0.002633828204125166,-0.0037907364312559366,-0.0035440484061837196,-0.0037269697058945894,-0.005470327101647854,-0.005493355914950371,-0.003999166190624237,-0.0049970438703894615,-0.003110442077741027
PG,0,2026-04-07 13:30:00+00:00,09:30,-0.0031457007862627506,down,-0.001456140074878931,0.0002955845557153225,-0.0016785651678219438,0.00042249829857610166,0.0010551108280196786,-0.0016349321231245995,-0.002165168058127165,-0.003293998772278428,-0.0023186674807220697,-0.002759919734671712,-0.0010840120958164334,-0.0013668923638761044,-0.002496476750820875,-0.0026477344799786806,-0.0018642148934304714,-0.0020921933464705944,-0.0020081971306353807,-0.0020124022848904133,-0.0012250141007825732,-0.0009774196660146117,-0.002342584077268839,-0.004794801119714975,-0.005296756979078054,-0.0015336545184254646,-0.004550664220005274,-0.0031457007862627506
EPAM,0,2026-04-07 13:30:00+00:00,09:30,-0.003149405587464571,down,0.00032901897793635726,0.0024294995237141848,-0.0011073228670284152,0.0012643198715522885,0.00021107561769895256,-0.0008686332148499787,-0.005120477173477411,-0.004069366957992315,-0.005395316053181887,-0.006024119909852743,-0.005570872221142054,-0.0032088279258459806,-0.004819346126168966,-0.0035232859663665295,-0.0034138283226639032,-0.004385002423077822,-0.0027622408233582973,-0.002739551942795515,-0.003956706263124943,-0.003420272609218955,-0.003087323857471347,-0.0037874437402933836,-0.0038326799403876066,-0.0005340049392543733,-0.00405734870582819,-0.003149405587464571
BG,0,2026-04-07 13:30:00+00:00,09:30,-0.0031870726961642504,down,0.00048241199692711234,0.002302638255059719,0.0004481284413486719,0.00334466015920043,0.0044799912720918655,0.0011459956876933575,-7.265128806466237e-05,0.00037270746543072164,0.0008865174604579806,0.000989266438409686,0.0030875399243086576,0.003280676668509841,0.0025197810027748346,0.0009516256395727396,0.0013278108090162277,-0.00017032763571478426,0.0022295915987342596,0.00235646590590477,0.0005314408335834742,0.0013980662915855646,-0.0005328004481270909,-0.0029037543572485447,-0.0037706310395151377,-0.0008035706705413759,-0.00283756572753191,-0.0031870726961642504
IBKR,0,2026-04-07 13:30:00+00:00,09:30,-0.0031910929828882217,down,-0.0019599494989961386,-0.0001543826947454363,-0.00250994018279016,-0.00046601149369962513,-0.0002269088727189228,-0.0029440480284392834,-0.006182510405778885,-0.006310838274657726,-0.008533329702913761,-0.01098815631121397,-0.009041913785040379,-0.007088189013302326,-0.005677274893969297,-0.0048788608983159065,-0.0067963688634335995,-0.0071749091148376465,-0.005773775279521942,-0.005770934745669365,-0.0052740126848220825,-0.006112425122410059,-0.004764250945299864,-0.007135120220482349,-0.007035546936094761,-0.0038610559422522783,-0.0047456370666623116,-0.0031910929828882217
FOXA,0,2026-04-07 13:30:00+00:00,09:30,-0.003246862208470702,down,-0.0011548371985554695,0.0012570174876600504,-0.0003382369177415967,0.0014554887311533093,0.0015534104313701391,0.00019131052249576896,-0.0013136407360434532,-0.0015091641107574105,-0.0010585869895294309,-0.001839364878833294,1.523519676993601e-05,0.0011984198354184628,0.0008104717126116157,0.000860454689245671,0.0007232313510030508,-0.0005975336534902453,0.0006849621422588825,1.1337597243255004e-06,-0.00056550616864115,-0.00024761015083640814,-0.0018071482190862298,-0.004409800283610821,-0.005678160581737757,-0.003157273633405566,-0.005217112135142088,-0.003246862208470702
KMI,0,2026-04-07 13:30:00+00:00,09:30,-0.0032900709193199873,down,-0.002973980503156781,-0.0006270429585129023,-0.005542190745472908,-0.003519256366416812,-0.004454976413398981,-0.004977642558515072,-0.005267805885523558,-0.006189221050590277,-0.007302836515009403,-0.0038811895065009594,-0.0015730273444205523,-0.0033772385213524103,-0.004975265357643366,-0.005725601688027382,-0.005368802696466446,-0.004863337613642216,-0.0032729054801166058,-0.004457856994122267,-0.0037300640251487494,-0.00467404630035162,-0.005819566547870636,-0.008665531873703003,-0.007902040146291256,-0.004619941581040621,-0.006389153655618429,-0.0032900709193199873
CRH,0,2026-04-07 13:30:00+00:00,09:30,-0.0032991478219628334,down,-0.0017779931658878922,0.0028629156295210123,-0.0018413967918604612,-0.0002068558824248612,0.0025541542563587427,0.0002418015501461923,-0.002790195634588599,-0.001675308565609157,-0.0015395857626572251,-0.004263449460268021,-0.0025943948421627283,-0.0021663885563611984,0.0005453018820844591,-0.0004903373192064464,-0.0003727320581674576,-0.002063046908006072,-0.0005338727496564388,-0.0010809543309733272,-0.0012341556139290333,-0.0010544524993747473,-0.0017813855083659291,-0.004247675649821758,-0.003726266324520111,-0.0008106397581286728,-0.0039834133349359035,-0.0032991478219628334
ETR,0,2026-04-07 13:30:00+00:00,09:30,-0.003320178482681513,down,-0.0019640561658889055,-0.0010873740538954735,-0.00047500443179160357,0.0009103810880333185,0.0027479594573378563,0.0007420157780870795,-0.000878026126883924,-0.0012370743788778782,-0.0012964262859895825,-0.0018584990175440907,-0.0007607052102684975,0.0004720439901575446,0.0004246598109602928,-0.0003378695691935718,-0.00042506022145971656,-0.0006775822257623076,-0.0002455906360410154,-0.0003152094141114503,-8.701172191649675e-05,-0.0002890914329327643,-0.0007522086380049586,-0.003614481771364808,-0.003339296206831932,-0.0014954543439671397,-0.002424276666715741,-0.003320178482681513
C,0,2026-04-07 13:30:00+00:00,09:30,-0.003357525449246168,down,-0.00485043553635478,-0.004563440103083849,-0.006586891133338213,-0.003225038992241025,-0.0026505456771701574,-0.004093730356544256,-0.006128586828708649,-0.006005833391100168,-0.006637979298830032,-0.006525827571749687,-0.004170177970081568,-0.004221390932798386,-0.004175011999905109,-0.004199312999844551,-0.003890422871336341,-0.003995791077613831,-0.004085291642695665,-0.00321997981518507,-0.0039577665738761425,-0.00355438026599586,-0.004625809844583273,-0.007005028892308474,-0.0064549013040959835,-0.004175475798547268,-0.005687633063644171,-0.003357525449246168
ACGL,0,2026-04-07 13:30:00+00:00,09:30,-0.0033795111812651157,down,0.00036802445538342,0.0015993433771654963,0.0003318724047858268,0.0013896769378334284,0.0023266132920980453,-0.000611867115367204,-0.0016233809292316437,-0.0020748309325426817,-0.0009677354246377945,-0.001761569525115192,0.00027205320657230914,0.0004422183847054839,-0.00024404277792200446,-0.00012643450463656336,-0.0011702735209837556,-0.001541936886496842,-0.0006055121193639934,-0.00041711036465130746,-0.0010516969487071037,-0.0008846381097100675,-0.0019847210496664047,-0.0037174485623836517,-0.004525872878730297,-0.0022162299137562513,-0.0038928643334656954,-0.0033795111812651157
WBD,0,2026-04-07 13:30:00+00:00,09:30,-0.0033948628697544336,down,-0.0040169041603803635,-0.0023227042984217405,-0.006417462602257729,-0.0028921605553478003,-0.0038994334172457457,-0.005136069376021624,-0.004560675472021103,-0.00518835848197341,-0.004864471964538097,-0.005641547031700611,-0.004853897262364626,-0.005102814640849829,-0.005474240519106388,-0.004961635917425156,-0.005484621971845627,-0.004142132122069597,-0.004276315215975046,-0.005368842743337154,-0.0045955125242471695,-0.0032950451131910086,-0.004653643351048231,-0.005771256051957607,-0.005815982352942228,-0.002990003442391753,-0.0048956433311104774,-0.0033948628697544336
AEE,0,2026-04-07 13:30:00+00:00,09:30,-0.003395689418539405,down,-0.0010643205605447292,0.00032717754947952926,0.0007882032659836113,0.003377547487616539,0.0033476040698587894,0.00142151047475636,0.00041398947359994054,-0.0004699020937550813,0.00029232216184027493,0.0002797831257339567,0.0024255486205220222,0.0017061347607523203,0.0019905997905880213,0.0009686833946034312,0.00027658563340082765,0.0004404277424328029,0.0008285856456495821,0.00019815484120044857,-8.627149509266019e-05,7.106064731488004e-05,-0.00045818070066161454,-0.0020925046410411596,-0.003191291121765971,-0.0016663376009091735,-0.0030822206754237413,-0.003395689418539405
JKHY,0,2026-04-07 13:30:00+00:00,09:30,-0.003455611178651452,down,0.00185278314165771,0.004372459836304188,0.0029447658453136683,0.004575688391923904,0.0048310053534805775,0.002373944502323866,0.00014143330918159336,-0.000473927881103009,-0.0002107517357217148,0.0006112722912803292,0.002071468159556389,0.0029455628246068954,0.0020872734021395445,0.0019817319698631763,0.0012827045284211636,0.0002508178004063666,0.0005968072800897062,0.0004108035354875028,-0.00045424074050970376,-0.0007468143594451249,-0.0018474000971764326,-0.003631149185821414,-0.005001867190003395,-0.0020698357839137316,-0.005137694533914328,-0.003455611178651452
CINF,0,2026-04-07 13:30:00+00:00,09:30,-0.0034694275818765163,down,0.0017666923813521862,0.004250857047736645,0.0028779231943190098,0.003989063203334808,0.0037362517323344946,0.002045110333710909,-0.0004939936334267259,-0.0008863916737027466,-0.0009137456072494388,-0.0008841516100801528,0.0013172131730243564,0.0018660931382328272,0.0005944893346168101,0.0009082856704480946,0.0001976800267584622,-0.0006183291552588344,-0.00018386660667601973,-0.00031642732210457325,-0.0013340264558792114,-0.0013463401701301336,-0.002085562329739332,-0.003526873653754592,-0.0051914700306952,-0.002065068343654275,-0.005551643203943968,-0.0034694275818765163
AEP,0,2026-04-07 13:30:00+00:00,09:30,-0.003527845721691847,down,-0.0012746523134410381,0.0008843391551636159,-0.0009755964856594801,0.0009684937540441751,0.0019187001744285226,0.00014957146777305752,-0.0010379812447354198,-0.00010724057210609317,-0.0001122484973166138,-0.0008563155424781144,-2.8331847715890035e-05,0.0006127959350124002,0.000634162628557533,-0.0001026808749884367,-0.000527203141245991,-0.00033237345633096993,2.082139326375909e-05,0.0001340037997579202,-0.0004637643287423998,-0.0006059572915546596,-0.0017535752849653363,-0.003524832194671035,-0.00448512751609087,-0.0020986872259527445,-0.004245057702064514,-0.003527845721691847
DASH,0,2026-04-07 13:30:00+00:00,09:30,-0.0035619931295514107,down,-0.00012761073594447225,0.0019299082923680544,-0.001053941436111927,0.0011706389486789703,-0.00035076140193268657,-0.0011049228487536311,-0.004344011191278696,-0.0017076677177101374,-0.002761879935860634,-0.002113544847816229,8.74661491252482e-05,0.0007480283966287971,0.0007447800016961992,0.0007062585791572928,7.286453910637647e-05,-0.00047848655958659947,0.0011242115870118141,-3.6730583815369755e-05,-0.0011253999546170235,-0.0008912620833143592,-0.001495514647103846,-0.0027084972243756056,-0.0038317283615469933,-0.0016189670423045754,-0.005686843767762184,-0.0035619931295514107
AWK,0,2026-04-07 13:30:00+00:00,09:30,-0.003563664620742202,down,-0.0007749931537546217,0.0013765973271802068,-1.2883929230156355e-05,0.00250414852052927,0.00271025812253356,0.0009814637014642358,-0.0008071318734437227,-0.001132909208536148,-0.0015488185454159975,-0.0015658879419788718,0.001050726044923067,0.001275167684070766,0.0006537809385918081,0.0007762793102301657,-8.461811376037076e-05,-0.0009053467074409127,-0.00026550141046755016,-0.0011633142130449414,-0.0011212561512365937,-0.0008073266362771392,-0.0019609807059168816,-0.003633597632870078,-0.005103190895169973,-0.0028582827653735876,-0.005755596794188023,-0.003563664620742202
PNW,0,2026-04-07 13:30:00+00:00,09:30,-0.0036080756690353155,down,-0.0009982744231820107,0.0013762324815616012,2.5083192667807452e-05,0.0011578836711123586,0.0029746894724667072,0.0005936366505920887,-0.0005011064931750298,-0.0020821434445679188,0.0005020448588766158,-0.0010554889449849725,0.0013008257374167442,0.001112267840653658,0.0006831734790466726,0.0003855769173242152,-0.000274444289971143,-0.0007644177530892193,-0.0001250422646990046,-0.00011973937944276258,-0.00019396566494833678,-0.00031568127451464534,-0.0012941418681293726,-0.0027242538053542376,-0.004135034512728453,-0.001695146318525076,-0.0033697914332151413,-0.0036080756690353155
ALGN,0,2026-04-07 13:30:00+00:00,09:30,-0.0036212014965713024,down,0.0020037470385432243,0.004145973827689886,-0.0004008063697256148,0.0020925600547343493,0.0008540087146684527,-0.0005981437861919403,-0.0036424403078854084,0.0001595367066329345,-0.002189754042774439,-0.0037086268421262503,-0.002458457602187991,-0.001715468824841082,-0.0028245793655514717,-0.0018584075151011348,-0.0021420803386718035,-0.0035647025797516108,-0.0015668810810893774,-0.0010694597149267793,-0.0036523251328617334,-0.0025722174905240536,-0.0023377262987196445,-0.003214719006791711,-0.0021110090892761946,-0.0002897424274124205,-0.002943377709016204,-0.0036212014965713024
NEE,0,2026-04-07 13:30:00+00:00,09:30,-0.003642137860879302,down,-0.004562265705317259,-0.0026704876217991114,-0.0031441550236195326,-0.0016564427642151713,-4.548228389467113e-05,-0.0009887063642963767,-0.0026142254937440157,-0.003987724892795086,-0.003149220021441579,-0.003026943653821945,-0.001321990042924881,-0.0013536600163206458,-0.0018334006890654564,-0.001784249092452228,-0.0015291289892047644,-0.0020915563218295574,-0.0026814823504537344,-0.0019862898625433445,-0.0018402838613837957,-0.002150630811229348,-0.0028958539478480816,-0.005005389451980591,-0.0053960601799190044,-0.003052857704460621,-0.005493324249982834,-0.003642137860879302
MU,0,2026-04-07 13:30:00+00:00,09:30,-0.003661717288196087,down,-0.005198959726840258,-0.010693834163248539,-0.011486009694635868,-0.01155109703540802,-0.009653527289628983,-0.01415955275297165,-0.016459211707115173,-0.014577018097043037,-0.014271294698119164,-0.012839799746870995,-0.00982759241014719,-0.009908131323754787,-0.00949161034077406,-0.010510736145079136,-0.008867930620908737,-0.008514932356774807,-0.009656543843448162,-0.007143868133425713,-0.010540465824306011,-0.007806476205587387,-0.010239374823868275,-0.014291339553892612,-0.012434256263077259,-0.012292363680899143,-0.007351934444159269,-0.003661717288196087
LDOS,0,2026-04-07 13:30:00+00:00,09:30,-0.00366631499491632,down,0.001107979565858841,0.003912840969860554,0.0017546463059261441,0.004091149661689997,0.004583492409437895,0.002659875899553299,0.000178451111423783,-0.00010227061284240335,-0.0011381242657080293,-0.0006775677902624011,0.0013606188585981727,0.0010489275446161628,-9.58228629315272e-05,0.0007942892843857408,-0.0003293469490017742,-0.0018186003435403109,-0.00025796148111112416,4.454162990441546e-05,-0.0014166590990498662,-0.0008174434769898653,-0.0013898597098886967,-0.0024044818710535765,-0.0013170724269002676,0.0010377643629908562,-0.002845252864062786,-0.00366631499491632
EQR,0,2026-04-07 13:30:00+00:00,09:30,-0.0036719145718961954,down,-0.0013593307230621576,0.0006388964247889817,-3.9064852899173275e-05,0.0006406251341104507,0.0013131360756233335,-0.0003606303362175822,-0.0012057700660079718,-0.0010588461300358176,-5.560837234952487e-05,-0.001105060800909996,0.000656042480841279,0.0013655361253768206,0.0008958520484156907,0.0008338951738551259,0.0006833354709669948,-0.0006464628968387842,0.0011185541516169906,0.0009673406602814794,0.00017394604219589382,0.0009754392667673528,-0.0002155806723749265,-0.003395206993445754,-0.004463138058781624,-0.0018555752467364073,-0.003528962843120098,-0.0036719145718961954
BIIB,0,2026-04-07 13:30:00+00:00,09:30,-0.003723681205883622,down,-0.0004475037567317486,0.001647877972573042,-0.0020303477067500353,-0.0007135691703297198,-0.003107240190729499,-0.004695120733231306,-0.008434615097939968,-0.005788900423794985,-0.006198617164045572,-0.005099515430629253,-0.003909308463335037,-0.0015918288845568895,-0.0042906817980110645,-0.0038791836705058813,-0.004847636446356773,-0.006043063011020422,-0.004948687274008989,-0.003663215320557356,-0.005477720405906439,-0.005164803937077522,-0.005987196229398251,-0.008424313738942146,-0.007280115503817797,-0.004582665860652924,-0.007445767987519503,-0.003723681205883622
IP,0,2026-04-07 13:30:00+00:00,09:30,-0.003758082166314125,down,-0.004554686136543751,-0.0017610484501346946,-0.0034826903138309717,-0.0012531118700280786,-0.0021970802918076515,-0.002409040229395032,-0.005075954366475344,-0.004950399044901133,-0.007311109919101,-0.008066016249358654,-0.0055404347367584705,-0.0073522888123989105,-0.0065642488189041615,-0.006964358035475016,-0.007791474461555481,-0.007970569655299187,-0.0060009039007127285,-0.007220492698252201,-0.006049880757927895,-0.007702093105763197,-0.005970066878944635,-0.007792741525918245,-0.007805744186043739,-0.005121663212776184,-0.006004451308399439,-0.003758082166314125
HBAN,0,2026-04-07 13:30:00+00:00,09:30,-0.003792901523411274,down,-0.0066354586742818356,-0.005559294018894434,-0.006993855349719524,-0.004728761967271566,-0.005240641534328461,-0.006024996750056744,-0.008959189057350159,-0.008693138137459755,-0.008141221478581429,-0.007745181676000357,-0.005937098525464535,-0.005179577507078648,-0.005119845271110535,-0.005772758275270462,-0.005590356420725584,-0.006057756952941418,-0.004585191607475281,-0.006635936908423901,-0.006921194028109312,-0.00508124940097332,-0.006030959542840719,-0.008361090905964375,-0.008764799684286118,-0.003174280747771263,-0.00490620406344533,-0.003792901523411274
MOS,0,2026-04-07 13:30:00+00:00,09:30,-0.0038302114699035883,down,-0.003696366446092725,0.0012196239549666643,-0.002620832761749625,-0.00025823188479989767,-0.002006854396313429,-0.003158853854984045,-0.004913340322673321,-0.005653318949043751,-0.005015080329030752,-0.006902530323714018,-0.005447334609925747,-0.00429893285036087,-0.004317873623222113,-0.003129536984488368,-0.0034992648288607597,-0.004155910108238459,-0.0029622241854667664,-0.002708923537284136,-0.004737697541713715,-0.004126101732254028,-0.00552268186584115,-0.006551753263920546,-0.0067376382648944855,-0.0026076724752783775,-0.004713380243629217,-0.0038302114699035883
COO,0,2026-04-07 13:30:00+00:00,09:30,-0.0038357614539563656,down,-0.0036449041217565536,-0.0004884388181380928,-0.004948696121573448,-0.0030341455712914467,-0.0032774407882243395,-0.005318119190633297,-0.008954331278800964,-0.007736233528703451,-0.010419434867799282,-0.011061298660933971,-0.009272598661482334,-0.00769508071243763,-0.007188037503510714,-0.006051427684724331,-0.007876181043684483,-0.007547145243734121,-0.005559140350669622,-0.005951370112597942,-0.006404462736099958,-0.007571223191916943,-0.007205859757959843,-0.008085942827165127,-0.00869489274919033,-0.00396074028685689,-0.006323455832898617,-0.0038357614539563656
CAG,0,2026-04-07 13:30:00+00:00,09:30,-0.0038415140006691217,down,-0.005069839768111706,-0.002021439839154482,-0.005378469824790955,-0.0025497865863144398,-0.0034997088368982077,-0.0058441245928406715,-0.008926158770918846,-0.007597233634442091,-0.006285243202000856,-0.005662200506776571,-0.005153296049684286,-0.003518485464155674,-0.004286562092602253,-0.004452139604836702,-0.005549179390072823,-0.005624993704259396,-0.00366583070717752,-0.003971007186919451,-0.004702710546553135,-0.0038808586541563272,-0.004675114527344704,-0.0069615538232028484,-0.007311949972063303,-0.0028262389823794365,-0.005529563874006271,-0.0038415140006691217
DLTR,0,2026-04-07 13:30:00+00:00,09:30,-0.00385246891528368,down,-0.006678534671664238,-0.0034900722093880177,-0.009993338957428932,-0.005112609826028347,-0.008818143978714943,-0.011017763055860996,-0.011922241188585758,-0.008461980149149895,-0.009319225326180458,-0.010914561338722706,-0.006833458784967661,-0.006811931729316711,-0.005647789221256971,-0.002993535716086626,-0.0035985768772661686,-0.004168548621237278,-0.00355105591006577,-0.003102588001638651,-0.005627143662422895,-0.005845644976943731,-0.004290390759706497,-0.00644318712875247,-0.007048371247947216,-0.003605437930673361,-0.003612472442910075,-0.00385246891528368
FIS,0,2026-04-07 13:30:00+00:00,09:30,-0.0038660650607198477,down,-0.0049295611679553986,-0.0006750358734279871,-0.0010961092775687575,-0.0005288342363201082,-0.0026453128084540367,-0.004988551139831543,-0.007284495513886213,-0.0063934409990906715,-0.005605910439044237,-0.005609393119812012,-0.0048438264057040215,-0.005466948263347149,-0.005879675038158894,-0.004679104778915644,-0.00661194883286953,-0.007008237764239311,-0.004427081905305386,-0.0070634339936077595,-0.004312492441385984,-0.005776710342615843,-0.005571251735091209,-0.007183997426182032,-0.008060729131102562,-0.0049835131503641605,-0.006424185819923878,-0.0038660650607198477
CPT,0,2026-04-07 13:30:00+00:00,09:30,-0.0038885418325662613,down,-0.0004239189438521862,0.00218376237899065,0.0005313793080858886,0.001511543756350875,0.0031537776812911034,0.0010590137680992484,1.1742198694264516e-05,-0.0011018554214388132,0.0007025185041129589,-0.0011495082871988416,0.00039601547177881,0.0013511560391634703,0.0015977401053532958,0.0010268974583595991,0.00015582707419525832,-0.0009213823359459639,0.00013005724758841097,4.8769004934001714e-05,-1.8265191101818345e-05,-0.0004244843730702996,-0.0011267121881246567,-0.0031054154969751835,-0.003977057058364153,-0.0019631192553788424,-0.003406976582482457,-0.0038885418325662613
SPGI,0,2026-04-07 13:30:00+00:00,09:30,-0.003917239606380463,down,-0.0045094978995621204,-0.0037575075402855873,-0.0039047689642757177,-0.0014174524694681168,-0.002037243451923132,-0.004747228696942329,-0.006390296388417482,-0.007235236931592226,-0.007609893102198839,-0.006833032704889774,-0.004542611073702574,-0.004876317922025919,-0.004405129235237837,-0.005499120336025953,-0.00666461419314146,-0.0067522344179451466,-0.005291565787047148,-0.004524617921561003,-0.005983945447951555,-0.007122584152966738,-0.006904322188347578,-0.007760623469948769,-0.008170383051037788,-0.00519926194101572,-0.0067533934488892555,-0.003917239606380463
NOW,0,2026-04-07 13:30:00+00:00,09:30,-0.003917331341654062,down,-0.0013821418397128582,-0.0036908569745719433,-0.004631228279322386,-0.0022522557992488146,-0.003603156888857484,-0.003945379517972469,-0.00832546316087246,-0.0080080796033144,-0.010784975253045559,-0.008548103272914886,-0.005071071907877922,-0.0049028946086764336,-0.0033349143341183662,-0.003445385955274105,-0.004264522343873978,-0.0033611042890697718,-0.0022154320031404495,-0.0016639610985293984,-0.004067402333021164,-0.0028987412806600332,-0.004217237699776888,-0.005375441163778305,-0.002208540216088295,0.00013600100646726787,-0.0022452750708907843,-0.003917331341654062
IRM,0,2026-04-07 13:30:00+00:00,09:30,-0.0039201113395392895,down,-0.003365719923749566,-0.0015309939626604319,-0.0024135587736964226,-0.0006815920351073146,0.0002829365257639438,-0.0023247655481100082,-0.005363367963582277,-0.004476235248148441,-0.004767296835780144,-0.006012820638716221,-0.005467277020215988,-0.0030299052596092224,-0.00411823159083724,-0.0031873732805252075,-0.0035545076243579388,-0.003794997464865446,-0.002559760818257928,-0.0032575593795627356,-0.004884404595941305,-0.004940647631883621,-0.005125600378960371,-0.006448046769946814,-0.007150179706513882,-0.0036011773627251387,-0.005169698037207127,-0.0039201113395392895
KMB,0,2026-04-07 13:30:00+00:00,09:30,-0.003938986919820309,down,-0.002979218028485775,0.0010273698717355728,-0.0018822128186002374,-0.0003814190567936748,0.0006680606165900826,-0.0010643128771334887,-0.003327123587951064,-0.0024483995512127876,-0.002499570604413748,-0.0029753572307527065,-0.0007470906130038202,-0.0005342991789802909,-0.0004153296467848122,-0.0013639791868627071,-0.0014969005715101957,-0.0023328918032348156,-0.0013055711751803756,-0.000920578371733427,-0.0012895605759695172,-0.0005562858423218131,-0.0012396823149174452,-0.0036556096747517586,-0.004162746015936136,-0.0015555665595456958,-0.004191049840301275,-0.003938986919820309
T,0,2026-04-07 13:30:00+00:00,09:30,-0.003945761360228062,down,-0.0012028968194499612,-0.001638996647670865,-0.005366750061511993,-0.001896002795547247,-0.005924019031226635,-0.0062937429174780846,-0.006244450341910124,-0.006272040773183107,-0.006091584451496601,-0.00460448581725359,-0.0033531244844198227,-0.004822627641260624,-0.006467297673225403,-0.0059098233468830585,-0.005628929473459721,-0.005884431768208742,-0.0045559583231806755,-0.006334565579891205,-0.0053416364826262,-0.004664279520511627,-0.005925864912569523,-0.006677785888314247,-0.006885631009936333,-0.003287194762378931,-0.005042712204158306,-0.003945761360228062
CRL,0,2026-04-07 13:30:00+00:00,09:30,-0.00397601118311286,down,0.0008571244543418288,0.003048535203561187,0.0006505859200842679,0.0024377661757171154,-1.4660654414910823e-06,-0.001851985463872552,-0.0056952196173369884,-0.0010187742300331593,-0.001736297970637679,-0.0021520887967199087,-0.00036548604839481413,0.0019737188704311848,0.0015531297540292144,0.002154741669073701,0.001281349454075098,-0.0009600726189091802,0.000648892018944025,-0.0008665842469781637,-0.0015606043161824346,-0.0023021697998046875,-0.0012867988552898169,-0.003247738117352128,-0.0033244441729038954,0.0003853735397569835,-0.0025943871587514877,-0.00397601118311286
SWK,0,2026-04-07 13:30:00+00:00,09:30,-0.004030514974147081,down,-0.0008356021717190742,0.002605488756671548,-0.0014811903238296509,0.0007894060108810663,0.0005648603546433151,-0.0018998200539499521,-0.0036339389625936747,-0.003337681759148836,-0.005191231612116098,-0.007508361712098122,-0.007834822870790958,-0.004901145584881306,-0.004032584838569164,-0.0023574053775519133,-0.0032701599411666393,-0.004627309273928404,-0.0024115783162415028,-0.003052164101973176,-0.00400902284309268,-0.004584136884659529,-0.004528185818344355,-0.006006724201142788,-0.005706219468265772,-0.0017174748936668038,-0.004895937629044056,-0.004030514974147081
WSM,0,2026-04-07 13:30:00+00:00,09:30,-0.004033329430967569,down,0.001810991088859737,0.002436903305351734,0.00037259995588101447,0.0023164262529462576,0.0005821307422593236,-0.0010562121169641614,-0.003071247134357691,-0.0023872258607298136,-0.00511310575529933,-0.003938350826501846,-0.0032264469191432,-0.0017648778157308698,-0.0045656245201826096,-0.004387001506984234,-0.004806992132216692,-0.004415692295879126,-0.004387478809803724,-0.003288810607045889,-0.00511101633310318,-0.004924057517200708,-0.0051327976398169994,-0.006996319629251957,-0.006152122747153044,-0.0028918401803821325,-0.006034565158188343,-0.004033329430967569
HPE,0,2026-04-07 13:30:00+00:00,09:30,-0.004123091697692871,down,-0.008482076227664948,-0.005559294018894434,-0.010084056295454502,-0.007770017255097628,-0.007049749605357647,-0.00927774328738451,-0.01095294114202261,-0.009994587861001492,-0.010376347228884697,-0.011928390711545944,-0.00913226418197155,-0.008959000930190086,-0.008844342082738876,-0.00746925687417388,-0.0060074953362345695,-0.007485704496502876,-0.005861906800419092,-0.008142145350575447,-0.007380940020084381,-0.006417330354452133,-0.008167754858732224,-0.009918554686009884,-0.009515355341136456,-0.005091823171824217,-0.005260360427200794,-0.004123091697692871
GPC,0,2026-04-07 13:30:00+00:00,09:30,-0.004154673311859369,down,-0.0005457039806060493,0.0023455973714590073,0.0012123018968850374,0.0023070594761520624,0.0037391381338238716,0.0005367551348172128,-0.0016896045999601483,-0.0012935473350808024,-0.0016131473239511251,-0.0021838494576513767,-0.0001284439058508724,-0.0009676766931079328,-0.0010996464407071471,-0.0015804889844730496,-0.0014789755223318934,-0.002358437515795231,-0.001731502590700984,-0.0018333453917875886,-0.0031681088730692863,-0.002240754896774888,-0.0032805446535348892,-0.005673409905284643,-0.006353577133268118,-0.0022460699547082186,-0.004833769518882036,-0.004154673311859369
MDLZ,0,2026-04-07 13:30:00+00:00,09:30,-0.004203999415040016,down,-0.0008643472101539373,8.573418745072559e-05,-0.0006954557029530406,0.0005171503871679306,-8.896090730559081e-05,-0.0015118347946554422,-0.003000382799655199,-0.0031206170096993446,-0.002117197262123227,-0.003023094031959772,-0.0018930123187601566,-0.0007233796059153974,-0.0024073822423815727,-0.002154537010937929,-0.001209637732245028,-0.002667709719389677,-0.0017640255391597748,-0.001984771341085434,-0.002682262333109975,-0.001833572518080473,-0.002895078621804714,-0.005724077578634024,-0.006471929606050253,-0.0033476289827376604,-0.005391660612076521,-0.004203999415040016
BALL,0,2026-04-07 13:30:00+00:00,09:30,-0.004205644130706787,down,-0.0003893424291163683,0.0016486700624227524,-0.000549261923879385,0.0016549406573176384,0.002392993774265051,-0.0007055532769300044,-0.0015006461180746555,-0.0022292998619377613,-0.0008466148283332586,-0.0014558875700458884,-0.0007514961762353778,0.0004315845435485244,-0.0008927976014092565,-0.00026412768056616187,-0.0009984510252252221,-0.0028635808266699314,-0.0009972002590075135,-0.002392760245129466,-0.002532667713239789,-0.003029565094038844,-0.00383237493224442,-0.00584523007273674,-0.007712728809565306,-0.004534753505140543,-0.006136413663625717,-0.004205644130706787
ORCL,0,2026-04-07 13:30:00+00:00,09:30,-0.004216332919895649,down,-0.008427465334534645,-0.00506237056106329,-0.00973699800670147,-0.007685670629143715,-0.009569063782691956,-0.007706280332058668,-0.010294665582478046,-0.008223631419241428,-0.010210874490439892,-0.008455638773739338,-0.006477552466094494,-0.005979059264063835,-0.006195013411343098,-0.006047733128070831,-0.006176905240863562,-0.007445672061294317,-0.005850633606314659,-0.006307374220341444,-0.00524100661277771,-0.00452682888135314,-0.005879661999642849,-0.006740016397088766,-0.0070433421060442924,-0.0026928428560495377,-0.00566733768209815,-0.004216332919895649
EBAY,0,2026-04-07 13:30:00+00:00,09:30,-0.004265131428837776,down,-0.00490832794457674,-0.0014057289808988571,-0.003997873980551958,-0.0008999460842460394,0.0005061812116764486,-0.0011047670850530267,-0.003236420452594757,-0.003560563549399376,-0.003632459556683898,-0.003140354761853814,-0.001123989000916481,-0.0016080643981695175,-0.001278329873457551,-0.0018797973170876503,-0.0019097918411716819,-0.002091477159410715,-0.001562283607199788,-0.00178878428414464,-0.001981652108952403,-0.0019927199464291334,-0.002737854141741991,-0.004759438335895538,-0.005284450016915798,-0.002717047231271863,-0.004753932356834412,-0.004265131428837776
ICE,0,2026-04-07 13:30:00+00:00,09:30,-0.004267632029950619,down,-0.0013230338227003813,0.0004534237668849528,-0.0006499422597698867,0.0017945421859622002,0.0019106745021417737,-0.0008798338240012527,-0.0034010568633675575,-0.0027857667300850153,-0.002334010321646929,-0.003150333184748888,-0.0011087871389463544,-0.0004440561751835048,-0.0015210844576358795,-0.0010850524995476007,-0.001267049228772521,-0.002479043323546648,-0.0014984679874032736,-0.001644760137423873,-0.0017603256274014711,-0.0019704438745975494,-0.002496513072401285,-0.004067189525812864,-0.0052660671062767506,-0.003241491736844182,-0.0030451694037765265,-0.004267632029950619
ED,0,2026-04-07 13:30:00+00:00,09:30,-0.004286082461476326,down,-0.0019471561536192894,-6.862308509880677e-05,-0.001559457858093083,0.0014249511295929551,0.0032039983198046684,9.476627019466832e-05,-0.0011404776014387608,-0.0009886142797768116,-0.0003398969129193574,-0.0008840312366373837,0.001256912830285728,0.0009975448483601213,0.0007345373742282391,0.00018331370665691793,-0.0006214586901478469,-0.0004969402798451483,-0.00013491403660736978,-0.0004939085338264704,-0.0007191426120698452,-0.0006980884936638176,-0.0013233359204605222,-0.0029578926041722298,-0.003857792355120182,-0.002214666223153472,-0.0037553783040493727,-0.004286082461476326
SOLV,0,2026-04-07 13:30:00+00:00,09:30,-0.004361022263765335,down,-0.002301374450325966,0.0005149003700353205,-0.003693993669003248,-0.001348426565527916,-0.002601986052468419,-0.005303903948515654,-0.008489352650940418,-0.007772367913275957,-0.009008672088384628,-0.010154669173061848,-0.00944425817579031,-0.007564904168248177,-0.006619990803301334,-0.006115649361163378,-0.007455393671989441,-0.007780388928949833,-0.005900409538298845,-0.006332722492516041,-0.006905984133481979,-0.008230756036937237,-0.00700282771140337,-0.00786780845373869,-0.008552887476980686,-0.004466742742806673,-0.00778197031468153,-0.004361022263765335
BF-B,0,2026-04-07 13:30:00+00:00,09:30,-0.004368978086858988,down,-0.0009739126544445753,0.0028616341296583414,0.0007395737338811159,0.0008216899004764855,0.00018334644846618176,8.374325261684135e-05,-0.0030613841954618692,-0.003421488218009472,-0.002910034265369177,-0.005381095688790083,-0.0033970612566918135,-0.0019974475726485252,-0.0025692249182611704,-0.001801974605768919,-0.00012828582839574665,-0.0011566327884793282,-0.0007107279961928725,-0.0006608860567212105,-0.002109829569235444,-0.0010921712964773178,-0.0038039954379200935,-0.004651167429983616,-0.005475750658661127,-0.0011134573724120855,-0.00483727315440774,-0.004368978086858988
SW,0,2026-04-07 13:30:00+00:00,09:30,-0.004432977177202702,down,-0.004271829966455698,-9.607853280613199e-05,-0.0017885919660329819,0.0005161578883416951,-0.0015652654692530632,-0.003113316837698221,-0.006951987277716398,-0.006659986916929483,-0.008189686574041843,-0.010595505125820637,-0.010012215003371239,-0.008825325407087803,-0.005623763892799616,-0.007540070451796055,-0.006825743708759546,-0.008369239047169685,-0.00704247085377574,-0.007185454946011305,-0.004407500382512808,-0.006468500941991806,-0.0044149477034807205,-0.006315579637885094,-0.005818803794682026,-0.0029514553025364876,-0.005418119020760059,-0.004432977177202702
INCY,0,2026-04-07 13:30:00+00:00,09:30,-0.004507845733314753,down,-0.0003414394741412252,0.0008398545905947685,-0.0001587217120686546,0.0002566219191066921,0.0012945481576025486,-0.0009393810760229826,-0.003317798487842083,-0.003682854352518916,-0.005128189455717802,-0.004519161768257618,-0.0035566044971346855,-0.00034104319638572633,-0.0010742110898718238,-0.0014064076822251081,-0.0011282286141067743,-0.002921306062489748,-0.0007590916357003152,-0.0014705685898661613,-0.00223376858048141,-0.0019233259372413158,-0.0031300701666623354,-0.005190905649214983,-0.005931074731051922,-0.0025036099832504988,-0.005529792048037052,-0.004507845733314753
MRK,0,2026-04-07 13:30:00+00:00,09:30,-0.00452245119959116,down,-0.0063289315439760685,-0.005278355907648802,-0.011336997151374817,-0.006904861889779568,-0.009922393597662449,-0.014068770222365856,-0.014667734503746033,-0.009886035695672035,-0.012712277472019196,-0.01247969176620245,-0.008169865235686302,-0.007747967727482319,-0.007188455201685429,-0.004561054985970259,-0.004673065152019262,-0.005384951364248991,-0.004027335438877344,-0.0039034548681229353,-0.007066986057907343,-0.0067618596367537975,-0.006039641331881285,-0.00862518884241581,-0.007467460818588734,-0.003342839889228344,-0.005030853673815727,-0.00452245119959116
BEN,0,2026-04-07 13:30:00+00:00,09:30,-0.004550951533019543,down,-0.007424026262015104,-0.002943158382549882,-0.007062868215143681,-0.004917050711810589,-0.004756600130349398,-0.006106350105255842,-0.008418739773333073,-0.006723201368004084,-0.005201837979257107,-0.007363553158938885,-0.004753731191158295,-0.004305318929255009,-0.0035593018401414156,-0.0034947902895510197,-0.0034604400862008333,-0.004351717885583639,-0.002664287341758609,-0.002855912549421191,-0.003419197164475918,-0.0028850696980953217,-0.004185220692306757,-0.00548202358186245,-0.006268300581723452,-0.0024676788598299026,-0.004682973027229309,-0.004550951533019543
SRE,0,2026-04-07 13:30:00+00:00,09:30,-0.004652498755604029,down,-0.0020988043397665024,0.0006024495232850313,-0.0014203174505382776,0.0007768923533149064,0.0016329586505889893,-0.0011250347597524524,-0.0024505779147148132,-0.0029375862795859575,-0.0022318807896226645,-0.002896650228649378,-0.0008689953247085214,-0.00039657315937802196,-0.0007524697575718164,-0.0006399853155016899,-0.001291506690904498,-0.0019468407845124602,-0.0011568914633244276,-0.0009042624151334167,-0.0014160225400701165,-0.0012177603784948587,-0.0018222559010609984,-0.004023102577775717,-0.005305781960487366,-0.0028851430397480726,-0.005053694359958172,-0.004652498755604029
DOC,0,2026-04-07 13:30:00+00:00,09:30,-0.004672413691878319,down,0.0036620181053876877,0.00749743077903986,0.004341308493167162,0.0009199234773404896,-0.0013156291097402573,-0.0033006833400577307,-0.0063498178496956825,-0.004424918908625841,-0.004910669289529324,-0.002593446522951126,0.0015032414812594652,0.00015281082596629858,0.0012437814148142934,0.0004360972670838237,0.0001876086025731638,-0.0006886405171826482,0.0020743459463119507,0.0011925341095775366,0.0006099606398493052,0.000289782474283129,-0.002215067856013775,-0.002392776543274522,-0.00555038545280695,-4.367199289845303e-05,-0.0034855857957154512,-0.004672413691878319
PPG,0,2026-04-07 13:30:00+00:00,09:30,-0.004776669200509787,down,-0.003305105259642005,-0.002491414314135909,-0.005807862617075443,-0.00276250671595335,-0.005197816528379917,-0.005013791378587484,-0.008833218365907669,-0.007593777496367693,-0.007886542938649654,-0.008864241652190685,-0.007953542284667492,-0.004671149887144566,-0.0033288528211414814,-0.003454258432611823,-0.004549971781671047,-0.004597497638314962,-0.001841445337049663,-0.0030752040911465883,-0.0051069376058876514,-0.006493798922747374,-0.0054042404517531395,-0.005813710857182741,-0.005920959170907736,-0.0010224723955616355,-0.0046644448302686214,-0.004776669200509787
UPS,0,2026-04-07 13:30:00+00:00,09:30,-0.004839257802814245,down,-0.004117847420275211,-0.0022370025981217623,-0.005916290450841188,-0.0032674488611519337,-0.003010732587426901,-0.0041567422449588776,-0.0076942769810557365,-0.00829961709678173,-0.009062206372618675,-0.008823166601359844,-0.007327266503125429,-0.0071594929322600365,-0.00632053054869175,-0.005664406344294548,-0.006775009911507368,-0.0064069549553096294,-0.004851278383284807,-0.005925868637859821,-0.005630711559206247,-0.006577692925930023,-0.005949459504336119,-0.006472121924161911,-0.006869731470942497,-0.00453764945268631,-0.0061862957663834095,-0.004839257802814245
COHR,0,2026-04-07 13:30:00+00:00,09:30,-0.0048409802839159966,down,-0.010907002724707127,-0.012386852875351906,-0.01784723997116089,-0.01333608292043209,-0.018870698288083076,-0.019733257591724396,-0.022028211504220963,-0.01694365404546261,-0.01956895925104618,-0.012916838750243187,-0.007678112015128136,-0.008822702802717686,-0.011819268576800823,-0.00825166329741478,-0.01029419619590044,-0.010585480369627476,-0.011105346493422985,-0.010991922579705715,-0.012006786651909351,-0.01387704350054264,-0.01497936062514782,-0.01595388539135456,-0.016364017501473427,-0.00888308510184288,-0.009196648374199867,-0.0048409802839159966
YUM,0,2026-04-07 13:30:00+00:00,09:30,-0.004848654847592115,down,0.00010263524018228054,0.0024348364677280188,0.00040799882845021784,0.001993936952203512,0.0017737693851813674,-0.0006189230480231345,-0.0024908743798732758,-0.002402306767180562,-0.001996363513171673,-0.002027251059189439,-0.0004250530037097633,-0.0003395074454601854,-0.0013546375557780266,-0.0008434721967205405,-0.0012334471102803946,-0.001780551509000361,-0.0010025891242548823,-0.0015204846858978271,-0.0014641707530245185,-0.0017500908579677343,-0.0025185944978147745,-0.0034728674218058586,-0.005185182671993971,-0.00205222237855196,-0.005713071208447218,-0.004848654847592115
MCHP,0,2026-04-07 13:30:00+00:00,09:30,-0.00490992795675993,down,-0.00358882755972445,-0.0017313765129074454,-0.005848462227731943,-0.0030198015738278627,-0.0045365020632743835,-0.005406451411545277,-0.010028711520135403,-0.009268339723348618,-0.010907898657023907,-0.011473281309008598,-0.009988078847527504,-0.008736205287277699,-0.007439600303769112,-0.00649180356413126,-0.007043302990496159,-0.007701697293668985,-0.006213773973286152,-0.007671731989830732,-0.005878231953829527,-0.007765492890030146,-0.0076852040365338326,-0.007482113782316446,-0.008878898806869984,-0.004519459791481495,-0.0064651258289813995,-0.00490992795675993
NTAP,0,2026-04-07 13:30:00+00:00,09:30,-0.00495288847014308,down,-0.0018425100715830922,0.0014381712535396218,-0.0023316964507102966,-0.0015740996459499002,-0.0013871960109099746,-0.003458803053945303,-0.0050973305478692055,-0.00706528453156352,-0.007075886242091656,-0.00952825229614973,-0.006800562143325806,-0.005840057507157326,-0.002666266867890954,-0.003953811712563038,-0.005752778146415949,-0.00715020764619112,-0.004919611383229494,-0.005235119257122278,-0.004313823767006397,-0.005584558937698603,-0.005887339357286692,-0.006914906669408083,-0.007762969471514225,-0.0038095656782388687,-0.006389618385583162,-0.00495288847014308
CLX,0,2026-04-07 13:30:00+00:00,09:30,-0.004986959509551525,down,-0.0039612650871276855,0.00019448342209216207,-0.0016354973195120692,-2.1053157979622483e-05,0.0007900120690464973,-0.0015528048388659954,-0.0029183360747992992,-0.003046678379178047,-0.002112350659444928,-0.002746967598795891,-0.0002941479324363172,-0.0005320601630955935,-0.00046351493801921606,-0.0003732240293174982,-0.0010784115875139832,-0.0010414246935397387,-0.0004375930584501475,-0.0008824352407827973,-0.0009142758790403605,-0.0005513016949407756,-0.001567805535160005,-0.004223260097205639,-0.005620074924081564,-0.0028982406947761774,-0.0051265922375023365,-0.004986959509551525
FCX,0,2026-04-07 13:30:00+00:00,09:30,-0.005001772195100784,down,-0.006356226280331612,-0.005624369718134403,-0.006387757603079081,-0.004822467919439077,-0.005491176620125771,-0.0052637639455497265,-0.008129829540848732,-0.007188411895185709,-0.009237775579094887,-0.008490003645420074,-0.007599093019962311,-0.007571917027235031,-0.00828761700540781,-0.007688495330512524,-0.005320952273905277,-0.006763434037566185,-0.00617287727072835,-0.007053051609545946,-0.005447768606245518,-0.005383456591516733,-0.005609350744634867,-0.007054101210087538,-0.00793174933642149,-0.004034609068185091,-0.006532726809382439,-0.005001772195100784
ABT,0,2026-04-07 13:30:00+00:00,09:30,-0.005034036003053188,down,-0.000621203682385385,0.0025352269876748323,-0.0017583469161763787,0.000776376691646874,0.0002751958090811968,-0.0020654976833611727,-0.004311352502554655,-0.0057319533079862595,-0.004628985654562712,-0.004311462864279747,-0.0022988689597696066,-0.0030130851082503796,-0.003576117567718029,-0.00391762237995863,-0.005728657357394695,-0.004240891896188259,-0.0043058996088802814,-0.00474228709936142,-0.002895865822210908,-0.004109861794859171,-0.00485713966190815,-0.00651087099686265,-0.005312043242156506,-0.003913174849003553,-0.0051056332886219025,-0.005034036003053188
TRMB,0,2026-04-07 13:30:00+00:00,09:30,-0.00513761630281806,down,-0.002208929043263197,0.0010706322500482202,-0.0041331760585308075,-0.0014699609018862247,-0.0023207776248455048,-0.00438648508861661,-0.006722175050526857,-0.005702431779354811,-0.006683559622615576,-0.00901839230209589,-0.009512972086668015,-0.006154379807412624,-0.005256435368210077,-0.0037432874087244272,-0.004198404494673014,-0.005945091601461172,-0.00326701276935637,-0.004703615326434374,-0.006381182931363583,-0.006751306354999542,-0.006466096732765436,-0.0068429564125835896,-0.007907191291451454,-0.0036999245639890432,-0.00811270996928215,-0.00513761630281806
QCOM,0,2026-04-07 13:30:00+00:00,09:30,-0.005297149997204542,down,-0.004561796318739653,-0.002457320922985673,-0.006443291436880827,-0.003425952512770891,-0.003843461163341999,-0.005265736021101475,-0.005619429983198643,-0.005498517770320177,-0.006100136321038008,-0.006243822164833546,-0.0038446947000920773,-0.004507035948336124,-0.00394094455987215,-0.0033795787021517754,-0.003620535833761096,-0.004808666184544563,-0.0038065090775489807,-0.003988469019532204,-0.00407045753672719,-0.0036232005804777145,-0.003783591091632843,-0.00547580374404788,-0.005138579290360212,-0.0028307270258665085,-0.006503283511847258,-0.005297149997204542
LRCX,0,2026-04-07 13:30:00+00:00,09:30,-0.005373372230678797,down,-0.010721052996814251,-0.012002629227936268,-0.01728573627769947,-0.015287717804312706,-0.017738737165927887,-0.02144950069487095,-0.025528306141495705,-0.020626336336135864,-0.018880773335695267,-0.015817396342754364,-0.01447603665292263,-0.011722052469849586,-0.011200466193258762,-0.008869036100804806,-0.011620908975601196,-0.013569206930696964,-0.009992832317948341,-0.009622486308217049,-0.012980127707123756,-0.01473926194012165,-0.014232994057238102,-0.014806846156716347,-0.015551825053989887,-0.008332431316375732,-0.009889621287584305,-0.005373372230678797
GILD,0,2026-04-07 13:30:00+00:00,09:30,-0.005386819131672382,down,-0.005866375286132097,-0.002945343963801861,-0.005321748089045286,-0.0038320831954479218,-0.004118222743272781,-0.005846384447067976,-0.009301083162426949,-0.009113662876188755,-0.00816255435347557,-0.010007011704146862,-0.0076270694844424725,-0.008032049052417278,-0.007116599474102259,-0.0074152713641524315,-0.007074718363583088,-0.007290414534509182,-0.005348916165530682,-0.005584178492426872,-0.007049128413200378,-0.006998926866799593,-0.006193172186613083,-0.008423598483204842,-0.009298207238316536,-0.0063493321649730206,-0.008535819128155708,-0.005386819131672382
GEN,0,2026-04-07 13:30:00+00:00,09:30,-0.005410331767052412,down,-0.0036895032972097397,-0.0006638445192947984,-0.003167012007907033,-0.0024974592961370945,-0.005269472952932119,-0.005150399636477232,-0.007228763308376074,-0.0068024564534425735,-0.0070604728534817696,-0.009794219397008419,-0.0075486875139176846,-0.006475988309830427,-0.005779077764600515,-0.004253253806382418,-0.0036960793659090996,-0.005088184028863907,-0.0036690710112452507,-0.0032769516110420227,-0.004170693922787905,-0.004410944879055023,-0.0041792732663452625,-0.006884995382279158,-0.007301848381757736,-0.003270647255703807,-0.005886521190404892,-0.005410331767052412
ON,0,2026-04-07 13:30:00+00:00,09:30,-0.005545047111809254,down,-0.006700147874653339,-0.0049301027320325375,-0.007605926599353552,-0.00527821434661746,-0.00651252968236804,-0.008115481585264206,-0.011023729108273983,-0.009967975318431854,-0.013131476007401943,-0.012504368089139462,-0.011648588813841343,-0.009976303204894066,-0.007911414839327335,-0.007560672238469124,-0.008383010514080524,-0.008220301009714603,-0.006829995196312666,-0.007216143887490034,-0.007303297054022551,-0.008344626054167747,-0.006802447140216827,-0.00812466535717249,-0.007883547805249691,-0.004745909944176674,-0.007447533775120974,-0.005545047111809254
XYL,0,2026-04-07 13:30:00+00:00,09:30,-0.005577518604695797,down,-0.003336220048367977,-0.00102027237880975,-0.0020685710478574038,-0.00013555299665313214,0.0011081155389547348,-0.002054518088698387,-0.0039710174314677715,-0.00294311111792922,-0.0024476891849189997,-0.0032348025124520063,-0.0019120185170322657,-0.001854991540312767,-0.0016019005561247468,-0.002128627384081483,-0.0021463593002408743,-0.002640290418639779,-0.0010415647411718965,-0.0010656779631972313,-0.00226889131590724,-0.0014699811581522226,-0.0023652708623558283,-0.004679832141846418,-0.005033394787460566,-0.003307184437289834,-0.005254040937870741,-0.005577518604695797
CARR,0,2026-04-07 13:30:00+00:00,09:30,-0.005635164678096771,down,-0.005661895032972097,-0.001213120762258768,-0.0029291824903339148,-0.0016303096199408174,-0.0017970741027966142,-0.0022719299886375666,-0.004557655658572912,-0.00468667084351182,-0.006064414046704769,-0.007814955897629261,-0.007381625939160585,-0.00559714250266552,-0.004240119829773903,-0.004086923319846392,-0.003838930744677782,-0.0062890141271054745,-0.003771598218008876,-0.004847563337534666,-0.005918790586292744,-0.00494692986831069,-0.005289741791784763,-0.008393503725528717,-0.00900811143219471,-0.005799924489110708,-0.007640109397470951,-0.005635164678096771
NFLX,0,2026-04-07 13:30:00+00:00,09:30,-0.005664905533194542,down,-0.0047471667639911175,-0.003980797249823809,-0.009493972174823284,-0.007891318760812283,-0.009869765490293503,-0.010152535513043404,-0.00997218955308199,-0.010838301852345467,-0.010461841709911823,-0.007366545964032412,-0.006585113704204559,-0.007002764847129583,-0.006279270630329847,-0.006805039010941982,-0.007295185700058937,-0.006667229812592268,-0.00605311943218112,-0.006053520832210779,-0.005626057740300894,-0.005964213982224464,-0.007277309894561768,-0.008250889368355274,-0.0083479518070817,-0.005913522094488144,-0.005813592579215765,-0.005664905533194542
BAX,0,2026-04-07 13:30:00+00:00,09:30,-0.005704228766262531,down,-0.004124743863940239,-0.0009645521058700979,-0.002951347501948476,-0.002632392104715109,-0.004020977765321732,-0.004781017079949379,-0.007073796819895506,-0.008550547063350677,-0.00877948384732008,-0.008347672410309315,-0.0066631692461669445,-0.005638144910335541,-0.00458643538877368,-0.0037458338774740696,-0.0050852661952376366,-0.0055627599358558655,-0.00304970471188426,-0.0038415277376770973,-0.004971841815859079,-0.005090487655252218,-0.0043907505460083485,-0.0066121541894972324,-0.008091594092547894,-0.004259656183421612,-0.005317000672221184,-0.005704228766262531
CMCSA,0,2026-04-07 13:30:00+00:00,09:30,-0.005748830270022154,down,-0.009320301003754139,-0.006105352658778429,-0.010846346616744995,-0.007140862289816141,-0.007223215885460377,-0.008805574849247932,-0.010569220408797264,-0.011559258215129375,-0.009359166957437992,-0.013566163368523121,-0.010765064507722855,-0.010761669836938381,-0.009762320667505264,-0.009292768314480782,-0.008009233511984348,-0.008679688908159733,-0.008096234872937202,-0.00931377150118351,-0.008811933919787407,-0.006382768973708153,-0.008301052264869213,-0.010316483676433563,-0.010959165170788765,-0.007166640367358923,-0.006911494769155979,-0.005748830270022154
BKR,0,2026-04-07 13:30:00+00:00,09:30,-0.005895174574106932,down,-0.00357798277400434,-0.0011020145611837506,-0.0025833339896053076,-0.0007472480065189302,-0.0011703305644914508,-0.0020299898460507393,-0.004374234471470118,-0.004753148183226585,-0.004174892790615559,-0.004507035948336124,-0.002707967534661293,-0.0029104335699230433,-0.004051109775900841,-0.0032021834049373865,-0.002492125378921628,-0.0031291760969907045,-0.0029852415900677443,-0.0038026398979127407,-0.004322996363043785,-0.0029169681947678328,-0.003415396437048912,-0.006618478335440159,-0.009150619618594646,-0.005671871826052666,-0.00772039033472538,-0.005895174574106932
WEC,0,2026-04-07 13:30:00+00:00,09:30,-0.005989922676235437,down,-0.00363150704652071,-0.0011689288076013327,-0.0026874500326812267,0.00018203457875642926,0.000796280917711556,-0.0013066050596535206,-0.003578182775527239,-0.002994369249790907,-0.002433965913951397,-0.0019341484876349568,3.989233300671913e-05,0.0004964706604368985,-3.208927228115499e-05,-0.000728949555195868,-0.001318642171099782,-0.001753432909026742,-0.001039736671373248,-0.0015312462346628308,-0.0014032148756086826,-0.00157374597620219,-0.002559353830292821,-0.004980602767318487,-0.0059214201755821705,-0.003744786838069558,-0.005284923128783703,-0.005989922676235437
DXCM,0,2026-04-07 13:30:00+00:00,09:30,-0.006115832831710577,down,-0.006185819394886494,-0.003298222552984953,-0.0068389675579965115,-0.006108710542321205,-0.007204693276435137,-0.008111810311675072,-0.009828678332269192,-0.007977322675287724,-0.007880539633333683,-0.0077688368037343025,-0.006570903118699789,-0.005190928000956774,-0.0065982588566839695,-0.005568685010075569,-0.004903431050479412,-0.00623190077021718,-0.004760900046676397,-0.005106332246214151,-0.00656923558562994,-0.00699351541697979,-0.007151368074119091,-0.008520765230059624,-0.009612728841602802,-0.006624502129852772,-0.010129055008292198,-0.006115832831710577
HOOD,0,2026-04-07 13:30:00+00:00,09:30,-0.006241084076464176,down,-0.0033583780750632286,0.005094781052321196,0.003238591831177473,0.001127025461755693,-0.0036180841270834208,-0.0017479087691754103,-0.005730167962610722,-0.0036966660991311073,-0.00915552582591772,-0.009787621907889843,-0.009869146160781384,-0.009370867162942886,-0.006916325073689222,-0.005706617143005133,-0.005062956362962723,-0.00687013054266572,-0.006078612059354782,-0.0069319033063948154,-0.006760426331311464,-0.00651798490434885,-0.005412926431745291,-0.006520013324916363,-0.0058011217042803764,-0.00015791563782840967,-0.004120978061109781,-0.006241084076464176
PCG,0,2026-04-07 13:30:00+00:00,09:30,-0.006344479043036699,down,-0.00248418259434402,-0.0012220353819429874,-0.0035017533227801323,-0.0019018694292753935,-0.0035331915132701397,-0.005502040963619947,-0.007032911293208599,-0.007795605808496475,-0.006957566365599632,-0.00883449986577034,-0.006826093420386314,-0.005247486289590597,-0.006479728035628796,-0.00560687854886055,-0.006644680630415678,-0.007032856345176697,-0.006007132586091757,-0.005895227659493685,-0.006320545915514231,-0.0057676793076097965,-0.007699034176766872,-0.00834568403661251,-0.00921517051756382,-0.004827036056667566,-0.007478153798729181,-0.006344479043036699
DAL,0,2026-04-07 13:30:00+00:00,09:30,-0.006382165942341089,down,-0.005390975624322891,-0.001098688691854477,-0.004452966153621674,-0.003818985540419817,-0.005280674900859594,-0.005551836919039488,-0.008214278146624565,-0.0057738893665373325,-0.00837966799736023,-0.011039195582270622,-0.009976435452699661,-0.00821583904325962,-0.0075794970616698265,-0.0055870171636343,-0.00495626125484705,-0.006846999749541283,-0.005710253491997719,-0.006581694819033146,-0.007726969197392464,-0.007100014481693506,-0.007436472922563553,-0.00821028370410204,-0.008324310183525085,-0.00436843978241086,-0.00682990113273263,-0.006382165942341089
SBUX,0,2026-04-07 13:30:00+00:00,09:30,-0.006448330823332071,down,-0.0051463996060192585,-0.0037715884391218424,-0.005071110092103481,-0.003522149519994855,-0.0017328363610431552,-0.003033829154446721,-0.005543235223740339,-0.005968952551484108,-0.0061027598567306995,-0.005423383321613073,-0.004549511708319187,-0.0037754096556454897,-0.00436140364035964,-0.0041092983447015285,-0.004271216690540314,-0.005200951360166073,-0.005062327720224857,-0.005037048831582069,-0.005431716796010733,-0.0047598546370863914,-0.0057546235620975494,-0.007712130900472403,-0.008313379250466824,-0.006181502249091864,-0.00882637593895197,-0.006448330823332071
EL,0,2026-04-07 13:30:00+00:00,09:30,-0.006573393940925598,down,-0.005160639062523842,-0.000817754480522126,-0.007264420390129089,-0.007142344489693642,-0.008133826777338982,-0.008676324971020222,-0.014242786914110184,-0.013238557614386082,-0.014088306576013565,-0.01496646273881197,-0.013327350839972496,-0.010414023883640766,-0.00786085706204176,-0.00739373080432415,-0.0086685661226511,-0.00910226907581091,-0.008179709315299988,-0.007991264574229717,-0.007403905503451824,-0.009738985449075699,-0.00839614775031805,-0.008096329867839813,-0.009248423390090466,-0.005343531258404255,-0.00713697075843811,-0.006573393940925598
FISV,0,2026-04-07 13:30:00+00:00,09:30,-0.0065962267108261585,down,-0.004710525274276733,-0.0024094271939247847,-0.004635633900761604,-0.002961820224300027,-0.004525196738541126,-0.00504844868555665,-0.007571741007268429,-0.005711724981665611,-0.005433864425867796,-0.006744657177478075,-0.00558606069535017,-0.0040382216684520245,-0.005027475766837597,-0.004480052273720503,-0.0033958195708692074,-0.005947411060333252,-0.0036398209631443024,-0.004813463427126408,-0.005626860074698925,-0.005600663833320141,-0.007688828278332949,-0.010568047873675823,-0.011181052774190903,-0.005823106970638037,-0.0084567591547966,-0.0065962267108261585
WMT,0,2026-04-07 13:30:00+00:00,09:30,-0.006622801069170237,down,-0.0094735287129879,-0.009083501994609833,-0.01147798728197813,-0.010311932303011417,-0.010343994945287704,-0.011985518038272858,-0.012979027815163136,-0.013274155557155609,-0.013462522067129612,-0.013474625535309315,-0.009901577606797218,-0.010120921768248081,-0.00949059147387743,-0.009087218903005123,-0.008638286963105202,-0.009415466338396072,-0.007531072944402695,-0.008369018323719501,-0.008154724724590778,-0.007959148846566677,-0.007485487032681704,-0.009566177614033222,-0.009137324057519436,-0.00583020132035017,-0.00739508680999279,-0.006622801069170237
PEP,0,2026-04-07 13:30:00+00:00,09:30,-0.006731479428708553,down,-0.0026097095105797052,0.000603201100602746,-0.0011194549733772874,-8.105590495688375e-06,-0.0006703587132506073,-0.002140624215826392,-0.0048396713100373745,-0.004885516595095396,-0.005100342910736799,-0.004335183184593916,-0.002183002419769764,-0.0011363249504938722,-0.0025991317816078663,-0.0022294768132269382,-0.003114554565399885,-0.00397197250276804,-0.002792647108435631,-0.0028247744776308537,-0.0036989878863096237,-0.00405493937432766,-0.004115501418709755,-0.006835936568677425,-0.007005474995821714,-0.006304113660007715,-0.011241216212511063,-0.006731479428708553
EXE,0,2026-04-07 13:30:00+00:00,09:30,-0.006751016713678837,down,-0.008998029865324497,-0.0061514247208833694,-0.006633012555539608,-0.005181347485631704,-0.004095479380339384,-0.0058465083129704,-0.008635204285383224,-0.007383676711469889,-0.006357506848871708,-0.008331184275448322,-0.006116942968219519,-0.005657562054693699,-0.005997275467962027,-0.004776645451784134,-0.004018974956125021,-0.004621615167707205,-0.004065266344696283,-0.004970193840563297,-0.004969037603586912,-0.005063194781541824,-0.006423992570489645,-0.007980100810527802,-0.008368026465177536,-0.00531946262344718,-0.007891237735748291,-0.006751016713678837
HST,0,2026-04-07 13:30:00+00:00,09:30,-0.006774923764169216,down,-0.0041548325680196285,0.001239196164533496,-0.0019672575872391462,-0.0002649819653015584,-0.0024567816872149706,-0.002937913406640291,-0.006360059604048729,-0.005829881876707077,-0.00536707416176796,-0.008020739071071148,-0.006072014570236206,-0.0055624693632125854,-0.005202512256801128,-0.0037566833198070526,-0.004479313734918833,-0.005270054098218679,-0.003696530358865857,-0.0029911580495536327,-0.004401158541440964,-0.004304598085582256,-0.003426925977692008,-0.006131650879979134,-0.00775388116016984,-0.004160443786531687,-0.006845339201390743,-0.006774923764169216
DECK,0,2026-04-07 13:30:00+00:00,09:30,-0.0068640029057860374,down,-0.0006924968329258263,0.0020259309094399214,-0.0016406287904828787,-0.0010320293949916959,-0.001000395743176341,-0.0025090775452554226,-0.005013680085539818,-0.004615208134055138,-0.0051995753310620785,-0.007500350475311279,-0.00648699002340436,-0.004791019484400749,-0.005758245009928942,-0.00434406753629446,-0.0058250417932868,-0.00822240486741066,-0.00551587762311101,-0.006874985992908478,-0.008028727024793625,-0.00900979246944189,-0.007478668820112944,-0.009016314521431923,-0.009491760283708572,-0.004753600340336561,-0.007864016108214855,-0.0068640029057860374
MAS,0,2026-04-07 13:30:00+00:00,09:30,-0.00691630644723773,down,-0.00307146436534822,0.0014017617795616388,-0.0021488890051841736,-0.00015149453247431666,-3.560297409421764e-05,-0.0016624197596684098,-0.003625895595178008,-0.004111969377845526,-0.004721394274383783,-0.007865537889301777,-0.0070866686291992664,-0.0047593070194125175,-0.004143505822867155,-0.0026025723200291395,-0.003245288971811533,-0.005252166651189327,-0.0031982308719307184,-0.004494080785661936,-0.005193218123167753,-0.004964820109307766,-0.004164154175668955,-0.0071424199268221855,-0.00866199005395174,-0.006102760322391987,-0.008028733544051647,-0.00691630644723773
SJM,0,2026-04-07 13:30:00+00:00,09:30,-0.0069306823424994946,down,-0.0009773395722731948,0.0018086261115968227,-0.0004157809598837048,-4.3314437789376825e-05,0.001363143092021346,-0.001042576739564538,-0.002089757239446044,-0.0026191151700913906,-0.0018832592759281397,-0.0022549335844814777,-0.001219133147969842,0.00011508771422086284,-0.0013057230971753597,-0.0010714256204664707,-0.0018623906653374434,-0.0028723361901938915,-0.0019911748822778463,-0.0023118045646697283,-0.001606489415280521,-0.001547815278172493,-0.002126864390447736,-0.003788016503676772,-0.005212738178670406,-0.0036995394621044397,-0.00590601796284318,-0.0069306823424994946
SWKS,0,2026-04-07 13:30:00+00:00,09:30,-0.007157300598919392,down,-0.005987741518765688,-0.003111692378297448,-0.005240431055426598,-0.0036140168085694313,-0.002431366126984358,-0.004562289919704199,-0.00836085807532072,-0.008712125942111015,-0.00781398918479681,-0.009733160957694054,-0.008943450637161732,-0.007130065467208624,-0.006210720632225275,-0.005849877372384071,-0.006280448287725449,-0.007614027708768845,-0.005971963983029127,-0.007145305629819632,-0.007039510179311037,-0.008537017740309238,-0.0091043496504426,-0.011310866102576256,-0.012272579595446587,-0.007617844734340906,-0.009177733212709427,-0.007157300598919392
SCHW,0,2026-04-07 13:30:00+00:00,09:30,-0.007271948736160994,down,-0.010426727123558521,-0.009670400060713291,-0.012784133665263653,-0.011960740201175213,-0.01144783291965723,-0.011660248972475529,-0.013118714094161987,-0.015122530981898308,-0.018514148890972137,-0.017029786482453346,-0.013621438294649124,-0.013723288662731647,-0.013695371337234974,-0.01170839462429285,-0.012797347269952297,-0.013564055785536766,-0.014228180050849915,-0.013742361217737198,-0.011838321574032307,-0.011181231588125229,-0.010855556465685368,-0.011413770727813244,-0.011719024740159512,-0.00906220730394125,-0.008563743904232979,-0.007271948736160994
HRL,0,2026-04-07 13:30:00+00:00,09:30,-0.007423002738505602,down,-0.003298287047073245,-0.0005110716447234154,-0.0036287615075707436,-0.005628105252981186,-0.0055337930098176,-0.006944471504539251,-0.007434063591063023,-0.008007206954061985,-0.006420092657208443,-0.009241148829460144,-0.008106708526611328,-0.007194065488874912,-0.007874037139117718,-0.008289753459393978,-0.005400334019213915,-0.007062163203954697,-0.005723315291106701,-0.005155616439878941,-0.006991732399910688,-0.00549953430891037,-0.004670706577599049,-0.006490332540124655,-0.006402301602065563,-0.005726779345422983,-0.006966430693864822,-0.007423002738505602
KVUE,0,2026-04-07 13:30:00+00:00,09:30,-0.007492452394217253,down,-0.004228998441249132,-0.0026657271664589643,-0.004447441082447767,-0.003738890402019024,-0.005520232953131199,-0.0074583301320672035,-0.0077394950203597546,-0.00880097970366478,-0.008227799087762833,-0.010632092133164406,-0.007949861697852612,-0.006883698515594006,-0.007294854149222374,-0.006658637430518866,-0.00927069690078497,-0.008819499053061008,-0.007845350541174412,-0.008386124856770039,-0.008717576041817665,-0.007481240667402744,-0.009177331812679768,-0.010469288565218449,-0.010613909922540188,-0.006362368352711201,-0.009497042745351791,-0.007492452394217253
DIS,0,2026-04-07 13:30:00+00:00,09:30,-0.007601663004606962,down,-0.003426849842071533,-0.0025258222594857216,-0.004309918265789747,-0.0027510328218340874,-0.0021906367037445307,-0.002833555219694972,-0.003087335731834173,-0.004779990296810865,-0.0043875835835933685,-0.0037543463986366987,-0.002067006891593337,-0.0022073760628700256,-0.0022972989827394485,-0.002155849477276206,-0.00265440228395164,-0.0021934006363153458,-0.0029836399480700493,-0.002695477334782481,-0.0025007629301398993,-0.0027118537109345198,-0.003180457279086113,-0.005482807289808989,-0.005403480492532253,-0.004053466022014618,-0.007832272909581661,-0.007601663004606962
DOW,0,2026-04-07 13:30:00+00:00,09:30,-0.007645460311323404,down,-0.004039800725877285,-0.00848726462572813,-0.01341983862221241,-0.011568563058972359,-0.013189174234867096,-0.014806062914431095,-0.015715116634964943,-0.014307031407952309,-0.013350875116884708,-0.013160966336727142,-0.009994772262871265,-0.010283960960805416,-0.011494527570903301,-0.010239383205771446,-0.009158691391348839,-0.01205418724566698,-0.010662989690899849,-0.011979230679571629,-0.012307774275541306,-0.011657826602458954,-0.014551236294209957,-0.01620975323021412,-0.015323684550821781,-0.010617625899612904,-0.01289129164069891,-0.007645460311323404
CPRT,0,2026-04-07 13:30:00+00:00,09:30,-0.00764625146985054,down,-0.00325522618368268,0.0003174531157128513,-0.0037485926877707243,-0.0036201567854732275,-0.004299980588257313,-0.003934219479560852,-0.007156476844102144,-0.008039231412112713,-0.007354892324656248,-0.007432081270962954,-0.00725802406668663,-0.008061261847615242,-0.010989387519657612,-0.009904207661747932,-0.00839988049119711,-0.00954951997846365,-0.008290967904031277,-0.008579356595873833,-0.008886530995368958,-0.007533306255936623,-0.007710553240031004,-0.010146226733922958,-0.011504185386002064,-0.007598264142870903,-0.008969978429377079,-0.00764625146985054
BSX,0,2026-04-07 13:30:00+00:00,09:30,-0.007866489700973034,down,-0.008492900058627129,-0.007186638657003641,-0.011516900733113289,-0.010271787643432617,-0.012191157788038254,-0.011227989569306374,-0.015504125505685806,-0.014915826730430126,-0.018342047929763794,-0.017427245154976845,-0.016671791672706604,-0.015588649548590183,-0.013137077912688255,-0.012506403960287571,-0.013770118355751038,-0.01415440533310175,-0.011913551948964596,-0.012330231256783009,-0.010650133714079857,-0.011861132457852364,-0.009954912588000298,-0.011918812058866024,-0.012398427352309227,-0.00925883837044239,-0.009314758703112602,-0.007866489700973034
F,0,2026-04-07 13:30:00+00:00,09:30,-0.008173302747309208,down,-0.008597323670983315,0.0065245842561125755,-0.004502560012042522,-0.004318703897297382,-0.005510443355888128,-0.005868946202099323,-0.00981295295059681,-0.00950312614440918,-0.00933916587382555,-0.00518842926248908,-0.0038594393990933895,-0.0019446401856839657,-0.0010342294117435813,-0.0005897012888453901,0.0007882131612859666,-0.0007490763673558831,0.001313582411967218,-0.00017950929759535939,-0.0017403933452442288,-0.002889476250857115,-0.0025809290818870068,-0.003166893729940057,-0.006599850952625275,-0.003976364154368639,-0.005163335241377354,-0.008173302747309208
XYZ,0,2026-04-07 13:30:00+00:00,09:30,-0.00839769747108221,down,-0.0068873390555381775,-0.005779150873422623,-0.008496899157762527,-0.004480237141251564,-0.005690420977771282,-0.007116375956684351,-0.009029742330312729,-0.007454839069396257,-0.010076410137116909,-0.010679267346858978,-0.009293818846344948,-0.006901117041707039,-0.006319868844002485,-0.005023414269089699,-0.005245049949735403,-0.007818875834345818,-0.004197548143565655,-0.007247922010719776,-0.007571006193757057,-0.007517245132476091,-0.007251406088471413,-0.01030722726136446,-0.010301681235432625,-0.005504302214831114,-0.009146764874458313,-0.00839769747108221
KEY,0,2026-04-07 13:30:00+00:00,09:30,-0.008984334766864777,down,-0.004495613742619753,-0.0037271378096193075,-0.006776949856430292,-0.008073406293988228,-0.0076703764498233795,-0.008576241321861744,-0.008480270393192768,-0.0105873579159379,-0.009870956651866436,-0.013112328946590424,-0.009820702485740185,-0.010473568923771381,-0.011113031767308712,-0.01178316492587328,-0.007904103957116604,-0.009068464860320091,-0.008311578072607517,-0.008761359378695488,-0.009649248793721199,-0.007427881471812725,-0.007923749275505543,-0.009037680923938751,-0.009910132735967636,-0.0077855512499809265,-0.010127144865691662,-0.008984334766864777
KHC,0,2026-04-07 13:30:00+00:00,09:30,-0.009051946923136711,down,-0.010444645769894123,-0.00838326197117567,-0.013086277060210705,-0.009455177932977676,-0.008572995662689209,-0.01088601816445589,-0.012224486097693443,-0.010746549814939499,-0.011497478000819683,-0.014529284089803696,-0.010848519392311573,-0.010999208316206932,-0.010365107096731663,-0.010399682447314262,-0.009116018190979958,-0.010292325168848038,-0.009335814975202084,-0.010309413075447083,-0.011101518757641315,-0.007732461206614971,-0.01071761641651392,-0.011691783554852009,-0.012792959809303284,-0.009463295340538025,-0.009985393844544888,-0.009051946923136711
VTRS,0,2026-04-07 13:30:00+00:00,09:30,-0.009836627170443535,down,-0.010156450793147087,-0.004648942966014147,-0.007180896122008562,-0.005135155748575926,-0.00608411431312561,-0.00700093200430274,-0.010470961220562458,-0.01160940807312727,-0.011311033740639687,-0.013123595155775547,-0.012415689416229725,-0.011708715930581093,-0.008376323617994785,-0.009733164682984352,-0.010264664888381958,-0.012258877977728844,-0.009622002951800823,-0.010866145603358746,-0.011314904317259789,-0.011361971497535706,-0.010200269520282745,-0.013135040178894997,-0.013418723829090595,-0.008238133043050766,-0.01008586399257183,-0.009836627170443535
GNRC,0,2026-04-07 13:30:00+00:00,09:30,-0.009868482127785683,down,0.002336252946406603,0.002605570014566183,-0.001045958255417645,0.002901599742472172,-0.0006212261505424976,-0.002580402186140418,-0.005312787834554911,-0.0030428417958319187,-0.007628245744854212,-0.004273124039173126,-0.005604061763733625,-0.0011177442502230406,-0.0036211954429745674,-0.004839994013309479,-0.0071771154180169106,-0.008500711992383003,-0.006078708916902542,-0.003295404836535454,-0.005925931967794895,-0.0060013639740645885,-0.0072677345015108585,-0.009831448085606098,-0.009009056724607944,-0.003927796613425016,-0.008785697631537914,-0.009868482127785683
APP,0,2026-04-07 13:30:00+00:00,09:30,-0.010835825465619564,down,-0.003436693223193288,-0.004724748898297548,-0.008719824254512787,-0.00651898980140686,-0.013722307048738003,-0.022091606631875038,-0.022523313760757446,-0.010879754088819027,-0.014265213161706924,-0.011967894621193409,-0.014349649660289288,-0.01230835821479559,-0.01819966919720173,-0.03237490355968475,-0.03749882057309151,-0.03214086592197418,-0.032510850578546524,-0.023039264604449272,-0.02550268918275833,-0.025759665295481682,-0.03664809465408325,-0.025972828269004822,-0.024888059124350548,-0.014185215346515179,-0.01483700517565012,-0.010835825465619564
NCLH,0,2026-04-07 13:30:00+00:00,09:30,-0.01102130115032196,down,-0.014580493792891502,-0.010309736244380474,-0.011692926287651062,-0.010669974610209465,-0.012848805636167526,-0.013131888583302498,-0.017720067873597145,-0.01858704350888729,-0.02005062624812126,-0.018493780866265297,-0.01686939038336277,-0.012512975372374058,-0.010535545647144318,-0.006378658581525087,-0.009503258392214775,-0.013058367185294628,-0.009804015047848225,-0.010198169387876987,-0.011183280497789383,-0.01325652003288269,-0.012827852740883827,-0.01678789034485817,-0.01588672213256359,-0.011225873604416847,-0.015965744853019714,-0.01102130115032196
AXON,0,2026-04-07 13:30:00+00:00,09:30,-0.013597892597317696,down,-0.0036435825750231743,-0.005927626043558121,-0.011583707295358181,-0.008170557208359241,-0.015466615557670593,-0.015318689867854118,-0.016915198415517807,-0.011506599374115467,-0.013534781523048878,-0.014305556192994118,-0.013848613016307354,-0.012213712558150291,-0.012120177038013935,-0.03331375494599342,-0.04336267709732056,-0.036796677857637405,-0.041106708347797394,-0.026189222931861877,-0.03640144318342209,-0.03587573021650314,-0.03198752924799919,-0.01973566599190235,-0.019258730113506317,-0.010335220023989677,-0.0175261702388525,-0.013597892597317696
CPB,0,2026-04-07 13:30:00+00:00,09:30,-0.016734039410948753,down,-0.010487452149391174,-0.007941534742712975,-0.01364654116332531,-0.013583381660282612,-0.013315095566213131,-0.015790026634931564,-0.015304870903491974,-0.017528759315609932,-0.017055556178092957,-0.019167102873325348,-0.019147055223584175,-0.017606789246201515,-0.018150392919778824,-0.017484117299318314,-0.017020056024193764,-0.018484681844711304,-0.01597033627331257,-0.01725703664124012,-0.016320478171110153,-0.015170590952038765,-0.015321655198931694,-0.015467936173081398,-0.017452968284487724,-0.01895049400627613,-0.018539253622293472,-0.016734039410948753
HPQ,0,2026-04-07 13:30:00+00:00,09:30,-0.019201133400201797,down,-0.008785668760538101,-0.0025426887441426516,-0.00806115847080946,-0.005004239734262228,-0.00770697183907032,-0.006621751468628645,-0.008248178288340569,-0.008617071434855461,-0.010835947468876839,-0.016611095517873764,-0.015722893178462982,-0.014000355266034603,-0.014353422448039055,-0.013136259280145168,-0.01480098720639944,-0.017931140959262848,-0.015915069729089737,-0.01780332438647747,-0.019213173538446426,-0.01669381558895111,-0.017569510266184807,-0.016997870057821274,-0.018482709303498268,-0.01670268177986145,-0.020252520218491554,-0.019201133400201797
KIM,0,2026-04-07 13:30:00+00:00,09:30,-0.022880367934703827,down,-0.0035724567715078592,-0.0006971413968130946,-0.003815828822553158,-0.004698940087109804,-0.005058655049651861,-0.0057448092848062515,-0.006793125998228788,-0.007459545508027077,-0.005301281809806824,-0.008386535570025444,-0.00621566129848361,-0.0062251281924545765,-0.0061806379817426205,-0.006315771955996752,-0.004176637157797813,-0.005562179256230593,-0.0036548078060150146,-0.0034135000314563513,-0.0054672821424901485,-0.004318625200539827,-0.007776019163429737,-0.008962844498455524,-0.01353743951767683,-0.015338342636823654,-0.021223904564976692,-0.022880367934703827
SMCI,0,2026-04-07 13:30:00+00:00,09:30,-0.03555361554026604,down,-0.009693684987723827,-0.012725559063255787,-0.01774999499320984,-0.01947883330285549,-0.020226705819368362,-0.024981016293168068,-0.02752799354493618,-0.025171680375933647,-0.02400132827460766,-0.023967448621988297,-0.022561218589544296,-0.018670672550797462,-0.014147579669952393,-0.015552404336631298,-0.01695498637855053,-0.01777593232691288,-0.013562219217419624,-0.01541474461555481,-0.017448164522647858,-0.01799396611750126,-0.02627960965037346,-0.028977276757359505,-0.029339103028178215,-0.027422532439231873,-0.035644982010126114,-0.03555361554026604
TTD,0,2026-04-07 13:30:00+00:00,09:30,-0.036975789815187454,down,-0.008780393749475479,-0.011249282397329807,-0.014327996410429478,-0.01749086007475853,-0.019364798441529274,-0.02217414416372776,-0.024939585477113724,-0.022967156022787094,-0.020138178020715714,-0.02156897261738777,-0.0183164831250906,-0.015446631237864494,-0.01434254925698042,-0.01270606555044651,-0.014304542914032936,-0.015785830095410347,-0.009887784719467163,-0.013498394750058651,-0.014715555123984814,-0.015981703996658325,-0.026073936372995377,-0.025289539247751236,-0.03058028779923916,-0.02914551831781864,-0.038473282009363174,-0.036975789815187454
