symbol,step,as_of_ts,slot_label,predicted_full_day_return,predicted_direction,pred_log_return_h00,pred_log_return_h01,pred_log_return_h02,pred_log_return_h03,pred_log_return_h04,pred_log_return_h05,pred_log_return_h06,pred_log_return_h07,pred_log_return_h08,pred_log_return_h09,pred_log_return_h10,pred_log_return_h11,pred_log_return_h12,pred_log_return_h13,pred_log_return_h14,pred_log_return_h15,pred_log_return_h16,pred_log_return_h17,pred_log_return_h18,pred_log_return_h19,pred_log_return_h20,pred_log_return_h21,pred_log_return_h22,pred_log_return_h23,pred_log_return_h24,pred_log_return_h25
PSKY,11,2026-04-07 16:15:00+00:00,12:15,0.08523394167423248,up,0.05404875427484512,0.10082270950078964,0.049882836639881134,0.0486932247877121,0.05868014320731163,0.06500282138586044,0.06295313686132431,0.06149150803685188,0.05858081579208374,0.05391841381788254,0.06962047517299652,0.0753379613161087,0.07321842759847641,0.07485716789960861,0.08251785486936569,0.07562597095966339,0.07833205163478851,0.07392297685146332,0.07451438903808594,0.07281076908111572,0.07298817485570908,0.0715688019990921,0.07601995766162872,0.07795371115207672,0.07478737086057663,0.08523394167423248
SLB,11,2026-04-07 16:15:00+00:00,12:15,0.03266381099820137,up,0.011015504598617554,0.014464295469224453,0.0185079388320446,0.01837233640253544,0.022346120327711105,0.022949079051613808,0.020497355610132217,0.01918700709939003,0.016700521111488342,0.012217587791383266,0.015380993485450745,0.014960316009819508,0.014859514310956001,0.017841683700680733,0.0198051780462265,0.017464766278862953,0.019003035500645638,0.01886632852256298,0.018655119463801384,0.021198734641075134,0.02202213555574417,0.020716965198516846,0.023400399833917618,0.02546921744942665,0.02788170985877514,0.03266381099820137
APA,11,2026-04-07 16:15:00+00:00,12:15,0.030501337721943855,up,0.007694838102906942,0.013581105507910252,0.017198100686073303,0.017417635768651962,0.014399937354028225,0.017312481999397278,0.013280501589179039,0.017476851120591164,0.016637668013572693,0.012672551907598972,0.014776536263525486,0.01544965710490942,0.01332783605903387,0.016272814944386482,0.02034200355410576,0.019804155454039574,0.017460517585277557,0.020927786827087402,0.018629202619194984,0.017943000420928,0.02165387198328972,0.02444368414580822,0.030154842883348465,0.03449553996324539,0.0392627976834774,0.030501337721943855
GE,11,2026-04-07 16:15:00+00:00,12:15,0.02978990040719509,up,0.010399220511317253,0.00869380310177803,0.008770305663347244,0.012723215855658054,0.007508362643420696,0.008668052963912487,0.00941797997802496,0.016545863822102547,0.014000216498970985,0.014495614916086197,0.014201397076249123,0.02171226404607296,0.023483891040086746,0.022407496348023415,0.02349604107439518,0.021766310557723045,0.023524455726146698,0.023744191974401474,0.024783890694379807,0.01842670328915119,0.0191972479224205,0.018128227442502975,0.02069200575351715,0.025428133085370064,0.02645675279200077,0.02978990040719509
CF,11,2026-04-07 16:15:00+00:00,12:15,0.02703387476503849,up,0.021708812564611435,0.0237174890935421,0.02286459505558014,0.022772522643208504,0.02035207860171795,0.022681839764118195,0.018904656171798706,0.0183506291359663,0.012221337296068668,0.01407012902200222,0.024955129250884056,0.021541321650147438,0.01852300390601158,0.016744934022426605,0.02181282266974449,0.02183065190911293,0.018807046115398407,0.017390063032507896,0.020835887640714645,0.019406195729970932,0.01875440776348114,0.018569108098745346,0.01983092539012432,0.01956048421561718,0.020945193246006966,0.02703387476503849
GOOGL,11,2026-04-07 16:15:00+00:00,12:15,0.026332378387451172,up,0.01070637907832861,-0.001312834327109158,-0.0025985699612647295,-0.0019877534359693527,-0.004790651146322489,-0.006136118900030851,0.0025817661080509424,0.00788820255547762,0.0072699193842709064,0.00787477195262909,0.006672488525509834,0.018000146374106407,0.02020382322371006,0.016818970441818237,0.02104361355304718,0.019028084352612495,0.02335997112095356,0.02466164156794548,0.023179374635219574,0.01964402012526989,0.015690037980675697,0.01776721514761448,0.017649540677666664,0.020557736977934837,0.017881451174616814,0.026332378387451172
GOOG,11,2026-04-07 16:15:00+00:00,12:15,0.025393983349204063,up,0.01564727909862995,0.006922394968569279,0.008623567409813404,0.01294965110719204,0.010971280746161938,0.007502023596316576,0.014961935579776764,0.017423460260033607,0.017108773812651634,0.018149051815271378,0.01800566352903843,0.02468872256577015,0.02234753780066967,0.0212144423276186,0.024179929867386818,0.02216150425374508,0.02532270736992359,0.025022609159350395,0.023357030004262924,0.020673183724284172,0.01831929385662079,0.019894670695066452,0.022214466705918312,0.023563995957374573,0.020889267325401306,0.025393983349204063
ELV,11,2026-04-07 16:15:00+00:00,12:15,0.02508446015417576,up,0.00016550722648389637,-0.007148571312427521,-0.008003349415957928,-0.004930412862449884,-0.0029468245338648558,-0.006683771498501301,-0.008490890264511108,-0.005915879271924496,-0.003996838349848986,-0.0036712444853037596,0.002855868311598897,0.006183909717947245,0.011037535965442657,0.014923719689249992,0.012029839679598808,0.008035344071686268,0.01508068572729826,0.010765097104012966,0.009930577129125595,0.007284548133611679,0.010343877598643303,0.012929855845868587,0.014993323013186455,0.019978022202849388,0.022022955119609833,0.02508446015417576
DVN,11,2026-04-07 16:15:00+00:00,12:15,0.022146478295326233,up,0.019652485847473145,0.022867819294333458,0.025292741134762764,0.027752798050642014,0.02535785362124443,0.02862612158060074,0.02423705905675888,0.026002366095781326,0.021588105708360672,0.01811107061803341,0.018719978630542755,0.01701383665204048,0.011546307243406773,0.015241723507642746,0.020522695034742355,0.020089048892259598,0.015066725201904774,0.016215039417147636,0.016475828364491463,0.01952241361141205,0.021933363750576973,0.02291013114154339,0.02530530095100403,0.02464708313345909,0.02321656048297882,0.022146478295326233
STX,11,2026-04-07 16:15:00+00:00,12:15,0.02039029262959957,up,-0.005991528742015362,-0.011128312908113003,-0.018973086029291153,-0.008598636835813522,-0.015900898724794388,-0.019509997218847275,-0.01799422688782215,-0.004349866881966591,-0.0028060327749699354,0.0029224033933132887,0.00913199782371521,0.01052161306142807,0.008210583589971066,0.00933408085256815,0.012240550480782986,0.010939108207821846,0.01647850312292576,0.020360192283988,0.016210338100790977,0.020929552614688873,0.022889770567417145,0.014977840706706047,0.014962977729737759,0.020649148151278496,0.015890588983893394,0.02039029262959957
INTC,11,2026-04-07 16:15:00+00:00,12:15,0.02019217610359192,up,0.008483738638460636,-0.008684576489031315,-0.012534434907138348,-0.004790622275322676,-0.0037774185184389353,-0.0014525842852890491,-0.005859318654984236,0.003566259518265724,-0.004557034932076931,-0.000754286942537874,0.00735058169811964,0.012410263530910015,0.020930800586938858,0.015771105885505676,0.01639525778591633,0.013837356120347977,0.010566117241978645,0.011638982221484184,0.014885643497109413,0.012129504233598709,0.007021568715572357,-0.0019105738028883934,0.002379173180088401,0.008618604391813278,0.012956708669662476,0.02019217610359192
HLT,11,2026-04-07 16:15:00+00:00,12:15,0.02010377310216427,up,0.01096462644636631,0.011929895728826523,0.013907128013670444,0.011563542298972607,0.01527088601142168,0.015209713019430637,0.013880704529583454,0.014060932211577892,0.014202620834112167,0.01179181132465601,0.011677870526909828,0.01672246679663658,0.014547152444720268,0.014524982310831547,0.013809578493237495,0.014033115468919277,0.01396440900862217,0.016781479120254517,0.015886016190052032,0.01598247140645981,0.013012376613914967,0.01562648080289364,0.010433961637318134,0.014124191366136074,0.010726879350841045,0.02010377310216427
GM,11,2026-04-07 16:15:00+00:00,12:15,0.018490858376026154,up,0.007044175639748573,0.012006438337266445,0.01256929337978363,0.011337426491081715,0.017986424267292023,0.015122950077056885,0.012753438204526901,0.014909048564732075,0.014966143295168877,0.01123348344117403,0.010448860004544258,0.01318321656435728,0.015877006575465202,0.014322107657790184,0.017152374610304832,0.01577925495803356,0.016095757484436035,0.011215530335903168,0.01070442609488964,0.013191773556172848,0.014046814292669296,0.010181390680372715,0.011673999018967152,0.013687675818800926,0.009161392226815224,0.018490858376026154
AMD,11,2026-04-07 16:15:00+00:00,12:15,0.017508644610643387,up,-0.007794330827891827,-0.012550265528261662,-0.01691022701561451,-0.012219768948853016,-0.015588263049721718,-0.016397075727581978,-0.017763251438736916,-0.013058475218713284,-0.018879897892475128,-0.019273867830634117,-0.010599901899695396,-0.010057855397462845,-0.009744741953909397,-0.010708000510931015,-0.012040735222399235,-0.012649738229811192,-0.010118876583874226,-0.009829516522586346,-0.010034800507128239,-0.010006039403378963,-0.008563606068491936,-0.008946981281042099,-0.003942098002880812,0.0041373055428266525,0.007607809733599424,0.017508644610643387
HUM,11,2026-04-07 16:15:00+00:00,12:15,0.017492536455392838,up,0.002829344943165779,-0.00300770066678524,-0.007486540358513594,-0.004767443053424358,-0.0028089135885238647,-0.004913519136607647,-0.006947220768779516,-0.00383289554156363,-0.0032681140583008528,-0.002107432344928384,0.0033793088514357805,0.0066865961998701096,0.006678612437099218,0.008344719186425209,0.008014068938791752,0.005571799352765083,0.011532438918948174,0.006001495290547609,0.005013554356992245,0.0046812621876597404,0.008162710815668106,0.004411671776324511,0.012902037240564823,0.016608424484729767,0.016320565715432167,0.017492536455392838
BAX,11,2026-04-07 16:15:00+00:00,12:15,0.016953587532043457,up,0.002004540991038084,0.00888378918170929,0.0037546022795140743,0.005019431002438068,-0.0012859930284321308,-0.0009187973337247968,-0.003898283466696739,-0.0014541017590090632,0.0011632036184892058,0.0020475012715905905,0.008337263949215412,0.008987692184746265,0.01323824655264616,0.013434079475700855,0.011618155054748058,0.012726680375635624,0.01734977215528488,0.01759275794029236,0.012818321585655212,0.014428744092583656,0.012280718423426151,0.008260643109679222,0.009552123956382275,0.01745184324681759,0.013544894754886627,0.016953587532043457
WDC,11,2026-04-07 16:15:00+00:00,12:15,0.016225464642047882,up,-6.266842683544382e-05,-0.008081924170255661,-0.012318389490246773,-0.005343630909919739,-0.010032380931079388,-0.011683758348226547,-0.010424230247735977,-0.002144205616787076,-0.0032360171899199486,0.006031668279320002,0.012654779478907585,0.010159884579479694,0.009645584039390087,0.01127979438751936,0.013022086583077908,0.010485011152923107,0.014867134392261505,0.011406054720282555,0.011316637508571148,0.009662643074989319,0.008911145851016045,0.005124783143401146,0.007567287888377905,0.009539015591144562,0.010860384441912174,0.016225464642047882
HD,11,2026-04-07 16:15:00+00:00,12:15,0.01611534133553505,up,0.000668484135530889,1.2644273738260381e-05,-0.005599762313067913,-0.00040925462963059545,-0.0011865691049024463,-0.003611854277551174,-0.006509383209049702,-0.0053174481727182865,-0.0059219528920948505,-0.005911430809646845,-0.0005857687210664153,-0.00028530426789075136,0.002036325167864561,0.0005379217909649014,0.0001364053023280576,-0.0001008317995001562,0.005126807373017073,0.0050266035832464695,0.005461751949042082,0.005204389337450266,0.006987701170146465,0.0015766530996188521,0.004017175640910864,0.008855798281729221,0.007685202639549971,0.01611534133553505
MNST,11,2026-04-07 16:15:00+00:00,12:15,0.016070391982793808,up,0.013179951347410679,0.01577022671699524,0.016239648684859276,0.018116505816578865,0.025529993698000908,0.023251542821526527,0.020543290302157402,0.020490022376179695,0.023720692843198776,0.0184794869273901,0.01901661790907383,0.01834315061569214,0.022224118933081627,0.018031315878033638,0.014883953146636486,0.014823264442384243,0.01412863377481699,0.013098700903356075,0.01784115470945835,0.017153339460492134,0.02088256925344467,0.017825713381171227,0.01851770095527172,0.016736194491386414,0.012131361290812492,0.016070391982793808
MRNA,11,2026-04-07 16:15:00+00:00,12:15,0.015244070440530777,up,-0.005732086952775717,-0.00015964743215590715,-0.005353012587875128,-0.008054673671722412,-0.009134105406701565,-0.012000110931694508,-0.014017055742442608,-0.008300093933939934,-0.0018846426391974092,-0.0068267094902694225,-0.00430637039244175,-0.002505594165995717,-0.0011157237458974123,0.0003128002572339028,0.0002503479481674731,0.001502728438936174,0.0033605487551540136,0.003940509632229805,0.0017439746297895908,0.0018140968168154359,0.007564203348010778,0.005060170777142048,0.00686319824308157,0.0074658943340182304,0.011261248961091042,0.015244070440530777
XOM,11,2026-04-07 16:15:00+00:00,12:15,0.014533145353198051,up,0.00903739221394062,0.012945611029863358,0.013028383255004883,0.01250698696821928,0.01214460376650095,0.011808215640485287,0.01186562143266201,0.010489328764379025,0.010963398031890392,0.011328586377203465,0.012844306416809559,0.011200952343642712,0.00690467981621623,0.007172263693064451,0.009000744670629501,0.009553993120789528,0.004925502464175224,0.006060033570975065,0.00545714795589447,0.005552259273827076,0.005605410784482956,0.005595105234533548,0.01140278298407793,0.013325813226401806,0.015507204458117485,0.014533145353198051
BA,11,2026-04-07 16:15:00+00:00,12:15,0.014294539578258991,up,0.001285384758375585,-0.002380081918090582,-0.003316090675070882,0.003079235553741455,0.001306012156419456,-0.0010956358164548874,-0.005206682253628969,-0.0005204505869187415,-0.005337097216397524,-0.0020982124842703342,0.0023015893530100584,0.0037808469496667385,0.00423542782664299,0.0061046527698636055,0.003186325542628765,0.002937608864158392,0.007446093950420618,0.0065225763246417046,0.006915776524692774,0.004627550486475229,0.004118424840271473,-0.00020119771943427622,0.0019199285889044404,0.007442583795636892,0.007313467562198639,0.014294539578258991
MPC,11,2026-04-07 16:15:00+00:00,12:15,0.013810056261718273,up,0.0064315190538764,0.012948993593454361,0.013222504407167435,0.014521695673465729,0.01625070534646511,0.013967189006507397,0.013356324285268784,0.014080468565225601,0.01288683246821165,0.0111727649345994,0.015693292021751404,0.015471918508410454,0.012543409131467342,0.011561127379536629,0.012754837982356548,0.011075043119490147,0.010228408500552177,0.012331627309322357,0.009512978605926037,0.009216195903718472,0.009538189508020878,0.009069638326764107,0.012427541427314281,0.014933562837541103,0.01301721204072237,0.013810056261718273
EOG,11,2026-04-07 16:15:00+00:00,12:15,0.013295026496052742,up,0.006505872122943401,0.007773194462060928,0.009268154390156269,0.01168584544211626,0.012418707832694054,0.010116848163306713,0.006162811070680618,0.007498098537325859,0.005032259505242109,0.005230232607573271,0.009550497867166996,0.011905543506145477,0.01190121378749609,0.011623775586485863,0.012067751958966255,0.009474699385464191,0.010940846987068653,0.012307457625865936,0.013225258328020573,0.01159905456006527,0.010662003420293331,0.01111863274127245,0.011152523569762707,0.01488456316292286,0.01311462838202715,0.013295026496052742
SYY,11,2026-04-07 16:15:00+00:00,12:15,0.013100014068186283,up,0.013785437680780888,0.010131429880857468,0.008223863318562508,0.005952556151896715,0.018301881849765778,0.012094669975340366,0.009728735312819481,0.011232125572860241,0.009802432730793953,0.010747527703642845,0.010767572559416294,0.01029803603887558,0.013678322546184063,0.011520558968186378,0.013041210360825062,0.011765838600695133,0.012752559967339039,0.009365212172269821,0.006493377033621073,0.008648029528558254,0.009954593144357204,0.007278104312717915,0.008334786631166935,0.009951308369636536,0.003914149943739176,0.013100014068186283
EQT,11,2026-04-07 16:15:00+00:00,12:15,0.012761884368956089,up,0.007034302689135075,0.005744260735809803,0.007424474228173494,0.008291658945381641,0.008139538578689098,0.005756068509072065,0.002776675159111619,0.00532799307256937,0.003742969362065196,0.0054800077341496944,0.007232757285237312,0.010719574987888336,0.008434850722551346,0.008348026312887669,0.007847870700061321,0.00853209663182497,0.009896921925246716,0.008683905936777592,0.010302920825779438,0.009848369285464287,0.010656408034265041,0.0085454685613513,0.011216840706765652,0.012986356392502785,0.010669790208339691,0.012761884368956089
RCL,11,2026-04-07 16:15:00+00:00,12:15,0.012722430750727654,up,-0.006716160569339991,-0.006925248075276613,-0.01049171481281519,-0.005373811349272728,-0.008238186128437519,-0.009209608659148216,-0.014824030920863152,-0.008528124541044235,-0.012098951265215874,-0.0049857343547046185,-0.0021567882504314184,0.0007178933592513204,-0.0032368155661970377,-0.0004661953425966203,-0.0034164527896791697,-0.0033795556519180536,-0.0008247534860856831,-0.0012916058767586946,-0.002843568567186594,-0.005023459438234568,-0.007180402521044016,-0.008584442548453808,-0.005626949481666088,0.0025160154327750206,0.0011463748523965478,0.012722430750727654
ADM,11,2026-04-07 16:15:00+00:00,12:15,0.01265508122742176,up,0.010647105984389782,0.013069902546703815,0.011210357770323753,0.006822733674198389,0.015872599557042122,0.014434079639613628,0.01749289594590664,0.016353828832507133,0.015489766374230385,0.011885035783052444,0.009570742025971413,0.007822884246706963,0.008297695778310299,0.0062299808487296104,0.009727425873279572,0.00620606541633606,0.007692622486501932,0.004017725586891174,0.00639211293309927,0.009177296422421932,0.00951447244733572,0.006976563483476639,0.008285284973680973,0.009212571196258068,0.004964310210198164,0.01265508122742176
PSX,11,2026-04-07 16:15:00+00:00,12:15,0.01246695313602686,up,-0.0015594414435327053,0.008193714544177055,0.0077716391533613205,0.006281820125877857,0.008380668237805367,0.005455996375530958,0.010400699451565742,0.008027383126318455,0.009661369025707245,0.00781503040343523,0.009209326468408108,0.0053245192393660545,0.004706657491624355,0.0069591207429766655,0.007775349076837301,0.009192775003612041,0.008161704055964947,0.005975045263767242,0.0034307788591831923,0.0062140049412846565,0.007817357778549194,0.0036961128935217857,0.0061809709295630455,0.009411239996552467,0.012105483561754227,0.01246695313602686
GIS,11,2026-04-07 16:15:00+00:00,12:15,0.012253028340637684,up,0.0013157215435057878,0.0027225122321397066,0.00257616164162755,0.005276534706354141,0.004849086049944162,0.004256941843777895,0.004385029431432486,0.002019729698076844,-0.00011736007581930608,-0.002266689669340849,-0.000655468727927655,0.002994210459291935,0.0033213882707059383,0.00494226161390543,0.006252124439924955,0.0054504284635186195,0.005246073938906193,0.004148601088672876,0.004711805377155542,0.005822501610964537,0.007147382479161024,0.005740342196077108,0.008432094939053059,0.01026696152985096,0.006161978002637625,0.012253028340637684
BXP,11,2026-04-07 16:15:00+00:00,12:15,0.012031232938170433,up,0.0013916328316554427,0.0020263446494936943,0.0008408125140704215,0.0017909592716023326,-0.0005327225080691278,-0.001698584877885878,-0.0042236922308802605,-0.004713979549705982,-0.0018374876817688346,0.0007856260635890067,-0.0004107508575543761,0.002170285675674677,0.003843033453449607,0.0051579964347183704,0.005452063400298357,0.004584278911352158,0.008754531852900982,0.008204484358429909,0.00610334612429142,0.006472211796790361,0.006571549456566572,0.005391884595155716,0.004425603896379471,0.009626288898289204,0.008374001830816269,0.012031232938170433
CIEN,11,2026-04-07 16:15:00+00:00,12:15,0.011800424195826054,up,-0.007108699530363083,-0.020409082993865013,-0.02171861194074154,-0.015163482166826725,-0.018270615488290787,-0.0222107395529747,-0.019529052078723907,-0.01078822836279869,-0.010842030867934227,-0.006106035318225622,-0.0007849280373193324,0.0030142394825816154,5.815775512019172e-05,0.00042856321670114994,-0.0014675925485789776,-0.000567982904613018,-0.0021647533867508173,-0.007926823571324348,-0.008808708749711514,-0.009637421928346157,-0.011773576028645039,-0.012828072533011436,-0.005887441337108612,-0.006102726794779301,-0.00297648087143898,0.011800424195826054
UNH,11,2026-04-07 16:15:00+00:00,12:15,0.011753465980291367,up,-0.005493426229804754,-0.021427014842629433,-0.021641144528985023,-0.01073169894516468,-0.012944509275257587,-0.014283240772783756,-0.015214858576655388,-0.011196902953088284,-0.016696695238351822,-0.009679142385721207,0.0008487165905535221,-0.00289302715100348,0.0017822484951466322,0.006216535344719887,0.002510952763259411,-0.002336410339921713,0.006834787782281637,0.0022792289964854717,-0.0008365437970496714,-0.0013470653211697936,-0.00014471870963461697,-0.0055106752552092075,-0.005529878661036491,0.0013051667483523488,0.00041087172576226294,0.011753465980291367
VRT,11,2026-04-07 16:15:00+00:00,12:15,0.011183956637978554,up,-0.0068709091283380985,-0.007648947183042765,-0.013833808712661266,-0.008905887603759766,-0.012409945949912071,-0.011941091157495975,-0.014491247944533825,-0.0063734897412359715,-0.010838459245860577,-0.004708393011242151,0.00038125418359413743,0.0008188278297893703,0.00010065957758342847,2.454241257510148e-05,-0.0029192492365837097,-0.002615113276988268,-0.0012778114760294557,-0.004113767296075821,-0.0048878807574510574,-0.007845222018659115,-0.0039547765627503395,-0.00655700359493494,-0.0016550460131838918,0.005220784805715084,0.004573260433971882,0.011183956637978554
CNC,11,2026-04-07 16:15:00+00:00,12:15,0.01117559801787138,up,-0.000290625321213156,-0.002514323452487588,-0.005620289593935013,-0.0031035474967211485,-0.0050587123259902,-0.0034269855823367834,-0.004124995321035385,-0.0019543226808309555,-0.005437424872070551,-0.0018072950188070536,0.003250816371291876,0.004559965338557959,0.001355135696940124,0.007754713762551546,0.008472911082208157,0.003273138776421547,0.005211540497839451,0.004495072644203901,0.0010673112701624632,7.372075924649835e-05,-0.00012107354268664494,-0.0006859977729618549,0.0011347787221893668,0.012952229008078575,0.008253849111497402,0.01117559801787138
CEG,11,2026-04-07 16:15:00+00:00,12:15,0.010633927769958973,up,-0.0055728573352098465,-0.006262149661779404,-0.01304632518440485,-0.009585277177393436,-0.014046077616512775,-0.015570523217320442,-0.020535318180918694,-0.0145618487149477,-0.01948765106499195,-0.012891033664345741,-0.00866827741265297,-0.007434310391545296,-0.006071307696402073,-0.007368247024714947,-0.011313673108816147,-0.0140772620216012,-0.010843787342309952,-0.011995370499789715,-0.012064364738762379,-0.014095839112997055,-0.014621617272496223,-0.014638107270002365,-0.0104106729850173,-0.0027621393091976643,-0.0007056010654196143,0.010633927769958973
OXY,11,2026-04-07 16:15:00+00:00,12:15,0.0099317766726017,up,0.003380234818905592,0.007092039566487074,0.005698735825717449,0.004647719673812389,0.003701081033796072,0.0016112057492136955,0.0006877118721604347,0.0005067866295576096,-0.0014646232593804598,0.0013589856680482626,0.0024136872962117195,0.004390824120491743,0.002062765881419182,0.006112312898039818,0.005740759894251823,0.005867221858352423,0.005865711718797684,0.005530107766389847,0.00536263408139348,0.00661866320297122,0.005419231951236725,0.004470777232199907,0.009171356447041035,0.010616093873977661,0.009915828704833984,0.0099317766726017
CAG,11,2026-04-07 16:15:00+00:00,12:15,0.009694317355751991,up,0.0017372205620631576,0.006270399782806635,0.004898407496511936,0.007227664347738028,0.004983130376785994,0.00460377661511302,0.0031790060456842184,0.0010394869605079293,0.0021714121103286743,0.0029336614534258842,0.00886693224310875,0.009155301377177238,0.0117352195084095,0.013709809631109238,0.012587292119860649,0.013082428835332394,0.017885273322463036,0.015333953313529491,0.013929198496043682,0.015150768682360649,0.01492658257484436,0.009635662660002708,0.008570954203605652,0.016261842101812363,0.011166166514158249,0.009694317355751991
CVNA,11,2026-04-07 16:15:00+00:00,12:15,0.009543941356241703,up,-0.007283911108970642,-0.012301499024033546,-0.014093737117946148,-0.011250710114836693,-0.014586016535758972,-0.015122920274734497,-0.0161125585436821,-0.004569525830447674,-0.003416534746065736,0.0024560086894780397,0.005089182406663895,0.005038187839090824,0.004313931334763765,0.0045313225127756596,0.005440428853034973,0.0035086178686469793,0.006657245568931103,0.005754320882260799,0.005305387545377016,0.0013613913906738162,-0.0002642991894390434,-0.005014481954276562,-0.006038955878466368,0.003316065762192011,0.0004225049342494458,0.009543941356241703
MOS,11,2026-04-07 16:15:00+00:00,12:15,0.00924469344317913,up,-0.011009817011654377,-0.0040773493237793446,-0.00727303558960557,-0.004685478284955025,-0.01182971429079771,-0.010929995216429234,-0.014535932801663876,-0.011393358930945396,-0.014022800140082836,-0.011592377908527851,-0.008505217730998993,-0.007393903099000454,-0.005081262439489365,-0.003948025405406952,-0.0017341735074296594,-0.0022236008662730455,-0.0013346578925848007,-0.0010414947755634785,-0.002803533338010311,-0.003830067813396454,-0.00016909085388761014,-0.0015556825092062354,0.003498329548165202,0.008491680957376957,0.009665433317422867,0.00924469344317913
SNDK,11,2026-04-07 16:15:00+00:00,12:15,0.00921563059091568,up,0.005485599394887686,-0.013424361124634743,-0.012755068950355053,-0.0021930832881480455,-0.0068457177840173244,-0.015019653365015984,-0.017031047493219376,-0.006159190088510513,-0.012314870022237301,-0.0004525527765508741,0.0032704276964068413,0.00406284537166357,0.002763396594673395,0.0027531126979738474,0.001699351123534143,7.114022446330637e-05,-0.0036785223055630922,-0.008701139129698277,-0.003271080320701003,-0.0018637804314494133,-0.007821152918040752,-0.016480229794979095,-0.01569710113108158,-0.009339462034404278,-0.0044869063422083855,0.00921563059091568
TER,11,2026-04-07 16:15:00+00:00,12:15,0.009062482044100761,up,-0.012801294215023518,-0.021023424342274666,-0.023503921926021576,-0.02218862809240818,-0.023193279281258583,-0.02546379156410694,-0.025845374912023544,-0.01765221357345581,-0.015861259773373604,-0.01568671502172947,-0.012581855058670044,-0.012762774713337421,-0.0077752103097736835,-0.004033520817756653,-0.0004901420907117426,-0.005808452609926462,0.0013764587929472327,0.00025796276167966425,-0.0024930324871093035,-0.002362346975132823,-0.0048726340755820274,-0.008738021366298199,-0.008621049113571644,0.0019905453082174063,0.003480294719338417,0.009062482044100761
DELL,11,2026-04-07 16:15:00+00:00,12:15,0.009059395641088486,up,-0.0017949942266568542,-0.0026774273719638586,-0.017245376482605934,-0.011438412591814995,-0.01658952422440052,-0.01316752377897501,-0.013338007964193821,-0.009527111425995827,-0.002067060675472021,0.00409965543076396,0.007664703764021397,0.006467049941420555,0.0013581481762230396,0.0043947757221758366,0.002909079659730196,0.0021703881211578846,0.0075828758999705315,0.007778664585202932,0.01199386827647686,0.006306994706392288,0.004891003016382456,-0.005679070949554443,-0.005963027011603117,0.0035271046217530966,0.002830371493473649,0.009059395641088486
ADBE,11,2026-04-07 16:15:00+00:00,12:15,0.008788281120359898,up,0.005458890460431576,0.008105178363621235,0.007592340931296349,0.0101315937936306,0.004574705846607685,0.003162072040140629,-7.68930185586214e-05,0.004703080281615257,0.0024790100287646055,0.004381648264825344,0.008334645070135593,0.006697352044284344,0.006321832537651062,0.0033506513573229313,0.005703330971300602,0.005511117167770863,0.009433146566152573,0.009419589303433895,0.006487589329481125,0.005165450274944305,0.006043429486453533,0.0047516790218651295,0.003990499768406153,0.010193917900323868,0.008863789960741997,0.008788281120359898
SHW,11,2026-04-07 16:15:00+00:00,12:15,0.008691085502505302,up,0.0011595489922910929,0.0016102412482723594,0.003914366476237774,0.0029626379255205393,0.00502633536234498,0.004619550425559282,0.003499631304293871,0.0038580496329814196,0.0020886266138404608,0.0008168785134330392,0.002176319481804967,0.0040595331229269505,0.0066545261070132256,0.008362176828086376,0.007127262651920319,0.004720770753920078,0.00689938897266984,0.005531622096896172,0.0037699725944548845,0.004048518370836973,0.0037206332199275494,0.0007005391526035964,0.0006606436800211668,0.0024513357784599066,0.003884014906361699,0.008691085502505302
SBAC,11,2026-04-07 16:15:00+00:00,12:15,0.00792239885777235,up,-0.0011600353755056858,-0.005675752647221088,-0.007109819445759058,0.00031462241895496845,-0.005274256691336632,-0.007833984680473804,-0.011700836010277271,-0.00924457423388958,-0.013286631554365158,-0.013880990445613861,-0.010453562252223492,-0.009854987263679504,-0.01187076698988676,-0.012485617771744728,-0.009960387833416462,-0.005853603594005108,-0.005593306850641966,-0.005971153266727924,-0.0031427524518221617,-0.0018003950826823711,-0.0033886570017784834,-0.0053740437142550945,-0.002322257263585925,0.0028238047380000353,0.0024409766774624586,0.00792239885777235
HAL,11,2026-04-07 16:15:00+00:00,12:15,0.00789052527397871,up,-0.0010896525345742702,-0.004544929601252079,-0.0012601186754181981,-0.0029229826759546995,-0.00666414387524128,-0.008651158772408962,-0.011604824103415012,-0.009381778538227081,-0.012425901368260384,-0.00771108316257596,-0.007200680207461119,-0.00390663044527173,-0.004759830888360739,-0.0027614140417426825,-0.0007643054705113173,-0.001068759709596634,-0.0024474873207509518,-0.00225787702947855,-0.003359157359227538,-0.004150655120611191,-0.0010272612562403083,-0.0009142036433331668,0.004152377601712942,0.007416246458888054,0.0069693331606686115,0.00789052527397871
WAT,11,2026-04-07 16:15:00+00:00,12:15,0.007828990928828716,up,0.0017851575976237655,0.0012751762988045812,0.0016950060380622745,0.0021464009769260883,-0.0013977468479424715,-0.0014335456071421504,-0.003988309297710657,-0.0014704520581290126,-0.0003019712457899004,-0.003055988810956478,0.0009425089810974896,0.001131708617322147,0.0017358780605718493,0.003040923271328211,0.0016661242116242647,0.001798805664293468,0.0048246621154248714,0.0032939801458269358,0.0022378938738256693,0.0013336562551558018,0.0008152704103849828,-0.0005908121238462627,0.00024209485854953527,0.0034118967596441507,0.0023866742849349976,0.007828990928828716
LEN,11,2026-04-07 16:15:00+00:00,12:15,0.007819895632565022,up,-0.003682960756123066,0.002427663654088974,-4.337432619649917e-05,0.003775175428017974,0.004257806111127138,0.0017076802905648947,-0.006807270459830761,-0.0024664117954671383,0.0008467250736430287,-0.001851127715781331,-0.00043246475979685783,-0.0019355216063559055,0.002351801609620452,0.0005240778555162251,-0.0001666051975917071,2.3468304789275862e-05,0.0015586017398163676,-0.0023275490384548903,0.0008664844208396971,-0.0002774271706584841,0.0015973085537552834,-0.00298687512986362,-0.00185212807264179,0.006577557418495417,0.003943323157727718,0.007819895632565022
SW,11,2026-04-07 16:15:00+00:00,12:15,0.007576434873044491,up,-0.0022365960758179426,0.0034931821282953024,0.0017615783726796508,0.005815211683511734,0.0008040373213589191,-0.00034398710704408586,-0.007197806611657143,-0.005650436505675316,-0.002552064135670662,-0.0034699912648648024,-0.0016962606459856033,0.0019993390887975693,0.006847556680440903,0.005753788165748119,0.004064504522830248,0.0033679469488561153,0.0072261677123606205,0.005608465522527695,0.007036700379103422,0.005966908764094114,0.008196670562028885,0.0035204619634896517,0.0065833088010549545,0.011131410486996174,0.008017162792384624,0.007576434873044491
AMCR,11,2026-04-07 16:15:00+00:00,12:15,0.007561998441815376,up,-0.00706806406378746,0.003134137950837612,0.002432039240375161,0.004167229402810335,0.0009572937851771712,0.002704571234062314,-0.005566538777202368,-0.008847950026392937,-0.0028631831519305706,-0.0077590676955878735,-0.005890869535505772,-0.0024732330348342657,0.0031085400842130184,0.0020177573896944523,-0.0009808015311136842,-0.00044985144631937146,0.0019818067084997892,0.0026324286591261625,0.003051364328712225,0.0025996307376772165,0.0045637101866304874,0.0033451421186327934,0.004357492085546255,0.007828456349670887,0.006084823049604893,0.007561998441815376
CAT,11,2026-04-07 16:15:00+00:00,12:15,0.0075411489233374596,up,-0.0036870234180241823,-0.0009147441596724093,-0.004728479776531458,-7.757623097859323e-05,-0.0004321606538724154,-0.0018717637285590172,-0.006723079830408096,-0.0031908880919218063,-0.005049760919064283,-0.00016353173123206943,0.0004715333925560117,0.0025792475789785385,0.0029792985878884792,0.003751227632164955,0.0028403073083609343,0.0008760857745073736,0.003595150075852871,0.0035707212518900633,0.0006309014279395342,-0.0009623210644349456,-0.0018633004510775208,-0.0018234882736578584,-0.002221234841272235,0.0038364280480891466,0.002474602311849594,0.0075411489233374596
DOC,11,2026-04-07 16:15:00+00:00,12:15,0.007166682742536068,up,0.009336805902421474,0.00935457181185484,0.008716690354049206,0.007752363104373217,0.005842775572091341,0.003644233336672187,-4.282156805857085e-05,0.0009058841969817877,0.0015226254472509027,0.004667042288929224,0.011739084497094154,0.0067314328625798225,0.010572663508355618,0.013318109326064587,0.011280635371804237,0.012076924555003643,0.015340582467615604,0.018042150884866714,0.015626121312379837,0.015284465625882149,0.009671008214354515,0.009108208119869232,0.007083689793944359,0.014478575438261032,0.008298869244754314,0.007166682742536068
IBKR,11,2026-04-07 16:15:00+00:00,12:15,0.007166534196585417,up,-0.009039190597832203,-0.00490102032199502,-0.00571335107088089,-0.0039758202619850636,-0.005560747347772121,-0.007208961993455887,-0.012936706654727459,-0.009376859292387962,-0.010102271102368832,-0.008727999404072762,-0.006166302599012852,-0.0019955842290073633,0.0018005830934271216,0.00216293684206903,0.0013101842487230897,-0.0011638975702226162,0.0012381779961287975,0.0021093059331178665,0.0015404431615024805,0.0011427222052589059,0.000869416689965874,-0.0021507376804947853,-0.002425792161375284,0.0025424875784665346,0.002203730633482337,0.007166534196585417
CCI,11,2026-04-07 16:15:00+00:00,12:15,0.00715652946382761,up,-0.0025401366874575615,-0.0007131728925742209,-0.0018310397863388062,0.0005147940246388316,-0.0002657015575096011,-0.0017879088409245014,-0.004771453328430653,-0.0020344576332718134,-0.0008220018935389817,-0.0012699119979515672,0.0003480557061266154,0.0011565113672986627,0.003425592789426446,0.004569976590573788,0.0007883977959863842,0.001792694441974163,0.0034629616420716047,0.0013033978175371885,0.004792985040694475,0.0016393358819186687,0.003450565505772829,0.001294853980652988,0.0014780533965677023,0.0076424661092460155,0.004870948847383261,0.00715652946382761
JNJ,11,2026-04-07 16:15:00+00:00,12:15,0.007145015988498926,up,-0.0007935515022836626,0.003052380168810487,0.00014539237599819899,0.00153420923743397,-0.0009029689827002585,-0.0013343283208087087,-0.0016650918405503035,-0.0025877521838992834,-0.004470708314329386,-0.003993107005953789,-0.0021181567572057247,0.0013086835388094187,0.0019259080290794373,0.00289938785135746,0.0006322081317193806,0.0008606629562564194,0.004189598374068737,0.00010645523434504867,0.003858618438243866,0.0053629945032298565,0.004882922861725092,0.0029859538190066814,0.0041639553382992744,0.0037370824720710516,0.004337770864367485,0.007145015988498926
META,11,2026-04-07 16:15:00+00:00,12:15,0.007034336682409048,up,-0.003372673876583576,-0.008242039009928703,-0.009775297716259956,-0.004997171927243471,-0.006915698293596506,-0.010885882191359997,-0.009431805461645126,-0.009766262024641037,-0.011684475466609001,-0.008138032630085945,-0.004680842161178589,-0.004828852601349354,-0.0051691289991140366,-0.00361715629696846,-0.004830438643693924,-0.005719263572245836,-0.004098975099623203,-0.005102607887238264,-0.0036070772912353277,-0.0029356153681874275,-0.003214109456166625,-0.010175014846026897,-0.006500511895865202,-0.0013890069676563144,0.001531750662252307,0.007034336682409048
LITE,11,2026-04-07 16:15:00+00:00,12:15,0.006970490328967571,up,-0.0005537254619412124,-0.012435837648808956,-0.015333647839725018,-0.005940916948020458,-0.010149418376386166,-0.017972830682992935,-0.017713911831378937,-0.009061850607395172,-0.01075934711843729,-0.0012542256154119968,0.0012856798712164164,0.0012668552808463573,-0.002206359291449189,0.0015222694491967559,0.0018610028782859445,0.0003254244802519679,0.00016636004147585481,-0.007186106406152248,-0.0029699192382395267,-0.0030142974574118853,-0.006044245325028896,-0.013755517080426216,-0.010290933772921562,-0.006645773537456989,-0.0006079102167859674,0.006970490328967571
TSCO,11,2026-04-07 16:15:00+00:00,12:15,0.006816747132688761,up,-0.008272577077150345,-0.0002611734380479902,-0.00067113246768713,0.0026501428801566362,-0.002115044742822647,-0.001664964365772903,-0.008214130066335201,-0.007293026894330978,-0.0011005293345078826,-0.00537828030064702,-0.0027845248114317656,-0.00013640511315315962,0.0066788773983716965,0.005662756506353617,0.0001306488993577659,0.0006410222849808633,0.004722151439636946,0.0022775381803512573,0.003379566827788949,0.0019579760264605284,0.000458709109807387,-0.004683410748839378,-0.0038284885231405497,0.0012217815965414047,0.000959471391979605,0.006816747132688761
TECH,11,2026-04-07 16:15:00+00:00,12:15,0.006774276029318571,up,-0.005829276517033577,-0.00531393475830555,-0.00735227158293128,-0.006825871765613556,-0.0100367721170187,-0.007227724883705378,-0.012242509052157402,-0.01075245812535286,-0.00598382530733943,-0.007818846963346004,-0.006433071568608284,-0.004381121136248112,-0.0028830962255597115,0.0012037849519401789,-0.0005333009758032858,0.0008708391105756164,0.0034485645592212677,0.0016288904007524252,0.0007445584051311016,0.0022501300554722548,-0.0007161449175328016,-0.001267029787413776,0.00021628098329529166,0.0056110587902367115,0.0031495806761085987,0.006774276029318571
BMY,11,2026-04-07 16:15:00+00:00,12:15,0.0066002910025417805,up,-0.0011174007086083293,0.0035537255462259054,0.0015315881464630365,0.007540671620517969,0.007561028935015202,0.007751647382974625,0.0008810711442492902,0.00013158080400899053,-0.00257602846249938,-0.003588983789086342,-0.000810153316706419,5.5056083510862663e-05,-0.0005772844888269901,0.0036689930129796267,0.0031925193034112453,0.003527876688167453,0.0032368209213018417,0.00021767370344605297,0.0017875406192615628,0.0010864428477361798,0.0017242139438167214,-0.001224024104885757,-0.000602479325607419,0.0024715689942240715,-0.00010658166866051033,0.0066002910025417805
ROST,11,2026-04-07 16:15:00+00:00,12:15,0.006157141178846359,up,0.0020867292769253254,0.002943541156128049,0.0005339253693819046,0.0022891315165907145,0.002767254365608096,0.00042054097866639495,-0.002033007564023137,-0.0007636909140273929,-0.003325670724734664,-0.002179984003305435,0.0008579681743867695,0.0012837855610996485,0.00012194105511298403,0.0006443362217396498,-0.0013761093141511083,-0.0015054808463901281,0.0010571491438895464,0.0020497646182775497,0.0019145964179188013,-0.0007534612668678164,-0.0016637722728773952,-0.004435026552528143,-0.002157140290364623,-0.0003358527028467506,-0.00031678538653068244,0.006157141178846359
BKR,11,2026-04-07 16:15:00+00:00,12:15,0.006053353659808636,up,0.0035707561764866114,0.0005750496056862175,-0.002368915593251586,-0.0007487617549486458,-0.0018317531794309616,-0.0036828862503170967,-0.0051579549908638,-0.003075001761317253,-0.0038620964623987675,-0.0028164105024188757,-0.0019225042778998613,-0.0012171322014182806,-0.001454550540074706,0.0006441914010792971,0.0015840587439015508,0.000474413187475875,0.0030767028219997883,0.0026666431222110987,0.0009458436397835612,-0.0006037887651473284,0.0004256529500707984,-0.0011309576220810413,-0.0009798627579584718,0.0025256460066884756,1.6782520106062293e-05,0.006053353659808636
CSGP,11,2026-04-07 16:15:00+00:00,12:15,0.00602061627432704,up,-0.003945128992199898,0.011229352094233036,0.0022972142323851585,0.00645503681153059,-0.0038299388252198696,-0.0017502009868621826,-0.0062434799037873745,-0.0047636996023356915,0.002184533979743719,-0.0036849731113761663,-0.0020637863781303167,-0.003310362808406353,0.0023109999019652605,0.002801483729854226,0.0022670908365398645,0.00026329452521167696,0.0002814113104250282,0.0018511952366679907,0.000991232693195343,-0.0016209521563723683,0.0018697314662858844,0.0007615515496581793,0.0038169631734490395,0.006387433968484402,0.00430320855230093,0.00602061627432704
ON,11,2026-04-07 16:15:00+00:00,12:15,0.005974618252366781,up,-0.009742826223373413,-0.00984091404825449,-0.011931240558624268,-0.008842985145747662,-0.010518331080675125,-0.011334466747939587,-0.015296012163162231,-0.011816974729299545,-0.013726716861128807,-0.011815333738923073,-0.009552945382893085,-0.007333210203796625,-0.0061853607185184956,-0.004348183982074261,-0.005408980417996645,-0.00672167120501399,-0.0026848139241337776,-0.002599298255518079,-0.005332532804459333,-0.004710249602794647,-0.0012698053615167737,-0.0025473344139754772,0.0007637306698597968,0.006458304822444916,0.004148824140429497,0.005974618252366781
VRSN,11,2026-04-07 16:15:00+00:00,12:15,0.005939401686191559,up,0.004440253134816885,0.0029970433097332716,-0.00032272745738737285,0.0021672772709280252,0.0007633314235135913,0.0035384208895266056,0.0027598312590271235,0.00988545548170805,0.007581043057143688,0.00537064066156745,0.011546941474080086,0.0077644516713917255,0.009957167319953442,0.013831023126840591,0.015115780755877495,0.005401120521128178,0.012646988034248352,0.008749865926802158,0.008641162887215614,0.010178412310779095,0.017767757177352905,0.011298219673335552,0.0030249683186411858,0.009297062642872334,0.0013770123478025198,0.005939401686191559
GLW,11,2026-04-07 16:15:00+00:00,12:15,0.0056775882840156555,up,-0.006579900626093149,-0.0028276052325963974,-0.01267937384545803,-0.004585538990795612,-0.006045643240213394,-0.00609259307384491,-0.005981536116451025,-0.005768801551312208,-0.0037764227017760277,-0.001356299384497106,0.005828590597957373,0.004019033629447222,-0.0008193243993446231,-0.0002178033464588225,0.003328370861709118,0.0020930913742631674,0.004455734509974718,0.004062305204570293,0.007565638516098261,0.005129071418195963,0.006645396817475557,3.0685303499922156e-05,0.004838854074478149,0.0024947798810899258,0.0033230786211788654,0.0056775882840156555
LULU,11,2026-04-07 16:15:00+00:00,12:15,0.005353377666324377,up,-0.005159097258001566,-0.004815130960196257,-0.01076343934983015,-0.008755134418606758,-0.008987173438072205,-0.007752169854938984,-0.010462344624102116,-0.007587364409118891,-0.007616663817316294,-0.006476429291069508,-0.006791992578655481,-0.004956490360200405,-0.004630934912711382,-0.0034437738358974457,-0.004442830570042133,-0.005581010598689318,-0.0002819048531819135,-0.0018106692004948854,-0.0024960748851299286,-0.0013541339430958033,-0.002410293323919177,-0.004327038303017616,-0.004373431205749512,0.0001755607663653791,-0.0008348015253432095,0.005353377666324377
CTRA,11,2026-04-07 16:15:00+00:00,12:15,0.005254687741398811,up,0.009374353103339672,0.012801138684153557,0.01223815232515335,0.012644028291106224,0.013416768983006477,0.016767654567956924,0.015071532689034939,0.014514463022351265,0.014121079817414284,0.011362791061401367,0.014239989221096039,0.009554147720336914,0.0036161355674266815,0.004685831256210804,0.008917105384171009,0.00891938153654337,0.007842608727514744,0.008476931601762772,0.008056821301579475,0.009013420902192593,0.01040155440568924,0.010826298967003822,0.011813380755484104,0.011777391657233238,0.010339588858187199,0.005254687741398811
HWM,11,2026-04-07 16:15:00+00:00,12:15,0.005198946688324213,up,-0.0023840079084038734,-0.0002566213079262525,-0.00410163588821888,-0.0022588293068110943,-0.004061640705913305,-0.006312220823019743,-0.007041696459054947,-0.004215817898511887,-0.004294748418033123,-0.0012771353358402848,-0.0002484241558704525,0.002644792664796114,0.0032811579294502735,0.0029293065890669823,0.00048206764040514827,0.00020184302411507815,0.0021637529134750366,0.0009391432977281511,0.0005304322112351656,0.0007850794354453683,0.0011730401311069727,-0.0018708083080127835,0.0010554668260738254,0.0038981649558991194,0.0017520830733701587,0.005198946688324213
BLDR,11,2026-04-07 16:15:00+00:00,12:15,0.005002209916710854,up,0.004753520246595144,0.014177586883306503,0.007003850303590298,0.012528419494628906,0.014014501124620438,0.007807754445821047,-0.0023741908371448517,-0.00026727363001555204,0.005683935713022947,-0.001512800226919353,0.0007284856983460486,0.00173969438765198,0.0008890205062925816,0.0015737450448796153,-0.000980141805484891,-0.0012081449385732412,-0.0008330717100761831,-0.0025043629575520754,-0.0014277048176154494,-0.0048925606533885,-0.0033638905733823776,-0.007942913100123405,-0.006503850221633911,0.0010616191430017352,-0.0015515044797211885,0.005002209916710854
FIS,11,2026-04-07 16:15:00+00:00,12:15,0.0049898698925971985,up,-0.004686911124736071,0.003045812714844942,0.0005390886217355728,8.73389290063642e-05,-0.0021430738270282745,-0.004476943053305149,-0.009515263140201569,-0.00654646148905158,-0.006717735435813665,-0.0049967351369559765,-0.0003741112304851413,0.0008587841293774545,0.0015907071065157652,0.002325149718672037,-0.0017529819160699844,-0.0029573983047157526,0.0032091238535940647,0.0007423431961797178,0.0003576443705242127,0.000879561179317534,0.0005993458908051252,-0.0023604973684996367,-0.0019687640015035868,0.004226247780025005,0.0009083276381716132,0.0049898698925971985
LUV,11,2026-04-07 16:15:00+00:00,12:15,0.004963234066963196,up,-0.00840685609728098,-0.0031281455885618925,-0.007938106544315815,-0.005542228929698467,-0.011146173812448978,-0.010737398639321327,-0.017983509227633476,-0.009508548304438591,-0.012772844173014164,-0.007008974906057119,-0.003692473052069545,-0.004279003944247961,-0.0033046372700482607,0.001334632164798677,0.0007762349559925497,-0.0011163103627040982,0.0027440120466053486,0.0012594397412613034,-0.0005262951599434018,-0.003236114513128996,-0.00251181167550385,-0.005464344751089811,-0.003651744918897748,0.004435384646058083,0.0021681382786482573,0.004963234066963196
EXE,11,2026-04-07 16:15:00+00:00,12:15,0.004926756490021944,up,0.0013871880946680903,0.0005267757805995643,-0.0015014897799119353,0.002949145622551441,0.0020878079812973738,0.0020072751212865114,-0.0033122017048299313,-0.0005785616231150925,-0.0020360518246889114,-0.0029266634956002235,0.0005213854019530118,0.0009225959656760097,0.0007053590379655361,0.0029872474260628223,0.001577063463628292,0.004809670615941286,0.005736450664699078,0.00450541777536273,0.00513495272025466,0.00473591685295105,0.004607535898685455,0.004336732905358076,0.005720939487218857,0.009737652726471424,0.005259749013930559,0.004926756490021944
LLY,11,2026-04-07 16:15:00+00:00,12:15,0.0048238737508654594,up,-0.008294729515910149,-0.010168314911425114,-0.010882040485739708,-0.004737599287182093,-0.005767293740063906,-0.008576619438827038,-0.010312412865459919,-0.005528932902961969,-0.006542221177369356,-0.0023201073054224253,0.00197812938131392,-0.00020220399892423302,0.0025462519843131304,0.0050505599938333035,0.0021228778641670942,0.0002896202786359936,0.000890895607881248,0.0007956612389534712,2.0163988665444776e-05,-0.0043119709007442,-0.00660988362506032,-0.012042437680065632,-0.015567614696919918,-0.004956983029842377,-0.0037042181938886642,0.0048238737508654594
MKC,11,2026-04-07 16:15:00+00:00,12:15,0.004803495015949011,up,0.001451296848244965,0.00595693988725543,0.0013665806036442518,-0.0002552188525442034,-0.0005597762065008283,-0.00151527626439929,-0.0037795889656990767,-0.0027782272081822157,0.001826580730266869,0.001308873645029962,0.0022001073230057955,0.0025576180778443813,0.001336724846623838,0.0028700116090476513,0.0022693551145493984,0.00032256284612230957,0.0037451349198818207,0.0055894190445542336,0.0045610046945512295,0.0059569519944489,0.0032028963323682547,0.0030522255692631006,0.004528807941824198,0.0063723428174853325,0.004335206933319569,0.004803495015949011
USB,11,2026-04-07 16:15:00+00:00,12:15,0.004733774345368147,up,-0.001685241237282753,0.0025405408814549446,0.0001354797277599573,0.0013840296305716038,-0.0006382868159562349,0.0017261974280700088,-0.0009612119174562395,-0.00017629630747251213,0.00031398748978972435,0.0013362563913688064,0.0017918546218425035,0.0017332982970401645,0.002009787829592824,0.001987718977034092,0.004108227323740721,0.003686367766931653,0.00438731350004673,0.004292926751077175,0.0038765333592891693,0.005233433097600937,0.0031882699113339186,0.003070884384214878,0.002622047672048211,0.006766644772142172,0.004199462477117777,0.004733774345368147
ABBV,11,2026-04-07 16:15:00+00:00,12:15,0.0047067818231880665,up,-0.005308051593601704,-0.004329557064920664,-0.007366681471467018,-0.004506746772676706,-0.007475621532648802,-0.007153162732720375,-0.01225703489035368,-0.00602619256824255,-0.007166415452957153,-0.004249104764312506,-0.00034739263355731964,0.0017753865104168653,0.0012474481482058764,-0.002705472055822611,-0.0027442050632089376,-0.0009633662411943078,-0.0008501271950080991,0.001022257492877543,-0.0012269022408872843,-0.0006690953159704804,0.00038359241443686187,-0.0003562222991604358,0.0020360250491648912,0.001525527099147439,0.003939978312700987,0.0047067818231880665
FE,11,2026-04-07 16:15:00+00:00,12:15,0.0046069505624473095,up,0.0011512747732922435,0.002253314945846796,0.001341634662821889,0.0033078931737691164,0.005961937364190817,0.004353437107056379,0.0032099392265081406,0.0021943780593574047,0.003863187739625573,0.0022598726209253073,0.00476007629185915,0.004293291363865137,0.003962767776101828,0.004156418144702911,0.0031253842171281576,0.002271380042657256,0.004748060368001461,0.00507541187107563,0.0055051022209227085,0.006623549852520227,0.006278905086219311,0.005239316262304783,0.005522368475794792,0.007092649582773447,0.005753018893301487,0.0046069505624473095
IR,11,2026-04-07 16:15:00+00:00,12:15,0.004591964650899172,up,-0.0011376898037269711,0.001967119984328747,-0.0010291161015629768,0.002683463739231229,0.0007856031297706068,0.00027362722903490067,-0.0008669346570968628,-0.000814103870652616,0.0016017474699765444,-8.519762195646763e-05,0.0014960650587454438,0.005632502492517233,0.004716786090284586,0.0037208297289907932,0.004366837441921234,0.002584742847830057,0.006735800765454769,0.00426273001357913,0.003693756414577365,0.003154451958835125,0.0021477777045220137,0.0011264130007475615,7.179138628998771e-05,0.004860838409513235,0.0011686484795063734,0.004591964650899172
AMGN,11,2026-04-07 16:15:00+00:00,12:15,0.004366349428892136,up,-0.007894232869148254,-0.00345898000523448,-0.007060287985950708,-0.006018777843564749,-0.006473601795732975,-0.008449070155620575,-0.009856091812252998,-0.009469835087656975,-0.008412768132984638,-0.009816378355026245,-0.007146225776523352,-0.0048270984552800655,-0.003776504658162594,-0.003161332104355097,-0.004768198821693659,-0.0034183787647634745,-0.0006603269721381366,-0.002217198023572564,-0.0020787648390978575,-0.0009348095045424998,0.0003033576940651983,-0.0029701904859393835,-0.004612138494849205,-0.002288768533617258,-0.0031628021970391273,0.004366349428892136
LYV,11,2026-04-07 16:15:00+00:00,12:15,0.004236026667058468,up,-0.0062399557791650295,-0.003640785813331604,-0.007250700145959854,-0.004351848270744085,-0.004140367731451988,-0.005284841172397137,-0.009583677165210247,-0.005504789296537638,-0.005788199603557587,-0.005426432471722364,-0.0027779198717325926,-0.0017940039979293942,-0.00271379086188972,-0.0017646801425144076,-0.001920322305522859,-0.002876410260796547,0.0008184667094610631,-0.0013467997778207064,-0.0017609288915991783,-0.002815509680658579,-0.003561351913958788,-0.00371767720207572,-0.0027884209994226694,0.0031454958952963352,-0.0005690574180334806,0.004236026667058468
DPZ,11,2026-04-07 16:15:00+00:00,12:15,0.004143633879721165,up,-0.002177790505811572,-0.004173261113464832,-0.006560971029102802,-0.004002763424068689,-0.0045713093131780624,-0.006585267838090658,-0.006004630587995052,-0.005752308294177055,-0.006565398536622524,-0.0048958733677864075,-0.002523947274312377,-0.0014090155018493533,-0.001566283404827118,-0.0018507608911022544,-0.001949114608578384,-0.002557124476879835,-0.0010509449057281017,-0.0011175581021234393,-0.0046541085466742516,-0.0026184848975390196,0.0009780731052160263,-0.0022310486529022455,-0.0014900453388690948,0.00019138201605528593,-0.0007904883823357522,0.004143633879721165
AMZN,11,2026-04-07 16:15:00+00:00,12:15,0.004065235611051321,up,-0.00942013505846262,-0.01127484068274498,-0.01699276827275753,-0.013012737035751343,-0.01486545242369175,-0.015253477729856968,-0.016579432412981987,-0.013505814597010612,-0.014876141212880611,-0.013838105835020542,-0.01157680619508028,-0.011091197840869427,-0.011838452890515327,-0.011104687117040157,-0.008630858734250069,-0.009015865623950958,-0.005029088817536831,-0.006035600323230028,-0.006132868118584156,-0.007795830722898245,-0.009121968410909176,-0.01211315207183361,-0.011007110588252544,-0.005158807151019573,-0.003634706838056445,0.004065235611051321
LOW,11,2026-04-07 16:15:00+00:00,12:15,0.004041627980768681,up,3.0094277462922037e-05,0.003392110113054514,-0.0029179856646806,-0.0015015488024801016,-0.00135759764816612,-0.004270315170288086,-0.007449508644640446,-0.005479644984006882,-0.005652988329529762,-0.004041356034576893,-0.002140413038432598,-0.0003195960889570415,-9.949820378096774e-05,-0.0008895229548215866,-0.0014083663700148463,-0.0013066011015325785,0.0015694403555244207,0.002065562643110752,0.0013588517904281616,0.0005142366862855852,0.0006726564606651664,-0.0015089546795934439,-0.0022127521224319935,-0.00038583853165619075,-5.625254561891779e-05,0.004041627980768681
TJX,11,2026-04-07 16:15:00+00:00,12:15,0.004041603300720453,up,0.0007020364282652736,0.0016455311561003327,-0.0018414456862956285,0.0004787225916516036,0.0010058613261207938,-0.0023373286239802837,-0.0035712646786123514,-0.0038269967772066593,-0.0042022522538900375,-0.0045178961008787155,-0.0034498341847211123,-0.0007419871399179101,0.0004820499452762306,-0.000925628817640245,-0.0024027875624597073,-0.002798347733914852,-0.0020340620540082455,-0.002822868525981903,-0.0017079089302569628,-0.0017135683447122574,-0.0017756433226168156,-0.0017474880442023277,-0.00046788796316832304,0.0010522372322157025,-0.002417721087113023,0.004041603300720453
V,11,2026-04-07 16:15:00+00:00,12:15,0.003852695459499955,up,0.0002543334849178791,0.0004007218813057989,0.00048742551007308066,0.0018558180890977383,0.00035161207779310644,0.0006191848078742623,7.866178930271417e-05,-0.0007634754292666912,-0.0009060308220796287,-0.002529876073822379,0.0013790287775918841,0.0018124185735359788,0.0016610772581771016,0.0015299300430342555,0.0031006515491753817,0.0013679455732926726,0.003004173981025815,0.0016196384094655514,0.0030252470169216394,0.0011360094649717212,-0.0002776930050458759,-0.0014716379810124636,-0.00138258992228657,0.0018847890896722674,0.0011380593059584498,0.003852695459499955
KMB,11,2026-04-07 16:15:00+00:00,12:15,0.0038452637381851673,up,-0.0002228929370176047,0.0041131735779345036,-0.004037168342620134,-0.0011192698730155826,-0.002585924230515957,-0.0036457290407270193,-0.008297440595924854,-0.005424358882009983,-0.006943322252482176,-0.004618766717612743,-0.0023615392856299877,-0.002652656054124236,-0.003686811774969101,-0.001373260049149394,-0.003467424074187875,-0.0037059260066598654,8.575386164011434e-05,-0.00017782390932552516,-0.000577365979552269,0.0004597813240252435,0.004511053673923016,-0.0004218711983412504,0.0028820813167840242,0.0023816183675080538,0.0017239795997738838,0.0038452637381851673
HSIC,11,2026-04-07 16:15:00+00:00,12:15,0.0038417945615947247,up,0.007163608446717262,0.007640126161277294,0.00431037275120616,0.004836808890104294,0.011237957514822483,0.0069648041389882565,0.00555670540779829,0.005069073289632797,0.006232505664229393,0.003898204304277897,0.0020166526082903147,0.004042165819555521,0.0031614170875400305,0.001542398938909173,0.007246348075568676,0.0014889778103679419,0.004416005220264196,0.005410097539424896,0.0025599212385714054,0.0024820431135594845,0.0027314703911542892,0.0007093138992786407,-0.00014342204667627811,0.006093800067901611,4.4264448661124334e-05,0.0038417945615947247
FITB,11,2026-04-07 16:15:00+00:00,12:15,0.003777834353968501,up,-0.004291601944714785,9.878142009256408e-05,-0.0016435320721939206,-0.0008579926798120141,-0.0007983218529261649,-0.00015284577966667712,-0.0031905292998999357,-0.0013828208902850747,-0.0009351765620522201,-0.0008397329947911203,0.00042230330291204154,-0.000310466653900221,0.000221230584429577,0.0007246060413308442,0.0019094434101134539,0.0020052408799529076,0.003595201065763831,0.0032933391630649567,0.0030636393930763006,0.003166438080370426,0.002580560278147459,0.00037075235741212964,0.0017024398548528552,0.004874486476182938,0.0036510920617729425,0.003777834353968501
MCD,11,2026-04-07 16:15:00+00:00,12:15,0.003651977749541402,up,-4.1478640923742205e-05,0.0018292698077857494,0.002212508814409375,0.002245150273665786,0.001032251981087029,-0.0004780949675478041,-0.00015725524281151593,-0.0011116787791252136,-0.002769156126305461,-0.00393671216443181,-0.0016351314261555672,-0.0015102836769074202,-0.001566469669342041,-0.001745135523378849,-0.00416590366512537,-0.004299088381230831,-0.0036995690315961838,-0.0036656095180660486,-0.004370406270027161,-0.004089789465069771,-0.003207368077710271,-0.005018043797463179,-0.006553512066602707,-0.005539617035537958,-0.004728573840111494,0.003651977749541402
LH,11,2026-04-07 16:15:00+00:00,12:15,0.0036213072016835213,up,0.0014279776951298118,-0.0038692450616508722,-0.001890254789032042,0.0010043124202638865,-0.0012861770810559392,-0.0034842377062886953,-0.007560094352811575,-0.004690463189035654,-0.009099154733121395,-0.009492740966379642,-0.006616016384214163,-0.0027065956965088844,-0.0027318266220390797,-0.005876454990357161,-0.0056713479571044445,-0.004994321148842573,-0.002379835117608309,-0.0034476318396627903,-0.00468018651008606,-0.003034185618162155,-0.0030803445260971785,-0.006254756357520819,-0.003360375529155135,0.00015656169853173196,-0.005490264389663935,0.0036213072016835213
MU,11,2026-04-07 16:15:00+00:00,12:15,0.0034675034694373608,up,-0.00636817654594779,-0.01657242700457573,-0.024538684636354446,-0.0173578429967165,-0.024271035566926003,-0.029966959729790688,-0.026984283700585365,-0.019578564912080765,-0.020744124427437782,-0.017264869064092636,-0.011677597649395466,-0.010484757833182812,-0.004797409754246473,-0.0057333167642354965,-0.007150590885430574,-0.009268142282962799,-0.007737207226455212,-0.008929174393415451,-0.011479242704808712,-0.008977524936199188,-0.012331623584032059,-0.01776408962905407,-0.01520850695669651,-0.013635807670652866,-0.00900987721979618,0.0034675034694373608
JPM,11,2026-04-07 16:15:00+00:00,12:15,0.0033567817881703377,up,-0.0016021204646676779,-0.0028301591519266367,-0.004119616001844406,-0.0005316514289006591,-0.0016469128895550966,-0.0027574722189456224,-0.003873378736898303,-0.004041006788611412,-0.005790084600448608,-0.004666707944124937,-0.002178757218644023,-0.0019008807139471173,-0.0022824706975370646,-0.002230349462479353,-0.0014819512143731117,-0.002091268775984645,-0.0016778003191575408,-0.00351579487323761,-0.0017292860429733992,-0.004249248653650284,-0.0028847292996942997,-0.005987272132188082,-0.004910444375127554,-0.0029083830304443836,-0.00270622200332582,0.0033567817881703377
SNA,11,2026-04-07 16:15:00+00:00,12:15,0.003333407687023282,up,0.00048051393241621554,0.0021113604307174683,-1.132008128479356e-05,0.0032478205393999815,0.0031828454229980707,0.0013149628648534417,-0.0008091239724308252,-0.0013359313597902656,-0.001276034745387733,-0.0008503389544785023,0.0012611462734639645,0.0028821921441704035,0.0022714687511324883,0.002227482618764043,0.0022684975992888212,0.0019405260682106018,0.004240603651851416,0.004035613499581814,0.0014004020486027002,-0.00020672001119237393,0.0018552641849964857,0.0005850613233633339,0.000554607599042356,0.0030059039127081633,0.0012953970581293106,0.003333407687023282
CTSH,11,2026-04-07 16:15:00+00:00,12:15,0.0032939014490693808,up,-0.000965612824074924,-0.00014358811313286424,-0.004122151527553797,-0.001424916204996407,-0.005200834013521671,-0.004802228417247534,-0.007507634349167347,-0.005199040751904249,-0.006460382603108883,-0.007592087611556053,-0.005736661609262228,-0.0011013948824256659,-0.0015902490122243762,0.002246603835374117,0.0016629155725240707,2.2462336346507072e-05,0.0010469951666891575,0.00013393876724876463,-0.0014423582470044494,-0.0006460918230004609,0.0015662596561014652,-0.0016225239960476756,-0.0006361048435792327,0.0020989724434912205,-0.0018447450129315257,0.0032939014490693808
AIG,11,2026-04-07 16:15:00+00:00,12:15,0.0032870040740817785,up,0.001592107699252665,0.0021830543410032988,0.00034595871693454683,0.003764502238482237,0.005249404348433018,0.00420190766453743,0.0012488854117691517,0.004473498091101646,0.0036308257840573788,0.003302473109215498,0.005514695309102535,0.005614522844552994,0.006217180285602808,0.005877378862351179,0.00529095996171236,0.004445439204573631,0.00525917112827301,0.0038139454554766417,0.0035530130844563246,0.0033846318256109953,0.0035423918161541224,0.0017616392578929663,0.002482545329257846,0.005604132078588009,0.0035679677966982126,0.0032870040740817785
ODFL,11,2026-04-07 16:15:00+00:00,12:15,0.0032196897082030773,up,-0.008045217022299767,-0.00863926112651825,-0.010357863269746304,-0.006944829132407904,-0.008990359492599964,-0.010703005827963352,-0.013734856620430946,-0.012021123431622982,-0.014385840855538845,-0.00994415208697319,-0.013959083706140518,-0.009983937256038189,-0.011548559181392193,-0.009743763133883476,-0.011764263734221458,-0.012313992716372013,-0.009562541730701923,-0.010223996825516224,-0.011011730879545212,-0.009853317402303219,-0.011011237278580666,-0.010523051954805851,-0.007927647791802883,-0.0032737944275140762,-0.0024865949526429176,0.0032196897082030773
RL,11,2026-04-07 16:15:00+00:00,12:15,0.0030802814289927483,up,-0.0031594783067703247,-0.00406461488455534,-0.0040087332017719746,0.0006734419148415327,0.005787793081253767,0.004300955682992935,-0.0015928263310343027,-0.0016427155351266265,-0.0038120595272630453,-0.004998468793928623,-0.0005624680197797716,-0.0011452562175691128,-0.001372486469335854,-0.0024160484317690134,-0.0025604504626244307,-0.0036715841852128506,-0.0013436812441796064,-0.0013364877086132765,-0.005869472865015268,-0.005006338935345411,-0.00012999700265936553,-0.0027581253089010715,-0.002324846573174,-0.0009228606359101832,-0.0010357039282098413,0.0030802814289927483
COO,11,2026-04-07 16:15:00+00:00,12:15,0.003010965185239911,up,-0.001097638625651598,0.007196861784905195,-0.00045987701741978526,0.001976422732695937,-5.2324012358440086e-05,-0.00010785040649352595,-0.007229118142277002,-0.009044215083122253,-0.007386139128357172,-0.009583801962435246,-0.00955694355070591,-0.0077851745299994946,-0.004475434776395559,-0.003732186509296298,-0.004762886092066765,-0.00223787990398705,-0.0010395795106887817,-0.002246817108243704,-0.0009817247046157718,-0.003929439932107925,-0.002551527228206396,-0.003373210085555911,-0.00551770580932498,-0.0006478041759692132,-0.0021043524611741304,0.003010965185239911
BKNG,11,2026-04-07 16:15:00+00:00,12:15,0.0029654710087925196,up,-0.008433174341917038,-0.007532423362135887,-0.01158187072724104,-0.007685997057706118,-0.013252497650682926,-0.012356456369161606,-0.01487282570451498,-0.011193563230335712,-0.012109341099858284,-0.007934712804853916,-0.005550192203372717,-0.005273137241601944,-0.0038166611921042204,-0.0049344319850206375,-0.004948288202285767,-0.005758546758443117,-0.002768929349258542,-0.004307541996240616,-0.005511188413947821,-0.007919947616755962,-0.007643542718142271,-0.010257981717586517,-0.008867835626006126,-0.0022225601132959127,-0.000464127107989043,0.0029654710087925196
AIZ,11,2026-04-07 16:15:00+00:00,12:15,0.0029082808177918196,up,0.0005214112461544573,0.003198320744559169,0.000818027590867132,0.003561317687854171,0.0033843740820884705,0.0015956780407577753,-0.0009212929289788008,-0.00015882629668340087,0.001827732427045703,1.2030465768475551e-05,0.00222785328514874,0.0021454524248838425,0.001923194620758295,0.002356595592573285,0.0029429711867123842,0.0019448143430054188,0.004456256981939077,0.003921797499060631,0.0035810822155326605,0.0028345189057290554,0.0022950302809476852,0.0008918293169699609,-4.496908513829112e-05,0.0035950227174907923,0.00033292078296653926,0.0029082808177918196
MPWR,11,2026-04-07 16:15:00+00:00,12:15,0.0028818619903177023,up,0.00020624211174435914,-0.006139819975942373,-0.0044562858529388905,-0.0035673456732183695,-0.0019017476588487625,-0.0037233291659504175,-0.005300403572618961,-0.001380756264552474,-0.005288869142532349,-0.004137461073696613,-0.002002835040912032,-0.002803743351250887,-0.0030915674287825823,-0.004154340364038944,-0.002640210324898362,-0.004750192631036043,-0.003908444661647081,-0.0033033580984920263,-0.004671645350754261,-0.003181114559993148,-0.0058915261179208755,-0.008925084955990314,-0.004623157437890768,-0.0013918997719883919,-0.0009512066608294845,0.0028818619903177023
F,11,2026-04-07 16:15:00+00:00,12:15,0.0028575770556926727,up,-0.004328918177634478,0.011597493663430214,-0.0030788087751716375,-0.002401935402303934,-0.004109041299670935,-0.006803267635405064,-0.01071377843618393,-0.00671860296279192,-0.002280471846461296,0.0015265734400600195,0.007238684222102165,0.005499627906829119,0.006279068533331156,0.009551857598125935,0.008452747017145157,0.008696756325662136,0.014701724983751774,0.012543484568595886,0.009072240442037582,0.00790692400187254,0.007223114371299744,0.0032749036327004433,0.0008187781204469502,0.004366849083453417,9.940186282619834e-05,0.0028575770556926727
PNR,11,2026-04-07 16:15:00+00:00,12:15,0.002820734167471528,up,-0.002922594314441085,-0.00012214051093906164,-0.00340212881565094,-0.0015846275491639972,-0.0027310436125844717,-0.00407013762742281,-0.006271471735090017,-0.004855008330196142,-0.0032082207035273314,-0.004684915766119957,-0.003268907079473138,-0.0019111064029857516,-0.00028172667953185737,0.0011114468798041344,-0.0004631409246940166,-0.002042616717517376,0.0012133840937167406,0.0003616020840127021,-0.0005403464310802519,-0.0001898956688819453,0.0014961090637370944,5.461968976305798e-05,-0.0017814117018133402,0.0033878253307193518,-0.0006583358044736087,0.002820734167471528
SWK,11,2026-04-07 16:15:00+00:00,12:15,0.0028072299901396036,up,-0.004351449199020863,0.005247185938060284,-7.580610690638423e-05,-0.0005113774677738547,-0.0053324587643146515,-0.006743505131453276,-0.013180454261600971,-0.010728318244218826,-0.012612356804311275,-0.012300222180783749,-0.010307274758815765,-0.007572237402200699,-0.0007647526217624545,-0.0021970311645418406,-0.0055842348374426365,-0.005171426106244326,-0.0032362837810069323,-0.0024998383596539497,-0.0046547516249120235,-0.006550069432705641,-0.005372244864702225,-0.006837230641394854,-0.007298303302377462,-0.003012340748682618,-0.0038768150843679905,0.0028072299901396036
CBOE,11,2026-04-07 16:15:00+00:00,12:15,0.0027981335297226906,up,0.007333054207265377,0.008702653460204601,0.012289990670979023,0.012981963343918324,0.01694309711456299,0.017205752432346344,0.018069365993142128,0.01692773960530758,0.017356831580400467,0.017573347315192223,0.018442509695887566,0.02259507216513157,0.019242340698838234,0.017310190945863724,0.01627529226243496,0.015443404205143452,0.017039556056261063,0.014712597243487835,0.013868135400116444,0.013372581452131271,0.013264055363833904,0.013088254258036613,0.011755889281630516,0.009934225119650364,0.005116141401231289,0.0027981335297226906
IDXX,11,2026-04-07 16:15:00+00:00,12:15,0.0026569657493382692,up,-0.002642969135195017,-0.0023192614316940308,-0.0038819846231490374,-0.0011948547326028347,-0.003178815357387066,-0.003650170750916004,-0.00580603675916791,-0.0042898510582745075,-0.006758648436516523,-0.004787757992744446,-0.0013046960812062025,0.00032306808861903846,7.004909275565296e-05,0.0005985311581753194,0.0006468244828283787,-0.0011149455094709992,0.002840094966813922,0.0008328247931785882,0.0026562188286334276,0.000621731043793261,0.0005533916992135346,4.6721979742869735e-05,-0.001789459609426558,0.0022902628406882286,0.0005062645068392158,0.0026569657493382692
BAC,11,2026-04-07 16:15:00+00:00,12:15,0.0026385828386992216,up,-0.007580602075904608,-0.00674373609945178,-0.008610967546701431,-0.006517825182527304,-0.005827948451042175,-0.0075711351819336414,-0.008156953379511833,-0.0056082396768033504,-0.0055863759480416775,-0.003860264318063855,-0.0026806958485394716,-0.0031409189105033875,-0.003271599533036351,-0.001646324759349227,-0.0008674415876157582,-0.0006996383308432996,-0.0005309294792823493,0.00334679102525115,0.002833345904946327,0.0001320076553383842,0.00032364556682296097,-0.0008790274150669575,-1.3022989151068032e-05,0.0034529748372733593,0.00293282070197165,0.0026385828386992216
AAPL,11,2026-04-07 16:15:00+00:00,12:15,0.0025337068364024162,up,-0.010377996601164341,-0.012618493288755417,-0.018150681629776955,-0.014859224669635296,-0.016096411272883415,-0.017809240147471428,-0.01654979959130287,-0.014959882944822311,-0.015540359541773796,-0.015921566635370255,-0.014021523296833038,-0.008990741334855556,-0.009329360909759998,-0.010433589108288288,-0.0077994344756007195,-0.00947181973606348,-0.008158891461789608,-0.007975710555911064,-0.007514352444559336,-0.007006314117461443,-0.011542937718331814,-0.013678304851055145,-0.00974259339272976,-0.004134875722229481,-0.004409479908645153,0.0025337068364024162
VLO,11,2026-04-07 16:15:00+00:00,12:15,0.002525130519643426,up,-0.001644121715798974,-0.005259593948721886,-0.006530946120619774,-0.0020382683724164963,-0.003459659870713949,-0.0051476918160915375,-0.006375609897077084,-0.004063132219016552,-0.0055434866808354855,0.0009951794054359198,0.004937365185469389,0.007448768708854914,0.0007748903008177876,0.001469900249503553,0.002237599343061447,0.0008644835907034576,0.0030148427467793226,0.003048415295779705,0.0014644904294982553,0.003149137832224369,-0.0017169421771541238,-0.00294673815369606,-0.00310044689103961,0.0045504081062972546,0.0021173807326704264,0.002525130519643426
FFIV,11,2026-04-07 16:15:00+00:00,12:15,0.002502152929082513,up,0.0014966391026973724,0.005623392295092344,0.004710772540420294,0.0040484219789505005,0.0051679909229278564,0.005215978715568781,0.004391619004309177,0.006068349815905094,0.0030465112067759037,0.0062877340242266655,0.00644184835255146,0.010642975568771362,0.008110357448458672,0.006767030339688063,0.006862520705908537,0.004099695943295956,0.006262124050408602,0.005398848559707403,0.005488972179591656,0.0032572285272181034,0.002119413809850812,0.0050544231198728085,-0.0008205748163163662,0.0029734442941844463,-0.00022893774439580739,0.002502152929082513
DVA,11,2026-04-07 16:15:00+00:00,12:15,0.002444193698465824,up,-0.002221796428784728,-0.0009603199432604015,-0.00017002967069856822,0.0018705171532928944,0.00327916257083416,0.0005547744804061949,-0.0020707868970930576,-0.0023434024769812822,-0.0024096532724797726,-0.002256387611851096,-0.0005286245723254979,0.001212395611219108,0.0011360310018062592,0.0012575419386848807,0.001037698588334024,-0.0003825887106359005,0.0016294774832203984,0.0018257061019539833,0.0012912933016195893,0.001126195420511067,-0.0004621338739525527,-0.002677018055692315,-0.002422808203846216,-0.00018719074432738125,-7.90234626038e-05,0.002444193698465824
MCHP,11,2026-04-07 16:15:00+00:00,12:15,0.00237472727894783,up,-0.011858725920319557,-0.008607153780758381,-0.01347227580845356,-0.009760770946741104,-0.008633190765976906,-0.006749431136995554,-0.012704524211585522,-0.009127705357968807,-0.011113124899566174,-0.009034940972924232,-0.005906590260565281,-0.005208857823163271,-0.0036930283531546593,-0.002694436814635992,-0.003479471430182457,-0.0038442835211753845,-0.0017793525476008654,-0.003953167703002691,-0.0060629332438111305,-0.005844549275934696,-0.005798581521958113,-0.006207751575857401,-0.005474851466715336,0.0020220496226102114,-0.0015338220400735736,0.00237472727894783
TMUS,11,2026-04-07 16:15:00+00:00,12:15,0.002334652468562126,up,0.00218665087595582,0.0036576001439243555,0.0035999231040477753,0.005793672986328602,0.0057164584286510944,0.0011112225474789739,0.004961161874234676,0.0040074619464576244,0.0010604850249364972,0.0007491394062526524,0.0035081191454082727,0.003764830296859145,0.0022919797338545322,0.0032801604829728603,0.0038421633653342724,0.002446291968226433,0.004709437023848295,0.004176754970103502,0.004292773548513651,0.004625936970114708,0.003599001793190837,0.0017397989286109805,0.001029511447995901,0.0036095839459449053,0.004608762450516224,0.002334652468562126
CAH,11,2026-04-07 16:15:00+00:00,12:15,0.0022879259195178747,up,-0.0018451232463121414,-0.0006452433299273252,-0.0019105360843241215,0.0005627280916087329,0.000920149206649512,-0.0007683270960114896,-0.003114017890766263,-0.0020829695276916027,-0.002345944754779339,-0.0010981790255755186,0.0011944664875045419,-0.00025665934663265944,-0.0008668836671859026,0.0009962866315618157,0.0011116510722786188,0.00023868029529694468,0.0034644256811589003,0.003672919003292918,0.00310748559422791,0.0017697064904496074,0.0007222777348943055,-0.001296926406212151,-0.0014751458074897528,0.0019213848281651735,0.0004594197089318186,0.0022879259195178747
TEL,11,2026-04-07 16:15:00+00:00,12:15,0.0020896412897855043,up,-0.005471796728670597,-0.004945490509271622,-0.006509445142000914,-0.004733049776405096,-0.0067364806309342384,-0.0071837082505226135,-0.008899025619029999,-0.008050179108977318,-0.007778942584991455,-0.007435521576553583,-0.0035541856195777655,-0.003368423553183675,-0.0027867783792316914,-0.0021834580693393946,-0.0017419232754036784,-0.0023432006128132343,-0.0009510957752354443,-0.000523627270013094,-0.00022056423767935485,-0.0016024707583710551,-0.0016093597514554858,-0.0027614375576376915,-0.0029574036598205566,0.0020091705955564976,3.226375702070072e-05,0.0020896412897855043
FSLR,11,2026-04-07 16:15:00+00:00,12:15,0.00205185916274786,up,-0.0021391368936747313,-0.002643404295668006,-0.002320970641449094,-0.0018072278471663594,-0.00359553680755198,-0.0060420287773013115,-0.010103640146553516,-0.007972880266606808,-0.010586248710751534,-0.00911652110517025,-0.00776128051802516,-0.0044335126876831055,-0.0035587758757174015,-0.005376905668526888,-0.007693791761994362,-0.008874913677573204,-0.005345462821424007,-0.006577403750270605,-0.00805452186614275,-0.007282777689397335,-0.009207034483551979,-0.012014174833893776,-0.007632240653038025,-0.0033821584656834602,-0.0017108835745602846,0.00205185916274786
VLTO,11,2026-04-07 16:15:00+00:00,12:15,0.002016565529629588,up,-0.0003906540514435619,0.0001357525761704892,-7.21592441550456e-05,0.0007513549644500017,0.003130868310108781,0.0026669406797736883,0.001371323480270803,0.0016239142278209329,0.0020293439738452435,0.0022354573011398315,0.003902970114722848,0.004270368255674839,0.003167220624163747,0.0032160321716219187,0.004443730693310499,0.0036146382335573435,0.0037818588316440582,0.003982766531407833,0.0024046103935688734,0.0028104556258767843,0.0030208714306354523,0.0024397459346801043,0.00122011115308851,0.0029114466160535812,0.0011264015920460224,0.002016565529629588
FANG,11,2026-04-07 16:15:00+00:00,12:15,0.001939902431331575,up,-0.0045094965025782585,-0.0065537081100046635,-0.00470780860632658,-0.0035385394003242254,-0.0018341168761253357,-0.002337157027795911,-0.004630012437701225,-0.0038240295834839344,-0.005002082325518131,-0.0033888863399624825,0.0016866280930116773,0.0009362745913676918,0.00087000522762537,-3.0205450457287952e-05,0.0014315847074612975,-0.0032905996777117252,0.0031481573823839426,0.002493815263733268,0.0019274780061095953,0.0020361405331641436,-5.6715089158387855e-05,-0.0015150600811466575,-0.002409879583865404,0.00286232796497643,0.0021983804181218147,0.001939902431331575
AVGO,11,2026-04-07 16:15:00+00:00,12:15,0.0019029726972803473,up,-0.015739815309643745,-0.03146263211965561,-0.03653902933001518,-0.028997773304581642,-0.032339006662368774,-0.03630594164133072,-0.03208424523472786,-0.02889414317905903,-0.02946414239704609,-0.023484738543629646,-0.018312200903892517,-0.015885962173342705,-0.008525209501385689,-0.002747597638517618,-0.0014081815024837852,-0.009697780013084412,-0.0011830456787720323,-0.0012892280938103795,-0.0036282027140259743,-0.004662088584154844,-0.005900105461478233,-0.01297265850007534,-0.01639946736395359,-0.010839392431080341,-0.008520922623574734,0.0019029726972803473
MTB,11,2026-04-07 16:15:00+00:00,12:15,0.0019026481313630939,up,-0.00218461942858994,0.0006390723865479231,0.0006628416595049202,0.0022608700674027205,0.002467889105901122,0.0012745497515425086,-8.221148164011538e-05,9.735748608363792e-05,0.00010106674744747579,0.0008602316374890506,0.002670090412721038,0.0018119178712368011,0.00198463280685246,0.0027023120783269405,0.0019372053211554885,0.0012530249077826738,0.00379835139028728,0.0024689326528459787,0.0018419369589537382,0.0018927548080682755,0.0016140334773808718,-0.0005348860286176205,-0.00020760149345733225,0.0033631015103310347,0.0024004746228456497,0.0019026481313630939
ESS,11,2026-04-07 16:15:00+00:00,12:15,0.0018939045257866383,up,-0.0031181403901427984,0.0009984222706407309,0.0011222009779885411,0.0036902527790516615,0.005261862184852362,0.0041292025707662106,0.0011874109040945768,0.002210073871538043,0.004566111136227846,0.0032446032855659723,0.006655954290181398,0.006710592191666365,0.005504485219717026,0.005187396425753832,0.0060190558433532715,0.005586729850620031,0.00550488755106926,0.005261653568595648,0.004751472268253565,0.00554795702919364,0.004146918188780546,0.0034725209698081017,0.0013487418182194233,0.0030617997981607914,0.0010818010196089745,0.0018939045257866383
IFF,11,2026-04-07 16:15:00+00:00,12:15,0.0018685210961848497,up,0.002042632782831788,0.010396277531981468,0.0025467746891081333,0.00837827567011118,0.0026028065476566553,-0.0027877865359187126,-0.004653653129935265,-0.001559803611598909,-0.00514848530292511,-0.006450369954109192,-0.0032732426188886166,-0.0023568840697407722,0.0025965196546167135,0.001302930642850697,0.0004918928607366979,0.0005766184767708182,-0.0004854398430325091,-0.0003423031303100288,-0.002797868102788925,-0.0014638225547969341,-0.0009024810278788209,0.0003033402026630938,-0.0019734252709895372,0.0013591782189905643,-0.00254034879617393,0.0018685210961848497
ADI,11,2026-04-07 16:15:00+00:00,12:15,0.001859176903963089,up,-0.003071295330300927,-0.004449449013918638,-0.007870500907301903,-0.003551516681909561,-0.0035319181624799967,-0.0058619300834834576,-0.005452357232570648,-0.004994629882276058,-0.007266541477292776,-0.00529749458655715,-0.0028504771180450916,-0.0024836028460413218,-0.0029270106460899115,-0.0017079359386116266,-0.0017649881774559617,-0.00449424609541893,-0.003004802390933037,-0.002703492995351553,-0.0030080382712185383,-0.003356518456712365,-0.0029115676879882812,-0.005314348265528679,-0.005731940735131502,-0.0031754940282553434,-0.004147391300648451,0.001859176903963089
EIX,11,2026-04-07 16:15:00+00:00,12:15,0.0018169452669098973,up,-0.00019856680592056364,0.00143006956204772,0.0006849311757832766,0.0011031305184587836,0.0005995002575218678,-0.00274577341042459,-0.0014431953895837069,0.0015492093516513705,-0.0027904624585062265,-2.5539415219100192e-05,0.004952544812113047,-0.0017673121765255928,0.001836494542658329,0.0017497321823611856,0.0010114822071045637,0.0010026583913713694,0.0024453718215227127,-0.00522735808044672,0.0007681384449824691,0.0006094789132475853,0.0016353600658476353,-0.005283416248857975,-0.0037967783864587545,-0.0018473815871402621,-0.0020980716217309237,0.0018169452669098973
COST,11,2026-04-07 16:15:00+00:00,12:15,0.0017952029593288898,up,-0.005474005360156298,-0.004332031589001417,-0.004094251431524754,-0.000800023612100631,0.00225046556442976,-0.0001112610480049625,-0.0005992053775116801,-0.0021385126747190952,-0.002869404386729002,-0.0025941438507288694,0.0002720784686971456,-4.66072051494848e-05,7.17556758900173e-05,-0.0007985738920979202,-0.00142010860145092,-0.0011083439458161592,-0.0021235630847513676,-0.002010709373280406,-0.0012011976214125752,-0.0014439753722399473,-0.0004600854590535164,-0.0028895167633891106,-0.005004954058676958,-0.001352881547063589,-0.0012380965054035187,0.0017952029593288898
ATO,11,2026-04-07 16:15:00+00:00,12:15,0.0017612498486414552,up,-0.001983997179195285,0.0010891725542023778,-0.00020824314560741186,0.002574772806838155,0.0035630043130367994,0.002097931457683444,-0.0013636751100420952,9.669952123658732e-05,0.0018784336280077696,-0.00027560582384467125,0.0015480292495340109,0.002579662250354886,0.0019445893121883273,0.0017151706852018833,0.0024666960816830397,0.0020181750878691673,0.004024965688586235,0.0030250255949795246,0.002517782850190997,0.002193454187363386,0.0011253232369199395,-0.0015027752378955483,-0.0019237404922023416,0.0002473052009008825,0.0013901799684390426,0.0017612498486414552
AJG,11,2026-04-07 16:15:00+00:00,12:15,0.0016863648779690266,up,-0.004760072100907564,-0.0020624548196792603,-0.0037247734144330025,-0.0017075100913643837,-0.003063265001401305,-0.003882361575961113,-0.006230851169675589,-0.004988695960491896,-0.006450628861784935,-0.005497181322425604,-0.0034831364173442125,-0.002023690612986684,-0.0024128169752657413,6.38333658571355e-05,-0.0020871772430837154,-0.0022056917659938335,-0.0012937046121805906,-0.0018258392810821533,-0.0019908593967556953,-0.002598156686872244,-0.0028819742146879435,-0.005313125438988209,-0.0034286007285118103,0.0011486246949061751,-0.0004523041134234518,0.0016863648779690266
FCX,11,2026-04-07 16:15:00+00:00,12:15,0.0016797191929072142,up,-0.011887085624039173,-0.011015934869647026,-0.01641574129462242,-0.007726509589701891,-0.012294512242078781,-0.01131229568272829,-0.018901096656918526,-0.01065856870263815,-0.01553582213819027,-0.010812762193381786,-0.009459065273404121,-0.008525867946445942,-0.007963261567056179,-0.0063209133222699165,-0.0035000741481781006,-0.004394382704049349,-0.0032232175581157207,-0.002376481192186475,-0.002367180772125721,-0.005883777514100075,-0.005165118258446455,-0.008722874335944653,-0.007723451592028141,-0.00024355613277293742,-0.003644120180979371,0.0016797191929072142
SWKS,11,2026-04-07 16:15:00+00:00,12:15,0.0016737704863771796,up,-0.0038326892536133528,0.0013612571638077497,-0.005639944691210985,-0.002858829917386174,-0.007975777611136436,-0.009431197308003902,-0.014978504739701748,-0.011179331690073013,-0.008357714861631393,-0.012776505202054977,-0.009937122464179993,-0.0066250222735106945,-0.0007743406458757818,-0.0024539551232010126,-0.0015864134766161442,-0.002791519043967128,-0.0013185037532821298,-0.003362009534612298,-0.0037404424510896206,-0.006893889047205448,-0.00627123424783349,-0.010439825244247913,-0.009306520223617554,-0.002366185188293457,-0.0030098052229732275,0.0016737704863771796
PEG,11,2026-04-07 16:15:00+00:00,12:15,0.0016674265498295426,up,-0.00045236176811158657,0.00038910817238502204,-0.0008312889258377254,0.0006095279240980744,0.0031123978551477194,0.0012158234603703022,-0.0003563086502254009,-0.0009019979042932391,0.0008180310251191258,0.0004651188210118562,0.0020950769539922476,0.001687564654275775,0.002381909405812621,0.002445911057293415,0.0016225685831159353,0.0011758286273106933,0.002607364673167467,0.0012234289897605777,0.001992685254663229,0.002433991525322199,0.0023219797294586897,0.0005760645144619048,-0.0008214288973249495,0.0019391964888200164,8.929122122935951e-05,0.0016674265498295426
CSX,11,2026-04-07 16:15:00+00:00,12:15,0.0016549730207771063,up,-0.0010584238916635513,0.00044872958096675575,-0.001007267739623785,0.0009113874402828515,0.002009875839576125,0.00029895995976403356,-0.0009848912013694644,-0.0014582638395950198,-0.00215105595998466,-0.0031075540464371443,0.00021650562121067196,-0.0028056236915290356,-0.002071133116260171,-0.002124051097780466,0.0009249745053239167,0.0010626190342009068,-0.0015576425939798355,-5.388075805967674e-06,0.0005281840567477047,0.0011728921672329307,0.0012150249676778913,0.002649483038112521,0.0005439220694825053,0.002398950979113579,0.0024942802265286446,0.0016549730207771063
HAS,11,2026-04-07 16:15:00+00:00,12:15,0.001645814161747694,up,0.0009870096109807491,0.0030094352550804615,5.766170215792954e-05,0.002874477533623576,0.0007188317249529064,-0.0007132257451303303,-0.0063367001712322235,-0.005496809259057045,-0.005094940308481455,-0.0051883673295378685,-0.003942863550037146,-0.0018385454313829541,-0.002479198155924678,-0.0013708199840039015,-0.0006980012985877693,-0.0004193235363345593,0.0012298759538680315,0.0017302926862612367,-0.0007796028512530029,0.0014491805341094732,0.0009599443292245269,-0.0008758957264944911,-0.0008554771193303168,0.0011310904519632459,-0.0008506018202751875,0.001645814161747694
COP,11,2026-04-07 16:15:00+00:00,12:15,0.0016003871569409966,up,0.0016895533772185445,0.00951205100864172,0.005375100765377283,0.004594884347170591,0.0052391719073057175,0.006793295498937368,0.005015683360397816,0.0013976420741528273,-0.0007487015100196004,-0.0015772668411955237,0.0013277760008350015,-0.0016563280951231718,-0.0012390934862196445,-0.002126672537997365,-0.0004138055082876235,-0.0007560955127701163,-0.001834210124798119,-0.0009165742085315287,0.002085712505504489,0.0017968500033020973,-0.0006606628303416073,-0.0013663138961419463,-0.0015032485825940967,0.0031077011954039335,0.0018738768994808197,0.0016003871569409966
VTR,11,2026-04-07 16:15:00+00:00,12:15,0.0015438817208632827,up,-0.0030261927749961615,-0.0007770308293402195,-0.0018968484364449978,0.00018872131477110088,0.002442528959363699,-3.000025390065275e-05,-0.0006417987169697881,-0.0016998829087242484,-0.0007688960176892579,-0.0012883865274488926,0.0019116824259981513,0.002245652722194791,0.0016389804659411311,0.0008143990999087691,0.0005533771472983062,0.0004991677706129849,0.0012996456352993846,0.000936301308684051,0.0010890266858041286,0.0024395128712058067,0.000728219689335674,-0.0019294550875201821,-0.0018769894959405065,2.4630091502331197e-05,-0.00041437253821641207,0.0015438817208632827
APD,11,2026-04-07 16:15:00+00:00,12:15,0.001538551994599402,up,-0.002634755102917552,-0.0010617839870974422,-0.00018824652943294495,0.001960629830136895,0.003205775050446391,0.0004504381795413792,-0.001787886256352067,-0.0019317243713885546,-0.0029017808847129345,-0.006399746984243393,-0.0036080495920032263,-0.0027788395527750254,-0.0023061304818838835,-0.0016132504679262638,-0.001784313004463911,-0.002438125666230917,3.699181252159178e-05,-0.0006636603502556682,-0.0011533864308148623,9.655594476498663e-05,-0.0006609417032450438,-0.0016937851905822754,-0.0037829240318387747,-0.0022700156550854445,-0.0036532562226057053,0.001538551994599402
OTIS,11,2026-04-07 16:15:00+00:00,12:15,0.001516989548690617,up,0.0003707291034515947,0.0022512413561344147,0.0001956535124918446,0.0018121165921911597,0.0023436860647052526,0.00040434033144265413,-0.003680697875097394,-0.00014194838877301663,0.0007904443191364408,0.0021744701080024242,0.0036631959956139326,0.00525775458663702,0.004771295003592968,0.005700044799596071,0.00453597865998745,0.00393824465572834,0.0053331283852458,0.004479761701077223,0.004344096407294273,0.0030989646911621094,0.0021473655942827463,0.0007108392310328782,0.00042410174501128495,0.002997700124979019,0.00014133434160612524,0.001516989548690617
DTE,11,2026-04-07 16:15:00+00:00,12:15,0.001492203096859157,up,8.852127939462662e-05,0.0032546736765652895,0.0003941359173040837,0.0036185781937092543,0.005768957547843456,0.0037607401609420776,0.0011550418566912413,0.00210011750459671,0.003951301798224449,0.0013105490943416953,0.003404275281354785,0.0036609708331525326,0.00376354088075459,0.0030971018131822348,0.003580755088478327,0.0026229743380099535,0.0036603205371648073,0.003616080153733492,0.002918557496741414,0.0029096314683556557,0.0023953428026288748,-0.00021442942670546472,-0.0006561912014149129,0.0021624313667416573,0.0027510342188179493,0.001492203096859157
GEHC,11,2026-04-07 16:15:00+00:00,12:15,0.0014888453297317028,up,-0.008940879255533218,-0.006057890597730875,-0.011488786898553371,-0.008673390373587608,-0.010299745947122574,-0.010949072428047657,-0.016981104388833046,-0.014255759306252003,-0.015293517149984837,-0.0157062578946352,-0.015489296056330204,-0.012223542667925358,-0.007574048824608326,-0.004904594738036394,-0.0060538481920957565,-0.00765940360724926,-0.0035379421897232533,-0.0013876832090318203,-0.004360742401331663,-0.0032794370781630278,-0.005626525264233351,-0.006334896665066481,-0.005016731563955545,-0.001570912660099566,-0.0036195458378642797,0.0014888453297317028
TRGP,11,2026-04-07 16:15:00+00:00,12:15,0.0014692336553707719,up,-0.0003028224455192685,-0.001807378139346838,-0.004697303753346205,-0.00010426084918435663,-0.0015395759837701917,-0.0011873586336150765,6.728745211148635e-05,0.0022066161036491394,0.000967064406722784,0.0027433151844888926,0.01015301700681448,0.010165552608668804,0.006785045377910137,0.008229144848883152,0.007021886296570301,0.007659318391233683,0.008682914078235626,0.008566135540604591,0.009087787009775639,0.010429668240249157,0.0075776283629238605,0.006214868277311325,0.0032937999349087477,0.008404446765780449,0.002982903504744172,0.0014692336553707719
PHM,11,2026-04-07 16:15:00+00:00,12:15,0.0014665419002994895,up,-0.0017165015451610088,-0.00012705304834526032,-0.0025300115812569857,0.001807466964237392,0.0005476567894220352,-0.0022108852863311768,-0.005925028119236231,-0.0039727953262627125,-0.0038707333151251078,-0.005608194041997194,-0.003257675329223275,-0.0011170126963406801,0.0015881506260484457,0.0014534179354086518,0.0004341556632425636,0.0019704410806298256,0.003707283642143011,0.0036268022377043962,0.0029406289104372263,0.0004275721439626068,0.0014591128565371037,-0.0001876392198028043,-0.0021770079620182514,0.0007935079047456384,-0.003042154014110565,0.0014665419002994895
NUE,11,2026-04-07 16:15:00+00:00,12:15,0.00141997542232275,up,-0.006750686094164848,-0.005070658400654793,-0.008822029456496239,-0.004825020674616098,-0.004258203785866499,-0.006863826885819435,-0.009399371221661568,-0.006920661777257919,-0.0060582710430026054,-0.005013973452150822,-0.0006782733835279942,0.00038228186895139515,0.0009326690924353898,0.0013947756960988045,0.0007516832556575537,-0.0005823248066008091,0.001122857560403645,0.0031010813545435667,-0.0005822807434014976,0.00044851412530988455,-0.00158320227637887,-0.0043818275444209576,-0.005222366191446781,-0.0001033575608744286,-0.002440868178382516,0.00141997542232275
TROW,11,2026-04-07 16:15:00+00:00,12:15,0.0014196851989254355,up,-0.004285401664674282,-0.0008589345961809158,-0.0049685160629451275,-0.003027769038453698,-0.004529035184532404,-0.005182198714464903,-0.01203068532049656,-0.010166493244469166,-0.010088789276778698,-0.010830804705619812,-0.009500286541879177,-0.009165648370981216,-0.0071184043772518635,-0.004981759004294872,-0.005960160866379738,-0.0051430994644761086,-0.00166851538233459,-0.002280116081237793,-0.000526248652022332,-0.0011038286611437798,-0.0005106549360789359,-0.0016892736312001944,-0.0034178958740085363,0.0015460732392966747,0.0008852251921780407,0.0014196851989254355
UBER,11,2026-04-07 16:15:00+00:00,12:15,0.00141258561052382,up,0.01121907401829958,0.015248341485857964,0.010631125420331955,0.011736216023564339,0.005154851358383894,-0.0004961559898220003,-0.005037221591919661,-0.0014177869306877255,-0.005764606408774853,-0.0039455401711165905,-0.001843776903115213,0.0006555683794431388,0.002834100043401122,0.0032801476772874594,0.002943596802651882,0.001903530559502542,0.005592272616922855,0.004664805717766285,0.0008929269388318062,0.0020357780158519745,0.002217943547293544,2.514668449293822e-05,-0.00013731917715631425,0.0037343588192015886,0.0011061022523790598,0.00141258561052382
REG,11,2026-04-07 16:15:00+00:00,12:15,0.001391888945363462,up,-0.002842229325324297,0.0005179967847652733,-0.0010206695878878236,0.0012375361984595656,0.003251186339184642,-0.00032212064252234995,-0.0025192571338266134,-0.002267682459205389,-0.000972426263615489,-0.0015284053515642881,0.0009472522069700062,0.0013970260042697191,0.0004312134988140315,0.0007353679393418133,0.0009457680280320346,0.0010830463143065572,0.0025178315117955208,0.001296333852224052,0.001918894238770008,0.002191529842093587,0.000668681284878403,-0.0020026564598083496,-0.0020537953823804855,0.0005339877097867429,5.5325413995888084e-05,0.001391888945363462
VTRS,11,2026-04-07 16:15:00+00:00,12:15,0.0013742882292717695,up,-0.0070843822322785854,0.00203035119920969,0.0009045852348208427,0.0012769050663337111,-0.003700836095958948,-0.0023305360227823257,-0.003648379584774375,-0.003760136663913727,-0.0025701280683279037,-0.0013092944864183664,0.0020122982095927,0.00146948779001832,0.002618513535708189,0.004000313580036163,0.0022085774689912796,0.003033274784684181,0.004345586523413658,0.003820749931037426,0.0009081949247047305,0.002838889602571726,0.002099123550578952,0.0003995390434283763,-0.0005527317407540977,0.005184900015592575,0.0008814425673335791,0.0013742882292717695
NVDA,11,2026-04-07 16:15:00+00:00,12:15,0.0013276765821501613,up,-0.008418368175625801,-0.012653136625885963,-0.019861243665218353,-0.014857029542326927,-0.016340794041752815,-0.01907826028764248,-0.016259822994470596,-0.011695627123117447,-0.011330469511449337,-0.00859305914491415,-0.004740679170936346,-0.006364436820149422,-0.007728352211415768,-0.007335291244089603,-0.006434798240661621,-0.005695311352610588,-0.006087081041187048,-0.005373944528400898,-0.008444445207715034,-0.008139356970787048,-0.009860764257609844,-0.011116246692836285,-0.00943729281425476,-0.004537816625088453,-0.0016260066768154502,0.0013276765821501613
LYB,11,2026-04-07 16:15:00+00:00,12:15,0.0013151869643479586,up,0.005807116162031889,0.016214219853281975,0.011455344036221504,0.015346480533480644,0.011072282679378986,0.010815003886818886,0.003716624341905117,0.009740447625517845,0.004678622353821993,0.005512256175279617,0.006880617700517178,0.005192296579480171,0.004549991339445114,0.006861248519271612,0.008125413209199905,0.009038712829351425,0.0021579854656010866,0.0001430193951819092,0.002495518885552883,-0.0011720148613676429,8.243930642493069e-05,-0.0006123765488155186,0.0004643334250431508,0.0036621030885726213,0.00011736658052541316,0.0013151869643479586
HCA,11,2026-04-07 16:15:00+00:00,12:15,0.0013014941941946745,up,-0.003899938892573118,-0.0025814203545451164,-0.002949692076072097,-0.0007844797801226377,-0.0025469872634857893,-0.0017663516337051988,-0.004571110010147095,-0.0036387478467077017,-0.004338607657700777,-0.0018980390159413218,0.0005681790062226355,0.0024846389424055815,0.002328050322830677,0.002021397929638624,0.002900263760238886,0.00127225776668638,0.003908231854438782,0.0055482108145952225,0.004091775044798851,0.0031266282312572002,0.00031956855673342943,-0.0009350531036034226,-0.0017314442666247487,0.0006595984450541437,-0.0004731110529974103,0.0013014941941946745
IBM,11,2026-04-07 16:15:00+00:00,12:15,0.0012761782854795456,up,-0.004048879723995924,-0.0024482060689479113,-0.004923993721604347,-0.003120208391919732,-0.0026692915707826614,-0.003937885630875826,-0.004701670724898577,-0.0021615943405777216,-0.0037885932251811028,-0.003192857140675187,-0.0027699109632521868,-0.00045062729623168707,-0.0013940639328211546,-0.0008185390615835786,-0.0014827495906502008,-0.001243253005668521,0.0007643928984180093,-0.0008312857826240361,-0.00023955183860380203,-0.0004809687670785934,-0.0018690424039959908,-0.001122786896303296,-0.00029475666815415025,0.0025270411279052496,-0.0001858200557762757,0.0012761782854795456
PH,11,2026-04-07 16:15:00+00:00,12:15,0.0012158660683780909,up,-0.005763205233961344,-0.004597597289830446,-0.006090602837502956,-0.0009731275495141745,-0.0013589472509920597,-0.003957929089665413,-0.005006739869713783,-0.0037913434207439423,-0.006091820541769266,-0.003683555405586958,-0.0016850157408043742,-0.00039063324220478535,0.0006693141767755151,0.0005246060900390148,-0.0012422759318724275,-0.002365967258810997,0.0010959720239043236,0.0005182272288948298,-0.0010759393917396665,-0.0013870684197172523,-0.0015919663710519671,-0.0028867414221167564,-0.0045274109579622746,-0.0015741270035505295,-0.0034574614837765694,0.0012158660683780909
BDX,11,2026-04-07 16:15:00+00:00,12:15,0.001209953217767179,up,-0.002184177516028285,-0.0017043688567355275,-0.00309777376241982,-0.00037947166129015386,0.0019509447738528252,-0.0011716234730556607,-0.0035910687875002623,-0.003012659028172493,-0.0017447404097765684,-0.0010344547918066382,0.0009978822199627757,0.0005186983617022634,-0.0007117136265151203,0.001205737004056573,0.00046237450442276895,-0.0013680040137842298,0.0004667786997742951,-0.0007652490749023855,0.0003921988245565444,-0.000184530857950449,-0.0006492587272077799,-0.0027733086608350277,-0.000984426005743444,0.001722922781482339,-0.00022887220256961882,0.001209953217767179
COHR,11,2026-04-07 16:15:00+00:00,12:15,0.00119297718629241,up,-0.009525570087134838,-0.010225357487797737,-0.015463875606656075,-0.010426254943013191,-0.012027854099869728,-0.015232707373797894,-0.01639407128095627,-0.012315521948039532,-0.010913299396634102,-0.006904595997184515,0.0014310041442513466,0.0025972542352974415,-0.0015624152729287744,-0.0020599262788891792,-0.0019367648055776954,-0.00039190473034977913,-0.002052311087027192,-0.0038759608287364244,-0.004691187757998705,-0.005186169408261776,-0.007317027542740107,-0.01024441048502922,-0.010102027095854282,-0.008313789963722229,-0.006246562581509352,0.00119297718629241
TSLA,11,2026-04-07 16:15:00+00:00,12:15,0.001179837854579091,up,-0.014192331582307816,-0.020229443907737732,-0.027947265654802322,-0.023175647482275963,-0.02457568794488907,-0.027957340702414513,-0.026319706812500954,-0.025024576112627983,-0.02590758353471756,-0.025376684963703156,-0.02409006468951702,-0.019084982573986053,-0.016098132357001305,-0.015865622088313103,-0.014582068659365177,-0.015572099946439266,-0.014910051599144936,-0.01244750153273344,-0.013332136906683445,-0.011599528603255749,-0.01775626465678215,-0.02191256172955036,-0.022109488025307655,-0.016245950013399124,-0.012170752510428429,0.001179837854579091
AES,11,2026-04-07 16:15:00+00:00,12:15,0.0011741825146600604,up,0.0005011138273403049,0.0011169271310791373,0.001343117211945355,0.0005624651676043868,0.001462348853237927,0.001598054775968194,0.0010109894210472703,-0.00019330045324750245,-0.00034156942274421453,0.00011490136239444837,0.0020368138793855906,0.002011653734371066,0.002205262891948223,0.001428967691026628,0.0018826122395694256,0.0010781316086649895,0.00222820439375937,0.0019222547998651862,0.0016401404282078147,0.0017993433866649866,0.002005187561735511,0.00013017377932555974,0.00021518953144550323,0.002172591397538781,0.0003825303865596652,0.0011741825146600604
DAL,11,2026-04-07 16:15:00+00:00,12:15,0.0011633046669885516,up,-0.0020807383116334677,-0.0005776476464234293,-0.0025223621632903814,0.0007748374482616782,-0.004882077220827341,-0.003916401416063309,-0.0071486178785562515,-0.0006263279938139021,-0.005798681639134884,-0.00424298457801342,-0.0031380527652800083,-0.0018587039085105062,-3.306875441921875e-05,0.002313489094376564,0.004438758362084627,0.003129617776721716,0.0016919944901019335,0.001160445623099804,0.0018027924234047532,0.0005249754176475108,-0.00014510590699501336,-0.0020020916126668453,-0.0007216934463940561,0.0033896304666996002,0.001822451245971024,0.0011633046669885516
TFC,11,2026-04-07 16:15:00+00:00,12:15,0.001117248204536736,up,-0.003247119951993227,-0.0008542028372175992,-0.0023229841608554125,-0.0003208082925993949,-0.00020124790898989886,-0.00021894366363994777,-0.0010958075290545821,-6.76744821248576e-05,9.164576476905495e-05,-8.478366362396628e-05,0.0017868370050564408,0.0013917754404246807,0.00037205457920208573,0.0012551858089864254,0.0016112192533910275,0.0012728504370898008,0.001540259225293994,0.002324691042304039,-0.00026947262813337147,0.000802899245172739,0.0015040966682136059,0.00031764738378115,0.0013887161621823907,0.0033147945068776608,0.0013452516868710518,0.001117248204536736
EA,11,2026-04-07 16:15:00+00:00,12:15,0.0010715506505221128,up,-0.002781627932563424,-0.0035579376854002476,-0.0021090973168611526,-0.0005697477026842535,0.0018240006174892187,0.0002608475333545357,-0.0012524271151050925,-0.002892596647143364,-0.0029057555366307497,-0.0007197433733381331,0.000273301440756768,-0.00025799518334679306,3.47875538864173e-05,6.0937167290830985e-05,0.00019348383648321033,0.00038208108162507415,0.0014259937452152371,0.0016713676741346717,0.0017444371478632092,0.0020387424156069756,0.0008237780421040952,-0.0005584126338362694,-0.0012122562620788813,-0.0009519095183350146,-0.0008055428043007851,0.0010715506505221128
PYPL,11,2026-04-07 16:15:00+00:00,12:15,0.0010558824287727475,up,-0.0012985281646251678,0.0006517668953165412,-0.001097627216950059,0.004016171675175428,-0.0021984605118632317,-0.0033035343512892723,-0.005079725291579962,-0.001867480925284326,-0.0031184451654553413,-0.001285724574699998,0.0007585019338876009,0.0007381279719993472,0.00036282881046645343,0.0021674458403140306,0.003147972747683525,0.0009625096572563052,0.00258452445268631,8.88134163687937e-05,0.0003166940587107092,-7.771635137032717e-05,-0.0005538390832953155,-0.0041388957761228085,-0.002474327338859439,-8.282409544335678e-05,-5.347797923604958e-05,0.0010558824287727475
AXP,11,2026-04-07 16:15:00+00:00,12:15,0.0010131599847227335,up,0.000680681667290628,0.0008498812676407397,-0.001549032866023481,0.0021030474454164505,6.419289275072515e-05,-0.0008287250529974699,-0.0024809713941067457,-0.0022412347607314587,-0.0020561860874295235,-0.002597639337182045,9.200556814903393e-05,-0.00023232241801451892,0.001883640536107123,0.00015794076898600906,-9.38212760956958e-05,-0.0023545334115624428,0.0012807220919057727,-0.001641875016503036,-0.001175082754343748,-0.002669988665729761,-0.001968936761841178,-0.005074740387499332,-0.004896907601505518,7.353016826527892e-06,-0.002499866997823119,0.0010131599847227335
COR,11,2026-04-07 16:15:00+00:00,12:15,0.0010041164932772517,up,-0.0036922108847647905,-0.0015284311957657337,-0.0024550624657422304,-0.0004685590392909944,0.0008423951803706586,-0.00198352406732738,-0.003192698583006859,-0.00304307765327394,-0.003415643470361829,-0.002449458697810769,-0.0018686758121475577,-0.0002035464276559651,-0.0012039430439472198,-0.00016640144167467952,0.00012980957399122417,-0.0014944096328690648,-0.0001485735847381875,0.0002925646840594709,-0.0003702365211211145,0.00015140176401473582,-0.000773677951656282,-0.001965435454621911,-0.003814784111455083,-0.0011455881176516414,-0.002908803056925535,0.0010041164932772517
FOX,11,2026-04-07 16:15:00+00:00,12:15,0.0008501714910380542,up,-0.005813090596348047,-0.0034322869032621384,-0.0041883718222379684,-0.0008171158260665834,-0.0034110976848751307,-0.006390074733644724,-0.008062256500124931,-0.008354736492037773,-0.005088097415864468,-0.004632963333278894,-0.0028734696097671986,-0.00029131374321877956,0.0006754442001692951,-0.00022758687555324286,0.00027646173839457333,-0.00037587471888400614,0.0020794407464563847,0.0008558370755054057,-0.0011218569707125425,0.001071062171831727,0.0006498318980447948,-0.0024159830063581467,-0.0022636973299086094,0.001361128524877131,6.226483674254268e-05,0.0008501714910380542
MS,11,2026-04-07 16:15:00+00:00,12:15,0.000803088303655386,up,-0.004303211346268654,-0.0011007369030267,-0.004428209271281958,-0.000513601815328002,-0.0019379970617592335,-0.0031506067607551813,-0.008633919060230255,-0.0031499238684773445,-0.006071257404983044,-0.005989412777125835,0.0005615937407128513,0.0012635906459763646,0.0025630907621234655,0.0023081840481609106,0.001641164650209248,-8.844020339893177e-05,0.0018901285948231816,0.002079382771626115,0.0015283869579434395,0.0013893983559682965,-0.00016111115110106766,-0.002717563882470131,-0.0008883136906661093,0.0033808855805546045,0.0021488345228135586,0.000803088303655386
WTW,11,2026-04-07 16:15:00+00:00,12:15,0.0008010456804186106,up,0.003653572406619787,0.005144117400050163,0.0053384085185825825,0.0051788827404379845,0.006251209415495396,0.004984717350453138,0.002794527681544423,0.002715605078265071,0.002623890759423375,-0.0014395411126315594,0.001807430642656982,0.0024216100573539734,0.0026278342120349407,0.002893812255933881,0.0016087397234514356,0.0002382891980232671,0.0028905512299388647,0.0014027872821316123,0.0021620846819132566,0.0015755470376461744,0.0008704382344149053,-0.0010348521173000336,-0.002491735853254795,0.0012491766829043627,0.0010288956109434366,0.0008010456804186106
CI,11,2026-04-07 16:15:00+00:00,12:15,0.0007838125457055867,up,-0.0009686029516160488,-0.002489319536834955,-0.00325585319660604,-0.001377976150251925,-0.0019586412236094475,-0.003822134807705879,-0.009595387615263462,-0.006668212357908487,-0.00932308193296194,-0.008471010252833366,-0.005113080609589815,-0.001252629328519106,-0.001996525563299656,-0.0024431718047708273,-0.004546705633401871,-0.003755551530048251,0.0013797188876196742,-0.001809538807719946,-0.0021973566617816687,-0.0032570096664130688,-0.003827575361356139,-0.007188649382442236,-0.004743348807096481,0.0013178586959838867,-0.004099870566278696,0.0007838125457055867
BG,11,2026-04-07 16:15:00+00:00,12:15,0.0007475630845874548,up,-0.001589412335306406,-0.0017901482060551643,-0.0024884426966309547,0.0005764536326751113,0.0011169519275426865,-0.0004909715498797596,-0.0017362312646582723,-0.0009247148991562426,0.000710156571585685,-0.0018533619586378336,-0.0008745099767111242,0.0004470320709515363,-0.0006485229241661727,-0.00253489357419312,-0.0008846177370287478,-0.0026435803156346083,-0.0016837641596794128,-0.0013391799293458462,-0.0020524451974779367,-0.001140940934419632,-0.0025091117713600397,-0.004448865074664354,-0.0038111386820673943,-0.0017999117262661457,-0.0010652901837602258,0.0007475630845874548
AME,11,2026-04-07 16:15:00+00:00,12:15,0.0006909123621881008,up,-0.002785020275041461,-0.0009940105956047773,-0.0015583401545882225,-6.16172983427532e-05,-0.00024969864170998335,-0.0019616466015577316,-0.0037129067350178957,-0.003073015483096242,-0.0033297683112323284,-0.0033244166988879442,-0.000829345837701112,-0.00040144502418115735,4.420518962433562e-05,-0.00027452263748273253,-0.001014147186651826,-0.0019124248065054417,0.0009833371732383966,-0.0006905125919729471,-0.0005899471580050886,-0.0013900093035772443,-0.0011658200528472662,-0.003973474260419607,-0.004066013265401125,-0.0003317930968478322,-0.002592863282188773,0.0006909123621881008
CRM,11,2026-04-07 16:15:00+00:00,12:15,0.0006890134536661208,up,0.0005630477098748088,0.00031016775756143034,-0.004148584790527821,0.0007785132038407028,-0.000997818191535771,-0.00342273130081594,-0.00449123652651906,-0.0023396092001348734,-0.004181625787168741,-0.006442766636610031,-0.0016747009940445423,0.002222139621153474,0.004254729952663183,0.002054357435554266,0.0007974088657647371,-0.000718732422683388,0.0029137141536921263,0.0027075919788330793,3.4766308090183884e-05,-0.00178658333607018,-0.0011133229127153754,-0.003803420579060912,-0.0013127359561622143,0.0021914434619247913,0.002226287964731455,0.0006890134536661208
VMC,11,2026-04-07 16:15:00+00:00,12:15,0.0005918647511862218,up,-0.002282871399074793,-0.00404962245374918,-0.006203958299010992,-0.005555450450628996,-0.005194827914237976,-0.008181478828191757,-0.013214534148573875,-0.009486857801675797,-0.01112433709204197,-0.012010827660560608,-0.008551563136279583,-0.005209645722061396,-0.004352984018623829,-0.005798198748379946,-0.008394360542297363,-0.0076745948754251,-0.0043054805137217045,-0.004811179358512163,-0.004781425464898348,-0.007648133672773838,-0.007554763928055763,-0.01206744834780693,-0.00863280426710844,-0.004832688253372908,-0.0045539443381130695,0.0005918647511862218
ULTA,11,2026-04-07 16:15:00+00:00,12:15,0.0005112744402140379,up,-0.0037509319372475147,-0.0019334902754053473,-0.0033890933264046907,-0.0001166842776001431,0.00021922015002928674,-0.001181555911898613,-0.002367852721363306,-0.0024646171368658543,-0.005578126758337021,-0.003444066969677806,-0.0024860145058482885,-0.001321036834269762,-0.0025442701298743486,-0.0021545167546719313,-0.0019947243854403496,-0.0032133508939296007,-0.002213391475379467,-0.0029585983138531446,-0.003166850423440337,-0.003858486656099558,-0.004604777321219444,-0.006668426562100649,-0.00637547392398119,-0.004453267902135849,-0.0039987643249332905,0.0005112744402140379
GDDY,11,2026-04-07 16:15:00+00:00,12:15,0.0004657360550481826,up,-0.0017072341870516539,0.002241583075374365,-0.006518559530377388,-0.002831942168995738,-0.00746659142896533,-0.00902407057583332,-0.013098086230456829,-0.007034026551991701,-0.0010390529641881585,-0.002536649815738201,4.758804789162241e-05,0.0027954105753451586,0.00499990489333868,0.005830366630107164,0.005467668641358614,0.00417628139257431,0.005102385766804218,0.004325423389673233,0.002744021127000451,-0.00024959174334071577,-0.00025772108347155154,-0.00227886950597167,-0.0031526009552180767,0.0014478949597105384,-0.0022717523388564587,0.0004657360550481826
RMD,11,2026-04-07 16:15:00+00:00,12:15,0.00044801234616898,up,-0.0019160712836310267,0.0007592213223688304,-0.0013233147328719497,0.0007640342810191214,-0.0014672456309199333,-0.004284861963242292,-0.006057827267795801,-0.003598983632400632,-0.004554706159979105,-0.002414919203147292,-0.0007896469905972481,-0.0009959903545677662,-0.0007380176102742553,0.0006273241597227752,-0.0012645972892642021,-0.0010292844381183386,0.0025100468192249537,0.0032167669851332903,0.004603666719049215,0.0032037163618952036,0.002862276742234826,0.0012146816588938236,0.0017971048364415765,0.0049127377569675446,0.0011883366387337446,0.00044801234616898
ECL,11,2026-04-07 16:15:00+00:00,12:15,0.0003226792032364756,up,-0.004131620284169912,-0.004014126490801573,-0.007041425444185734,-0.005494945682585239,-0.006198541726917028,-0.006740654353052378,-0.011093329638242722,-0.007505681365728378,-0.012805197387933731,-0.009820413775742054,-0.0082198241725564,-0.005796034354716539,-0.00837993249297142,-0.007138793356716633,-0.010376259684562683,-0.009028255939483643,-0.006016321945935488,-0.010155749507248402,-0.009027890861034393,-0.010817160829901695,-0.013312811963260174,-0.015190983191132545,-0.013442588970065117,-0.00732637383043766,-0.008489204570651054,0.0003226792032364756
DE,11,2026-04-07 16:15:00+00:00,12:15,0.0003196626785211265,up,-0.0038089831359684467,-0.001963118789717555,-0.002784973941743374,-0.00033723347587510943,-0.00012687721755355597,-0.0008322171051986516,-0.004121328704059124,-0.004048557486385107,-0.005725643131881952,-0.005335625261068344,-0.0038945714477449656,-0.002228008583188057,-0.002813057042658329,-0.0023048035800457,-0.0019551317673176527,-0.0032596427481621504,0.00019293109653517604,-0.0005722598871216178,-0.0006428275955840945,-0.0015256250044330955,-0.0013609407469630241,-0.002340290928259492,-0.002261433517560363,0.001859094831161201,-0.001877035479992628,0.0003196626785211265
EXPD,11,2026-04-07 16:15:00+00:00,12:15,0.00031857966678217053,up,-0.0030751554295420647,-0.0015008461195975542,-0.001054394873790443,0.0006143857608549297,0.002518964698538184,0.0003297844959888607,-0.0006544172647409141,-0.0015458629932254553,-0.0010520262876525521,-0.0012481485027819872,0.001737195416353643,0.0017886805580928922,0.0005532184150069952,0.00033788950531743467,0.00044844343210570514,0.000376517535187304,0.0020403333473950624,0.0014379408676177263,0.0005342225776985288,0.00015862887084949762,-0.00010274227679474279,-0.0016126867849379778,-0.0017197764245793223,0.0007777020800858736,-0.0005315059097483754,0.00031857966678217053
GRMN,11,2026-04-07 16:15:00+00:00,12:15,0.0002941821585409343,up,-0.0023218272253870964,-0.0011677112197503448,-0.004298686515539885,-0.0028586438857018948,-0.006158582866191864,-0.0065406812354922295,-0.008367694914340973,-0.00648911390453577,-0.00877977441996336,-0.008421279489994049,-0.005384725984185934,-0.002406178740784526,-0.003997371532022953,-0.004829401150345802,-0.0034074268769472837,-0.004383263643831015,-0.0003280803794041276,-0.002245652489364147,-0.003161259926855564,-0.0026475710328668356,-0.003252304159104824,-0.00465236185118556,-0.0041353218257427216,-0.0003355159715283662,-0.0031003467738628387,0.0002941821585409343
PM,11,2026-04-07 16:15:00+00:00,12:15,0.0002861536340788007,up,0.00030938186682760715,0.0007372251711785793,-0.00047814438585191965,0.0009728255099616945,0.00046534131979569793,-0.0019988790154457092,-0.0038631365168839693,-0.0015929013025015593,-0.0004204663564451039,-0.0006151203415356576,0.002931934781372547,0.0007231373456306756,0.0005677586304955184,0.000814530358184129,-0.0003603188961278647,-0.00021962870960123837,0.0009119835449382663,0.0025540534406900406,0.0023752960842102766,0.0015109912492334843,0.0023520137183368206,0.003593887435272336,0.004287357442080975,0.005387640558183193,0.0001483740343246609,0.0002861536340788007
STE,11,2026-04-07 16:15:00+00:00,12:15,0.00024335610214620829,up,6.719018711009994e-05,0.0013995548943057656,0.0008823911193758249,0.0012079734588041902,0.0018552435794845223,-0.00014749285764992237,-0.0026919522788375616,-0.0018527944339439273,-0.0031733145006000996,-0.002288325224071741,-0.002442608354613185,-0.002283216919749975,-0.0019952834118157625,-0.0012464068131521344,-0.0007737245759926736,-0.0015814650105312467,0.0013965816469863057,-0.0004309753712732345,0.0005558855482377112,-0.0002383313258178532,0.0009691164013929665,-0.0011567419860512018,-0.001964366529136896,0.0011501286644488573,6.0657152062049136e-05,0.00024335610214620829
MLM,11,2026-04-07 16:15:00+00:00,12:15,0.00016479108307976276,up,0.003238891949877143,0.0007495465688407421,0.0008828392019495368,0.0027705542743206024,0.004838975146412849,0.0020534612704068422,-0.001134281512349844,0.0002503156429156661,-0.005351023282855749,-0.0037166629917919636,-0.001669595018029213,0.00023800354392733425,-7.945282413857058e-05,-0.0001753499818732962,-0.00021099753212183714,-0.0015363619895651937,0.0011643653269857168,0.00034070853143930435,0.0002987793122883886,0.0004623433924280107,-0.0021067142952233553,-0.003869617125019431,-0.002323736436665058,-0.0019341454608365893,-0.003279642667621374,0.00016479108307976276
CME,11,2026-04-07 16:15:00+00:00,12:15,0.00016333577514160424,up,-0.003400767222046852,-0.0003499121230561286,-0.0021365960128605366,0.0013596093049272895,0.0028476621955633163,0.0009952079271897674,-0.00029752901173196733,0.0004445948579814285,-0.0023958440870046616,-0.0004883722867816687,0.001686940318904817,0.0013551536248996854,0.0023095514625310898,0.002833767794072628,0.0017251112731173635,-0.0015181731432676315,-0.0013233657227829099,-0.002253845101222396,-0.003507994581013918,-0.002377866068854928,-0.002290981588885188,-0.006412574555724859,-0.006403593346476555,-0.001360417460091412,-0.0014022891409695148,0.00016333577514160424
PSA,11,2026-04-07 16:15:00+00:00,12:15,0.00016307613987009972,up,-0.000650029513053596,0.0010228812461718917,0.0008231421816162765,0.0029629652854055166,0.0059302859008312225,0.005133494269102812,0.0029851237777620554,0.0022956402972340584,0.0033161111641675234,0.0015312847681343555,0.004356647841632366,0.005358080845326185,0.006074388045817614,0.0038604086730629206,0.003760986030101776,0.000775445660110563,0.0038564724382013083,0.0010924621019512415,0.0022960964124649763,0.0020352730061858892,0.0012371293269097805,0.00031888720695860684,-0.0024544917978346348,0.0019915939774364233,-0.00047067011473700404,0.00016307613987009972
GWW,11,2026-04-07 16:15:00+00:00,12:15,0.00015014670498203486,up,-0.002965386025607586,-0.0010069578420370817,-0.002994688693434,0.0006423084996640682,0.0010600642999634147,-4.1166676965076476e-05,8.910604810807854e-05,0.0008805303368717432,-0.0012579659232869744,-0.0007191200274974108,0.0023776497691869736,0.001323334057815373,0.0018970232922583818,0.0012205438688397408,-9.477230196353048e-05,-0.000386583007639274,3.483866748865694e-05,0.0005796387558802962,0.0006091472459957004,0.0005555376410484314,-0.000761046539992094,-0.0017108944011852145,-0.0027217797469347715,0.000817837833892554,-0.0018744711996987462,0.00015014670498203486
ALL,11,2026-04-07 16:15:00+00:00,12:15,9.946285717887804e-05,up,-0.005808822810649872,-0.0030625814106315374,-0.0025335592217743397,-0.0027584608178585768,-0.0014211934758350253,-0.0038372257258743048,-0.007073165383189917,-0.006772097200155258,-0.006311629433184862,-0.004748616833239794,-0.003174953395500779,-0.0009733723127283156,-0.0016891133273020387,-0.002519966335967183,-0.002678950084373355,-0.0033393376506865025,0.00044524745317175984,0.0002886215806938708,-0.0007509186398237944,-0.0001931013393914327,-0.001551104593090713,-0.00377559382468462,-0.004762743134051561,-0.0024655931629240513,-0.003938233945518732,9.946285717887804e-05
BBY,11,2026-04-07 16:15:00+00:00,12:15,9.572882845532149e-05,up,0.0015604386571794748,0.0022807447239756584,-0.007149717304855585,-0.006369448266923428,-0.007357084657996893,-0.008945049718022346,-0.010942850261926651,-0.00931602530181408,-0.008352620527148247,-0.009689840488135815,-0.008202734403312206,-0.007010223343968391,-0.005460705608129501,-0.0036398901138454676,-0.003774158889427781,-0.004578768741339445,-0.002621833700686693,-0.0026709181256592274,-0.006146013271063566,-0.00677243247628212,-0.005556144285947084,-0.00761682353913784,-0.0074020568281412125,-0.003818005323410034,-0.007378367707133293,9.572882845532149e-05
REGN,11,2026-04-07 16:15:00+00:00,12:15,6.476847192971036e-05,up,-0.006312152370810509,-0.003120449371635914,-0.005470242816954851,-0.0021344712004065514,-0.0004684606392402202,-0.002692719455808401,-0.00429703900590539,-0.004675816744565964,-0.006823156028985977,-0.005641657393425703,-0.003364637028425932,-0.0013065924867987633,-0.001953368540853262,-0.003294846275821328,-0.0022369795478880405,-0.003110912162810564,0.0002377587225055322,-0.00038854838931001723,-0.0009224863606505096,-0.001509806141257286,-0.002093947259709239,-0.005072814878076315,-0.005969006102532148,-0.00392070272937417,-0.005304635968059301,6.476847192971036e-05
FICO,11,2026-04-07 16:15:00+00:00,12:15,3.226532498956658e-05,up,-0.0036640367470681667,-0.006871997378766537,-0.008338497020304203,-0.004259571898728609,-0.006512688472867012,-0.007313624955713749,-0.009107276797294617,-0.00687269726768136,-0.009184899739921093,-0.00727758277207613,-0.004430803470313549,-0.003349783830344677,-0.004603311885148287,-0.0020905560813844204,-0.004932883195579052,-0.008012390695512295,-0.0032829081173986197,-0.0015956292627379298,-0.0017500317189842463,-0.005340978037565947,-0.006651775445789099,-0.008263749070465565,-0.007548234891146421,-0.004304750822484493,-0.003001822391524911,3.226532498956658e-05
WBD,11,2026-04-07 16:15:00+00:00,12:15,-2.2609565348830074e-06,down,-0.0001934816245920956,0.0020216975826770067,-0.0001714750105747953,0.0003442064917180687,0.0007988922297954559,0.0006084858323447406,1.5171077393461019e-05,0.00010147968714591116,-0.00033512531081214547,-0.0010341682936996222,-0.00045532104559242725,-0.002581947250291705,-0.0021486948244273663,-0.0005533299408853054,0.00042903341818600893,0.0002215963031630963,-0.0005941421841271222,-0.0003388813347555697,-0.0006588189280591905,-0.0004051448777318001,-0.00040545425144955516,-0.0019590724259614944,-0.001471321564167738,0.0002928762405645102,-0.0006095783901400864,-2.2609565348830074e-06
NI,11,2026-04-07 16:15:00+00:00,12:15,-8.746115781832486e-05,down,-0.0021505788899958134,0.0015261328080669045,0.001439805724658072,0.0024489767383784056,0.006058127619326115,0.00417364714667201,0.0005646153585985303,0.0005995210376568139,0.0029717516154050827,0.002028134884312749,0.0036975976545363665,0.003284050617367029,0.0014301027404144406,0.0020536589436233044,0.0018234935123473406,0.0014729907270520926,0.0026049609296023846,0.003132191253826022,0.003501956118270755,0.004385380540043116,0.003408304648473859,0.0007446892559528351,-0.0002399922232143581,0.0023652082309126854,-1.2095836609660182e-05,-8.746115781832486e-05
MAR,11,2026-04-07 16:15:00+00:00,12:15,-9.608661639504135e-05,down,-0.004366729874163866,-0.004810211714357138,-0.005279983393847942,-0.0016655089566484094,-0.004942415747791529,-0.0012699203798547387,-0.006565096788108349,-0.005961748771369457,-0.008051829412579536,-0.009770810604095459,-0.006729882676154375,-0.0057844133116304874,-0.011727684177458286,-0.010121015831828117,-0.013538947328925133,-0.01443697139620781,-0.01525886356830597,-0.009678241796791553,-0.011378937400877476,-0.009662780910730362,-0.0028038062155246735,-0.0031252859625965357,-0.002391551621258259,-0.0016246646409854293,-0.006936511490494013,-9.608661639504135e-05
BIIB,11,2026-04-07 16:15:00+00:00,12:15,-0.00011809718853328377,down,-0.0004878700419794768,0.00010632685734890401,-0.004265899769961834,-0.002285608323290944,-0.0041870856657624245,-0.006464414764195681,-0.01084666047245264,-0.00599159998819232,-0.005311525426805019,-0.003540176898241043,0.0012649409472942352,0.0017552801873534918,0.0022291315253823996,0.00022972235456109047,0.0001185489963972941,-0.0009385796147398651,-0.0003771187912207097,-0.000570748932659626,-0.002335113473236561,-0.002357574412599206,-0.002188082318753004,-0.005020886659622192,-0.004756648559123278,-0.0015272650634869933,-0.004974197130650282,-0.00011809718853328377
SBUX,11,2026-04-07 16:15:00+00:00,12:15,-0.00014816095062997192,down,-0.009191279299557209,-0.010125874541699886,-0.011492379941046238,-0.009691150858998299,-0.007883932441473007,-0.00787980854511261,-0.010091762989759445,-0.010687557980418205,-0.010920531116425991,-0.008924179710447788,-0.0070076994597911835,-0.006800869479775429,-0.006605022121220827,-0.0043347240425646305,-0.005139065440744162,-0.006041365209966898,-0.00615600636228919,-0.006431944202631712,-0.004036871716380119,-0.0017785279778763652,-0.00588704738765955,-0.006764489226043224,-0.007476092781871557,-0.0031183857936412096,-0.004120189696550369,-0.00014816095062997192
GL,11,2026-04-07 16:15:00+00:00,12:15,-0.00016662990674376488,down,-0.004014608915895224,0.0003508937079459429,-0.0008052616030909121,0.003264143131673336,0.0036776463966816664,0.0020835658069700003,-0.0012403565924614668,0.0005361161311157048,0.0010531662264838815,-0.00017652582027949393,0.002525090938434005,0.0027944445610046387,0.0022903571370989084,0.00179994385689497,0.0029375662561506033,0.001737450947985053,0.0035202577710151672,0.0026904549449682236,0.002745760604739189,0.0025903398636728525,0.0017591062933206558,-0.00026099238311871886,-0.0017177097033709288,0.0006460596341639757,0.00013349574874155223,-0.00016662990674376488
CPAY,11,2026-04-07 16:15:00+00:00,12:15,-0.00016666068404447287,down,-0.003451942466199398,-0.0005244769854471087,-0.0016207689186558127,0.0007367482176050544,-0.00018967101641464978,-0.0008664969936944544,-0.004102311562746763,-0.0029644882306456566,-0.0021427245810627937,-0.0025572525337338448,0.0014665143098682165,0.001866971724666655,0.0021425271406769753,0.0034743500873446465,0.0010013207793235779,0.0002400554803898558,0.00423408392816782,0.0023839883506298065,0.0008926719310693443,-0.0008098495891317725,-0.002007383154705167,-0.00503918994218111,-0.00535892928019166,0.00042518469854258,-0.0003707623400259763,-0.00016666068404447287
EVRG,11,2026-04-07 16:15:00+00:00,12:15,-0.00021024081797804683,down,-0.0011135508539155126,-0.00029368262039497495,-0.0008680412429384887,2.3730783141218126e-05,0.0021744666155427694,-0.0002082720457110554,-0.0009461904992349446,-0.0004367213405203074,1.5124010133149568e-05,-0.0007480534841306508,0.0024148765951395035,0.002534093102440238,0.0014129182090982795,0.001735509024001658,0.0009928676299750805,0.0006511029787361622,0.0013682132121175528,0.0012850832426920533,0.00041457489714957774,0.0009485657210461795,-0.00019022774358745664,-0.0032563223503530025,-0.0026294931303709745,-0.0003032773092854768,-0.0007884695078246295,-0.00021024081797804683
KO,11,2026-04-07 16:15:00+00:00,12:15,-0.00021228946570772678,down,0.0036321545485407114,0.006804801058024168,0.0055352188646793365,0.0016905886586755514,0.005849227774888277,0.006995524279773235,0.0075552091002464294,0.005414390005171299,0.0025826331693679094,0.0035378127358853817,0.004337503109127283,0.009036198258399963,0.001473629497922957,0.0047364928759634495,0.00567614333704114,0.0027184037026017904,0.0027770039159804583,0.002236561384052038,8.567491022404283e-05,0.0015562450280413032,0.0027160339523106813,0.0032494317274540663,-2.960289020847995e-05,0.004779138136655092,0.0007861360791139305,-0.00021228946570772678
LNT,11,2026-04-07 16:15:00+00:00,12:15,-0.0002125460741808638,down,-0.0002491547493264079,0.001336163142696023,0.0003924812190234661,0.002888254588469863,0.004568102303892374,0.0018857421819120646,0.0005305195809341967,5.498196333064698e-05,0.00046102370833978057,-0.0009677226189523935,0.001978442305698991,0.0031303083524107933,0.0018267735140398145,0.0020282422192394733,0.0015409559709951282,0.0008223532931879163,0.0010439585894346237,0.0006720898090861738,-0.0002563719463068992,0.0021569952368736267,0.00036536817788146436,-0.0024561211466789246,-0.0027464507147669792,-0.0008900998509489,-0.0016333861276507378,-0.0002125460741808638
LIN,11,2026-04-07 16:15:00+00:00,12:15,-0.00026007863925769925,down,-0.005281141959130764,-0.0028374434914439917,-0.004246666561812162,-0.0036085457541048527,-0.0027796393260359764,-0.004359011072665453,-0.003942437935620546,-0.0057069081813097,-0.007171647623181343,-0.00893023144453764,-0.006157444790005684,-0.004559708759188652,-0.005659043788909912,-0.006613972131162882,-0.005651460960507393,-0.006039367988705635,-0.006072073709219694,-0.005427990574389696,-0.006277152337133884,-0.00535529013723135,-0.0032706561032682657,-0.006480720825493336,-0.00530994264408946,-0.0045878030359745026,-0.004674337338656187,-0.00026007863925769925
TRV,11,2026-04-07 16:15:00+00:00,12:15,-0.00026898167561739683,down,0.0011682023759931326,0.002243200782686472,0.0020591372158378363,0.0032390134874731302,0.004459950607270002,0.0024672977160662413,0.0011197011917829514,0.00104260363150388,0.0014704610221087933,0.0017657733988016844,0.004108191933482885,0.003260013647377491,0.0024725417606532574,0.001166341477073729,0.0009334340575151145,0.00037222105311229825,0.0022181053645908833,0.002414023270830512,0.0021623829379677773,0.002306514885276556,0.00194520631339401,-0.0008598664426244795,-0.0014941205736249685,0.0016921971691772342,-5.294127913657576e-05,-0.00026898167561739683
NDSN,11,2026-04-07 16:15:00+00:00,12:15,-0.0003520131576806307,down,-0.0018646684475243092,0.00016268431500066072,0.00017917080549523234,0.002029935596510768,0.002871575066819787,-4.6550507249776274e-05,-0.0032547367736697197,-0.0022087637335062027,-0.0031236386857926846,-0.0031965323723852634,-0.0023524316493421793,-0.0015935408882796764,-0.0018846932798624039,-0.0008392922463826835,0.0002495767257642001,-0.001986393006518483,0.0025788871571421623,-0.0006701358361169696,0.0004808050871361047,-0.0008764492813497782,-0.0007405651267617941,-0.0031551411375403404,-0.00411189952865243,0.0001880745985545218,-0.0033327704295516014,-0.0003520131576806307
DOV,11,2026-04-07 16:15:00+00:00,12:15,-0.0003584703372325748,down,-0.006234386004507542,-0.003220595419406891,-0.0031995675526559353,-0.0017165510216727853,-0.002134675392881036,-0.0028966946993023157,-0.00696239247918129,-0.006435491610318422,-0.006374906282871962,-0.0045670936815440655,-0.0013348982902243733,-0.0017954391660168767,-0.0018482335144653916,-0.0025369147770106792,-0.0014095006044954062,-0.0015004503075033426,0.000889893330167979,0.00023818427871447057,-0.00019567769777495414,-0.0007659877883270383,-0.0021112030372023582,-0.0032455874606966972,-0.002741426695138216,-0.0011995903914794326,-0.0031707119196653366,-0.0003584703372325748
CDNS,11,2026-04-07 16:15:00+00:00,12:15,-0.00040975084993988276,down,0.002382829785346985,0.0006917454884387553,-0.0031536801252514124,-0.0012378591345623136,-0.007459114771336317,-0.009482824243605137,-0.015141048468649387,-0.009918859228491783,-0.009703907184302807,-0.00912513118237257,-0.005163018126040697,-0.0016474890289828181,0.00013655006478074938,-0.002039415994659066,-0.0028687177691608667,-0.0015292683383449912,0.003042445983737707,0.0020868743304163218,0.005707622040063143,0.0007461269851773977,-0.0012237871997058392,-0.0037055283319205046,-0.001498370780609548,0.003135108156129718,0.0007036536117084324,-0.00040975084993988276
TAP,11,2026-04-07 16:15:00+00:00,12:15,-0.00043185142567381263,down,-0.004483480006456375,-0.0025479765608906746,-0.003433369565755129,0.0011251021642237902,0.0004363575135357678,-0.004594236612319946,-0.005638520698994398,-0.00532933697104454,-0.007186854723840952,-0.0044540101662278175,-0.001368441036902368,0.000520230969414115,0.0015895841643214226,0.0002784135867841542,-0.000978879863396287,-0.0036689809057861567,-0.00042890312033705413,-0.001105302362702787,-0.002828746335580945,-0.0010458618635311723,-0.003224788699299097,-0.00699149165302515,-0.006537782493978739,-0.0010384571505710483,-0.0028026795480400324,-0.00043185142567381263
UHS,11,2026-04-07 16:15:00+00:00,12:15,-0.00043228367576375604,down,-0.0013723964802920818,0.00010929855488939211,0.0007153422338888049,-0.00015271766460500658,-0.0018119681626558304,-0.0028328364714980125,-0.005448518320918083,-0.003607487538829446,-0.0016843279590830207,-0.0016815268900245428,0.0014291992411017418,0.0025968621484935284,0.001902296207845211,0.0036880059633404016,0.002237714361399412,0.0018685932736843824,0.003703956725075841,0.003656572662293911,0.003043993143364787,0.0025022411718964577,0.0025614311452955008,0.0005572280497290194,0.0003388933837413788,0.0015417090617120266,-0.0007297624833881855,-0.00043228367576375604
HON,11,2026-04-07 16:15:00+00:00,12:15,-0.00046135945012792945,down,-0.003471372416242957,-0.001589016173966229,-0.004030656069517136,-0.00397394597530365,-0.005251740105450153,-0.007172605954110622,-0.0076503511518239975,-0.008343026973307133,-0.009013163857161999,-0.007481335196644068,-0.00536917382851243,-0.0037593285087496042,-0.005365349352359772,-0.006075091660022736,-0.007109439931809902,-0.00626554898917675,-0.0039498754777014256,-0.004706311505287886,-0.0038070969749242067,-0.0021386484149843454,-0.002309831092134118,-0.0021750840824097395,-0.004213368054479361,-0.0007211680058389902,-0.002439409028738737,-0.00046135945012792945
EME,11,2026-04-07 16:15:00+00:00,12:15,-0.00046918372390791774,down,-0.0010850968537852168,-0.0018243391532450914,-0.004974247422069311,0.0007648987229913473,-0.0005253640119917691,-0.0025885009672492743,-0.005421113222837448,-0.004398754797875881,-0.0059078107587993145,-0.002881572348996997,-0.0018222781363874674,0.0005650809034705162,2.2831860405858606e-05,-5.4218042350839823e-05,-0.003692071419209242,-0.004749820102006197,-0.004631423391401768,-0.00457896338775754,-0.005036152433604002,-0.006104783620685339,-0.004958228208124638,-0.00395206781104207,-0.003036996815353632,0.0023462041281163692,-0.0009309985907748342,-0.00046918372390791774
L,11,2026-04-07 16:15:00+00:00,12:15,-0.0004856604791712016,down,-0.0020699892193078995,0.001101111643947661,0.00014711252879351377,0.0006799090770073235,0.0034858565777540207,0.0021101555321365595,0.0008725357474759221,0.0017855350160971284,0.0033544525504112244,0.003001383040100336,0.004009418189525604,0.003038202878087759,0.0036484263837337494,0.0029663266614079475,0.0022856758441776037,0.001633745152503252,0.002376884687691927,0.0013709570048376918,0.0005327952094376087,-0.0004266254836693406,6.292517355177552e-05,-0.002293260535225272,-0.002234602114185691,7.959327194839716e-05,-0.00046744162682443857,-0.0004856604791712016
INVH,11,2026-04-07 16:15:00+00:00,12:15,-0.0004899548948742449,down,-0.003467141417786479,0.00033839160460047424,-0.0031639449298381805,-0.0010516418842598796,7.263264706125483e-05,-0.003816604847088456,-0.0057456414215266705,-0.006420157849788666,-0.005043093580752611,-0.005056733265519142,-0.002203758340328932,-0.002017096383497119,-0.00248372508212924,-0.0018263030797243118,-0.0017227972857654095,-0.0036449104081839323,-0.00042832863982766867,2.8009937523165718e-05,-0.0005897163646295667,-0.0006058281869627535,-0.00271625816822052,-0.004646718967705965,-0.00459212064743042,0.00047207396710291505,-0.0010334737598896027,-0.0004899548948742449
ES,11,2026-04-07 16:15:00+00:00,12:15,-0.0005192063981667161,down,-0.0013470021076500416,-0.0006206955877132714,-0.0008560689748264849,0.0009415397071279585,0.003097506472840905,0.001167944516055286,0.00036870181793347,-0.0005967369652353227,-0.00015127070946618915,-0.0015414219815284014,0.0018988957162946463,0.0016403350746259093,0.0010333999525755644,0.0014404122484847903,0.0008778118644841015,0.0004908857517875731,0.0016938963672146201,0.0015976580325514078,0.002195650013163686,0.00156371109187603,0.0010649811010807753,-0.0012770149623975158,-0.0006918255821801722,0.0010978201171383262,-0.00012584487558342516,-0.0005192063981667161
PFE,11,2026-04-07 16:15:00+00:00,12:15,-0.0005395585321821272,down,-0.01813209056854248,-0.008851025253534317,-0.015952149406075478,-0.011811475269496441,-0.007230452261865139,-0.008111611939966679,-0.007132398895919323,-0.012717561796307564,-0.011105984449386597,-0.01393954735249281,-0.009705211035907269,-0.006466603372246027,-0.0029609533958137035,-0.003654749132692814,-0.00519509706646204,-0.005268001928925514,-0.004402458667755127,-0.0031913307029753923,-0.003463471308350563,-0.004264598712325096,-0.00597737729549408,-0.010435797274112701,-0.007946382276713848,-0.004952032119035721,-0.005033417139202356,-0.0005395585321821272
CNP,11,2026-04-07 16:15:00+00:00,12:15,-0.0005454658530652523,down,0.0012114946730434895,0.0034239680971950293,0.0010380945168435574,0.002858922816812992,0.0028874946292489767,0.0011177315609529614,0.0007602690602652729,-0.0014277970185503364,0.0016148652648553252,0.0005349376588128507,0.0027384506538510323,0.0016564516117796302,0.0002453527704346925,-0.0001394246646668762,-0.0004523586540017277,-0.00034602844971232116,-0.0001996850478462875,-8.730174886295572e-05,0.000737086171284318,0.001368326018564403,-0.0006286237039603293,-0.0008378251804970205,-0.0034878815058618784,0.0017872710013762116,0.0024117189459502697,-0.0005454658530652523
STLD,11,2026-04-07 16:15:00+00:00,12:15,-0.0005503760185092688,down,-0.0018491633236408234,-9.64692299021408e-05,-0.002129939151927829,0.0006721051759086549,0.0014103417051956058,-0.0014160987921059132,-0.0060525196604430676,-0.0022483686916530132,-0.0037570614367723465,-0.0031613302417099476,0.0005960462149232626,0.0010951278964057565,0.001534418435767293,0.0023631735239177942,0.000409917498473078,-0.0019105809042230248,0.002524362877011299,0.002314973156899214,-0.00023571719066239893,0.0006211792933754623,-0.0019611730240285397,-0.0026243566535413265,-0.0038173000793904066,0.0009347327286377549,-0.004288520198315382,-0.0005503760185092688
ANET,11,2026-04-07 16:15:00+00:00,12:15,-0.0006062136380933225,down,-0.013080690056085587,-0.012673309072852135,-0.01628056727349758,-0.010115860030055046,-0.01286777388304472,-0.017464488744735718,-0.017155947163701057,-0.012785459868609905,-0.008380905725061893,-0.005826993379741907,-0.0009305048151873052,-0.0035438835620880127,-0.00297731626778841,-0.0041970862075686455,-0.00390727911144495,-0.005257637705653906,-0.0021949983201920986,-0.0015081013552844524,-0.0017176511464640498,-0.003081433940678835,-0.0022035320289433002,-0.003217168850824237,-0.002335245255380869,-0.0016380343586206436,-0.0037422501482069492,-0.0006062136380933225
SPGI,11,2026-04-07 16:15:00+00:00,12:15,-0.000660159916151315,down,-0.006883983500301838,-0.008924819529056549,-0.007631388492882252,-0.005324053578078747,-0.004628694616258144,-0.007232098374515772,-0.0095267528668046,-0.01070816908031702,-0.00973614864051342,-0.010077439248561859,-0.007245668210089207,-0.004833093844354153,-0.006019269116222858,-0.004737206269055605,-0.006066150963306427,-0.00755905220285058,-0.00664730416610837,-0.00845766719430685,-0.011419259011745453,-0.011490883305668831,-0.009672461077570915,-0.009278221987187862,-0.008115860633552074,-0.004396640229970217,-0.004887763876467943,-0.000660159916151315
KLAC,11,2026-04-07 16:15:00+00:00,12:15,-0.0006644396344199777,down,-0.0022985334508121014,-0.005842448677867651,-0.0057410141453146935,-0.004044514615088701,-0.0022483759094029665,-0.005322570446878672,-0.00968671590089798,-0.005448522046208382,-0.007586022838950157,-0.003872301196679473,-0.005068078171461821,-0.0039787390269339085,-0.005425418261438608,-0.005230181384831667,-0.0060859909281134605,-0.007444482762366533,-0.007039832882583141,-0.009592559188604355,-0.008281386457383633,-0.007203493732959032,-0.011262757703661919,-0.013038485310971737,-0.011754486709833145,-0.005764435511082411,-0.009365564212203026,-0.0006644396344199777
SYF,11,2026-04-07 16:15:00+00:00,12:15,-0.000751256593503058,down,-0.0063474103808403015,-0.004382315091788769,-0.006725800223648548,-0.00294765317812562,-0.0027961665764451027,-0.004181843716651201,-0.008393228985369205,-0.006618632934987545,-0.0075354911386966705,-0.00731567433103919,-0.004951925948262215,-0.004919484257698059,-0.0034637246280908585,-0.002784412819892168,-0.002220173366367817,-0.003953489474952221,-0.000627503206487745,-0.0013893049908801913,-0.00311942002736032,-0.00358210364356637,-0.004115917254239321,-0.005466203670948744,-0.005682097282260656,-0.0004044921661261469,-0.002266296651214361,-0.000751256593503058
NSC,11,2026-04-07 16:15:00+00:00,12:15,-0.0007521591614931822,down,4.553509279503487e-05,0.0003011287481058389,0.0018341270042583346,0.0038820283953100443,0.006321336142718792,0.004880308639258146,0.004226024728268385,0.00327884079888463,0.0016141190426424146,-7.096107583492994e-05,0.003414699574932456,0.0031010613311082125,0.0022339848801493645,0.0015453503001481295,0.0015111216343939304,0.0010688884649425745,0.000991249573417008,0.0011714164866134524,0.0014775863382965326,0.001367179211229086,0.000588633818551898,-0.0009149012039415538,-0.0031845332123339176,0.0002847023424692452,-0.0006537934532389045,-0.0007521591614931822
CPT,11,2026-04-07 16:15:00+00:00,12:15,-0.0007763460744172335,down,-0.0002026563452091068,0.004140966106206179,0.0027189983520656824,0.0030653979629278183,0.0056570954620838165,0.004427790641784668,0.0048904502764344215,0.002502239076420665,0.004230385180562735,0.002969425404444337,0.005485388915985823,0.004840172361582518,0.004167142789810896,0.0023212539963424206,0.002200592076405883,0.0018673241138458252,0.001795587013475597,0.0023206223268061876,0.0022119840141385794,0.0023354622535407543,0.0013619353994727135,-0.0016630300087854266,-0.0013225569855421782,0.0008404158870689571,-5.0049315177602693e-05,-0.0007763460744172335
WRB,11,2026-04-07 16:15:00+00:00,12:15,-0.0008075308869592845,down,-0.004292243625968695,-0.001423609210178256,-0.0026664906181395054,-0.001425008988007903,-0.0008418512879870832,-0.003196601988747716,-0.0046510519459843636,-0.004027714021503925,-0.003035806817933917,-0.003300577634945512,-0.0013840188039466739,-0.002112181391566992,-0.0021192561835050583,-0.0012736693024635315,-0.001335934386588633,-0.002264956012368202,-0.00019036723824683577,-0.0005825699190609157,0.00028830068185925484,0.0018899954156950116,0.000805988849606365,-0.002860861597582698,-0.002980496734380722,-0.0009600378689356148,-0.0035676213447004557,-0.0008075308869592845
CHRW,11,2026-04-07 16:15:00+00:00,12:15,-0.0008182884776033461,down,-0.003210436087101698,-0.0007400035974569619,-0.005132126621901989,-0.0019776527769863605,-0.004544674884527922,-0.006177855655550957,-0.0073595657013356686,-0.006219004280865192,-0.007692928891628981,-0.009599762037396431,-0.009612372145056725,-0.007871072739362717,-0.007901126518845558,-0.008479570969939232,-0.008770279586315155,-0.009196212515234947,-0.008968371897935867,-0.009259132668375969,-0.010813411325216293,-0.009696894325315952,-0.008254447020590305,-0.00854628998786211,-0.007436332758516073,-0.002913757460191846,-0.006207169033586979,-0.0008182884776033461
UDR,11,2026-04-07 16:15:00+00:00,12:15,-0.0008412295137532055,down,-0.0009914736729115248,0.004322758410125971,0.0037014305125921965,0.004483925178647041,0.005001329816877842,0.005054162815213203,0.005286727100610733,0.006428449414670467,0.004953763913363218,0.004694732371717691,0.006256509106606245,0.003984478767961264,0.0009798133978620172,0.0006846193573437631,0.001155713340267539,0.0012301234528422356,0.0031035172287374735,0.002097437623888254,0.002191937994211912,0.001328725484199822,0.0011913146590813994,-0.0012194602750241756,-0.0013443524949252605,-0.00013086461694911122,-0.0013666952727362514,-0.0008412295137532055
FISV,11,2026-04-07 16:15:00+00:00,12:15,-0.0009918593568727374,down,-0.0018798124510794878,-0.0003256984637118876,-0.002746510785073042,-0.0017197002889588475,-0.00392795167863369,-0.0022038754541426897,-0.006866445764899254,-0.0035193513613194227,-0.004618556704372168,-0.004825247917324305,-0.002667247550562024,0.00032519211526960135,-0.00018891194486059248,0.0022333397064357996,0.001369417179375887,-1.675134444667492e-05,0.0018690782599151134,0.0005125980242155492,-0.0004921763320453465,-0.0013286746107041836,-0.0002999325224664062,-0.003566293977200985,-0.002109977649524808,0.0023619462735950947,-0.0020304680801928043,-0.0009918593568727374
TKO,11,2026-04-07 16:15:00+00:00,12:15,-0.00105197262018919,down,0.0005041673430241644,0.0005805571563541889,0.001204335712827742,0.003992872778326273,-0.001595603534951806,-0.002722038421779871,-0.0030889050103724003,-0.00023091494222171605,-0.006146814674139023,-0.0023621744476258755,-0.003026793710887432,-0.0004648484173230827,-0.005816350691020489,-0.006338063627481461,-0.00926686730235815,-0.010118690319359303,-0.007904700003564358,-0.005886754021048546,-0.008351743221282959,-0.007881254889070988,-0.0038279311265796423,-0.007089612539857626,-0.007012104149907827,-0.0026161435525864363,-0.005190782714635134,-0.00105197262018919
JBHT,11,2026-04-07 16:15:00+00:00,12:15,-0.0010594420600682497,down,-0.003289689077064395,0.00016883999342098832,-0.004062395542860031,-0.0007534417673014104,-0.003864467144012451,-0.005090600810945034,-0.009177006781101227,-0.006799578666687012,-0.0067149680107831955,-0.004994147457182407,-0.0024771075695753098,-0.0005409928853623569,-3.429684875300154e-05,0.000806063471827656,0.00015834200894460082,-0.001648471225053072,0.002261955989524722,-0.00011065132275689393,0.0006518009467981756,-0.0005034111673012376,-0.0003725251299329102,-0.003616912756115198,-0.003950448241084814,0.0010619097156450152,-0.0012075303820893168,-0.0010594420600682497
DLR,11,2026-04-07 16:15:00+00:00,12:15,-0.0010687803151085973,down,-0.002804405987262726,-0.0020878154318779707,-0.0040739611722528934,-0.0003978804452344775,0.0009235180914402008,0.00023962141131050885,-0.0024896706454455853,-0.00021869270130991936,0.0004926896071992815,-0.0008484036661684513,0.0003375351370777935,0.0008424156694673002,0.0007254174561239779,0.0007582599646411836,0.0004433510184753686,-0.0017618935089558363,0.0018726864363998175,-0.00013482212671078742,0.002795054344460368,0.002335736993700266,0.0006953100091777742,-0.0018797264201566577,-0.004641038831323385,-0.0006597136380150914,-0.0022474881261587143,-0.0010687803151085973
NWS,11,2026-04-07 16:15:00+00:00,12:15,-0.001077440450899303,down,-0.0010132978204637766,0.00096988829318434,-0.0024309405125677586,0.0018036329420283437,-4.79917143820785e-05,-0.002214239677414298,-0.003410875564441085,-0.0011660602176561952,-0.0013604372506961226,-0.002692307811230421,-0.0008271283586509526,3.880709482473321e-05,-0.0010208714520558715,-0.0003217866469640285,-9.355215297546238e-05,-0.00035843244404532015,0.002419536467641592,0.0007314784452319145,0.0008171371882781386,0.0005756437312811613,-0.0013210123870521784,-0.0013700196286663413,-0.003332597902044654,0.0006543826893903315,-0.0008905690046958625,-0.001077440450899303
AVB,11,2026-04-07 16:15:00+00:00,12:15,-0.0011343761580064893,down,-0.004108353517949581,0.0008214430417865515,-0.0005612601526081562,0.0011461478425189853,0.0038849811535328627,0.0003461345040705055,-0.0029300693422555923,-0.0004270536592230201,0.0005936871166341007,-0.0003673381870612502,0.002530411584302783,0.002938740886747837,0.0022948782425373793,0.0010631607146933675,0.001959842164069414,0.0007804015767760575,0.0020374679006636143,0.0015136100118979812,0.0015781729016453028,0.002537095220759511,0.0005302082863636315,-0.002825808711349964,-0.005844737868756056,-0.0020244899205863476,-0.0006324327550828457,-0.0011343761580064893
XYZ,11,2026-04-07 16:15:00+00:00,12:15,-0.0011538980761542916,down,-0.008702686056494713,-0.0072860135696828365,-0.014082632027566433,-0.011103549972176552,-0.014005744829773903,-0.013615092262625694,-0.017099864780902863,-0.00983835756778717,-0.010498614981770515,-0.010810939595103264,-0.008131053298711777,-0.007650201674550772,-0.006375610362738371,-0.004020242486149073,-0.003503793617710471,-0.006343587301671505,-0.0026989784091711044,-0.0035401631612330675,-0.00486831134185195,-0.0056804269552230835,-0.00572138512507081,-0.01147857028990984,-0.010064861737191677,-0.0012075661215931177,-0.003353706793859601,-0.0011538980761542916
DGX,11,2026-04-07 16:15:00+00:00,12:15,-0.001167156035080552,down,-0.0012380779953673482,0.0006721946410834789,0.00023376717581413686,0.0015126897487789392,0.001771253882907331,0.00036215942236594856,-0.00010350480442866683,-0.0005775264580734074,0.00013404373021330684,-0.00018408580217510462,0.0010922654764726758,8.833374158712104e-05,-0.0002387508429819718,-6.38363417237997e-05,7.59892791393213e-05,-0.00023103809508029372,0.0023933984339237213,0.0018612922867760062,0.0014002845855429769,0.0009122203337028623,-0.00026033114409074187,-0.0002925445733126253,-0.0033024465665221214,-0.0021755762863904238,-0.00237076822668314,-0.001167156035080552
MET,11,2026-04-07 16:15:00+00:00,12:15,-0.001253125723451376,down,-0.004113869741559029,-0.0015212048310786486,-0.003847898216918111,-0.001475729513913393,-0.0023972850758582354,-0.003871558466926217,-0.008084055967628956,-0.004971450660377741,-0.006295348051935434,-0.006753100547939539,-0.005482343025505543,-0.004154634196311235,-0.0025317023973912,-0.0008938895189203322,-0.0017525149742141366,-0.0035546005237847567,-0.0008413569303229451,-0.0006733144982717931,-0.002075240947306156,-0.0023175354581326246,-0.0023737624287605286,-0.004368897993117571,-0.004319679923355579,-0.00010798237781273201,-0.0035973056219518185,-0.001253125723451376
VST,11,2026-04-07 16:15:00+00:00,12:15,-0.001273079658858478,down,-0.007535123266279697,-0.0045469836331903934,-0.011014722287654877,-0.008495614863932133,-0.008081124164164066,-0.010758141987025738,-0.012321320362389088,-0.008527413010597229,-0.0073171802796423435,-0.007716916035860777,-0.005054125562310219,-0.004656063858419657,-0.004492415115237236,-0.0044681839644908905,-0.005216734949499369,-0.005401155911386013,-0.003217256860807538,-0.00409117853268981,-0.005150871351361275,-0.005662169773131609,-0.007920881733298302,-0.008201556280255318,-0.008710636757314205,-0.000990493455901742,-0.003930978011339903,-0.001273079658858478
CVS,11,2026-04-07 16:15:00+00:00,12:15,-0.0012877966510131955,down,-0.0009594506700523198,-0.0007292378577403724,-0.0037581115029752254,-0.0035037556663155556,-0.004132874310016632,-0.0022767686750739813,-0.005624479614198208,-0.005434997379779816,-0.009212697856128216,-0.005112366750836372,0.0012563841883093119,0.0007634665234945714,0.006765835918486118,0.0037933439016342163,0.005009132903069258,0.0027583371847867966,0.0024332923348993063,0.0016578655922785401,-0.0015438984846696258,-0.0005149164353497326,-0.0018320081289857626,-0.005029546096920967,-0.007703650277107954,-0.005814618896692991,-0.007852730341255665,-0.0012877966510131955
EMR,11,2026-04-07 16:15:00+00:00,12:15,-0.0013117014896124601,down,-0.0028911284171044827,-0.00044791819527745247,-0.0034304040018469095,0.00022820707818027586,-0.002179596107453108,-0.0022033832501620054,-0.007715693209320307,-0.003085732227191329,-0.003404743503779173,-0.003894335823133588,-0.0007929216371849179,0.0016238723183050752,0.0030374876223504543,0.0025179509539157152,0.0016802282771095634,0.0011038403026759624,0.0027295437175780535,0.0024085529148578644,0.001824012491852045,0.0006233526510186493,-0.0005841767997480929,-0.0026023646350950003,-0.004051619209349155,0.0010029724799096584,-0.0030029723420739174,-0.0013117014896124601
BLK,11,2026-04-07 16:15:00+00:00,12:15,-0.0013243863359093666,down,-0.006739957723766565,-0.0051633333787322044,-0.007463720161467791,-0.004117395728826523,-0.00423178868368268,-0.005369882099330425,-0.007633877918124199,-0.006461089476943016,-0.007938751019537449,-0.005571915302425623,-0.003370480379089713,-0.002042472828179598,-0.0012981711188331246,-0.0008257784647867084,-0.0015500237932428718,-0.0026115134824067354,-0.0002627870999276638,-0.00022892814013175666,-0.0010713414521887898,-0.0025001284666359425,-0.0037981702480465174,-0.004593606106936932,-0.00478079728782177,-0.0011709905229508877,-0.0031786442268639803,-0.0013243863359093666
NDAQ,11,2026-04-07 16:15:00+00:00,12:15,-0.0013805776834487915,down,-0.003422653069719672,-0.0018087150529026985,-0.0030151025857776403,0.0002323695080121979,-0.0014774479204788804,-0.00407530227676034,-0.0064262221567332745,-0.003965011332184076,-0.004574894439429045,-0.005686706863343716,-0.0036033890210092068,-0.0027002128772437572,-0.0032012059818953276,-0.0017673901747912169,-0.0010940582724288106,-0.0021555025596171618,-0.0011831835145130754,-0.0011555483797565103,-0.003227591048926115,-0.003292867448180914,-0.004296475555747747,-0.005216921214014292,-0.006485672667622566,-0.00046328295138664544,-0.0023075449280440807,-0.0013805776834487915
WST,11,2026-04-07 16:15:00+00:00,12:15,-0.0013878649333491921,down,-0.0026303220074623823,-0.0009697188506834209,-0.0016814183909446,-0.0009401311399415135,0.00030122476164251566,-0.0009592093410901725,-0.004460365045815706,-0.001420149696059525,-0.0012420701095834374,-0.0015613529831171036,0.0009022264275699854,0.0038469694554805756,0.0039662872441112995,0.0041928901337087154,0.004115883726626635,0.0053356667049229145,0.004706741776317358,0.005540475714951754,0.0032271675299853086,0.002699851058423519,0.0025877906009554863,0.0004819812311325222,-0.000770932121668011,0.0027888391632586718,-0.0012239360949024558,-0.0013878649333491921
NTRS,11,2026-04-07 16:15:00+00:00,12:15,-0.0013949626591056585,down,-0.0038223760202527046,0.0003525903448462486,-0.0031509476248174906,0.00019095234165433794,7.720094436081126e-05,-0.0019233992788940668,-0.005600376520305872,-0.0024602909106761217,-0.005669122561812401,-0.0035270664375275373,-0.002122570527717471,0.0006493345717899501,0.0004026408714707941,-0.0011243625776842237,-0.0010294411331415176,-0.0018575217109173536,-0.0008924029534682631,-0.000876006088219583,-0.0008536909008398652,-0.0015694693429395556,-0.0017148060724139214,-0.0032741327304393053,-0.0029638810083270073,-0.00034381970181129873,-0.0032741089817136526,-0.0013949626591056585
CMG,11,2026-04-07 16:15:00+00:00,12:15,-0.0014211420202627778,down,-0.009197946637868881,-0.004820759873837233,-0.008946116082370281,-0.005893702618777752,-0.010973277501761913,-0.011379298754036427,-0.015623582527041435,-0.013709555380046368,-0.010833924636244774,-0.008852852508425713,-0.006144551560282707,-0.00386413442902267,-0.002045409521088004,-0.0012402983848005533,-0.003425362054258585,-0.003999863751232624,-0.0019725090824067593,-0.001343815354630351,-0.002988529158756137,-0.004453539382666349,-0.004153014626353979,-0.007086589932441711,-0.007192722987383604,-0.001521844882518053,-0.003499876242130995,-0.0014211420202627778
GPN,11,2026-04-07 16:15:00+00:00,12:15,-0.0014718989841639996,down,-0.009052574634552002,0.0011645955964922905,-0.0069002010859549046,-0.0021942758467048407,-0.009895708411931992,-0.008993889205157757,-0.016123401001095772,-0.014450122602283955,-0.009394570253789425,-0.013400246389210224,-0.01128061767667532,-0.008253591135144234,-0.002181673888117075,-0.002629657043144107,-0.005398884881287813,-0.007644323632121086,-0.0027602137997746468,-0.0031664392445236444,-0.004009914118796587,-0.006792656145989895,-0.005822128150612116,-0.009098266251385212,-0.010099279694259167,-0.005025117192417383,-0.00803939439356327,-0.0014718989841639996
HSY,11,2026-04-07 16:15:00+00:00,12:15,-0.0014792969450354576,down,-0.00926878210157156,-0.0050367857329547405,-0.004879666958004236,-0.003973311744630337,-0.0051376414485275745,-0.0066866185516119,-0.00955402385443449,-0.006575362291187048,-0.006583021488040686,-0.005627073813229799,-0.0027148385997861624,-0.0019098190823569894,-0.0012838427210226655,-0.0017535618972033262,-0.0012475104304030538,-0.0015199423069134355,0.0007060163770802319,0.00022744943271391094,0.00022745296882931143,0.0005012114997953176,-0.0019961148500442505,-0.0027950259391218424,-0.002274569356814027,-0.0014163162559270859,-0.0035890010185539722,-0.0014792969450354576
NXPI,11,2026-04-07 16:15:00+00:00,12:15,-0.0015638417098671198,down,-0.0014224288752302527,-0.002230716170743108,-0.005407410208135843,-0.0027300806250423193,-0.005381711758673191,-0.006729548797011375,-0.011023708619177341,-0.006966590881347656,-0.008011976256966591,-0.006884436123073101,-0.006861112080514431,-0.006225754972547293,-0.0057572610676288605,-0.006811144761741161,-0.008387572132050991,-0.008224928751587868,-0.005306478589773178,-0.003328333143144846,-0.006896093487739563,-0.007081632036715746,-0.008075350895524025,-0.009491595439612865,-0.00735434889793396,-0.004549994133412838,-0.004843825474381447,-0.0015638417098671198
WFC,11,2026-04-07 16:15:00+00:00,12:15,-0.0015815761871635914,down,-0.003872673725709319,-0.0002817960921674967,-0.00377953820861876,-0.0008275457075797021,-0.001190135139040649,-0.001203977968543768,-0.004349804483354092,-0.0018635059241205454,-0.0025378395803272724,-0.004104240797460079,-0.0005981299909763038,-0.0012646550312638283,-0.0013883031206205487,3.0470524507109076e-05,0.0007612738409079611,-0.0010891651036217809,-2.2452817574958317e-05,-0.0013495429884642363,-0.0019527100957930088,-0.00045462659909389913,-0.0015414152294397354,-0.003657233202829957,-0.005290153436362743,-0.001471613417379558,-0.002684584353119135,-0.0015815761871635914
ISRG,11,2026-04-07 16:15:00+00:00,12:15,-0.001607417711056769,down,-0.007839230820536613,-0.005385174881666899,-0.006483226548880339,-0.0026041283272206783,-0.004705952946096659,-0.00791125651448965,-0.010193697176873684,-0.008880320005118847,-0.010312877595424652,-0.010423141531646252,-0.006239986978471279,-0.006555491592735052,-0.0071771880611777306,-0.006298024207353592,-0.007180344313383102,-0.007337216287851334,-0.005397327709943056,-0.0048037744127213955,-0.006025671027600765,-0.006035718601197004,-0.004863961599767208,-0.006512358784675598,-0.0071434020064771175,-0.004046629182994366,-0.005772874690592289,-0.001607417711056769
PANW,11,2026-04-07 16:15:00+00:00,12:15,-0.0017014006152749062,down,-0.007943163625895977,-0.008770078420639038,-0.01150815561413765,-0.00761008495464921,-0.006915414240211248,-0.008085314184427261,-0.011150714941322803,-0.00828353501856327,-0.009865936823189259,-0.009586753323674202,-0.005443921312689781,-0.002800679998472333,-0.0019024389330297709,-0.0037835626862943172,-0.004865684080868959,-0.004158070310950279,-0.004811705555766821,-0.0055604600347578526,-0.00623747706413269,-0.007092693354934454,-0.00747956708073616,-0.008969352580606937,-0.008430537767708302,-0.0016903623472899199,-0.0047892299480736256,-0.0017014006152749062
IRM,11,2026-04-07 16:15:00+00:00,12:15,-0.0017047245055437088,down,-0.003715367056429386,-0.003970089368522167,-0.004336636047810316,-0.0007869461551308632,-0.00044722435995936394,-0.003233688184991479,-0.00537306210026145,-0.00198162323795259,-0.0033038670662790537,-0.00373157300055027,-0.002246469259262085,-0.0013394856359809637,-0.000809222983662039,-0.0004082547966390848,-0.0008926031878218055,-0.0011437092907726765,-0.0006125789368525147,-0.0009303574333898723,-0.0030877029057592154,-0.003007473424077034,-0.004485217854380608,-0.005032133311033249,-0.006596154533326626,-0.0027055174577981234,-0.003246929030865431,-0.0017047245055437088
CL,11,2026-04-07 16:15:00+00:00,12:15,-0.001733151962980628,down,-0.0039800540544092655,-0.0009403116418980062,-0.002291843993589282,0.00023137952666729689,-9.040348959388211e-05,-0.0027822323609143496,-0.003449365496635437,-0.0025842986069619656,-0.002771927509456873,-0.0022683085408061743,-0.0011512420605868101,-0.0007582110119983554,-0.0015923099126666784,0.0005704374052584171,-0.0011778534390032291,-0.0014560724375769496,-0.0004950118018314242,-0.0016644528368487954,-0.00023793091531842947,-0.00036240569897927344,-0.0005045430734753609,-0.0025464475620537996,-0.004438980482518673,-0.0005144285969436169,-0.002706247614696622,-0.001733151962980628
KR,11,2026-04-07 16:15:00+00:00,12:15,-0.0017792414873838425,down,-0.005427754949778318,0.0020065591670572758,0.0014120148262009025,0.003409728640690446,0.0017753579886630177,-0.0024378011003136635,-0.005300558637827635,-0.006420804653316736,-0.0077543412335217,-0.006500918418169022,-0.004889857955276966,-0.003053015097975731,-0.002636721357703209,-0.002750111510977149,-0.0028001146856695414,-0.003997507970780134,-0.003047867212444544,-0.003294663969427347,-0.0038896985352039337,-0.0017047557048499584,-0.002987635089084506,-0.005491464398801327,-0.0069300453178584576,-0.0024744519032537937,-0.004370243288576603,-0.0017792414873838425
EW,11,2026-04-07 16:15:00+00:00,12:15,-0.0018006379250437021,down,-0.004112584516406059,-0.002786023076623678,-0.00527023384347558,-0.0015779196983203292,-0.0046562496572732925,-0.0058465017937123775,-0.007628138642758131,-0.003650099039077759,-0.003954376094043255,-0.003934391308575869,-0.002372999908402562,-0.0017641227459535003,-0.0009081162861548364,0.001320599694736302,0.0012500806478783488,0.0005965646705590189,0.0019355653785169125,0.0014870712766423821,-0.0005081220879219472,-0.001831838279031217,-0.0009145280928350985,-0.0021834447979927063,-0.002304917434230447,0.0005787420086562634,-0.003482220461592078,-0.0018006379250437021
ED,11,2026-04-07 16:15:00+00:00,12:15,-0.0018709644209593534,down,-0.001987694064155221,-0.0012118391459807754,-0.0008696447475813329,0.0001486472028773278,0.0031924156937748194,0.001542901387438178,0.0005006793071515858,-0.0013686127495020628,-0.0002178302383981645,-0.0007905237725935876,0.002306543057784438,0.0023956375662237406,0.0013876308221369982,0.00011682783951982856,0.0004292787052690983,0.0008200578740797937,0.0011033458868041635,0.00020773849973920733,0.0005199835868552327,0.0013401260366663337,-0.0003217565536033362,-0.0037457698490470648,-0.0039421082474291325,-0.001585866091772914,-0.002253872575238347,-0.0018709644209593534
DHI,11,2026-04-07 16:15:00+00:00,12:15,-0.00187438924331218,down,-0.00406624237075448,-0.0013840001774951816,-0.003743633395060897,-0.002781553892418742,-0.0063715833239257336,-0.008425677195191383,-0.015507010743021965,-0.014284774661064148,-0.010387750342488289,-0.012874878011643887,-0.010028118267655373,-0.009824604727327824,-0.006280859932303429,-0.007896755822002888,-0.009918826632201672,-0.009122462011873722,-0.007536433171480894,-0.007404424250125885,-0.006540965288877487,-0.008466350845992565,-0.007616438902914524,-0.010862048715353012,-0.010672833770513535,-0.006249750964343548,-0.007450203876942396,-0.00187438924331218
FIX,11,2026-04-07 16:15:00+00:00,12:15,-0.0018972879042848945,down,0.0006374592776410282,-0.004404983948916197,-0.006265316158533096,-0.00527859665453434,-0.002932421863079071,-0.006301376037299633,-0.009071958251297474,-0.005044582299888134,-0.007748394273221493,-0.005296056158840656,-0.0023925872519612312,-0.00014564658340532333,-0.0018639584304764867,-0.0013442138442769647,-0.004525924567133188,-0.004676485434174538,-0.002838507294654846,-0.004150082357227802,-0.009351454675197601,-0.0086877616122365,-0.00808088481426239,-0.009842824190855026,-0.010957139544188976,-0.002145712496712804,-0.0031334992963820696,-0.0018972879042848945
WYNN,11,2026-04-07 16:15:00+00:00,12:15,-0.0019171349704265594,down,-0.0012748866574838758,0.004697244148701429,-0.0029980253893882036,0.00026372194406576455,-0.0006557675660587847,-0.002220048801973462,-0.004720012191683054,-0.004887853283435106,-0.0053351628594100475,-0.005890582222491503,-0.005320857744663954,-0.005047099199146032,-0.0029539091046899557,-0.002211569808423519,-0.007154594175517559,-0.003918302245438099,-0.003266679123044014,-0.004248530603945255,-0.004791957791894674,-0.005704912357032299,-0.002381720347329974,-0.004248502664268017,-0.004089351277798414,-0.0014862047974020243,-0.005118608940392733,-0.0019171349704265594
KDP,11,2026-04-07 16:15:00+00:00,12:15,-0.0019518632907420397,down,-0.008641522377729416,-0.0023720944300293922,-0.005010796245187521,-0.0033079050481319427,-0.0006623983499594033,-0.0029566646553575993,-0.00472306739538908,-0.00410139374434948,-0.002277689054608345,-0.006623415742069483,-0.00264540733769536,-0.001999467145651579,-0.0036718875635415316,-0.002760103903710842,-0.0027448975015431643,-0.002094113966450095,-0.001583887031301856,-0.0028926061931997538,-0.003606392303481698,-0.0028532131109386683,-0.002960872370749712,-0.00343497795984149,-0.0050595831125974655,0.00012887842603959143,-0.0011080449912697077,-0.0019518632907420397
CMS,11,2026-04-07 16:15:00+00:00,12:15,-0.00197888002730906,down,-0.0021342698018997908,-0.0006067281356081367,-0.0020981011912226677,0.0009057613788172603,0.002777501940727234,-0.0003447786148171872,-0.0033249901607632637,-0.0025216068606823683,-0.002291203010827303,-0.002824583789333701,-0.0003148468385916203,0.00043863808969035745,0.00011373629240551963,-0.00015766225988045335,-0.0006638029008172452,-0.0017726831138134003,-0.0008540459675714374,-0.0006375845987349749,2.4369492166442797e-05,0.0011406965786591172,-0.0009915918344631791,-0.004183911718428135,-0.004559870809316635,-0.0020881653763353825,-0.004373712465167046,-0.00197888002730906
MAA,11,2026-04-07 16:15:00+00:00,12:15,-0.0019837685395032167,down,-2.6717298169387504e-05,0.0018739189254119992,0.0014003542019054294,0.0020850629080086946,0.004064051900058985,0.002872019773349166,0.0017391759902238846,0.0015713326865807176,0.0029217202682048082,0.003461203770712018,0.005868411157280207,0.004142035264521837,0.00408167252317071,0.0027730322908610106,0.0028900429606437683,0.002078520366922021,0.003420428140088916,0.002937627723440528,0.0014477071817964315,0.0017593901138752699,0.0003862185694742948,-0.001994590274989605,-0.0035204419400542974,-0.000761662027798593,-0.00235833995975554,-0.0019837685395032167
PFG,11,2026-04-07 16:15:00+00:00,12:15,-0.0020287923980504274,down,-0.004488187842071056,-0.003191867610439658,-0.005040266085416079,-0.001984876813367009,-0.002593059092760086,-0.003987947944551706,-0.007380111608654261,-0.005785880144685507,-0.009669026359915733,-0.012407123111188412,-0.01242133043706417,-0.009150786325335503,-0.008528542704880238,-0.007297995500266552,-0.0037388065829873085,-0.006463963072746992,-0.004265105817466974,-0.0037225319538265467,-0.005000753793865442,-0.004354202188551426,-0.0038951283786445856,-0.006047568749636412,-0.005043511278927326,-0.0002662381448317319,-0.0025584115646779537,-0.0020287923980504274
TMO,11,2026-04-07 16:15:00+00:00,12:15,-0.0020462977699935436,down,-0.006438049022108316,-0.0054131802171468735,-0.00767165282741189,-0.0055404165759682655,-0.0070551116950809956,-0.007256986573338509,-0.008998336270451546,-0.008738146163523197,-0.009708310477435589,-0.009154514409601688,-0.005285610444843769,-0.004701072350144386,-0.004748611710965633,-0.004049659240990877,-0.0039381301030516624,-0.0047228047624230385,-0.0024493695236742496,-0.0021415483206510544,-0.0034229911398142576,-0.004329899791628122,-0.004430719651281834,-0.005172159988433123,-0.006939784623682499,-0.005289681721478701,-0.005520274396985769,-0.0020462977699935436
KEYS,11,2026-04-07 16:15:00+00:00,12:15,-0.0021003144793212414,down,-0.0018386716255918145,-0.0003995009756181389,-0.0033411795739084482,0.00021504519099835306,-0.002125282073393464,-0.003292274661362171,-0.007215796038508415,-0.0032711075618863106,-0.004793218802660704,0.00030684960074722767,0.003480481216683984,0.0031335419043898582,0.0014952629571780562,0.0018376056104898453,-0.0016450327821075916,-0.0016672373749315739,0.002453029854223132,0.00010715008102124557,0.001747860456816852,-0.0007523576496168971,4.77899047837127e-05,-0.002706801053136587,-0.0008022389374673367,0.004268608521670103,-0.002762245014309883,-0.0021003144793212414
RSG,11,2026-04-07 16:15:00+00:00,12:15,-0.002160250209271908,down,-0.0016660004621371627,-0.0013191008474677801,6.571788981091231e-05,0.0015111577231436968,0.0029505458660423756,0.0012617058819159865,0.0002798166242428124,-0.0010577661450952291,-0.0016207278240472078,-0.0004159393720328808,0.001104244845919311,-0.00025289476616308093,0.000582061882596463,-0.0002561835863161832,9.401886927662417e-05,-0.0006576596642844379,0.0001879385526990518,0.00104624277446419,0.001108272816054523,0.001301619573496282,0.00070497568231076,-0.0008322827634401619,-0.002156165661290288,-7.795877172611654e-05,-0.0019420182798057795,-0.002160250209271908
CMI,11,2026-04-07 16:15:00+00:00,12:15,-0.0021603968925774097,down,-0.0022421961184591055,-0.0007081433432176709,-0.004074128810316324,-0.001793548814021051,-0.00356805301271379,-0.002466317033395171,-0.007299811113625765,-0.002647407352924347,-0.007271213922649622,-0.002138326410204172,-0.002815514337271452,-1.0373146324127447e-05,0.0005373574094846845,0.00022812381212133914,-0.0002064223517663777,-0.0029650782234966755,0.0028341617435216904,-3.368286706972867e-05,-0.001301686163060367,-0.0035121014807373285,-0.006287153344601393,-0.007579042576253414,-0.007784797344356775,-0.003293659072369337,-0.006641994696110487,-0.0021603968925774097
STZ,11,2026-04-07 16:15:00+00:00,12:15,-0.002195074688643217,down,-0.005207189824432135,-0.00286628445610404,-0.006332836113870144,-0.005198636092245579,-0.004265630152076483,-0.006159335840493441,-0.007490050047636032,-0.007161539513617754,-0.00699920579791069,-0.007997997105121613,-0.0054094139486551285,-0.0052640195935964584,-0.006402614992111921,-0.006290137302130461,-0.0058422754518687725,-0.0070505947805941105,-0.0052828420884907246,-0.004905711393803358,-0.004678850062191486,-0.003246400272473693,-0.004167547915130854,-0.004602130502462387,-0.006133675575256348,-0.0009574409923516214,-0.0017129231709986925,-0.002195074688643217
ARE,11,2026-04-07 16:15:00+00:00,12:15,-0.002239810535684228,down,-0.003527033841237426,0.004322103690356016,-0.002081287559121847,-0.0012493726098909974,-0.0038965586572885513,-0.003067730227485299,-0.007379172369837761,-0.008372527547180653,0.00305320811457932,-0.001376657048240304,0.0013357907300814986,0.0012277256464585662,-0.0012842407450079918,-7.725576870143414e-05,0.0017340457998216152,9.102390322368592e-05,9.790287731448188e-05,0.0012741127284243703,-0.0007305057952180505,-0.0015565596986562014,8.261515904450789e-05,-8.400246588280424e-05,-0.003241460770368576,0.002008935436606407,-0.0011495462385937572,-0.002239810535684228
AXON,11,2026-04-07 16:15:00+00:00,12:15,-0.002298118080943823,down,-0.006169753614813089,-0.008763316087424755,-0.016132498160004616,-0.012081844732165337,-0.023598356172442436,-0.02357150800526142,-0.028040660545229912,-0.02345960959792137,-0.017109006643295288,-0.01705203391611576,-0.014723245985805988,-0.010749354027211666,-0.012483938597142696,-0.025413895025849342,-0.028497541323304176,-0.026307709515094757,-0.03355865180492401,-0.02173677645623684,-0.032712243497371674,-0.02203310653567314,-0.022706413641572,-0.017831657081842422,-0.011141985654830933,0.0010762277524918318,-0.010833054780960083,-0.002298118080943823
TYL,11,2026-04-07 16:15:00+00:00,12:15,-0.002346457215026021,down,-0.0027004985604435205,0.0027656101156026125,-0.003435445949435234,-0.001207133405841887,-0.005240085534751415,-0.00762696098536253,-0.00888389814645052,-0.00730939069762826,-0.007320774719119072,-0.006634520832449198,-0.004145899321883917,-0.002670972840860486,-0.0035373084247112274,-0.0001779642334440723,-0.004481500014662743,-0.003540540812537074,-0.002061721868813038,-0.002315671183168888,-0.0017016497440636158,-0.002825272735208273,-0.0006050858064554632,-0.003882235148921609,-0.002022001426666975,7.208518945844844e-05,-0.0023126096930354834,-0.002346457215026021
CLX,11,2026-04-07 16:15:00+00:00,12:15,-0.002389148809015751,down,-0.0050295330584049225,-0.003429375821724534,-0.006926382891833782,-0.001928997691720724,-0.0028808778151869774,-0.0024991456884890795,-0.006982984021306038,-0.0063415830954909325,-0.005809251684695482,-0.007529681548476219,-0.007762377616018057,-0.004734496586024761,-0.004810439422726631,-0.004441953729838133,-0.0047155385836958885,-0.004935646895319223,-0.0030323618557304144,-0.002162246499210596,-0.0044247969053685665,-0.003280394710600376,-0.00564784649759531,-0.005928435828536749,-0.005740140099078417,-0.000641687074676156,-0.006368136033415794,-0.002389148809015751
TDG,11,2026-04-07 16:15:00+00:00,12:15,-0.0024027391336858273,down,-0.0051188040524721146,-0.003420907072722912,-0.005830723792314529,-0.0026313974522054195,-0.0036398733500391245,-0.005511823110282421,-0.004857951775193214,-0.004173919092863798,-0.006772228516638279,-0.005986162927001715,-0.0030492807272821665,-0.0014519940596073866,-0.0024824992287904024,-0.0019395347917452455,-0.0019865448120981455,-0.0031910217367112637,0.0004190525505691767,-0.00030369640444405377,0.0004250609199516475,-0.0005613731918856502,6.069187293178402e-05,-0.0015789854805916548,-0.0033084966707974672,-0.00241758581250906,-0.004848374519497156,-0.0024027391336858273
SPG,11,2026-04-07 16:15:00+00:00,12:15,-0.0024063605815172195,down,-0.0008408871944993734,0.0006165349623188376,9.912435780279338e-05,0.0013250360498204827,0.004299836233258247,0.002976910909637809,-0.0008091868367046118,-0.0005942774587310851,0.00023191020591184497,0.0005821182276122272,-0.00022031883418094367,0.001716350088827312,0.0012255861656740308,-5.192597018321976e-05,-0.0017053831834346056,-0.0018690584693104029,-0.0005259077297523618,-0.0015580832259729505,-0.0009645670652389526,-0.0005140504217706621,-0.0017400720389559865,-0.0030749377328902483,-0.0058136857114732265,-0.003540653269737959,-0.005396368447691202,-0.0024063605815172195
FDS,11,2026-04-07 16:15:00+00:00,12:15,-0.0024204261135309935,down,-0.000944463477935642,-0.0016536072362214327,-0.006996347568929195,-0.003854707581922412,-0.007428821641951799,-0.0058541311882436275,-0.00875736866146326,-0.004375014454126358,-0.008806324563920498,-0.0041834404692053795,-0.0042218854650855064,-0.0028827395290136337,-0.0040904805064201355,-0.005026084370911121,-0.005527902394533157,-0.007516368292272091,-0.004633327946066856,-0.005748954135924578,-0.005947406403720379,-0.005068901926279068,-0.00534022506326437,-0.008377724327147007,-0.005362529773265123,-0.0014235017588362098,-0.0014562859432771802,-0.0024204261135309935
STT,11,2026-04-07 16:15:00+00:00,12:15,-0.0024257218465209007,down,-0.004583786241710186,-0.0011594400275498629,-0.0026647099293768406,0.0011729465331882238,-0.0033214460127055645,-0.005764132831245661,-0.005678283981978893,-0.0036384875420480967,-0.004215970169752836,-0.004073953256011009,-0.0025395124685019255,-0.0012582142371684313,-0.0016431920230388641,-0.0023954270873218775,-0.001413122285157442,-0.0020676732528954744,-0.0014263802440837026,-0.00048245929065160453,-0.0016149812145158648,-0.001530649489723146,-0.004066293593496084,-0.0074145072139799595,-0.005833671893924475,-0.002942883176729083,-0.0033309506252408028,-0.0024257218465209007
KVUE,11,2026-04-07 16:15:00+00:00,12:15,-0.0024545646738260984,down,-0.00668683648109436,0.0010913459118455648,-0.002468035789206624,-0.0013740557478740811,-0.002680283272638917,-0.005179455038160086,-0.007510914001613855,-0.008250215090811253,-0.009214591234922409,-0.006819728761911392,-0.004771636798977852,-0.002507475670427084,-0.0011745085939764977,0.00417253328487277,-0.002949728164821863,-0.002109814202412963,-0.0031405643094331026,-0.0022070948034524918,-0.0027120732702314854,-0.0018880300922319293,0.000502570706885308,-0.0055686477571725845,-0.0032217211555689573,0.0008103777072392404,-0.006267040967941284,-0.0024545646738260984
TXN,11,2026-04-07 16:15:00+00:00,12:15,-0.002515149302780628,down,-0.00549229234457016,-0.004785175435245037,-0.007327219471335411,-0.005778281483799219,-0.006403746549040079,-0.007483516354113817,-0.009755779057741165,-0.00795495230704546,-0.00895740557461977,-0.008203323930501938,-0.007596621755510569,-0.005526889581233263,-0.006556191947311163,-0.004629272967576981,-0.00569907994940877,-0.005553341470658779,-0.002885334426537156,-0.0039164237678050995,-0.004658629186451435,-0.005105219781398773,-0.006981871090829372,-0.00817138608545065,-0.006577965337783098,-0.001623743213713169,-0.0025672686751931906,-0.002515149302780628
UNP,11,2026-04-07 16:15:00+00:00,12:15,-0.002527646254748106,down,-0.004692853428423405,-0.0023469773586839437,-0.0037483051419258118,-0.0028431883547455072,-0.00042053303332068026,-0.0019351381342858076,-0.00434681074693799,-0.0037392813246697187,-0.0031874689739197493,-0.002288623945787549,-0.0022649187594652176,-0.0025474955327808857,-0.002132319612428546,-0.0019377092830836773,-0.0016357451677322388,-0.001318058930337429,-0.0009231862495653331,-0.0015321355313062668,-0.0001632058119866997,0.00041783362394198775,-0.0012529193190857768,-0.0019205720163881779,-0.0041590239852666855,-0.0029853738378733397,-0.005285557825118303,-0.002527646254748106
J,11,2026-04-07 16:15:00+00:00,12:15,-0.00255130254663527,down,0.0015537368599325418,0.0029461791273206472,0.0019933811854571104,0.003418059553951025,0.004650416783988476,0.0019992657471448183,0.0012758721131831408,0.0011172916274517775,0.0026648540515452623,0.0020027945283800364,0.0019188433652743697,0.003774411976337433,0.0023105288855731487,0.0009156714077107608,0.001955344108864665,0.00030673170113004744,0.0022455716971307993,1.913929190777708e-05,-0.0012099501909688115,0.0007725919713266194,-0.001762020168825984,-0.004497032146900892,-0.004542406182736158,-0.0010987931163981557,-0.0036130170337855816,-0.00255130254663527
ETN,11,2026-04-07 16:15:00+00:00,12:15,-0.002591156866401434,down,-0.006732355337589979,-0.0056847864761948586,-0.011303038336336613,-0.008866441436111927,-0.010402786545455456,-0.01291759591549635,-0.015677468851208687,-0.011972065083682537,-0.011705203913152218,-0.010784519836306572,-0.006318678613752127,-0.007698013447225094,-0.006714250426739454,-0.007105611264705658,-0.009765500202775002,-0.008761581033468246,-0.006217970512807369,-0.008529451675713062,-0.007258627098053694,-0.008715040981769562,-0.0072133843787014484,-0.010958992876112461,-0.009758306667208672,-0.005835976451635361,-0.007071225438266993,-0.002591156866401434
PNW,11,2026-04-07 16:15:00+00:00,12:15,-0.0026267149951308966,down,-0.0010659565450623631,-0.00020859019423369318,-0.0007005758816376328,-0.0003772780764847994,0.0035273232497274876,0.0024205094669014215,0.0011592395603656769,-0.00125681865029037,0.0003558846074156463,-0.0015632869908586144,0.0007077488698996603,0.00029588694451376796,-0.00027397810481488705,-0.0006236458430066705,-0.0012369891628623009,-0.0006821851711720228,-0.000464886223198846,-3.44531872542575e-05,0.0008984366431832314,0.0007821589824743569,0.00022083135263528675,-0.001865318394266069,-0.0017897255020216107,-7.876611198298633e-05,-0.0009889942593872547,-0.0026267149951308966
HIG,11,2026-04-07 16:15:00+00:00,12:15,-0.002647120738402009,down,-0.00037627900019288063,0.001594499801285565,0.001296779839321971,0.0019024075008928776,0.004358897916972637,0.0036629806272685528,0.0022661651019006968,0.0007375437999144197,0.002134644193574786,0.0014821256045252085,0.003324340097606182,0.002485227072611451,0.0013445073273032904,0.0014008921571075916,0.0009165992960333824,-0.00017152188229374588,0.0009187248651869595,0.000692653120495379,-6.024650065228343e-05,6.942028267076239e-05,-0.0010706529719755054,-0.0024277507327497005,-0.003055127104744315,-0.0007937467307783663,-0.0032207320909947157,-0.002647120738402009
AZO,11,2026-04-07 16:15:00+00:00,12:15,-0.002667982829734683,down,-0.0037755323573946953,-0.0006418839329853654,-0.003518168581649661,-0.0016109718708321452,-0.0011226462665945292,-0.004802464973181486,-0.0039743054658174515,-0.004071485251188278,-0.005093367770314217,-0.003872576169669628,-0.001398144755512476,-0.0008418524521403015,-0.0012755789794027805,-0.00251814816147089,-0.003152706893160939,-0.0037724217399954796,-0.0021505316253751516,-0.002169841667637229,-0.0018552833935245872,-0.002226459328085184,-0.0019857187289744616,-0.004140470176935196,-0.005091374274343252,-0.0026872127782553434,-0.005318965297192335,-0.002667982829734683
ROP,11,2026-04-07 16:15:00+00:00,12:15,-0.002669462002813816,down,-0.0035721631720662117,-0.004417062737047672,-0.004686310887336731,-0.002063222462311387,-0.000905144726857543,-0.003064494812861085,-0.0040070489048957825,-0.003978827502578497,-0.004618616309016943,-0.005656451918184757,-0.003380770096555352,-0.0026075420901179314,-0.0028240059036761522,-0.0021305601112544537,-0.0015192562714219093,-0.0042968313209712505,-0.0032062712125480175,-0.0023026415146887302,-0.0034310033079236746,-0.0032345964573323727,-0.003644104115664959,-0.0051677352748811245,-0.005716705694794655,-0.0025917659513652325,-0.004856950603425503,-0.002669462002813816
CFG,11,2026-04-07 16:15:00+00:00,12:15,-0.0027028529439121485,down,-0.0027333765756338835,-0.00011794370948337018,-0.001578702125698328,-0.000641393184196204,-0.00048668633098714054,-0.0025675229262560606,-0.003595159389078617,-0.00341196171939373,-0.0035426935646682978,-0.004098996054381132,-0.0011655875714495778,-0.0012014872627332807,-0.0017758659087121487,-0.0011571642244234681,-0.000805168878287077,-0.0014416298363357782,-0.0010019029723480344,-0.0014486543368548155,-0.002351498231291771,-0.001613420550711453,-0.0019489601254463196,-0.0030277948826551437,-0.003216432174667716,-0.0021099657751619816,-0.004450488369911909,-0.0027028529439121485
MSCI,11,2026-04-07 16:15:00+00:00,12:15,-0.002772625768557191,down,-0.0038719207514077425,-0.0035102483816444874,-0.004852653481066227,-0.0019698473624885082,-0.002567447954788804,-0.0031240489333868027,-0.006865095812827349,-0.006547007244080305,-0.007760380394756794,-0.006139854434877634,-0.005373555701225996,-0.0031258065719157457,-0.0035912343300879,-0.003771513467654586,-0.0037774848751723766,-0.004472178872674704,-0.002775422530248761,-0.003194407094269991,-0.0035597586538642645,-0.004468798637390137,-0.005828410387039185,-0.008023399859666824,-0.0062613701447844505,-0.003637063317000866,-0.004915975499898195,-0.002772625768557191
XEL,11,2026-04-07 16:15:00+00:00,12:15,-0.0027769755106419325,down,-0.0011849048314616084,-0.001311995554715395,-0.0025575263425707817,-0.0012234922032803297,-0.00016652462363708764,-0.0024521166924387217,-0.003850658191367984,-0.0031384117901325226,-0.004009142983704805,-0.004948209971189499,-0.0015887761255726218,-0.00135205895639956,-0.0024193059653043747,-0.001226673019118607,-0.0027340163942426443,-0.0032083208207041025,-0.0026795368175953627,-0.003395935520529747,-0.003693076316267252,-0.0029964889399707317,-0.004549364559352398,-0.007148941978812218,-0.006664815358817577,-0.0032697285059839487,-0.0034716224763542414,-0.0027769755106419325
DOW,11,2026-04-07 16:15:00+00:00,12:15,-0.002795224543660879,down,0.0015815028455108404,0.00018094931147061288,-0.00646976288408041,-0.001872122404165566,-0.00538268219679594,-0.009046937339007854,-0.01359646674245596,-0.01109523419290781,-0.009614131413400173,-0.008357484824955463,-0.007579680997878313,-0.005959292873740196,-0.00741547392681241,-0.005558473989367485,-0.0037540672346949577,-0.006815516389906406,-0.008720878511667252,-0.009025425650179386,-0.009596267715096474,-0.010679464787244797,-0.010385006666183472,-0.012810423970222473,-0.009733812883496284,-0.006034852005541325,-0.0077165779657661915,-0.002795224543660879
FTV,11,2026-04-07 16:15:00+00:00,12:15,-0.002836723579093814,down,-0.0047253952361643314,-0.0008400664664804935,-0.003957679960876703,-0.001255825045518577,-0.001504113432019949,-0.002544256392866373,-0.004091587848961353,-0.0049630701541900635,-0.004538504872471094,-0.0039572217501699924,-0.0012826940510421991,-0.0016708035254850984,-0.001585935358889401,-0.001419146079570055,-8.277723100036383e-05,-0.001979353604838252,0.000866645947098732,0.00016518202028237283,-0.0003707778232637793,-0.0014447763096541166,-0.003215286647900939,-0.00594724016264081,-0.005559956654906273,-0.0024213253054767847,-0.004018189385533333,-0.002836723579093814
AEE,11,2026-04-07 16:15:00+00:00,12:15,-0.0028384204488247633,down,-0.0027576989959925413,-0.003457840299233794,-0.0022167684510350227,-0.0006694232579320669,0.001867830753326416,0.0006572205456905067,-0.0004351385578047484,-0.0021253442391753197,-0.0010831591207534075,-0.0022592118475586176,0.0008241101750172675,0.0009034730028361082,0.0005216141580604017,-3.1158870115177706e-05,-0.00013018958270549774,-0.00030584080377593637,0.0003702463291119784,-3.721198299899697e-05,-0.0007910136482678354,-0.000395490467781201,-0.001582354656420648,-0.0048005348071455956,-0.005270301830023527,-0.001934426138177514,-0.0027018915861845016,-0.0028384204488247633
APTV,11,2026-04-07 16:15:00+00:00,12:15,-0.0028613251633942127,down,-0.011908169835805893,-0.004481188487261534,-0.009829215705394745,-0.005533541552722454,-0.011351089924573898,-0.011880341917276382,-0.018416665494441986,-0.014741692692041397,-0.010495670139789581,-0.013730185106396675,-0.01048582699149847,-0.00913066603243351,-0.00700645986944437,-0.005578115116804838,-0.00921531394124031,-0.009504328481853008,-0.00781727023422718,-0.006927890237420797,-0.010775361210107803,-0.010081096552312374,-0.00982168409973383,-0.01374900620430708,-0.012966676615178585,-0.007155175786465406,-0.009494373574852943,-0.0028613251633942127
GEV,11,2026-04-07 16:15:00+00:00,12:15,-0.0029004360549151897,down,-0.006104452535510063,-0.01055061910301447,-0.012244783341884613,-0.0073028020560741425,-0.008099274709820747,-0.013269185088574886,-0.01655898615717888,-0.01153656467795372,-0.014960228465497494,-0.012384030036628246,-0.011930161155760288,-0.01118664350360632,-0.010346696712076664,-0.0113822715356946,-0.013351314701139927,-0.014329217374324799,-0.015157121233642101,-0.012861697003245354,-0.015689458698034286,-0.016544977203011513,-0.016702229157090187,-0.019104482606053352,-0.019593672826886177,-0.010214179754257202,-0.013396546244621277,-0.0029004360549151897
OMC,11,2026-04-07 16:15:00+00:00,12:15,-0.0029265442863106728,down,-0.0030209075193852186,-0.0006038284627720714,-0.0028226906433701515,-7.457442552549765e-05,-0.0026458268985152245,-0.004863870330154896,-0.006106363143771887,-0.005974600091576576,-0.005351480562239885,-0.004537038039416075,-0.0025542336516082287,-0.00040602541412226856,-0.0021344893611967564,-0.0008704147767275572,-0.0007614041678607464,-0.004808868747204542,-0.003462848486378789,-0.004365365952253342,-0.005170515738427639,-0.005627824459224939,-0.006859554443508387,-0.009243372827768326,-0.010213376954197884,-0.004732776433229446,-0.0063400655053555965,-0.0029265442863106728
WAB,11,2026-04-07 16:15:00+00:00,12:15,-0.0030223450157791376,down,-0.0031191373709589243,0.00023539878020528704,-0.0020220219157636166,-0.0002682298654690385,0.00044848097604699433,-0.0006809848709963262,-0.00409024627879262,-0.0008686294313520193,-0.0026759698521345854,-0.0004177552764303982,0.0037577319890260696,0.003301626769825816,0.0036020446568727493,0.003025747835636139,0.0017983445432037115,0.0018224332015961409,0.001272810623049736,0.0012425059685483575,0.002246845979243517,0.0007630002219229937,-4.099747820873745e-05,-0.0008938108803704381,-0.0007478471961803734,0.00024914435925893486,-0.0032728256192058325,-0.0030223450157791376
CBRE,11,2026-04-07 16:15:00+00:00,12:15,-0.003073028987273574,down,-0.0058419047854840755,-0.0038693274836987257,-0.006937810685485601,-0.00433270214125514,-0.006382077932357788,-0.00860152579843998,-0.0124905901029706,-0.010675354860723019,-0.009544898755848408,-0.010175862349569798,-0.007106533739715815,-0.0060403235256671906,-0.006982776336371899,-0.006313381716609001,-0.006920898798853159,-0.007637552451342344,-0.0046438658609986305,-0.006122492719441652,-0.00644983584061265,-0.008118132129311562,-0.006718186195939779,-0.007805133704096079,-0.008246947079896927,-0.003767426358535886,-0.005822264589369297,-0.003073028987273574
PPL,11,2026-04-07 16:15:00+00:00,12:15,-0.0031792623922228813,down,0.000672775786370039,0.0002689405810087919,-0.0006195978494361043,0.001794227515347302,0.002651908900588751,-4.6234890760388225e-05,-0.002424470614641905,-0.004097971599549055,-0.003807657863944769,-0.003949909936636686,-0.0021728354040533304,-0.0021409739274531603,-0.0026380333583801985,-0.002221429720520973,-0.003550880355760455,-0.003380779642611742,-0.002379467710852623,-0.0025553337763994932,-0.001117045059800148,-0.0003976523003075272,-0.0015306462300941348,-0.003203851403668523,-0.002092283684760332,-0.0008408396388404071,-0.0017127051251009107,-0.0031792623922228813
PLD,11,2026-04-07 16:15:00+00:00,12:15,-0.003218064084649086,down,-0.003436340717598796,-0.002458047354593873,-0.005868249572813511,-0.00231548841111362,-0.0008892143378034234,-0.00025556859327480197,-0.004282108508050442,-0.004281570203602314,-0.0037487330846488476,-0.004686115775257349,-0.003947092220187187,-0.00301098613999784,-0.0014401545049622655,-0.0028324665036052465,-0.004317831713706255,-0.004595553502440453,-0.002537010470405221,-0.0027516265399754047,-0.0017878682119771838,-0.0020663433242589235,-0.003490446601063013,-0.004172354005277157,-0.005247968249022961,-0.0019184984266757965,-0.005771224852651358,-0.003218064084649086
NWSA,11,2026-04-07 16:15:00+00:00,12:15,-0.0032363473437726498,down,-0.0034241622779518366,-0.001613927655853331,-0.002080339938402176,-0.001337995519861579,-0.0019692794885486364,-0.00594475120306015,-0.006115527357906103,-0.007527933456003666,-0.005869393236935139,-0.006610310170799494,-0.005118134897202253,-0.0031220614910125732,-0.0032569828908890486,-0.002958615543320775,-0.0023189669009298086,-0.003281919751316309,-0.0005712069687433541,-0.0018408260075375438,-0.0021696779876947403,-0.0014805509708821774,-0.0024752309545874596,-0.004366310779005289,-0.004680901300162077,-0.002266724593937397,-0.003210063325241208,-0.0032363473437726498
FRT,11,2026-04-07 16:15:00+00:00,12:15,-0.0032624127343297005,down,-0.0016124396352097392,-0.0005583749152719975,-0.0004166151047684252,-0.0010179183445870876,0.0037546223029494286,0.0021837397944182158,0.0007353877299465239,-0.0001557234354550019,0.0011656678980216384,0.0003115659055765718,0.0025434885174036026,0.0021844026632606983,0.0020359144546091557,-0.0002479262766428292,-0.00026852943119592965,-0.0005925173172727227,4.729306238004938e-05,-0.0004325247718952596,0.0002186910278396681,0.0004895474994555116,-0.0007540164515376091,-0.0028792486991733313,-0.0037619422655552626,-0.0015181758208200336,-0.002878292463719845,-0.0032624127343297005
BRO,11,2026-04-07 16:15:00+00:00,12:15,-0.003266195999458432,down,-0.001289691193960607,0.0004348215297795832,-0.0041411640122532845,-0.00273573468439281,-0.005523637402802706,-0.004942744038999081,-0.00967822689563036,-0.007044412195682526,-0.007190211676061153,-0.007183565758168697,-0.007583254482597113,-0.006493004038929939,-0.005488910246640444,-0.0027025442104786634,-0.0031460158061236143,-0.0030679949559271336,-0.004045749083161354,-0.003794460091739893,-0.0065751145593822,-0.004857285879552364,-0.005617369897663593,-0.005983375478535891,-0.004917442332953215,-0.0022352179512381554,-0.003613727865740657,-0.003266195999458432
ACN,11,2026-04-07 16:15:00+00:00,12:15,-0.0033240821212530136,down,-0.005457776598632336,-0.0023226263001561165,-0.0047518531791865826,-0.0022102640941739082,-0.006007833406329155,-0.006208582781255245,-0.005941478069871664,-0.0035821639467030764,-0.003957740496844053,-0.004158125724643469,-0.0045270719565451145,-0.0037448869552463293,-0.0020683202892541885,-0.0030673362780362368,-0.0028707999736070633,-0.004296857863664627,-0.0006693439790979028,-0.0028293265495449305,-0.0029754703864455223,-0.00485044252127409,-0.005038401111960411,-0.006117135751992464,-0.0060365512035787106,-0.005264453124254942,-0.003040449460968375,-0.0033240821212530136
WELL,11,2026-04-07 16:15:00+00:00,12:15,-0.003326371079310775,down,-0.0052121663466095924,-0.0014314621221274137,-0.002674286486580968,0.0003442222368903458,0.0030733111780136824,-0.00013383048644755036,-0.000706398393958807,-0.001040197443217039,-0.001363770687021315,-0.002002190100029111,-0.0015122081385925412,-0.0018725701374933124,-0.0018693854799494147,-0.0030918456614017487,-0.0024014043156057596,-0.0011204679030925035,-0.0002370317670283839,-0.0006753824418410659,0.0010629339376464486,0.0007384728523902595,-0.0018357273656874895,-0.00427356269210577,-0.00596866849809885,-0.003340057097375393,-0.0043427543714642525,-0.003326371079310775
DD,11,2026-04-07 16:15:00+00:00,12:15,-0.0033411376643925905,down,-0.006941487081348896,-0.005492227151989937,-0.006760132033377886,-0.0054290881380438805,-0.005883338861167431,-0.007910538464784622,-0.010116081684827805,-0.009605140425264835,-0.010663100518286228,-0.008336158469319344,-0.005474999081343412,-0.006178564857691526,-0.005905728787183762,-0.005616183392703533,-0.007051299791783094,-0.007754298858344555,-0.004613582044839859,-0.0051804231479763985,-0.005763258785009384,-0.003263650229200721,-0.0029537577647715807,-0.007087277714163065,-0.006033777259290218,-0.0017791269347071648,-0.004966947250068188,-0.0033411376643925905
TPR,11,2026-04-07 16:15:00+00:00,12:15,-0.0033629017416387796,down,-0.0010161572135984898,0.0032964616548269987,-0.001973559847101569,-3.013471905433107e-05,-0.0030124594923108816,-0.005483906250447035,-0.013662957586348057,-0.009417508728802204,-0.010955891571938992,-0.010568065568804741,-0.009104032069444656,-0.009864731691777706,-0.008331687189638615,-0.011525988578796387,-0.009381596930325031,-0.008815876208245754,-0.005692742764949799,-0.004993368871510029,-0.006188963074237108,-0.0062010446563363075,-0.0068722497671842575,-0.007853580638766289,-0.008090171962976456,-0.003269278910011053,-0.007237987592816353,-0.0033629017416387796
HII,11,2026-04-07 16:15:00+00:00,12:15,-0.0033927990589290857,down,-0.0038912200834602118,0.0021657494362443686,-0.006134537979960442,-0.0012369106989353895,-0.0027676692698150873,-0.005795192439109087,-0.0064714993350207806,-0.004650456365197897,-0.003918403293937445,-0.00201168074272573,-0.003688181284815073,0.0014101004926487803,0.00048551286454312503,0.001568588544614613,-0.0035594147630035877,-0.003794056596234441,-0.002342517487704754,0.0006859285058453679,-0.0021843246649950743,-0.006523589603602886,-0.011021426878869534,-0.007927661761641502,-0.005767473950982094,0.0014341564383357763,-0.0020003500394523144,-0.0033927990589290857
PNC,11,2026-04-07 16:15:00+00:00,12:15,-0.0034107379615306854,down,-0.007524578832089901,-0.004842862486839294,-0.005587809253484011,-0.004231139086186886,-0.0030870058108121157,-0.005081895738840103,-0.006178859155625105,-0.005662876646965742,-0.0060301232151687145,-0.006501455791294575,-0.004115944728255272,-0.004373569972813129,-0.003933535423129797,-0.0032491593156009912,-0.0044475034810602665,-0.003961135167628527,-0.002150289947167039,-0.003968535456806421,-0.0036721357610076666,-0.004514928907155991,-0.0047653852961957455,-0.0068212407641112804,-0.007847694680094719,-0.0042265974916517735,-0.004424178972840309,-0.0034107379615306854
CTVA,11,2026-04-07 16:15:00+00:00,12:15,-0.0034253080375492573,down,-0.004925349727272987,-0.0035190200433135033,-0.0050806161016225815,-0.001658127293922007,-0.0011465834686532617,-0.004938365891575813,-0.005630505736917257,-0.004851374309509993,-0.006183085031807423,-0.005303142126649618,-0.003059779293835163,-0.0018389364704489708,-0.0029425756074488163,-0.0025468941312283278,-0.0036831360775977373,-0.005416440311819315,-0.0041238972917199135,-0.0030925374012440443,-0.004631103482097387,-0.0038922184612601995,-0.00576402060687542,-0.008171580731868744,-0.007616894319653511,-0.0038134257774800062,-0.005213199183344841,-0.0034253080375492573
AFL,11,2026-04-07 16:15:00+00:00,12:15,-0.003425862640142441,down,-0.0018883057637140155,-0.0018781523685902357,-0.0007462578359991312,-0.0013599415542557836,0.0033900446724146605,0.001694176229648292,0.0005706378724426031,0.0005826898850500584,0.0012744166888296604,0.0008215163252316415,0.0024275619070976973,0.001882500248029828,0.00040615908801555634,0.0002555399260018021,-0.0011297387536615133,-0.0001624004216864705,6.0901140386704355e-05,0.00012772457557730377,0.00010775597183965147,0.0008469494641758502,0.00012349782628007233,-0.0021653249859809875,-0.002082264516502619,-0.0008126651518978179,-0.001850564032793045,-0.003425862640142441
RF,11,2026-04-07 16:15:00+00:00,12:15,-0.0034543254878371954,down,-0.008245105855166912,-0.00027898818370886147,-0.0030241874046623707,-0.0009865739848464727,-0.001424048445187509,-0.0013007718371227384,-0.004012410528957844,-0.0026672868989408016,-0.00507488613948226,-0.006278559099882841,-0.004193366505205631,-0.004075590521097183,-0.004342958796769381,-0.002370230620726943,-0.0019184332340955734,-0.0020782011561095715,-0.0025078137405216694,-0.002835148712620139,-0.0033582181204110384,-0.002527186181396246,-0.003146437229588628,-0.004921143874526024,-0.004106149543076754,-0.0013571314048022032,-0.003339226823300123,-0.0034543254878371954
EXR,11,2026-04-07 16:15:00+00:00,12:15,-0.003505383851006627,down,-0.002249130280688405,-0.0008252518600784242,-0.004115244373679161,-0.0017413137247785926,-0.0008624574402347207,-0.0018196841701865196,-0.006402633618563414,-0.005084751173853874,-0.005934892687946558,-0.004858030006289482,-0.002462527249008417,-0.001613932428881526,-0.0013967541744932532,-0.00046605858369730413,-0.001169770141132176,-0.002485549310222268,-0.0003075050190091133,-0.001444991328753531,-0.001745609100908041,-0.002540030051022768,-0.002348893089219928,-0.005334332585334778,-0.005484019406139851,-0.0028671221807599068,-0.005160300061106682,-0.003505383851006627
CHTR,11,2026-04-07 16:15:00+00:00,12:15,-0.0035252610687166452,down,-0.005058241076767445,-0.001614948851056397,-0.005726398900151253,-0.005073457956314087,-0.008098316378891468,-0.008767353370785713,-0.012531107291579247,-0.009631011635065079,-0.008709315210580826,-0.006570994853973389,-0.0030293967574834824,-0.002907099900767207,-0.003695552470162511,-0.002474132226780057,-0.0034453223925083876,-0.006041603162884712,-0.0031821902375668287,-0.003132136072963476,-0.004401220940053463,-0.005976719316095114,-0.006371493451297283,-0.009119560942053795,-0.008108707144856453,-0.0012460786383599043,-0.005292828194797039,-0.0035252610687166452
CINF,11,2026-04-07 16:15:00+00:00,12:15,-0.0035257707349956036,down,0.0007430448313243687,0.002877563238143921,0.0013722442090511322,0.003110666060820222,0.004265069030225277,0.003346495795994997,0.0009351576445624232,0.0013051845598965883,0.0030219024047255516,0.0007890210836194456,0.0020665901247411966,0.0027825285214930773,0.00151245784945786,0.001371484831906855,0.0014807776315137744,-0.000506800482980907,0.002069680718705058,0.0018801959231495857,0.0016048025572672486,-4.6122098865453154e-05,-0.0017201341688632965,-0.0026964640710502863,-0.004445299040526152,-0.000969465880189091,-0.004667756147682667,-0.0035257707349956036
EXC,11,2026-04-07 16:15:00+00:00,12:15,-0.003548908280208707,down,-0.0023375051096081734,0.002341639017686248,0.00026944419369101524,0.0021238024346530437,0.002311923075467348,2.5784132958506234e-05,-0.0010616923682391644,-0.0030992100946605206,-0.0013210803736001253,-0.0017334846779704094,0.0009582123602740467,0.0005388949648477137,-0.0011013734620064497,-0.0004372958792373538,-0.000501347822137177,-0.0013914640294387937,-0.0005787222180515528,-0.00046537278103642166,-0.00022750311472918838,-0.00012495077680796385,-0.0020043158438056707,-0.0042238663882017136,-0.0045458911918103695,7.621027179993689e-05,-0.0025953142903745174,-0.003548908280208707
ITW,11,2026-04-07 16:15:00+00:00,12:15,-0.0035671961959451437,down,-0.0052704354748129845,-0.0031240989919751883,-0.005265465006232262,-0.00543890381231904,-0.0008702302584424615,-0.003416965017095208,-0.006234538741409779,-0.0035345202777534723,-0.0036188282538205385,-0.0031420914456248283,-0.0016875100554898381,-0.0029902267269790173,-0.004910469986498356,-0.00385934766381979,-0.0036673774011433125,-0.004182678647339344,-0.0012238018680363894,-0.0026748578529804945,-0.002989605301991105,-0.0041384026408195496,-0.004541635978966951,-0.005774373188614845,-0.006630562245845795,-0.0027354867197573185,-0.005590370390564203,-0.0035671961959451437
RJF,11,2026-04-07 16:15:00+00:00,12:15,-0.003583635203540325,down,-0.006334965582937002,-0.004865833092480898,-0.006628903094679117,-0.004192807245999575,-0.007938596419990063,-0.010031360201537609,-0.014622117392718792,-0.012888281606137753,-0.011526730842888355,-0.013199260458350182,-0.008625883609056473,-0.007796586491167545,-0.008717578835785389,-0.006628479342907667,-0.007558675017207861,-0.007012239191681147,-0.004834840074181557,-0.006155938841402531,-0.007013810332864523,-0.008484913036227226,-0.007871203124523163,-0.00794455036520958,-0.00775292469188571,-0.0050486414693295956,-0.007865671999752522,-0.003583635203540325
TSN,11,2026-04-07 16:15:00+00:00,12:15,-0.0035873609595000744,down,3.936356370104477e-05,0.0042341602966189384,0.002655209042131901,0.0018719439394772053,0.00234444928355515,-2.3511629478889517e-05,-0.0013656325172632933,-0.0042424253188073635,-0.003036100184544921,-0.0036148945800960064,-0.0009733586339280009,0.00022147480922285467,-0.000667474465444684,-0.0009749215096235275,-0.0013737701810896397,-0.0014547924511134624,-0.0004791732062585652,-0.0011756294406950474,-0.0002952252689283341,0.0005724382936023176,0.00016202437109313905,-0.002163501223549247,-0.0025467348750680685,0.00020821968792006373,-0.003625445533543825,-0.0035873609595000744
ACGL,11,2026-04-07 16:15:00+00:00,12:15,-0.00362784112803638,down,-0.0030340696685016155,-0.0007019832264631987,-0.0008168271160684526,-0.0006224148673936725,0.0019344700267538428,-0.000638626457657665,-0.0019035495351999998,-0.0031655640341341496,-0.003045273944735527,-0.0032034586183726788,-5.3324860346037894e-05,-0.00052008026978001,-0.0006543329218402505,-0.00159208825789392,-0.0016536449547857046,-0.0018551714019849896,-0.00171463203150779,-0.0014222529716789722,-0.0014624762116000056,-5.701469490304589e-05,-0.0018984678899869323,-0.005180210340768099,-0.005313672591000795,-0.0029465665575116873,-0.0037507927045226097,-0.00362784112803638
PLTR,11,2026-04-07 16:15:00+00:00,12:15,-0.0036491581704467535,down,-0.014163128100335598,-0.01244099996984005,-0.023974580690264702,-0.01896783709526062,-0.02021758072078228,-0.019642619416117668,-0.021802306175231934,-0.02017863281071186,-0.018132632598280907,-0.014261852018535137,-0.009601847268640995,-0.010036581195890903,-0.012550405226647854,-0.012582416646182537,-0.012126115150749683,-0.017441237345337868,-0.011987543664872646,-0.009553556330502033,-0.010030839592218399,-0.011251555755734444,-0.014600077643990517,-0.018126266077160835,-0.01755240373313427,-0.012031521648168564,-0.015388433821499348,-0.0036491581704467535
AON,11,2026-04-07 16:15:00+00:00,12:15,-0.003667538519948721,down,-0.004770929459482431,-0.00328085757791996,-0.005257733631879091,-0.0030232160352170467,-0.0032871065195649862,-0.004715736489742994,-0.0064542279578745365,-0.006942521780729294,-0.009937291033565998,-0.010253644548356533,-0.0075587257742881775,-0.0056682731956243515,-0.0067533631809055805,-0.007656279485672712,-0.0073087504133582115,-0.00732595706358552,-0.005864740815013647,-0.004231513012200594,-0.006498873233795166,-0.005962415598332882,-0.004422005265951157,-0.008151886984705925,-0.008013803511857986,-0.004717805422842503,-0.00613348139449954,-0.003667538519948721
WM,11,2026-04-07 16:15:00+00:00,12:15,-0.0036733478773385286,down,-0.002697895048186183,-0.001253160065971315,-0.0003941044269595295,5.707095988327637e-05,0.0019862824119627476,-0.0002680874604266137,-0.0013383269542828202,-0.0029468482825905085,-0.0030640163458883762,-0.0018868901534006,-0.0005927561433054507,-0.001362031209282577,-0.001285813981667161,-0.0021085157059133053,-0.00243502389639616,-0.00339592550881207,-0.004293793812394142,-0.0031685656867921352,-0.002160457894206047,-0.0015616232994943857,-0.001795358955860138,-0.0037061008624732494,-0.004410945810377598,-0.0027970068622380495,-0.004477113485336304,-0.0036733478773385286
IEX,11,2026-04-07 16:15:00+00:00,12:15,-0.003674519481137395,down,-0.001477147568948567,0.0004619163228198886,-0.0012850899947807193,0.0014743824722245336,-0.0009270175942219794,-0.0018881486030295491,-0.0037437775172293186,-0.002295220736414194,-0.0029113299679011106,-0.0029222392477095127,-0.0017972839996218681,0.00040432417881675065,-0.00031616195337846875,-0.00012258526112418622,-0.0004403414495754987,-0.0009793972130864859,0.0001705658360151574,0.001461413106881082,-0.0007742614252492785,-0.0014795945025980473,-0.002534333150833845,-0.003367427969351411,-0.0035602969583123922,-0.00019308918854221702,-0.0034794099628925323,-0.003674519481137395
Q,11,2026-04-07 16:15:00+00:00,12:15,-0.0037040156312286854,down,-0.0006902111927047372,-0.0023166253231465816,-0.004985066596418619,-0.004270138684660196,-0.007791962008923292,-0.008823912590742111,-0.013792330399155617,-0.00960159208625555,-0.01104005891829729,-0.008914808742702007,-0.005304174497723579,-0.0042669824324548244,-0.005126535892486572,-0.0053334408439695835,-0.005484284367412329,-0.006518537178635597,-0.005673934705555439,-0.006431272253394127,-0.008585017174482346,-0.00875996146351099,-0.00807048287242651,-0.009501009248197079,-0.007338324561715126,-0.0004734811373054981,-0.0039454358629882336,-0.0037040156312286854
GCUSD,11,2026-04-07 16:15:00+00:00,12:15,-0.003735525766387582,down,-0.006156941410154104,-0.0047953007742762566,-0.008232646621763706,-0.0038806793745607138,-0.00295980554074049,-0.00644576596096158,-0.00648707989603281,-0.006354423239827156,-0.008400000631809235,-0.0065140314400196075,-0.004534611012786627,-0.004023530054837465,-0.0034652522299438715,-0.004236013628542423,-0.00419102655723691,-0.0058442577719688416,-0.0041527957655489445,-0.004492678213864565,-0.005084387492388487,-0.005818124394863844,-0.007481752894818783,-0.008479139767587185,-0.00838552974164486,-0.005576645024120808,-0.00796016026288271,-0.003735525766387582
AVY,11,2026-04-07 16:15:00+00:00,12:15,-0.0038303122855722904,down,-0.004920873790979385,-0.00021335281780920923,-0.003247861284762621,-0.0016034117434173822,-0.00335427513346076,-0.0037832276429980993,-0.008174069225788116,-0.006798688322305679,-0.00905674323439598,-0.009658392518758774,-0.007124654948711395,-0.008841709233820438,-0.009600651450455189,-0.010587180033326149,-0.008056547492742538,-0.010072564706206322,-0.00963975116610527,-0.006815861910581589,-0.0076738400384783745,-0.00582466134801507,-0.003938904497772455,-0.005793657619506121,-0.0043089003302156925,-0.0008659090963192284,-0.004181970376521349,-0.0038303122855722904
PGR,11,2026-04-07 16:15:00+00:00,12:15,-0.003848802065476775,down,-0.0022501370403915644,-0.00032029952853918076,-0.0008336622850038111,0.0013201420661062002,-0.0006348898750729859,-0.0037541387137025595,-0.004924010951071978,-0.003887391183525324,-0.004402704071253538,-0.004178125876933336,-0.003212641691789031,-0.0031323086004704237,-0.002713323337957263,-0.003217772115021944,-0.002908812602981925,-0.0033197214361280203,-0.0021896346006542444,-0.0013311539078131318,-0.0030869862530380487,-0.003044626209884882,-0.004431102424860001,-0.005282911937683821,-0.006260018330067396,-0.0028762416914105415,-0.004460832569748163,-0.003848802065476775
IP,11,2026-04-07 16:15:00+00:00,12:15,-0.0038544549606740475,down,-0.008494039066135883,-0.0001302249584114179,-0.0024927821941673756,-0.0006600525812245905,-0.004819453228265047,-0.0038610140327364206,-0.005872176960110664,-0.0046378327533602715,-0.0041367532685399055,-0.005243128165602684,-0.004433745983988047,-0.004373657051473856,-0.004983229096978903,-0.005518539343029261,-0.004693702328950167,-0.005150485783815384,-0.002631286159157753,-0.004501428920775652,-0.005522088147699833,-0.005051795393228531,-0.003115828614681959,-0.0050766984932124615,-0.006670886650681496,-0.004193746019154787,-0.006789663806557655,-0.0038544549606740475
DHR,11,2026-04-07 16:15:00+00:00,12:15,-0.0038946676068007946,down,-0.005236329976469278,-0.003223635256290436,-0.006005183327943087,-0.004844581242650747,-0.007027368061244488,-0.008326700888574123,-0.00857317354530096,-0.00657724030315876,-0.007872032932937145,-0.007347345817834139,-0.006331910844892263,-0.0038045747205615044,-0.005227367859333754,-0.005474821664392948,-0.006866137031465769,-0.005917863920331001,-0.003671602113172412,-0.005066760815680027,-0.006117107812315226,-0.005495627410709858,-0.0052140518091619015,-0.0066046579740941525,-0.006548597477376461,-0.002703057834878564,-0.0036976351402699947,-0.0038946676068007946
MCO,11,2026-04-07 16:15:00+00:00,12:15,-0.0039019130636006594,down,-0.007427989970892668,-0.006845154333859682,-0.005925718229264021,-0.0034777363762259483,-0.007524789776653051,-0.00929663423448801,-0.009009227156639099,-0.009761207737028599,-0.011325697414577007,-0.011088039726018906,-0.008367755450308323,-0.0064554219134151936,-0.008527426049113274,-0.008252349682152271,-0.007383869495242834,-0.009614302776753902,-0.00842735730111599,-0.00631724763661623,-0.008126684464514256,-0.009063209407031536,-0.006659286562353373,-0.00884389877319336,-0.008935804478824139,-0.005732077173888683,-0.007197953760623932,-0.0039019130636006594
EQR,11,2026-04-07 16:15:00+00:00,12:15,-0.003920011222362518,down,-0.005275898613035679,-0.001743327477015555,-0.0044441018253564835,-0.002565318252891302,-0.0005106235039420426,-0.0035560070537030697,-0.004223349969834089,-0.005282070022076368,-0.0029722454492002726,-0.003947881516069174,-0.0009508324437774718,-0.0019628279842436314,-0.0021634523291140795,-0.0031620545778423548,-0.003862201701849699,-0.004317707847803831,-0.0007629861938767135,-0.0017590639181435108,-9.746161958901212e-05,-0.0001443198707420379,-0.0027040387503802776,-0.005430000834167004,-0.0055926027707755566,-0.0038931069429963827,-0.005267741158604622,-0.003920011222362518
IT,11,2026-04-07 16:15:00+00:00,12:15,-0.00398912513628602,down,-0.006108826491981745,0.002066425047814846,-0.007863735780119896,-0.0040164669044315815,-0.012310723774135113,-0.01290893368422985,-0.014163421466946602,-0.013469856232404709,-0.012625806033611298,-0.01277282927185297,-0.00597373116761446,-0.002648354507982731,-0.005438451189547777,-0.0043161832727491856,-0.007326479535549879,-0.007738971151411533,-0.006423377897590399,-0.005816776771098375,-0.004527808167040348,-0.007105221506208181,-0.006451129447668791,-0.007250018883496523,-0.0084782550111413,-0.005422750487923622,-0.010330933146178722,-0.00398912513628602
AMAT,11,2026-04-07 16:15:00+00:00,12:15,-0.003996777813881636,down,-0.015357973985373974,-0.01591714471578598,-0.022884119302034378,-0.018781304359436035,-0.02200351096689701,-0.027221253141760826,-0.02864930033683777,-0.02279793471097946,-0.022085370495915413,-0.018744973465800285,-0.0149078955873847,-0.017364146187901497,-0.015898244455456734,-0.016158392652869225,-0.018760791048407555,-0.021586766466498375,-0.018702995032072067,-0.020210184156894684,-0.021169593557715416,-0.02302166447043419,-0.021340925246477127,-0.025175662711262703,-0.02660144306719303,-0.013798900879919529,-0.017174290493130684,-0.003996777813881636
BRK-B,11,2026-04-07 16:15:00+00:00,12:15,-0.004007943440228701,down,-0.007384119089692831,-0.006941691972315311,-0.00725860521197319,-0.004279713146388531,-0.0031440078746527433,-0.003732699900865555,-0.0063453614711761475,-0.007412488106638193,-0.00814064871519804,-0.0065950858406722546,-0.005621036980301142,-0.005718723405152559,-0.0059358892031013966,-0.006552473641932011,-0.006061393767595291,-0.006448671221733093,-0.005023499950766563,-0.005126217845827341,-0.004907314199954271,-0.004572917241603136,-0.00396270677447319,-0.0060149021446704865,-0.006131929345428944,-0.004359645303338766,-0.006492973305284977,-0.004007943440228701
ORLY,11,2026-04-07 16:15:00+00:00,12:15,-0.0040143500082194805,down,-0.0036832832265645266,-0.0026033909525722265,-0.002555987099185586,-0.0014476231299340725,-0.0007951993611641228,-0.002180744195356965,-0.0055998279713094234,-0.00569336349144578,-0.006284732837229967,-0.007188108284026384,-0.00615359004586935,-0.003955321852117777,-0.004685914609581232,-0.0023187350016087294,-0.0016127921408042312,-0.002631220268085599,-0.0011116259265691042,-0.0022709760814905167,-0.0016396718565374613,-0.0012078547151759267,-0.0009762694244273007,-0.004271572455763817,-0.003292191307991743,-3.9335085602942854e-05,-0.00215442874468863,-0.0040143500082194805
ERIE,11,2026-04-07 16:15:00+00:00,12:15,-0.004026867914944887,down,0.0021942132152616978,0.005036475602537394,0.0031671980395913124,0.00613431679084897,0.0053102001547813416,0.003065415658056736,0.0007190132164396346,0.002155375201255083,0.0013716095127165318,0.0014843844110146165,0.005011196713894606,0.00594655517488718,0.0028873824048787355,0.004600935149937868,0.0031547537073493004,0.0022165081463754177,0.004375821445137262,0.0019510528072714806,0.0030209289398044348,0.0008761717472225428,-3.4998774935957044e-05,0.0002057228412013501,-0.001303303288295865,0.0027008827310055494,-0.0023981702979654074,-0.004026867914944887
EPAM,11,2026-04-07 16:15:00+00:00,12:15,-0.0040326425805687904,down,-0.005698611028492451,0.0006825750460848212,-0.002164986450225115,-0.00257961661554873,-0.007830881513655186,-0.008122009225189686,-0.012271393090486526,-0.011286870576441288,-0.009529263712465763,-0.011718068271875381,-0.007269132416695356,-0.006063597742468119,-0.004587289411574602,-0.0052507007494568825,-0.006385213229805231,-0.0039397659711539745,-0.0032649515196681023,-0.003693693783134222,-0.006330902688205242,-0.006082236301153898,-0.007595706265419722,-0.008647942915558815,-0.00912008062005043,-0.007410054560750723,-0.009948257356882095,-0.0040326425805687904
EG,11,2026-04-07 16:15:00+00:00,12:15,-0.004040517844259739,down,-0.0017440435476601124,0.001659038127399981,-0.00027594860875979066,0.0019275631057098508,0.0013098572380840778,-0.00045395561028271914,-0.0028423599433153868,-0.001676576561294496,-0.002427163301035762,-0.0024681054055690765,-0.0010677037062123418,-0.00032903446117416024,-0.00030351901659742,-0.0006642203079536557,-0.0015018383273854852,-0.002655021147802472,-0.001069730962626636,-0.0013613770715892315,-0.0019418925512582064,-0.0036360505037009716,-0.0037640377413481474,-0.00487187085673213,-0.004718664567917585,-0.00155223801266402,-0.004698815755546093,-0.004040517844259739
BK,11,2026-04-07 16:15:00+00:00,12:15,-0.004043282475322485,down,-0.00907108373939991,-0.008105525746941566,-0.00944424606859684,-0.0059164646081626415,-0.0038433086592704058,-0.006626882590353489,-0.009488546289503574,-0.009210450574755669,-0.008177334442734718,-0.008243246003985405,-0.006092443596571684,-0.00513829942792654,-0.004759958479553461,-0.004588120151311159,-0.0034420883748680353,-0.00447460263967514,-0.0020103363785892725,-0.001207190565764904,-0.0023047788999974728,-0.00237747048959136,-0.003311371896415949,-0.004876291379332542,-0.005721470806747675,-0.001276099355891347,-0.0018234621966257691,-0.004043282475322485
LMT,11,2026-04-07 16:15:00+00:00,12:15,-0.004056171048432589,down,-0.0055952249094843864,-0.004607400391250849,-0.00512244226410985,-0.0022243987768888474,-0.002809524070471525,-0.004588587675243616,-0.005200488958507776,-0.005533528979867697,-0.008314859122037888,-0.006077404133975506,-0.004116373602300882,-0.003025563433766365,-0.004234418738633394,-0.004290059208869934,-0.005744068417698145,-0.006318653933703899,-0.003907046280801296,-0.004943907726556063,-0.005758884362876415,-0.00532335601747036,-0.005330112297087908,-0.007278311066329479,-0.008401701226830482,-0.004740011878311634,-0.0060626245103776455,-0.004056171048432589
WEC,11,2026-04-07 16:15:00+00:00,12:15,-0.004061935003846884,down,-0.004140959586948156,-0.0040216888301074505,-0.004268112126737833,-0.0029528585728257895,-7.010791159700602e-05,-0.003180938772857189,-0.005731099285185337,-0.0034316147211939096,-0.0035901388619095087,-0.004354066681116819,-0.001154211349785328,-0.00025464294594712555,-0.0010107270209118724,-0.0016770687652751803,-0.001776606310158968,-0.0022868893574923277,-0.0017918123630806804,-0.0025079676415771246,-0.002843812806531787,-0.0025639364030212164,-0.0031213860493153334,-0.007301755715161562,-0.007276189513504505,-0.004285460337996483,-0.006596448831260204,-0.004061935003846884
TDY,11,2026-04-07 16:15:00+00:00,12:15,-0.004062185995280743,down,-0.002196090528741479,9.961284376913682e-06,-0.0023623190354555845,-0.00016174755000974983,-0.001069411402568221,-0.0012410293566063046,-0.005063531454652548,-0.005083801224827766,-0.007313285954296589,-0.005562721751630306,-0.0026374212466180325,-0.002392030553892255,-0.0018900666618719697,-0.002020537154749036,-0.0035671319346874952,-0.0039425077848136425,-0.0008361932705156505,-0.0021393990609794855,-0.002976302057504654,-0.0037308414466679096,-0.003676716471090913,-0.004653139039874077,-0.00549411540850997,-0.0028818203136324883,-0.004999150056391954,-0.004062185995280743
DECK,11,2026-04-07 16:15:00+00:00,12:15,-0.004086239729076624,down,-0.0018862588331103325,0.0018342506373301148,-0.004610144533216953,-0.0010812142863869667,-0.005574995651841164,-0.007515863515436649,-0.010213406756520271,-0.0077237640507519245,-0.006195934023708105,-0.005727659910917282,-0.0039162845350801945,-0.004610261879861355,-0.0009594914736226201,0.0002470880572218448,-0.005369371268898249,-0.004730720538645983,-0.0023978091776371002,-0.005499440245330334,-0.006409397814422846,-0.006872855126857758,-0.009774262085556984,-0.011160830967128277,-0.011935023590922356,-0.0062930649146437645,-0.00976553838700056,-0.004086239729076624
ALGN,11,2026-04-07 16:15:00+00:00,12:15,-0.004093105439096689,down,0.0008855026680976152,0.005171326454728842,-0.00042198054143227637,0.0011470640311017632,-0.007525082677602768,-0.007620465941727161,-0.008344603702425957,-0.007231147028505802,-0.008375423960387707,-0.007658665534108877,-0.005672567989677191,-0.0015776195796206594,-0.004048592876642942,-0.0032673897221684456,-0.004399091005325317,-0.0059112198650836945,0.0008372827433049679,-0.00047347572399303317,-0.0015326827997341752,-0.004982395563274622,-0.0034063488710671663,-0.005414674524217844,-0.003630128689110279,-0.0025169297587126493,-0.004764310084283352,-0.004093105439096689
PKG,11,2026-04-07 16:15:00+00:00,12:15,-0.004098294302821159,down,-0.007791899144649506,-0.005790258292108774,-0.00625904044136405,-0.004021170549094677,-0.003892742097377777,-0.004728639032691717,-0.008808018639683723,-0.007126534823328257,-0.008535555563867092,-0.005743106827139854,-0.0038568410091102123,-0.004467317834496498,-0.004513532388955355,-0.00423171604052186,-0.003328908933326602,-0.003554654074832797,-0.00299789197742939,-0.002282427391037345,-0.004120225552469492,-0.0034119996707886457,-0.004453015513718128,-0.007074389141052961,-0.006800396367907524,-0.0061645242385566235,-0.007165844086557627,-0.004098294302821159
URI,11,2026-04-07 16:15:00+00:00,12:15,-0.004115021787583828,down,-0.003583581419661641,-0.00218117400072515,-0.0018407433526590466,-0.0001225773012265563,-0.0025007426738739014,-0.0043160803616046906,-0.00715725077316165,-0.006641831714659929,-0.00814425852149725,-0.007606734987348318,-0.005551398266106844,-0.003850369481369853,-0.0037416114937514067,-0.0030245683155953884,-0.0035048220306634903,-0.005423750262707472,-0.0034835669212043285,-0.004098961595445871,-0.00543690612539649,-0.006685731001198292,-0.007303603924810886,-0.007270132657140493,-0.00846700556576252,-0.004131138324737549,-0.006243998650461435,-0.004115021787583828
TXT,11,2026-04-07 16:15:00+00:00,12:15,-0.004138079471886158,down,-0.0028299971017986536,-0.0016856584697961807,-0.0013886837987229228,-0.0010905328672379255,-0.0006342449923977256,-0.0046406579203903675,-0.007443563546985388,-0.007720595691353083,-0.008193250745534897,-0.009675010107457638,-0.008779595606029034,-0.007556738797575235,-0.009644855745136738,-0.009343672543764114,-0.008201218210160732,-0.00976200308650732,-0.006860560737550259,-0.006024769973009825,-0.005009844433516264,-0.006182691548019648,-0.00540944654494524,-0.007700126618146896,-0.007607968989759684,-0.004154048394411802,-0.006596660241484642,-0.004138079471886158
ROL,11,2026-04-07 16:15:00+00:00,12:15,-0.004179926123470068,down,-0.001855907728895545,-0.0019865112844854593,-0.0009861037833616138,0.001511576003395021,0.0026262609753757715,0.0027988641522824764,0.0007276726537384093,0.001415145001374185,0.003931247163563967,0.004280503839254379,0.004935965407639742,0.005583023652434349,0.003582149976864457,0.004575440194457769,0.0044328514486551285,0.0037252195179462433,0.004337868187576532,0.002135516842827201,0.00363901280798018,0.0037848176434636116,0.003178264480084181,0.0010335587430745363,0.001827589119784534,0.002869826043024659,0.0009952818509191275,-0.004179926123470068
ALLE,11,2026-04-07 16:15:00+00:00,12:15,-0.004180246498435736,down,-0.003895096480846405,-0.001476944424211979,-0.0032746107317507267,-0.0023508307058364153,-0.005211950745433569,-0.007226312067359686,-0.012736717239022255,-0.010916728526353836,-0.00935338530689478,-0.009501910768449306,-0.007017399184405804,-0.005861380137503147,-0.007285397965461016,-0.006883219350129366,-0.007745577022433281,-0.00886516273021698,-0.004081845283508301,-0.005452319514006376,-0.005959051661193371,-0.007524012587964535,-0.007213055621832609,-0.008134146220982075,-0.008535326458513737,-0.005855821538716555,-0.00833874847739935,-0.004180246498435736
LDOS,11,2026-04-07 16:15:00+00:00,12:15,-0.004213728941977024,down,-0.002224366180598736,0.0005835468182340264,-0.0014917101943865418,0.0005025729769840837,-0.0008594405953772366,-0.002318048384040594,-0.00574667239561677,-0.0020417862106114626,-0.0005467180162668228,-0.0009498362778685987,0.002545282943174243,0.003389996010810137,0.0025784331373870373,0.0021089285146445036,0.0012550386600196362,0.0008275220170617104,0.0026667090132832527,0.0028976008761674166,0.0019233567873016,-0.00015673780580982566,0.00030581795726902783,-0.0024528219364583492,-0.0025266383308917284,-0.0012736405478790402,-0.005664984229952097,-0.004213728941977024
SATS,11,2026-04-07 16:15:00+00:00,12:15,-0.004268993157893419,down,-0.011983819305896759,-0.014657908119261265,-0.020910749211907387,-0.010883709415793419,-0.01222658809274435,-0.014059883542358875,-0.014267616905272007,-0.006852465216070414,-0.0070289080031216145,-0.0061132232658565044,0.000534284976311028,-0.0020595977548509836,0.0017706508515402675,-0.002106802072376013,0.0005837244098074734,0.0008669159142300487,0.0017170036444440484,-0.0009599151671864092,-0.00368725904263556,-0.005562725476920605,-0.0044980961829423904,-0.005881996359676123,-0.007467842195183039,-0.002666409593075514,-0.00407883757725358,-0.004268993157893419
PCAR,11,2026-04-07 16:15:00+00:00,12:15,-0.004315325058996677,down,-0.0049860598519444466,-0.004773822147399187,-0.005290752276778221,-0.002759064082056284,-0.0009416023385711014,-0.0033292255830019712,-0.005197717808187008,-0.005328575149178505,-0.007517808582633734,-0.007431601174175739,-0.0037985765375196934,-0.0036351901944726706,-0.00464726472273469,-0.004285103175789118,-0.0031004776246845722,-0.0042479257099330425,-0.0038093123584985733,-0.004084400832653046,-0.0056587690487504005,-0.00515858456492424,-0.005218615755438805,-0.008033211342990398,-0.008366539143025875,-0.004299878142774105,-0.0053421915508806705,-0.004315325058996677
MSI,11,2026-04-07 16:15:00+00:00,12:15,-0.004505099728703499,down,-0.007751307915896177,-0.0028211059980094433,-0.0043527912348508835,-0.0018612827407196164,-0.004033136647194624,-0.0053519196808338165,-0.008380613289773464,-0.007171141915023327,-0.007636136841028929,-0.0064352164044976234,-0.004261902999132872,-0.0023641304578632116,-0.004309418145567179,-0.004494364373385906,-0.005010602995753288,-0.005472052842378616,-0.004814983811229467,-0.0046881758607923985,-0.005491302348673344,-0.005637714173644781,-0.006189667619764805,-0.007637524511665106,-0.008265101350843906,-0.005377826746553183,-0.007743023801594973,-0.004505099728703499
WY,11,2026-04-07 16:15:00+00:00,12:15,-0.004530768375843763,down,-0.009886872954666615,-0.0030571268871426582,-0.002355169039219618,-0.0023069242015480995,-0.004139887634664774,-0.007039151154458523,-0.009300938807427883,-0.007583765313029289,-0.009952309541404247,-0.011045833118259907,-0.007781664375215769,-0.006230069790035486,-0.006730272434651852,-0.004974669776856899,-0.004219611641019583,-0.005381959956139326,-0.003942935727536678,-0.005351467523723841,-0.006263831164687872,-0.005345480516552925,-0.004963045474141836,-0.00705372728407383,-0.007201165426522493,-0.001450598007068038,-0.002617092104628682,-0.004530768375843763
VZ,11,2026-04-07 16:15:00+00:00,12:15,-0.004550711251795292,down,-0.001062073977664113,-0.00022170686861500144,-0.000215721593121998,-0.0001410180702805519,0.0020255257841199636,-0.0005258509190753102,-0.0008266009390354156,-0.0004283384478185326,0.0009969770908355713,0.0013719334965571761,0.0008751947898417711,-0.0007306981715373695,-0.0019491916755214334,-0.0008103945292532444,-0.0007090973085723817,-0.0014478155644610524,-0.0013340740697458386,-0.0026627506595104933,-0.0023904331028461456,-0.0019051011186093092,-0.0009523682529106736,-0.0023694231640547514,-0.003206739667803049,-0.0020574494265019894,-0.004380243830382824,-0.004550711251795292
KKR,11,2026-04-07 16:15:00+00:00,12:15,-0.004554965998977423,down,-0.006584338843822479,-0.003529019420966506,-0.006734004709869623,-0.004497079644352198,-0.006989804096519947,-0.007508536335080862,-0.011783435940742493,-0.009018189273774624,-0.008849800564348698,-0.009004434570670128,-0.00732817267999053,-0.00676686642691493,-0.006862042937427759,-0.004332985728979111,-0.002398771932348609,-0.004881695844233036,-0.0023447272833436728,-0.004086302127689123,-0.004686322063207626,-0.005398013163357973,-0.004278126172721386,-0.004993255715817213,-0.006029856391251087,-0.0008997871773317456,-0.0015118883457034826,-0.004554965998977423
RVTY,11,2026-04-07 16:15:00+00:00,12:15,-0.0045812735334038734,down,-0.002384216757491231,0.0006698067882098258,-0.0037519445177167654,-0.0009639888885430992,-0.0002339021593797952,-0.00381294172257185,-0.008271396160125732,-0.009042153134942055,-0.008500183001160622,-0.010344883427023888,-0.012939868494868279,-0.011349575594067574,-0.0073071918450295925,-0.009096688590943813,-0.009528663009405136,-0.00896577350795269,-0.006383561063557863,-0.007226783782243729,-0.007669717073440552,-0.006649118848145008,-0.0054480042308568954,-0.006163336336612701,-0.00636806758120656,-0.004248645156621933,-0.006441769190132618,-0.0045812735334038734
MA,11,2026-04-07 16:15:00+00:00,12:15,-0.0046475715935230255,down,-0.0052629271522164345,-0.0038471114821732044,-0.006397377233952284,-0.0038901236839592457,-0.004843951668590307,-0.005917552392929792,-0.008305429480969906,-0.008908461779356003,-0.008973944000899792,-0.008147629909217358,-0.005540783051401377,-0.0053152660839259624,-0.005210185423493385,-0.00514053413644433,-0.00640771584585309,-0.007185972295701504,-0.0034596610348671675,-0.005839331541210413,-0.004851067438721657,-0.0057607912458479404,-0.0064467983320355415,-0.00745439575985074,-0.00748692499473691,-0.0022605014964938164,-0.00519286235794425,-0.0046475715935230255
AEP,11,2026-04-07 16:15:00+00:00,12:15,-0.004653632175177336,down,-0.004094533156603575,-0.002780728507786989,-0.003236874006688595,-0.0022960533387959003,0.001099272514693439,-0.0013709209160879254,-0.004684756975620985,-0.00443206075578928,-0.003174131503328681,-0.005337184760719538,-0.0032839004416018724,-0.0013842529151588678,-0.0023930976167321205,-0.002164611592888832,-0.0031790852081030607,-0.0021173558197915554,-0.002346326597034931,-0.0028619251679629087,-0.0016483237268403172,-0.0024830568581819534,-0.002940522972494364,-0.006353828590363264,-0.0073810904286801815,-0.0032680248841643333,-0.004973256960511208,-0.004653632175177336
ADSK,11,2026-04-07 16:15:00+00:00,12:15,-0.00466705858707428,down,-0.003479434410110116,-0.0003704173141159117,-0.008038113825023174,-0.006186193320900202,-0.01199408434331417,-0.012181342579424381,-0.016551336273550987,-0.010604617185890675,-0.0093741649761796,-0.006383221596479416,-0.005726163741201162,-0.003832939313724637,-0.0030776639468967915,-0.0035885258112102747,-0.005040362011641264,-0.004732231609523296,-0.0006468843203037977,-0.0024343987461179495,-0.004539037123322487,-0.005013545509427786,-0.004933888558298349,-0.009356738068163395,-0.007750264834612608,-0.004147767089307308,-0.006052269134670496,-0.00466705858707428
BSX,11,2026-04-07 16:15:00+00:00,12:15,-0.00469397334381938,down,-0.005696408916264772,-0.004405160900205374,-0.010129793547093868,-0.01211839821189642,-0.009749431163072586,-0.008683293126523495,-0.011675087735056877,-0.014447120018303394,-0.01281779631972313,-0.014330917038023472,-0.013154732994735241,-0.013564130291342735,-0.011253656819462776,-0.010892143473029137,-0.010885546915233135,-0.010902843438088894,-0.008747406303882599,-0.010328342206776142,-0.007754200603812933,-0.009409913793206215,-0.009004569612443447,-0.012072717770934105,-0.010457814671099186,-0.008035002276301384,-0.008990920148789883,-0.00469397334381938
BX,11,2026-04-07 16:15:00+00:00,12:15,-0.004695325158536434,down,-0.010437055490911007,-0.010002844035625458,-0.012826544232666492,-0.009732675738632679,-0.013009587302803993,-0.012481676414608955,-0.016729094088077545,-0.012461051344871521,-0.013752272352576256,-0.012857289053499699,-0.009666546247899532,-0.008806660771369934,-0.008605048060417175,-0.0086298156529665,-0.007967261597514153,-0.008462117053568363,-0.0023991784546524286,-0.004515016917139292,-0.005884397774934769,-0.010043314658105373,-0.010530498810112476,-0.014352063648402691,-0.012181645259261131,-0.00696386257186532,-0.006391595583409071,-0.004695325158536434
TRMB,11,2026-04-07 16:15:00+00:00,12:15,-0.004745948128402233,down,-0.007683339063078165,-0.005684090778231621,-0.011450119316577911,-0.011019965633749962,-0.013353182002902031,-0.014131201431155205,-0.017675722017884254,-0.01826305314898491,-0.015780514106154442,-0.016893897205591202,-0.019542472437024117,-0.01485200971364975,-0.01641935296356678,-0.015160657465457916,-0.018252087756991386,-0.018035143613815308,-0.017282553017139435,-0.012987744994461536,-0.013379624113440514,-0.013717645779252052,-0.010636919178068638,-0.010356040671467781,-0.011580272577702999,-0.009097564965486526,-0.014216374605894089,-0.004745948128402233
MCK,11,2026-04-07 16:15:00+00:00,12:15,-0.004748734179884195,down,0.002020222833380103,0.0004496488254517317,0.0006574808503501117,0.0015637021278962493,0.0027647640090435743,-0.002104630693793297,-0.003411074634641409,-0.002218537963926792,-0.006044690031558275,-0.004325435031205416,-0.002477077068760991,-0.00012842926662415266,-0.00049396330723539,0.0004708311753347516,-0.0019332753727212548,-0.0020829166751354933,0.00029259215807542205,0.00027524124016053975,-0.0007290041539818048,-0.0015852416399866343,-0.003928378690034151,-0.007356503512710333,-0.005990319885313511,-0.004391427617520094,-0.008354010991752148,-0.004748734179884195
LVS,11,2026-04-07 16:15:00+00:00,12:15,-0.004814584739506245,down,-0.005018372554332018,-0.002360478276386857,-0.004925588145852089,-0.0030839997343719006,-0.0024186023510992527,-0.004228456411510706,-0.006695598363876343,-0.004930989351123571,-0.005344382952898741,-0.005289280321449041,-0.00484782550483942,-0.004291603807359934,-0.004298033658415079,-0.003817907767370343,-0.004360451363027096,-0.005709020420908928,-0.002463765675202012,-0.005098013672977686,-0.00438401335850358,-0.005193253979086876,-0.006766406819224358,-0.009504441171884537,-0.009499091655015945,-0.005920751485973597,-0.008544253185391426,-0.004814584739506245
CSCO,11,2026-04-07 16:15:00+00:00,12:15,-0.004827313125133514,down,-0.002913588657975197,-0.0026820851489901543,-0.006067659705877304,-0.004946087021380663,-0.008126671425998211,-0.00697462959215045,-0.009515278041362762,-0.007445887196809053,-0.007153660524636507,-0.005301554687321186,-0.0035758898593485355,-0.005207551643252373,-0.00425198907032609,-0.0039305491372942924,-0.002434185240417719,-0.0059046619571745396,-0.0058776563964784145,-0.006016385741531849,-0.006890307180583477,-0.008451135829091072,-0.009308519773185253,-0.00870655756443739,-0.01044816430658102,-0.00472367275506258,-0.004703323822468519,-0.004827313125133514
ZBH,11,2026-04-07 16:15:00+00:00,12:15,-0.004896235186606646,down,-0.00397456344217062,-0.0030725577380508184,-0.0031413177493959665,-0.0030380834359675646,-0.003461014712229371,-0.004365128464996815,-0.007637122180312872,-0.007445787079632282,-0.006529717240482569,-0.008031032048165798,-0.005898298230022192,-0.005419833119958639,-0.005374500062316656,-0.003824165090918541,-0.004508839454501867,-0.006296481937170029,-0.0023911879397928715,-0.002578283892944455,-0.003123537404462695,-0.0029688007198274136,-0.00443333201110363,-0.0061339945532381535,-0.0062735481187701225,-0.001189879490993917,-0.004408033564686775,-0.004896235186606646
RTX,11,2026-04-07 16:15:00+00:00,12:15,-0.004916603676974773,down,-0.007356136571615934,-0.005453147925436497,-0.008207323960959911,-0.005424551200121641,-0.0038676701951771975,-0.007372493855655193,-0.009046358987689018,-0.007504420354962349,-0.007252357434481382,-0.0072095817886292934,-0.005570787005126476,-0.004417457617819309,-0.004758923314511776,-0.004709044937044382,-0.005739943124353886,-0.005732941906899214,-0.003365165088325739,-0.004282365087419748,-0.005504413973540068,-0.005014119669795036,-0.006071244366466999,-0.0074939667247235775,-0.006740491837263107,-0.0052838013507425785,-0.00561913987621665,-0.004916603676974773
AWK,11,2026-04-07 16:15:00+00:00,12:15,-0.004938073456287384,down,-0.002618111204355955,-0.000961486017331481,-0.0019197496585547924,-7.925584213808179e-05,0.0027935774996876717,0.000811004894785583,-0.00017001869855448604,-0.0023446849081665277,-0.0026093577034771442,-0.003523497376590967,-0.0010274447267875075,-0.0005367659614421427,-0.001332607353106141,-0.001918356167152524,-0.0016829571686685085,-0.0031227904837578535,-0.0031888713128864765,-0.003783848136663437,-0.0019756995607167482,-0.0014962987042963505,-0.002394207753241062,-0.004477252718061209,-0.006259229965507984,-0.004292558878660202,-0.006305165123194456,-0.004938073456287384
HUBB,11,2026-04-07 16:15:00+00:00,12:15,-0.004951897542923689,down,-0.0005273462738841772,0.003150644712150097,-0.0013345347251743078,0.001135950325988233,-0.0003613941080402583,-0.0010659222025424242,-0.004604823421686888,-0.0037395900581032038,-0.005032689310610294,-0.004433127120137215,-0.0024841518606990576,-0.0018668572884052992,-0.0010519340867176652,0.0006740025128237903,-0.0013286684406921268,-0.0015478406567126513,0.00073436793172732,-6.708896398777142e-05,-0.0011496450752019882,-0.00397989246994257,-0.00371703808195889,-0.0046470374800264835,-0.004666781518608332,-0.002220368478447199,-0.004929411690682173,-0.004951897542923689
DXCM,11,2026-04-07 16:15:00+00:00,12:15,-0.004973095376044512,down,-0.004763063974678516,-0.00458535784855485,-0.01020092610269785,-0.011036498472094536,-0.014138402417302132,-0.01699199341237545,-0.020551785826683044,-0.015053348615765572,-0.014284753240644932,-0.013356552459299564,-0.012180858291685581,-0.010096283629536629,-0.005976221989840269,-0.004539675544947386,-0.007851135917007923,-0.009078990668058395,-0.0028662211261689663,-0.004571767523884773,-0.007026880048215389,-0.008431070484220982,-0.008461182937026024,-0.011008913628757,-0.008377240039408207,-0.002219795249402523,-0.008972550742328167,-0.004973095376044512
CLUSD,11,2026-04-07 16:15:00+00:00,12:15,-0.004987915977835655,down,0.01393994502723217,0.011175810359418392,0.01170171145349741,0.011435657739639282,0.011611554771661758,0.007689257152378559,0.009387113153934479,0.007624134421348572,0.007551196031272411,0.006785968784242868,0.0067503796890378,0.007008988875895739,0.00330007029697299,0.006104873958975077,0.008984960615634918,0.009123914875090122,0.0047043608501553535,0.004279731772840023,-7.177149382187054e-05,-0.004043141845613718,0.005066987592726946,0.009217080660164356,0.007306364364922047,-0.0035738167352974415,-0.0008374589961022139,-0.004987915977835655
C,11,2026-04-07 16:15:00+00:00,12:15,-0.004989635664969683,down,-0.012269360944628716,-0.007814507931470871,-0.012993843294680119,-0.00958329439163208,-0.008180947974324226,-0.009686034172773361,-0.013888388872146606,-0.01116157602518797,-0.012662404216825962,-0.011822577565908432,-0.007896644994616508,-0.009653790853917599,-0.010427488945424557,-0.007679137866944075,-0.005980030167847872,-0.006528577767312527,-0.003586449893191457,-0.0042794994078576565,-0.004475729074329138,-0.004484416451305151,-0.006594520062208176,-0.010620037093758583,-0.009874261915683746,-0.006226176396012306,-0.007682931609451771,-0.004989635664969683
JCI,11,2026-04-07 16:15:00+00:00,12:15,-0.004999608267098665,down,-0.004624576307833195,-0.0018583969213068485,-0.0061937435530126095,-0.0045067803002893925,-0.0050175986252725124,-0.008416745811700821,-0.010199700482189655,-0.007951497100293636,-0.008428961038589478,-0.00645552109926939,-0.00454008299857378,-0.005244205240160227,-0.0026925925631076097,-0.002180064795538783,-0.0040034037083387375,-0.003263627178966999,-0.0014466280117630959,-0.002408486558124423,-0.002327551133930683,-0.003945928532630205,-0.0037228853907436132,-0.006329694297164679,-0.008444461971521378,-0.0044440715573728085,-0.007272250950336456,-0.004999608267098665
NKE,11,2026-04-07 16:15:00+00:00,12:15,-0.005086811725050211,down,-0.012236790731549263,-0.009897568263113499,-0.014558468014001846,-0.014500119723379612,-0.010410408489406109,-0.00851860735565424,-0.014029163867235184,-0.013280401937663555,-0.010628738440573215,-0.016201315447688103,-0.011405394412577152,-0.013179547153413296,-0.011590630747377872,-0.009899802505970001,-0.009315824136137962,-0.010172647424042225,-0.011537687852978706,-0.005285290069878101,-0.009088161401450634,-0.011862191371619701,-0.00940761435776949,-0.014166446402668953,-0.01280205138027668,-0.006154489237815142,-0.007896073162555695,-0.005086811725050211
FDX,11,2026-04-07 16:15:00+00:00,12:15,-0.005139147862792015,down,-0.00397356366738677,-0.0029887494165450335,-0.0048453304916620255,-0.0022750848438590765,-0.0036186520010232925,-0.005946802441030741,-0.008229038678109646,-0.006807164289057255,-0.008255179040133953,-0.00663730688393116,-0.005129450932145119,-0.0036025147419422865,-0.003946270793676376,-0.004389587789773941,-0.005286642350256443,-0.006694037467241287,-0.004401758313179016,-0.004382274113595486,-0.004567170049995184,-0.005743841174989939,-0.007162014953792095,-0.008645132184028625,-0.008504410274326801,-0.004554938990622759,-0.007475342135876417,-0.005139147862792015
MTD,11,2026-04-07 16:15:00+00:00,12:15,-0.005148682743310928,down,-0.004415569826960564,-0.0025539228226989508,-0.006411220412701368,-0.004181289114058018,-0.007626097183674574,-0.00855634082108736,-0.011031445115804672,-0.009600791148841381,-0.010371992364525795,-0.00993870384991169,-0.00845271348953247,-0.0065286061726510525,-0.006066155154258013,-0.0057131643407046795,-0.006949605420231819,-0.007412849459797144,-0.005139077082276344,-0.006731688976287842,-0.00564612029120326,-0.007259941194206476,-0.008686398155987263,-0.008973202668130398,-0.010331072844564915,-0.005119105335325003,-0.007049442268908024,-0.005148682743310928
EQIX,11,2026-04-07 16:15:00+00:00,12:15,-0.005152356345206499,down,-0.002139824442565441,-0.0025982228107750416,-0.003873673267662525,-0.0016424796776846051,0.0008860832313075662,-0.0017156960675492883,-0.004451679531484842,-0.0018375704530626535,-0.0049853818491101265,-0.0027074520476162434,-0.0008088279282674193,-0.00038560849498026073,-0.0003712961042765528,-0.001443321700207889,-0.001938309520483017,-0.0017588401678949594,0.0010354159167036414,-0.002384694991633296,-0.00217894883826375,-0.0033636135049164295,-0.006109226029366255,-0.01126896496862173,-0.009354500100016594,-0.006636166013777256,-0.01178760826587677,-0.005152356345206499
MDT,11,2026-04-07 16:15:00+00:00,12:15,-0.005210546310991049,down,-0.004241518676280975,-0.001625211676582694,-0.0023725072387605906,-0.0016666381852701306,-0.00019828442600555718,-0.0028935770969837904,-0.005313815549015999,-0.004392511676996946,-0.005146601237356663,-0.005878006108105183,-0.004697859287261963,-0.0038268344942480326,-0.004686289932578802,-0.004980654921382666,-0.004533061292022467,-0.006063177715986967,-0.004173534922301769,-0.005393995903432369,-0.004727518651634455,-0.0036856418009847403,-0.0027504973113536835,-0.004960116930305958,-0.00591013440862298,-0.005075046792626381,-0.007147291209548712,-0.005210546310991049
GS,11,2026-04-07 16:15:00+00:00,12:15,-0.005221531726419926,down,-0.007594311609864235,-0.007003053557127714,-0.009661689400672913,-0.00471733883023262,-0.005531625356525183,-0.007875055074691772,-0.00987253151834011,-0.008464330807328224,-0.010805299505591393,-0.008583670482039452,-0.005680423695594072,-0.004624518100172281,-0.0048353602178394794,-0.004494213033467531,-0.003700779052451253,-0.005200394429266453,-0.004864511080086231,-0.005605217069387436,-0.007510807830840349,-0.007598478812724352,-0.008999553509056568,-0.010841179639101028,-0.011010481044650078,-0.0075592342764139175,-0.008271201513707638,-0.005221531726419926
UAL,11,2026-04-07 16:15:00+00:00,12:15,-0.005450025200843811,down,-0.011545863933861256,-0.00748259574174881,-0.015004275366663933,-0.009069415740668774,-0.01655113324522972,-0.01614595390856266,-0.02285396121442318,-0.017082463949918747,-0.018194226548075676,-0.017149461433291435,-0.014126678928732872,-0.017237845808267593,-0.013171502389013767,-0.009714613668620586,-0.010390391573309898,-0.009188276715576649,-0.009126597084105015,-0.012346483767032623,-0.013539132662117481,-0.012873591855168343,-0.008711294271051884,-0.012552029453217983,-0.01477425079792738,-0.004116250667721033,-0.006073532626032829,-0.005450025200843811
COF,11,2026-04-07 16:15:00+00:00,12:15,-0.005474270787090063,down,-0.0076406425796449184,-0.004586989525705576,-0.007320628967136145,-0.004981083795428276,-0.0044073075987398624,-0.003580427262932062,-0.006462233141064644,-0.003630630439147353,-0.004539518617093563,-0.004499031230807304,-0.0020128549076616764,-0.0030003113206475973,-0.003310002153739333,-0.0016848811646923423,-0.0016202240949496627,-0.002253263955935836,-0.003776699537411332,-0.0026864262763410807,-0.004950421862304211,-0.005148439202457666,-0.0064233741723001,-0.007169731426984072,-0.007010341621935368,-0.003825828433036804,-0.006031644064933062,-0.005474270787090063
SNPS,11,2026-04-07 16:15:00+00:00,12:15,-0.005499583203345537,down,-0.003203068394213915,-0.0011229115771129727,-0.006341062020510435,-0.0037451006937772036,-0.008350353688001633,-0.009377219714224339,-0.012346175499260426,-0.007607840467244387,-0.008274108171463013,-0.0058050998486578465,-0.004696743097156286,-0.005006746854633093,-0.003936668857932091,-0.003913892433047295,-0.009643779136240482,-0.00820342730730772,-0.003388458862900734,-0.004289223812520504,-0.00509841600432992,-0.008281651884317398,-0.007567334920167923,-0.008310511708259583,-0.0022930444683879614,-0.004036959260702133,-0.004748358391225338,-0.005499583203345537
MMM,11,2026-04-07 16:15:00+00:00,12:15,-0.0055207968689501286,down,-0.002428183564916253,0.0011000947561115026,-0.0010535098845139146,-0.0009331826586276293,0.001772128976881504,-0.0024915016256272793,-0.0030997698195278645,-0.003378709778189659,-0.003073520492762327,-0.005289718974381685,-0.0036435439251363277,-0.0030297567136585712,-0.0040957136079669,-0.003775942837819457,-0.003880260745063424,-0.005317111033946276,-0.004086864646524191,-0.005882653873413801,-0.003697798354551196,-0.0030636172741651535,-0.003660002490505576,-0.0053884247317910194,-0.004869294818490744,-0.0037133574951440096,-0.005681473761796951,-0.0055207968689501286
NOC,11,2026-04-07 16:15:00+00:00,12:15,-0.0055602965876460075,down,-0.004035474266856909,-0.003501956118270755,-0.005713540595024824,-0.0028588948771357536,-0.0031820707954466343,-0.004691315349191427,-0.007029687520116568,-0.006907674949616194,-0.00895687099546194,-0.006642028223723173,-0.005123137030750513,-0.004487311467528343,-0.004909369628876448,-0.00493999570608139,-0.006924200803041458,-0.007457828149199486,-0.005026856902986765,-0.006255527026951313,-0.006300759501755238,-0.007399443536996841,-0.007994416169822216,-0.008835911750793457,-0.007639240939170122,-0.00551627716049552,-0.008395827375352383,-0.0055602965876460075
FAST,11,2026-04-07 16:15:00+00:00,12:15,-0.005561961326748133,down,-0.009733842685818672,-0.007214546203613281,-0.0067772879265248775,-0.005824332125484943,-0.004447946324944496,-0.006296189036220312,-0.007619307842105627,-0.009900937788188457,-0.009433194063603878,-0.010153871960937977,-0.008378325961530209,-0.008444210514426231,-0.00882132351398468,-0.006629150360822678,-0.008108898997306824,-0.00904135312885046,-0.007824840024113655,-0.008149703033268452,-0.009184769354760647,-0.008531933650374413,-0.007273471914231777,-0.009916868060827255,-0.010653108358383179,-0.00707409530878067,-0.008179367519915104,-0.005561961326748133
TT,11,2026-04-07 16:15:00+00:00,12:15,-0.005636255256831646,down,-0.008260316215455532,-0.007171346805989742,-0.007772056385874748,-0.004252753686159849,-0.004917467478662729,-0.007146148011088371,-0.00968068465590477,-0.011878449469804764,-0.015417135320603848,-0.012707998976111412,-0.008080285042524338,-0.007512826472520828,-0.0073279994539916515,-0.00611568009480834,-0.008682169020175934,-0.00784158706665039,-0.0032174168154597282,-0.005994027946144342,-0.006907126400619745,-0.006873689126223326,-0.0077997236512601376,-0.008669492788612843,-0.009393502026796341,-0.006572778336703777,-0.006932890973985195,-0.005636255256831646
MRSH,11,2026-04-07 16:15:00+00:00,12:15,-0.005707764998078346,down,-0.007008709944784641,-0.004704523365944624,-0.005344584118574858,-0.003194906748831272,-0.002505982993170619,-0.004898271057754755,-0.008169656619429588,-0.00706653343513608,-0.009417573921382427,-0.008784910663962364,-0.00831451267004013,-0.006001144181936979,-0.008281621150672436,-0.007958772592246532,-0.009438619948923588,-0.008159367367625237,-0.008140984922647476,-0.006770274601876736,-0.007532202173024416,-0.00770215317606926,-0.007100253365933895,-0.009855782613158226,-0.00828640628606081,-0.006307655014097691,-0.006812243722379208,-0.005707764998078346
HBAN,11,2026-04-07 16:15:00+00:00,12:15,-0.005777472630143166,down,-0.013175416737794876,-0.00934580061584711,-0.011425139382481575,-0.009169500321149826,-0.008674734272062778,-0.009251403622329235,-0.012191698886454105,-0.011201190762221813,-0.012150394730269909,-0.012013211846351624,-0.011545711196959019,-0.00947780255228281,-0.009368998929858208,-0.010085958987474442,-0.00974364299327135,-0.010103249922394753,-0.007273032329976559,-0.008699462749063969,-0.009852824732661247,-0.008187542669475079,-0.009412955492734909,-0.011279096826910973,-0.01153100561350584,-0.006494438275694847,-0.007638460956513882,-0.005777472630143166
FOXA,11,2026-04-07 16:15:00+00:00,12:15,-0.005886947736144066,down,-0.008235757239162922,-0.0072008902207016945,-0.00903067085891962,-0.005975679028779268,-0.006799139082431793,-0.00885139312595129,-0.011549338698387146,-0.00982750579714775,-0.008941101841628551,-0.009246442466974258,-0.007977078668773174,-0.006760424934327602,-0.005485549569129944,-0.006223713513463736,-0.005758471786975861,-0.006704291794449091,-0.0051489402540028095,-0.005938223097473383,-0.0063672964461147785,-0.005998014472424984,-0.006883549969643354,-0.009531018324196339,-0.009985240176320076,-0.0056577506475150585,-0.009331815876066685,-0.005886947736144066
GD,11,2026-04-07 16:15:00+00:00,12:15,-0.005896148271858692,down,-0.002263593254610896,-0.0007988300058059394,-0.0004790166858583689,0.00024279118224512786,0.0021923300810158253,0.0006005762261338532,-0.0014433860778808594,-0.0018548223888501525,-0.0027055200189352036,-0.0028104688972234726,-0.0017308058449998498,-0.0013551481533795595,-0.0021847893949598074,-0.001954500563442707,-0.003094445914030075,-0.00456289853900671,-0.004485107958316803,-0.0037062393967062235,-0.004934763535857201,-0.0044136629439890385,-0.004497996065765619,-0.005712777376174927,-0.006419887766242027,-0.004652722273021936,-0.006029375828802586,-0.005896148271858692
DLTR,11,2026-04-07 16:15:00+00:00,12:15,-0.0059103877283632755,down,-0.007627779617905617,0.0009811236523091793,-0.007395002990961075,-0.0013073072768747807,-0.0058009871281683445,-0.009231090545654297,-0.011910337023437023,-0.007927135564386845,-0.005526227410882711,-0.006103303283452988,-0.0019518097396939993,-0.0006942141917534173,0.003165730508044362,0.003119693836197257,0.000881605374161154,0.0005115632666274905,0.000336765602696687,0.000978811178356409,-0.0023036503698676825,-0.001991838915273547,-0.0035187844187021255,-0.004266226664185524,-0.003995151724666357,-0.0025446799118071795,-0.004842674825340509,-0.0059103877283632755
CRH,11,2026-04-07 16:15:00+00:00,12:15,-0.0059248898178339005,down,-0.007912605069577694,-0.005470475647598505,-0.009036091156303883,-0.007605890277773142,-0.009327199310064316,-0.008226304315030575,-0.01263330690562725,-0.009190100245177746,-0.008014577440917492,-0.009541216306388378,-0.0061422353610396385,-0.008344226516783237,-0.006315307691693306,-0.0057712276466190815,-0.0074741593562066555,-0.008103752508759499,-0.004594393074512482,-0.004417849704623222,-0.007171061355620623,-0.007624239195138216,-0.006725099869072437,-0.01029933150857687,-0.008415334858000278,-0.005861249286681414,-0.00945196021348238,-0.0059248898178339005
APH,11,2026-04-07 16:15:00+00:00,12:15,-0.006021798588335514,down,-0.012196069583296776,-0.007495995610952377,-0.013703941367566586,-0.010827602818608284,-0.010466094128787518,-0.013805185444653034,-0.015675781294703484,-0.011034400202333927,-0.01060391217470169,-0.010426731780171394,-0.007500103209167719,-0.00887417234480381,-0.0065229833126068115,-0.005928586237132549,-0.007350705098360777,-0.006940179038792849,-0.004599979612976313,-0.004250810481607914,-0.005518927238881588,-0.008268469013273716,-0.010423385538160801,-0.01378173753619194,-0.014610376209020615,-0.006353845354169607,-0.008165148086845875,-0.006021798588335514
O,11,2026-04-07 16:15:00+00:00,12:15,-0.006078810431063175,down,-0.0033871971536427736,-0.002046247012913227,-0.0028774933889508247,-0.0017824277747422457,0.00025565209216438234,-0.0010570958256721497,-0.0027452788781374693,-0.00413945596665144,-0.003537415759637952,-0.004368023481220007,-0.0009348230669274926,-0.0020545392762869596,-0.0030939211137592793,-0.0038786320947110653,-0.004442617297172546,-0.005153999663889408,-0.0031462875194847584,-0.001972523517906666,-0.0022248292807489634,-0.0011962053831666708,-0.0031224675476551056,-0.005742967594414949,-0.005607232917100191,-0.0031731680501252413,-0.006561236456036568,-0.006078810431063175
CDW,11,2026-04-07 16:15:00+00:00,12:15,-0.006217100657522678,down,-0.004251128062605858,-0.0034490858670324087,-0.004595843143761158,-0.003547969739884138,-0.005534908268600702,-0.006521171890199184,-0.008540724404156208,-0.006397825200110674,-0.005857142619788647,-0.0074495733715593815,-0.004846617113798857,-0.0035322713665664196,-0.0035039647482335567,-0.004498537164181471,-0.003161289030686021,-0.0034473526757210493,-0.002165333367884159,-0.001195853459648788,-0.0030791452154517174,-0.003725873539224267,-0.005056151654571295,-0.0071714757941663265,-0.007299456745386124,-0.003449094481766224,-0.006578018888831139,-0.006217100657522678
SYK,11,2026-04-07 16:15:00+00:00,12:15,-0.006281432695686817,down,-0.007681774441152811,-0.005543939769268036,-0.0067916139960289,-0.005680113099515438,-0.005818893667310476,-0.008125376887619495,-0.010731330141425133,-0.009642408229410648,-0.011979601345956326,-0.010366586036980152,-0.00976342149078846,-0.008249844424426556,-0.008504437282681465,-0.007668612990528345,-0.0075209056958556175,-0.008579861372709274,-0.006096618250012398,-0.007346656639128923,-0.007552104536443949,-0.008643926121294498,-0.007827498018741608,-0.010097762569785118,-0.011143812909722328,-0.007202859502285719,-0.009996036998927593,-0.006281432695686817
PTC,11,2026-04-07 16:15:00+00:00,12:15,-0.006282253190875053,down,-0.004532231017947197,-0.0020468058064579964,-0.006088475696742535,-0.0032833791337907314,-0.005775596480816603,-0.008294125087559223,-0.011733556166291237,-0.0084304204210639,-0.007480424363166094,-0.008347251452505589,-0.00713832164183259,-0.004192056600004435,-0.003994593862444162,-0.005485781002789736,-0.006386285647749901,-0.007739728316664696,-0.005848182365298271,-0.0067907958291471004,-0.008818510919809341,-0.008890083059668541,-0.008133580908179283,-0.009748866781592369,-0.008009860292077065,-0.005472878459841013,-0.008682639338076115,-0.006282253190875053
KHC,11,2026-04-07 16:15:00+00:00,12:15,-0.006291094236075878,down,-0.0112807871773839,-0.006486257538199425,-0.009069730527698994,-0.007174801547080278,-0.008547582663595676,-0.007211477495729923,-0.010401622392237186,-0.01155917625874281,-0.012306448072195053,-0.01592200994491577,-0.012300986796617508,-0.012973812408745289,-0.012353189289569855,-0.010554525069892406,-0.0057446896098554134,-0.004863774869590998,-0.008230349980294704,-0.009787091985344887,-0.010183857753872871,-0.008009109646081924,-0.007963837124407291,-0.008147439919412136,-0.009279021061956882,-0.005242045968770981,-0.005046911537647247,-0.006291094236075878
YUM,11,2026-04-07 16:15:00+00:00,12:15,-0.006299967877566814,down,0.0001304841716773808,0.0023159196134656668,0.0020718828309327364,0.002319585531949997,0.004930284805595875,0.004027185961604118,0.002226786222308874,-0.0004977813805453479,0.00028761784778907895,0.001981939421966672,0.004205993376672268,0.002641411032527685,0.0019542856607586145,0.002238596323877573,0.0016787609783932567,0.0007136925123631954,0.0016671724151819944,0.0010338156716898084,0.00030765830888412893,-3.216675395378843e-05,0.0001848480460466817,-0.0025567752309143543,-0.004225265234708786,-0.003508761990815401,-0.00718807615339756,-0.006299967877566814
PWR,11,2026-04-07 16:15:00+00:00,12:15,-0.006302713416516781,down,-0.00515922112390399,-0.00461266515776515,-0.007957026362419128,-0.00464893551543355,-0.006300972308963537,-0.006210160441696644,-0.00953722558915615,-0.008757841773331165,-0.010455470532178879,-0.009609571658074856,-0.0069929189048707485,-0.0072127701714634895,-0.0072727263905107975,-0.004453868139535189,-0.006258340086787939,-0.00920510571449995,-0.00618205638602376,-0.005276738665997982,-0.006157655734568834,-0.00847674161195755,-0.008180677890777588,-0.009066686034202576,-0.009674451313912868,-0.007241979241371155,-0.008645222522318363,-0.006302713416516781
HPE,11,2026-04-07 16:15:00+00:00,12:15,-0.0063043939881026745,down,-0.01282019168138504,-0.009593050926923752,-0.013522332534193993,-0.00869958009570837,-0.008248422294855118,-0.00902659259736538,-0.01315765455365181,-0.01243938785046339,-0.014092999510467052,-0.015619078651070595,-0.011420352384448051,-0.01404024288058281,-0.012176351621747017,-0.011553224176168442,-0.009667663834989071,-0.010862873867154121,-0.009768398478627205,-0.010865616612136364,-0.009715317748486996,-0.00973511952906847,-0.01125557254999876,-0.013330626301467419,-0.012460444122552872,-0.005804956424981356,-0.0066366600804030895,-0.0063043939881026745
CRL,11,2026-04-07 16:15:00+00:00,12:15,-0.006379570346325636,down,0.0009029936627484858,-0.0015760139795020223,-0.004640599247068167,-0.002652006456628442,-0.0066416338086128235,-0.007671058643609285,-0.01243396382778883,-0.007656605448573828,-0.007890844717621803,-0.008439176715910435,-0.0051788645796477795,-0.003798607038334012,-0.003696514293551445,-0.004246782511472702,-0.00449541537091136,-0.007890458218753338,-0.00512757757678628,-0.0039154523983597755,-0.0069956970401108265,-0.0055025541223585606,-0.005521930288523436,-0.008993448689579964,-0.008896680548787117,-0.005283611826598644,-0.0073767476715147495,-0.006379570346325636
ROK,11,2026-04-07 16:15:00+00:00,12:15,-0.0064254822209477425,down,-0.005517991725355387,-0.005625300575047731,-0.008477685041725636,-0.006580028682947159,-0.007006028201431036,-0.009617193602025509,-0.011283567175269127,-0.009098571725189686,-0.010435349307954311,-0.008652852848172188,-0.006591357756406069,-0.006288178265094757,-0.005272453650832176,-0.005396279506385326,-0.00669861538335681,-0.006745386868715286,-0.004995564464479685,-0.006361857522279024,-0.008236252702772617,-0.009787238202989101,-0.007665908895432949,-0.010688106529414654,-0.008037687279284,-0.005736107472330332,-0.009484565816819668,-0.0064254822209477425
DUK,11,2026-04-07 16:15:00+00:00,12:15,-0.006525087635964155,down,-0.0034331006463617086,0.0002995068207383156,-0.0015131918480619788,-0.001032804953865707,0.0013184592826291919,-0.002699516713619232,-0.0024218352045863867,-0.005819621030241251,-0.005910647567361593,-0.008676460012793541,-0.005695338360965252,-0.005732595454901457,-0.008106761611998081,-0.007482628803700209,-0.008719817735254765,-0.008026030845940113,-0.00723232189193368,-0.006929054856300354,-0.005792693234980106,-0.00579493772238493,-0.008311031386256218,-0.01038120873272419,-0.009980503469705582,-0.006615088786929846,-0.007632405962795019,-0.006525087635964155
DASH,11,2026-04-07 16:15:00+00:00,12:15,-0.006565257906913757,down,-0.00711777713149786,-0.004703346639871597,-0.012669643387198448,-0.008947858586907387,-0.012631719931960106,-0.013117694295942783,-0.018380936235189438,-0.014554864726960659,-0.012999230064451694,-0.0070421816781163216,-0.0017863853136077523,-0.0026127987075597048,-0.006371662486344576,-0.0038856840692460537,-0.005123286973685026,-0.008279825560748577,-0.00333113269880414,-0.002392791211605072,-0.0008236783323809505,-0.0019646279979497194,-0.0045787012204527855,-0.010440398938953876,-0.009324563667178154,-0.00488543976098299,-0.009997406974434853,-0.006565257906913757
ORCL,11,2026-04-07 16:15:00+00:00,12:15,-0.0065668560564517975,down,-0.012460262514650822,-0.011524735949933529,-0.016978314146399498,-0.013823260553181171,-0.014093718491494656,-0.014592333696782589,-0.016756471246480942,-0.015615063719451427,-0.012997233308851719,-0.01212706882506609,-0.0061534070409834385,-0.008607238531112671,-0.0059807333163917065,-0.00694763008505106,-0.00816850084811449,-0.012951024807989597,-0.008397885598242283,-0.007241957820951939,-0.006669508293271065,-0.006903787609189749,-0.012301620095968246,-0.014903523027896881,-0.014399855397641659,-0.009069603867828846,-0.01097075641155243,-0.0065668560564517975
JKHY,11,2026-04-07 16:15:00+00:00,12:15,-0.0065958392806351185,down,-0.001219743280671537,-0.0030628296080976725,-0.002858296502381563,-0.002478145295754075,-0.003256248775869608,-0.0038165426813066006,-0.005000668112188578,-0.005236579570919275,-0.006632302422076464,-0.005914674140512943,-0.003976179752498865,-0.000541875371709466,-0.0021170976106077433,-0.003950592130422592,-0.0037245191633701324,-0.006139461882412434,-0.004019232466816902,-0.004061526618897915,-0.00466509722173214,-0.00422541331499815,-0.004613340832293034,-0.007914350368082523,-0.007610832806676626,-0.004442003555595875,-0.010873636230826378,-0.0065958392806351185
LHX,11,2026-04-07 16:15:00+00:00,12:15,-0.0066306693479418755,down,-0.006418275181204081,-0.004512055777013302,-0.006125239189714193,-0.002773211570456624,-0.0007747963536530733,-0.0027774230111390352,-0.003923280164599419,-0.0025113848969340324,-0.0039972164668142796,-0.004477497655898333,-0.00355813791975379,-0.003005481557920575,-0.0041434927843511105,-0.004446281120181084,-0.0037701998371630907,-0.005303825717419386,-0.004126897547394037,-0.006305785849690437,-0.0064642117358744144,-0.006236746441572905,-0.006796811707317829,-0.007214108482003212,-0.009862234815955162,-0.006971082650125027,-0.00901213102042675,-0.0066306693479418755
DG,11,2026-04-07 16:15:00+00:00,12:15,-0.006764354184269905,down,-0.007299835793673992,-0.005078890360891819,-0.01264004036784172,-0.005376237444579601,-0.00948591809719801,-0.012654456309974194,-0.01547568291425705,-0.010354466736316681,-0.008615787141025066,-0.010704565793275833,-0.007533746305853128,-0.0065392740070819855,-0.003196282545104623,-0.003315588692203164,-0.005676471162587404,-0.005044484045356512,-0.0034666385035961866,-0.003479347098618746,-0.006153990980237722,-0.0077205682173371315,-0.008500401861965656,-0.008799910545349121,-0.008027561008930206,-0.004006215836852789,-0.0059653958305716515,-0.006764354184269905
FTNT,11,2026-04-07 16:15:00+00:00,12:15,-0.006778915878385305,down,-0.006975877098739147,-0.003091663122177124,-0.008164174854755402,-0.005662516225129366,-0.008095319382846355,-0.00875795353204012,-0.012668147683143616,-0.008992498740553856,-0.008999556303024292,-0.008355620317161083,-0.006245671771466732,-0.006682547740638256,-0.0054868836887180805,-0.004601595923304558,-0.00444297818467021,-0.0066450960002839565,-0.005694501101970673,-0.005523469764739275,-0.007656552363187075,-0.008248466067016125,-0.008496291004121304,-0.010904931463301182,-0.010441681370139122,-0.007717041298747063,-0.011287723667919636,-0.006778915878385305
ICE,11,2026-04-07 16:15:00+00:00,12:15,-0.006902333814650774,down,-0.010426599532365799,-0.00586306769400835,-0.008172311820089817,-0.004421123303472996,-0.004243412986397743,-0.007640168536454439,-0.011672758497297764,-0.00944768451154232,-0.01027010940015316,-0.009829722344875336,-0.007869843393564224,-0.0070301746018230915,-0.008923196233808994,-0.007801663596183062,-0.0064426506869494915,-0.008724822662770748,-0.0064109014347195625,-0.00570877967402339,-0.0061044832691550255,-0.006231071427464485,-0.006301921792328358,-0.008462110534310341,-0.00817089807242155,-0.00434294156730175,-0.0038067589048296213,-0.006902333814650774
GPC,11,2026-04-07 16:15:00+00:00,12:15,-0.006909635849297047,down,-0.001454924582503736,0.0011325700907036662,0.00390809727832675,0.0020264689810574055,0.004552031401544809,0.001083763432689011,-0.0011060048127546906,-0.0031435571145266294,-0.0018972547259181738,-0.00244279601611197,-0.001731707714498043,-0.0011703993659466505,-0.0026567229069769382,-0.0038339465390890837,-0.003433498088270426,-0.0036022705025970936,-0.0038773524574935436,-0.004918686579912901,-0.004274902865290642,-0.00447155861184001,-0.0060027241706848145,-0.0076245530508458614,-0.00714514683932066,-0.003289405256509781,-0.0061959158629179,-0.006909635849297047
NFLX,11,2026-04-07 16:15:00+00:00,12:15,-0.006932265590876341,down,-0.008523823693394661,-0.004360932391136885,-0.010302161797881126,-0.009600955061614513,-0.013157503679394722,-0.012981097213923931,-0.013497095555067062,-0.011410832405090332,-0.011018507182598114,-0.012459391728043556,-0.010364409536123276,-0.011894731782376766,-0.012347022071480751,-0.011131678707897663,-0.009379202499985695,-0.009949874132871628,-0.009891740046441555,-0.009140623733401299,-0.009885475970804691,-0.008777947165071964,-0.008756652474403381,-0.010703297331929207,-0.009773443453013897,-0.006532346364110708,-0.006283898837864399,-0.006932265590876341
PRU,11,2026-04-07 16:15:00+00:00,12:15,-0.006950752343982458,down,-0.005624701734632254,-0.0024800507817417383,-0.005988846533000469,-0.0037717472296208143,-0.0028275034856051207,-0.004615981597453356,-0.007203248795121908,-0.007059719413518906,-0.008002438582479954,-0.008442308753728867,-0.00787489116191864,-0.007241984363645315,-0.007099440321326256,-0.006714151240885258,-0.005239211022853851,-0.006937484256923199,-0.005320591852068901,-0.005833841860294342,-0.00594511441886425,-0.00529519934207201,-0.005959743168205023,-0.009092990309000015,-0.009683692827820778,-0.00500202551484108,-0.0074693020433187485,-0.006950752343982458
POOL,11,2026-04-07 16:15:00+00:00,12:15,-0.00709152314811945,down,-0.007212900090962648,-0.0040525998920202255,-0.00598194869235158,-0.005008116364479065,-0.006909428630024195,-0.007465656381100416,-0.012291362509131432,-0.011952153407037258,-0.012418074533343315,-0.010814820416271687,-0.011498919688165188,-0.012060689739882946,-0.011951183900237083,-0.011839826591312885,-0.008731075562536716,-0.009486090391874313,-0.007554660551249981,-0.0071740844286978245,-0.009530923329293728,-0.007187354378402233,-0.008637934923171997,-0.00987035408616066,-0.011839324608445168,-0.010004484094679356,-0.01100411731749773,-0.00709152314811945
D,11,2026-04-07 16:15:00+00:00,12:15,-0.007097453810274601,down,-0.0023085512220859528,-0.0019478945760056376,-0.004762436728924513,-0.00292595149949193,-0.0017712509725242853,-0.004612223245203495,-0.005819205194711685,-0.005785693414509296,-0.0042525604367256165,-0.0054023656994104385,-0.0036528692580759525,-0.003203415311872959,-0.004679995588958263,-0.004889476113021374,-0.004265096969902515,-0.005832076538354158,-0.003662434406578541,-0.0032185425516217947,-0.002724587684497237,-0.002629234455525875,-0.0046232412569224834,-0.0072286855429410934,-0.007850575260818005,-0.004659826867282391,-0.008491888642311096,-0.007097453810274601
MAS,11,2026-04-07 16:15:00+00:00,12:15,-0.0071370406076312065,down,-0.004480462521314621,-0.0009553671698085964,-0.006677102297544479,-0.0037389311473816633,-0.005009650252759457,-0.007243963424116373,-0.00908003281801939,-0.008460759185254574,-0.007701927330344915,-0.009556783363223076,-0.008238844573497772,-0.007201001513749361,-0.006576477084308863,-0.003948900382965803,-0.004967771470546722,-0.007396943401545286,-0.004106415435671806,-0.00611862214282155,-0.00745437853038311,-0.007406594231724739,-0.007280027959495783,-0.007763727102428675,-0.008446446619927883,-0.0066217463463544846,-0.009021633304655552,-0.0071370406076312065
DRI,11,2026-04-07 16:15:00+00:00,12:15,-0.00716061657294631,down,-0.0024243853986263275,-0.000917793542612344,-0.0035907658748328686,-0.0023031849414110184,-0.004644143860787153,-0.005054159089922905,-0.005593317560851574,-0.005099855829030275,-0.0057136984542012215,-0.006069446448236704,-0.007098312024027109,-0.004760099109262228,-0.007526511792093515,-0.007422077469527721,-0.008668548427522182,-0.00833901111036539,-0.005810717586427927,-0.005976227577775717,-0.006946536712348461,-0.004512944724410772,-0.0051292297430336475,-0.006450705695897341,-0.00719932746142149,-0.007291853427886963,-0.007981404662132263,-0.00716061657294631
PPG,11,2026-04-07 16:15:00+00:00,12:15,-0.007180106360465288,down,-0.002738209441304207,0.001432646531611681,-0.007841530255973339,-0.005080272909253836,-0.006979384925216436,-0.008735481649637222,-0.011337505653500557,-0.00684405816718936,-0.009573932737112045,-0.010081838816404343,-0.005096868146210909,-0.0048034233041107655,-0.003823131090030074,-0.0024145180359482765,-0.005604975391179323,-0.0020512081682682037,-0.005645541939884424,-0.005951220169663429,-0.00904061459004879,-0.009729220531880856,-0.006079157814383507,-0.008392352610826492,-0.009098446927964687,-0.004329219926148653,-0.0075658755376935005,-0.007180106360465288
BF-B,11,2026-04-07 16:15:00+00:00,12:15,-0.007231580093502998,down,-0.006102865096181631,-0.005691705737262964,-0.009495515376329422,-0.0038655835669487715,-0.003571112174540758,-0.007934873923659325,-0.011789551936089993,-0.011515292339026928,-0.01141505315899849,-0.012560750357806683,-0.011262832209467888,-0.008740420453250408,-0.0070058610290288925,-0.005037354771047831,-0.005062423646450043,-0.006335001438856125,-0.006001530215144157,-0.007780379615724087,-0.008479847572743893,-0.0075932452455163,-0.010866728611290455,-0.011952241882681847,-0.011956482194364071,-0.005331140011548996,-0.006813798099756241,-0.007231580093502998
CPRT,11,2026-04-07 16:15:00+00:00,12:15,-0.0072617605328559875,down,0.003863671561703086,0.0062846834771335125,0.003999842330813408,0.004106370732188225,0.00227740197442472,0.0031964846421033144,-0.0017021585954353213,-0.0016941502690315247,-0.004425625316798687,-0.004196824040263891,-0.001272479072213173,-0.0011851490708068013,-0.0010047125397250056,-0.0010917596518993378,-0.0010860860347747803,-0.001129640033468604,-0.00213419902138412,-0.002024182816967368,-0.0019251547055318952,-0.002586912829428911,-0.002015686361119151,-0.004063843749463558,-0.004354429431259632,-0.003911623265594244,-0.007422836031764746,-0.0072617605328559875
HOOD,11,2026-04-07 16:15:00+00:00,12:15,-0.007272731978446245,down,-0.01785331964492798,-0.018270688131451607,-0.02110954560339451,-0.0205216184258461,-0.021418165415525436,-0.019943898543715477,-0.02223563753068447,-0.01628333516418934,-0.018861955031752586,-0.015438155271112919,-0.013829418458044529,-0.010842512361705303,-0.004385780543088913,-0.007209105417132378,-0.009157439693808556,-0.012135029770433903,-0.006269623059779406,-0.008740054443478584,-0.008970461785793304,-0.007664673496037722,-0.012038234621286392,-0.01597539521753788,-0.01710260473191738,-0.00789367500692606,-0.010170890018343925,-0.007272731978446245
PG,11,2026-04-07 16:15:00+00:00,12:15,-0.007336847949773073,down,-0.006563299801200628,-0.0020556377712637186,-0.005434544291347265,-0.003929173573851585,-0.003073733998462558,-0.005178097635507584,-0.00783784780651331,-0.009411240927875042,-0.009279049932956696,-0.011719448491930962,-0.008212032727897167,-0.0072059715166687965,-0.007261896505951881,-0.006714876275509596,-0.007248875685036182,-0.0075950720347464085,-0.006749863736331463,-0.008207551203668118,-0.006075082812458277,-0.005053815431892872,-0.005490600597113371,-0.007635129615664482,-0.009753359481692314,-0.008386447094380856,-0.008250176906585693,-0.007336847949773073
TTWO,11,2026-04-07 16:15:00+00:00,12:15,-0.007366133388131857,down,-0.004012709017843008,-0.0046699377708137035,-0.005373838357627392,-0.0038648268673568964,-0.007624233607202768,-0.007658144924789667,-0.00956667959690094,-0.0059244283474981785,-0.006571113597601652,-0.006395518314093351,-0.00651912484318018,-0.004904938396066427,-0.0052020917646586895,-0.004776834975928068,-0.006001495290547609,-0.00736756669357419,-0.005033587571233511,-0.004630021285265684,-0.0065087988041341305,-0.006621879059821367,-0.008746560662984848,-0.008754380978643894,-0.007515530567616224,-0.005951444152742624,-0.006990270223468542,-0.007366133388131857
VICI,11,2026-04-07 16:15:00+00:00,12:15,-0.0073775299824774265,down,-0.005558447912335396,-0.0003796573437284678,-0.0018270316068083048,0.001235732575878501,-0.0010031635174527764,-0.0023060564417392015,-0.00569381145760417,-0.007477253675460815,-0.00611834367737174,-0.007450985722243786,-0.004521270282566547,-0.006052461918443441,-0.006575346924364567,-0.005811890587210655,-0.006000992842018604,-0.0057603344321250916,-0.0046241008676588535,-0.004873853642493486,-0.004777204245328903,-0.004372263327240944,-0.004905177280306816,-0.007825556211173534,-0.008805246092379093,-0.004765215329825878,-0.006940930150449276,-0.0073775299824774265
CHD,11,2026-04-07 16:15:00+00:00,12:15,-0.0074417307041585445,down,-0.0043965051881968975,-0.00171968387439847,-0.005702907685190439,-0.005037044174969196,-0.0063559794798493385,-0.006835807114839554,-0.008650228381156921,-0.009438981302082539,-0.011633237823843956,-0.009065148420631886,-0.007643714081496,-0.007295864634215832,-0.005663017742335796,-0.005009329877793789,-0.0071003674529492855,-0.007900002412497997,-0.005760890897363424,-0.007246202323585749,-0.003136187558993697,-0.0044766743667423725,-0.005342669785022736,-0.005903523415327072,-0.008643999695777893,-0.0057891360484063625,-0.00650089792907238,-0.0074417307041585445
ABNB,11,2026-04-07 16:15:00+00:00,12:15,-0.007488994859158993,down,-0.009540493600070477,-0.004427368752658367,-0.015104122459888458,-0.00914160069078207,-0.014114170335233212,-0.01639424078166485,-0.019316036254167557,-0.015022645704448223,-0.013243676163256168,-0.012656520120799541,-0.010757489129900932,-0.009334535337984562,-0.005921894684433937,-0.00573961203917861,-0.006931092590093613,-0.008046591654419899,-0.004781777039170265,-0.005068122409284115,-0.007273439783602953,-0.009493744000792503,-0.0115114850923419,-0.013979727402329445,-0.013017498888075352,-0.00800600741058588,-0.010563928633928299,-0.007488994859158993
CVX,11,2026-04-07 16:15:00+00:00,12:15,-0.007503668777644634,down,-0.007572363596409559,-0.007635835092514753,-0.010669101029634476,-0.009142814204096794,-0.008316390216350555,-0.009483867324888706,-0.007348782382905483,-0.0061598243191838264,-0.010000739246606827,-0.0037953369319438934,-0.001655703061260283,-0.002737356349825859,-0.004833412356674671,-0.004728483036160469,-0.003565465798601508,-0.00608446029946208,-0.007303467020392418,-0.006174332462251186,-0.006980400066822767,-0.00971680972725153,-0.009849809110164642,-0.011719761416316032,-0.010811625979840755,-0.010275126434862614,-0.011117079295217991,-0.007503668777644634
WDAY,11,2026-04-07 16:15:00+00:00,12:15,-0.0075697037391364574,down,-0.009206577204167843,-0.006803606171160936,-0.016818711534142494,-0.011702558025717735,-0.01703020930290222,-0.020560702309012413,-0.02419196628034115,-0.019646763801574707,-0.01476441603153944,-0.017172403633594513,-0.014635061845183372,-0.01134831178933382,-0.012154950760304928,-0.011520369909703732,-0.009817284531891346,-0.010046395473182201,-0.008283473551273346,-0.007989290170371532,-0.010233421809971333,-0.011608344502747059,-0.011356881819665432,-0.012940307147800922,-0.011272466741502285,-0.006810430437326431,-0.007628545630723238,-0.0075697037391364574
ALB,11,2026-04-07 16:15:00+00:00,12:15,-0.0076545532792806625,down,-0.005353750195354223,-0.0030771708115935326,-0.007524019572883844,-0.007410659454762936,-0.01006262842565775,-0.010519850999116898,-0.0163941141217947,-0.011652359738945961,-0.013207257725298405,-0.010051370598375797,-0.006627967115491629,-0.0035418530460447073,-0.004590596072375774,-0.006638705264776945,-0.010159982368350029,-0.012949179857969284,-0.012864898890256882,-0.012854227796196938,-0.01509939692914486,-0.011973467655479908,-0.014009769074618816,-0.016737760975956917,-0.0148408068343997,-0.011030163615942001,-0.013101182878017426,-0.0076545532792806625
AKAM,11,2026-04-07 16:15:00+00:00,12:15,-0.007692708168178797,down,-0.01234048418700695,-0.008062314242124557,-0.013461250811815262,-0.012307914905250072,-0.012020688503980637,-0.015933051705360413,-0.016627302393317223,-0.014476194977760315,-0.012480189092457294,-0.013953611254692078,-0.013090426102280617,-0.011459140107035637,-0.008483333513140678,-0.007453221827745438,-0.009192796424031258,-0.007810259237885475,-0.009383149445056915,-0.007052723318338394,-0.010434268042445183,-0.011846335604786873,-0.009684096090495586,-0.009859712794423103,-0.00993228331208229,-0.007523771375417709,-0.011498644016683102,-0.007692708168178797
VRSK,11,2026-04-07 16:15:00+00:00,12:15,-0.0077530802227556705,down,-0.0022197647485882044,0.0008840588852763176,-0.0037011061795055866,-0.004237461369484663,-0.0077064018696546555,-0.009645192883908749,-0.009256335906684399,-0.007415734231472015,-0.006009454373270273,-0.005757440347224474,-0.007556540425866842,-0.006625051610171795,-0.005315967835485935,-0.005927727557718754,-0.00860155001282692,-0.008417552337050438,-0.006021831650286913,-0.006581079680472612,-0.007414089981466532,-0.006082240492105484,-0.006448386237025261,-0.009456626139581203,-0.007386458106338978,-0.005055725108832121,-0.0073015326634049416,-0.0077530802227556705
CB,11,2026-04-07 16:15:00+00:00,12:15,-0.007800547871738672,down,-0.006378055550158024,-0.004316298756748438,-0.0034161752555519342,-0.00394860515370965,-0.0014120412524789572,-0.00391703424975276,-0.006094312760978937,-0.006601379252970219,-0.007863854989409447,-0.007049289997667074,-0.006943878252059221,-0.007247101981192827,-0.007823104038834572,-0.00798921287059784,-0.007601480465382338,-0.008780191652476788,-0.008153439499437809,-0.008071361109614372,-0.008316390216350555,-0.007704785093665123,-0.00869374256581068,-0.011730382218956947,-0.011081773787736893,-0.008470684289932251,-0.010083028115332127,-0.007800547871738672
COIN,11,2026-04-07 16:15:00+00:00,12:15,-0.007863303646445274,down,-0.01963799260556698,-0.020145583897829056,-0.0287164393812418,-0.028009122237563133,-0.032672178000211716,-0.03167334198951721,-0.03308799862861633,-0.02651488594710827,-0.024086616933345795,-0.019728004932403564,-0.010937687009572983,-0.012438506819307804,-0.013514851219952106,-0.015823140740394592,-0.015942584723234177,-0.019627168774604797,-0.013979054056107998,-0.01016653049737215,-0.013706152327358723,-0.014499614015221596,-0.014906615950167179,-0.018410807475447655,-0.0178985595703125,-0.011025402694940567,-0.018584076315164566,-0.007863303646445274
ETR,11,2026-04-07 16:15:00+00:00,12:15,-0.007912703789770603,down,-0.003389921272173524,-0.003019564086571336,-0.004443244077265263,-0.002773661632090807,-0.0004942105151712894,-0.0017051339382305741,-0.0021814503706991673,-0.005007922649383545,-0.003976515494287014,-0.0054481662809848785,-0.003485987428575754,-0.0030311758164316416,-0.0022609520237892866,-0.0027070781216025352,-0.004503261297941208,-0.0031870242673903704,-0.0038752947002649307,-0.003718145191669464,-0.004238876514136791,-0.0031982604414224625,-0.004217054229229689,-0.007996108382940292,-0.007490842137485743,-0.005372853018343449,-0.006444488652050495,-0.007912703789770603
MO,11,2026-04-07 16:15:00+00:00,12:15,-0.007952798157930374,down,-0.003975141793489456,-0.0007362322648987174,-0.0023252281825989485,-0.00319299241527915,-0.0026101565454155207,-0.004370765294879675,-0.006601526867598295,-0.0074942330829799175,-0.00880571361631155,-0.00868156086653471,-0.006587900221347809,-0.005852562841027975,-0.007854294031858444,-0.006439571734517813,-0.0052053011022508144,-0.00610237754881382,-0.007442360278218985,-0.005797300022095442,-0.005937015172094107,-0.00394154479727149,-0.0056498683989048,-0.0067448364570736885,-0.007618301548063755,-0.00441846065223217,-0.007953988388180733,-0.007952798157930374
IVZ,11,2026-04-07 16:15:00+00:00,12:15,-0.00795911718159914,down,-0.016570892184972763,-0.006509401369839907,-0.01372519414871931,-0.010434729047119617,-0.016705965623259544,-0.019427945837378502,-0.021461013704538345,-0.013289806433022022,-0.011444124393165112,-0.007064864505082369,-0.003957929089665413,-0.005854396615177393,-0.00441529368981719,-0.0010398059384897351,-0.0010841898620128632,-0.002354660304263234,-0.0002976038958877325,0.0005966425524093211,-0.004016756080091,-0.006698786746710539,-0.009437487460672855,-0.009298843331634998,-0.0063751391135156155,0.00012774922652170062,-0.005920422729104757,-0.00795911718159914
IQV,11,2026-04-07 16:15:00+00:00,12:15,-0.00802992470562458,down,-0.004736703354865313,-0.0062102354131639,-0.013219271786510944,-0.008314544335007668,-0.008997350931167603,-0.010870463214814663,-0.01605973020195961,-0.012277139350771904,-0.010365905240178108,-0.010351521894335747,-0.008555646985769272,-0.00926677044481039,-0.007693852763622999,-0.007081150077283382,-0.008914840407669544,-0.01058986596763134,-0.008090299554169178,-0.006511632353067398,-0.009902285411953926,-0.008790651336312294,-0.009340907447040081,-0.012769214808940887,-0.013414951041340828,-0.0062008085660636425,-0.009343993850052357,-0.00802992470562458
KMI,11,2026-04-07 16:15:00+00:00,12:15,-0.008160066790878773,down,0.00016916966706048697,0.0038578063249588013,0.0032752889674156904,0.0034986683167517185,0.0037141526117920876,0.00274061830714345,0.003468214999884367,0.0007277074619196355,0.0003888248756993562,-0.0012308931909501553,0.0020134029909968376,-0.0005165833281353116,-0.003449081676080823,-0.0042129154317080975,-0.0022251007612794638,-0.002486268524080515,-0.0038824595976620913,-0.004076485056430101,-0.004169773310422897,-0.0032195153180509806,-0.004145233891904354,-0.005611930973827839,-0.007877862080931664,-0.0031420625746250153,-0.007074421737343073,-0.008160066790878773
XYL,11,2026-04-07 16:15:00+00:00,12:15,-0.008206216618418694,down,-0.008577045984566212,-0.006153240334242582,-0.007867242209613323,-0.004274980630725622,-0.0038758767768740654,-0.009195838123559952,-0.010305658914148808,-0.00994850229471922,-0.009697798639535904,-0.009693941101431847,-0.007942349649965763,-0.005847834050655365,-0.007043506950139999,-0.007048198487609625,-0.006545803975313902,-0.008306187577545643,-0.006023733410984278,-0.00443902937695384,-0.0034398045390844345,-0.0060278610326349735,-0.007440799381583929,-0.009730344638228416,-0.011025992222130299,-0.005394935607910156,-0.006812588311731815,-0.008206216618418694
A,11,2026-04-07 16:15:00+00:00,12:15,-0.00832685362547636,down,-0.007593153975903988,-0.00583621533587575,-0.007989889942109585,-0.0046092066913843155,-0.0057756961323320866,-0.00729382736608386,-0.007958699017763138,-0.010321271605789661,-0.011031793430447578,-0.011758649721741676,-0.010799344629049301,-0.009763278067111969,-0.010348070412874222,-0.011403829790651798,-0.008328685536980629,-0.009929399937391281,-0.0079202177003026,-0.007663319818675518,-0.010189790278673172,-0.009876021184027195,-0.009567960165441036,-0.011351708322763443,-0.011407045647501945,-0.007256585638970137,-0.010268778540194035,-0.00832685362547636
WSM,11,2026-04-07 16:15:00+00:00,12:15,-0.00839704368263483,down,-0.005444461479783058,-0.005088710226118565,-0.009620332159101963,-0.008429613895714283,-0.01094896625727415,-0.011391133069992065,-0.014409168623387814,-0.013879362493753433,-0.014691906981170177,-0.012655843049287796,-0.011857863515615463,-0.011424314230680466,-0.01126034650951624,-0.01361146941781044,-0.013674004003405571,-0.014483664184808731,-0.011666940525174141,-0.010475710965692997,-0.012809759005904198,-0.012557226233184338,-0.012630804441869259,-0.013134494423866272,-0.012585284188389778,-0.01027820073068142,-0.009512839838862419,-0.00839704368263483
MRK,11,2026-04-07 16:15:00+00:00,12:15,-0.008426583372056484,down,-0.009757702238857746,-0.008641378954052925,-0.014532268978655338,-0.00750593701377511,-0.008015614002943039,-0.01392499078065157,-0.013991116546094418,-0.010095734149217606,-0.011064092628657818,-0.01179509423673153,-0.0066281515173614025,-0.0077653001062572,-0.007159355096518993,-0.0056153554469347,-0.006329761352390051,-0.005617741495370865,-0.00673694908618927,-0.006418092176318169,-0.008120461367070675,-0.008226401172578335,-0.007703687530010939,-0.008791540749371052,-0.00901102740317583,-0.0055105057545006275,-0.008449455723166466,-0.008426583372056484
ADP,11,2026-04-07 16:15:00+00:00,12:15,-0.008519151248037815,down,-0.010407131165266037,-0.007026358041912317,-0.008732414804399014,-0.007473049685359001,-0.008401021361351013,-0.010168414562940598,-0.013273891992866993,-0.011282062157988548,-0.00990406796336174,-0.008141090162098408,-0.0056511941365897655,-0.006450079847127199,-0.005857523996382952,-0.00445451820269227,-0.00452427240088582,-0.004487099125981331,-0.002698236145079136,-0.0025247884914278984,-0.0038386862725019455,-0.004326344933360815,-0.005461411084979773,-0.0062772007659077644,-0.00886984821408987,-0.007594088092446327,-0.009164873510599136,-0.008519151248037815
MGM,11,2026-04-07 16:15:00+00:00,12:15,-0.008528237231075764,down,-0.006440907251089811,-0.007034962996840477,-0.010876546613872051,-0.009117919020354748,-0.011308287270367146,-0.015422699972987175,-0.021008528769016266,-0.020574752241373062,-0.01844760961830616,-0.017595181241631508,-0.014474321156740189,-0.009731474332511425,-0.008831130340695381,-0.008589073084294796,-0.009196523576974869,-0.01145992986857891,-0.008515807799994946,-0.009079962968826294,-0.010609782300889492,-0.010203056037425995,-0.011113914661109447,-0.01484735682606697,-0.01406600046902895,-0.007761422079056501,-0.012096679769456387,-0.008528237231075764
EFX,11,2026-04-07 16:15:00+00:00,12:15,-0.00869797170162201,down,-0.0059356954880058765,-0.004163951613008976,-0.008534464053809643,-0.006702497601509094,-0.009875422343611717,-0.011746710166335106,-0.012937881052494049,-0.01118658296763897,-0.010180954821407795,-0.009168734773993492,-0.0073712607845664024,-0.007026383187621832,-0.00648327125236392,-0.006411605980247259,-0.007641452830284834,-0.010029929690063,-0.0067275636829435825,-0.006583199370652437,-0.007812823168933392,-0.008290320634841919,-0.009846496395766735,-0.012279964052140713,-0.011190191842615604,-0.008455500937998295,-0.00980205275118351,-0.00869797170162201
AMT,11,2026-04-07 16:15:00+00:00,12:15,-0.008884880691766739,down,-0.006980443373322487,-0.0043591661378741264,-0.007068954408168793,-0.0067300801165401936,-0.005219954065978527,-0.008173801936209202,-0.009099866263568401,-0.008793439716100693,-0.009851342998445034,-0.009674640372395515,-0.007666527293622494,-0.005304676480591297,-0.007016744930297136,-0.006752966903150082,-0.007530584465712309,-0.008094169199466705,-0.008323421701788902,-0.006744967307895422,-0.007845607586205006,-0.007861045189201832,-0.008728564716875553,-0.011560091748833656,-0.011470535770058632,-0.008562221191823483,-0.010731332935392857,-0.008884880691766739
SRE,11,2026-04-07 16:15:00+00:00,12:15,-0.008888810873031616,down,-0.0007686722674407065,0.0010053804144263268,0.0008618372376076877,9.204071830026805e-05,0.0023075565695762634,-0.001532454858534038,-0.0027268221601843834,-0.003369316691532731,-0.001883812597952783,-0.005191565491259098,-0.002828367752954364,-0.0010423458879813552,-0.004304999951273203,-0.0037267240695655346,-0.004533222410827875,-0.006677000317722559,-0.006091215647757053,-0.005633288063108921,-0.004985491279512644,-0.0046726916916668415,-0.004827467259019613,-0.008322266861796379,-0.009351042099297047,-0.006924106739461422,-0.010180393233895302,-0.008888810873031616
OKE,11,2026-04-07 16:15:00+00:00,12:15,-0.00896068848669529,down,-0.006938321050256491,-0.0011743252398446202,-0.0004433205467648804,0.0007030436536297202,0.004217159003019333,-0.00034994821180589497,-0.004454093985259533,-0.0009962944313883781,-0.0033267938997596502,-0.007404631469398737,-0.003051940118893981,-0.004564610309898853,-0.008482539094984531,-0.005979214794933796,-0.0036470864433795214,-0.004714611452072859,-0.005160951521247625,-0.0067490264773368835,-0.0054632434621453285,-0.006846132688224316,-0.006759420968592167,-0.008032669313251972,-0.008213643915951252,-0.004834561143070459,-0.008478494361042976,-0.00896068848669529
NVR,11,2026-04-07 16:15:00+00:00,12:15,-0.008989120833575726,down,0.004813224542886019,0.0033858793321996927,0.003508168738335371,0.005165550857782364,0.006142889615148306,0.0036532955709844828,-0.0012044900795444846,0.0014370398130267859,-0.0035780419129878283,-0.00456550857052207,-0.004042233806103468,-0.005032621789723635,-0.009517431259155273,-0.010510138235986233,-0.012180925346910954,-0.01117769069969654,-0.013815588317811489,-0.009198278188705444,-0.009132261388003826,-0.0070167165249586105,-0.009736787527799606,-0.007147722411900759,-0.005433064419776201,-0.0071180155500769615,-0.011404363438487053,-0.008989120833575726
QCOM,11,2026-04-07 16:15:00+00:00,12:15,-0.009056282229721546,down,-0.008391733281314373,-0.005537235643714666,-0.01176257710903883,-0.006027617957442999,-0.008681738749146461,-0.011231841519474983,-0.01593192107975483,-0.014682777225971222,-0.015395195223391056,-0.014946898445487022,-0.009949836879968643,-0.011813136748969555,-0.009737633168697357,-0.01093620527535677,-0.010858346708118916,-0.012306862510740757,-0.011330553330481052,-0.012320345267653465,-0.012033122591674328,-0.012107307091355324,-0.011456937529146671,-0.011822695843875408,-0.011453039012849331,-0.0070365904830396175,-0.007529239170253277,-0.009056282229721546
NTAP,11,2026-04-07 16:15:00+00:00,12:15,-0.009417925961315632,down,-0.0005651258397847414,0.00598824443295598,-0.003462271299213171,0.0004919980419799685,-0.0058991615660488605,-0.0057249185629189014,-0.008232491090893745,-0.005958209279924631,-0.006012908183038235,-0.008858029730618,-0.0027664825320243835,-0.005007739644497633,-0.004309957381337881,-0.0024869428016245365,-0.008120790123939514,-0.005742331501096487,-0.007078040391206741,-0.009717737324535847,-0.00969502329826355,-0.011772990226745605,-0.0072048744186758995,-0.008477100171148777,-0.008207837119698524,-0.008508768863976002,-0.008544373326003551,-0.009417925961315632
T,11,2026-04-07 16:15:00+00:00,12:15,-0.009460808709263802,down,-0.006933391094207764,-0.004618396982550621,-0.009838603436946869,-0.009079612791538239,-0.011253248900175095,-0.013683599419891834,-0.012906149961054325,-0.010442489758133888,-0.009385976009070873,-0.007607584819197655,-0.008696337230503559,-0.007048116996884346,-0.009545049630105495,-0.008854642510414124,-0.008549661375582218,-0.009377961978316307,-0.007567485328763723,-0.009524201042950153,-0.009000749327242374,-0.007504057604819536,-0.009237518534064293,-0.011110968887805939,-0.012923880480229855,-0.008625738322734833,-0.009931317530572414,-0.009460808709263802
MDLZ,11,2026-04-07 16:15:00+00:00,12:15,-0.00949911680072546,down,-0.0011265620123595,0.001349844504147768,0.00043534382712095976,-0.0006222275551408529,-0.0005493529024533927,-0.000985831837169826,-0.0033112477976828814,-0.006109082140028477,-0.0037628673017024994,-0.007661859039217234,-0.006930680014193058,-0.006444595754146576,-0.009491349570453167,-0.007532548625022173,-0.0057805185206234455,-0.005615208763629198,-0.006709638983011246,-0.009653041139245033,-0.008789945393800735,-0.008068722672760487,-0.010402689687907696,-0.011247223243117332,-0.011240525171160698,-0.007517094258219004,-0.009539507329463959,-0.00949911680072546
APP,11,2026-04-07 16:15:00+00:00,12:15,-0.009544482454657555,down,-0.013021282851696014,-0.017239198088645935,-0.030300183221697807,-0.02277132123708725,-0.027112068608403206,-0.030536945909261703,-0.030439861118793488,-0.023326782509684563,-0.016993721947073936,-0.01992769166827202,-0.015173004008829594,-0.013908348977565765,-0.010844103060662746,-0.02962636761367321,-0.027393905445933342,-0.030469991266727448,-0.03320605307817459,-0.02410377562046051,-0.034526530653238297,-0.031102461740374565,-0.027111228555440903,-0.021965300664305687,-0.01919625885784626,-0.01217280700802803,-0.018338723108172417,-0.009544482454657555
EBAY,11,2026-04-07 16:15:00+00:00,12:15,-0.009605350904166698,down,-0.003544075647369027,-0.00282544014044106,-0.006511727347970009,-0.0015741068636998534,-0.0021468226332217455,-0.0023055209312587976,-0.005050803534686565,-0.0041463798843324184,-0.008863403461873531,-0.00875659566372633,-0.007979198358952999,-0.007215637248009443,-0.006787107791751623,-0.006405466701835394,-0.006908482406288385,-0.009921283461153507,-0.007627443410456181,-0.009358113631606102,-0.008826466277241707,-0.009338626638054848,-0.010537179186940193,-0.012088661082088947,-0.010190940462052822,-0.007120861206203699,-0.008796228095889091,-0.009605350904166698
WMB,11,2026-04-07 16:15:00+00:00,12:15,-0.009608575142920017,down,-0.003174629993736744,-0.0011772005818784237,-0.00412996718659997,-0.0061780428513884544,-0.006984887644648552,-0.008220158517360687,-0.009147288277745247,-0.010358856990933418,-0.012648399919271469,-0.009362449869513512,-0.010164329782128334,-0.006708439439535141,-0.0062322961166501045,-0.004830282647162676,-0.005310501903295517,-0.007966507226228714,-0.008423642255365849,-0.0091424360871315,-0.00733624491840601,-0.006449862848967314,-0.006677157711237669,-0.007021488156169653,-0.007905426435172558,-0.01069618109613657,-0.009664163924753666,-0.009608575142920017
TPL,11,2026-04-07 16:15:00+00:00,12:15,-0.009627950377762318,down,-0.002424051286652684,0.0023012948222458363,0.002169680781662464,0.0022091204300522804,-1.914535096148029e-05,-0.0013797536958009005,-0.0018478938145563006,0.0017429627478122711,-0.0033402531407773495,-0.007850881665945053,-0.003221870632842183,-0.006189846433699131,-0.012979663908481598,-0.009012969210743904,-0.010155180469155312,-0.009138851426541805,-0.013317734003067017,-0.00953750777989626,-0.011052439920604229,-0.011213593184947968,-0.012084437534213066,-0.011393087916076183,-0.009548342786729336,-0.007176632527261972,-0.011494280770421028,-0.009627950377762318
TGT,11,2026-04-07 16:15:00+00:00,12:15,-0.009699241258203983,down,-0.007626203820109367,-0.0024870182387530804,-0.008409074507653713,-0.0042237467132508755,-0.0057953293435275555,-0.00864180363714695,-0.011146441102027893,-0.00943650584667921,-0.008496357128024101,-0.011170447804033756,-0.0059920563362538815,-0.004530991893261671,-0.004294685088098049,-0.004413203801959753,-0.004312718287110329,-0.003910907544195652,-0.005192470271140337,-0.0053291660733520985,-0.007533610798418522,-0.008246269077062607,-0.008458114229142666,-0.00796736404299736,-0.008367156609892845,-0.00648125633597374,-0.008472738787531853,-0.009699241258203983
SJM,11,2026-04-07 16:15:00+00:00,12:15,-0.00975182093679905,down,-6.000418943585828e-05,0.003065654542297125,0.0015866816975176334,0.0005989650380797684,0.001309665385633707,-0.0017683597980067134,-0.0028557588811963797,-0.004391378257423639,-0.004766751546412706,-0.003971905447542667,-0.002377684460952878,-0.0015638773329555988,-0.0034493920393288136,-0.0030837031081318855,-0.0025709550827741623,-0.004336869809776545,-0.005432370584458113,-0.00510657113045454,-0.0034376364201307297,-0.002340960316359997,-0.00430116755887866,-0.005377640016376972,-0.008651095442473888,-0.0056276628747582436,-0.00880532804876566,-0.00975182093679905
SCHW,11,2026-04-07 16:15:00+00:00,12:15,-0.009762870147824287,down,-0.008885313756763935,-0.010441936552524567,-0.011994263157248497,-0.010232208296656609,-0.008568230085074902,-0.008777131326496601,-0.011355232447385788,-0.011897078715264797,-0.013071784749627113,-0.011483842507004738,-0.008299000561237335,-0.009542316198348999,-0.009053846821188927,-0.00620601512491703,-0.005336184985935688,-0.006223364267498255,-0.008091152645647526,-0.008118095807731152,-0.006235097069293261,-0.006154072005301714,-0.00723310885950923,-0.007565490435808897,-0.0093909977003932,-0.007330252323299646,-0.007899031974375248,-0.009762870147824287
CCL,11,2026-04-07 16:15:00+00:00,12:15,-0.009805711917579174,down,-0.030277127400040627,-0.018406817689538002,-0.024922750890254974,-0.023775804787874222,-0.02270245924592018,-0.022744247689843178,-0.02724521979689598,-0.026306239888072014,-0.02716517262160778,-0.0278305783867836,-0.023605534806847572,-0.021281592547893524,-0.012848561629652977,-0.013770829886198044,-0.017088258638978004,-0.018653294071555138,-0.012270006351172924,-0.011528183706104755,-0.012221015058457851,-0.01399651076644659,-0.017852285876870155,-0.02169637382030487,-0.021308068186044693,-0.012287363409996033,-0.012962566688656807,-0.009805711917579174
LRCX,11,2026-04-07 16:15:00+00:00,12:15,-0.00986779946833849,down,-0.016433048993349075,-0.016096867620944977,-0.022691501304507256,-0.021688338369131088,-0.026583770290017128,-0.026162834838032722,-0.028928713873028755,-0.023363031446933746,-0.0208874698728323,-0.018824955448508263,-0.013414419256150723,-0.01330506056547165,-0.013575769029557705,-0.012010578997433186,-0.014589117839932442,-0.01639140397310257,-0.014584636315703392,-0.015288923867046833,-0.014765961095690727,-0.016067879274487495,-0.015951642766594887,-0.018834540620446205,-0.01953567937016487,-0.01454844418913126,-0.017480766400694847,-0.00986779946833849
WMT,11,2026-04-07 16:15:00+00:00,12:15,-0.009886103682219982,down,-0.0074189212173223495,-0.004396568983793259,-0.009454271756112576,-0.008253497071564198,-0.009896553121507168,-0.012720090337097645,-0.01447516679763794,-0.01750127039849758,-0.016286714002490044,-0.017913198098540306,-0.0138990618288517,-0.012405605055391788,-0.013158432208001614,-0.011829039081931114,-0.013333125039935112,-0.013682456687092781,-0.01671796850860119,-0.01768290437757969,-0.01494820136576891,-0.014921083115041256,-0.013681123033165932,-0.013933500275015831,-0.012804779224097729,-0.01081469003111124,-0.010533507913351059,-0.009886103682219982
SOLV,11,2026-04-07 16:15:00+00:00,12:15,-0.00993619579821825,down,-0.004560604691505432,0.0005808433052152395,-0.004235687665641308,-0.0028916294686496258,-0.00576063571497798,-0.008589678443968296,-0.010411801747977734,-0.00917678140103817,-0.009477660991251469,-0.011280883103609085,-0.011766641400754452,-0.009636566042900085,-0.010320610366761684,-0.009471668861806393,-0.008397254161536694,-0.009224544279277325,-0.006968450732529163,-0.006716778501868248,-0.007923809811472893,-0.008370192721486092,-0.008910183794796467,-0.01121740322560072,-0.012256051413714886,-0.0074322838336229324,-0.010441320948302746,-0.00993619579821825
AOS,11,2026-04-07 16:15:00+00:00,12:15,-0.010125413537025452,down,-0.005265573505312204,-0.0016775387339293957,-0.005292327143251896,-0.0037790825590491295,-0.0028308136388659477,-0.005483326036483049,-0.006065457593649626,-0.008536402136087418,-0.00943948607891798,-0.010095750913023949,-0.01171159278601408,-0.008378786034882069,-0.008803361095488071,-0.01024194061756134,-0.009620084427297115,-0.010142344050109386,-0.007785853464156389,-0.009114876389503479,-0.007135920692235231,-0.009564007632434368,-0.009243975393474102,-0.010732224211096764,-0.013121559284627438,-0.007845539599657059,-0.012002464383840561,-0.010125413537025452
MSFT,11,2026-04-07 16:15:00+00:00,12:15,-0.010273167863488197,down,-0.012115656398236752,-0.014453327283263206,-0.014712780714035034,-0.014258531853556633,-0.01650143973529339,-0.023166438564658165,-0.020685376599431038,-0.019038276746869087,-0.01724848523736,-0.01758647710084915,-0.015955379232764244,-0.016830336302518845,-0.01602327823638916,-0.017541585490107536,-0.014575568959116936,-0.01547789853066206,-0.016173947602510452,-0.016594549641013145,-0.01588280312716961,-0.015261868014931679,-0.017489248886704445,-0.021315841004252434,-0.020797371864318848,-0.02207590825855732,-0.017940295860171318,-0.010273167863488197
BEN,11,2026-04-07 16:15:00+00:00,12:15,-0.010324464179575443,down,-0.006355559453368187,-0.00416118698194623,-0.009631860069930553,-0.00942345429211855,-0.009842660278081894,-0.01199099700897932,-0.013528566807508469,-0.014611984603106976,-0.010321022011339664,-0.010653657838702202,-0.008877771906554699,-0.00824076309800148,-0.006594918668270111,-0.006896493956446648,-0.005886351224035025,-0.005822463892400265,-0.005759031977504492,-0.005976908840239048,-0.006901590619236231,-0.008406500332057476,-0.008322731591761112,-0.009171915240585804,-0.01027064397931099,-0.009332672692835331,-0.009982961229979992,-0.010324464179575443
SO,11,2026-04-07 16:15:00+00:00,12:15,-0.010522867552936077,down,-0.008026822470128536,-0.005451731849461794,-0.005769827403128147,-0.004621192812919617,-0.0040877871215343475,-0.005917846690863371,-0.008376097306609154,-0.00911301001906395,-0.010587155818939209,-0.011280716396868229,-0.007723974529653788,-0.0084952088072896,-0.009559297002851963,-0.008582363836467266,-0.009126389399170876,-0.010068402625620365,-0.008365867659449577,-0.009136773645877838,-0.007621333468705416,-0.006607814691960812,-0.00801193155348301,-0.010561804287135601,-0.010913968086242676,-0.008231154642999172,-0.009766662493348122,-0.010522867552936077
CMCSA,11,2026-04-07 16:15:00+00:00,12:15,-0.010566716082394123,down,-0.006863081362098455,-0.004568418953567743,-0.007105090189725161,-0.005013912916183472,-0.0036638095043599606,-0.005318335257470608,-0.005492808762937784,-0.006217068526893854,-0.005406332202255726,-0.010396171361207962,-0.0114684933796525,-0.011904291808605194,-0.013200228102505207,-0.01297659333795309,-0.011656262911856174,-0.01170878205448389,-0.011339139193296432,-0.011873871088027954,-0.012255944311618805,-0.010032348334789276,-0.009822918102145195,-0.011312195099890232,-0.014352310448884964,-0.012103013694286346,-0.012204574421048164,-0.010566716082394123
GILD,11,2026-04-07 16:15:00+00:00,12:15,-0.010689609684050083,down,-0.008240935392677784,-0.0029847989790141582,-0.008484571240842342,-0.007561515085399151,-0.005152551457285881,-0.006295043509453535,-0.008541668765246868,-0.00871130358427763,-0.010429958812892437,-0.010305847972631454,-0.007513696793466806,-0.00826345570385456,-0.009955830872058868,-0.008347589522600174,-0.008634456433355808,-0.010066722519695759,-0.00872299075126648,-0.0113087622448802,-0.009306561201810837,-0.009284580126404762,-0.008623848669230938,-0.009221277199685574,-0.011332145892083645,-0.007236592937260866,-0.01004248671233654,-0.010689609684050083
CRWD,11,2026-04-07 16:15:00+00:00,12:15,-0.010701254941523075,down,-0.006321216467767954,-0.0058482950553298,-0.011083330027759075,-0.007201972417533398,-0.009783707559108734,-0.016054777428507805,-0.015661608427762985,-0.011180782690644264,-0.012054793536663055,-0.011495782062411308,-0.008401298895478249,-0.00817775260657072,-0.006341838277876377,-0.007707271724939346,-0.010041633620858192,-0.00921684131026268,-0.010713671334087849,-0.01060924120247364,-0.014258135110139847,-0.015482734888792038,-0.013313201256096363,-0.012313286773860455,-0.008764012716710567,-0.008019514381885529,-0.010954802855849266,-0.010701254941523075
JBL,11,2026-04-07 16:15:00+00:00,12:15,-0.010761961340904236,down,-0.005548055749386549,-0.006254673935472965,-0.00909976102411747,-0.006490112282335758,-0.00999495666474104,-0.010915865190327168,-0.015237686224281788,-0.012265642173588276,-0.016745327040553093,-0.011115705594420433,-0.008788005448877811,-0.0062631904147565365,-0.008747403509914875,-0.008278477005660534,-0.011980952695012093,-0.013290509581565857,-0.007720437366515398,-0.01098525058478117,-0.01206568069756031,-0.010184616781771183,-0.007890915498137474,-0.009838493540883064,-0.007889717817306519,-0.004318545572459698,-0.013113461434841156,-0.010761961340904236
ABT,11,2026-04-07 16:15:00+00:00,12:15,-0.011159847490489483,down,-0.005681672599166632,-0.0015747237484902143,-0.004463520832359791,-0.003947772551327944,-0.0033741057850420475,-0.005587570369243622,-0.009199223481118679,-0.008835078217089176,-0.0071861050091683865,-0.009074101224541664,-0.007929516024887562,-0.006831934675574303,-0.007322163786739111,-0.008178561925888062,-0.007945218123495579,-0.00835623499006033,-0.008730201981961727,-0.00960238091647625,-0.008503731340169907,-0.007491357158869505,-0.007820578292012215,-0.010625404305756092,-0.010618691332638264,-0.010476422496140003,-0.01139205601066351,-0.011159847490489483
PAYX,11,2026-04-07 16:15:00+00:00,12:15,-0.011498356238007545,down,-0.009125764481723309,-0.004836624953895807,-0.009219374507665634,-0.00711366580799222,-0.011684850789606571,-0.012325199320912361,-0.014563580974936485,-0.0121310418471694,-0.010755802504718304,-0.01083399448543787,-0.010199015028774738,-0.0080034751445055,-0.007888025604188442,-0.00706055760383606,-0.0073905703611671925,-0.008590060286223888,-0.005211357027292252,-0.006056325044482946,-0.0071870493702590466,-0.007584554608911276,-0.007806045934557915,-0.0106368288397789,-0.011268960312008858,-0.0074587236158549786,-0.01208741869777441,-0.011498356238007545
ZBRA,11,2026-04-07 16:15:00+00:00,12:15,-0.011563674546778202,down,-0.009075113572180271,-0.006155671086162329,-0.009014767594635487,-0.0064698453061282635,-0.010692507028579712,-0.008261622861027718,-0.0141638508066535,-0.012062601745128632,-0.011220156215131283,-0.0090916333720088,-0.008965793065726757,-0.00794722605496645,-0.0063987309113144875,-0.005764583125710487,-0.0078077842481434345,-0.007030067965388298,-0.003746870905160904,-0.009201985783874989,-0.009915524162352085,-0.008527321740984917,-0.010608134791254997,-0.013331648893654346,-0.013114607892930508,-0.006836934480816126,-0.010376892052590847,-0.011563674546778202
PEP,11,2026-04-07 16:15:00+00:00,12:15,-0.011682238429784775,down,-0.006646054331213236,-0.00021013995865359902,-0.004455795977264643,-0.004779639653861523,-0.0029949962627142668,-0.005062190815806389,-0.0069959210231900215,-0.006802296731621027,-0.006764993071556091,-0.010515560396015644,-0.00666081951931119,-0.0055651129223406315,-0.008696958422660828,-0.008204245008528233,-0.00979099702090025,-0.010213128291070461,-0.011071777902543545,-0.008093097247183323,-0.009688219986855984,-0.008867112919688225,-0.009209263138473034,-0.010401686653494835,-0.011139134876430035,-0.011172246187925339,-0.01241528894752264,-0.011682238429784775
GEN,11,2026-04-07 16:15:00+00:00,12:15,-0.011740508489310741,down,-0.009179404005408287,-0.0039491066709160805,-0.008196715265512466,-0.006913753692060709,-0.01198307704180479,-0.012075269594788551,-0.015551279298961163,-0.011398895643651485,-0.00888901762664318,-0.012949510477483273,-0.011554703116416931,-0.008925496600568295,-0.0068276384845376015,-0.005404712166637182,-0.009451674297451973,-0.01124708354473114,-0.003972688224166632,-0.00533418171107769,-0.008183937519788742,-0.007185288704931736,-0.009178540669381618,-0.011861239559948444,-0.01143017690628767,-0.00588910561054945,-0.010483283549547195,-0.011740508489310741
VRTX,11,2026-04-07 16:15:00+00:00,12:15,-0.011852992698550224,down,-0.00864405371248722,-0.009226453490555286,-0.011629588901996613,-0.008992033079266548,-0.007770814932882786,-0.012344776652753353,-0.013390638865530491,-0.017140500247478485,-0.01445775106549263,-0.015210366807878017,-0.011430305428802967,-0.010355012491345406,-0.009317735210061073,-0.010690402239561081,-0.01235957071185112,-0.01423127856105566,-0.011743233539164066,-0.009256448596715927,-0.015552351251244545,-0.013309027999639511,-0.006750381086021662,-0.008361756801605225,-0.006457885727286339,-0.00496027572080493,-0.007378486916422844,-0.011852992698550224
INCY,11,2026-04-07 16:15:00+00:00,12:15,-0.012000076472759247,down,-0.006356280762702227,-0.005221547558903694,-0.008511918596923351,-0.007797883357852697,-0.006007741671055555,-0.006215674336999655,-0.008576761931180954,-0.009903942234814167,-0.01284557394683361,-0.012609797529876232,-0.011266624554991722,-0.010539711453020573,-0.012900044210255146,-0.011212782934308052,-0.011188656091690063,-0.013164001516997814,-0.012634022161364555,-0.013010984286665916,-0.01248679868876934,-0.012018213979899883,-0.012579604052007198,-0.013441224582493305,-0.017455603927373886,-0.012957642786204815,-0.014628429897129536,-0.012000076472759247
BALL,11,2026-04-07 16:15:00+00:00,12:15,-0.012079930864274502,down,-0.008332879282534122,-0.002849153708666563,-0.004336756654083729,-0.004902729298919439,-0.006260267458856106,-0.008091087453067303,-0.010531138628721237,-0.012497764080762863,-0.014224529266357422,-0.015949299558997154,-0.016187720000743866,-0.013199731707572937,-0.01322187203913927,-0.013413803651928902,-0.012860538437962532,-0.013957995921373367,-0.01084910612553358,-0.012548823840916157,-0.01204939465969801,-0.013979561626911163,-0.013352176174521446,-0.01614217273890972,-0.01672235317528248,-0.011973702348768711,-0.014587858691811562,-0.012079930864274502
EXPE,11,2026-04-07 16:15:00+00:00,12:15,-0.01226449478417635,down,-0.012908103875815868,-0.008440446108579636,-0.014326492324471474,-0.011770829558372498,-0.016057360917329788,-0.01575586013495922,-0.020806189626455307,-0.016463253647089005,-0.013503213413059711,-0.011565050110220909,-0.009360664524137974,-0.010094322264194489,-0.009524042718112469,-0.005617673508822918,-0.006430620327591896,-0.008542202413082123,-0.005294490605592728,-0.006215597968548536,-0.0073250895366072655,-0.008615105412900448,-0.009127135388553143,-0.013503828085958958,-0.012779182754456997,-0.0067871627397835255,-0.009247035719454288,-0.01226449478417635
EL,11,2026-04-07 16:15:00+00:00,12:15,-0.012283960357308388,down,-0.014261777512729168,-0.0058279260993003845,-0.010186637751758099,-0.012037262320518494,-0.013518108986318111,-0.01406592596322298,-0.02129499614238739,-0.016977714374661446,-0.017204439267516136,-0.016683893278241158,-0.015157464891672134,-0.01166089903563261,-0.00756093580275774,-0.007734902203083038,-0.010001043789088726,-0.01404134277254343,-0.010082538239657879,-0.007846063934266567,-0.013221119530498981,-0.011798973195254803,-0.011958779767155647,-0.013683882541954517,-0.015049767680466175,-0.006885540671646595,-0.014544487930834293,-0.012283960357308388
APO,11,2026-04-07 16:15:00+00:00,12:15,-0.012437482364475727,down,-0.008085841313004494,-0.00660093454644084,-0.00835143867880106,-0.007754084654152393,-0.009690499864518642,-0.00889742560684681,-0.01143678743392229,-0.008895928040146828,-0.007803428452461958,-0.011397839523851871,-0.009874675422906876,-0.008842900395393372,-0.009229923598468304,-0.008549577556550503,-0.007611969020217657,-0.009574398398399353,-0.00673283077776432,-0.00886661559343338,-0.009091784246265888,-0.010768929496407509,-0.011878431774675846,-0.011065764352679253,-0.010406717658042908,-0.008951408788561821,-0.010962079279124737,-0.012437482364475727
CARR,11,2026-04-07 16:15:00+00:00,12:15,-0.012452068738639355,down,-0.010746750049293041,-0.0043187509290874004,-0.010472003370523453,-0.008041683584451675,-0.011041216552257538,-0.012258370406925678,-0.01295752078294754,-0.013157548382878304,-0.014399693347513676,-0.014228152111172676,-0.011854667216539383,-0.011832155287265778,-0.012187838554382324,-0.010928917676210403,-0.010163350030779839,-0.012064283713698387,-0.008069791831076145,-0.010450403206050396,-0.009723015129566193,-0.010258168913424015,-0.010168972425162792,-0.013806607574224472,-0.015255563892424107,-0.010700738988816738,-0.012962641194462776,-0.012452068738639355
ZTS,11,2026-04-07 16:15:00+00:00,12:15,-0.012874603271484375,down,-0.006925120484083891,-0.0062865992076694965,-0.008388519287109375,-0.006367019843310118,-0.009022505022585392,-0.011998523958027363,-0.01567230187356472,-0.013952874578535557,-0.014843760058283806,-0.016168789938092232,-0.012623945251107216,-0.010935196653008461,-0.01212043222039938,-0.012987117283046246,-0.012027636170387268,-0.01358439028263092,-0.012123534455895424,-0.012063384987413883,-0.012283542193472385,-0.012568963691592216,-0.011920260265469551,-0.014971607364714146,-0.014304669573903084,-0.012075859121978283,-0.013818376697599888,-0.012874603271484375
BR,11,2026-04-07 16:15:00+00:00,12:15,-0.013337409123778343,down,-0.005236659664660692,-0.0021063312888145447,-0.007106386125087738,-0.005268951877951622,-0.009820681996643543,-0.00978003814816475,-0.012358235195279121,-0.00980302132666111,-0.0074850646778941154,-0.00879688747227192,-0.0075233145616948605,-0.007625805214047432,-0.009256205521523952,-0.008991491980850697,-0.011709607206285,-0.013408676721155643,-0.00981753971427679,-0.008859033696353436,-0.008628836832940578,-0.008580539375543594,-0.009623953141272068,-0.011586284264922142,-0.01127965934574604,-0.0113681610673666,-0.015523991547524929,-0.013337409123778343
DIS,11,2026-04-07 16:15:00+00:00,12:15,-0.013341422192752361,down,-0.009526663459837437,-0.006379976868629456,-0.009540046565234661,-0.008745992556214333,-0.0085933618247509,-0.008324723690748215,-0.010338373482227325,-0.01310770120471716,-0.01423355471342802,-0.012869135476648808,-0.011044465005397797,-0.01118283998221159,-0.011873957701027393,-0.00911710411310196,-0.00944190751761198,-0.009738536551594734,-0.011051983572542667,-0.011620753444731236,-0.009803293272852898,-0.009106126613914967,-0.010604525916278362,-0.012098885141313076,-0.013817003928124905,-0.011172080412507057,-0.01359575055539608,-0.013341422192752361
ARES,11,2026-04-07 16:15:00+00:00,12:15,-0.013387259095907211,down,-0.004749157931655645,-0.0012522226897999644,-0.005168608855456114,-0.005418825428932905,-0.005832010880112648,-0.005100822541862726,-0.009641150012612343,-0.007277118973433971,-0.006070446223020554,-0.007661981042474508,-0.006213544402271509,-0.007233466487377882,-0.010038180276751518,-0.00793367624282837,-0.0075112516060471535,-0.010373899713158607,-0.0068347561173141,-0.008647151291370392,-0.009920177981257439,-0.010354011319577694,-0.010081079788506031,-0.010863479226827621,-0.01025322638452053,-0.009138801135122776,-0.01097368448972702,-0.013387259095907211
PODD,11,2026-04-07 16:15:00+00:00,12:15,-0.013475279323756695,down,-0.002090469002723694,0.0022523694206029177,-0.0012975001009181142,-0.0023402299266308546,-0.0035630110651254654,-0.004813699517399073,-0.004976565949618816,-0.00604288000613451,-0.0028381189331412315,-0.0038827061653137207,0.0013009137474000454,-0.0025564406532794237,-0.007734172511845827,-0.0027976816054433584,-0.005883123725652695,-0.007200969383120537,-0.0025131579022854567,-0.004600949585437775,-0.0049275001510977745,-0.004326918628066778,-0.0063355350866913795,-0.011869481764733791,-0.011391039937734604,-0.008268714882433414,-0.011738255620002747,-0.013475279323756695
LII,11,2026-04-07 16:15:00+00:00,12:15,-0.013481884263455868,down,-0.007508076727390289,-0.00041345792124047875,-0.00900733657181263,-0.004182662349194288,-0.00942922942340374,-0.012355465441942215,-0.012531506828963757,-0.009647810831665993,-0.012121924199163914,-0.01387497317045927,-0.012239126488566399,-0.008913357742130756,-0.011388255283236504,-0.01098441332578659,-0.013151926919817924,-0.014064708724617958,-0.013228318654000759,-0.01142521109431982,-0.011701272800564766,-0.012830382212996483,-0.011060466058552265,-0.010286267846822739,-0.010570847429335117,-0.0060094138607382774,-0.012733167968690395,-0.013481884263455868
UPS,11,2026-04-07 16:15:00+00:00,12:15,-0.013852056115865707,down,-0.0064890324138104916,-0.0025250911712646484,-0.007267781533300877,-0.004560363944619894,-0.0061123790219426155,-0.00804387778043747,-0.011057865805923939,-0.01050741970539093,-0.011392079293727875,-0.010734237730503082,-0.009203720837831497,-0.010321040637791157,-0.011623050086200237,-0.011520740576088428,-0.013036073185503483,-0.014255370013415813,-0.010580047965049744,-0.011783309280872345,-0.011689071543514729,-0.0132937952876091,-0.011503097601234913,-0.013733845204114914,-0.015037399716675282,-0.011823417618870735,-0.014363968744874,-0.013852056115865707
NEM,11,2026-04-07 16:15:00+00:00,12:15,-0.013869905844330788,down,-0.01213839277625084,-0.009490421041846275,-0.014138706959784031,-0.00801850389689207,-0.011621557176113129,-0.01067714486271143,-0.01397170964628458,-0.011454097926616669,-0.01363224908709526,-0.009849123656749725,-0.007900936529040337,-0.008712057024240494,-0.00705273961648345,-0.0067605325020849705,-0.008073167875409126,-0.008626747876405716,-0.0067820316180586815,-0.00659378245472908,-0.008232617750763893,-0.012406024150550365,-0.01736958883702755,-0.019906988367438316,-0.01999025046825409,-0.017122367396950722,-0.01881563290953636,-0.013869905844330788
NRG,11,2026-04-07 16:15:00+00:00,12:15,-0.014758211560547352,down,-0.007968403398990631,-0.006194246467202902,-0.011496451683342457,-0.008343053981661797,-0.010935947299003601,-0.015026863664388657,-0.017011944204568863,-0.01347469910979271,-0.013329620473086834,-0.013834455981850624,-0.010496305301785469,-0.01110174972563982,-0.01119465846568346,-0.012166092172265053,-0.012823541648685932,-0.015844039618968964,-0.011408396065235138,-0.012069536373019218,-0.012458199635148048,-0.01407756470143795,-0.014732163399457932,-0.017065906897187233,-0.016317099332809448,-0.012841373682022095,-0.01446249708533287,-0.014758211560547352
DDOG,11,2026-04-07 16:15:00+00:00,12:15,-0.015470297075808048,down,-0.018867842853069305,-0.01802324317395687,-0.028417639434337616,-0.018019231036305428,-0.021369507536292076,-0.02513507753610611,-0.027506563812494278,-0.024253079667687416,-0.017734399065375328,-0.019864534959197044,-0.013323073275387287,-0.012194104492664337,-0.009423648938536644,-0.010270225815474987,-0.011809006333351135,-0.011396626941859722,-0.010936480015516281,-0.00863017700612545,-0.01436516735702753,-0.01525889802724123,-0.009691685438156128,-0.012532741762697697,-0.011049625463783741,-0.012977969832718372,-0.018843254074454308,-0.015470297075808048
AMP,11,2026-04-07 16:15:00+00:00,12:15,-0.015581754967570305,down,-0.009728270582854748,-0.01181736495345831,-0.011423367075622082,-0.010596802458167076,-0.011556852608919144,-0.015185868367552757,-0.01806693896651268,-0.021180545911192894,-0.01769213005900383,-0.01623688079416752,-0.013093635439872742,-0.011741772294044495,-0.011460835114121437,-0.011170935817062855,-0.014467793516814709,-0.014405570924282074,-0.013688251376152039,-0.015367716550827026,-0.01797865703701973,-0.01999463140964508,-0.014291202649474144,-0.01244527567178011,-0.012216172181069851,-0.008426960557699203,-0.011548100039362907,-0.015581754967570305
CPB,11,2026-04-07 16:15:00+00:00,12:15,-0.016284596174955368,down,-0.017316453158855438,-0.01146481279283762,-0.014262089505791664,-0.013203577138483524,-0.01899724267423153,-0.021006720140576363,-0.021453704684972763,-0.022383198142051697,-0.02378627471625805,-0.02326306328177452,-0.02061954326927662,-0.01921275071799755,-0.021418606862425804,-0.017720874398946762,-0.01689852774143219,-0.01601538620889187,-0.019248150289058685,-0.015128743834793568,-0.020571118220686913,-0.017773602157831192,-0.018348095938563347,-0.021493056789040565,-0.018389882519841194,-0.016829194501042366,-0.020397888496518135,-0.016284596174955368
CTAS,11,2026-04-07 16:15:00+00:00,12:15,-0.016406387090682983,down,-0.005327393300831318,-0.0025439870078116655,-0.0086498549208045,-0.006228524260222912,-0.0102168507874012,-0.01064646802842617,-0.015729457139968872,-0.013677600771188736,-0.009586241096258163,-0.010759112425148487,-0.011101297102868557,-0.01069443579763174,-0.011413156986236572,-0.012208236381411552,-0.015842460095882416,-0.016072209924459457,-0.016312239691615105,-0.014738926663994789,-0.013535766862332821,-0.01259488333016634,-0.012544696219265461,-0.01583830639719963,-0.01450037956237793,-0.013528670184314251,-0.017595965415239334,-0.016406387090682983
HPQ,11,2026-04-07 16:15:00+00:00,12:15,-0.01644279807806015,down,-0.013858336955308914,-0.012268668971955776,-0.016877003014087677,-0.014690650627017021,-0.014475525356829166,-0.01537445466965437,-0.018817942589521408,-0.021216588094830513,-0.02142973802983761,-0.022803550586104393,-0.021945694461464882,-0.02000022493302822,-0.018008116632699966,-0.015416703186929226,-0.018961062654852867,-0.0219415333122015,-0.018446724861860275,-0.018971694633364677,-0.020246393978595734,-0.020823132246732712,-0.019870560616254807,-0.0232992023229599,-0.0229816697537899,-0.020170053467154503,-0.022168021649122238,-0.01644279807806015
NOW,11,2026-04-07 16:15:00+00:00,12:15,-0.017054134979844093,down,-0.014519499614834785,-0.012257768772542477,-0.02395816706120968,-0.02339218184351921,-0.025068795308470726,-0.027730053290724754,-0.030747026205062866,-0.02915714867413044,-0.02907899022102356,-0.023079222068190575,-0.017606260254979134,-0.01784764602780342,-0.015610496513545513,-0.014203744940459728,-0.01726953312754631,-0.014931512996554375,-0.013105878606438637,-0.011265573091804981,-0.01557103730738163,-0.013796521350741386,-0.01365191675722599,-0.016165917739272118,-0.015028449706733227,-0.010496467351913452,-0.01349967997521162,-0.017054134979844093
HRL,11,2026-04-07 16:15:00+00:00,12:15,-0.017094742506742477,down,-0.013255685567855835,-0.0074182613752782345,-0.010354776866734028,-0.015342559665441513,-0.016298746690154076,-0.017062624916434288,-0.019009655341506004,-0.0189557783305645,-0.013638698495924473,-0.017797784879803658,-0.015803446993231773,-0.015247154049575329,-0.01344723254442215,-0.014153427444398403,-0.014093195088207722,-0.01647789031267166,-0.011680766008794308,-0.011636586859822273,-0.016089146956801414,-0.013714496977627277,-0.01747976616024971,-0.018394609913229942,-0.018388058990240097,-0.01615946553647518,-0.02068917080760002,-0.017094742506742477
NEE,11,2026-04-07 16:15:00+00:00,12:15,-0.01732771098613739,down,-0.010863767936825752,-0.00899058673530817,-0.010447738692164421,-0.01009860448539257,-0.009888197295367718,-0.01214674673974514,-0.015304893255233765,-0.016998276114463806,-0.017700720578432083,-0.018150193616747856,-0.014713000506162643,-0.014996031299233437,-0.017178282141685486,-0.014721407555043697,-0.017001233994960785,-0.017123069614171982,-0.020176224410533905,-0.020093632861971855,-0.017114421352744102,-0.016518648713827133,-0.016724728047847748,-0.018353324383497238,-0.020677810534834862,-0.01647135615348816,-0.018582884222269058,-0.01732771098613739
NCLH,11,2026-04-07 16:15:00+00:00,12:15,-0.018873445689678192,down,-0.02308564819395542,-0.016484668478369713,-0.024217374622821808,-0.02174018882215023,-0.023022634908556938,-0.025156764313578606,-0.02757580205798149,-0.02770433947443962,-0.032332755625247955,-0.032293058931827545,-0.029653746634721756,-0.027984140440821648,-0.02624158374965191,-0.018366614356637,-0.025814447551965714,-0.027095120400190353,-0.02178032323718071,-0.019049743190407753,-0.021772336214780807,-0.023270267993211746,-0.02474053204059601,-0.030248036608099937,-0.026502380147576332,-0.016781043261289597,-0.02268034592270851,-0.018873445689678192
KEY,11,2026-04-07 16:15:00+00:00,12:15,-0.01888858713209629,down,-0.013497885316610336,-0.009617305360734463,-0.015607906505465508,-0.01601761393249035,-0.018467403948307037,-0.019923262298107147,-0.019269388169050217,-0.01954883150756359,-0.021204611286520958,-0.02364392764866352,-0.025037970393896103,-0.02331450954079628,-0.023246632888913155,-0.023759517818689346,-0.020915312692523003,-0.022645827382802963,-0.02192406728863716,-0.02326972782611847,-0.0236760675907135,-0.020777080208063126,-0.020169572904706,-0.022588668391108513,-0.021186674013733864,-0.020281659439206123,-0.02036055363714695,-0.01888858713209629
INTU,11,2026-04-07 16:15:00+00:00,12:15,-0.020121721550822258,down,-0.009839707054197788,-0.006207370664924383,-0.016384711489081383,-0.014834709465503693,-0.021274229511618614,-0.024545840919017792,-0.02587519958615303,-0.02044559270143509,-0.017940327525138855,-0.02016150951385498,-0.021630316972732544,-0.019819412380456924,-0.02176239900290966,-0.03054950386285782,-0.038508832454681396,-0.03874745965003967,-0.033791180700063705,-0.026184774935245514,-0.031223488971590996,-0.0353742390871048,-0.03724530339241028,-0.029765458777546883,-0.031076593324542046,-0.025295278057456017,-0.028721030801534653,-0.020121721550822258
HST,11,2026-04-07 16:15:00+00:00,12:15,-0.0206858329474926,down,0.0018150722607970238,-0.0001266218168893829,-0.003073162632063031,-0.007011710200458765,-0.008384166285395622,-0.008754478767514229,-0.010635698214173317,-0.012051994912326336,-0.008386362344026566,-0.010720510967075825,-0.01028849370777607,-0.009743817150592804,-0.010372082702815533,-0.011652435176074505,-0.011503261514008045,-0.012253259308636189,-0.007925634272396564,-0.01069438736885786,-0.012022838927805424,-0.011539124883711338,-0.012942330911755562,-0.014649164862930775,-0.016109930351376534,-0.015356642194092274,-0.01893458142876625,-0.0206858329474926
TTD,11,2026-04-07 16:15:00+00:00,12:15,-0.022143790498375893,down,-0.02045309543609619,-0.013826493173837662,-0.02360544353723526,-0.02705298736691475,-0.030934762209653854,-0.03103473037481308,-0.03703080862760544,-0.03234434127807617,-0.03187842294573784,-0.028766490519046783,-0.02516392432153225,-0.026197519153356552,-0.025564607232809067,-0.021823378279805183,-0.021296022459864616,-0.027574261650443077,-0.022374017164111137,-0.024449581280350685,-0.026976238936185837,-0.02758292853832245,-0.03638637438416481,-0.03646698221564293,-0.03649979829788208,-0.0294449795037508,-0.0384504459798336,-0.022143790498375893
GNRC,11,2026-04-07 16:15:00+00:00,12:15,-0.02415531873703003,down,-0.008613008074462414,-0.013843841850757599,-0.01789979822933674,-0.018230944871902466,-0.025461243465542793,-0.022440487518906593,-0.024679042398929596,-0.02172975428402424,-0.021679917350411415,-0.018448755145072937,-0.01967187039554119,-0.014497175812721252,-0.019029850140213966,-0.019801519811153412,-0.02149590291082859,-0.025117378681898117,-0.02207774668931961,-0.018695373088121414,-0.024434445425868034,-0.023033328354358673,-0.01614779606461525,-0.0190218947827816,-0.02056383527815342,-0.017772061750292778,-0.02357298694550991,-0.02415531873703003
PCG,11,2026-04-07 16:15:00+00:00,12:15,-0.02540929801762104,down,-0.011871137656271458,-0.008922353386878967,-0.006955451797693968,-0.008089838549494743,-0.007611541543155909,-0.010790377855300903,-0.012990144081413746,-0.016078218817710876,-0.018822291865944862,-0.019927388057112694,-0.018536601215600967,-0.018619488924741745,-0.01911274902522564,-0.018756210803985596,-0.021373016759753227,-0.024021757766604424,-0.022149376571178436,-0.022898390889167786,-0.02219521626830101,-0.021775828674435616,-0.0213837381452322,-0.02378854528069496,-0.02523418329656124,-0.02457517758011818,-0.025082482025027275,-0.02540929801762104
KIM,11,2026-04-07 16:15:00+00:00,12:15,-0.029522815719246864,down,-0.0015920114237815142,0.001223812229000032,-0.0033264693338423967,-0.004112225025892258,-0.003694420214742422,-0.006800721399486065,-0.011278207413852215,-0.011539156548678875,-0.008324972353875637,-0.01107116136699915,-0.008245171047747135,-0.007488559000194073,-0.008063140325248241,-0.009367849677801132,-0.00918235257267952,-0.010718057863414288,-0.007192960474640131,-0.007526949979364872,-0.009206529706716537,-0.007122982293367386,-0.016517803072929382,-0.016736650839447975,-0.02392028458416462,-0.02061661146581173,-0.031057167798280716,-0.029522815719246864
SMCI,11,2026-04-07 16:15:00+00:00,12:15,-0.04695037007331848,down,-0.022507144138216972,-0.02848946861922741,-0.035691361874341965,-0.03655751422047615,-0.038553956896066666,-0.04116363078355789,-0.04624355956912041,-0.04232412949204445,-0.04122120887041092,-0.03983074799180031,-0.03803389146924019,-0.03376292064785957,-0.032981742173433304,-0.03210677206516266,-0.032407715916633606,-0.03623206168413162,-0.029785307124257088,-0.029789328575134277,-0.03316687420010567,-0.034548673778772354,-0.04468800872564316,-0.050348054617643356,-0.05069959536194801,-0.04565173387527466,-0.05574790760874748,-0.04695037007331848
