symbol,step,as_of_ts,slot_label,predicted_full_day_return,predicted_direction,pred_log_return_h00,pred_log_return_h01,pred_log_return_h02,pred_log_return_h03,pred_log_return_h04,pred_log_return_h05,pred_log_return_h06,pred_log_return_h07,pred_log_return_h08,pred_log_return_h09,pred_log_return_h10,pred_log_return_h11,pred_log_return_h12,pred_log_return_h13,pred_log_return_h14,pred_log_return_h15,pred_log_return_h16,pred_log_return_h17,pred_log_return_h18,pred_log_return_h19,pred_log_return_h20,pred_log_return_h21,pred_log_return_h22,pred_log_return_h23,pred_log_return_h24,pred_log_return_h25
PSKY,17,2026-04-07 17:45:00+00:00,13:45,0.08729376643896103,up,0.05622836947441101,0.09928972274065018,0.04996316507458687,0.04822736233472824,0.06063294783234596,0.06638703495264053,0.06470460444688797,0.0634702742099762,0.061134353280067444,0.05633021518588066,0.07103210687637329,0.07648414373397827,0.07183646410703659,0.07549968361854553,0.08239220082759857,0.07492902874946594,0.0796058177947998,0.07424424588680267,0.07441432029008865,0.07163216918706894,0.07101411372423172,0.07086627185344696,0.07452531903982162,0.07699044048786163,0.07442789524793625,0.08729376643896103
GOOGL,17,2026-04-07 17:45:00+00:00,13:45,0.0304886344820261,up,0.018184185028076172,0.010805624537169933,0.010236378759145737,0.012451798655092716,0.014106330461800098,0.012508030980825424,0.01446848176419735,0.019448181614279747,0.0155106782913208,0.015948988497257233,0.018687160685658455,0.027459345757961273,0.027291500940918922,0.026587583124637604,0.02663971111178398,0.026023678481578827,0.0298923347145319,0.030224313959479332,0.028817441314458847,0.027456386014819145,0.02499185875058174,0.024220196530222893,0.02335326187312603,0.02593214251101017,0.02353535406291485,0.0304886344820261
GE,17,2026-04-07 17:45:00+00:00,13:45,0.030315356329083443,up,0.0108480304479599,0.006541581358760595,0.010506447404623032,0.011706859804689884,0.012494838796555996,0.00990972202271223,0.009415525943040848,0.013099675998091698,0.010733917355537415,0.014845920726656914,0.01512733194977045,0.021663421764969826,0.020761774852871895,0.019074365496635437,0.01734517700970173,0.01691506989300251,0.018594328314065933,0.01986769028007984,0.021236009895801544,0.01674412377178669,0.018808044493198395,0.019111497327685356,0.02000243216753006,0.024636121466755867,0.02495363913476467,0.030315356329083443
ELV,17,2026-04-07 17:45:00+00:00,13:45,0.029056737199425697,up,0.003167178016155958,-0.0016128907445818186,-0.0029633142985403538,-0.0006300063105300069,0.000867759226821363,-0.0029617478139698505,-0.006197379902005196,-0.0021893768571317196,-0.0024725464172661304,-0.0024802633561193943,0.005118119064718485,0.006643109489232302,0.01311473734676838,0.016833201050758362,0.014938175678253174,0.009464791044592857,0.01500669401139021,0.013057256117463112,0.01100215595215559,0.010430791415274143,0.012122604995965958,0.012535657733678818,0.0141830462962389,0.022107595577836037,0.020755359902977943,0.029056737199425697
INTC,17,2026-04-07 17:45:00+00:00,13:45,0.02883807010948658,up,0.014298046939074993,-0.005309368949383497,-0.009960385970771313,-0.0010716886026784778,0.0009770166361704469,0.0026513703633099794,-0.0014878293732181191,0.00990222580730915,0.0025233139749616385,0.00647329306229949,0.01312245987355709,0.02040238305926323,0.02947816252708435,0.0230148583650589,0.022836115211248398,0.01997137814760208,0.015957888215780258,0.016910959035158157,0.02033262699842453,0.01639796979725361,0.01303215604275465,0.00488524604588747,0.007779667619615793,0.013420810922980309,0.01965324580669403,0.02883807010948658
F,17,2026-04-07 17:45:00+00:00,13:45,0.025305112823843956,up,0.013186855241656303,0.064425028860569,0.028451647609472275,0.02633192017674446,0.012774202041327953,0.007587458938360214,0.0017989423358812928,0.008855096064507961,0.0163788553327322,0.030692758038640022,0.03460855036973953,0.03745991736650467,0.03284773603081703,0.045463863760232925,0.05254814401268959,0.04980742186307907,0.05097285285592079,0.04837016761302948,0.043749213218688965,0.039077598601579666,0.041507769376039505,0.03892136365175247,0.035000357776880264,0.03981267288327217,0.033678360283374786,0.025305112823843956
WDC,17,2026-04-07 17:45:00+00:00,13:45,0.02382701262831688,up,0.014170919544994831,-0.0008972903015092015,-0.004024854861199856,0.0022551915608346462,-0.0032479586079716682,-0.004429309628903866,-0.004831097088754177,0.0026540388353168964,0.003536769887432456,0.013969173654913902,0.018084488809108734,0.01897331140935421,0.018652450293302536,0.02046874910593033,0.020118473097682,0.01579374633729458,0.019234169274568558,0.01649571768939495,0.018031684681773186,0.013627446256577969,0.012917878106236458,0.007658043876290321,0.007399003952741623,0.010606858879327774,0.014630590565502644,0.02382701262831688
APA,17,2026-04-07 17:45:00+00:00,13:45,0.02351662889122963,up,0.008703681640326977,0.012124733068048954,0.01214527152478695,0.010318631306290627,0.010785585269331932,0.011958768591284752,0.010801353491842747,0.016433507204055786,0.015440608374774456,0.01058995258063078,0.013003160245716572,0.010893143713474274,0.011026516556739807,0.0156725887209177,0.016384536400437355,0.018198026344180107,0.014591270126402378,0.017613129690289497,0.014995859004557133,0.013750799000263214,0.015792177990078926,0.01697160117328167,0.020266462117433548,0.022688811644911766,0.025725746527314186,0.02351662889122963
LITE,17,2026-04-07 17:45:00+00:00,13:45,0.023384323343634605,up,0.0033466191962361336,-0.008823406882584095,-0.007235161028802395,-0.0003152515855617821,-0.0014182977611199021,-0.008240866474807262,-0.007836766541004181,-0.0014510956825688481,-0.005152355879545212,0.006737818475812674,0.010307752527296543,0.013452751561999321,0.0157073475420475,0.01334166619926691,0.013142325915396214,0.012227693572640419,0.012882365845143795,0.007087831851094961,0.010032144375145435,0.0101841501891613,0.0028838971629738808,-0.004864758346229792,-0.0009725624113343656,0.0027255364693701267,0.010876606218516827,0.023384323343634605
BAX,17,2026-04-07 17:45:00+00:00,13:45,0.023116914555430412,up,0.004527768585830927,0.009886331856250763,0.00635876227170229,0.010377013124525547,0.0053233555518090725,0.00545145571231842,0.0027682732325047255,0.005340631119906902,0.004548103082925081,0.011782001703977585,0.01718084141612053,0.017638379707932472,0.01888147182762623,0.021404530853033066,0.01771528460085392,0.018862159922719002,0.024069225415587425,0.022588049992918968,0.020384790375828743,0.022639285773038864,0.0190080925822258,0.015844013541936874,0.015395124442875385,0.024121398106217384,0.018727801740169525,0.023116914555430412
SYY,17,2026-04-07 17:45:00+00:00,13:45,0.022860346361994743,up,0.016796402633190155,0.013769294135272503,0.011644667945802212,0.011155541986227036,0.023476598784327507,0.017154978588223457,0.017049269750714302,0.019420621916651726,0.01718256250023842,0.019085558131337166,0.01725030690431595,0.016958413645625114,0.01876278594136238,0.01786770112812519,0.018682610243558884,0.017877383157610893,0.0177809726446867,0.012713785283267498,0.015176360495388508,0.017940256744623184,0.018942072987556458,0.014670056290924549,0.01489553414285183,0.01748519577085972,0.011262543499469757,0.022860346361994743
CF,17,2026-04-07 17:45:00+00:00,13:45,0.022584067657589912,up,0.01309626828879118,0.01823011226952076,0.013394460082054138,0.010684949345886707,0.010162691585719585,0.011818484403192997,0.006926149129867554,0.008378662168979645,0.0018773763440549374,0.004540530499070883,0.01578429713845253,0.013676796108484268,0.014683989807963371,0.0167996883392334,0.017533836886286736,0.018387869000434875,0.01780787855386734,0.015153062529861927,0.018600089475512505,0.016187431290745735,0.013776861131191254,0.009599539451301098,0.012874802574515343,0.012706934474408627,0.015498288907110691,0.022584067657589912
HD,17,2026-04-07 17:45:00+00:00,13:45,0.022388799116015434,up,0.0023940366227179766,0.0008598960703238845,-0.004270776174962521,-0.0009214913006871939,-0.002716093324124813,-0.005360499955713749,-0.005397736560553312,-0.004588257521390915,-0.004530147649347782,-0.0064748418517410755,-0.0017100924160331488,-0.0009190498967655003,0.0015269228024408221,0.0013857914600521326,0.0007737774285487831,0.000864964269567281,0.0051734838634729385,0.005319200921803713,0.0069381846114993095,0.0046096560545265675,0.006490674801170826,0.0026111442130059004,0.006010918878018856,0.012494510971009731,0.01308806799352169,0.022388799116015434
CVNA,17,2026-04-07 17:45:00+00:00,13:45,0.02173164114356041,up,-0.015742948278784752,-0.017842911183834076,-0.023037351667881012,-0.018392549827694893,-0.020474154502153397,-0.023135041818022728,-0.021680064499378204,-0.0158645361661911,-0.010378227569162846,-0.009815140627324581,-0.0038649695925414562,-0.0028987075202167034,-0.00014546141028404236,0.004397649317979813,0.006106992717832327,0.0012646617833524942,0.01044329535216093,0.0088619664311409,0.011000915430486202,0.0057542468421161175,0.0039036772213876247,-0.0025318218395113945,-0.0021119529847055674,0.005381475202739239,0.0072295875288546085,0.02173164114356041
GOOG,17,2026-04-07 17:45:00+00:00,13:45,0.021160375326871872,up,0.017132647335529327,0.010230333544313908,0.010307601653039455,0.009125892072916031,0.013801176100969315,0.01365351490676403,0.013272109441459179,0.013392849825322628,0.012334785424172878,0.01036926545202732,0.012500269338488579,0.020160233601927757,0.021548641845583916,0.019832128658890724,0.020691782236099243,0.019170578569173813,0.022013626992702484,0.02166050858795643,0.01640425994992256,0.017188848927617073,0.014737388119101524,0.012992208823561668,0.012133130803704262,0.013009464368224144,0.012722860090434551,0.021160375326871872
GM,17,2026-04-07 17:45:00+00:00,13:45,0.020998258143663406,up,0.012456944212317467,0.014702023938298225,0.012270369566977024,0.012877075001597404,0.020889997482299805,0.017017334699630737,0.018084609881043434,0.01790766790509224,0.015069189481437206,0.013366649858653545,0.013191158883273602,0.016963837668299675,0.018955165520310402,0.01593596301972866,0.019310100004076958,0.016456784680485725,0.019565967842936516,0.01233800407499075,0.012730232439935207,0.01592067815363407,0.017315514385700226,0.012171255424618721,0.013873875141143799,0.016088945791125298,0.01164101343601942,0.020998258143663406
CNC,17,2026-04-07 17:45:00+00:00,13:45,0.019965464249253273,up,0.004050977062433958,0.004468679893761873,-0.0005075956578366458,0.0040740519762039185,0.0020038301590830088,0.004112510476261377,0.003328833496198058,0.005896810442209244,0.0014964814763516188,0.005980045534670353,0.010623048059642315,0.010652171447873116,0.00927973072975874,0.015939559787511826,0.01646558567881584,0.011707358993589878,0.012698635458946228,0.012112201191484928,0.009999535977840424,0.007416274398565292,0.00994714442640543,0.008564748801290989,0.011898905038833618,0.023244788870215416,0.019230933859944344,0.019965464249253273
CIEN,17,2026-04-07 17:45:00+00:00,13:45,0.019409267231822014,up,-0.007059556897729635,-0.017911076545715332,-0.017059840261936188,-0.01158613245934248,-0.01670844666659832,-0.01957831159234047,-0.016691014170646667,-0.009563026949763298,-0.009086514823138714,-0.0021073278039693832,0.004093513824045658,0.006470107473433018,0.006550344172865152,0.0020353212021291256,2.923116335296072e-05,0.001176743651740253,-0.0017734775319695473,-0.007466854993253946,-0.005969395861029625,-0.005258553195744753,-0.012451373971998692,-0.014807311818003654,-0.008238455280661583,-0.005067724734544754,0.0022191074676811695,0.019409267231822014
HLT,17,2026-04-07 17:45:00+00:00,13:45,0.019341472536325455,up,0.009279049001634121,0.011852007359266281,0.013037378899753094,0.010766003280878067,0.01639372482895851,0.01635214500129223,0.015280413441359997,0.015025154687464237,0.015047443099319935,0.012862436473369598,0.01204067375510931,0.017184605821967125,0.014753095805644989,0.013073916547000408,0.016213050112128258,0.015313496813178062,0.014509158208966255,0.018648480996489525,0.016378140076994896,0.01628054305911064,0.014321640133857727,0.015705760568380356,0.009622065350413322,0.011601068079471588,0.008497689850628376,0.019341472536325455
UNH,17,2026-04-07 17:45:00+00:00,13:45,0.019067782908678055,up,0.0016072412254288793,-0.013952567242085934,-0.01918947882950306,-0.01009118091315031,-0.009030910208821297,-0.013692589476704597,-0.014780141413211823,-0.010522592812776566,-0.01579037494957447,-0.00590426055714488,0.004704740364104509,5.897150549571961e-05,0.005513445939868689,0.008743975311517715,0.005863152910023928,-0.0003401285212021321,0.009606676176190376,0.0054572275839746,0.00035439408384263515,0.0010102861560881138,0.0011082433629781008,-0.004914357792586088,-0.000180182047188282,0.0033230881672352552,0.0067750923335552216,0.019067782908678055
SLB,17,2026-04-07 17:45:00+00:00,13:45,0.018916381523013115,up,0.012778452597558498,0.015505054034292698,0.020121319219470024,0.018466206267476082,0.02137305960059166,0.023036744445562363,0.019750764593482018,0.017781466245651245,0.014085646718740463,0.010566934943199158,0.010061834007501602,0.012379645369946957,0.009158952161669731,0.009026060812175274,0.013253712095320225,0.01413158979266882,0.010570792481303215,0.012483584694564342,0.011442860588431358,0.012933408841490746,0.015827013179659843,0.017219355329871178,0.019628828391432762,0.0176883302628994,0.01777198538184166,0.018916381523013115
STX,17,2026-04-07 17:45:00+00:00,13:45,0.018624059855937958,up,-0.007288338150829077,-0.010744106955826283,-0.01382368616759777,-0.006119640078395605,-0.015845652669668198,-0.017878791317343712,-0.015897519886493683,-0.00607056962326169,-0.00752261932939291,-0.002987299347296357,0.001832302543334663,0.006147325504571199,0.006318631581962109,0.006376316305249929,0.006977478042244911,0.004942147061228752,0.005684397183358669,0.0020330350380390882,0.0024989000521600246,-0.0002458652888890356,-0.0011559517588466406,-0.00651435786858201,-0.006347857881337404,-0.0011838834034278989,0.005349143873900175,0.018624059855937958
AMD,17,2026-04-07 17:45:00+00:00,13:45,0.018333448097109795,up,-0.003098202869296074,-0.00995667651295662,-0.013105900958180428,-0.008421770296990871,-0.013005120679736137,-0.01447287667542696,-0.014802657999098301,-0.0103931138291955,-0.016117610037326813,-0.012464787811040878,-0.0066751111298799515,-0.005978219676762819,-0.007679179310798645,-0.006124225910753012,-0.007941341027617455,-0.010540497489273548,-0.007705968338996172,-0.00859912671148777,-0.009419795125722885,-0.008797070011496544,-0.005581246688961983,-0.005945220123976469,-0.0035502014216035604,0.005810129456222057,0.009052696637809277,0.018333448097109795
SNDK,17,2026-04-07 17:45:00+00:00,13:45,0.017514005303382874,up,0.010567340068519115,-0.0055501931346952915,-0.003756422782316804,0.006717287469655275,0.00033075251849368215,-0.009746759198606014,-0.011204641312360764,-0.0035483732353895903,-0.00830300897359848,0.003410553792491555,0.009328479878604412,0.009614584967494011,0.006643150933086872,0.005068270955234766,0.006639225408434868,0.004239595495164394,-0.000373940565623343,-0.003986905328929424,0.0010603166883811355,0.006647530011832714,-0.0018480756552889943,-0.01215712446719408,-0.008807518519461155,-0.00178889324888587,0.002583845052868128,0.017514005303382874
DVN,17,2026-04-07 17:45:00+00:00,13:45,0.017087044194340706,up,0.008750944398343563,0.01125661376863718,0.01223063189536333,0.009907674044370651,0.006826269440352917,0.006463167257606983,0.007718938868492842,0.01005014218389988,0.005407997407019138,0.00406893715262413,0.005751045420765877,0.007927175611257553,0.007446716073900461,0.00868513248860836,0.009890261106193066,0.01081770844757557,0.010630043223500252,0.013315768912434578,0.011980642564594746,0.01290566474199295,0.011875237338244915,0.010919857770204544,0.013157892040908337,0.01662655919790268,0.01636304333806038,0.017087044194340706
EOG,17,2026-04-07 17:45:00+00:00,13:45,0.016580598428845406,up,0.016060685738921165,0.02085331454873085,0.025186462327837944,0.02515064738690853,0.024700229987502098,0.023443451151251793,0.023110775277018547,0.02548958733677864,0.01895606704056263,0.016831422224640846,0.019891006872057915,0.019235290586948395,0.016567382961511612,0.01591240055859089,0.019186532124876976,0.0186198428273201,0.018394174054265022,0.017620444297790527,0.016603345051407814,0.017085140570998192,0.014678195118904114,0.01594509929418564,0.018321143463253975,0.01912461407482624,0.017786160111427307,0.016580598428845406
MNST,17,2026-04-07 17:45:00+00:00,13:45,0.01551967952400446,up,0.016578715294599533,0.016261648386716843,0.015967169776558876,0.01925232820212841,0.028665902093052864,0.023940835148096085,0.020076017826795578,0.01814555749297142,0.021255262196063995,0.014480601996183395,0.014982464723289013,0.014920155517756939,0.017253633588552475,0.014162074774503708,0.010992132127285004,0.010826978832483292,0.008305097930133343,0.006484718061983585,0.012149684131145477,0.013156428001821041,0.017499282956123352,0.01560960616916418,0.015895742923021317,0.013639026321470737,0.008854680694639683,0.01551967952400446
PSX,17,2026-04-07 17:45:00+00:00,13:45,0.015420506708323956,up,-0.00688853720203042,0.0019309613853693008,-0.005285735707730055,-0.005751792807132006,-0.003673626109957695,-0.0005682461196556687,0.0015697781927883625,0.003428664756938815,0.002182210562750697,0.0016987290000542998,0.0032794540748000145,0.0013733161613345146,0.004522666800767183,0.006193097680807114,0.007825521752238274,0.006733526475727558,0.009868061169981956,0.005527622997760773,0.002273906720802188,0.0027429244946688414,0.007327446714043617,0.0049332319758832455,0.007358134258538485,0.008701136335730553,0.011444143019616604,0.015420506708323956
HUM,17,2026-04-07 17:45:00+00:00,13:45,0.01537792943418026,up,0.0006071316893212497,-0.0029917582869529724,-0.011232241056859493,-0.0062343464232981205,-0.006179801654070616,-0.006113275419920683,-0.007403152529150248,-0.0035238710697740316,-0.005380903370678425,-0.004136900883167982,2.355557808186859e-05,0.0034611462615430355,0.002674251329153776,0.004125948995351791,0.0014456863282248378,-0.00266678212210536,0.004873315803706646,0.0010124334366992116,0.0017062519909814,0.0005253836279734969,0.0028440782334655523,-0.001120464294217527,0.005659820977598429,0.012452446855604649,0.01420679222792387,0.01537792943418026
COHR,17,2026-04-07 17:45:00+00:00,13:45,0.014956486411392689,up,0.0025232371408492327,-0.005028330255299807,-0.008654414676129818,-0.002281139837577939,-0.0019226055592298508,-0.006754200905561447,-0.008066908456385136,-0.0013889155816286802,-0.004657737910747528,0.0011331421555951238,0.008973734453320503,0.015711873769760132,0.016818974167108536,0.011393415741622448,0.012025144882500172,0.009358895942568779,0.007299910765141249,0.0044220564886927605,0.005552907940000296,0.0024464039597660303,0.0002862104738596827,-0.0029939194209873676,-0.002782444702461362,0.0009327286388725042,0.002952348906546831,0.014956486411392689
PEP,17,2026-04-07 17:45:00+00:00,13:45,0.014498692937195301,up,0.00517731998115778,0.0070988512597978115,0.004041271284222603,0.005710676312446594,0.008305463939905167,0.005002937745302916,0.001901284558698535,0.0034577478654682636,0.0022504946682602167,0.000833412108477205,0.004197831265628338,0.00574767030775547,0.0054916939698159695,0.006038901396095753,0.005622451193630695,0.006124645471572876,0.008839943446218967,0.006107107736170292,0.0073001873679459095,0.007952609099447727,0.007352002896368504,0.005288536660373211,0.008110611699521542,0.010474536567926407,0.011230911128222942,0.014498692937195301
CTRA,17,2026-04-07 17:45:00+00:00,13:45,0.01396377757191658,up,0.011884257197380066,0.01687355525791645,0.020030193030834198,0.01979990303516388,0.015732550993561745,0.019223129376769066,0.017356611788272858,0.01861962303519249,0.012793401256203651,0.011458439752459526,0.013190883211791515,0.015717118978500366,0.01505892165005207,0.013986937701702118,0.0165773443877697,0.017147518694400787,0.0172004122287035,0.017974689602851868,0.016222890466451645,0.014698104001581669,0.014150423929095268,0.013127794489264488,0.014333845116198063,0.01872442290186882,0.015497366897761822,0.01396377757191658
KO,17,2026-04-07 17:45:00+00:00,13:45,0.013775689527392387,up,0.01641754060983658,0.014265219680964947,0.016240864992141724,0.013540849089622498,0.022702911868691444,0.017810655757784843,0.018042372539639473,0.014057643711566925,0.013640440069139004,0.014378909021615982,0.014136107638478279,0.01694844849407673,0.010568754747509956,0.016796531155705452,0.019858090206980705,0.013787311501801014,0.012457134202122688,0.01119750365614891,0.01029463205486536,0.01136056799441576,0.01237669587135315,0.010866074822843075,0.009045814163982868,0.01126601081341505,0.0070534078404307365,0.013775689527392387
XOM,17,2026-04-07 17:45:00+00:00,13:45,0.01375085674226284,up,-0.005356583744287491,-0.004845899995416403,-0.007573190610855818,-0.008055091835558414,-0.008157303556799889,-0.00605124281719327,-0.00783353578299284,-0.003400636138394475,-0.006663375534117222,-0.0019787584897130728,-0.0032253400422632694,0.0008726019295863807,-0.002729609375819564,-0.002560553140938282,-0.004448052495718002,-0.0037020130548626184,-0.004961275029927492,-0.004065857268869877,-0.003755603451281786,-0.005305486731231213,-0.0007473294390365481,-0.0026020684745162725,0.003980604466050863,0.00863482803106308,0.012874219566583633,0.01375085674226284
EQT,17,2026-04-07 17:45:00+00:00,13:45,0.01354551687836647,up,0.006448240485042334,0.006092134863138199,0.009036414325237274,0.009356205351650715,0.008198610506951809,0.008509050123393536,0.005347249563783407,0.005755824036896229,0.0076986742205917835,0.0056566474959254265,0.008129388093948364,0.010382174514234066,0.007716293912380934,0.006711721420288086,0.008025607094168663,0.0075397789478302,0.008350087329745293,0.009636268019676208,0.008963397704064846,0.009357531554996967,0.011985184624791145,0.007882168516516685,0.013144281692802906,0.011612055823206902,0.009309803135693073,0.01354551687836647
HWM,17,2026-04-07 17:45:00+00:00,13:45,0.013097106479108334,up,0.00421482976526022,0.007038504350930452,0.0041910195723176,0.00308262393809855,0.0014995884848758578,-0.0007222643471322954,-0.0017769362311810255,0.000917898491024971,0.0005071169580332935,0.0032401878852397203,0.004267512354999781,0.007549644447863102,0.006125875748693943,0.0070195794105529785,0.0030974361579865217,0.0034201093949377537,0.0062060910277068615,0.0063949464820325375,0.008984047919511795,0.006623478606343269,0.01013951376080513,0.00677384901791811,0.007167332340031862,0.01295521855354309,0.011516280472278595,0.013097106479108334
ADBE,17,2026-04-07 17:45:00+00:00,13:45,0.012678398750722408,up,0.006540812086313963,0.009978394955396652,0.008634958416223526,0.013446689583361149,0.008192111738026142,0.005383764859288931,0.003050731960684061,0.007975072599947453,0.005348085891455412,0.007822435349225998,0.009610611014068127,0.009055969305336475,0.005977561231702566,0.0030478693079203367,0.00561685673892498,0.005517391953617334,0.00919953640550375,0.007602109108120203,0.007262640632688999,0.006670658942312002,0.006329122465103865,0.002843353431671858,0.003473608521744609,0.008842741139233112,0.007945802994072437,0.012678398750722408
ON,17,2026-04-07 17:45:00+00:00,13:45,0.01245905552059412,up,-0.0004348475195001811,-0.0007515024626627564,-0.0012100378517061472,-0.0032932735048234463,-0.004079956095665693,-0.0030780669767409563,-0.005563777405768633,-0.0032847861293703318,-0.005845424719154835,-0.004191148094832897,-0.002040790393948555,0.0011372203007340431,0.00424759229645133,0.005132152233272791,0.0041610426269471645,0.004618613049387932,0.00652410788461566,0.005483577959239483,0.00311240553855896,0.004907349590212107,0.0074667963199317455,0.005273190792649984,0.0073194485157728195,0.01081360038369894,0.008662332780659199,0.01245905552059412
COIN,17,2026-04-07 17:45:00+00:00,13:45,0.012256934307515621,up,-0.015026482753455639,-0.013345814310014248,-0.022407066076993942,-0.019675852730870247,-0.02409382537007332,-0.02173333615064621,-0.025029519572854042,-0.019147632643580437,-0.017206426709890366,-0.010844575241208076,-0.0011776094324886799,0.003348959144204855,0.0017746338853612542,-0.0023735007271170616,0.00016792086535133421,-0.003215736011043191,0.005487741436809301,0.00416787713766098,0.0010462069185450673,-7.326580816879869e-05,-0.0067658633925020695,-0.0060991826467216015,-0.00575847364962101,0.00012559816241264343,-0.0035618599504232407,0.012256934307515621
SHW,17,2026-04-07 17:45:00+00:00,13:45,0.011873092502355576,up,0.00436612730845809,0.004613619297742844,0.006635407917201519,0.005103726871311665,0.005896736867725849,0.004810492508113384,0.0026517861988395452,0.003811126109212637,0.0018175002187490463,0.00018344816635362804,0.001328096492215991,0.0033935692626982927,0.008874072693288326,0.008748982101678848,0.008570820093154907,0.005238350015133619,0.006937217433005571,0.006981672253459692,0.004631727933883667,0.005731542129069567,0.004759150557219982,0.0014159651473164558,-0.00035358231980353594,0.0025158445350825787,0.004633607808500528,0.011873092502355576
PH,17,2026-04-07 17:45:00+00:00,13:45,0.01183838490396738,up,-0.004321321379393339,-0.0024774877820163965,-0.0037329811602830887,0.0004234319203533232,0.0021061659790575504,-0.00045757630141451955,-0.002561657689511776,-0.000700355798471719,-0.0007625784492120147,0.0004022225912194699,0.0009596397285349667,0.0027627183590084314,0.003347157733514905,0.0031399494037032127,0.0029938328079879284,0.0019131634617224336,0.00305348658002913,0.003912816289812326,0.0011242266045883298,0.0017202345188707113,0.0014909968012943864,-0.0008286224328912795,0.0020058760419487953,0.004510380793362856,0.00503123365342617,0.01183838490396738
LYV,17,2026-04-07 17:45:00+00:00,13:45,0.011742277070879936,up,-0.0026509093586355448,-0.001323879580013454,-0.004677447956055403,-0.0002990730863530189,0.0003964674542658031,0.0012994491262361407,-0.0043184515088796616,0.00019464004435576499,-0.0011441163951531053,-0.0010788078652694821,0.0016302462900057435,0.0012424052692949772,0.002272644778713584,0.003384355455636978,0.0021256415639072657,0.0026209198404103518,0.0038455543108284473,0.002564225345849991,0.0019492016872391105,0.0010167157743126154,0.0012013426749035716,0.0009144680807366967,0.0017007328569889069,0.007059937343001366,0.0028631146997213364,0.011742277070879936
VRT,17,2026-04-07 17:45:00+00:00,13:45,0.011587155051529408,up,-0.0037312214262783527,-0.009147469885647297,-0.011019156314432621,-0.005355146713554859,-0.006603111047297716,-0.0086516747251153,-0.009476481936872005,-0.004384503699839115,-0.009065914899110794,-0.0034330289345234632,0.0011268723756074905,0.0031017321161925793,0.00048353822785429657,0.0007625807775184512,0.000337190052960068,0.0005919706891290843,-0.0005413880571722984,-0.003364647040143609,-0.0037133300211280584,-0.005422060843557119,-0.0027109275106340647,-0.003794838208705187,-0.0023129149340093136,0.003074665553867817,0.002892974764108658,0.011587155051529408
GIS,17,2026-04-07 17:45:00+00:00,13:45,0.011448568664491177,up,0.004568209871649742,0.00509676244109869,0.006644855719059706,0.007544299587607384,0.005778373219072819,0.006069900467991829,0.0054937503300607204,0.0022679800167679787,-8.818662900011986e-05,-0.0016799814766272902,0.00024991354439407587,0.0030854763463139534,0.0035297495778650045,0.005689546465873718,0.00678211310878396,0.004732205532491207,0.004681690596044064,0.004407032392919064,0.0039635905995965,0.0077798133715987206,0.008569941855967045,0.005798444151878357,0.006905903108417988,0.00964351836591959,0.006351680960506201,0.011448568664491177
COP,17,2026-04-07 17:45:00+00:00,13:45,0.011228303425014019,up,0.006196422036737204,0.012550048530101776,0.015984131023287773,0.015592810697853565,0.01725071854889393,0.018871016800403595,0.020929643884301186,0.013814239762723446,0.011524762026965618,0.009170737117528915,0.01182605791836977,0.010737610049545765,0.008266429416835308,0.007776904851198196,0.010593775659799576,0.010176746174693108,0.008451777510344982,0.010899693705141544,0.008926748298108578,0.010778659023344517,0.009410884231328964,0.00912686437368393,0.008844994939863682,0.011861857026815414,0.009370999410748482,0.011228303425014019
IT,17,2026-04-07 17:45:00+00:00,13:45,0.010973935015499592,up,-0.005902295932173729,-0.00036452169297263026,-0.006119028199464083,-0.002419914584606886,-0.010322519578039646,-0.011774168349802494,-0.012086713686585426,-0.010701741091907024,-0.007652369327843189,-0.00853788387030363,-0.0003189978888258338,-0.0016511064022779465,0.00029652510420419276,0.00016990779840853065,0.0006274038460105658,-0.0006791549385525286,0.0015147178201004863,0.0007354746339842677,-0.0031950988341122866,0.0012813671492040157,0.0016004774952307343,-0.00040922031621448696,-0.001105800154618919,0.0024128553923219442,-0.00200184085406363,0.010973935015499592
TJX,17,2026-04-07 17:45:00+00:00,13:45,0.010911579243838787,up,0.0038202491123229265,0.00417249696329236,0.0018995185382664204,0.004980947356671095,0.007295632269233465,0.0049630445428192616,0.0030242069624364376,0.0028129080310463905,0.0019325371831655502,0.0017368965782225132,0.003957086708396673,0.0045508029870688915,0.004302412737160921,0.006132835987955332,0.0038477610796689987,0.003093024482950568,0.0056226798333227634,0.002584337955340743,0.002947785658761859,0.0017169142374768853,0.002685275161638856,0.002004513517022133,0.004692232236266136,0.007196946069598198,0.005469414871186018,0.010911579243838787
MPC,17,2026-04-07 17:45:00+00:00,13:45,0.010478943586349487,up,0.0004696275864262134,0.006976911332458258,0.0057527730241417885,0.006636593956500292,0.006510505452752113,0.005461533088237047,0.005710958503186703,0.00718165235593915,0.0031505522783845663,0.0021033408120274544,0.004729405045509338,0.0039643896743655205,0.0033507265616208315,0.004585444461554289,0.007176763378083706,0.005898989737033844,0.005187284201383591,0.007558255922049284,0.00453463289886713,0.0021120812743902206,0.002952744485810399,0.0027817506343126297,0.005465079564601183,0.008003118447959423,0.007413877639919519,0.010478943586349487
CAG,17,2026-04-07 17:45:00+00:00,13:45,0.010140334255993366,up,0.0011194261023774743,0.006445444189012051,0.007176110055297613,0.008343941532075405,0.005546149797737598,0.004369346424937248,0.0009819462429732084,-0.0012205214006826282,0.0016451252158731222,0.0029857191257178783,0.009492212906479836,0.009385931305587292,0.009634320624172688,0.012248783372342587,0.010654214769601822,0.012348096817731857,0.01659586653113365,0.013897771947085857,0.013676496222615242,0.015324817039072514,0.013623264618217945,0.009397706016898155,0.008422319777309895,0.01318101491779089,0.008997425436973572,0.010140334255993366
AMZN,17,2026-04-07 17:45:00+00:00,13:45,0.009996102191507816,up,-0.0053534614853560925,-0.008694468066096306,-0.014789022505283356,-0.01076934952288866,-0.014513114467263222,-0.0177223552018404,-0.017437325790524483,-0.013737044297158718,-0.011397361755371094,-0.009096574038267136,-0.004873298108577728,-0.0065620290115475655,-0.008510184474289417,-0.008004479110240936,-0.007025212049484253,-0.007723849266767502,-0.00035962925176136196,-0.0016292690997943282,-9.189969568978995e-05,-0.0018950218800455332,-0.002586836228147149,-0.004861980210989714,-0.003921288996934891,0.001031246967613697,0.00228523020632565,0.009996102191507816
MKC,17,2026-04-07 17:45:00+00:00,13:45,0.00995243526995182,up,0.00931344460695982,0.010080103762447834,0.00928155891597271,0.0073860399425029755,0.004849691409617662,0.004750248044729233,0.0012752285692840815,0.0025610188022255898,0.007027977611869574,0.007386539131402969,0.007645079866051674,0.00917895045131445,0.009499618783593178,0.011032952927052975,0.009741401299834251,0.008482376113533974,0.010453646071255207,0.0112348273396492,0.012586920522153378,0.013830776326358318,0.010001156479120255,0.009418739937245846,0.011316598393023014,0.012975187040865421,0.009792743250727654,0.00995243526995182
BAC,17,2026-04-07 17:45:00+00:00,13:45,0.009845924563705921,up,-0.004960138816386461,-0.00372975692152977,-0.005297848954796791,-0.003664187388494611,-0.002144677797332406,-0.0013015049044042826,-0.003222968429327011,-0.0008423306862823665,-0.0004424522630870342,-0.00034419988514855504,0.00014872658357489854,0.0007511193980462849,0.00221130414865911,0.0030006503220647573,0.0037087672390043736,0.0045889681205153465,0.0051499903202056885,0.008413000032305717,0.00604334007948637,0.005010670516639948,0.005109311081469059,0.004390430636703968,0.0061599938198924065,0.010349025018513203,0.009075772017240524,0.009845924563705921
UBER,17,2026-04-07 17:45:00+00:00,13:45,0.00957693811506033,up,0.012557631358504295,0.014861483126878738,0.011167153716087341,0.013578805141150951,0.006672882009297609,9.225325629813597e-05,-0.005778780672699213,0.0004435639129951596,-0.0021060886792838573,0.000307601090753451,0.0009303719853051007,0.0018135308055207133,0.0038402422796934843,0.005100083537399769,0.005408763885498047,0.0037957581225782633,0.004888598807156086,0.004549794364720583,0.004105722066015005,0.005379235837608576,0.007246528286486864,0.0025259319227188826,0.004041316919028759,0.0062278639525175095,0.0035582289565354586,0.00957693811506033
CEG,17,2026-04-07 17:45:00+00:00,13:45,0.009323826059699059,up,-0.00666842283681035,-0.004484284203499556,-0.010043896734714508,-0.008888687938451767,-0.01175762340426445,-0.014164981432259083,-0.01811411790549755,-0.01405739039182663,-0.0181612279266119,-0.013186642900109291,-0.009364772588014603,-0.00851395633071661,-0.010042224079370499,-0.008004695177078247,-0.012663441710174084,-0.015402726829051971,-0.011990286409854889,-0.01135249063372612,-0.01156181376427412,-0.014534497633576393,-0.01617961935698986,-0.017642855644226074,-0.014014343731105328,-0.0077315280213952065,-0.004028682596981525,0.009323826059699059
VTRS,17,2026-04-07 17:45:00+00:00,13:45,0.009305445477366447,up,-0.0018736865604296327,0.00882582738995552,0.004330697935074568,0.004930547438561916,0.0013432675041258335,0.0008458528318442404,0.00044005803647451103,0.002057332545518875,0.001184301101602614,0.004369257017970085,0.008953212760388851,0.007911376655101776,0.011763121001422405,0.01157049834728241,0.010395980440080166,0.010188490152359009,0.013942651450634003,0.01131020113825798,0.008588237687945366,0.011313439346849918,0.010399705730378628,0.0052779484540224075,0.005072346888482571,0.013971693813800812,0.008396662771701813,0.009305445477366447
FIS,17,2026-04-07 17:45:00+00:00,13:45,0.009140309877693653,up,-0.006397480145096779,0.0008766044047661126,0.0008829233702272177,0.0020610664505511522,0.000683736929204315,-0.0017796383472159505,-0.005949523765593767,-0.004810885060578585,-0.005166718270629644,-0.0016956116305664182,0.002026808448135853,0.004857228137552738,0.004144120030105114,0.004288185387849808,0.003459781873971224,0.0008742170757614076,0.005257682874798775,0.00310136703774333,0.004156742710620165,0.005948745179921389,0.003413416910916567,0.00037324769073165953,0.003017921932041645,0.003370021004229784,0.00350907351821661,0.009140309877693653
FITB,17,2026-04-07 17:45:00+00:00,13:45,0.00911609549075365,up,-0.002878705970942974,0.00285743223503232,-4.323006214690395e-05,0.0027971595991402864,0.0017053865594789386,0.0031217492651194334,0.00018722772074397653,0.0025938241742551327,0.003948339726775885,0.0019438520539551973,0.003290171269327402,0.0021400286350399256,0.0030396345537155867,0.0037167479749768972,0.00438667880371213,0.004051934462040663,0.005857102107256651,0.006552849896252155,0.005780243314802647,0.005722855683416128,0.00559266610071063,0.0035067808348685503,0.004412164445966482,0.008502086624503136,0.007441658526659012,0.00911609549075365
CSGP,17,2026-04-07 17:45:00+00:00,13:45,0.009095622226595879,up,0.0003075905842706561,0.013514405116438866,0.005428480915725231,0.010139168240129948,0.002915878314524889,0.0020611067302525043,-0.002724963705986738,-0.0026389467529952526,0.00359934801235795,-0.0006292918114922941,-0.0007772076642140746,-0.0005016939248889685,0.0023627877235412598,0.0041624451987445354,0.003299764357507229,0.0015128299128264189,0.0018024775199592113,0.0024286587722599506,0.0009169841650873423,0.0006302803521975875,0.004337489604949951,0.0036024118307977915,0.005650108214467764,0.0085859764367342,0.007594331167638302,0.009095622226595879
TER,17,2026-04-07 17:45:00+00:00,13:45,0.008926594629883766,up,-0.013672808185219765,-0.014022717252373695,-0.02176545187830925,-0.021052217110991478,-0.022851379588246346,-0.022937476634979248,-0.02502710372209549,-0.017762338742613792,-0.016228197142481804,-0.0161555465310812,-0.014955838210880756,-0.014052667655050755,-0.008664884604513645,-0.005094529129564762,-0.0012666635448113084,-0.0079506179317832,2.8295067750150338e-05,-0.0014014567714184523,-0.00286902510561049,-0.005000014789402485,-0.005827480461448431,-0.00953309889882803,-0.011673329398036003,-0.0005887738661840558,0.0008563291630707681,0.008926594629883766
RCL,17,2026-04-07 17:45:00+00:00,13:45,0.008726119063794613,up,-0.0063346684910357,-0.006492559798061848,-0.012406359426677227,-0.006089924369007349,-0.009661000221967697,-0.008737955242395401,-0.01378437876701355,-0.006600877735763788,-0.014760746620595455,-0.008846706710755825,-0.0072839451022446156,-0.004806421231478453,-0.004716507624834776,-0.004298354033380747,-0.005341230425983667,-0.0074038258753716946,-0.003520087106153369,-0.0057057347148656845,-0.008092555217444897,-0.010199148207902908,-0.009950642473995686,-0.009198043495416641,-0.0053068893030285835,0.0004588191513903439,-0.002584334695711732,0.008726119063794613
NVDA,17,2026-04-07 17:45:00+00:00,13:45,0.008477366529405117,up,-0.005284509621560574,-0.01013383362442255,-0.01709141954779625,-0.011549348011612892,-0.012940289452672005,-0.016717461869120598,-0.011305838823318481,-0.007962691597640514,-0.008426293730735779,-0.00486336974427104,0.000917295750696212,-0.001310724881477654,-0.002781558781862259,-0.0015109352534636855,-0.0014592640800401568,-0.0010091823060065508,-0.002445403952151537,-0.0022926589008420706,-0.0042344024404883385,-0.005468930117785931,-0.004324349109083414,-0.006418426986783743,-0.0043688807636499405,0.0002801267837639898,0.0036220054607838392,0.008477366529405117
TSCO,17,2026-04-07 17:45:00+00:00,13:45,0.00820936355739832,up,-0.007526919711381197,-1.4165400443744147e-06,0.0008492760243825614,0.0042402842082083225,9.880166544462554e-06,0.0006031959201209247,-0.0052009085193276405,-0.006477109156548977,-0.0005681230686604977,-0.00426809536293149,-0.001159273087978363,0.0003724821435753256,0.004347939509898424,0.006046833470463753,0.0019260531989857554,0.002496349858120084,0.0050169937312603,0.0032914411276578903,0.0021244536619633436,0.001047552446834743,0.0005582013400271535,-0.0031653130427002907,-0.002771613420918584,0.0012256213231012225,0.000813387508969754,0.00820936355739832
BA,17,2026-04-07 17:45:00+00:00,13:45,0.008047043345868587,up,0.0020839031785726547,-0.0024749916046857834,-0.0056464592926204205,-0.0008157846750691533,-0.00540211983025074,-0.006467629689723253,-0.008798212744295597,-0.006351119838654995,-0.009107974357903004,-0.006291304714977741,-0.004416738636791706,-0.0030754823237657547,-0.00245708879083395,-0.0007997318170964718,-0.004800691734999418,-0.0025391464587301016,-0.0004489792336244136,-0.0007638224051333964,-0.0011655191192403436,-0.00191042001824826,-0.0006330652977339923,-0.004276084713637829,-0.0006993134738877416,0.0022748385090380907,0.0029288260266184807,0.008047043345868587
CHRW,17,2026-04-07 17:45:00+00:00,13:45,0.007996002212166786,up,-0.00047220042324624956,0.001548853237181902,-0.00269939168356359,-0.000490338250529021,-0.0026223764289170504,-0.003601019037887454,-0.004906553775072098,-0.004356894642114639,-0.00437439838424325,-0.006698604207485914,-0.005627047270536423,-0.004991159308701754,-0.004561744164675474,-0.0027106055058538914,-0.003223356092348695,-0.003576224436983466,-0.0013603060506284237,-0.0020141173154115677,-0.002794798230752349,-0.003595844842493534,-0.0030486024916172028,-0.002329301554709673,-0.0003553602145984769,0.0034545573871582747,0.0015162504278123379,0.007996002212166786
MAR,17,2026-04-07 17:45:00+00:00,13:45,0.007927504368126392,up,-0.0026749963872134686,-0.0022863117046654224,-0.001204818719998002,0.0019202338298782706,-0.0030830216128379107,0.0017278626328334212,-0.003828459419310093,-0.0020842605736106634,-0.004139348864555359,-0.007106567732989788,-0.006484444718807936,-0.0029618251137435436,-0.010542173869907856,-0.009947397746145725,-0.011524191126227379,-0.012954763136804104,-0.01364816538989544,-0.008830695413053036,-0.009569000452756882,-0.006522227544337511,-0.00033163727493956685,-0.0016192846233025193,-0.001142019173130393,0.0015705907717347145,-0.002781165763735771,0.007927504368126392
MCHP,17,2026-04-07 17:45:00+00:00,13:45,0.00784134492278099,up,-0.0002552206860855222,-0.004408727865666151,-0.0037489731330424547,-0.0018584644421935081,-0.002898716600611806,0.0003835749230347574,-0.005838990211486816,-0.001575945527292788,-0.007255883421748877,-0.003993043210357428,-0.0026935904752463102,0.000881629588548094,0.0018571671098470688,0.0034717100206762552,0.0033314558677375317,0.0022809256333857775,0.004068300593644381,0.002707184525206685,0.000639289733953774,0.0028001193422824144,0.0019254450453445315,-0.00041796761797741055,0.0015246240654960275,0.008016270585358143,0.005479402840137482,0.00784134492278099
DAL,17,2026-04-07 17:45:00+00:00,13:45,0.007815085351467133,up,-0.006411406211555004,-0.005534208379685879,-0.006786647252738476,-0.005153123289346695,-0.0066755409352481365,-0.0032801770139485598,-0.006992961745709181,-0.0050543067045509815,-0.009085862897336483,-0.00716303801164031,-0.004210345912724733,-0.003637234680354595,-0.00011168319906573743,0.0013860334875062108,0.00427842466160655,0.0032734519336372614,0.002964130835607648,0.002188237616792321,-0.001399900414980948,-0.0005153626552782953,-0.0022060452029109,-0.0035805797670036554,-0.005027316976338625,0.00287229404784739,0.0019409763626754284,0.007815085351467133
SBAC,17,2026-04-07 17:45:00+00:00,13:45,0.007793438155204058,up,-0.0010446397354826331,-0.004704526625573635,-0.005130392964929342,-0.00013092490553390235,-0.005061186384409666,-0.008149315603077412,-0.011007044464349747,-0.0097556347027421,-0.011024883948266506,-0.010052062571048737,-0.006203830242156982,-0.005334584508091211,-0.007719648070633411,-0.006970364600419998,-0.007744501810520887,-0.0039061084389686584,-0.002626633271574974,-0.004735941998660564,-0.0019786846823990345,-0.0008335895254276693,-0.0014588296180590987,-0.004109717905521393,-0.0011132379295304418,0.0031731368508189917,0.0028189923614263535,0.007793438155204058
KR,17,2026-04-07 17:45:00+00:00,13:45,0.007752187084406614,up,0.0027265697717666626,0.006754631642252207,0.006843511015176773,0.00920135248452425,0.012903591617941856,0.008082744665443897,0.0069018094800412655,0.006366322282701731,0.004040321335196495,0.004219061695039272,0.006268915720283985,0.007912593893706799,0.005707770586013794,0.007572299800813198,0.007587938569486141,0.00788420531898737,0.006853033788502216,0.006240902002900839,0.003892933251336217,0.005274433176964521,0.004683083388954401,0.004802071023732424,0.0030276947654783726,0.006420749239623547,0.004713746253401041,0.007752187084406614
GLW,17,2026-04-07 17:45:00+00:00,13:45,0.007701461669057608,up,-0.003560442943125963,0.000289694668026641,-0.006584568414837122,-0.0032519609667360783,-0.0023298622108995914,0.0017337999306619167,-0.003521990729495883,-0.005491743329912424,-0.003936425782740116,-0.002409381326287985,0.005415702238678932,0.003763302229344845,0.0012656451435759664,0.0014893986517563462,0.0036199670284986496,0.0020582908764481544,0.004756414331495762,0.005132137797772884,0.006551507394760847,0.004632786847651005,0.0033806359861046076,-0.004925430752336979,0.0010736684780567884,0.0015075071714818478,-2.4825412765494548e-05,0.007701461669057608
CI,17,2026-04-07 17:45:00+00:00,13:45,0.007639649789780378,up,0.004844481125473976,0.0025682328268885612,0.0018220539204776287,0.0018286686390638351,0.00014557999384123832,-0.002293575322255492,-0.0068198638036847115,-0.00432849396020174,-0.005436192266643047,-0.0021098132710903883,0.0016795811243355274,0.004671142902225256,0.00482330285012722,0.004012426361441612,0.0024483827874064445,0.0010502671357244253,0.005503145512193441,0.004535576794296503,0.0027544088661670685,0.003216981654986739,0.0033471444621682167,0.0001800880127120763,0.002636416582390666,0.006677175872027874,0.00029614672530442476,0.007639649789780378
WFC,17,2026-04-07 17:45:00+00:00,13:45,0.00763904070481658,up,-0.0045491913333535194,0.0008432856993749738,-0.003323676995933056,0.0008202312747016549,-8.057543891482055e-05,0.00044398129102773964,-0.0016600446542724967,-0.0006897180574014783,-0.0015715414192527533,-0.0033746531698852777,-0.00027718290220946074,-0.000599751656409353,-0.0017809865530580282,0.0033664065413177013,0.0050628758035600185,0.003425285220146179,0.005165869370102882,0.005972865968942642,0.0024231562856584787,0.0031369230709969997,0.0020365645177662373,0.0002832426398526877,0.0019074712181463838,0.004943841602653265,0.004738376941531897,0.00763904070481658
LOW,17,2026-04-07 17:45:00+00:00,13:45,0.007638871669769287,up,0.0018941146554425359,0.005189136601984501,-0.00014778884360566735,0.0010545373661443591,5.1548566261772066e-05,-0.00229412573389709,-0.004826629534363747,-0.002835808554664254,-0.002641201252117753,-0.0016290845815092325,-6.727499567205086e-05,0.001044643111526966,0.00329465395770967,0.0011556907556951046,0.0006476847920566797,0.0009099667076952755,0.0038187229074537754,0.004928312264382839,0.0041767628863453865,0.003270780900493264,0.003717832500115037,0.0010423884959891438,0.0010868314420804381,0.004185915924608707,0.005333030130714178,0.007638871669769287
HON,17,2026-04-07 17:45:00+00:00,13:45,0.007542727515101433,up,0.0021580541506409645,0.0003103871422354132,-0.002052665688097477,0.00039326693513430655,-0.001425309106707573,-0.005429324693977833,-0.004928616341203451,-0.004116453230381012,-0.006263923365622759,-0.0053373053669929504,-0.002487983787432313,-0.0007732866797596216,-0.004046579822897911,-0.0023048799484968185,-0.005702652968466282,-0.004833589773625135,-0.0007865155930630863,-0.0001791012182366103,-0.0001799743331503123,0.0017695629503577948,0.0019230268662795424,-0.0025994181632995605,-0.001316159381531179,0.001985277747735381,0.0019343766616657376,0.007542727515101433
ADI,17,2026-04-07 17:45:00+00:00,13:45,0.0073753525502979755,up,-0.0021119548473507166,-0.0011156596010550857,-0.004480975214391947,-0.0011102971620857716,0.000848332594614476,-0.0027400136459618807,-0.004482328426092863,-0.004168445244431496,-0.004105186555534601,-0.0015356045914813876,0.0013930292334407568,0.0021371953189373016,0.0019386076601222157,0.0015802510315552354,0.0019140542717650533,0.001279898569919169,0.0010559647344052792,0.0014361502835527062,0.0001454270095564425,-0.00018904330499935895,-0.0009444282623007894,-0.003979089669883251,-0.00390817504376173,0.0010722409933805466,-0.00017562141874805093,0.0073753525502979755
BXP,17,2026-04-07 17:45:00+00:00,13:45,0.007265960797667503,up,0.001124432310461998,0.00237114611081779,0.00013493669393938035,0.0007190114120021462,-0.0031388935167342424,-0.002958042547106743,-0.006830137688666582,-0.008815480396151543,-0.004221062175929546,-0.002671704161912203,-0.00422669155523181,-0.0015713043976575136,0.0007344278274103999,0.0015827820170670748,0.0013074857415631413,0.001387416385114193,0.004957450088113546,0.004023595713078976,0.003912710584700108,0.0035550317261368036,0.003981676418334246,0.0035975833889096975,0.00214215787127614,0.006295330822467804,0.004922008607536554,0.007265960797667503
LYB,17,2026-04-07 17:45:00+00:00,13:45,0.007257317658513784,up,0.013360891491174698,0.02515067718923092,0.01969444751739502,0.02162015438079834,0.022390082478523254,0.019035106524825096,0.013398144394159317,0.018325213342905045,0.014047154225409031,0.014716947451233864,0.015827041119337082,0.015345346182584763,0.013647748157382011,0.015245667658746243,0.016259627416729927,0.01645617000758648,0.014754817821085453,0.011050128377974033,0.012569380924105644,0.01037050411105156,0.011332000605762005,0.007899045944213867,0.007865027524530888,0.01267210766673088,0.008733261376619339,0.007257317658513784
HCA,17,2026-04-07 17:45:00+00:00,13:45,0.007231658324599266,up,0.009035825729370117,0.00759799312800169,0.007409229874610901,0.006093276664614677,0.0074261631816625595,0.007026138249784708,0.004234243184328079,0.006055669859051704,0.0018508241046220064,0.004365079570561647,0.007250708527863026,0.007758036721497774,0.010371802374720573,0.008423633873462677,0.009371246211230755,0.00966936070472002,0.012286165729165077,0.01074169296771288,0.009430618025362492,0.009553489275276661,0.007545418571680784,0.0051381709054112434,0.002421705052256584,0.007416836451739073,0.0023098504170775414,0.007231658324599266
IR,17,2026-04-07 17:45:00+00:00,13:45,0.0071546416729688644,up,0.0017183315940201283,0.0033627646043896675,0.0007471185526810586,0.004031704273074865,0.0014861951349303126,0.0009857512777671218,-0.00026865131803788245,0.0014093322679400444,0.00471222959458828,0.0038535252679139376,0.005588113330304623,0.007107392884790897,0.006355559919029474,0.006574256345629692,0.00759446294978261,0.004970018286257982,0.007417604792863131,0.006511532235890627,0.0069730402901768684,0.005026755388826132,0.004378414712846279,0.002173997461795807,0.001069699414074421,0.0056404853239655495,0.002387220738455653,0.0071546416729688644
DPZ,17,2026-04-07 17:45:00+00:00,13:45,0.0068325744941830635,up,-0.00040095855365507305,-0.0014538791729137301,-0.002551587764173746,0.002771068597212434,0.0025280748959630728,0.000692216563038528,-0.0030989847145974636,-0.0014773906441405416,-0.0025261626578867435,-0.0016935871681198478,0.0030330403242260218,0.0022896870505064726,0.0022087437100708485,0.0010425308719277382,0.0018654181621968746,0.0006598137551918626,0.0032120912801474333,0.0018214065348729491,-0.0015551055548712611,-0.0006300495006144047,0.0036496571265161037,0.002502123126760125,0.003828127635642886,0.006823075003921986,0.0017763443756848574,0.0068325744941830635
OMC,17,2026-04-07 17:45:00+00:00,13:45,0.006812571547925472,up,0.009678813628852367,0.011061379685997963,0.00999265257269144,0.011944075115025043,0.004807958845049143,0.002115313895046711,1.1255369827267714e-05,0.0019689584150910378,-0.0008241505129262805,0.0033418009988963604,0.005226498004049063,0.008024705573916435,0.007397974841296673,0.006553214974701405,0.010455559939146042,0.0052752685733139515,0.006964034400880337,0.006141526158899069,0.005980278830975294,0.005713619291782379,0.005664076190441847,0.0015361090190708637,0.0021399350371211767,0.005886373110115528,0.004600228741765022,0.006812571547925472
DELL,17,2026-04-07 17:45:00+00:00,13:45,0.0067616417072713375,up,-0.0013519941130653024,-0.002570397686213255,-0.010787300765514374,-0.00826007965952158,-0.009643570519983768,-0.008222334086894989,-0.009534422308206558,-0.006610363721847534,-0.002165387384593487,0.003115458879619837,0.006903471890836954,0.011079086922109127,0.008147020824253559,0.011289596557617188,0.004494534805417061,0.008908519521355629,0.013013551011681557,0.008954072371125221,0.012287499383091927,0.008013159036636353,0.003850898938253522,-0.0015526771312579513,-0.00447810348123312,0.00248712464235723,0.003893961664289236,0.0067616417072713375
ABBV,17,2026-04-07 17:45:00+00:00,13:45,0.006686526816338301,up,0.0025997862685471773,0.00198017037473619,0.0034449175000190735,0.0033028521575033665,0.005633753724396229,0.004394836258143187,0.0017250430537387729,0.005755807273089886,0.0007467507966794074,0.0031512214336544275,0.0043749394826591015,0.006221601739525795,0.00322536239400506,-0.0014016724890097976,0.00019948951376136392,0.004352015908807516,0.001497907331213355,0.0029328842647373676,0.001009028754197061,0.002077411860227585,0.003134212689474225,0.002726825186982751,0.004403955768793821,0.005731486715376377,0.004283152054995298,0.006686526816338301
FISV,17,2026-04-07 17:45:00+00:00,13:45,0.00659523718059063,up,-0.0025854117702692747,0.000898675003554672,-0.0029717322904616594,-0.0004245326854288578,-0.002902244683355093,-0.0011570948408916593,-0.00421402882784605,-0.0019225222058594227,-0.0018511881353333592,-0.0007415846339426935,-5.449321906780824e-05,0.00509557593613863,0.004355905577540398,0.006086674053221941,0.006413286551833153,0.004637511447072029,0.008064595982432365,0.005675595719367266,0.005884970538318157,0.005617031827569008,0.007344637531787157,0.0006020539440214634,0.0031445841304957867,0.0074782236479222775,0.005416669882833958,0.00659523718059063
C,17,2026-04-07 17:45:00+00:00,13:45,0.006257686764001846,up,-0.007536163087934256,-0.0044862451031804085,-0.004945098888128996,-0.002058453159406781,-0.0004833466373383999,-0.0018869247287511826,-0.007739032153040171,-0.005730048753321171,-0.005766095593571663,-0.004368327558040619,-0.003214859636500478,-0.002948493929579854,-0.0030352692119777203,-0.0023185904137790203,-0.0008745221421122551,0.0007076443289406598,0.002584831090644002,0.0031270694453269243,0.001116250641644001,0.0018357698572799563,0.0005458256346173584,-0.0006856081308797002,-0.0012087057111784816,0.0031293341889977455,0.0017990053165704012,0.006257686764001846
MPWR,17,2026-04-07 17:45:00+00:00,13:45,0.006185292266309261,up,-0.002091185189783573,-0.008151991292834282,-0.004955627024173737,-0.0041698249988257885,0.00026862899539992213,-0.003790341317653656,-0.004489942453801632,0.00037873288965784013,-0.004327740985900164,-0.0022578781936317682,-3.111126716248691e-05,-0.001248860382474959,-0.0011871291790157557,-0.002362927421927452,-0.0018261036602780223,-0.001938614179380238,0.0008831756422296166,-0.002053846139460802,-0.0015148470411077142,-0.0024514300748705864,-0.0048532853834331036,-0.008144007995724678,-0.005325937177985907,-0.0013694700319319963,-0.00046109961112961173,0.006185292266309261
KEYS,17,2026-04-07 17:45:00+00:00,13:45,0.006133129820227623,up,0.005688678007572889,0.005224721506237984,0.003625117242336273,0.006385461427271366,0.0045119659043848515,0.003722135443240404,-0.00030019902624189854,0.0018851904897019267,-0.0013124777469784021,0.0005601585144177079,0.004065357614308596,0.002404590602964163,0.0012386138550937176,0.0017012602183967829,-0.0015797517262399197,-0.001123543712310493,-0.0007114617037586868,-0.0008458999218419194,0.0011530052870512009,0.00028922443743795156,0.006430044304579496,0.002921577077358961,0.0030851366464048624,0.010056067258119583,0.0024780984967947006,0.006133129820227623
MS,17,2026-04-07 17:45:00+00:00,13:45,0.006072750315070152,up,-0.004347782116383314,0.0002577018167357892,-0.0012866700999438763,0.0037953106220811605,0.002425659913569689,-0.0019532409496605396,-0.006551580503582954,-0.0013174749910831451,-0.003637972055003047,-0.0032120859250426292,0.0007365207420662045,0.0011305168736726046,-0.0006739137461408973,0.0012516913702711463,0.001789508736692369,-0.00026141072157770395,0.003982051741331816,0.0035517767537385225,0.0035100330132991076,0.0012658993946388364,0.0020350096747279167,-0.0015088089276105165,-0.0026342591736465693,0.004450049251317978,0.003836373332887888,0.006072750315070152
USB,17,2026-04-07 17:45:00+00:00,13:45,0.0060117230750620365,up,-0.0007540509104728699,0.005401868838816881,0.0024189134128391743,0.00408191466704011,0.0009733716724440455,0.0021051722578704357,-0.0010409107198938727,-0.001491102739237249,-0.0003212805313523859,-0.000613061070907861,0.0002314822340849787,-0.0008009409648366272,-0.001087901764549315,0.00029815066955052316,0.003624094882979989,0.0018561119213700294,0.004651551600545645,0.004638358484953642,0.004212217405438423,0.004928473383188248,0.002626273315399885,0.0019969323184341192,0.002992205787450075,0.006765919271856546,0.004808252211660147,0.0060117230750620365
VMC,17,2026-04-07 17:45:00+00:00,13:45,0.005886221770197153,up,0.0012397743994370103,0.001347550074569881,0.00037213476025499403,0.0003983986680395901,-0.001079578185454011,-0.0037813528906553984,-0.006999489851295948,-0.005699466448277235,-0.006898956373333931,-0.007254988886415958,-0.005423892755061388,-0.0021403140854090452,1.2495866030803882e-05,-0.002484884113073349,-0.002991105429828167,-0.0030495417304337025,-0.0018901681760326028,-0.00016756137483753264,-0.0008625222253613174,-0.001645370153710246,-0.0030361833050847054,-0.0068417196162045,-0.005297584924846888,-0.0007261976134032011,-0.0013760605361312628,0.005886221770197153
AMCR,17,2026-04-07 17:45:00+00:00,13:45,0.005853873677551746,up,-0.004067597910761833,0.0018525244668126106,0.0015890029026195407,0.004321373999118805,0.0012357430532574654,0.0021229407284408808,-0.005165359936654568,-0.010487780906260014,-0.004034431651234627,-0.008257915265858173,-0.00748321833088994,-0.004078317899256945,0.0011095516383647919,0.0009868494234979153,-0.0012834514491260052,-0.0007198724779300392,0.001517603755928576,-4.8147820052690804e-05,0.0016222420381382108,0.000739162671379745,0.0017741979099810123,0.0008770770509727299,0.001972230849787593,0.005208804737776518,0.0021228063851594925,0.005853873677551746
ADM,17,2026-04-07 17:45:00+00:00,13:45,0.0058027105405926704,up,0.005456604063510895,0.014671742916107178,0.013304488733410835,0.013285486027598381,0.013565031811594963,0.017188530415296555,0.006123280618339777,0.001961383270099759,0.006195711903274059,-0.004249726887792349,-0.008780506439507008,-0.0034223527181893587,-0.000514082727022469,0.0017913992051035166,-0.0012079569278284907,-0.0004437703173607588,0.0018285223050042987,0.004342220723628998,-0.0007398395100608468,0.001279359101317823,0.001846526050940156,0.005967504344880581,0.010264293290674686,0.011883179657161236,0.0077943382784724236,0.0058027105405926704
EIX,17,2026-04-07 17:45:00+00:00,13:45,0.005774748511612415,up,0.0012133674463257194,0.0056586903519928455,0.001633394742384553,0.004871788900345564,0.004321733023971319,0.0009439220302738249,0.0007176407962106168,0.004208805970847607,0.001700907712802291,0.002578444080427289,0.009554454125463963,0.0018905192846432328,0.006752345710992813,0.0066937413066625595,0.007758042309433222,0.005879954434931278,0.0074801198206841946,-0.000235846295254305,0.00540259899571538,0.005507937632501125,0.005075645167380571,-0.0017994851805269718,-0.001313315238803625,-0.00021153365378268063,0.00017291227413807064,0.005774748511612415
HAL,17,2026-04-07 17:45:00+00:00,13:45,0.005753024946898222,up,0.0023579224944114685,-0.001192932715639472,0.0007086496916599572,0.0012460809666663408,-0.0009436082327738404,-0.0025083436630666256,-0.0019384355982765555,-0.004202821291983128,-0.003890826366841793,-0.00472226832062006,-0.0038882095832377672,-0.002094431547448039,-0.003985708113759756,-0.004398139659315348,0.0019891937263309956,0.001634743413887918,-0.003416788298636675,-0.003437734441831708,-0.004429320339113474,-0.004113008268177509,-0.0012503634206950665,-0.0013075937749817967,0.002965835854411125,0.004784900229424238,0.006639753468334675,0.005753024946898222
CCI,17,2026-04-07 17:45:00+00:00,13:45,0.005542145110666752,up,-0.0020422597881406546,0.0023924263659864664,-0.0007579629309475422,0.0015100933378562331,-0.0006227443809621036,-0.0033727874979376793,-0.005671048071235418,-0.003710381221026182,-0.0005780213396064937,-0.0013689427869394422,-0.0009519295999780297,0.0007259181584231555,0.0027023714501410723,0.0018113364931195974,0.0009446379262953997,-0.000179923081304878,0.0029015482868999243,0.000455748027889058,0.0025836683344095945,0.0004909449489787221,0.0013365806080400944,-0.0012399142142385244,-0.0007308006752282381,0.004559298045933247,0.0022810392547398806,0.005542145110666752
BMY,17,2026-04-07 17:45:00+00:00,13:45,0.005436114966869354,up,-0.0033961839508265257,-0.0008701336337253451,-0.0032182408031076193,0.0008384691318497062,0.0014284327626228333,0.00175097759347409,-0.004631625488400459,-0.004721557721495628,-0.0053004054352641106,-0.005535326898097992,-0.0014618796994909644,3.821075733867474e-05,0.0013477575266733766,0.0019840304739773273,0.0026652836240828037,0.0009230425348505378,0.0032661226578056812,5.950302875135094e-05,0.0011484605493023992,0.0018791526090353727,0.0008916983497329056,-0.003279562806710601,-0.0017470014281570911,0.001628287136554718,3.646504774224013e-05,0.005436114966869354
PYPL,17,2026-04-07 17:45:00+00:00,13:45,0.005354032851755619,up,-0.0030656105373054743,-0.0006017208797857165,-0.0034556109458208084,0.002006491180509329,-0.002747999969869852,-0.004786740522831678,-0.007374349981546402,-0.0032216261606663465,-0.005605325568467379,-0.0019335728138685226,-0.000870774791110307,-0.0007851636037230492,-0.0009548408561386168,0.0010113746393471956,0.0020827327389270067,0.0004007062525488436,0.0011409077560529113,-0.002526594791561365,0.0001682663569226861,-0.001078347908332944,0.00028100601048208773,-0.00555237103253603,-0.0027030613273382187,0.0008642958127893507,-0.0024987594224512577,0.005354032851755619
VLO,17,2026-04-07 17:45:00+00:00,13:45,0.005306197330355644,up,0.0029268942307680845,0.0062956311739981174,0.0032635126262903214,0.006489791441708803,0.005809868685901165,0.004450848326086998,0.004482251591980457,0.00514844199642539,0.007139548193663359,0.006959461607038975,0.013059097342193127,0.013819074258208275,0.005813743453472853,0.007331792265176773,0.009270254522562027,0.01012174692004919,0.005914019886404276,0.006394303869456053,0.004690108820796013,0.005065906792879105,0.005745423026382923,0.005033154506236315,0.005310907959938049,0.006804754491895437,0.003163241082802415,0.005306197330355644
V,17,2026-04-07 17:45:00+00:00,13:45,0.005141735542565584,up,0.0020789026748389006,0.002867293544113636,0.004296241328120232,0.004766826052218676,0.005547616630792618,0.002881024731323123,0.0019897089805454016,0.0035945542622357607,0.0014078594977036119,-0.0010843927739188075,0.003717006416991353,0.0023886102717369795,0.0019361143931746483,0.0033671080600470304,0.004150540102273226,0.0041330792009830475,0.00483854440972209,0.0035004133824259043,0.0039412155747413635,0.0033045909367501736,0.00293166097253561,0.0011825166875496507,-0.00029722892213612795,0.002815220970660448,0.002766234101727605,0.005141735542565584
CBOE,17,2026-04-07 17:45:00+00:00,13:45,0.005031084641814232,up,0.004512222483754158,0.008042672649025917,0.009845924563705921,0.010805915109813213,0.014948383904993534,0.013807324692606926,0.01646900177001953,0.013511506840586662,0.014718584716320038,0.012818480841815472,0.013195333071053028,0.01753963902592659,0.014715752564370632,0.013967813923954964,0.01218807976692915,0.01201610267162323,0.011968657374382019,0.013080730102956295,0.010608643293380737,0.010143830440938473,0.009877770207822323,0.010467229411005974,0.006592492572963238,0.010265206918120384,0.004183158744126558,0.005031084641814232
ROST,17,2026-04-07 17:45:00+00:00,13:45,0.005028349347412586,up,-3.9012640627333894e-05,0.0025749437045305967,0.00039511508657597005,0.0033128245268017054,0.0020737950690090656,0.0006732423207722604,-0.0027170481625944376,-0.0015329038724303246,-0.0027837709058076143,-0.0009804636938497424,0.0005052387714385986,0.002748707542195916,0.0003895433619618416,-0.000789724406786263,-0.0011151806684210896,-0.0004831209662370384,0.002540453802794218,0.002574424259364605,0.002144427038729191,0.001711272052489221,0.0010660343104973435,-0.002096457639709115,-0.0008004844421520829,0.00341885001398623,0.0007279699202626944,0.005028349347412586
LH,17,2026-04-07 17:45:00+00:00,13:45,0.004949396010488272,up,0.001159720472060144,-0.0036953852977603674,-0.002086313208565116,-0.0002781387884169817,0.0008377051563002169,-0.0006198874907568097,-0.0035300347954034805,-0.001755946665070951,-0.006661001592874527,-0.004307753872126341,-0.000568135641515255,-0.00020577985560521483,-0.0028800449799746275,-0.0023472157772630453,-0.0015055914409458637,-0.003377235261723399,-0.0007683359435759485,-0.0033209992107003927,-0.0036441783886402845,-0.001253355061635375,-0.0026473456528037786,-0.0036452291533350945,-0.0005626249476335943,0.002937215380370617,-0.0025929000694304705,0.004949396010488272
STZ,17,2026-04-07 17:45:00+00:00,13:45,0.004918940365314484,up,-0.0009029247448779643,-0.000312252581352368,-0.004037102684378624,-0.002770555205643177,-0.0011813046876341105,-0.004186071455478668,-0.005214557517319918,-0.005131046287715435,-0.005345644894987345,-0.0067168609239161015,-0.0018946249037981033,-0.0025239745154976845,-0.002810313832014799,-0.003549054730683565,-0.0031556638423353434,-0.0031102201901376247,-0.0021488580387085676,-0.002110720844939351,-0.0022018994204699993,-0.0007412036648020148,-0.0006709843873977661,-0.0008653620025143027,-0.001522174454294145,0.00440392829477787,0.003999652806669474,0.004918940365314484
TMUS,17,2026-04-07 17:45:00+00:00,13:45,0.004792884457856417,up,0.004752914886921644,0.0046603004448115826,0.0055168550461530685,0.007428253069519997,0.009895731694996357,0.006599834188818932,0.01023556012660265,0.010401642881333828,0.009524696506559849,0.009133337065577507,0.0071583217941224575,0.00852229818701744,0.005724234040826559,0.006106765475124121,0.006362558342516422,0.007737059146165848,0.005110058933496475,0.007491511292755604,0.006804267875850201,0.006118332501500845,0.00618167407810688,0.0038696585688740015,0.006739605683833361,0.006567527540028095,0.006205682642757893,0.004792884457856417
TFC,17,2026-04-07 17:45:00+00:00,13:45,0.0047807712107896805,up,0.0005279639735817909,0.0045506032183766365,0.0027376897633075714,0.005224178079515696,0.004739060997962952,0.004874550737440586,0.002701484365388751,0.00385760935023427,0.004264800809323788,0.0013795217964798212,0.002002171939238906,0.0014208437642082572,0.0016326254699379206,0.0007427727687172592,0.002873418154194951,0.0028253861237317324,0.002800604095682502,0.003736449871212244,0.0035632748622447252,0.004077527206391096,0.003387985285371542,0.0030333499889820814,0.0034172297455370426,0.005698482505977154,0.004726419225335121,0.0047807712107896805
OXY,17,2026-04-07 17:45:00+00:00,13:45,0.0046294373460114,up,-0.002235099906101823,0.0007560847443528473,-0.002728802151978016,-0.0038441552314907312,-0.008831487037241459,-0.008451971225440502,-0.011064817197620869,-0.005834668874740601,-0.00857256818562746,-0.006973261944949627,-0.0047831968404352665,-0.002279705600813031,-0.00024441047571599483,0.001674430794082582,-0.0010142313549295068,4.439028998604044e-06,0.003383468836545944,0.0028064569924026728,0.0032861207146197557,0.0023482628166675568,-0.001011971733532846,-0.0048002698458731174,-0.0036694686859846115,0.0017593909287825227,0.0033007748425006866,0.0046294373460114
IBKR,17,2026-04-07 17:45:00+00:00,13:45,0.004604524467140436,up,-0.006083113141357899,-0.0066519975662231445,-0.009723027236759663,-0.0066068158484995365,-0.007149942684918642,-0.007537035271525383,-0.009732392616569996,-0.007127790711820126,-0.009403863921761513,-0.006480897776782513,-0.008414734154939651,-0.004984525963664055,-0.004513992462307215,-0.002401774749159813,-0.0034821105655282736,-0.005376459565013647,-0.0024147441145032644,-0.002779083326458931,-0.0038383977953344584,-0.002688020234927535,-0.005577532108873129,-0.005130581092089415,-0.0027744548860937357,0.0030025870073586702,-0.0025943126529455185,0.004604524467140436
OTIS,17,2026-04-07 17:45:00+00:00,13:45,0.0045743100345134735,up,0.002821848727762699,0.004556862637400627,0.0039763120003044605,0.005451555829495192,0.00789375975728035,0.005278689321130514,0.0038158660754561424,0.006821993738412857,0.007020453456789255,0.007035068701952696,0.007675328757613897,0.00859082117676735,0.007013140246272087,0.008080029860138893,0.008129524067044258,0.00736156664788723,0.007196586579084396,0.0072517478838562965,0.006959329359233379,0.006516302935779095,0.006149432621896267,0.0041200388222932816,0.004586365539580584,0.006595716346055269,0.004295669496059418,0.0045743100345134735
TPL,17,2026-04-07 17:45:00+00:00,13:45,0.004411106929183006,up,-0.004269121680408716,-0.0007990304729901254,0.0013754520332440734,-0.0008957575773820281,-0.0028925156220793724,-0.005281021818518639,-0.0043244631960988045,-0.0022440485190600157,-0.005605748388916254,-0.010233797132968903,-0.0038245355244725943,-0.004793177824467421,-0.010492829605937004,-0.009520440362393856,-0.009687256999313831,-0.007703120820224285,-0.006617317441850901,-0.005630663130432367,-0.006765875034034252,-0.006123228929936886,-0.006289707496762276,-0.00819470826536417,-0.004672259092330933,-0.0033585603814572096,-0.007585602812469006,0.004411106929183006
SYF,17,2026-04-07 17:45:00+00:00,13:45,0.004377232398837805,up,-0.005233999341726303,-0.001830828608945012,-0.004112263675779104,-0.00037195850745774806,-0.0003925752534996718,-0.0006768702296540141,-0.0038090585730969906,-0.0021130507811903954,-0.003938999492675066,-0.003482854226604104,-0.0018485120963305235,-0.000632435258012265,-0.00018635412561707199,0.000786689342930913,0.0016058108303695917,0.0015851317439228296,0.0027341980021446943,0.002176048932597041,0.0005797381163574755,-0.0005402382230386138,-0.000770658953115344,-0.001757530146278441,-0.0026749453973025084,0.0020674695260822773,0.0006083506159484386,0.004377232398837805
FOX,17,2026-04-07 17:45:00+00:00,13:45,0.004371885675936937,up,-0.005579525604844093,-0.003495641751214862,-0.0028890224639326334,-0.00011997816909570247,-0.0017003510147333145,-0.003273711772635579,-0.0049937134608626366,-0.006334926933050156,-0.003664687043055892,-0.0030071940273046494,-0.0008577523985877633,0.00046064757043495774,-0.00027038282132707536,-0.0005613227258436382,-1.4856075722491369e-05,-0.0001505822001490742,0.002331589814275503,0.002016176702454686,0.0017980773700401187,0.002174881985411048,0.0020402122754603624,0.0005454925703816116,-0.0006107111112214625,0.0018752120668068528,0.0015190404374152422,0.004371885675936937
AMGN,17,2026-04-07 17:45:00+00:00,13:45,0.004286051727831364,up,0.0014768807450309396,0.004061418119817972,-0.0019910179544240236,-3.955883585149422e-05,-0.0007616875809617341,-0.0044526890851557255,-0.007256624288856983,-0.005155197810381651,-0.004586067050695419,-0.004095321521162987,-0.0018283750396221876,0.0008725544903427362,0.0010110173607245088,3.019946234417148e-05,-0.0011961105046793818,-0.0009652139851823449,0.0009097588481381536,-8.294636063510552e-05,-0.0005511096678674221,0.0008791749132797122,0.0013148690341040492,-0.0005938858375884593,-0.00012105065252399072,0.0021078460849821568,0.0012874127132818103,0.004286051727831364
VLTO,17,2026-04-07 17:45:00+00:00,13:45,0.004109977278858423,up,0.0020791017450392246,0.0030881771817803383,0.0034441594034433365,0.00269172340631485,0.0039010425098240376,0.003484508953988552,0.0007562916143797338,0.0009988583624362946,0.0024855516385287046,0.0030820772517472506,0.004467473365366459,0.004059409257024527,0.002930372953414917,0.003527734661474824,0.005342735443264246,0.003736221231520176,0.004692345857620239,0.005129118915647268,0.0036841314285993576,0.004776074085384607,0.004567440133541822,0.003286410588771105,0.0028007905930280685,0.005444211419671774,0.0031115070451050997,0.004109977278858423
CMG,17,2026-04-07 17:45:00+00:00,13:45,0.004015084356069565,up,-0.01113053597509861,-0.0057630641385912895,-0.009488111361861229,-0.007483159191906452,-0.013395578600466251,-0.01294008269906044,-0.016899708658456802,-0.013297650963068008,-0.013976453803479671,-0.010069159790873528,-0.006933869328349829,-0.006102059967815876,-0.007466154173016548,-0.0025440743193030357,-0.003948745783418417,-0.004189993720501661,-0.0006203101947903633,6.432813825085759e-05,-0.003992424812167883,-0.001956087537109852,-0.0008620463777333498,-0.004108445718884468,-0.005870725028216839,0.000493142637424171,-0.0018709637224674225,0.004015084356069565
VRSN,17,2026-04-07 17:45:00+00:00,13:45,0.003931506536900997,up,0.002787872450426221,0.0008403175161220133,-0.002009886084124446,0.0025226327124983072,0.0006919948500581086,0.003956912085413933,0.007028109394013882,0.007071569561958313,0.0032672700472176075,0.0018499145517125726,0.007114192936569452,0.00775962183251977,0.005029350519180298,0.008233442902565002,0.009714164771139622,-0.0004943188978359103,0.009374004788696766,0.004659270402044058,0.004277873784303665,0.005203080829232931,0.009254696778953075,0.0025459122844040394,-0.002805488184094429,0.004312713630497456,-0.0037625287659466267,0.003931506536900997
FE,17,2026-04-07 17:45:00+00:00,13:45,0.003900000127032399,up,0.00318987132050097,0.0027059176936745644,0.002681741723790765,0.0036660588812083006,0.006748282350599766,0.0061122155748307705,0.003772792872041464,0.0036764582619071007,0.005235356744378805,0.003406987525522709,0.005648762919008732,0.004965649917721748,0.004860151093453169,0.004588994663208723,0.0038132809568196535,0.003035741625353694,0.00474103819578886,0.005323607474565506,0.006117799784988165,0.006657352205365896,0.0062674181535840034,0.005782959517091513,0.005467988085001707,0.007235287223011255,0.005643544252961874,0.003900000127032399
TPR,17,2026-04-07 17:45:00+00:00,13:45,0.003833458758890629,up,-0.0008235949790105224,0.002303113928064704,-0.003854489652439952,-0.0003132331185042858,-0.003751662326976657,-0.004815577529370785,-0.012695838697254658,-0.007011767476797104,-0.00737016461789608,-0.007602041121572256,-0.006061164662241936,-0.004883951507508755,-0.0010930042481049895,-0.0027351134922355413,-0.0034863408654928207,-0.0033640810288488865,0.0002698880562093109,-1.6683497960912064e-07,-0.00045945492456667125,-0.0019822348840534687,-0.0020405100658535957,-0.0035711564123630524,-0.002648439956828952,0.003603826044127345,0.0006654530297964811,0.003833458758890629
GEHC,17,2026-04-07 17:45:00+00:00,13:45,0.0037808334454894066,up,-0.006218928378075361,-0.005196866113692522,-0.00821338314563036,-0.005484637804329395,-0.005876570008695126,-0.008791127242147923,-0.014782646670937538,-0.0103105204179883,-0.01168232411146164,-0.011075734160840511,-0.009173959493637085,-0.004988637287169695,-0.0021507057826966047,-0.002032018266618252,-0.003327229293063283,-0.004449585452675819,0.0004965179832652211,0.0002973877126350999,-0.0007752347155474126,-0.002019989537075162,-0.001464669476263225,-0.0018415667582303286,-0.001959127141162753,0.002118825213983655,2.4841794584062882e-05,0.0037808334454894066
CDNS,17,2026-04-07 17:45:00+00:00,13:45,0.0037080019246786833,up,0.004651856143027544,0.004066798370331526,0.0010877305176109076,0.0035386094823479652,-0.0024978118017315865,-0.0044248877093195915,-0.010792972519993782,-0.004438496194779873,-0.003945241682231426,-0.004075389821082354,-0.00026586418971419334,0.0032458349596709013,0.0036047683097422123,0.002828723518177867,0.0009351561311632395,0.0027782400138676167,0.005851794965565205,0.005705870687961578,0.009978759102523327,0.0044397772289812565,0.0025741097051650286,-0.0013734681997448206,0.001800502766855061,0.004928199108690023,0.002624513115733862,0.0037080019246786833
HSY,17,2026-04-07 17:45:00+00:00,13:45,0.0036715406458824873,up,-0.004805607721209526,-0.0029062607791274786,-0.0016397516010329127,-0.0011714744614437222,-0.0004589087038766593,-0.0033501761499792337,-0.005448915529996157,-0.0037419390864670277,-0.0024820268154144287,-0.0007957735215313733,0.0008902052068151534,0.0014945161528885365,0.0007222603890113533,-0.0005227983929216862,0.001607701531611383,0.0021728549618273973,0.002282991074025631,0.0032454892061650753,0.0028214759659022093,0.0032543132547289133,0.0019573650788515806,0.0003934381529688835,-0.0007001902558840811,0.0018776420038193464,-0.00016434067219961435,0.0036715406458824873
CNP,17,2026-04-07 17:45:00+00:00,13:45,0.0036435634829103947,up,0.004201889969408512,0.005329292733222246,0.005240818951278925,0.006235351786017418,0.007668341044336557,0.006943847052752972,0.007025470491498709,0.006474618334323168,0.009278393350541592,0.005884028039872646,0.0070977057330310345,0.005399332847446203,0.004945738241076469,0.0038623518776148558,0.004401583690196276,0.004247309640049934,0.0039882538840174675,0.004602113272994757,0.005495443940162659,0.00616760179400444,0.005268428474664688,0.00517632532864809,0.0030449426267296076,0.006817424204200506,0.007831240072846413,0.0036435634829103947
NWS,17,2026-04-07 17:45:00+00:00,13:45,0.003623673925176263,up,0.0016817105934023857,0.004431033041328192,0.0007875789306126535,0.004020112566649914,0.002771978732198477,0.0016386148054152727,0.0005341034266166389,0.0021503735333681107,0.0008020703098736703,-0.0002699520264286548,0.0005687812226824462,0.0022363762836903334,0.0016149372095242143,0.002725592814385891,0.0029041357338428497,0.001685554743744433,0.0031007779762148857,0.0033582737669348717,0.002536596031859517,0.0026196911931037903,0.0015058476710692048,0.0005524312146008015,-8.323579095304012e-05,0.003609458915889263,0.0021370328031480312,0.003623673925176263
CVS,17,2026-04-07 17:45:00+00:00,13:45,0.003607232356444001,up,0.0005573136731982231,-0.0016178088262677193,-0.0034751405473798513,-0.005187795031815767,-0.004036140628159046,-0.003634148743003607,-0.005088739097118378,-0.0020526328589767218,-0.009141598828136921,-0.0024082092568278313,0.0013331635855138302,0.002089030109345913,0.00875897891819477,0.006148239132016897,0.006474924739450216,0.003167887683957815,0.0021073513198643923,0.0013308157213032246,0.0008454652270302176,0.003133420366793871,0.0021470303181558847,-0.0017027624417096376,-0.003256945637986064,-0.0019764716271311045,-0.0016881535993888974,0.003607232356444001
MTB,17,2026-04-07 17:45:00+00:00,13:45,0.003555190982297063,up,-0.0009246987174265087,0.0013389411615207791,0.0018392445053905249,0.0015046449843794107,0.002405731938779354,0.0017151839565485716,-0.00023684014740865678,9.382860298501328e-06,-0.0005804398679174483,-0.00012739974772557616,0.0016394684789702296,0.0025308476760983467,0.002602790482342243,0.002521303715184331,0.00207699416205287,0.00190268293954432,0.003936782479286194,0.003394621191546321,0.002311255782842636,0.0025027054361999035,0.0013685752637684345,-0.00042364373803138733,-0.0009043823229148984,0.003493650583550334,0.0021861025597900152,0.003555190982297063
SW,17,2026-04-07 17:45:00+00:00,13:45,0.0034069654066115618,up,-0.0015780118992552161,0.005194421391934156,0.0005363124655559659,0.004802000243216753,0.00307508185505867,0.0006781085394322872,-0.00422079348936677,-0.005028171464800835,-0.005087627563625574,-0.006843237672001123,-0.007565051317214966,-0.003319862298667431,0.001981375040486455,0.00045372539898380637,-0.0007319157011806965,-0.0018965373747050762,5.207903086557053e-06,-0.0022824013140052557,-0.0007282127626240253,-0.0017187300836667418,-0.0008952984935604036,3.449861833360046e-05,0.0012065969640389085,0.004928856156766415,-1.561058707011398e-05,0.0034069654066115618
HUBB,17,2026-04-07 17:45:00+00:00,13:45,0.0033938284032046795,up,-0.0016286721220239997,0.0019703248981386423,-0.002039320534095168,0.0004929282586090267,0.001095763873308897,-0.0010506381513550878,-0.0036541305016726255,-0.0028685936704277992,-0.0035014504101127386,-0.0011501217959448695,-0.0009979302994906902,0.0010988761205226183,0.0015643711667507887,0.0032851933501660824,0.0018269994761794806,-0.0006589387194253504,0.0031421820167452097,0.0025945648085325956,0.0008343734662048519,-0.00022085968521423638,-0.0012180488556623459,-0.002016335027292371,-0.0009124555508606136,0.0013350052759051323,-0.0009246676927432418,0.0033938284032046795
TROW,17,2026-04-07 17:45:00+00:00,13:45,0.0033421788830310106,up,0.002254698658362031,0.003305409336462617,0.0008763339719735086,0.0021271484438329935,0.0017984131118282676,-0.0007438226602971554,-0.007262157276272774,-0.004107892047613859,-0.005668891593813896,-0.005571429152041674,-0.005977158434689045,-0.0035139338579028845,-0.0008039301028475165,0.0004190925683360547,-0.001029010396450758,-0.0011758148903027177,0.0028191760648041964,0.0014326752861961722,3.817056131083518e-05,-0.00025284418370574713,0.0022396233398467302,0.0011940544936805964,0.0006661711959168315,0.005772808566689491,0.00426886323839426,0.0033421788830310106
ECL,17,2026-04-07 17:45:00+00:00,13:45,0.0033310516737401485,up,0.0017419616924598813,0.0010536792688071728,0.001580535783432424,0.0017987331375479698,0.0009534576092846692,0.0001132856632466428,-0.004772126208990812,-0.0039323619566857815,-0.00813115295022726,-0.006216281093657017,-0.004868714138865471,-0.0015848585171625018,-0.007274656090885401,-0.007351493462920189,-0.006802814546972513,-0.008193227462470531,-0.0050690495409071445,-0.004693448077887297,-0.007762887980788946,-0.0041122292168438435,-0.004781761672347784,-0.006142557132989168,-0.00350956991314888,0.0016680286498740315,-0.0035537253133952618,0.0033310516737401485
AIZ,17,2026-04-07 17:45:00+00:00,13:45,0.003319467417895794,up,0.0008684086496941745,0.005129565484821796,0.002412086818367243,0.005147627554833889,0.004308641422539949,0.004095393233001232,0.0016073164297267795,0.0023932273034006357,0.00407283753156662,0.002586522838100791,0.0038115058559924364,0.004130390472710133,0.00318538467399776,0.0033115895930677652,0.0038438625633716583,0.002391325542703271,0.005423286464065313,0.005534842610359192,0.004538445733487606,0.0037443372420966625,0.003661917755380273,0.0025488839019089937,0.0013083387166261673,0.004040074534714222,0.0019572728779166937,0.003319467417895794
MOS,17,2026-04-07 17:45:00+00:00,13:45,0.0033022421412169933,up,-0.015458418056368828,-0.003175973892211914,-0.004868158604949713,-0.0016784440958872437,-0.005459845997393131,-0.007008529268205166,-0.01296828594058752,-0.012577810324728489,-0.013747782446444035,-0.01254300121217966,-0.009531090967357159,-0.00655038096010685,-0.0030760467052459717,-0.0037434606347233057,-0.0029817051254212856,-0.0022682971321046352,-0.0004006953677162528,0.0012448177440091968,-0.002823284361511469,-0.0013764378381893039,-0.0018996165599673986,-0.004191606305539608,-0.0017483863048255444,0.006614260375499725,0.0038518079090863466,0.0033022421412169933
JPM,17,2026-04-07 17:45:00+00:00,13:45,0.003301954595372081,up,0.002105697523802519,0.00284567940980196,0.0002890021132770926,0.0018120063468813896,0.00216755922883749,0.0008757190662436187,-0.0008012129692360759,-0.0005645973142236471,-0.001817410346120596,-0.000886419031303376,0.0016470920527353883,3.088611629209481e-05,0.0008644630433991551,0.0003154901205562055,0.00151775311678648,0.0004673056537285447,0.0016439487226307392,0.00021365306747611612,0.0018172436393797398,0.00043984391959384084,-0.0018734864424914122,-0.003204463282600045,-0.004136975854635239,-0.0010186490835621953,-0.0003399966808501631,0.003301954595372081
EA,17,2026-04-07 17:45:00+00:00,13:45,0.003289962885901332,up,-0.0020957570523023605,-0.003086700802668929,-0.0016062367940321565,-0.0001938746718224138,0.0029135551303625107,0.0017284766072407365,-0.0009480801527388394,-0.002110941568389535,-0.0016966527327895164,0.0005038251983933151,0.0003536473377607763,0.0007649882463738322,0.001501197344623506,0.0014840314397588372,0.0018277154304087162,0.0019104595994576812,0.00278961518779397,0.0030874505173414946,0.002588388742879033,0.0033773165196180344,0.0022215184289962053,0.0003184547240380198,0.0006681819213554263,0.0017248853109776974,0.001561214099638164,0.003289962885901332
RL,17,2026-04-07 17:45:00+00:00,13:45,0.003273056587204337,up,-0.0015945364721119404,-0.0014226576313376427,-0.0013006585650146008,0.0049149831756949425,0.003277850104495883,0.0036682430654764175,-0.002562294015660882,-0.0008316439925692976,-0.004499685484915972,-0.004036370199173689,-0.0015483265742659569,-0.0031160174403339624,-0.0022643294651061296,-0.002932759001851082,-0.0035640716087073088,-0.0034122904762625694,-0.0025872131809592247,-0.0034401374869048595,-0.006558089517056942,-0.004620423540472984,0.000979463686235249,0.00019513879669830203,0.000916474440600723,0.004499616101384163,-0.0018921751761808991,0.003273056587204337
HSIC,17,2026-04-07 17:45:00+00:00,13:45,0.0032331307884305716,up,0.010322344489395618,0.01035466231405735,0.007741090375930071,0.006333463825285435,0.011288724839687347,0.0075354925356805325,0.006126055959612131,0.004065827000886202,0.00500326557084918,0.003602578304708004,0.0027697898913174868,0.004391730763018131,0.003751905634999275,0.002221802482381463,0.008057952858507633,0.002224960830062628,0.005048715975135565,0.005841342732310295,0.0031422600150108337,0.0017890854505822062,0.003243830054998398,0.002168956445530057,-0.0008670092211104929,0.006104270461946726,0.0007095535402186215,0.0032331307884305716
DVA,17,2026-04-07 17:45:00+00:00,13:45,0.0031219986267387867,up,-2.506384225853253e-05,-0.00044522693497128785,-0.0002981251454912126,0.0019733207300305367,0.0036445027217268944,0.0002155377296730876,-0.001769031397998333,-0.0007222144631668925,-0.0012351102195680141,-0.0006289667217060924,0.0014905162388458848,0.002610647352412343,0.002107051433995366,0.0005868269945494831,0.0004379177116788924,-0.00023193639935925603,0.0020113943610340357,0.0017150907078757882,0.0008023529080674052,0.0009545399807393551,-0.0007446300005540252,-0.0021309563890099525,-0.002448304556310177,-0.0004619979299604893,0.00018133492267224938,0.0031219986267387867
APD,17,2026-04-07 17:45:00+00:00,13:45,0.0030849261675029993,up,0.0051435078494250774,0.006622810382395983,0.00903272069990635,0.008158683776855469,0.008505813777446747,0.005523586180061102,0.0039517018012702465,0.003054585075005889,0.003363462397828698,0.002270779339596629,0.002262031426653266,0.003559115342795849,0.0031699882820248604,0.002399732591584325,0.0019153814064338803,-0.0004795276909135282,0.0027286370750516653,0.0028403266333043575,0.003078618785366416,0.003080099355429411,0.0025693250354379416,0.001292428351007402,0.0005615092813968658,0.0018848601030185819,0.00023977439559530467,0.0030849261675029993
TKO,17,2026-04-07 17:45:00+00:00,13:45,0.002947703469544649,up,0.002252050442621112,0.00024319978547282517,-0.0026274633128196,-0.0010361425811424851,-0.00662201177328825,-0.007366072852164507,-0.007294078823179007,-0.004441990051418543,-0.003158407751470804,-0.0018273894675076008,-0.0029686742927879095,0.0012208338594064116,0.002439427888020873,0.0002881390682887286,-0.000887948670424521,-0.0022231079638004303,-0.0025094314478337765,-0.0038341619074344635,-0.005224251188337803,-0.004876995459198952,-0.0019506466342136264,-0.006012686062604189,-0.005840898957103491,0.0003168261027894914,-0.006314384285360575,0.002947703469544649
DOW,17,2026-04-07 17:45:00+00:00,13:45,0.002898505190387368,up,0.007456309627741575,0.009905418381094933,0.0067710187286138535,0.008040554821491241,-0.0022543182130903006,-0.0007182352710515261,-0.0027225809171795845,-0.0012448194902390242,-0.0011224455665796995,0.0007790423696860671,0.0018924043979495764,0.00021749669394921511,-0.003142900997772813,-0.00022367923520505428,0.002874114317819476,0.0021979135926812887,-0.004069519229233265,-0.0020786591339856386,-0.001729099778458476,-0.0027544365730136633,-0.001107633812353015,-0.0031859304290264845,0.0006543156923726201,0.0020237562712281942,0.0012055215192958713,0.002898505190387368
TXN,17,2026-04-07 17:45:00+00:00,13:45,0.0028332755900919437,up,-0.0017237112624570727,-0.001326841302216053,-0.0017415877664461732,-0.0012930369703099132,-0.0015546913491562009,-0.0018923114985227585,-0.004920936189591885,-0.002890805946663022,-0.0022835382260382175,-0.0019976873882114887,-0.002947209170088172,-0.0007310596411116421,-0.0016555663896724582,-0.0012805084697902203,-0.0026471447199583054,-0.002131584333255887,0.0019584002438932657,0.0009918691357597709,0.00034087576204910874,-0.00020716922881547362,-0.0030807224102318287,-0.003665380412712693,-0.0022043397184461355,0.001166992005892098,0.00219797994941473,0.0028332755900919437
JNJ,17,2026-04-07 17:45:00+00:00,13:45,0.002755644964054227,up,-0.0018088043434545398,0.001281040720641613,-0.0028407240752130747,-0.000680553144775331,-0.0031115540768951178,-0.004090157803148031,-0.004677371587604284,-0.005570818204432726,-0.007500059902667999,-0.007491652388125658,-0.0059991334564983845,-0.0011944427387788892,-0.002403154969215393,-0.0019129127031192183,-0.0043481397442519665,-0.0038997556548565626,-0.0007281501893885434,-0.004074623808264732,-0.0005699116736650467,0.0009297637734562159,0.001200599130243063,-0.0015816668746992946,-0.0010641277767717838,0.000513635401148349,0.0005151362274773419,0.002755644964054227
CHTR,17,2026-04-07 17:45:00+00:00,13:45,0.002741157077252865,up,-0.009316546842455864,-0.007284123450517654,-0.00965795572847128,-0.008361288346350193,-0.010696014389395714,-0.011147367767989635,-0.011692480184137821,-0.007812587544322014,-0.007681041490286589,-0.007954195141792297,-0.004166817292571068,0.0004425306397024542,-0.001733501092530787,-1.032238287734799e-06,8.904620335670188e-05,0.00014692512922920287,0.0004709399363491684,-0.002470476320013404,0.001107923686504364,-0.0013677662936970592,-0.0004736917617265135,-0.004966463427990675,-0.004511229228228331,4.111530142836273e-05,-0.004964693449437618,0.002741157077252865
REG,17,2026-04-07 17:45:00+00:00,13:45,0.0026575399097055197,up,-0.0008040074608288705,0.0028893069829791784,0.0013967384584248066,0.003872895846143365,0.0050584496930241585,0.0014034034684300423,-0.00012472063826862723,-0.00021009935881011188,0.0002045625151367858,0.0004753605753649026,0.002606057096272707,0.0018726452253758907,0.0013309151399880648,0.0020328504033386707,0.0019103111699223518,0.0016383210895583034,0.0032913589384406805,0.002644200110808015,0.002975132782012224,0.004216580186039209,0.002112901071086526,-0.0005770297721028328,0.0005563419545069337,0.0016595375491306186,-0.0006271345773711801,0.0026575399097055197
GL,17,2026-04-07 17:45:00+00:00,13:45,0.0026004603132605553,up,-0.0032438640482723713,0.0004821569309569895,-0.00017798868066165596,0.0023411563597619534,0.00443308986723423,0.004930533468723297,0.0008527939207851887,0.001240683370269835,0.002432910492643714,0.0008520269766449928,0.0033023341093212366,0.00428666640073061,0.0034739223774522543,0.0021460563875734806,0.003695146180689335,0.002517029410228133,0.0039586774073541164,0.003605006029829383,0.002867758506909013,0.003139728447422385,0.0022975471802055836,0.0010984583059325814,-0.0004168357700109482,0.00344871636480093,0.0032669352367520332,0.0026004603132605553
GS,17,2026-04-07 17:45:00+00:00,13:45,0.00255249859765172,up,-0.006115776486694813,-0.004515364766120911,-0.0060239145532250404,-0.0032747979275882244,-0.0030051516368985176,-0.004079318605363369,-0.004886191338300705,-0.003463050117716193,-0.004744143690913916,-0.002304632682353258,-0.002997423056513071,-0.0009111585677601397,-0.0009940366726368666,-0.0009184084483422339,-0.000588984927162528,-0.0018410580232739449,0.0007998673245310783,-0.0002709742693696171,-0.0005337541224434972,-0.001442988053895533,-0.002330784685909748,-0.0043563139624893665,-0.0054333824664354324,0.00047452811850234866,-0.0006850152276456356,0.00255249859765172
AAPL,17,2026-04-07 17:45:00+00:00,13:45,0.002537451684474945,up,-0.004549205768853426,-0.010651632212102413,-0.016300728544592857,-0.013441525399684906,-0.012552079744637012,-0.01735663414001465,-0.014552551321685314,-0.012631836347281933,-0.013887058012187481,-0.014076821506023407,-0.013978434726595879,-0.008414383046329021,-0.007976231165230274,-0.00943636242300272,-0.00834496971219778,-0.009830251336097717,-0.007019855547696352,-0.007435152772814035,-0.006276850122958422,-0.006470119580626488,-0.01114710234105587,-0.013684573583304882,-0.01065631303936243,-0.0072298357263207436,-0.006854939740151167,0.002537451684474945
FFIV,17,2026-04-07 17:45:00+00:00,13:45,0.002527113538235426,up,0.0040507628582417965,0.006978044286370277,0.007009316235780716,0.005441172514110804,0.007512356620281935,0.007188732735812664,0.007901703007519245,0.008006136864423752,0.0047062961384654045,0.008226810023188591,0.007356874644756317,0.012307905592024326,0.009021767415106297,0.007577344309538603,0.00742686353623867,0.0052446103654801846,0.006949170958250761,0.007595897186547518,0.00813846755772829,0.005528409965336323,0.0052605983801186085,0.007214010693132877,0.002047815127298236,0.005921076983213425,0.001407109433785081,0.002527113538235426
CAT,17,2026-04-07 17:45:00+00:00,13:45,0.0025072675198316574,up,-0.0027332499157637358,-0.003482080763205886,-0.005392238963395357,-0.0015548627125099301,-0.0006543279741890728,-0.0016629158053547144,-0.006004327442497015,-0.005307303275913,-0.005981266498565674,-0.005566663108766079,-0.0046932632103562355,-0.0030316857155412436,-0.0042469920590519905,-0.003334672888740897,-0.004134383052587509,-0.00696959625929594,-0.004270568955689669,-0.0043859523721039295,-0.00633010920137167,-0.00402265228331089,-0.005105883348733187,-0.008244827389717102,-0.0059769414365291595,-0.0032387045212090015,-0.005413857754319906,0.0025072675198316574
IDXX,17,2026-04-07 17:45:00+00:00,13:45,0.0025007855147123337,up,-0.001249342574737966,0.00018820070545189083,-0.0014480367535725236,-0.0005020358366891742,-0.0010065799579024315,-0.0014609990175813437,-0.004470592364668846,-0.0038390334229916334,-0.006016505416482687,-0.004064106848090887,-0.0010812720283865929,0.0005106456810608506,0.0004223895084578544,0.0013735882239416242,0.0006717945798300207,0.0007139353547245264,0.0030232302378863096,0.0018835542723536491,0.001952716731466353,0.0004827398806810379,0.0003483705222606659,-7.597541844006628e-05,-0.0014933053171262145,0.0006761695840395987,-0.00033050577621906996,0.0025007855147123337
EXPD,17,2026-04-07 17:45:00+00:00,13:45,0.0024132956750690937,up,0.0001968694559764117,0.002704806625843048,0.00068712915526703,0.003988653887063265,0.004621510393917561,0.0030468145851045847,-0.00014139794802758843,0.0025399355217814445,0.002900497056543827,0.0013626334257423878,0.0037088245153427124,0.0031904384959489107,0.0037300786934792995,0.0029873852618038654,0.0021026497706770897,0.0017887572757899761,0.005040398798882961,0.0038264875765889883,0.0034246279392391443,0.002483600052073598,0.0012011812068521976,0.0008063191780820489,-0.0011258982121944427,0.003212316194549203,0.0016335127875208855,0.0024132956750690937
MCD,17,2026-04-07 17:45:00+00:00,13:45,0.0023782646749168634,up,0.0005695499712601304,0.0026632389053702354,0.0025804731994867325,0.0033435628283768892,0.003167508402839303,0.0008881571120582521,0.0009998107561841607,-0.0008321985951624811,-0.0029506708960980177,-0.004133101087063551,-0.0007882319623604417,-0.0012849061749875546,-0.001498183119110763,-0.0027241383213549852,-0.005888065323233604,-0.0051210601814091206,-0.004771879408508539,-0.004062137566506863,-0.004026241134852171,-0.0027684723027050495,-0.0026416960172355175,-0.0046841781586408615,-0.006803210359066725,-0.006283522583544254,-0.0064719123765826225,0.0023782646749168634
FTNT,17,2026-04-07 17:45:00+00:00,13:45,0.0023712783586233854,up,-0.0003573964932002127,0.004306084476411343,-0.001513802562840283,0.0023696881253272295,-0.001769679831340909,-0.0017987561877816916,-0.007121604401618242,-0.003318721428513527,-0.007746993564069271,-0.0038227068725973368,-8.515663648722693e-05,0.0009579265024513006,0.003747061360627413,0.004284196998924017,0.0037152208387851715,0.0015715007903054357,0.004634415730834007,0.004147951491177082,0.0016619659727439284,-0.0012828471371904016,-0.0029941662214696407,-0.005377066321671009,-0.005243984051048756,0.0023978438694030046,0.0002138708223355934,0.0023712783586233854
DOV,17,2026-04-07 17:45:00+00:00,13:45,0.0023532561026513577,up,-0.005354070104658604,-0.0018706022528931499,-0.0025109315756708384,-0.0008918332168832421,-0.001140940934419632,-0.002039337530732155,-0.006258297711610794,-0.005203366279602051,-0.005496054422110319,-0.004523776937276125,-0.0014508897438645363,-0.0008039320819079876,-0.00020728076924569905,-0.0004922891966998577,0.0017502103000879288,0.0018811571644619107,0.0038659374695271254,0.0027668054681271315,0.0020335528533905745,0.00017100595869123936,-0.0004677074612118304,-0.0017797795590013266,-0.002545406809076667,-0.00020216380653437227,-0.000267906318185851,0.0023532561026513577
LLY,17,2026-04-07 17:45:00+00:00,13:45,0.002306952839717269,up,-0.009367037564516068,-0.011530651710927486,-0.01039778534322977,-0.005074859596788883,-0.0053212703205645084,-0.009226292371749878,-0.009690303355455399,-0.004142238758504391,-0.006148877553641796,-0.003048108657822013,-0.0011511126067489386,-9.403871081303805e-05,-0.0015894398093223572,4.807098594028503e-05,0.00023081470862962306,-0.0017631298396736383,0.00038688175845891237,-0.0023983102291822433,-0.00014357468171510845,-0.0052061015740036964,-0.006057610735297203,-0.010942230001091957,-0.01604429818689823,-0.006435050163418055,-0.005376417655497789,0.002306952839717269
COO,17,2026-04-07 17:45:00+00:00,13:45,0.0022623923141509295,up,-0.00041967560537159443,0.0037639369256794453,-0.0023992208298295736,-0.0007781903259456158,-0.003164207562804222,-0.003998108208179474,-0.007661991752684116,-0.005034120753407478,-0.008178791031241417,-0.007494376972317696,-0.005822984967380762,-0.0013989193830639124,0.00046337678213603795,0.0011800688225775957,0.001317360787652433,-0.0001674195082159713,0.0017039221711456776,0.0003916142741218209,-0.00034191954182460904,-3.232841208955506e-06,-0.00015396770322695374,-0.001256573130376637,-0.001541097299195826,0.0012144644279032946,4.7951965825632215e-05,0.0022623923141509295
PANW,17,2026-04-07 17:45:00+00:00,13:45,0.0022468892857432365,up,-0.008865482173860073,-0.00904729776084423,-0.010146497748792171,-0.005956323817372322,-0.006764587014913559,-0.007338961586356163,-0.010728939436376095,-0.00835310947149992,-0.010914190672338009,-0.00999472662806511,-0.00637100450694561,-0.004961217753589153,-0.003241199068725109,-0.0032149897888302803,-0.005002194549888372,-0.005855964496731758,-0.004030507057905197,-0.002702109981328249,-0.003958426881581545,-0.004788288846611977,-0.004885911475867033,-0.00680205225944519,-0.0055104936473071575,0.0017953211208805442,0.0006286744028329849,0.0022468892857432365
AVGO,17,2026-04-07 17:45:00+00:00,13:45,0.002226069336757064,up,-0.013699113391339779,-0.028373993933200836,-0.034551989287137985,-0.02745569869875908,-0.029947912320494652,-0.0321502685546875,-0.03143880516290665,-0.027672871947288513,-0.027216456830501556,-0.02266465127468109,-0.018791168928146362,-0.020081225782632828,-0.011090815998613834,-0.00432909419760108,-0.0037274218630045652,-0.010243043303489685,-0.0026546400040388107,-0.0027881073765456676,-0.005291332025080919,-0.005934576503932476,-0.0043433359824121,-0.012934030964970589,-0.016047747805714607,-0.012583527714014053,-0.010198894888162613,0.002226069336757064
MU,17,2026-04-07 17:45:00+00:00,13:45,0.0022099523339420557,up,-0.007852274924516678,-0.016683364287018776,-0.027379857376217842,-0.020931491628289223,-0.0254486296325922,-0.034695155918598175,-0.03213430196046829,-0.02791474387049675,-0.022328276187181473,-0.02086758241057396,-0.01437368243932724,-0.014609931036829948,-0.010326755233108997,-0.01059594377875328,-0.01279742456972599,-0.013835284858942032,-0.013336118310689926,-0.013446171768009663,-0.016536150127649307,-0.015936875715851784,-0.01936466433107853,-0.026640722528100014,-0.024893466383218765,-0.019765913486480713,-0.013866337947547436,0.0022099523339420557
WTW,17,2026-04-07 17:45:00+00:00,13:45,0.002205237513408065,up,0.002478972775861621,0.003464123699814081,0.0033340516965836287,0.004071474075317383,0.002680185018107295,0.000772795348893851,-0.0009736684733070433,-0.0013328319182619452,-0.0006385845481418073,-0.002845079405233264,-0.0009203670779243112,0.0006924789631739259,0.00011108725448139012,-0.0011670452076941729,-0.0027158164884895086,-0.0026569245383143425,-0.00036780332447960973,0.00015365495346486568,4.683680526795797e-05,0.0015597001183778048,0.0008678302401676774,-0.0020607321057468653,-0.004844300914555788,-0.001269583241082728,-0.002638633130118251,0.002205237513408065
PHM,17,2026-04-07 17:45:00+00:00,13:45,0.0021813283674418926,up,0.0009773449273779988,0.0013385065831243992,-0.00032187928445637226,0.0028244962450116873,0.0011110726045444608,-0.0005498853279277682,-0.0036306448746472597,-0.002578968182206154,-0.0015623952494934201,-0.0036720591597259045,-0.001597508555278182,-0.0007941777002997696,-0.00035474347532726824,-0.00012647478433791548,0.0015236608451232314,0.0029091916512697935,0.002778375055640936,0.002677896525710821,0.0032665811013430357,0.0006913752295076847,0.0004796491120941937,-0.001361596630886197,-0.001188628259114921,0.0011632092064246535,-0.002922400366514921,0.0021813283674418926
ETN,17,2026-04-07 17:45:00+00:00,13:45,0.0021630541887134314,up,-0.003254970535635948,-0.0022284220904111862,-0.006115627009421587,-0.005170673597604036,-0.007970845326781273,-0.009297380223870277,-0.014912656508386135,-0.010830024257302284,-0.01088344119489193,-0.006349914241582155,-0.007014587987214327,-0.005058213137090206,-0.004460630938410759,-0.005279380828142166,-0.00704148830845952,-0.007974648848176003,-0.008706102147698402,-0.005347983445972204,-0.006656425539404154,-0.005855895578861237,-0.0042795161716639996,-0.007323222700506449,-0.005790608935058117,-0.004204648081213236,-0.0077528199180960655,0.0021630541887134314
MLM,17,2026-04-07 17:45:00+00:00,13:45,0.0020572682842612267,up,0.001181179890409112,0.0010346627095714211,-0.00045901627163402736,0.000783402705565095,0.004812340717762709,0.0007973577594384551,-0.0020254238042980433,-0.0011650815140455961,-0.005571071989834309,-0.003357924520969391,-0.0012317521031945944,0.0017296833684667945,0.0016021889168769121,0.0005654526758007705,0.0002268630632897839,-0.000588551047258079,0.0019756576512008905,0.0007371542160399258,0.001321363728493452,0.00100897962693125,-0.001919391332194209,-0.006462926510721445,-0.005156106781214476,-0.002285801339894533,-0.002352263778448105,0.0020572682842612267
DTE,17,2026-04-07 17:45:00+00:00,13:45,0.0020550223998725414,up,0.0006800541887059808,0.0037130771670490503,0.0012935088016092777,0.0041433703154325485,0.006875811610370874,0.003576097544282675,0.001607330865226686,0.0018629984697327018,0.0030397444497793913,0.0013847212539985776,0.0026336524169892073,0.003375209169462323,0.0032533458434045315,0.0029720538295805454,0.0028570278082042933,0.0022814893163740635,0.0031459536403417587,0.0035932401660829782,0.0027466623578220606,0.0034678764641284943,0.0027927185874432325,0.0003654391039162874,0.0002999158459715545,0.0027636599261313677,0.004116605967283249,0.0020550223998725414
ODFL,17,2026-04-07 17:45:00+00:00,13:45,0.0020277444273233414,up,-0.008912652730941772,-0.00761656928807497,-0.00947986077517271,-0.0053528062999248505,-0.009073677472770214,-0.011109557002782822,-0.013422507792711258,-0.012892385013401508,-0.01375526748597622,-0.009988890029489994,-0.013000783510506153,-0.008955590426921844,-0.010463216342031956,-0.008367946371436119,-0.01033538207411766,-0.011346307583153248,-0.010100377723574638,-0.009561488404870033,-0.010811341926455498,-0.007409335114061832,-0.011354856193065643,-0.010713775642216206,-0.006494935601949692,-0.0026504129637032747,-0.0023334696888923645,0.0020277444273233414
BBY,17,2026-04-07 17:45:00+00:00,13:45,0.0019338937709107995,up,0.0032304804772138596,0.001065396936610341,-0.004311839118599892,-0.005848799366503954,-0.006562045309692621,-0.00848610419780016,-0.006640649866312742,-0.0059732175432145596,-0.004547364078462124,-0.006184516474604607,-0.0052819643169641495,-0.00326377316378057,-0.0016347490018233657,-0.0001726947957649827,0.00030316109769046307,-0.0006050977390259504,0.00012960616732016206,-9.317522926721722e-05,-0.0031994313467293978,-0.0014147566398605704,-0.0008973773219622672,-0.0031655263155698776,-0.002917015226557851,0.00017579119594302028,-0.002921334933489561,0.0019338937709107995
CAH,17,2026-04-07 17:45:00+00:00,13:45,0.0019005205249413848,up,-0.002078874036669731,0.0012746283318847418,-0.0006110892863944173,0.0012338940287008882,0.002059703227132559,0.0003976637963205576,-0.0008157494594343007,-0.0010751958470791578,-0.0015970796812325716,-0.0017916798824444413,-0.0009724603733047843,-0.001240312703885138,-0.0025434282142668962,-0.0019541054498404264,-0.0015445285243913531,-0.0007790473173372447,0.0017731164116412401,0.0007873830618336797,0.0005838741781190038,0.0004557060601655394,-0.00034376615076325834,-0.002641167724505067,-0.0034862433094531298,0.0007943719392642379,0.0004543733084574342,0.0019005205249413848
NDAQ,17,2026-04-07 17:45:00+00:00,13:45,0.001778027624823153,up,-0.004641457926481962,0.00010131823364645243,-0.0032150924671441317,-0.0013592184986919165,-0.00022241580882109702,-0.00219451985321939,-0.004970295820385218,-0.00387818505987525,-0.0050988709554076195,-0.006561398971825838,-0.004921490326523781,-0.0033589161466807127,-0.004096172284334898,-0.0017763888463377953,-0.0014002162497490644,-0.0030551699455827475,-0.00038759017479605973,-0.0013382885372266173,-0.00277691800147295,-0.0024288264103233814,-0.0030781824607402086,-0.0026253550313413143,-0.0022393381223082542,0.0031482260674238205,-6.413301161956042e-05,0.001778027624823153
PWR,17,2026-04-07 17:45:00+00:00,13:45,0.0017520599067211151,up,-0.003274832619354129,-0.0026187573093920946,-0.005729033146053553,-0.003284396370872855,-0.002901788568124175,-0.003100135363638401,-0.005515699740499258,-0.005082103423774242,-0.006497188005596399,-0.0041809044778347015,-0.00401671975851059,-0.003144993679597974,-0.002104360843077302,-0.0015441619325429201,-0.001257929252460599,-0.005362986121326685,-0.002372623421251774,-0.0015692106680944562,-0.0010204793652519584,-0.0041338796727359295,-0.0038572594057768583,-0.006590165197849274,-0.005386949051171541,-0.0023124348372220993,-0.002514643594622612,0.0017520599067211151
GWW,17,2026-04-07 17:45:00+00:00,13:45,0.0017337598837912083,up,-0.003664053278043866,-0.001659550005570054,-0.0037883466575294733,-0.0006953830597922206,0.0006883029127493501,-0.0006846318137831986,-0.001493240473791957,-0.0011204906040802598,-0.0026228935457766056,-0.0038617944810539484,-0.0006827082252129912,0.0002424995764158666,-0.0005269296816550195,-0.0018759486265480518,-0.0018397383391857147,-0.0025621517561376095,-0.001113549224101007,-0.00017952985945157707,-3.9654714782955125e-06,1.1748208635253832e-05,6.378055695677176e-05,-0.0008830205188132823,-0.0016674748621881008,0.0004888966795988381,-0.0005006180726923048,0.0017337598837912083
EVRG,17,2026-04-07 17:45:00+00:00,13:45,0.0017236757557839155,up,0.0008050281903706491,0.0016299937851727009,0.0008639522711746395,0.0017298860475420952,0.004471646621823311,0.0022509670816361904,0.0012608339311555028,0.0014974774094298482,0.0023850330617278814,0.0017401819350197911,0.0034212437458336353,0.0032937689684331417,0.002116889227181673,0.002420704113319516,0.001838952535763383,0.0014404142275452614,0.0022707562893629074,0.0016333562089130282,0.0013001279439777136,0.0018309128936380148,0.0009488922078162432,-0.002143801422789693,-0.0013660870026797056,0.0013326697517186403,0.0016131728189066052,0.0017236757557839155
LIN,17,2026-04-07 17:45:00+00:00,13:45,0.0016827197978273034,up,-0.004218313843011856,-0.0012206626124680042,-0.0038970359601080418,-0.002462133066728711,7.488808478228748e-05,-0.0006072534597478807,-0.0026140897534787655,-0.004261608235538006,-0.004989721346646547,-0.007103643845766783,-0.006319177336990833,-0.0036060945130884647,-0.005477483384311199,-0.007959756068885326,-0.005327384918928146,-0.006631434895098209,-0.005671036429703236,-0.003609087085351348,-0.005065701901912689,-0.0029330430552363396,-0.0002892742049880326,-0.0025377818383276463,-0.0029719299636781216,-0.002338827820494771,-0.003727148286998272,0.0016827197978273034
IBM,17,2026-04-07 17:45:00+00:00,13:45,0.0016817298019304872,up,-0.0030415249057114124,-0.0009549116948619485,-0.002599392319098115,-0.0005205399356782436,-0.0018806030275300145,-0.0042631663382053375,-0.004779256414622068,-0.0035939118824899197,-0.0041294218972325325,-0.003866736078634858,-0.0014101206324994564,0.0004474155721254647,-0.0006462372257374227,-0.00038802038761787117,-0.0010466595413163304,-0.0023457282222807407,-0.00020087286247871816,-0.0010185912251472473,-0.00024729882716201246,-0.0012461384758353233,-0.002656937576830387,-0.003261292353272438,-0.003052743850275874,0.002308611059561372,-0.0008381677907891572,0.0016817298019304872
DLR,17,2026-04-07 17:45:00+00:00,13:45,0.0016124305548146367,up,-0.0032174475491046906,-0.00041655468521639705,-0.0018524740589782596,0.0010383654152974486,0.0022415160201489925,0.0017892152536660433,0.0005651736282743514,0.0012004328891634941,0.0010216532973572612,0.000864543835632503,0.0021562182810157537,0.0025988013949245214,0.0018867338076233864,0.0016721144784241915,0.0020334168802946806,0.0005111962673254311,0.0027614030987024307,0.0020538088865578175,0.003716488601639867,0.0022640456445515156,0.0014824550598859787,-0.000921360682696104,-0.0020838622003793716,0.0021768806036561728,0.0014590314822271466,0.0016124305548146367
CPAY,17,2026-04-07 17:45:00+00:00,13:45,0.0015141352778300643,up,0.0006096806027926505,0.002348616486415267,0.0023271264508366585,0.003591198706999421,0.00032286427449434996,0.0002817357308231294,-0.0025942393112927675,-0.0009871177608147264,-0.0004528395948000252,-0.0016312662046402693,0.002339437371119857,0.0023632152006030083,0.00447332626208663,0.006622972432523966,0.0031936217565089464,0.002357186982408166,0.006284262984991074,0.0058089387603104115,0.0022130508441478014,0.001355225802399218,0.0002110083878505975,-0.003324302611872554,-0.0034883017651736736,0.001804581144824624,-0.0009426124743185937,0.0015141352778300643
AIG,17,2026-04-07 17:45:00+00:00,13:45,0.0015077689895406365,up,-0.0005419588414952159,0.0019610896706581116,0.0009648102568462491,0.0025075480807572603,0.005381650757044554,0.0029696468263864517,-0.00047670461935922503,0.0030218225438147783,0.0020360301714390516,0.001536331488750875,0.005510670132935047,0.002858934225514531,0.0023525727447122335,0.004471001215279102,0.003116618376225233,0.003487752750515938,0.004125731997191906,0.003554446855559945,0.0028001959435641766,0.002219918416813016,0.0018064852338284254,5.248688830761239e-05,0.0009740087552927434,0.004564155824482441,0.003347276244312525,0.0015077689895406365
AME,17,2026-04-07 17:45:00+00:00,13:45,0.0014858454233035445,up,-0.001846841536462307,0.0007497104816138744,-0.001069332705810666,0.001343846321105957,0.002715479349717498,0.000684055092278868,0.0005155978142283857,9.39524543355219e-05,-0.0013687972677871585,-0.000370138994185254,0.000867858121637255,0.0007332772947847843,0.0008059304673224688,0.0014649436343461275,0.0008214641129598022,0.0007123064715415239,0.0017422892851755023,0.0006812086212448776,0.0006684423424303532,0.00033885458833537996,-0.0010813793633133173,-0.002442779717966914,-0.0038504810072481632,-0.00035793546703644097,-0.00304053514264524,0.0014858454233035445
CSCO,17,2026-04-07 17:45:00+00:00,13:45,0.0014663735637441278,up,-0.001426278380677104,0.0011494281934574246,-0.003337666392326355,-0.0021697303745895624,-0.0023899374064058065,-0.0032281538005918264,-0.0036065992899239063,-0.0014134921366348863,-0.0007291519432328641,-0.000959358992986381,0.0013550196308642626,0.00019546748080756515,0.0009799678809940815,-0.0001854106958489865,0.0004732017987407744,-0.0013011062983423471,-9.222681546816602e-05,-0.0016536074690520763,-0.0018574392888695002,-0.0025336735416203737,-0.001342734438367188,-0.0027820919640362263,-0.00448619294911623,-0.0015147411031648517,-0.0013857213780283928,0.0014663735637441278
CFG,17,2026-04-07 17:45:00+00:00,13:45,0.001465829904191196,up,-0.002469603670760989,-0.0005709375254809856,-0.0010803795885294676,-0.0009471854427829385,0.0003453474782872945,0.0009163990616798401,-0.00037760980194434524,0.00041779945604503155,-0.00013831566320732236,-0.0006722145481035113,0.0016510115237906575,0.0021750587038695812,0.0020952054765075445,0.001287282444536686,0.002249437849968672,0.0017359353369101882,0.0024830966722220182,0.002387097105383873,0.0006872111116535962,0.0009130503167398274,0.0022508257534354925,0.000806791300419718,0.0007975821499712765,0.002444981597363949,0.0003021815209649503,0.001465829904191196
BLDR,17,2026-04-07 17:45:00+00:00,13:45,0.0014090737095102668,up,0.002542566740885377,0.014156091958284378,0.005837916396558285,0.007490800693631172,0.013197768479585648,0.005472272168844938,-0.0035909865982830524,-0.001795611227862537,0.0035959852393716574,-0.003468267386779189,-0.002392224268987775,-0.0033056384418159723,-0.002641744678840041,-0.00020322036289144307,0.00048764568055048585,-0.005641206633299589,-0.00436594570055604,-0.004150161985307932,-0.0055266739800572395,-0.006831811275333166,-0.0048053935170173645,-0.010288339108228683,-0.009664542973041534,-0.001733246142975986,-0.0055031864903867245,0.0014090737095102668
ESS,17,2026-04-07 17:45:00+00:00,13:45,0.0014056437648832798,up,-0.0032389413099735975,0.001105642644688487,0.0005463919369503856,0.003190701361745596,0.005305578466504812,0.004284967202693224,0.0011218711733818054,0.0013305717147886753,0.0035688760690391064,0.002531937789171934,0.005631828214973211,0.005512940231710672,0.0038432609289884567,0.004066722001880407,0.005267627537250519,0.004561105277389288,0.004930783528834581,0.00525379553437233,0.004815197549760342,0.005592821631580591,0.0037447798531502485,0.0025383580941706896,-0.00030785772833041847,0.0013178386725485325,3.220059079467319e-05,0.0014056437648832798
ULTA,17,2026-04-07 17:45:00+00:00,13:45,0.0014029938029125333,up,-0.005592395085841417,-0.0031349079217761755,-0.005158714018762112,-0.0024370450992137194,-0.0012629011180251837,-0.0030296144541352987,-0.004557354841381311,-0.005356375128030777,-0.007542221806943417,-0.005876351613551378,-0.0035212673246860504,-0.0020604575984179974,-0.002725082915276289,-0.0023404150269925594,-0.0020203227177262306,-0.00441816495731473,-0.0023869541473686695,-0.002116965129971504,-0.004284287802875042,-0.003665369702503085,-0.004129789303988218,-0.006761559285223484,-0.005301833152770996,-0.0028846196364611387,-0.004678884521126747,0.0014029938029125333
HAS,17,2026-04-07 17:45:00+00:00,13:45,0.0012690494768321514,up,0.001871274784207344,0.0032831807620823383,0.0020747168455272913,0.0033147139474749565,0.0018131519900634885,-0.001922315452247858,-0.0074108014814555645,-0.0061864289455115795,-0.005171903409063816,-0.005000899080187082,-0.0052099223248660564,-0.0043403529562056065,-0.0021787502337247133,-0.0021550683304667473,2.862681867554784e-06,-0.0006689123692922294,0.002234550192952156,0.0019191012252122164,0.000176934088813141,0.0010465645464137197,0.0020841301884502172,-6.89956359565258e-05,0.00022207960137166083,0.0003399164415895939,-0.0007691543432883918,0.0012690494768321514
WRB,17,2026-04-07 17:45:00+00:00,13:45,0.0012560517061501741,up,-0.001334815751761198,0.0010829918319359422,0.00044245104072615504,0.001531529240310192,0.003111126134172082,-0.0006889995420351624,-0.0013630250468850136,-0.0022666037548333406,-0.0009408475598320365,-0.002038386883214116,-0.0007960305665619671,-0.00029590417398139834,-0.0006933200056664646,-0.00011776229075621814,0.0004821638867724687,0.000571979908272624,0.0030770557932555676,0.0027633768040686846,0.003441638546064496,0.005201791878789663,0.004032712429761887,0.001647581229917705,-0.0004001351771876216,0.0010961838997900486,-0.0015923395985737443,0.0012560517061501741
FCX,17,2026-04-07 17:45:00+00:00,13:45,0.001234228489920497,up,-0.005253106355667114,-0.006470599677413702,-0.011810697615146637,-0.004764540120959282,-0.010618678294122219,-0.008911925368010998,-0.01339841540902853,-0.007525422144681215,-0.015186849050223827,-0.01044535543769598,-0.009356693364679813,-0.009746267460286617,-0.008269942365586758,-0.006036798004060984,-0.0060587660409510136,-0.006295256782323122,-0.004602937493473291,-0.0048185428604483604,-0.0068422299809753895,-0.007128796074539423,-0.006876977160573006,-0.009601688012480736,-0.008360924199223518,-0.0016409303061664104,-0.006597061175853014,0.001234228489920497
AES,17,2026-04-07 17:45:00+00:00,13:45,0.0011468958109617233,up,0.0004439176991581917,0.002038615755736828,0.0005336794420145452,0.0012011720100417733,0.0014517949894070625,0.000297202670481056,-0.0011195661500096321,-0.0026039956137537956,-0.0019002411281690001,-0.002113115042448044,-0.00044495449401438236,-0.0008563549490645528,-0.000928556895814836,-0.0014879096997901797,-0.00014760367048438638,-0.001654224586673081,-0.00018337395158596337,0.0006167162209749222,0.00038407929241657257,-0.00012898519344162196,-0.001117764157243073,-0.0024054348468780518,-0.0019781184382736683,0.00043321787961758673,-0.0010095798643305898,0.0011468958109617233
LNT,17,2026-04-07 17:45:00+00:00,13:45,0.001087103970348835,up,0.0024437247775495052,0.0044404552318155766,0.003523722058162093,0.0049867331981658936,0.007893558591604233,0.006280298810452223,0.0052009765058755875,0.003788170637562871,0.004697983618825674,0.0030129877850413322,0.004685529042035341,0.0049865092150866985,0.0040065329521894455,0.0042117927223443985,0.00378241715952754,0.002785932505503297,0.0034636971540749073,0.0038175981026142836,0.0027247159741818905,0.004480044357478619,0.0026618926785886288,0.0005057390662841499,4.953224561177194e-05,0.0016404155176132917,0.0013816140126436949,0.001087103970348835
BIIB,17,2026-04-07 17:45:00+00:00,13:45,0.0010767668718472123,up,-0.004396152216941118,-7.712660590186715e-06,-0.004617031197994947,-0.005621572956442833,-0.006700500380247831,-0.006499902810901403,-0.010580882430076599,-0.009921237826347351,-0.007750304415822029,-0.008343122899532318,-0.004034487064927816,-0.001589906751178205,-0.0006563872448168695,-0.004015219397842884,-0.005071388091892004,-0.004803336225450039,-0.0006661393563263118,-0.0018240218050777912,-0.00533980131149292,-0.0038406774401664734,-0.00335460202768445,-0.0026180646382272243,-0.0032356262672692537,-0.00666594784706831,-0.00641908822581172,0.0010767668718472123
META,17,2026-04-07 17:45:00+00:00,13:45,0.0010551760205999017,up,-0.0015708677237853408,-0.007094907108694315,-0.006078086327761412,-0.0037311241030693054,-0.0039305356331169605,-0.007266821339726448,-0.007840374484658241,-0.006876063067466021,-0.010242978110909462,-0.007464052643626928,-0.003803633851930499,-0.0063688564114272594,-0.006211777217686176,-0.006809631362557411,-0.007557359524071217,-0.00612535560503602,-0.0054634083062410355,-0.0068243942223489285,-0.004239565692842007,-0.004905389621853828,-0.008295395411550999,-0.011030186899006367,-0.01131340954452753,-0.007064086850732565,-0.00898204930126667,0.0010551760205999017
CTSH,17,2026-04-07 17:45:00+00:00,13:45,0.0010475796880200505,up,0.0001532380993012339,0.0014805671526119113,-0.003290671156719327,-0.0008830419392324984,-0.0026576726231724024,-0.0041473424062132835,-0.007014565635472536,-0.005310355685651302,-0.007308035623282194,-0.006258400157094002,-0.008049005642533302,-0.004319511353969574,-0.004526268225163221,-0.0028828338254243135,-0.003183390013873577,-0.0038536395877599716,-0.0018075414700433612,-0.0026087199803441763,-0.003847904270514846,-0.0021243521478027105,-0.00241982308216393,-0.004240184091031551,-0.003754690522328019,-0.0018926635384559631,-0.004863016773015261,0.0010475796880200505
MRNA,17,2026-04-07 17:45:00+00:00,13:45,0.0010394832352176309,up,-0.014328557066619396,-0.008780923672020435,-0.015339730307459831,-0.013107102364301682,-0.0160711370408535,-0.016302665695548058,-0.01554000936448574,-0.014475981704890728,-0.008827298879623413,-0.01122820470482111,-0.00590287521481514,-0.0050752353854477406,-0.00011522609565872699,-0.0022307473700493574,-0.0014883194817230105,-0.0033844001591205597,-0.0015886665787547827,-0.0015238774940371513,-0.003282645484432578,-0.005474384408444166,-0.0018037604168057442,-0.00410461938008666,-0.006337972357869148,-0.0021506384946405888,-0.005706023424863815,0.0010394832352176309
WAT,17,2026-04-07 17:45:00+00:00,13:45,0.0010251826606690884,up,0.0011096561793237925,0.0012944889022037387,0.0009334874921478331,0.0008795167086645961,-0.001568373991176486,-0.002092549344524741,-0.004341768100857735,-0.0025642476975917816,-0.0022928989492356777,-0.0028352115768939257,0.0015876180259510875,0.002206788631156087,0.0035178246907889843,0.0037485721986740828,0.002196893561631441,0.0012810325715690851,0.004045151639729738,0.002625198569148779,0.002466316567733884,0.0016334948595613241,0.0014676125720143318,-0.001098533277399838,-0.0021112121175974607,0.0038161876145750284,0.0006069127121008933,0.0010251826606690884
REGN,17,2026-04-07 17:45:00+00:00,13:45,0.0009790633339434862,up,-0.005798940546810627,-0.0029415818862617016,-0.005436766427010298,-0.0013395344140008092,0.0007918226183392107,-0.0025805693585425615,-0.005631518550217152,-0.005319437477737665,-0.007982399314641953,-0.006284571252763271,-0.004992702044546604,-0.002811460057273507,-0.003091874998062849,-0.003286723978817463,-0.003133950522169471,-0.004317885730415583,-0.0009833432268351316,-0.001004427787847817,-0.002190283266827464,-0.003352636471390724,-0.005165541544556618,-0.0064983246847987175,-0.00703164329752326,-0.004098270088434219,-0.004197074566036463,0.0009790633339434862
TEL,17,2026-04-07 17:45:00+00:00,13:45,0.0009547813679091632,up,-0.0024638562463223934,-0.00045471428893506527,-0.0038203797303140163,-0.0008761931676417589,-0.001856581075116992,-0.0023296819999814034,-0.0045538414269685745,-0.0031472223345190287,-0.0019640803802758455,-0.002471682382747531,-0.0011766109382733703,0.0010863139759749174,0.00011485826689749956,-0.00041402416536584496,-9.500809392193332e-05,-0.0006130717229098082,0.0002960744604934007,-0.00031708405003882945,-7.732617814326659e-05,-0.001770936418324709,-0.0020596187096089125,-0.002932995092123747,-0.004311706870794296,0.0003721489920280874,-0.0013661065604537725,0.0009547813679091632
PEG,17,2026-04-07 17:45:00+00:00,13:45,0.0009515886195003986,up,0.0023019302170723677,0.0035214070230722427,0.003038597758859396,0.0027384303975850344,0.005390353035181761,0.0034081032499670982,0.0013902874197810888,0.0007918999763205647,0.0020787303801625967,0.0006597026949748397,0.0019085926469415426,0.0025653585325926542,0.00248530600219965,0.002241913229227066,0.0025644521228969097,0.0020264601334929466,0.002855889266356826,0.0011004350380972028,0.0024493830278515816,0.002897579688578844,0.003169459057971835,0.0010011596605181694,-4.2095562093891203e-05,0.002476968104019761,-8.351685391971841e-05,0.0009515886195003986
SPG,17,2026-04-07 17:45:00+00:00,13:45,0.000920673948712647,up,0.0006972054252400994,0.003147243522107601,0.0006845539901405573,0.00311621674336493,0.0049272566102445126,0.003984495997428894,0.002567364601418376,0.0009547651279717684,0.0006816710229031742,0.0022113805171102285,0.0008096904493868351,0.0026927245780825615,0.0025535677559673786,0.0012839152477681637,0.000702198944054544,0.0004438909236341715,0.001583457924425602,0.0008091416675597429,0.00038634432712569833,0.0010066835675388575,0.0004493952728807926,-0.0006825352320447564,-0.0027715463656932116,0.00198549497872591,-0.0007829087553545833,0.000920673948712647
SWKS,17,2026-04-07 17:45:00+00:00,13:45,0.0008522249991074204,up,-0.005801904480904341,0.0035836882889270782,-0.002761089475825429,0.0002044009161181748,-0.006104868371039629,-0.006764912977814674,-0.010759134776890278,-0.008807368576526642,-0.006713337264955044,-0.011328300461173058,-0.011946928687393665,-0.00651242770254612,-0.0027796728536486626,-0.0014906219439581037,-0.002508915262296796,-0.004561879672110081,-0.003196745878085494,-0.005152035504579544,-0.00564917828887701,-0.008018718101084232,-0.007658147718757391,-0.011001314967870712,-0.009360850788652897,-0.0027348187286406755,-0.006034516729414463,0.0008522249991074204
ATO,17,2026-04-07 17:45:00+00:00,13:45,0.000783662311732769,up,-0.0015030120266601443,0.0011901992838829756,-0.0004300411674194038,0.0018201095517724752,0.0031853532418608665,0.0016573007451370358,-0.0006284743431024253,-0.001281597651541233,0.0010079790372401476,0.00028547941474244,0.0020563038997352123,0.0024900927674025297,0.0019932326395064592,0.0019006880465894938,0.001385226845741272,0.0016827578656375408,0.003423650050535798,0.002394577022641897,0.002339107682928443,0.0021447332110255957,0.001137588988058269,-0.0015968227526172996,-0.0022096480242908,5.9285554016241804e-05,-0.00017872701573651284,0.000783662311732769
PSA,17,2026-04-07 17:45:00+00:00,13:45,0.0007303160964511335,up,-0.00023305992363020778,0.000972498906776309,0.0010459753684699535,0.0033469435293227434,0.0056530688889324665,0.004968527238816023,0.0020162570290267467,0.000882440828718245,0.0016868396196514368,0.0010860980255529284,0.0029892611782997847,0.003709210781380534,0.004919935949146748,0.003094571176916361,0.0027938003186136484,-0.00043842120794579387,0.002741028554737568,0.0019321601139381528,0.0013361588353291154,0.0012578273890540004,0.0012888284400105476,0.0005196718266233802,-0.0025444296188652515,0.0025844236370176077,-0.0010153985349461436,0.0007303160964511335
SNA,17,2026-04-07 17:45:00+00:00,13:45,0.0007116341148503125,up,0.00044726970372721553,0.0011735395528376102,0.00023193868400994688,0.002191796200349927,0.0020280962344259024,0.0004925020621158183,-0.0016281327698379755,-0.001995127648115158,-0.0019760574214160442,-0.0006292322650551796,0.0012893867678940296,0.00303729809820652,0.002561136381700635,0.0025658151134848595,0.0028538398910313845,0.001651471364311874,0.004726398270577192,0.004283459857106209,0.0017993373330682516,0.00013006821973249316,0.001734292134642601,-0.0002519621921237558,-0.001529958564788103,0.0013216244988143444,-0.000711816071998328,0.0007116341148503125
AVB,17,2026-04-07 17:45:00+00:00,13:45,0.0006900103762745857,up,-0.003079578746110201,0.0023624387104064226,0.0010776222916319966,0.0024341680109500885,0.0048513151705265045,0.0020874401088804007,-0.0010634941281750798,0.0018316498026251793,0.0030491843353956938,0.001718816114589572,0.004382958635687828,0.003866391023620963,0.003371460596099496,0.0023880572989583015,0.002594316378235817,0.001189921167679131,0.0025546890683472157,0.0025332968216389418,0.002276805927976966,0.00291508249938488,0.0023532870691269636,-0.0005130102508701384,-0.0036274243611842394,-0.0006172797293402255,0.00013313537056092173,0.0006900103762745857
SWK,17,2026-04-07 17:45:00+00:00,13:45,0.0006812192732468247,up,-0.005870428401976824,-0.004740716423839331,-0.008546608500182629,-0.007383414544165134,-0.010199815966188908,-0.011373194865882397,-0.019439557567238808,-0.014354954473674297,-0.01568673364818096,-0.014116449281573296,-0.01247208658605814,-0.00919320061802864,-0.0061972183175385,-0.0052565960213541985,-0.006853858940303326,-0.008989178575575352,-0.0056862179189920425,-0.006871048826724291,-0.009754164144396782,-0.010355742648243904,-0.008652408607304096,-0.007426777854561806,-0.007763910572975874,-0.003034021472558379,-0.007449830882251263,0.0006812192732468247
RSG,17,2026-04-07 17:45:00+00:00,13:45,0.0006487349164672196,up,-0.0002870835305657238,0.0020247420761734247,0.0023579092230647802,0.0008043876150622964,0.0016715792007744312,0.0011444344418123364,-0.001702008186839521,-0.0009414859814569354,-0.0006961865583434701,-0.0018653026781976223,-0.00035429716808721423,-0.0013550487346947193,-0.0007700534770265222,-0.00015657427138648927,-7.256172830238938e-05,-0.0019732636865228415,-0.0003802883729804307,0.0012262860545888543,-0.00011235658166697249,8.75069381436333e-05,0.0005028421292081475,-0.0014966255985200405,-0.002243896247819066,0.001703809597529471,-0.0004227951867505908,0.0006487349164672196
IRM,17,2026-04-07 17:45:00+00:00,13:45,0.0006359085091389716,up,-0.005707222037017345,-0.006161991041153669,-0.0018214629963040352,-0.0008417658973485231,0.0002546551695559174,0.00010953486344078556,-0.002908255672082305,-0.001091925660148263,-0.001816490083001554,-0.0021639938931912184,-0.0005456077633425593,0.0013690297491848469,0.00017593159282114357,0.00028411534731276333,-0.0009129451354965568,-0.0007863909122534096,0.0008213930996134877,0.0018284291727468371,0.0024069747887551785,0.0017850230215117335,1.6150061128428206e-05,-0.000447484984761104,-0.0024875805247575045,0.000608127738814801,-0.0013190412428230047,0.0006359085091389716
CRM,17,2026-04-07 17:45:00+00:00,13:45,0.0006289108423516154,up,0.0002660119498614222,0.001403487753123045,-0.0008540768758393824,0.0038007753901183605,0.00045230649993754923,-0.00323575921356678,-0.0038269562646746635,-0.000531806901562959,-0.0017486871220171452,-0.004671575967222452,-0.0006782416603527963,0.0038478572387248278,0.004274548962712288,0.0025687965098768473,0.00020685385970864445,-0.0007677734829485416,0.003052896587178111,0.002397476928308606,0.00011307484237477183,-0.002722278004512191,-0.002327427500858903,-0.0046069989912211895,-0.0026886994019150734,0.0007447657990269363,-0.002094996627420187,0.0006289108423516154
PLD,17,2026-04-07 17:45:00+00:00,13:45,0.0005710640107281506,up,-0.004152786452323198,-0.0012367123272269964,-0.0020700653549283743,-0.00014031464525032789,0.0008082748972810805,-0.0004894747980870306,-0.002518443623557687,-0.0022256472148001194,-0.002230039332062006,-0.0027760707307606936,-0.003062592586502433,-0.0009563998901285231,-0.0010910556884482503,-0.0015276159392669797,-0.003165258327499032,-0.0039169820956885815,-0.0015542589826509356,-0.001625932869501412,-0.0007616760558448732,-0.00098811078350991,-0.0020000881049782038,-0.002648603171110153,-0.002954743569716811,0.0011945362202823162,-0.0008132800576277077,0.0005710640107281506
JCI,17,2026-04-07 17:45:00+00:00,13:45,0.0004916024627164006,up,-0.0055164373479783535,-0.0015761167742311954,-0.005938748363405466,-0.002754899440333247,-0.002755153924226761,-0.005549078807234764,-0.007453282829374075,-0.005808199290186167,-0.008787892758846283,-0.004967436194419861,-0.004553351551294327,-0.0038408134132623672,-0.00241807010024786,-0.0008701283950358629,-0.0004950346774421632,-0.0004921067738905549,0.000992792658507824,-0.0003538825549185276,0.00016671145567670465,-0.0008494009380228817,-0.0027684560045599937,-0.004499321803450584,-0.005193451419472694,0.00036742622614838183,-0.0017534223152324557,0.0004916024627164006
ANET,17,2026-04-07 17:45:00+00:00,13:45,0.00045507095637731254,up,-0.0007448532269336283,0.0031966986134648323,-0.0009308565640822053,0.0007895113667473197,-0.003231927752494812,-0.004463918507099152,-0.005246856715530157,-0.0028323938604444265,0.002348021836951375,0.0014825802063569427,0.006188781000673771,0.0014158112462610006,-0.0016685995506122708,-0.0015370954060927033,-0.000696130155120045,-0.0007113853353075683,0.0025151092559099197,0.004440068267285824,0.007603613194078207,0.0033980102743953466,0.007858998142182827,0.0021170808468014,0.002415542723610997,0.0017451874446123838,-0.00025359171559102833,0.00045507095637731254
XEL,17,2026-04-07 17:45:00+00:00,13:45,0.00045482261339202523,up,0.0016894448781386018,0.0018139529274776578,-0.0005734827136620879,0.002660979749634862,0.002271195873618126,0.001915802713483572,-0.0012301180977374315,0.0020538708195090294,0.003062028670683503,0.0019952752627432346,0.0030224265065044165,0.0040835426189005375,0.004351714160293341,0.005442497320473194,0.004269099794328213,0.0034270980395376682,0.003553205169737339,0.0037982743233442307,0.0030930396169424057,0.0026674747932702303,0.002397914184257388,0.001627282239496708,0.001149214105680585,0.004776585381478071,0.0024456537794321775,0.00045482261339202523
CSX,17,2026-04-07 17:45:00+00:00,13:45,0.00041388176032342017,up,-0.0014091648627072573,0.001493594259954989,-8.937680831877515e-06,0.0009243137901648879,0.0021371603943407536,-0.00018725598056335002,-0.0010279885027557611,-0.0018388740718364716,-0.002329070819541812,-0.003697457490488887,-0.0013931869762018323,-0.004487150814384222,-0.003330397652462125,-0.005076542962342501,-0.0018204430816695094,-0.0031316957902163267,-0.002222350100055337,-0.0005773236625827849,0.00040978798642754555,0.00022886469378136098,-0.0008403054089285433,0.00044175187940709293,-0.0015834636287763715,0.0018745913403108716,0.00130311434622854,0.00041388176032342017
LEN,17,2026-04-07 17:45:00+00:00,13:45,0.00033463083673268557,up,-0.0022035131696611643,0.0067970328964293,0.0022214564960449934,0.0033918097615242004,0.00457041896879673,0.00042232839041389525,-0.0064511545933783054,-0.002848489675670862,-0.00041324307676404715,-0.003671035636216402,-0.004198494367301464,-0.006282521411776543,-0.002933006500825286,-0.0027667249087244272,-0.0034826048649847507,-0.0027423647698014975,-0.0011488463496789336,-0.0036025522276759148,-0.001650881371460855,-0.0012927174102514982,-4.910369170829654e-05,-0.003536925418302417,-0.0029438405763357878,0.002606815891340375,0.0007446854724548757,0.00033463083673268557
UDR,17,2026-04-07 17:45:00+00:00,13:45,0.0002971400390379131,up,-0.0006080631865188479,0.005497470963746309,0.003372674575075507,0.0024375226348638535,0.005139448679983616,0.005894877947866917,0.005639571230858564,0.005701176356524229,0.005667798686772585,0.004939406178891659,0.0063973963260650635,0.004177676048129797,0.0017972673522308469,0.0009835510281845927,0.0017755285371094942,0.0022136513143777847,0.0035951342433691025,0.0028765995521098375,0.0027977214194834232,0.002858330262824893,0.0016057179309427738,-0.0007699504494667053,-0.001262111240066588,0.001087425509467721,-0.0006560246110893786,0.0002971400390379131
NI,17,2026-04-07 17:45:00+00:00,13:45,0.00026859904755838215,up,-0.0020556782837957144,0.0013021494960412383,0.0014262112090364099,0.002391892485320568,0.005527133122086525,0.004125677514821291,0.00017607028712518513,-0.00012115194840589538,0.0008866285206750035,0.0008333434816449881,0.003966406919062138,0.0019898132886737585,0.002023523673415184,0.0024024592712521553,0.0014586756005883217,0.0008065475267358124,0.0021696395706385374,0.003892395179718733,0.0019592135213315487,0.002164560602977872,0.000697833311278373,-0.001164917484857142,-0.0022401674650609493,0.0015786302974447608,0.00014872089377604425,0.00026859904755838215
STE,17,2026-04-07 17:45:00+00:00,13:45,0.00021787949663121253,up,0.0008662653854116797,0.00378183601424098,0.0024613768327981234,0.0028906443621963263,0.0030006100423634052,0.0018842873396351933,-0.002504207892343402,-0.0021546140778809786,-0.0008224030025303364,-0.0020682893227785826,-0.001490080263465643,-0.00173640763387084,-0.001115024322643876,-0.0012696414487436414,-0.0005316112656146288,-0.0012716276105493307,0.0011843742104247212,0.00026592068024910986,0.001400443841703236,-2.60005454038037e-05,0.0008535218075849116,-0.0008832053863443434,-0.002124618971720338,0.0012089114170521498,-0.0002951914502773434,0.00021787949663121253
VTR,17,2026-04-07 17:45:00+00:00,13:45,0.00021284086687956005,up,-0.0042275795713067055,-0.0012642350047826767,-0.0023791908752173185,-0.0011292839189991355,0.0004562029498629272,-0.0024774593766778708,-0.0033653515856713057,-0.0034782791044563055,-0.0036028295289725065,-0.0031489883549511433,0.0001020975032588467,-0.0011501379776746035,-0.0018940874142572284,-0.000925803033169359,-0.0013155326014384627,-0.002426218707114458,-0.0007690847269259393,-0.0013232300989329815,-0.001433642813935876,-0.0008874252089299262,-0.0032084141857922077,-0.005894751287996769,-0.0055223386734724045,-0.002578286686912179,-0.0029435865581035614,0.00021284086687956005
NDSN,17,2026-04-07 17:45:00+00:00,13:45,0.000197274872334674,up,0.0008768356638029218,0.0037947578821331263,0.003994849976152182,0.003059116192162037,0.004953582771122456,0.0030423554126173258,0.001004382618702948,0.0009743596310727298,0.00042303785448893905,-0.00021175516303628683,0.0006588372052647173,0.0022301473654806614,0.0018984886119142175,0.002297783037647605,0.0019185231067240238,0.0005568120977841318,0.004036179278045893,0.0010734598618000746,0.001206889282912016,-0.0009915092960000038,0.0009298889781348407,-0.0014801641227677464,-0.0009581604972481728,0.00044385119690559804,7.520437065977603e-06,0.000197274872334674
UHS,17,2026-04-07 17:45:00+00:00,13:45,0.00017151572683360428,up,-0.001756124198436737,-0.0001822572376113385,-0.0007852755370549858,0.0011331132845953107,0.00032703421311452985,-0.002641526283696294,-0.005802080500870943,-0.003969897516071796,-0.002704316982999444,-0.002335190773010254,-0.00014306436059996486,0.001918344758450985,0.001518980716355145,0.001686410396359861,0.0008162834565155208,0.0009516168502159417,0.0036478624679148197,0.0037582700606435537,0.004072385374456644,0.0020843097008764744,0.0006140079349279404,-0.002548319287598133,-0.0027221813797950745,0.0016313515370711684,-0.0008227763464674354,0.00017151572683360428
FIX,17,2026-04-07 17:45:00+00:00,13:45,0.00015920876467134804,up,0.002897807164117694,-0.007609205320477486,-0.005776951089501381,-0.0058860257267951965,-0.0017320035258308053,-0.0050076828338205814,-0.006575065664947033,-0.0028894024435430765,-0.006383185274899006,-0.0032485462725162506,5.646865611197427e-05,-0.00011025444109691307,-0.0008641949971206486,0.0007435628795064986,-0.0013363377656787634,-0.0024708856362849474,-0.001018702401779592,-0.002218783600255847,-0.004449494183063507,-0.005716291256248951,-0.00701941829174757,-0.00974232330918312,-0.012314951978623867,-0.004542727023363113,-0.003595157992094755,0.00015920876467134804
WBD,17,2026-04-07 17:45:00+00:00,13:45,0.00015641783829778433,up,0.0010144341504201293,0.002587290247902274,0.0010601419489830732,0.0015858957776799798,0.002994379960000515,0.0022142017260193825,0.001450515235774219,0.002670175628736615,0.0013501205248758197,0.0012268953723832965,0.0010004467330873013,0.0008338480838574469,0.00044453368172980845,0.00044548980076797307,0.0014440830564126372,0.0012296173954382539,0.0017800864297896624,0.001667867531068623,0.0007950715953484178,0.000570916396100074,0.0008339142659679055,-0.0002280522312503308,-0.0005650089005939662,0.0009451938676647842,-0.001009379862807691,0.00015641783829778433
NUE,17,2026-04-07 17:45:00+00:00,13:45,6.757737719453871e-05,up,-0.005874455440789461,-0.005028079263865948,-0.006938437931239605,-0.0017991699278354645,-0.0003481159801594913,-0.004756509326398373,-0.009816762991249561,-0.005735440645366907,-0.005039631389081478,-0.004469366744160652,0.0022486436646431684,0.0015519687440246344,0.00331345503218472,0.0023588212206959724,0.0013867852976545691,-0.0010592222679406404,0.0023816206958144903,0.002422916702926159,-0.0007891688146628439,0.0007912929868325591,-0.0012582673225551844,-0.003743712557479739,-0.005563197657465935,-0.0014464007690548897,-0.003967389464378357,6.757737719453871e-05
AXP,17,2026-04-07 17:45:00+00:00,13:45,6.393230432877317e-05,up,0.000993569497950375,0.002265404677018523,0.0018639295594766736,0.0041151996701955795,0.002855393337085843,0.0012731027090921998,-0.0005568797350861132,0.00033572164829820395,-0.0024614748544991016,-0.002219344489276409,0.0003408928168937564,-0.00010982526873704046,0.0011549369664862752,-0.00024106883211061358,-0.0007254224037751555,-0.0030425135046243668,4.786225690622814e-05,-0.002820004476234317,-0.001927087316289544,-0.002689962275326252,-0.002743455581367016,-0.0063217696733772755,-0.005631882231682539,-0.002511575585231185,-0.0028843970503658056,6.393230432877317e-05
AON,17,2026-04-07 17:45:00+00:00,13:45,4.931803050567396e-05,up,-0.006891678087413311,-0.004582530818879604,-0.007352487649768591,-0.006692880764603615,-0.005946708377450705,-0.00943726859986782,-0.009781627915799618,-0.01042119786143303,-0.012392054311931133,-0.011925434693694115,-0.008535253815352917,-0.00664548808708787,-0.008357761427760124,-0.009488046169281006,-0.009804724715650082,-0.008290819823741913,-0.007727890741080046,-0.006163560785353184,-0.008583943359553814,-0.006631919648498297,-0.004261839669197798,-0.00848163478076458,-0.008509859442710876,-0.004309498239308596,-0.006910351105034351,4.931803050567396e-05
FICO,17,2026-04-07 17:45:00+00:00,13:45,2.7547874196898192e-05,up,-0.0037303839344531298,-0.005253333132714033,-0.007190198637545109,-0.00233659939840436,-0.004393117036670446,-0.005131160840392113,-0.007040169555693865,-0.005534864962100983,-0.00757250702008605,-0.006120199337601662,-0.0016902530333027244,-0.0014207526110112667,-0.0026467679999768734,0.00022141057706903666,-0.0010875826701521873,-0.004408196546137333,-0.0002472307824064046,0.0007651352789252996,0.00026524311397224665,-0.0017932791961356997,-0.005093632265925407,-0.0058920360170304775,-0.006198883056640625,-0.004826691467314959,-0.002553684636950493,2.7547874196898192e-05
TMO,17,2026-04-07 17:45:00+00:00,13:45,-7.468385319953086e-06,down,-0.003800300182774663,-0.003091377206146717,-0.004842816852033138,-0.004265450406819582,-0.004637951962649822,-0.004961538128554821,-0.006342809647321701,-0.006404391955584288,-0.007526011671870947,-0.008317641913890839,-0.006105196662247181,-0.005942814983427525,-0.004550632555037737,-0.0037476320285350084,-0.005698265042155981,-0.0049273171462118626,-0.0030720082577317953,-0.002977461088448763,-0.0037579811178147793,-0.004535812418907881,-0.002681104466319084,-0.0052299886010587215,-0.005661477334797382,-0.0031988860573619604,-0.0038120108656585217,-7.468385319953086e-06
WM,17,2026-04-07 17:45:00+00:00,13:45,-9.4954164524097e-05,down,0.00018257361080031842,0.0005588624044321477,0.0016509322449564934,0.0028390008956193924,0.005356712266802788,0.0044885785318911076,0.0029336363077163696,0.0014146692119538784,0.0011197272688150406,0.00048698607133701444,0.0015694205649197102,0.000791718193795532,0.0006691482849419117,6.0929800383746624e-05,0.0008969635819084942,-0.0010746661573648453,-0.0005263726925477386,0.0013095347676426172,0.001087492797523737,0.0017786138923838735,0.00210852874442935,6.706276326440275e-05,-0.0013931568246334791,0.0007438066531904042,-0.0007591897156089544,-9.4954164524097e-05
ED,17,2026-04-07 17:45:00+00:00,13:45,-0.0001258051343029365,down,0.002333476208150387,0.002593504497781396,0.0021502648014575243,0.0036454175133258104,0.007676172070205212,0.007504010573029518,0.0068098921328783035,0.004716257099062204,0.005031370557844639,0.004445410333573818,0.005661554168909788,0.004448895342648029,0.004365585278719664,0.0036367783322930336,0.005200463812798262,0.005088142119348049,0.004689181689172983,0.004369004163891077,0.003936824854463339,0.004270442295819521,0.003856635419651866,0.0011869237059727311,0.001853075809776783,0.003355396678671241,0.0020577549003064632,-0.0001258051343029365
DE,17,2026-04-07 17:45:00+00:00,13:45,-0.0001643915893509984,down,-0.001637854496948421,-0.002291992073878646,-0.0019297057297080755,0.00044236224493943155,0.0013605054700747132,-0.00087775505380705,-0.0037013129331171513,-0.003643020987510681,-0.005338490009307861,-0.005260158330202103,-0.0017286894144490361,-0.0005314856534823775,-0.00016979056817945093,0.0003887134953401983,-0.0003317916707601398,-0.0010615154169499874,0.0005741644417867064,-0.0007830645772628486,-0.001594014116562903,-0.002495681634172797,-0.0023802004288882017,-0.003276439383625984,-0.0018914425745606422,0.0011830988805741072,-0.0013410508399829268,-0.0001643915893509984
TT,17,2026-04-07 17:45:00+00:00,13:45,-0.00023419536591973156,down,-0.005455527920275927,-0.004053728189319372,-0.004714676178991795,-0.0007925430545583367,-0.00015254633035510778,-0.0024018259719014168,-0.003717203391715884,-0.006905551999807358,-0.012160287238657475,-0.008496629074215889,-0.0053201643750071526,-0.0038372257258743048,-0.0038253155071288347,-0.002159252529963851,-0.004119228571653366,-0.004912721924483776,-0.0013148675207048655,-0.002501595299690962,-0.0023048885632306337,-0.002307228511199355,-0.0032126056030392647,-0.005400009918957949,-0.006286393851041794,-0.0025539444759488106,-0.004147601313889027,-0.00023419536591973156
XYZ,17,2026-04-07 17:45:00+00:00,13:45,-0.00029624663875438273,down,-0.009035359136760235,-0.008092669770121574,-0.013324575498700142,-0.009010914713144302,-0.011699452064931393,-0.010536780580878258,-0.014166919514536858,-0.008963574655354023,-0.01075688935816288,-0.009753800928592682,-0.00798180140554905,-0.007486304733902216,-0.005395961459726095,-0.002791160484775901,-0.005879207979887724,-0.006144484505057335,-0.001958494773134589,-0.002429912332445383,-0.003648643149062991,-0.004947218578308821,-0.004073760472238064,-0.008356884121894836,-0.008170664310455322,-0.000780716072767973,-0.006633314304053783,-0.00029624663875438273
HII,17,2026-04-07 17:45:00+00:00,13:45,-0.000312473886879161,down,-0.002854184480383992,0.004055796191096306,-0.00293200952000916,0.00044085661647841334,-0.002237255685031414,-0.004038074519485235,-0.007260049693286419,-0.006354887038469315,-0.005657214671373367,-0.0036211838014423847,-0.004885867703706026,0.0007932641892693937,0.0017659817822277546,0.002608107402920723,-0.0004278777341824025,-0.00206379103474319,-0.0032814638689160347,0.0017351350979879498,-0.004371085204184055,-0.005508255213499069,-0.010294182226061821,-0.004293645266443491,-0.002506101969629526,0.004048401955515146,-0.00043152528814971447,-0.000312473886879161
ALL,17,2026-04-07 17:45:00+00:00,13:45,-0.0003233585157431662,down,-0.0059286183677613735,-0.0029450319707393646,-0.0012706032721325755,-0.002343955682590604,-0.0007127030403353274,-0.0029612286016345024,-0.005574854556471109,-0.005491637624800205,-0.005569515284150839,-0.004219306632876396,-0.003733269404619932,-0.0017128298059105873,-0.0016974781174212694,-0.003962351009249687,-0.0028670758474618196,-0.0029929187148809433,-0.00016080330533441156,0.00018910357903223485,-0.0010386304929852486,-0.00037238223012536764,-0.0023065891582518816,-0.004591194447129965,-0.0046949125826358795,-0.0030781645327806473,-0.003571449313312769,-0.0003233585157431662
L,17,2026-04-07 17:45:00+00:00,13:45,-0.0003403213049750775,down,-0.0015693975146859884,0.0007957365596666932,0.0023257366847246885,0.0016900827176868916,0.004291470628231764,0.0032812415156513453,0.004943556152284145,0.00011813094897661358,0.0007330219377763569,0.00020338980539236218,0.000564359303098172,0.0007017288589850068,0.0007770534139126539,0.0006399350240826607,0.0011093589710071683,0.001111826510168612,0.002946167718619108,0.0019834479317069054,0.0016898458125069737,0.0015584564534947276,0.0008637607679702342,-0.0013078217161819339,-0.001586439902894199,0.0012518257135525346,-0.00045985254109837115,-0.0003403213049750775
WELL,17,2026-04-07 17:45:00+00:00,13:45,-0.0003831209323834628,down,-0.005540767684578896,-0.0008225972414948046,-0.002240177243947983,0.0009202376240864396,0.0031980504281818867,0.0006996156298555434,-0.0005222936742939055,0.0005910557229071856,0.0001552437897771597,0.00035572954220697284,0.0010224080178886652,-0.0006606492679566145,-0.00034866126952692866,-0.0014649063814431429,0.00022960528440307826,0.0008946043672040105,0.00235112477093935,0.0012056354898959398,0.0032083564437925816,0.002707140753045678,-0.0003561534103937447,-0.0025893724523484707,-0.004582984372973442,-0.0009787626331672072,-0.0016726111061871052,-0.0003831209323834628
DHI,17,2026-04-07 17:45:00+00:00,13:45,-0.00044113624608144164,down,-0.0065726847387850285,-0.000503694755025208,-0.005152409430593252,-0.00581387709826231,-0.008843928575515747,-0.009655042551457882,-0.016587916761636734,-0.01353396475315094,-0.01151499804109335,-0.012763744220137596,-0.009256691671907902,-0.009653414599597454,-0.006435385439544916,-0.0073735578916966915,-0.009078804403543472,-0.007705715950578451,-0.007928866893053055,-0.006923201959580183,-0.007142288610339165,-0.00871254038065672,-0.009017901495099068,-0.01199786365032196,-0.0108364662155509,-0.004932845011353493,-0.004522455390542746,-0.00044113624608144164
TECH,17,2026-04-07 17:45:00+00:00,13:45,-0.0004439285257831216,down,-0.0016332202358171344,0.002779189497232437,-0.0010051158023998141,-0.002868752460926771,-0.00580052612349391,-0.0018277005292475224,-0.004557209555059671,-0.002192922867834568,0.0003778553509619087,-0.0015849076444283128,-0.00017072507762350142,-0.000670572102535516,-0.0013088140403851867,0.0013857502490282059,0.0019015844445675611,0.0032598949037492275,0.0020012883469462395,0.001209580572322011,-0.0017736480804160237,-0.001825308776460588,-0.0012543912744149566,-0.0031370895449072123,-0.001756205572746694,0.0023655358236283064,-0.00023007734853308648,-0.0004439285257831216
TRV,17,2026-04-07 17:45:00+00:00,13:45,-0.00046092283446341753,down,0.0016820067539811134,0.003663855604827404,0.003615165827795863,0.00540909031406045,0.006788463797420263,0.005552254617214203,0.00362327485345304,0.0037285052239894867,0.004482712130993605,0.005480930674821138,0.006592258345335722,0.005447349976748228,0.003910923842340708,0.004237274639308453,0.003751164535060525,0.0024932052474468946,0.004464286379516125,0.005094332154840231,0.0034236940555274487,0.0033628062810748816,0.0034387807827442884,0.0003553269198164344,-0.0002648121153470129,0.0015869773924350739,-0.0005675817374140024,-0.00046092283446341753
SBUX,17,2026-04-07 17:45:00+00:00,13:45,-0.0005027394508942962,down,-0.003452952951192856,-0.004300123080611229,-0.004342949949204922,-0.0056938775815069675,-0.0004686993779614568,-0.004531839396804571,-0.0063438559882342815,-0.0067544616758823395,-0.008709126152098179,-0.005554793868213892,-0.004858219996094704,-0.004492561798542738,-0.0052635581232607365,-0.0032642786391079426,-0.004877179861068726,-0.005671998020261526,-0.006948295049369335,-0.0070852553471922874,-0.004720516502857208,-0.004286488052457571,-0.0036462279967963696,-0.005864943843334913,-0.009197931736707687,-0.0036041566636413336,-0.006388792302459478,-0.0005027394508942962
TSLA,17,2026-04-07 17:45:00+00:00,13:45,-0.0005053426139056683,down,-0.009371214546263218,-0.01581621915102005,-0.023479122668504715,-0.02278674580156803,-0.023561211302876472,-0.026810994371771812,-0.026324709877371788,-0.027565503492951393,-0.024550052359700203,-0.029568230733275414,-0.028075886890292168,-0.02433108724653721,-0.019900038838386536,-0.0191933736205101,-0.01857951655983925,-0.021470332518219948,-0.019059494137763977,-0.017537351697683334,-0.020009849220514297,-0.016900861635804176,-0.0207840483635664,-0.023349368944764137,-0.022838197648525238,-0.018987687304615974,-0.01308972667902708,-0.0005053426139056683
MET,17,2026-04-07 17:45:00+00:00,13:45,-0.0006049511721357703,down,-0.0021955010015517473,-0.0009207351831719279,-0.0018199690384790301,0.0008030800381675363,-0.0016698937397450209,-0.0025596916675567627,-0.007508841808885336,-0.0052544414065778255,-0.007289176806807518,-0.0069565316662192345,-0.004610252100974321,-0.004352519288659096,-0.00236755539663136,-0.0018040112918242812,-0.0018286809790879488,-0.00303346524015069,-0.0003195595054421574,-0.0008620201842859387,-0.0016780321020632982,-0.0025296832900494337,-0.0029598635155707598,-0.0049439845606684685,-0.005344213917851448,-0.0012448717607185245,-0.002750353654846549,-0.0006049511721357703
CME,17,2026-04-07 17:45:00+00:00,13:45,-0.0006658092024736106,down,-0.001655189204029739,7.504236418753862e-05,0.0009974580025300384,0.002666234038770199,0.004165648948401213,0.0016173975309357047,-0.0008866270654834807,0.00018489528156351298,-0.0024944934993982315,-0.00016415501886513084,0.0013131097657606006,0.0020475476048886776,0.0021850040648132563,0.003861568868160248,0.001637214794754982,-0.0008408470312133431,-0.0016743690939620137,-0.0006357437232509255,-0.002782942960038781,-0.0022535875905305147,-0.0023467233404517174,-0.0063244495540857315,-0.006577407941222191,-0.0028317668475210667,-0.0030414480715990067,-0.0006658092024736106
SATS,17,2026-04-07 17:45:00+00:00,13:45,-0.0006675025797449052,down,-0.008090663701295853,-0.008470158092677593,-0.013796146027743816,-0.008687702007591724,-0.012363715097308159,-0.012778251431882381,-0.012289097532629967,-0.0056764851324260235,-0.004634949378669262,-0.004539709538221359,-0.0009422050788998604,-0.003287296975031495,-0.0009454505052417517,-0.0031778530683368444,0.00236308085732162,0.00042991319787688553,0.002415431197732687,0.0014813693705946207,-0.00014819190255366266,-0.003095494117587805,-0.001858024625107646,-0.0039946273900568485,-0.004306397400796413,0.0008536051027476788,-0.000640841550193727,-0.0006675025797449052
DOC,17,2026-04-07 17:45:00+00:00,13:45,-0.0007191810291260481,down,0.0017531452467665076,0.002984820632264018,0.0068363891914486885,0.003730909898877144,0.009614008478820324,0.002717608353123069,0.0017347265966236591,-0.0024609745014458895,-0.0011341546196490526,-0.0008367914706468582,0.0050630345940589905,0.00017611769726499915,0.003663889365270734,0.006217592861503363,0.00488625792786479,0.00469718175008893,0.0075301192700862885,0.00777747156098485,0.00699813524261117,0.00837098527699709,0.005169112700968981,0.005127197131514549,0.0014982093125581741,0.006219332106411457,0.0016234987415373325,-0.0007191810291260481
EG,17,2026-04-07 17:45:00+00:00,13:45,-0.00074283208232373,down,-2.627656613185536e-05,0.003250614507123828,0.0008436766220256686,0.0034017879515886307,0.00456341402605176,0.0028406709898263216,0.001214699586853385,0.0008283639326691628,-0.001975029008463025,-0.002650935435667634,0.0006739096716046333,0.0013505504466593266,0.0014043697156012058,0.0013625151477754116,0.0009165831725113094,-0.0004972344031557441,0.0021655228920280933,0.0016365505289286375,-0.00027854464133270085,-0.0003332653141114861,0.00010088644194183871,-0.00187795574311167,-0.0035363505594432354,0.00019393675029277802,-0.001859188312664628,-0.00074283208232373
PKG,17,2026-04-07 17:45:00+00:00,13:45,-0.0007498679915443063,down,-0.005148257594555616,-0.003765028202906251,-0.004497674759477377,-0.0027335896156728268,-0.0015014326199889183,-0.0026553506031632423,-0.0065314555540680885,-0.005657273344695568,-0.006656607147306204,-0.0039349026046693325,-0.0015885767061263323,-0.0033850769978016615,-0.004493979271501303,-0.004524326883256435,-0.00029236747650429606,-0.002457285765558481,-0.001419329084455967,-0.0007881824276410043,-0.0022590237203985453,-0.0023834339808672667,-0.0031902077607810497,-0.005827890243381262,-0.00540023110806942,-0.003059801645576954,-0.003730093827471137,-0.0007498679915443063
WAB,17,2026-04-07 17:45:00+00:00,13:45,-0.0007891047280281782,down,-0.0012716208584606647,0.0036076130345463753,0.00215211627073586,0.002900755498558283,0.00507441908121109,0.0034688888117671013,0.0011893403716385365,0.0033632516860961914,0.002028468530625105,0.00298712938092649,0.005377877503633499,0.006416493095457554,0.005063146818429232,0.004578561056405306,0.0030017897952347994,0.0034230626188218594,0.0032555360812693834,0.0033764485269784927,0.0030010920017957687,0.002598752034828067,0.0015956796705722809,0.0006349330651573837,-0.0028645505663007498,0.0007166340947151184,-0.003205921733751893,-0.0007891047280281782
TAP,17,2026-04-07 17:45:00+00:00,13:45,-0.0007987194112502038,down,-0.0019719316624104977,-0.0007718912092968822,-0.0022619834635406733,0.0005768354167230427,2.5418808945687488e-05,-0.0034565480891615152,-0.0045889634639024734,-0.00419134646654129,-0.005906515289098024,-0.004064094740897417,-0.0014399244682863355,-0.0003218080382794142,0.0013717442052438855,-1.1856900528073311e-07,-0.0013500307686626911,-0.0033988929353654385,-0.001848315936513245,-0.0033458664547652006,-0.0029557752422988415,-0.0018503207247704268,-0.0040511260740458965,-0.0070161051116883755,-0.007274411618709564,-0.0016234677750617266,-0.004522203933447599,-0.0007987194112502038
TTWO,17,2026-04-07 17:45:00+00:00,13:45,-0.0008283100323751569,down,-0.003320045070722699,-0.0011354880407452583,-0.002676739590242505,-0.003215257078409195,-0.005322254728525877,-0.006855427287518978,-0.008164092898368835,-0.004812834318727255,-0.006264933384954929,-0.005728995427489281,-0.004684896674007177,-0.0034599679056555033,-0.002821518573909998,-0.003496955381706357,-0.00396307185292244,-0.004725995473563671,-0.0024548000656068325,-0.0036033843643963337,-0.005307366605848074,-0.005083058029413223,-0.006292238831520081,-0.008119571022689342,-0.008432207629084587,-0.006719783879816532,-0.004599116276949644,-0.0008283100323751569
PLTR,17,2026-04-07 17:45:00+00:00,13:45,-0.0008549891063012183,down,-0.01283219177275896,-0.011946597136557102,-0.019873574376106262,-0.01586817391216755,-0.020248033106327057,-0.018713656812906265,-0.016625715419650078,-0.013958686962723732,-0.01247958280146122,-0.012086707167327404,-0.008416472934186459,-0.00987255945801735,-0.011907576583325863,-0.011463654227554798,-0.009930101223289967,-0.014179822988808155,-0.007432800717651844,-0.004698021337389946,-0.006848650984466076,-0.00617588683962822,-0.007081516087055206,-0.009043716825544834,-0.005373204126954079,-0.003781977342441678,-0.0032093592453747988,-0.0008549891063012183
GRMN,17,2026-04-07 17:45:00+00:00,13:45,-0.0008786384132690728,down,-0.0020535190124064684,0.0003047483623959124,-0.0030674764420837164,-0.0027509175706654787,-0.004800564143806696,-0.004991477821022272,-0.007201499305665493,-0.005699321161955595,-0.005567461717873812,-0.006302432622760534,-0.004657316952943802,-0.0034979593474417925,-0.004651141352951527,-0.003223306965082884,-0.002761227311566472,-0.0033194860443472862,-0.0007623551646247506,-0.003119125496596098,-0.002709651133045554,-0.002293054712936282,-0.001898285117931664,-0.0037611951120197773,-0.004299582913517952,0.00011123046715511009,-0.002188228303566575,-0.0008786384132690728
EXR,17,2026-04-07 17:45:00+00:00,13:45,-0.0008956425008364022,down,-0.0013234630459919572,0.0014440033119171858,-0.0015177910681813955,0.0006595767918042839,0.0022702012211084366,-0.00033936992986127734,-0.004039611667394638,-0.003656733315438032,-0.00580128887668252,-0.005270206835120916,-0.004417525138705969,-0.0026472534518688917,-0.005135724321007729,-0.004271514713764191,-0.004527307581156492,-0.00616466673091054,-0.0023120285477489233,-0.0037247133441269398,-0.003102551680058241,-0.0032889614813029766,-0.0034138825722038746,-0.00657176086679101,-0.005732583347707987,-0.001591874985024333,-0.0037995686288923025,-0.0008956425008364022
STLD,17,2026-04-07 17:45:00+00:00,13:45,-0.000969441665802151,down,-0.0044760266318917274,-0.004046236630529165,-0.004846449475735426,-0.002493048319593072,0.0003519028832670301,-0.003177507082000375,-0.006278086919337511,-0.0032394540030509233,-0.0032962795812636614,-0.002524837851524353,0.00023600540589541197,0.0005183216999284923,0.0017424259567633271,0.0027857685927301645,0.003597176866605878,-0.00037786434404551983,0.003383171046152711,0.0025274804793298244,-0.002385379048064351,-0.0011735876323655248,-0.0035618911497294903,-0.004993593320250511,-0.008001133799552917,-0.003128740703687072,-0.00622203852981329,-0.000969441665802151
SNPS,17,2026-04-07 17:45:00+00:00,13:45,-0.0009895636467263103,down,-0.0019172296160832047,0.001026651356369257,-0.0050621069967746735,-0.002714415779337287,-0.006020654924213886,-0.007771987933665514,-0.010698291473090649,-0.0071111093275249004,-0.007654482498764992,-0.004950747359544039,-0.0027505126781761646,-0.003422040957957506,-0.001984449801966548,-0.002219046698883176,-0.009210724383592606,-0.006031252909451723,-7.376227586064488e-05,-0.0018207227112725377,-0.00559448916465044,-0.006197176408022642,-0.0047044940292835236,-0.007513776421546936,-0.000146616788697429,-0.001972692087292671,-0.0035799117758870125,-0.0009895636467263103
FANG,17,2026-04-07 17:45:00+00:00,13:45,-0.0009928644867613912,down,-0.0018037684494629502,0.0021181495394557714,0.0033132375683635473,0.0027342578396201134,0.002322747837752104,0.0007746985647827387,0.0008636937709525228,0.0023971376940608025,0.0010442135389894247,-0.0019718059338629246,-0.0013573921751230955,0.0006763101555407047,0.0015584445791319013,0.0008876388310454786,0.0038894081953912973,-0.0001617796515347436,0.004308110568672419,0.003265983425080776,0.0014156887773424387,0.0014243625337257981,-0.00011627404455794021,0.0004740098083857447,-0.0008412067545577884,0.0029790776316076517,0.00029966107103973627,-0.0009928644867613912
NFLX,17,2026-04-07 17:45:00+00:00,13:45,-0.0010318742133677006,down,-0.0066892425529658794,-0.0014627466443926096,-0.00553148053586483,-0.004309373442083597,-0.004510870203375816,-0.0051230438984930515,-0.006044663023203611,-0.005416643340140581,-0.005054445471614599,-0.004722801502794027,-0.004325710702687502,-0.005400583613663912,-0.008098981343209743,-0.006433567497879267,-0.005122630391269922,-0.005092557519674301,-0.005068027414381504,-0.004720897413790226,-0.005231399554759264,-0.004292462021112442,-0.005005187820643187,-0.006414378993213177,-0.00816356111317873,-0.003226039232686162,-0.0027718907222151756,-0.0010318742133677006
EW,17,2026-04-07 17:45:00+00:00,13:45,-0.0010405028006061912,down,-0.0027908922638744116,-0.002075783209875226,-0.005273651331663132,-0.003108298173174262,-0.005689228884875774,-0.005552821327000856,-0.007361144293099642,-0.004114240407943726,-0.0038496924098581076,-0.0024014872033149004,-0.0016857483424246311,-0.0019824313931167126,-0.0005443738773465157,3.745593858184293e-05,-0.00039050375926308334,-0.0007591983303427696,0.0005740229971706867,0.0003160314226988703,-0.0007388383382931352,-0.002070982474833727,-0.00042971246875822544,-0.00254271668381989,-0.002816441934555769,-0.00018213361909147352,-0.003535159630700946,-0.0010405028006061912
PNC,17,2026-04-07 17:45:00+00:00,13:45,-0.0010511726140975952,down,-0.005904138553887606,-0.002506963675841689,-0.0027856561355292797,-0.001767423003911972,-0.002455048495903611,-0.0032322052866220474,-0.005314343608915806,-0.004809468053281307,-0.005924694240093231,-0.005226592067629099,-0.0035380544140934944,-0.004624431952834129,-0.0034151554573327303,-0.0023952883202582598,-0.0014927593292668462,-0.0015748613514006138,0.00013227925228420645,-0.0017083728453144431,-0.0025137513875961304,-0.002115822397172451,-0.002292732475325465,-0.0037427316419780254,-0.003973518498241901,-0.0011882001999765635,-0.0016497478354722261,-0.0010511726140975952
PFG,17,2026-04-07 17:45:00+00:00,13:45,-0.001068096375092864,down,-0.002517586573958397,0.0003602433134801686,-0.0004547849530354142,-7.194523641373962e-05,-0.0007107273559086025,-0.0018599500181153417,-0.0072174835950136185,-0.004531841725111008,-0.006736316252499819,-0.009278933517634869,-0.0067560612224042416,-0.005337005481123924,-0.00465086754411459,-0.002597472630441189,-0.001949075609445572,-0.0037976631429046392,-0.002662399783730507,-0.002019945066422224,-0.0038832772988826036,-0.0034299707040190697,-0.0032906944397836924,-0.0047834040597081184,-0.004353865049779415,9.79470059974119e-05,-0.002347983419895172,-0.001068096375092864
FTV,17,2026-04-07 17:45:00+00:00,13:45,-0.0010795348789542913,down,-0.0036875163204967976,0.0004933690070174634,-0.001325623132288456,-9.286677232012153e-05,-0.00016035092994570732,-0.0004954366013407707,-0.0022991755977272987,-0.0026152944192290306,-0.00035756832221522927,-8.569893543608487e-05,0.0010457892203703523,0.001119096064940095,0.001282439916394651,0.0020034092012792826,0.001635648775845766,-5.783740562037565e-07,0.0020077191293239594,0.0008841725066304207,0.0007018146570771933,0.0014369398122653365,-0.0007601340766996145,-0.0026857645716518164,-0.002524977782741189,0.00010090850992128253,-0.0022814397234469652,-0.0010795348789542913
ITW,17,2026-04-07 17:45:00+00:00,13:45,-0.0010905638337135315,down,-0.001562942867167294,0.0002100045676343143,0.0010546703124418855,0.0007864468498155475,0.003497307188808918,0.0008302065543830395,-0.0005947345052845776,-0.0011377882910892367,-9.636819595471025e-05,-0.0007846964872442186,0.0002743177756201476,0.001557262148708105,-0.0006355193327181041,0.00048015068750828505,0.0015061412705108523,0.0008722632192075253,0.0028636713977903128,0.002777529414743185,0.001670468715019524,0.0022188755683600903,0.0013090652646496892,0.0001234998635482043,-0.000287682720227167,0.0016483152285218239,-0.002538898726925254,-0.0010905638337135315
APTV,17,2026-04-07 17:45:00+00:00,13:45,-0.0011038746451959014,down,-0.014889702200889587,-0.007443330250680447,-0.014404088258743286,-0.007604239974170923,-0.014537534676492214,-0.015137558802962303,-0.020859111100435257,-0.0192442424595356,-0.013945209793746471,-0.01586499996483326,-0.013932707719504833,-0.011206782422959805,-0.01000907365232706,-0.008147942833602428,-0.007984789088368416,-0.00865825917571783,-0.007579444441944361,-0.005391969345510006,-0.010010721161961555,-0.00914192758500576,-0.009027243591845036,-0.0124513516202569,-0.014806140214204788,-0.006901210639625788,-0.009068666957318783,-0.0011038746451959014
GPN,17,2026-04-07 17:45:00+00:00,13:45,-0.0011175267864018679,down,-0.006162900011986494,0.003310036612674594,-0.005252311006188393,0.00027781116659753025,-0.0076730018481612206,-0.00748906284570694,-0.012008091434836388,-0.010985057801008224,-0.007936936803162098,-0.011920318938791752,-0.010823129676282406,-0.0074487049132585526,-0.0030488595366477966,-0.0005853635375387967,-0.0037183123640716076,-0.004939518868923187,-0.002816012827679515,-0.0014009709702804685,-0.004060425329953432,-0.00663495110347867,-0.004458324052393436,-0.007106564473360777,-0.00892444234341383,-0.0036924011074006557,-0.007274214643985033,-0.0011175267864018679
ERIE,17,2026-04-07 17:45:00+00:00,13:45,-0.001141637098044157,down,0.003508245339617133,0.006615402176976204,0.003890383755788207,0.006195021327584982,0.006268458906561136,0.004730023443698883,0.002755194902420044,0.0031919628381729126,0.002830212004482746,0.00037235478521324694,0.0025980507489293814,0.0057286834344267845,0.0018864988815039396,0.0025793949607759714,0.0010856564622372389,0.0006102165207266808,0.0038860866334289312,0.0019300422864034772,0.002465171506628394,0.003036581678315997,0.00046637814375571907,0.0005452273180708289,-0.0002876396174542606,0.0033120044972747564,-0.0028426339849829674,-0.001141637098044157
CL,17,2026-04-07 17:45:00+00:00,13:45,-0.001146338996477425,down,-0.004517453256994486,-0.0013575697084888816,-0.0016106575494632125,0.0001204925065394491,7.554059993708506e-05,-0.0019145595142617822,-0.0036559824366122484,-0.0048199547454714775,-0.005484629422426224,-0.004017822444438934,-0.0031061905901879072,-0.0016949368873611093,-0.0036302348598837852,-0.001809320761822164,-0.0021353019401431084,-0.0018476316472515464,-0.0007309071370400488,-0.0034158616326749325,-0.001446807524189353,-0.00029982306296005845,-0.00035137395025230944,-0.002562146633863449,-0.003045241814106703,-0.0006062871543690562,-0.0020501476246863604,-0.001146338996477425
CPT,17,2026-04-07 17:45:00+00:00,13:45,-0.0012141194893047214,down,-0.0016501733334735036,0.0029354405123740435,0.001683020149357617,0.0017544665606692433,0.004124563653022051,0.0035693070385605097,0.002327597700059414,0.000883850734680891,0.0017989829648286104,0.0010008460376411676,0.003172545926645398,0.0030155747663229704,0.0023042357061058283,0.0002799364156089723,0.0011896613286808133,0.00014026652206666768,0.0009171718847937882,0.001793388626538217,0.001783168176189065,0.001923191943205893,0.0006297204527072608,-0.0012629746925085783,-0.002141663571819663,-0.00021743772958870977,-0.0016272414941340685,-0.0012141194893047214
VRTX,17,2026-04-07 17:45:00+00:00,13:45,-0.0012816726230084896,down,-0.004284717608243227,-0.003829061985015869,-0.0043668621219694614,-0.005429758690297604,-0.00477399630472064,-0.009353150613605976,-0.011058809235692024,-0.01321046520024538,-0.014108432456851006,-0.013394654728472233,-0.009670447558164597,-0.006893795914947987,-0.008848519995808601,-0.010048876516520977,-0.01695846952497959,-0.012029576115310192,-0.014706868678331375,-0.0068878354504704475,-0.014110434800386429,-0.015211055055260658,-0.0060035958886146545,-0.008595209568738937,-0.004916147794574499,-0.0011396354530006647,-0.003848794847726822,-0.0012816726230084896
NSC,17,2026-04-07 17:45:00+00:00,13:45,-0.0012846291065216064,down,-0.0025994221214205027,-0.00033726057154126465,0.0006037168204784393,0.0025431362446397543,0.005012625828385353,0.003831640351563692,0.0017805570969358087,0.00024501109146513045,-0.0010269880294799805,-0.0016703529981896281,0.001298562390729785,0.0004926685360260308,0.0007290350622497499,-0.0004163711564615369,-0.0011985168093815446,-0.001653086394071579,-0.0011917361989617348,-0.0015748855657875538,-0.0007614329224452376,-0.0009585446096025407,-0.0008417227654717863,-0.0033955893013626337,-0.00533235352486372,-0.001799074001610279,-0.0033579806331545115,-0.0012846291065216064
CRH,17,2026-04-07 17:45:00+00:00,13:45,-0.0013370029628276825,down,-0.006245350930839777,-0.005568954162299633,-0.009127471596002579,-0.006790366023778915,-0.00940351840108633,-0.008341632783412933,-0.01227695681154728,-0.00764032918959856,-0.007987691089510918,-0.009254994802176952,-0.007422887720167637,-0.00810508243739605,-0.008004415780305862,-0.0077681997790932655,-0.005741550587117672,-0.003320604795590043,-5.639278970193118e-05,0.00021294796897564083,-0.0024566445499658585,-0.0034201815724372864,-0.0037020298186689615,-0.01054457388818264,-0.006150241009891033,-0.0019721731077879667,-0.005146624054759741,-0.0013370029628276825
HPE,17,2026-04-07 17:45:00+00:00,13:45,-0.0013464693911373615,down,-0.005845231004059315,-0.0042075179517269135,-0.009564562700688839,-0.0053155189380049706,-0.006378043908625841,-0.006218709982931614,-0.008879056200385094,-0.007819226942956448,-0.008139734156429768,-0.009293043985962868,-0.0069515639916062355,-0.0070302486419677734,-0.006041097920387983,-0.005157371051609516,-0.006968117784708738,-0.006955774500966072,-0.00540231354534626,-0.00647170003503561,-0.006267340388149023,-0.005872952286154032,-0.011455182917416096,-0.011674103327095509,-0.009855169802904129,-0.003960094414651394,-0.004827553406357765,-0.0013464693911373615
CINF,17,2026-04-07 17:45:00+00:00,13:45,-0.001365077099762857,down,0.0005032364279031754,0.003082790644839406,0.002014042576774955,0.0016971140867099166,0.0036992875393480062,0.00240596616640687,0.0011248355731368065,0.0013175561325624585,0.003153413301333785,0.0019795959815382957,0.002865596441552043,0.0037895101122558117,0.002545674331486225,0.0023434478789567947,0.0017460302915424109,-0.00012843695003539324,0.0026030191220343113,0.0033141581807285547,0.000814987113699317,0.00020725686044897884,-0.001131328521296382,-0.0028188973665237427,-0.0042721303179860115,-0.0006264557014219463,-0.0030695379246026278,-0.001365077099762857
KMB,17,2026-04-07 17:45:00+00:00,13:45,-0.00137718569021672,down,-0.005728225689381361,-5.480588151840493e-05,-0.007444001734256744,-0.003816165030002594,-0.00464724563062191,-0.0052493903785943985,-0.008598161861300468,-0.005308560561388731,-0.005579512566328049,-0.002958913566544652,0.00029079546220600605,0.00190566701348871,0.005788130220025778,0.004578155931085348,0.0022571131121367216,0.0026169477496296167,0.003027157159522176,0.004458936396986246,0.0009713316103443503,0.0014391563599929214,0.003556212643161416,0.000708640378434211,0.0017104659928008914,0.0016104041133075953,-0.0018181951018050313,-0.00137718569021672
COR,17,2026-04-07 17:45:00+00:00,13:45,-0.0013869840186089277,down,-0.0018061876762658358,0.000485381722683087,-0.0014138674596324563,-1.8986254872288555e-05,-0.00038106879219412804,-0.003081986913457513,-0.0053897579200565815,-0.004898895975202322,-0.006238835863769054,-0.005145755596458912,-0.0037898612208664417,-0.002255723811686039,-0.0034007057547569275,-0.002727074548602104,-0.0038456423208117485,-0.005079111084342003,-0.004332798067480326,-0.0036529211793094873,-0.003414471633732319,-0.003692301921546459,-0.00433675991371274,-0.007182158064097166,-0.005488462280482054,-0.003121195361018181,-0.004520897287875414,-0.0013869840186089277
BLK,17,2026-04-07 17:45:00+00:00,13:45,-0.0014564231969416142,down,-0.005643324460834265,-0.0027867017779499292,-0.004843566101044416,-0.001891197869554162,-0.002258392982184887,-0.004449050407856703,-0.00621913094073534,-0.005025811493396759,-0.007472918834537268,-0.005215568467974663,-0.002939928090199828,-0.0020388690754771233,-0.0017808570992201567,-0.0025534098967909813,-0.001987644238397479,-0.0032595270313322544,-0.0012230579741299152,-0.0012689289869740605,-0.002662467770278454,-0.0035687589552253485,-0.0036217872984707355,-0.004333105869591236,-0.006247112061828375,-0.0019044127548113465,-0.003968247212469578,-0.0014564231969416142
FDS,17,2026-04-07 17:45:00+00:00,13:45,-0.0014829671708866954,down,-0.0035407915711402893,-0.0016488791443407536,-0.007122338749468327,-0.002571210963651538,-0.0040827258490026,-0.0029724568594247103,-0.006281720474362373,-0.004882169887423515,-0.007482757791876793,-0.0035622133873403072,-0.004664210136979818,-0.0030047341715544462,-0.004784035962074995,-0.006259629037231207,-0.00693129375576973,-0.009713174775242805,-0.004889782518148422,-0.006909642834216356,-0.0064094760455191135,-0.004047041293233633,-0.005089785438030958,-0.009176782332360744,-0.005257311277091503,-0.0016899375477805734,-0.0028175704646855593,-0.0014829671708866954
RMD,17,2026-04-07 17:45:00+00:00,13:45,-0.0014972257195040584,down,0.0027445887681096792,0.0029086684808135033,0.0009012919617816806,0.0025954267475754023,7.815605931682512e-05,0.00040128774708136916,-0.001576830167323351,-4.865053415414877e-05,-0.0025399457663297653,0.0006547223310917616,0.0017175476532429457,0.004170732572674751,0.0032395287416875362,0.004159098025411367,0.00032523152185603976,-0.0005138265551067889,0.005232818424701691,0.00444758590310812,0.005274672526866198,0.004209199454635382,0.009015197865664959,0.005825731437653303,0.0049367668107151985,0.007176429498940706,0.001470504910685122,-0.0014972257195040584
AMAT,17,2026-04-07 17:45:00+00:00,13:45,-0.0015422460855916142,down,-0.012809143401682377,-0.012379457242786884,-0.019358530640602112,-0.016482194885611534,-0.018696054816246033,-0.02215859666466713,-0.02450232394039631,-0.019348669797182083,-0.018401429057121277,-0.015916617587208748,-0.009518837556242943,-0.011747310869395733,-0.010216536931693554,-0.012256719172000885,-0.014012529514729977,-0.016164423897862434,-0.015505978837609291,-0.01728038862347603,-0.01591474749147892,-0.01824955828487873,-0.016201358288526535,-0.018022798001766205,-0.020791903138160706,-0.006784575991332531,-0.010915154591202736,-0.0015422460855916142
TRGP,17,2026-04-07 17:45:00+00:00,13:45,-0.0015603025676682591,down,-0.0018984554335474968,-0.004359601531177759,-0.0013311873190104961,0.00033001325209625065,-0.0022641366813331842,-0.0016233258647844195,0.0017440329538658261,0.0011628208449110389,-0.0009135287255048752,0.001384124392643571,0.007298749405890703,0.007130166050046682,0.0026562579441815615,0.00540239317342639,0.006303009111434221,0.00522113312035799,0.005676943808794022,0.004762742668390274,0.0021213279105722904,0.004252738319337368,0.0009725401760078967,-0.0003639728529378772,-0.0012323013506829739,0.0048233275301754475,-0.000739115581382066,-0.0015603025676682591
SPGI,17,2026-04-07 17:45:00+00:00,13:45,-0.001599129638634622,down,-0.009222196415066719,-0.00944947637617588,-0.008062906563282013,-0.005747917108237743,-0.006426675245165825,-0.009241683408617973,-0.010638738982379436,-0.01428470853716135,-0.012858893722295761,-0.011032618582248688,-0.007768569048494101,-0.00568766426295042,-0.007320545148104429,-0.005990904290229082,-0.007019723299890757,-0.008454523049294949,-0.006754505913704634,-0.007867650128901005,-0.009277459233999252,-0.008360031992197037,-0.0061060176230967045,-0.0074111358262598515,-0.005729743745177984,-0.0042043449357151985,-0.004585607443004847,-0.001599129638634622
ACGL,17,2026-04-07 17:45:00+00:00,13:45,-0.001626892015337944,down,0.0007167754229158163,0.002390750916674733,0.0025225826539099216,0.0029196711257100105,0.0062520201317965984,0.005005883984267712,0.0032708938233554363,0.0017269542440772057,0.0018786417786031961,0.002019930398091674,0.0036241153720766306,0.0027937619015574455,0.0023472649045288563,0.0011131406063213944,0.0012561609037220478,0.00018279737560078502,0.0008381835068576038,0.001200952334329486,0.0005766706308349967,0.0013958389172330499,0.0005965812597423792,-0.0015693512978032231,-0.0004293570527806878,0.0012885427568107843,0.0004434137081261724,-0.001626892015337944
TDG,17,2026-04-07 17:45:00+00:00,13:45,-0.0016399046871811152,down,-0.006608202122151852,-0.0046643163077533245,-0.004337906371802092,-0.00292680854909122,-0.0034495049621909857,-0.004779643379151821,-0.004851979669183493,-0.0063028521835803986,-0.008285550400614738,-0.00742620462551713,-0.0032394109293818474,-0.0022508776746690273,-0.0033978864084929228,-0.0012686470290645957,-0.0036270448472350836,-0.00376594508998096,-0.00040740243275649846,-0.0017836983315646648,-7.915221067378297e-05,6.908459181431681e-05,-0.0003340721013955772,-0.0010098946513608098,-0.002299676416441798,-0.0006293264450505376,-0.0034290659241378307,-0.0016399046871811152
GEV,17,2026-04-07 17:45:00+00:00,13:45,-0.0016442331252619624,down,-0.007057417184114456,-0.007166789844632149,-0.008625928312540054,-0.006907643284648657,-0.005739985033869743,-0.010300095193088055,-0.011883573606610298,-0.008712158538401127,-0.011750120669603348,-0.00986611470580101,-0.006609348114579916,-0.007985933683812618,-0.007099537644535303,-0.008756477385759354,-0.010064891539514065,-0.011446362361311913,-0.010610871948301792,-0.011720721609890461,-0.011370168067514896,-0.01209312304854393,-0.014587102457880974,-0.017210762947797775,-0.019490204751491547,-0.009944341145455837,-0.011693171225488186,-0.0016442331252619624
OKE,17,2026-04-07 17:45:00+00:00,13:45,-0.0016782638849690557,down,-0.00401747040450573,0.0007605101563967764,0.0022401069290935993,-0.001411933801136911,-0.00018571187683846802,-0.0009709821315482259,-0.005130987614393234,-0.0021841423586010933,-0.005057775881141424,-0.00718407379463315,-0.005238300189375877,-0.007553914561867714,-0.007784960325807333,-0.004861519206315279,-0.002127214800566435,-0.0025597536005079746,-0.0015221544308587909,-0.005520098377019167,-0.004437925759702921,-0.005318369250744581,-0.005629582330584526,-0.007708825636655092,-0.009017394855618477,-0.0021042446605861187,-0.004533134400844574,-0.0016782638849690557
PPL,17,2026-04-07 17:45:00+00:00,13:45,-0.0017037511570379138,down,0.0008083933498710394,0.0004932362353429198,-0.0005388903082348406,0.0021242473740130663,0.0027570175006985664,0.0010820834431797266,-0.0011734985746443272,-0.0019234077772125602,-0.002916892059147358,-0.003559720003977418,-0.0009684187825769186,-0.0012659914791584015,-0.00144294707570225,-0.001059345668181777,-0.002376810647547245,-0.0023048955481499434,-0.0012104095658287406,-0.0006453606183640659,0.00013378061703406274,0.0010509423445910215,0.00044325130875222385,-0.001985670067369938,-0.0014864066615700722,0.0001219315454363823,0.00010008050594478846,-0.0017037511570379138
PNW,17,2026-04-07 17:45:00+00:00,13:45,-0.0017435821937397122,down,0.001655604806728661,0.002044862834736705,0.0022943615913391113,0.0015594866126775742,0.006279920693486929,0.005395019426941872,0.0043056258000433445,0.0014185839099809527,0.0035917190834879875,0.0032129548490047455,0.0041141388937830925,0.0036459527909755707,0.00255103362724185,0.0022690745536237955,0.00203154981136322,0.001739364699460566,0.002022799802944064,0.0020623630844056606,0.002271012868732214,0.0029874402098357677,0.002525096293538809,0.0008355557802133262,-0.0004499646893236786,0.0010600406676530838,-0.00017995435337070376,-0.0017435821937397122
ES,17,2026-04-07 17:45:00+00:00,13:45,-0.0017496203072369099,down,0.000538269872777164,0.0030288496054708958,0.002066313987597823,0.003020440461114049,0.003618825925514102,0.001986083574593067,-0.0006249843281693757,-0.00031414753175340593,0.0003238832869101316,-0.0001306436606682837,0.0022990640718489885,0.0023459973745048046,0.001484755426645279,0.0019153001485392451,0.0010171809699386358,0.000311105337459594,0.0029063746333122253,0.0026526758447289467,0.0029536602087318897,0.0014221774181351066,0.00018598619499243796,-0.0010227744933217764,-0.0014714509015902877,0.0011893099872395396,-0.001821986399590969,-0.0017496203072369099
ISRG,17,2026-04-07 17:45:00+00:00,13:45,-0.0017805930692702532,down,-0.006777058355510235,-0.0036091890651732683,-0.0047666896134614944,-0.0026921387761831284,-0.00495894392952323,-0.00829232670366764,-0.009413951076567173,-0.007106438744813204,-0.006400748621672392,-0.00716499425470829,-0.004183819051831961,-0.0034642412792891264,-0.0055021014995872974,-0.004858837462961674,-0.005628332495689392,-0.00728853652253747,-0.0056284829042851925,-0.005295923911035061,-0.00769310537725687,-0.007756915409117937,-0.006731915753334761,-0.008717152290046215,-0.006836281158030033,-0.004380321130156517,-0.006277117878198624,-0.0017805930692702532
INVH,17,2026-04-07 17:45:00+00:00,13:45,-0.001790400012396276,down,-0.0031374620739370584,0.0017582995351403952,-0.0019197637448087335,-0.0005931438645347953,0.00037003454053774476,-0.002291017211973667,-0.004247642587870359,-0.004928928799927235,-0.003715825267136097,-0.004085618536919355,-0.001998146530240774,-0.0013313919771462679,-0.0027107903733849525,-0.0021980192977935076,-0.0018892113585025072,-0.0027882757131010294,-0.0010833590058609843,-0.0002156819391530007,-0.0008228279184550047,-0.00046467676293104887,-0.0026745032519102097,-0.0052750906907022,-0.0046840086579322815,-0.00048468116438016295,-0.0020029034931212664,-0.001790400012396276
MAA,17,2026-04-07 17:45:00+00:00,13:45,-0.0018884162418544292,down,-0.000812471320386976,0.0012633521109819412,0.0019664582796394825,0.0025877906009554863,0.0061501129530370235,0.004730005748569965,0.004292483441531658,0.0030526118353009224,0.0053542437963187695,0.004444259684532881,0.006969727575778961,0.004641824867576361,0.004187099169939756,0.002631192095577717,0.002900154562667012,0.0022906928788870573,0.0033852083142846823,0.0034495096188038588,0.00250614108517766,0.0031378716230392456,0.0014265954960137606,-0.0012497599236667156,-0.0024336238857358694,-0.00022859510499984026,-0.00179479515645653,-0.0018884162418544292
WEC,17,2026-04-07 17:45:00+00:00,13:45,-0.001890840008854866,down,-0.0024318015202879906,-0.0013462770730257034,-0.002011542208492756,-0.0007326491759158671,0.0023570149205625057,-0.0006835713284090161,-0.0024676963221281767,-0.001636537373997271,-0.0018261747900396585,-0.00174508907366544,0.0006827560137026012,0.0007529895519837737,0.0006753887864761055,-0.00029761053156107664,-0.0006701084785163403,-0.0011559244012460113,0.0004645553417503834,-0.00019340563449077308,-0.00041558220982551575,-3.5594301152741536e-05,-0.001822068472392857,-0.005057852249592543,-0.005284229293465614,-0.0012242969824001193,-0.0022477044258266687,-0.001890840008854866
CLUSD,17,2026-04-07 17:45:00+00:00,13:45,-0.0019055333686992526,down,0.018389316275715828,0.02009480819106102,0.02123277820646763,0.021745305508375168,0.02067193016409874,0.017186777666211128,0.017434900626540184,0.015560116618871689,0.018386472016572952,0.011421754956245422,0.012831334955990314,0.011435039341449738,0.008709375746548176,0.01215747557580471,0.012513740919530392,0.010417679324746132,0.009084358811378479,0.00538348313421011,0.0025967636611312628,-0.00041002416401170194,0.009585287421941757,0.013412699103355408,0.013697654008865356,0.003156500868499279,0.003685186617076397,-0.0019055333686992526
JBHT,17,2026-04-07 17:45:00+00:00,13:45,-0.001910443534143269,down,-0.00285937637090683,0.0015357080847024918,-0.001449398580007255,0.0014927283627912402,-0.0014038742519915104,-0.002286136383190751,-0.00665683951228857,-0.004064085427671671,-0.003534571034833789,-0.0027026422321796417,-0.0011815085308626294,0.001485226210206747,0.002157469280064106,0.0011844518594443798,0.0011868702713400126,0.0006595743470825255,0.0038433638401329517,0.0014072664780542254,0.000812616606708616,0.0010776900453493,0.0010259271366521716,-0.0007235523080453277,-0.00210099620744586,0.0023538977839052677,-0.001468125032261014,-0.001910443534143269
BSX,17,2026-04-07 17:45:00+00:00,13:45,-0.0019137099152430892,down,-0.006478143855929375,-0.004688255954533815,-0.008834759704768658,-0.006512445397675037,-0.004735866561532021,-0.005961818154901266,-0.011255933903157711,-0.012521040625870228,-0.012008767575025558,-0.012521437369287014,-0.012750680558383465,-0.011016729287803173,-0.009624090045690536,-0.006793855223804712,-0.007849989458918571,-0.007471111137419939,-0.0072461627423763275,-0.009727120399475098,-0.007282294798642397,-0.006010973826050758,-0.006976043339818716,-0.007988189347088337,-0.00908156018704176,-0.006500761024653912,-0.008259806782007217,-0.0019137099152430892
RF,17,2026-04-07 17:45:00+00:00,13:45,-0.0019646347500383854,down,-0.00517377769574523,-4.7707577323308215e-05,-0.0020327449310570955,-0.0017807947006076574,-0.0009698058711364865,-0.0018108277581632137,-0.0026563636492937803,-0.003647994715720415,-0.006116881500929594,-0.006617836654186249,-0.005088649224489927,-0.006353143602609634,-0.005644805729389191,-0.005198531784117222,-0.004006414208561182,-0.004754382651299238,-0.0023678189609199762,-0.0038883057422935963,-0.0034489822573959827,-0.0030636093579232693,-0.003542065853253007,-0.0046384623274207115,-0.0049570356495678425,0.00018784753046929836,-0.0019094906747341156,-0.0019646347500383854
ALB,17,2026-04-07 17:45:00+00:00,13:45,-0.0019927052780985832,down,-0.01024964451789856,-0.01675107702612877,-0.01876200921833515,-0.015328128822147846,-0.01629002019762993,-0.015934336930513382,-0.020917195826768875,-0.017924288287758827,-0.01972077786922455,-0.01441451907157898,-0.010256380774080753,-0.006522197276353836,-0.006799895316362381,-0.007044584024697542,-0.007944269105792046,-0.012250342406332493,-0.010454208590090275,-0.008831141516566277,-0.014347660355269909,-0.011182820424437523,-0.015201397240161896,-0.01971360482275486,-0.015286989510059357,-0.009238488972187042,-0.008991407230496407,-0.0019927052780985832
LULU,17,2026-04-07 17:45:00+00:00,13:45,-0.0019959956407546997,down,-0.005829904228448868,-0.0039052299689501524,-0.00984852947294712,-0.01110424567013979,-0.00970624852925539,-0.009436904452741146,-0.010639785788953304,-0.009826309978961945,-0.008411659859120846,-0.007275903597474098,-0.0035676192492246628,-0.0013588593574240804,-0.003107445314526558,-0.004779736511409283,-0.004247602540999651,-0.005945265293121338,-0.00039768428541719913,-0.001905410666950047,0.0011348117841407657,0.0031914361752569675,-0.0034781768918037415,-0.003932266030460596,-0.007530489936470985,-0.003280980046838522,-0.005818767473101616,-0.0019959956407546997
LVS,17,2026-04-07 17:45:00+00:00,13:45,-0.0020277511794120073,down,-0.0031371954828500748,-0.001417796011082828,-0.003528761910274625,-0.0009327341103926301,-0.0017442895332351327,-0.0023684408515691757,-0.0038902105297893286,-0.0030146006029099226,-0.0026470916345715523,-0.00228440435603261,-0.0003953019331675023,-0.0005885700811631978,0.0005528237670660019,-0.0006000280263833702,-0.0005012053879909217,-0.0006140924524515867,0.0008051023469306529,-0.0013652222696691751,-0.002421414712443948,-0.0030332200694829226,-0.0031113626901060343,-0.004277939908206463,-0.0053688897751271725,-0.003189532086253166,-0.005042418837547302,-0.0020277511794120073
ZBH,17,2026-04-07 17:45:00+00:00,13:45,-0.0020398192573338747,down,0.0006493402179330587,0.0016474764561280608,0.0017282005865126848,0.0010565957054495811,0.002823718823492527,-0.0006196796311996877,-0.003746800357475877,-0.0041959513910114765,-0.0048865689896047115,-0.0039306520484387875,-0.002489528153091669,-0.0020735361613333225,-0.003000158816576004,-0.00047577905934304,-0.0005924131255596876,-0.0023321066983044147,0.0004300004511605948,0.0002112728834617883,0.00016414097626693547,-0.0013605117565020919,-0.0003718277148436755,-0.0020390101708471775,-0.0014804818201810122,0.000983632169663906,-0.004004324320703745,-0.0020398192573338747
FSLR,17,2026-04-07 17:45:00+00:00,13:45,-0.0020404006354510784,down,-0.0049821906723082066,-0.006487502250820398,-0.010178852826356888,-0.009066947735846043,-0.012391743250191212,-0.013069595210254192,-0.01801348105072975,-0.01514715701341629,-0.018067624419927597,-0.013409188948571682,-0.01356388907879591,-0.013004332780838013,-0.01360197551548481,-0.015054902993142605,-0.01666327193379402,-0.01749287359416485,-0.015973076224327087,-0.014121131040155888,-0.016745474189519882,-0.01675592176616192,-0.013563712127506733,-0.016298165544867516,-0.01148806232959032,-0.00575067475438118,-0.006954158656299114,-0.0020404006354510784
PM,17,2026-04-07 17:45:00+00:00,13:45,-0.0020745734218508005,down,0.0035253872629255056,0.004201109521090984,0.0013017540331929922,0.0035475711338222027,0.004728489089757204,0.0006021655863150954,0.00029039024957455695,0.0017107946332544088,0.0019411544781178236,0.0004892009310424328,0.0022848262451589108,0.002198768313974142,0.0011645565973594785,0.0014536441303789616,-0.0004630328039638698,-0.0005599641008302569,0.00041816438897512853,0.0019946678075939417,0.002151317661628127,0.0008074173820205033,0.0015001039719209075,0.003942825831472874,0.005717787891626358,0.0048209079541265965,-0.0006086702342145145,-0.0020745734218508005
NXPI,17,2026-04-07 17:45:00+00:00,13:45,-0.0020803746301680803,down,0.000871614960487932,0.00384107930585742,0.0005770979914814234,0.000986569793894887,-0.003078617388382554,-0.004645145498216152,-0.006945115514099598,-0.004545843228697777,-0.005701654125005007,-0.002881133696064353,-0.002777078887447715,-0.0019459561444818974,-0.0026169223710894585,-0.004004775080829859,-0.005651163402944803,-0.004864790476858616,-0.0027709335554391146,-0.002546656411141157,-0.00374112487770617,-0.004160156007856131,-0.004472957458347082,-0.006407745182514191,-0.0073304325342178345,-0.0043985676020383835,-0.005326136015355587,-0.0020803746301680803
RTX,17,2026-04-07 17:45:00+00:00,13:45,-0.0020960955880582333,down,-0.004930388648062944,-0.001598434871993959,-0.0025837095454335213,-0.00023558715474791825,0.0005483628483489156,-0.0013038360048085451,-0.0022627203725278378,-0.003604913828894496,-0.0028536373283714056,-0.004651873372495174,-0.0032508193980902433,-0.0023909409064799547,-0.003130899742245674,-0.002467958489432931,-0.0028379703871905804,-0.0031820915173739195,-0.0015361064579337835,-0.003172054886817932,-0.004443485289812088,-0.0037278069648891687,-0.005512037314474583,-0.006256284192204475,-0.006110291928052902,-0.004357512574642897,-0.003344621742144227,-0.0020960955880582333
SCHW,17,2026-04-07 17:45:00+00:00,13:45,-0.0021188752725720406,down,-0.0035508109722286463,-5.846452768309973e-05,-0.002402770798653364,-0.003128864336758852,-0.0025300527922809124,-0.0023755079600960016,-0.004830047953873873,-0.004320756997913122,-0.007526731584221125,-0.007698641624301672,-0.005736109334975481,-0.004910946357995272,-0.003537127049639821,-0.0027507150080055,-0.0034556202590465546,-0.0023750157561153173,-0.003794601419940591,-0.0036416572984308004,-0.0009130867547355592,-0.0011626407504081726,0.0007689040503464639,0.0008648249204270542,-0.002276472980156541,0.001509203459136188,-9.377754759043455e-05,-0.0021188752725720406
AEE,17,2026-04-07 17:45:00+00:00,13:45,-0.002124521415680647,down,-0.0013136223424226046,-0.0019417833536863327,-0.0013407570077106357,0.00026966299628838897,0.0041892859153449535,0.002747515682131052,0.0020596410613507032,-7.007749809417874e-05,0.0007762978202663362,-0.00012461296864785254,0.0020149904303252697,0.0013134923065081239,0.0012319618836045265,0.00041659854468889534,0.0012633001897484064,0.00036449756589718163,0.0014184019528329372,0.0009556518052704632,0.0002691697154659778,0.00042406239663250744,-0.0003003913152497262,-0.0031311947386711836,-0.003594412002712488,7.843440835131332e-05,-0.0011169924400746822,-0.002124521415680647
URI,17,2026-04-07 17:45:00+00:00,13:45,-0.00214186473749578,down,-0.006226765923202038,-0.006108004134148359,-0.007566400803625584,-0.005377044901251793,-0.0076134116388857365,-0.008331789635121822,-0.011184364557266235,-0.010385476052761078,-0.011464565992355347,-0.010232143104076385,-0.00802362896502018,-0.006606399547308683,-0.005571741610765457,-0.004711260553449392,-0.0062548378482460976,-0.006584581453353167,-0.0029945820569992065,-0.004372635390609503,-0.005600790958851576,-0.007412373088300228,-0.007249032147228718,-0.0076274690218269825,-0.007343254517763853,-0.0035432749427855015,-0.0049222856760025024,-0.00214186473749578
DD,17,2026-04-07 17:45:00+00:00,13:45,-0.0021777604706585407,down,-0.004157290793955326,-0.0020738623570650816,-0.005209628026932478,-0.004046201705932617,-0.0050221942365169525,-0.006762934383004904,-0.008453059010207653,-0.006926701869815588,-0.009677708148956299,-0.006609570700675249,-0.0037889990489929914,-0.004128489177674055,-0.002080183243378997,-0.001963954186066985,-0.0035084278788417578,-0.00501642469316721,-0.002076673088595271,-0.003934682346880436,-0.005942818708717823,-0.005079994443804026,-0.005016693379729986,-0.006933953147381544,-0.00738364364951849,-0.0032609920017421246,-0.004830301273614168,-0.0021777604706585407
AJG,17,2026-04-07 17:45:00+00:00,13:45,-0.0022055867593735456,down,-0.005317674484103918,-0.002408146159723401,-0.003252304857596755,-0.0019507315009832382,-0.002281325403600931,-0.0022874537389725447,-0.007157840766012669,-0.005448602139949799,-0.0069482955150306225,-0.005330183077603579,-0.004216388799250126,-0.0019785736221820116,-0.003505978500470519,-0.0015164444921538234,-0.003301085904240608,-0.0020043395925313234,-0.002309857401996851,-0.002322060288861394,-0.003982293885201216,-0.0047599137760698795,-0.005145707633346319,-0.005553071387112141,-0.006637627258896828,-0.00206193421036005,-0.003594405250623822,-0.0022055867593735456
EXC,17,2026-04-07 17:45:00+00:00,13:45,-0.0022087672259658575,down,-0.00013856789155397564,0.0032255209516733885,0.0032154317013919353,0.0034969612024724483,0.003132048761472106,0.0024132216349244118,0.00036969463690184057,-0.001115321065299213,0.0008231053361669183,-0.0014847040874883533,0.001453045872040093,0.0005516073433682323,-0.0001790175592759624,5.0679253035923466e-05,0.0003620265342760831,-0.000990325235761702,-2.6199875719612464e-05,0.0009178823092952371,0.0007717381813563406,0.0006259885267354548,-0.0004155739734414965,-0.0025836892891675234,-0.0027730916626751423,0.0015933550894260406,-0.001450923620723188,-0.0022087672259658575
CRL,17,2026-04-07 17:45:00+00:00,13:45,-0.002240507397800684,down,-0.002450597006827593,-0.0020164360757917166,-0.002712053479626775,-0.004677511751651764,-0.006762414705008268,-0.004994750022888184,-0.008952119387686253,-0.005793518852442503,-0.006435214076191187,-0.006604925729334354,-0.005448618903756142,-0.0025312805082648993,-0.004657348617911339,-0.003412186400964856,-0.0026230139192193747,-0.00627923896536231,-0.0016537263290956616,-0.0018544786144047976,-0.005099636036902666,-0.003978875931352377,-0.005866008345037699,-0.008024578914046288,-0.008885483257472515,-0.0031207238789647818,-0.005720577202737331,-0.002240507397800684
PCAR,17,2026-04-07 17:45:00+00:00,13:45,-0.0022586535196751356,down,-0.0026043422985821962,-0.0020391084253787994,-0.002257073065266013,-0.001549895852804184,0.0005116305546835065,-0.0016153007745742798,-0.003753812750801444,-0.003933899570256472,-0.005968749523162842,-0.005391878541558981,-0.0031251388136297464,-0.003205288667231798,-0.0034859701991081238,-0.004851091653108597,-0.00320004066452384,-0.004714860115200281,-0.003157583065330982,-0.0035636955872178078,-0.005035971291363239,-0.004529462195932865,-0.006520903203636408,-0.007471209391951561,-0.007215442135930061,-0.0019078186014667153,-0.003851198824122548,-0.0022586535196751356
COST,17,2026-04-07 17:45:00+00:00,13:45,-0.0023531520273536444,down,-0.00879647396504879,-0.006460307165980339,-0.00692605460062623,-0.0035153329372406006,-0.0009675506153143942,-0.00364958168938756,-0.004211606923490763,-0.005448450800031424,-0.0063948254100978374,-0.0055925664491951466,-0.003521521110087633,-0.003625650191679597,-0.004989698063582182,-0.006048543844372034,-0.006121945567429066,-0.007028208579868078,-0.005079067312180996,-0.0044988784939050674,-0.004823142196983099,-0.00497358338907361,-0.0030588784720748663,-0.00563180772587657,-0.0069653671234846115,-0.005956265609711409,-0.006875529885292053,-0.0023531520273536444
FRT,17,2026-04-07 17:45:00+00:00,13:45,-0.002405510051175952,down,-0.001638852758333087,0.00026625566533766687,0.0012578765163198113,0.0008575094980187714,0.005130257923156023,0.004422954749315977,0.0029067236464470625,0.0010876440210267901,0.0018362968694418669,0.0018826354062184691,0.0040724072605371475,0.0023243878968060017,0.002072982955724001,0.0010988215217366815,0.0015430317725986242,0.0004673753574024886,0.0015082958852872252,0.0009030422079376876,0.0005399950896389782,0.00017663749167695642,-6.785192817915231e-05,-0.0017795272869989276,-0.0019806791096925735,-0.00029684012406505644,-0.002339916070923209,-0.002405510051175952
HIG,17,2026-04-07 17:45:00+00:00,13:45,-0.002425488783046603,down,0.00017876920173875988,0.0031138258054852486,0.002961329184472561,0.003303773934021592,0.00567895220592618,0.004696045070886612,0.003542968537658453,0.0013639427488669753,0.002618164988234639,0.0023586798924952745,0.002970753936097026,0.0030456718523055315,0.002745396923273802,0.0029092631302773952,0.002643184969201684,0.0020577856339514256,0.0028754433151334524,0.0028135045431554317,0.002070208778604865,0.0021610676776617765,0.0007913473527878523,-0.000566295871976763,-0.0011621782323345542,0.0009923524921759963,-0.0015795581275597215,-0.002425488783046603
BKNG,17,2026-04-07 17:45:00+00:00,13:45,-0.002427876926958561,down,-0.008583438582718372,-0.002891137031838298,-0.009992995299398899,-0.005674765910953283,-0.006865960545837879,-0.008031174540519714,-0.009645689278841019,-0.004559936001896858,-0.008880272507667542,-0.0045291101559996605,-5.806354965898208e-05,-0.002878255443647504,-0.003162980079650879,-0.002532439073547721,-0.0025234802160412073,-0.006127276457846165,-0.004004972521215677,-0.004833572544157505,-0.00728601822629571,-0.01053778175264597,-0.008405236527323723,-0.0117958327755332,-0.012452389113605022,-0.007735234219580889,-0.005965984892100096,-0.002427876926958561
GD,17,2026-04-07 17:45:00+00:00,13:45,-0.0024652278516441584,down,-0.0014059823006391525,-0.0007130083395168185,-0.00029329603421501815,0.001923106610774994,0.00391792505979538,0.0025107746478170156,0.00012805714504793286,0.00031574274180456996,-0.0016337907873094082,-0.0014809940475970507,-9.80550394160673e-05,1.665944728301838e-05,-0.0002508320612832904,-0.0005381701630540192,-0.000596597557887435,-0.0024319663643836975,-0.003190638730302453,-0.002368682064116001,-0.0035308245569467545,-0.003276763716712594,-0.0029321336187422276,-0.00475156307220459,-0.004786123521625996,-0.0026823123916983604,-0.00404255511239171,-0.0024652278516441584
PNR,17,2026-04-07 17:45:00+00:00,13:45,-0.0024802261032164097,down,-0.0010907634859904647,0.0008274576393887401,-0.002504232106730342,-0.0016188204754143953,-0.0032346737571060658,-0.004858003463596106,-0.006613872945308685,-0.0068211681209504604,-0.0029609997291117907,-0.003414167556911707,-0.003996731247752905,-0.003348431084305048,-0.002424173289909959,-0.0010138745419681072,-0.0010326375486329198,-0.002564900554716587,-0.0005407227436080575,-0.002055012620985508,-0.0014807273400947452,-0.0008190136286430061,-0.0003597153990995139,-0.0012722935061901808,-0.002263579750433564,0.0002831917372532189,-0.003869598964229226,-0.0024802261032164097
LMT,17,2026-04-07 17:45:00+00:00,13:45,-0.00252447254024446,down,-0.003620671574026346,-0.002004718640819192,-0.0037618919741362333,-0.0012193659786134958,-0.0008943076827563345,-0.0021840883418917656,-0.004147818777710199,-0.003938755020499229,-0.005396202206611633,-0.004594604950398207,-0.0031505802180618048,-0.002771693281829357,-0.0028035370633006096,-0.0024246727116405964,-0.0037915874272584915,-0.00403688196092844,-0.00209511024877429,-0.0028444230556488037,-0.004494116175919771,-0.0037079176399856806,-0.0043562026694417,-0.00667447317391634,-0.0061164358630776405,-0.003431620541960001,-0.005132026504725218,-0.00252447254024446
ALLE,17,2026-04-07 17:45:00+00:00,13:45,-0.0025571556761860847,down,-0.0023769850376993418,0.000688549189362675,-0.0022350812796503305,-0.000996446586214006,-0.0035294799599796534,-0.00513427285477519,-0.010178606025874615,-0.009228589944541454,-0.009027005173265934,-0.00802920013666153,-0.006855390500277281,-0.004376256372779608,-0.006034876685589552,-0.006719447206705809,-0.00839146040380001,-0.009157760068774223,-0.004733920097351074,-0.004892938304692507,-0.006412321701645851,-0.007238040212541819,-0.005227328278124332,-0.007426339201629162,-0.007519804872572422,-0.004719640593975782,-0.005977983120828867,-0.0025571556761860847
EXE,17,2026-04-07 17:45:00+00:00,13:45,-0.0025814808905124664,down,-0.008481857366859913,-0.006517312489449978,-0.010081031359732151,-0.007814004085958004,-0.008713512681424618,-0.008900337852537632,-0.010171996429562569,-0.008674991317093372,-0.009221570566296577,-0.010841571725904942,-0.010823172517120838,-0.011352046392858028,-0.01155262440443039,-0.009027295745909214,-0.009492200799286366,-0.005369529128074646,-0.007443410810083151,-0.005775323137640953,-0.006164410151541233,-0.007416524924337864,-0.004479171708226204,-0.005664350464940071,-0.004899043124169111,-0.003113135229796171,-0.005761801265180111,-0.0025814808905124664
NWSA,17,2026-04-07 17:45:00+00:00,13:45,-0.002600779291242361,down,-0.00043742009438574314,0.0016830842941999435,0.0007151836180128157,0.0011694126296788454,0.0005678099114447832,-0.0014322123024612665,-0.0013060197234153748,-0.003047734731808305,-0.0020193669479340315,-0.0023581255227327347,-0.0013004002394154668,-0.00039836630458012223,-0.0006857659900560975,-0.0009266785345971584,-0.00010280570131726563,-0.0012670180294662714,-0.0006213609012775123,1.6131940355990082e-05,-9.842039435170591e-05,-0.0005716507439501584,-0.0010126156266778708,-0.001254050643183291,-0.0019024659413844347,-0.001364662079140544,-0.002398283453658223,-0.002600779291242361
BDX,17,2026-04-07 17:45:00+00:00,13:45,-0.0026366969104856253,down,-0.0010431031696498394,0.0004061335639562458,-0.0014090646291151643,0.00037686264840885997,0.003224593121558428,-0.0003582567151170224,-0.0035798009485006332,-0.0038030545692890882,-0.0033150911331176758,-0.004098406992852688,-0.0029011243022978306,-0.002654984127730131,-0.0041750469245016575,-0.00492309732362628,-0.0037606703117489815,-0.003404442220926285,-0.0027312838938087225,-0.002563933376222849,-0.0022712084464728832,-0.0027682865038514137,-0.003880054922774434,-0.00403685262426734,-0.005415943451225758,-0.0021654292941093445,-0.0061217499896883965,-0.0026366969104856253
CLX,17,2026-04-07 17:45:00+00:00,13:45,-0.0026702438481152058,down,-0.004866472911089659,-0.004187644924968481,-0.007307401392608881,-0.0038256230764091015,-0.005175390746444464,-0.0052742683328688145,-0.009547938592731953,-0.006870714016258717,-0.007663973141461611,-0.009886146523058414,-0.00885146576911211,-0.007630293723195791,-0.00839968305081129,-0.007991124875843525,-0.006159862503409386,-0.00565952667966485,-0.005870412569493055,-0.0032767578959465027,-0.0054504284635186195,-0.0034702636767178774,-0.0044850632548332214,-0.00633564917370677,-0.008250084705650806,-0.00503862090408802,-0.007229937706142664,-0.0026702438481152058
MA,17,2026-04-07 17:45:00+00:00,13:45,-0.0026818399783223867,down,-0.005218986887484789,-0.0031134793534874916,-0.0037903639022260904,-0.0018783865962177515,-0.002445003017783165,-0.0036222459748387337,-0.004854938481003046,-0.004282901994884014,-0.006542695686221123,-0.005946664605289698,-0.001488691894337535,-0.0011973469518125057,-0.0018169833347201347,-0.0012877987464889884,-0.002196366898715496,-0.0019224918214604259,-0.0012125828070566058,-0.002098364057019353,-0.001128814066760242,3.2232404919341207e-05,-4.129947774345055e-05,-0.0017788053955882788,-0.001836876617744565,0.0011722681811079383,-0.0015619659097865224,-0.0026818399783223867
VST,17,2026-04-07 17:45:00+00:00,13:45,-0.0027079626452177763,down,-0.002992647932842374,-0.000880775332916528,-0.00856457557529211,-0.005571778863668442,-0.0061669377610087395,-0.007295234594494104,-0.0074879382736980915,-0.005591602995991707,-0.004575823433697224,-0.005307666026055813,-0.0037153440061956644,-0.003450773423537612,-0.003652691375464201,-0.004308381583541632,-0.0014934225473552942,-0.004709459841251373,-0.0024412646889686584,-0.0018477108096703887,-0.0009753045160323381,-0.0006803653668612242,-0.0038491247687488794,-0.003996764775365591,-0.004068214911967516,-0.0005209093797020614,0.0003591551212593913,-0.0027079626452177763
PFE,17,2026-04-07 17:45:00+00:00,13:45,-0.0027201503980904818,down,-0.014392569661140442,-0.005359305068850517,-0.011341175064444542,-0.01005016453564167,-0.004216407425701618,-0.004816759843379259,-0.0065890210680663586,-0.011933999136090279,-0.009706305339932442,-0.014965711161494255,-0.01332228071987629,-0.008298151195049286,-0.005300163757055998,-0.005567334592342377,-0.006777438800781965,-0.008146117441356182,-0.006126985885202885,-0.00711377477273345,-0.006478332914412022,-0.006502838805317879,-0.007211953867226839,-0.01320641953498125,-0.011500641703605652,-0.007870514877140522,-0.005923037882894278,-0.0027201503980904818
STT,17,2026-04-07 17:45:00+00:00,13:45,-0.0027855474036186934,down,-0.0036947731859982014,0.000877589569427073,0.001998879946768284,0.003716754959896207,0.002601970685645938,-0.0003408162738196552,-0.0021497609559446573,-0.0018472461961209774,-0.0032496012281626463,-0.0022440063767135143,0.0008281194022856653,0.0009608431137166917,-0.00045739818597212434,-0.0013552047312259674,0.0011183576425537467,0.0009652769076637924,-0.001342162606306374,0.001037001726217568,-0.001084750285372138,-0.00047346862265840173,-0.0014533736975863576,-0.004065745044499636,-0.004686536733061075,-0.0023941975086927414,-0.002839974593371153,-0.0027855474036186934
EQR,17,2026-04-07 17:45:00+00:00,13:45,-0.002813412109389901,down,-0.00546142878010869,-0.0009002976585179567,-0.0032644649036228657,-0.0012151087867096066,6.983488128753379e-05,-0.0020825262181460857,-0.0038893104065209627,-0.0050042541697621346,-0.00261122127994895,-0.002568640047684312,-0.0003804092120844871,-0.001636190339922905,-0.0012468646746128798,-0.003341326955705881,-0.0032866336405277252,-0.004423047415912151,-8.204796904465184e-05,-0.0010184928542003036,0.0005375256296247244,0.0010084081441164017,-0.0020991419441998005,-0.006316675804555416,-0.006167697720229626,-0.0027629430405795574,-0.0040037925355136395,-0.002813412109389901
ACN,17,2026-04-07 17:45:00+00:00,13:45,-0.002891739597544074,down,-0.005181450396776199,-0.0017779935151338577,-0.00475853169336915,-0.0008591110818088055,-0.004568790551275015,-0.004196385852992535,-0.0056017725728452206,-0.003208605805411935,-0.0028487180825322866,-0.003100399160757661,-0.0032400870695710182,-0.0018909715581685305,-0.0007541846134699881,-0.001393056707456708,-0.001603682991117239,-0.0026033807080239058,0.0006917117862030864,-0.0014511855551972985,-0.0014308122918009758,-0.003350443672388792,-0.002906041219830513,-0.005300481338053942,-0.0024504775647073984,-0.001530742971226573,-0.0009487676434218884,-0.002891739597544074
AZO,17,2026-04-07 17:45:00+00:00,13:45,-0.002983632730320096,down,-0.003211609087884426,0.002639457583427429,-0.002491557039320469,-0.0002990559150930494,0.0003779004036914557,-0.003232042072340846,-0.0022526413667947054,-0.003872829722240567,-0.005183052737265825,-0.004659827798604965,-0.0019243607530370355,-0.0012243411038070917,-0.001375836436636746,-0.004315321799367666,-0.004920309409499168,-0.005927137564867735,-0.003465421264991164,-0.00188888527918607,-0.0017258113948628306,-0.002465717028826475,-0.002028062706813216,-0.004376871045678854,-0.0056821671314537525,-0.003402514150366187,-0.005325565580278635,-0.002983632730320096
SYK,17,2026-04-07 17:45:00+00:00,13:45,-0.0030497091356664896,down,-0.004555209074169397,-0.0012244154931977391,-0.002226575743407011,-0.0022966042160987854,-0.0005730732809752226,-0.0033039345871657133,-0.006868420168757439,-0.006635961588472128,-0.007639978546649218,-0.006623993162065744,-0.006584099493920803,-0.005000281613320112,-0.006136514712125063,-0.004951705690473318,-0.005334469955414534,-0.005891183856874704,-0.004322536755353212,-0.004525919910520315,-0.004840727895498276,-0.005023668520152569,-0.003968548495322466,-0.0065093571320176125,-0.006866066250950098,-0.002973046386614442,-0.005964033771306276,-0.0030497091356664896
KDP,17,2026-04-07 17:45:00+00:00,13:45,-0.003092524129897356,down,-0.0030797335784882307,0.0007757532875984907,-0.0015821680426597595,-0.0005867014406248927,0.002534923143684864,-0.000356993725290522,-0.001990340417250991,-0.002799391048029065,-0.0006655899924226105,-0.0032224173191934824,0.0002780342474579811,-0.001694321515969932,-0.0030688862316310406,-0.0018486249027773738,-0.0038049754220992327,-0.002499419031664729,-0.0020275558345019817,-0.002001055981963873,-0.0034432304091751575,-0.0032997007947415113,-0.0034418932627886534,-0.0028887756634503603,-0.0049330391921103,0.000236537292948924,-0.001366426469758153,-0.003092524129897356
KKR,17,2026-04-07 17:45:00+00:00,13:45,-0.0030986208003014326,down,-0.0047483984380960464,6.474148540291935e-05,-0.005621823016554117,-0.004093450494110584,-0.005760399624705315,-0.006336060352623463,-0.01095318328589201,-0.007616442162543535,-0.00775726605206728,-0.009131690487265587,-0.007359656970947981,-0.006493158172816038,-0.00699113542214036,-0.003445887006819248,-0.0025883561465889215,-0.006242488510906696,-0.004083619453012943,-0.0033680577762424946,-0.004594610538333654,-0.0051341732032597065,-0.004791362211108208,-0.005226396955549717,-0.005108475219458342,-0.0002602030581329018,-0.0008922432898543775,-0.0030986208003014326
ROL,17,2026-04-07 17:45:00+00:00,13:45,-0.0031066967640072107,down,-0.00014717043086420745,0.00011464297131169587,0.001181364874355495,0.0024410542100667953,0.0020154279191046953,0.0016406768700107932,-0.0018529919907450676,-0.00289191328920424,-0.00014869295409880579,-0.0008040277753025293,0.0007534488686360419,0.0012923856265842915,-0.00029994003125466406,-0.00026211864314973354,-0.0005134395323693752,-0.0019093609880656004,-0.0003991628473158926,-0.0003013482200913131,-0.0002745012170635164,0.000506186974234879,7.429134711856022e-05,-0.0021674875169992447,-0.0020259886514395475,0.0015655290335416794,0.0008562057628296316,-0.0031066967640072107
UAL,17,2026-04-07 17:45:00+00:00,13:45,-0.0031124798115342855,down,-0.007119355723261833,-0.0036915733944624662,-0.009656019508838654,-0.006199374794960022,-0.011550715193152428,-0.010680175386369228,-0.018031001091003418,-0.012691408395767212,-0.014763646759092808,-0.012016058899462223,-0.01055831741541624,-0.012776687741279602,-0.0100770965218544,-0.006276316940784454,-0.006431250832974911,-0.006441580131649971,-0.004287351854145527,-0.00907894130796194,-0.009492369368672371,-0.009879407472908497,-0.005397746805101633,-0.008881042711436749,-0.012597380205988884,-0.002983788726851344,-0.004694806411862373,-0.0031124798115342855
UNP,17,2026-04-07 17:45:00+00:00,13:45,-0.0031195294577628374,down,-0.004577591083943844,-0.0031353326048702,-0.004450744017958641,-0.002783822128549218,-0.002120678313076496,-0.004374726675450802,-0.0056741745211184025,-0.005966320168226957,-0.005675861611962318,-0.006149554159492254,-0.003477295394986868,-0.005447947885841131,-0.006406751926988363,-0.005795683246105909,-0.005220271646976471,-0.0057742479257285595,-0.002205616794526577,-0.004616184625774622,-0.002764463657513261,-0.00232655368745327,-0.002905486151576042,-0.004694799426943064,-0.0062134829349815845,-0.005898143630474806,-0.0076116882264614105,-0.0031195294577628374
GCUSD,17,2026-04-07 17:45:00+00:00,13:45,-0.0031283653806895018,down,-0.004997329320758581,-0.0031678243540227413,-0.005625629331916571,-0.0033267007675021887,-0.0029350025579333305,-0.007237568031996489,-0.007550670299679041,-0.007603734266012907,-0.008939232677221298,-0.0064412569627165794,-0.006455809809267521,-0.004415376577526331,-0.004951905459165573,-0.0061538247391581535,-0.005137593485414982,-0.00627556350082159,-0.0051890527829527855,-0.004269537050276995,-0.004285706672817469,-0.004413799848407507,-0.0073400577530264854,-0.007616342511028051,-0.007866593077778816,-0.004644138738512993,-0.006331660319119692,-0.0031283653806895018
MCO,17,2026-04-07 17:45:00+00:00,13:45,-0.0031326792668551207,down,-0.006819726433604956,-0.007075546309351921,-0.006053602788597345,-0.0034432155080139637,-0.007393532898277044,-0.007444880437105894,-0.009301051497459412,-0.010504497215151787,-0.011104896664619446,-0.011684773489832878,-0.00868652481585741,-0.0063887694850564,-0.007203385233879089,-0.007948020473122597,-0.008061768487095833,-0.009633301757276058,-0.008918644860386848,-0.006801219657063484,-0.009352697059512138,-0.009343767538666725,-0.005574029870331287,-0.00832871999591589,-0.008222196251153946,-0.005467971321195364,-0.0070371427573263645,-0.0031326792668551207
TYL,17,2026-04-07 17:45:00+00:00,13:45,-0.0035431678406894207,down,-0.0019400608725845814,0.0030018105171620846,-0.0029707991052418947,-0.00039447707240469754,-0.006311014294624329,-0.00956588052213192,-0.011498590931296349,-0.010171202011406422,-0.008073058910667896,-0.007359037175774574,-0.005197340156883001,-0.003137229708954692,-0.0038408113177865744,-0.001902008312754333,-0.005938804242759943,-0.0035539374221116304,-0.0020859718788415194,-0.0018136840080842376,-0.001876874128356576,-0.0020909635350108147,0.0007858625613152981,-0.0023204609751701355,-0.001220892183482647,0.0004025392991025001,-0.0022075208835303783,-0.0035431678406894207
DGX,17,2026-04-07 17:45:00+00:00,13:45,-0.003562133526429534,down,0.0010573130566626787,0.002295220736414194,0.001415976439602673,0.003482478903606534,0.00487471092492342,0.003972115460783243,0.0016046366654336452,-0.0003642105439212173,-0.0013169196899980307,-0.0013796937419101596,-0.0027021148707717657,-4.682831058744341e-05,-0.0019275551894679666,-0.003894622204825282,-0.004609895870089531,-0.004200788680464029,0.0004217355453874916,0.0002992955269291997,0.0008634529658593237,0.00288826460018754,0.0006076304125599563,-0.00034988505649380386,-0.0020284608472138643,-0.0017570850905030966,-0.0025592211168259382,-0.003562133526429534
MTD,17,2026-04-07 17:45:00+00:00,13:45,-0.0035708050709217787,down,-0.0037962181959301233,-0.0026692713145166636,-0.00493074394762516,-0.0033144974149763584,-0.006242689210921526,-0.007237911690026522,-0.00944556389003992,-0.00865593459457159,-0.008164179511368275,-0.006917048245668411,-0.005584812257438898,-0.004854740109294653,-0.003979818895459175,-0.004025044851005077,-0.00491957925260067,-0.005378584377467632,-0.0029895594343543053,-0.005576578434556723,-0.004853431601077318,-0.005516800098121166,-0.007300935219973326,-0.007504172623157501,-0.008425610139966011,-0.0037934109568595886,-0.006372655276209116,-0.0035708050709217787
MSCI,17,2026-04-07 17:45:00+00:00,13:45,-0.003598208772018552,down,-0.003715285798534751,-0.0011652184184640646,-0.0019131394801661372,-0.0004782075120601803,-0.00030660576885566115,-0.0009406000026501715,-0.004166657570749521,-0.004747994244098663,-0.0052024428732693195,-0.004059356637299061,-0.003538652788847685,-0.0017028010915964842,-0.0021615049336105585,-0.0021307843271642923,-0.0022709013428539038,-0.003207062603905797,-0.001861512428149581,-0.002232849132269621,-0.0035019787028431892,-0.0038655998650938272,-0.00514493091031909,-0.00569460354745388,-0.004183671437203884,-0.002198501257225871,-0.004821736365556717,-0.003598208772018552
ADP,17,2026-04-07 17:45:00+00:00,13:45,-0.0036021042615175247,down,-0.008285009302198887,-0.005310396198183298,-0.004578723572194576,-0.003936713095754385,-0.0039411685429513454,-0.005898318253457546,-0.00862447265535593,-0.006859891582280397,-0.006822254043072462,-0.004365245345979929,-0.0024022916331887245,-0.0036643960047513247,-0.0018694440368562937,-0.0018947769422084093,-0.001434174133464694,-0.001448662718757987,6.905168993398547e-05,-0.00018783484119921923,-0.0008450978784821928,-0.0024749282747507095,-0.003550292458385229,-0.003952949773520231,-0.005795685108751059,-0.003944800700992346,-0.006030916236341,-0.0036021042615175247
TXT,17,2026-04-07 17:45:00+00:00,13:45,-0.0036121373996138573,down,-0.0023859464563429356,-0.001024765195325017,-0.0023478290531784296,-0.001001971773803234,-0.00032677242415957153,-0.003727470990270376,-0.005433278623968363,-0.005487935617566109,-0.007607600186020136,-0.0084439218044281,-0.0074303834699094296,-0.0041687688790261745,-0.00590923149138689,-0.0052819387055933475,-0.005147664807736874,-0.0067917476408183575,-0.004448099061846733,-0.004433862399309874,-0.00601550517603755,-0.006267711985856295,-0.005744598805904388,-0.007628565188497305,-0.007847578264772892,-0.0031788311898708344,-0.00541286077350378,-0.0036121373996138573
TSN,17,2026-04-07 17:45:00+00:00,13:45,-0.0036943741142749786,down,0.00011092660861322656,0.003923078067600727,0.0029221531003713608,0.0032153837382793427,0.0026373553555458784,0.0007560879457741976,-0.0013324941974133253,-0.003619122551754117,-0.0009045567130669951,-0.003508384572342038,-0.002166128484532237,0.000371389789506793,-0.00046144681982696056,3.465382178546861e-06,0.00079858343815431,0.00024066565674729645,0.0003502036852296442,-0.0005499781691469252,-0.000619361933786422,-0.0002308960974914953,-0.0008980123675428331,-0.002166462130844593,-0.003042696975171566,-0.00020211160881444812,-0.004258142318576574,-0.0036943741142749786
TDY,17,2026-04-07 17:45:00+00:00,13:45,-0.0036991070955991745,down,-0.0015857802936807275,0.0005048088496550918,-0.001320209470577538,-0.0014348260592669249,-0.003534300485625863,-0.003513691248372197,-0.006308010313659906,-0.006438920274376869,-0.0071517834439873695,-0.006260068155825138,-0.004881837870925665,-0.004182163160294294,-0.0034734844230115414,-0.00291862478479743,-0.004627489950507879,-0.004801766946911812,-0.0028305056039243937,-0.0034388885833323,-0.005134993232786655,-0.005967962555587292,-0.00551863806322217,-0.004946763161569834,-0.005039245821535587,-0.003019888885319233,-0.006695745512843132,-0.0036991070955991745
FDX,17,2026-04-07 17:45:00+00:00,13:45,-0.0037185209803283215,down,-0.004801629576832056,-0.002603045664727688,-0.004913522396236658,-0.00263763964176178,-0.003015512367710471,-0.00485070887953043,-0.006963297259062529,-0.005890897009521723,-0.006509791593998671,-0.005540683399885893,-0.002694972325116396,-0.0019273385405540466,-0.001828510663472116,-0.0023037870414555073,-0.002946284133940935,-0.0037789130583405495,-0.001495893462561071,-0.001755154225975275,-0.0024467234034091234,-0.0019243279239162803,-0.0023111081682145596,-0.004590319935232401,-0.005426561925560236,-0.004435331095010042,-0.0050153573974967,-0.0037185209803283215
IEX,17,2026-04-07 17:45:00+00:00,13:45,-0.003919943235814571,down,-0.00018595182336866856,0.002711361274123192,0.0014215385308489203,0.002533020917326212,0.0008573393570259213,-0.0007272321381606162,-0.0019937690813094378,-0.0022441514302045107,-0.0035393794532865286,-0.00379000511020422,-0.003065057098865509,-0.0016717520775273442,-0.002406628569588065,-0.0021176543086767197,-0.0013810880482196808,-0.0026402596849948168,-0.0022771034855395555,-0.0012876386754214764,-0.004308228846639395,-0.004397011362016201,-0.004810430109500885,-0.006596104241907597,-0.006007491145282984,-0.0024849954061210155,-0.005615218076854944,-0.003919943235814571
FOXA,17,2026-04-07 17:45:00+00:00,13:45,-0.003980821464210749,down,-0.006669281981885433,-0.005115965381264687,-0.006420099176466465,-0.0038043949753046036,-0.0033376163337379694,-0.00560036301612854,-0.007188484538346529,-0.007100916001945734,-0.006106677930802107,-0.005822537001222372,-0.004054707940667868,-0.004271869547665119,-0.004069721791893244,-0.004300943575799465,-0.003776657860726118,-0.0041974675841629505,-0.002316006226465106,-0.0034162946976721287,-0.0029996074736118317,-0.0029239782597869635,-0.004319348372519016,-0.005905532278120518,-0.006854051724076271,-0.004441653378307819,-0.00700713973492384,-0.003980821464210749
COF,17,2026-04-07 17:45:00+00:00,13:45,-0.004068147391080856,down,-0.005019193049520254,-0.002398142823949456,-0.004852724261581898,-0.003045376855880022,-0.0029519316740334034,-0.0037141016218811274,-0.00390648702159524,-0.002800850896164775,-0.003352952655404806,-0.00494403438642621,-0.0038830286357551813,-0.0036994123365730047,-0.0029844127129763365,-0.0029272984247654676,-0.00136320770252496,-0.0031377796549350023,-0.0031910280231386423,-0.0014895959757268429,-0.002896757097914815,-0.004385500680655241,-0.005488372407853603,-0.007755883038043976,-0.007500385865569115,-0.0051413229666650295,-0.005506546702235937,-0.004068147391080856
ORLY,17,2026-04-07 17:45:00+00:00,13:45,-0.004096490330994129,down,-0.00366396177560091,-0.0019935856107622385,-0.0028443075716495514,-0.0027805333957076073,-0.0038027791306376457,-0.0035435210447758436,-0.007464165333658457,-0.007828804664313793,-0.00786611344665289,-0.00805728230625391,-0.006416246760636568,-0.004361721221357584,-0.005987616255879402,-0.001603693701326847,-0.0023896521888673306,-0.0027895180974155664,-0.001550172921270132,-0.0030795179773122072,-0.0034574714954942465,-0.002754881279543042,-0.0037095053121447563,-0.005024790298193693,-0.004145812708884478,-0.00031642569229006767,-0.002908308757469058,-0.004096490330994129
ETR,17,2026-04-07 17:45:00+00:00,13:45,-0.0041001117788255215,down,0.0001736112026264891,0.0007823936175554991,-0.0012916458072140813,0.0005087419995106757,0.003003827529028058,0.0014328594552353024,0.0024750647135078907,0.0004683746083173901,0.0008665536879561841,-0.0004242875147610903,0.000631803588476032,0.001828468288294971,0.002633553696796298,0.0003452695382293314,0.00027004178264178336,0.0016697420505806804,0.0005758019397035241,0.0001497298653703183,-2.392629176029004e-05,0.00038450551801361144,-0.0012076885905116796,-0.0032480161171406507,-0.0035519732628017664,-0.0001146211798186414,-0.0021370246540755033,-0.0041001117788255215
LUV,17,2026-04-07 17:45:00+00:00,13:45,-0.004121803212910891,down,-0.01583249680697918,-0.011729077436029911,-0.015516865998506546,-0.014568021520972252,-0.018123192712664604,-0.019387006759643555,-0.024967141449451447,-0.020494364202022552,-0.02002822235226631,-0.016015121713280678,-0.012471003457903862,-0.009113998152315617,-0.008594587445259094,-0.0054584345780313015,-0.005835770629346371,-0.006947913207113743,-0.00395664107054472,-0.004599247593432665,-0.005884542595595121,-0.007515325676649809,-0.010313743725419044,-0.013004607520997524,-0.014018133282661438,-0.0064148930832743645,-0.010280929505825043,-0.004121803212910891
Q,17,2026-04-07 17:45:00+00:00,13:45,-0.004153337329626083,down,-0.003260978264734149,-0.004319346509873867,-0.007974175736308098,-0.007266317494213581,-0.008650618605315685,-0.00880918838083744,-0.011102662421762943,-0.009577097371220589,-0.010506496764719486,-0.010409470647573471,-0.002751531545072794,-0.003178150625899434,-0.004461308475583792,-0.005455645266920328,-0.0031716658268123865,-0.0038655782118439674,-0.004634919110685587,-0.0063444264233112335,-0.009061139076948166,-0.0075014615431427956,-0.007411562837660313,-0.009533296339213848,-0.010386411100625992,-0.006090477108955383,-0.009243758395314217,-0.004153337329626083
BRK-B,17,2026-04-07 17:45:00+00:00,13:45,-0.004174612462520599,down,-0.006872761063277721,-0.006223304662853479,-0.007055014371871948,-0.005094989202916622,-0.002588672563433647,-0.005413256119936705,-0.007337348535656929,-0.008829176425933838,-0.010012795217335224,-0.008561133407056332,-0.00834747776389122,-0.007997948676347733,-0.00785988662391901,-0.00832912977784872,-0.008297032676637173,-0.008550135418772697,-0.0062335217371582985,-0.006873807404190302,-0.0068187471479177475,-0.006401103921234608,-0.006437205709517002,-0.007716794963926077,-0.008420497179031372,-0.005687613971531391,-0.007510234601795673,-0.004174612462520599
QCOM,17,2026-04-07 17:45:00+00:00,13:45,-0.004180483985692263,down,-0.009506412781774998,-0.008326839655637741,-0.011692541651427746,-0.011582639999687672,-0.011748994700610638,-0.01569836586713791,-0.015567620284855366,-0.015862351283431053,-0.016009118407964706,-0.014211349189281464,-0.011283494532108307,-0.01289910264313221,-0.011449691839516163,-0.01145064178854227,-0.010582086630165577,-0.01126229576766491,-0.011504419147968292,-0.011339647695422173,-0.012175538577139378,-0.01135367900133133,-0.011122646741569042,-0.011611499823629856,-0.011163613758981228,-0.007859600707888603,-0.005092545412480831,-0.004180483985692263
MSI,17,2026-04-07 17:45:00+00:00,13:45,-0.004190266598016024,down,-0.005819354671984911,-0.0028971920255571604,-0.002929226728156209,-0.001259742770344019,-0.0037725549191236496,-0.00585582759231329,-0.008531675674021244,-0.008253688924014568,-0.008614003658294678,-0.007074686232954264,-0.004900357685983181,-0.0035197208635509014,-0.005681531969457865,-0.004621284082531929,-0.005932329222559929,-0.007176094222813845,-0.006086771842092276,-0.0061508286744356155,-0.007005047053098679,-0.006444014608860016,-0.006324586924165487,-0.008389722555875778,-0.007587493862956762,-0.004678632132709026,-0.007078771945089102,-0.004190266598016024
ICE,17,2026-04-07 17:45:00+00:00,13:45,-0.004274280741810799,down,-0.008951799012720585,-0.0035495134070515633,-0.004996160976588726,-0.0015922096790745854,-0.0008108419133350253,-0.0035963982809334993,-0.007860762998461723,-0.007634684443473816,-0.0076776836067438126,-0.009887696243822575,-0.006127397995442152,-0.004144689068198204,-0.004875674843788147,-0.004391067195683718,-0.004566498566418886,-0.006227740552276373,-0.006071288138628006,-0.006287652533501387,-0.006901629734784365,-0.0059353807009756565,-0.005577548872679472,-0.007077056914567947,-0.005996532738208771,-0.004635080229490995,-0.00400844682008028,-0.004274280741810799
AFL,17,2026-04-07 17:45:00+00:00,13:45,-0.004300545435398817,down,-0.0035388655960559845,-0.0027254780288785696,-0.0026462883688509464,-0.0033231049310415983,0.001730227959342301,-0.0010508430423215032,-0.0029850441496819258,-0.002351705450564623,-0.0016774707473814487,-0.0021259719505906105,0.00017053098417818546,-0.0008367010159417987,-0.0008936768863350153,-0.0008327864925377071,-0.0021078179124742746,-0.0007037860341370106,-0.0007990774465724826,-0.001829835120588541,-0.001361595350317657,-0.0010126507841050625,-0.001959902700036764,-0.004086990840733051,-0.0035651910584419966,-0.0013255554949864745,-0.0026093246415257454,-0.004300545435398817
ROP,17,2026-04-07 17:45:00+00:00,13:45,-0.004326645750552416,down,-0.0028097869362682104,-0.002530561527237296,-0.003243625396862626,-0.0013764803297817707,0.00042320118518546224,-0.001809841487556696,-0.0031113456934690475,-0.004378857556730509,-0.004464913159608841,-0.005359417758882046,-0.004425733350217342,-0.002892124466598034,-0.0023165286984294653,-0.002887558192014694,-0.0023903297260403633,-0.0038503168616443872,-0.0019147093407809734,-0.0016780589940026402,-0.002794549334794283,-0.0030502292793244123,-0.0038165762089192867,-0.005336238071322441,-0.004543850664049387,-0.0019792469684034586,-0.004809255246073008,-0.004326645750552416
CMI,17,2026-04-07 17:45:00+00:00,13:45,-0.004366020206362009,down,-0.00047493798774667084,0.0034515955485403538,0.0012934210244566202,0.0018560797907412052,0.002007144968956709,0.002000018022954464,-0.001334299915470183,-0.00023593055084347725,-0.0026132382918149233,-0.0003552739799488336,-0.0018900696886703372,0.0006659524515271187,0.00042746536200866103,0.0010624622227624059,9.67411688179709e-05,-0.0010592312319204211,0.0015499526634812355,0.0003680374356918037,-0.001907175756059587,-0.0030159922316670418,-0.004266756121069193,-0.004323448520153761,-0.005610373802483082,-0.002486685523763299,-0.008134245872497559,-0.004366020206362009
AMT,17,2026-04-07 17:45:00+00:00,13:45,-0.004379234276711941,down,-0.007304060272872448,-0.0036168245133012533,-0.006419103126972914,-0.0053113712929189205,-0.0030319010838866234,-0.00497138686478138,-0.005570537876337767,-0.0061696977354586124,-0.0065495106391608715,-0.005246683489531279,-0.004344239365309477,-0.002410716377198696,-0.002119264332577586,-0.0013214553473517299,-0.0029590351041406393,-0.003980540204793215,0.0006602350622415543,-0.0013389255618676543,-0.00467764912173152,-0.004337450955063105,-0.004080529324710369,-0.006272902246564627,-0.006131880916655064,-0.00046917254803702235,-0.005447625182569027,-0.004379234276711941
WY,17,2026-04-07 17:45:00+00:00,13:45,-0.00442317733541131,down,-0.0037501538172364235,0.0029234467074275017,0.00323568657040596,0.001334807719103992,0.0001330593804595992,-0.0022934270091354847,-0.005176075734198093,-0.006244104355573654,-0.006393416319042444,-0.00750352768227458,-0.005111413542181253,-0.004910531919449568,-0.005580051336437464,-0.00404303427785635,-0.00427883118391037,-0.005514077842235565,-0.004062621388584375,-0.004760050214827061,-0.004373115487396717,-0.0029189581982791424,-0.004084323532879353,-0.00490404712036252,-0.0059359995648264885,-0.0020680478774011135,-0.003531028050929308,-0.00442317733541131
IP,17,2026-04-07 17:45:00+00:00,13:45,-0.004468453116714954,down,-0.006501250900328159,0.0031299253460019827,-0.0024512505624443293,-0.0026318475138396025,-0.004090225789695978,-0.002670540474355221,-0.003266549902036786,-0.0021914939861744642,-0.004477675538510084,-0.006872011348605156,-0.003935897257179022,-0.006977602373808622,-0.00708377081900835,-0.00837947241961956,-0.004192484077066183,-0.0066821095533668995,-0.0038638319820165634,-0.004265996161848307,-0.005472361575812101,-0.005920745432376862,-0.004056387115269899,-0.004283777438104153,-0.005161282140761614,-0.003929630853235722,-0.005038368981331587,-0.004468453116714954
HBAN,17,2026-04-07 17:45:00+00:00,13:45,-0.004484015516936779,down,-0.015291833318769932,-0.010023915208876133,-0.011787274852395058,-0.011112125590443611,-0.011250479146838188,-0.010907619260251522,-0.012932977639138699,-0.012790454551577568,-0.014093304984271526,-0.014514638110995293,-0.011764575727283955,-0.008914695121347904,-0.007942955009639263,-0.009881370700895786,-0.009112529456615448,-0.0104526961222291,-0.006931364070624113,-0.008075181394815445,-0.00984275434166193,-0.008279520086944103,-0.01006518118083477,-0.012402181513607502,-0.012828915379941463,-0.005637557245790958,-0.0050834366120398045,-0.004484015516936779
CMS,17,2026-04-07 17:45:00+00:00,13:45,-0.004499239847064018,down,-0.0019398321164771914,-0.000410667882533744,-0.0029979876708239317,-0.00010166420543100685,0.002124424558132887,-0.0018288104329258204,-0.004398691467940807,-0.0029895026236772537,-0.0038071279413998127,-0.004820129368454218,-0.0014019968220964074,-0.001051801722496748,-0.0018332907930016518,-0.0019832851830869913,-0.0036003629211336374,-0.004054549150168896,-0.003198825754225254,-0.0026842523366212845,-0.0023994564544409513,-0.002184685319662094,-0.004060749430209398,-0.005833948031067848,-0.006596665363758802,-0.0036120496224611998,-0.004612390883266926,-0.004499239847064018
BKR,17,2026-04-07 17:45:00+00:00,13:45,-0.004508240148425102,down,0.004118486773222685,0.002020416548475623,0.0006696516647934914,-0.00019406585488468409,-0.0030055248644202948,-0.004295434337109327,-0.007686113938689232,-0.005902446806430817,-0.0067758942022919655,-0.004563761409372091,-0.003425199305638671,-0.0027879595290869474,-0.0044234395027160645,-0.005419902037829161,-0.003600019495934248,-0.003968949895352125,-0.0023359940387308598,-0.0015269634313881397,-0.003040290903300047,-0.004295143764466047,-0.0031312007922679186,-0.0049217259511351585,-0.00298124086111784,-0.0024326476268470287,-0.008266633376479149,-0.004508240148425102
CRWD,17,2026-04-07 17:45:00+00:00,13:45,-0.004587664268910885,down,-0.005128847435116768,-0.005947380792349577,-0.010807456448674202,-0.006455510389059782,-0.009743308648467064,-0.01321482751518488,-0.014790110290050507,-0.010702588595449924,-0.010741193778812885,-0.009260773658752441,-0.00589254405349493,-0.00619148463010788,-0.004253731109201908,-0.006203867495059967,-0.006767822429537773,-0.005609010811895132,-0.004275541752576828,-0.005307527258992195,-0.008821427822113037,-0.008089160546660423,-0.010025689378380775,-0.009312734939157963,-0.0034143843222409487,-0.002439685631543398,-0.004675667267292738,-0.004587664268910885
AKAM,17,2026-04-07 17:45:00+00:00,13:45,-0.004634212702512741,down,-0.009265836328268051,-0.005122298374772072,-0.0128836864605546,-0.008997328579425812,-0.009133758023381233,-0.014303812757134438,-0.014720153994858265,-0.011024211533367634,-0.011791699565947056,-0.012736446224153042,-0.012423108331859112,-0.010221218690276146,-0.009347864426672459,-0.007085657212883234,-0.008572832681238651,-0.008569125086069107,-0.008488664403557777,-0.008073171600699425,-0.011445672251284122,-0.012640101835131645,-0.008404075168073177,-0.012131277471780777,-0.00954153761267662,-0.0042513469234108925,-0.006501300726085901,-0.004634212702512741
KVUE,17,2026-04-07 17:45:00+00:00,13:45,-0.004701156634837389,down,-0.012898818589746952,-0.007042890414595604,-0.007873703725636005,-0.006280786823481321,0.006678953766822815,0.005751508288085461,0.0037933802232146263,-0.0053077139891684055,-0.0068555185571312904,-0.012687494046986103,-0.008734561502933502,-0.005655266810208559,-0.0003386283933650702,-0.0023357905447483063,-0.010343470610678196,-0.006660424638539553,-0.007031722459942102,-0.0056525408290326595,-0.007988713681697845,-0.008736890740692616,-0.007041802164167166,-0.013795974664390087,-0.011027701199054718,-0.008020156063139439,-0.0138474116101861,-0.004701156634837389
RJF,17,2026-04-07 17:45:00+00:00,13:45,-0.004736908711493015,down,-0.003183236112818122,-0.0013498523039743304,-0.0024686267133802176,-0.0010868670651689172,-0.0031162446830421686,-0.004666240885853767,-0.011131991632282734,-0.008911041542887688,-0.010308054275810719,-0.00994192436337471,-0.006461483892053366,-0.004620293155312538,-0.005691861268132925,-0.0055506969802081585,-0.005945309065282345,-0.005842378828674555,-0.0036765201948583126,-0.0031677845399826765,-0.00374413444660604,-0.005703069269657135,-0.005376043263822794,-0.006429586093872786,-0.0076346974819898605,-0.005093642044812441,-0.006889118812978268,-0.004736908711493015
CTVA,17,2026-04-07 17:45:00+00:00,13:45,-0.004872558172792196,down,-0.004363434389233589,-0.0024419245310127735,-0.0030774837359786034,-0.0008844970143400133,-0.0012579923495650291,-0.0046975924633443356,-0.005318912211805582,-0.005018992815166712,-0.0076672909781336784,-0.0075767082162201405,-0.005100518465042114,-0.0035755287390202284,-0.004816876258701086,-0.0030969653744250536,-0.0040489546954631805,-0.005708471406251192,-0.004978435579687357,-0.004008740186691284,-0.005762424319982529,-0.0049821073189377785,-0.006917711813002825,-0.00920866522938013,-0.0091544883325696,-0.005049641709774733,-0.005955477245151997,-0.004872558172792196
WST,17,2026-04-07 17:45:00+00:00,13:45,-0.004892011638730764,down,-0.0008626253111287951,0.0007385052740573883,-0.0017199903959408402,-0.00045203405898064375,0.00030127775971777737,0.0018567173974588513,-0.0029721541795879602,0.0013534931931644678,5.7936795201385394e-05,-0.0007477736799046397,0.005711623467504978,0.008293844759464264,0.007070191204547882,0.007135752122849226,0.004168773535639048,0.004488750826567411,0.004935671575367451,0.0028037852607667446,0.0023276754654943943,-0.0005376958288252354,0.0011160810245200992,0.00016092602163553238,-0.002860418753698468,0.0016303443117067218,-0.0016578935319557786,-0.004892011638730764
PTC,17,2026-04-07 17:45:00+00:00,13:45,-0.004952990449965,down,-0.004440599121153355,-0.0020526049192994833,-0.004881742876023054,-0.002973636146634817,-0.004812207538634539,-0.005874356254935265,-0.009230060502886772,-0.00673084519803524,-0.005163295194506645,-0.006607573013752699,-0.0035109694581478834,-0.002505699172616005,-0.0009946359787136316,-0.0004244913288857788,-0.0030453873332589865,-0.0028601703234016895,-0.002387931104749441,-0.0027766695711761713,-0.005738614127039909,-0.0064623914659023285,-0.0047780792228877544,-0.006406194064766169,-0.00632860092446208,-0.004921289160847664,-0.005825829692184925,-0.004952990449965
DASH,17,2026-04-07 17:45:00+00:00,13:45,-0.004966857843101025,down,-0.005308131687343121,0.0026072897017002106,-0.00579217541962862,-0.0016495941672474146,-0.005299198906868696,-0.006809108890593052,-0.010776709765195847,-0.007456476334482431,-0.006832990329712629,-0.0032342798076570034,0.0012341482797637582,0.0004856270970776677,-0.0033038873225450516,-0.0007996786735020578,-0.0004221787676215172,-0.002940672216936946,0.001138846273534,0.0011472376063466072,0.0026043772231787443,0.002294538775458932,-0.001255778013728559,-0.0051292241550982,-0.007510601542890072,-0.0025584208779037,-0.005691635422408581,-0.004966857843101025
DHR,17,2026-04-07 17:45:00+00:00,13:45,-0.005038370378315449,down,-0.002170046791434288,-0.0005183856701478362,-0.003339080372825265,-0.002174878492951393,-0.0033526704646646976,-0.00476971035823226,-0.004775311332195997,-0.004239749163389206,-0.005714401602745056,-0.0054283756762743,-0.004805425647646189,-0.0035114779602736235,-0.004760861862450838,-0.005416204687207937,-0.0063978517428040504,-0.0061133308336138725,-0.004252239596098661,-0.0051985918544232845,-0.0065956274047493935,-0.006862529553472996,-0.007316945120692253,-0.007065398618578911,-0.007689117919653654,-0.004182358272373676,-0.005039085168391466,-0.005038370378315449
DLTR,17,2026-04-07 17:45:00+00:00,13:45,-0.005040708929300308,down,-0.006599961314350367,0.0028917717281728983,-0.005526395980268717,-0.000206215976504609,-0.0036742340307682753,-0.007027826737612486,-0.008702180348336697,-0.005276148673146963,-0.003166405251249671,-0.0034980522468686104,-0.001616232329979539,0.00032896947232075036,0.00413076626136899,0.004130529705435038,0.0027421987615525723,0.0035784863866865635,0.0015798595268279314,0.0019347266061231494,-0.001878784503787756,-0.0026468373835086823,-0.004726156126707792,-0.0032240364234894514,-0.00482053542509675,-0.0023608466144651175,-0.005914954002946615,-0.005040708929300308
UPS,17,2026-04-07 17:45:00+00:00,13:45,-0.005064351484179497,down,-0.0032266697380691767,0.001534634386189282,-0.002216556342318654,-0.0004666710738092661,-0.00301589397713542,-0.0018807040760293603,-0.0038057283964008093,-0.0030644291546195745,-0.005966408643871546,-0.006179304793477058,-0.00497464882209897,-0.002696435200050473,-0.00295088323764503,-0.004011513199657202,-0.0065324255265295506,-0.0042439778335392475,-0.0027944399043917656,-0.0026804511435329914,-0.005133007653057575,-0.006152434274554253,-0.005011069122701883,-0.005203827749937773,-0.006268288940191269,-0.002811872400343418,-0.004668551962822676,-0.005064351484179497
DECK,17,2026-04-07 17:45:00+00:00,13:45,-0.005258092191070318,down,-0.0018659682245925069,0.0005108846817165613,-0.003050243714824319,-0.00011943926074309275,-0.0027588550001382828,-0.0036423008423298597,-0.0029525263234972954,-0.005285028833895922,-0.003159511834383011,-0.003896576352417469,-0.0032438873313367367,-0.003935128916054964,-0.00319465808570385,-0.003574685426428914,-0.0031351924408227205,-0.0022089960984885693,-0.0008363585220649838,-0.0018221677746623755,-0.003087272634729743,-0.001745965681038797,-0.0033113572280853987,-0.004744523670524359,-0.006592340301722288,0.00025924138026311994,-0.006441283505409956,-0.005258092191070318
AVY,17,2026-04-07 17:45:00+00:00,13:45,-0.005387161858379841,down,-0.0014457304496318102,0.0026619448326528072,9.018244600156322e-05,0.0007756705163046718,0.0001996493519982323,-0.001157585415057838,-0.005057257600128651,-0.005453938152641058,-0.006832854822278023,-0.010185074992477894,-0.008545924909412861,-0.007991740480065346,-0.009062537923455238,-0.009239539504051208,-0.009246980771422386,-0.011422512121498585,-0.008190283551812172,-0.008269374258816242,-0.007740362547338009,-0.007839471101760864,-0.005720735993236303,-0.006735910661518574,-0.005181717686355114,-0.0018885901663452387,-0.005789783783257008,-0.005387161858379841
EQIX,17,2026-04-07 17:45:00+00:00,13:45,-0.005393309984356165,down,-0.0013242460554465652,-0.000983823207207024,-0.0017302616033703089,-0.00026888996944762766,0.0036651254631578922,-0.0006508989608846605,-0.00195951946079731,-0.0006930315284989774,-0.0042740050703287125,-0.0028302092105150223,-0.0005358425551094115,-0.00037210172740742564,-0.001845465856604278,-0.0018356973305344582,-0.002372915158048272,-0.0020927931182086468,-0.0003000758297275752,-0.0025325079914182425,-0.00309564801864326,-0.004132024012506008,-0.0068688588216900826,-0.01254007127135992,-0.01066671684384346,-0.007617464289069176,-0.011941762641072273,-0.005393309984356165
NKE,17,2026-04-07 17:45:00+00:00,13:45,-0.005404757801443338,down,-0.014155756682157516,-0.012197320349514484,-0.015698382630944252,-0.013147402554750443,-0.010175438597798347,-0.009760002605617046,-0.01492390502244234,-0.014978830702602863,-0.01271304115653038,-0.018044818192720413,-0.01353120431303978,-0.015484835021197796,-0.01301881019026041,-0.012271682731807232,-0.010706600733101368,-0.011828197166323662,-0.012106630019843578,-0.007651329506188631,-0.013101382181048393,-0.013383807614445686,-0.011504754424095154,-0.014621934853494167,-0.012563168071210384,-0.008066783659160137,-0.008175618946552277,-0.005404757801443338
BRO,17,2026-04-07 17:45:00+00:00,13:45,-0.005430835764855146,down,-0.0015880541177466512,-0.0005130466306582093,-0.004731296561658382,-0.002803377341479063,-0.006291920784860849,-0.0061414605006575584,-0.01031460054218769,-0.009052344597876072,-0.00842567440122366,-0.008248419500887394,-0.00878553744405508,-0.007629243191331625,-0.007158818654716015,-0.0046326941810548306,-0.004491431638598442,-0.006061961408704519,-0.0064984895288944244,-0.006924859248101711,-0.008178635500371456,-0.006466046441346407,-0.005904572084546089,-0.007656747475266457,-0.006657125893980265,-0.004286047536879778,-0.006854195613414049,-0.005430835764855146
BF-B,17,2026-04-07 17:45:00+00:00,13:45,-0.005444512702524662,down,-0.002546729287132621,-0.0028916457667946815,-0.0074929422698915005,-0.00011156250548083335,-0.0017264330526813865,-0.005616013426333666,-0.008388481102883816,-0.007817570120096207,-0.007694825995713472,-0.00993872620165348,-0.009360580705106258,-0.00564945861697197,-0.003533559152856469,-0.0021455574315041304,-0.0030866616871207952,-0.004244591575115919,-0.004665663931518793,-0.006540604867041111,-0.007693233899772167,-0.005766861140727997,-0.009035957045853138,-0.00909697636961937,-0.007405170239508152,-0.003917114343494177,-0.004106153268367052,-0.005444512702524662
BX,17,2026-04-07 17:45:00+00:00,13:45,-0.0055202036164700985,down,-0.0077374218963086605,-0.007858249358832836,-0.009316742420196533,-0.0032520578242838383,-0.006022189743816853,-0.00688144750893116,-0.010421200655400753,-0.005942208226770163,-0.010456381365656853,-0.008768247440457344,-0.007394764572381973,-0.007247720845043659,-0.008996046148240566,-0.009030374698340893,-0.00775077985599637,-0.006615522783249617,-0.005093723069876432,-0.006021530367434025,-0.007379623595625162,-0.008144204504787922,-0.007946314290165901,-0.010503573343157768,-0.009084395132958889,-0.0032845893874764442,-0.00585861736908555,-0.0055202036164700985
BK,17,2026-04-07 17:45:00+00:00,13:45,-0.00557249691337347,down,-0.003286671591922641,-0.002124870428815484,-0.00462344940751791,-0.001682455651462078,-0.0016617117216810584,-0.004606259986758232,-0.007604844868183136,-0.0053301784209907055,-0.005263840779662132,-0.006422269623726606,-0.003741021966561675,-0.003275779541581869,-0.002598644234240055,-0.003270214656367898,-0.00364737119525671,-0.004545488860458136,-0.003013608744367957,-0.0023762176278978586,-0.003980168141424656,-0.003950635436922312,-0.00516333244740963,-0.007543701678514481,-0.005937398411333561,-0.0035450442228466272,-0.004880296997725964,-0.00557249691337347
SO,17,2026-04-07 17:45:00+00:00,13:45,-0.005579766817390919,down,-0.005046888254582882,-0.0018837415846064687,-0.0022014365531504154,-0.0006012495141476393,0.0007400646572932601,0.0001137824947363697,-0.0011624908074736595,-0.0002510910271666944,-0.0016686824383214116,-0.002096064854413271,9.759626118466258e-05,-0.00018409057520329952,-0.0019935034215450287,-0.00157961156219244,-0.0006109452224336565,-0.0018488818313926458,-0.001955920597538352,-0.0034562989603728056,-0.0013487479882314801,-4.620467370841652e-05,0.00040326424641534686,-0.002366994973272085,-0.0024141210597008467,-0.001254612347111106,-0.002753730397671461,-0.005579766817390919
KHC,17,2026-04-07 17:45:00+00:00,13:45,-0.005629141349345446,down,-0.011420564725995064,-0.004548375494778156,-0.006426558364182711,-0.004173608962446451,-0.003269053064286709,-0.005254963878542185,-0.0067381286062300205,-0.009711011312901974,-0.01037055067718029,-0.012384186498820782,-0.008079399354755878,-0.009639745578169823,-0.009654323570430279,-0.008802804164588451,-0.006186510436236858,-0.004805319476872683,-0.0061568315140903,-0.007340698968619108,-0.007234130520373583,-0.0060707395896315575,-0.007423125673085451,-0.008801886811852455,-0.00951374601572752,-0.005464008543640375,-0.005010782741010189,-0.005629141349345446
XYL,17,2026-04-07 17:45:00+00:00,13:45,-0.0057320185005664825,down,-0.0028177977073937654,-0.002074572490528226,-0.0025229069869965315,0.000426052778493613,1.0910274795605801e-05,-0.0036148265935480595,-0.005240266211330891,-0.003549504093825817,-0.0041346768848598,-0.00680177565664053,-0.005183227360248566,-0.004613790195435286,-0.005163989029824734,-0.005106598138809204,-0.0038689717184752226,-0.004228988196700811,-0.004599826410412788,-0.002953821560367942,-0.0031166558619588614,-0.004384652711451054,-0.007410904858261347,-0.010096671991050243,-0.011080127209424973,-0.005178197752684355,-0.00617834972217679,-0.0057320185005664825
EMR,17,2026-04-07 17:45:00+00:00,13:45,-0.005773385055363178,down,-0.007570878602564335,-0.000320717430440709,-0.0051496862433850765,-0.001454821671359241,-0.0015376231167465448,-0.0031475245486944914,-0.009024073369801044,-0.006244422867894173,-0.0075185419991612434,-0.0049382103607058525,-0.006049218121916056,-0.0044242143630981445,-0.004606924019753933,-0.004507116042077541,-0.004628302995115519,-0.0026292591355741024,-0.0019033667631447315,-1.7006655980367213e-05,-0.0006292071775533259,-0.0034040571190416813,-0.004898872226476669,-0.006280555389821529,-0.008092413656413555,-0.002679739613085985,-0.00813242606818676,-0.005773385055363178
AWK,17,2026-04-07 17:45:00+00:00,13:45,-0.005779063329100609,down,0.0004329300136305392,0.0022519377525895834,0.0026644044555723667,0.0007294233073480427,0.0022830639500170946,7.274619565578178e-05,0.000309397088130936,-0.0018899724818766117,-0.0022064566146582365,0.00032997323432937264,0.0011220840970054269,0.0014153147349134088,-0.00018016337708104402,0.0003043531614821404,-0.0016085190000012517,-0.0037041157484054565,-0.0008747846586629748,-0.002026216359809041,-0.00060859858058393,0.0009710773592814803,-0.001966165378689766,-0.0035824065562337637,-0.0025877240113914013,-0.001849738066084683,-0.005752562545239925,-0.005779063329100609
NTRS,17,2026-04-07 17:45:00+00:00,13:45,-0.005781670566648245,down,-0.0010258801048621535,0.0021734293550252914,-0.0007417150773108006,0.0017791645368561149,0.002749308943748474,0.0006463801837526262,-0.001680405461229384,-0.0006055916310288012,-0.0026080692186951637,-4.991329478798434e-05,0.0028144936077296734,0.004053110722452402,0.003044620156288147,0.002701427787542343,0.002662328304722905,0.0003483890905044973,0.001781038474291563,0.00035112735349684954,-0.0010307065676897764,-0.002676003612577915,-0.0019131033914163709,-0.005774077959358692,-0.006810710299760103,-0.0015483380993828177,-0.00814181286841631,-0.005781670566648245
LHX,17,2026-04-07 17:45:00+00:00,13:45,-0.005826449021697044,down,-0.005970842204988003,-0.0058889142237603664,-0.006195482332259417,-0.0020551285706460476,-0.0009137658635154366,-0.0024204568471759558,-0.003995775245130062,-0.0020470069721341133,-0.00402948260307312,-0.004282357171177864,-0.005279953125864267,-0.003213331336155534,-0.003086572512984276,-0.004607768729329109,-0.003251702291890979,-0.004629666917026043,-0.005371330305933952,-0.005017809569835663,-0.006645129062235355,-0.004889488685876131,-0.005585526116192341,-0.007257466204464436,-0.006695872638374567,-0.004407048225402832,-0.006468873471021652,-0.005826449021697044
CDW,17,2026-04-07 17:45:00+00:00,13:45,-0.005902633536607027,down,-0.004836698994040489,-0.0021024185698479414,-0.003267028136178851,-0.0022601326927542686,-0.005225043743848801,-0.007406124845147133,-0.009411787614226341,-0.008004364557564259,-0.008078712038695812,-0.009281928651034832,-0.006682836450636387,-0.00479286490008235,-0.0036150203086435795,-0.004462570417672396,-0.0037678247317671776,-0.0043429299257695675,-0.0027275490574538708,-0.0018916333792731166,-0.003803085070103407,-0.0033148496877402067,-0.00393789354711771,-0.007031802088022232,-0.007503252010792494,-0.00388579024001956,-0.0067893401719629765,-0.005902633536607027
AEP,17,2026-04-07 17:45:00+00:00,13:45,-0.00595472939312458,down,-0.0033805170096457005,-0.0019261941779404879,-0.003139209933578968,-0.0027839026879519224,0.0007434978033415973,-0.0020496612414717674,-0.0043175616301596165,-0.0036735734902322292,-0.0025159495417028666,-0.004055601079016924,-0.003937032073736191,-0.002969705266878009,-0.004376565106213093,-0.00323588028550148,-0.005484040826559067,-0.005556012503802776,-0.004275307059288025,-0.003960999194532633,-0.0030872290953993797,-0.0042715780436992645,-0.005494771059602499,-0.008266802877187729,-0.009059766307473183,-0.0036586462520062923,-0.006177251692861319,-0.00595472939312458
DUK,17,2026-04-07 17:45:00+00:00,13:45,-0.006000524386763573,down,-0.0011542198481038213,0.004638622049242258,0.0022270078770816326,0.002146634738892317,0.004304938483983278,0.0020801485516130924,0.0024836580269038677,-0.0013355970149859786,-0.0008889581076800823,-0.004475817084312439,-0.0008148248307406902,-0.003142262576147914,-0.004695620853453875,-0.004161145072430372,-0.004377149045467377,-0.004934092052280903,-0.004307945724576712,-0.004295084625482559,-0.002415853086858988,-0.0027377360966056585,-0.006010968703776598,-0.0071843755431473255,-0.007892390713095665,-0.004010798875242472,-0.005326187238097191,-0.006000524386763573
ROK,17,2026-04-07 17:45:00+00:00,13:45,-0.0060287900269031525,down,-0.005437640007585287,-0.0036099106073379517,-0.006875972263514996,-0.004389829467982054,-0.004432144109159708,-0.0065822480246424675,-0.008362649008631706,-0.007472305558621883,-0.007976995781064034,-0.006999530829489231,-0.006193738430738449,-0.0037250982131808996,-0.005095083266496658,-0.004576779901981354,-0.004947650246322155,-0.00528350193053484,-0.006236270535737276,-0.006506382953375578,-0.008390269242227077,-0.008366997353732586,-0.0067013585940003395,-0.00964789092540741,-0.008379979990422726,-0.0064032841473817825,-0.0077188885770738125,-0.0060287900269031525
RVTY,17,2026-04-07 17:45:00+00:00,13:45,-0.0061401785351336,down,-0.004237044602632523,-0.0025314795784652233,-0.006084976252168417,-0.005127056501805782,-0.00517694465816021,-0.007541615981608629,-0.010594802908599377,-0.009956921450793743,-0.008899036794900894,-0.009753161109983921,-0.013395538553595543,-0.009295865893363953,-0.009516874328255653,-0.0067861261777579784,-0.006923240143805742,-0.008086726069450378,-0.005535061936825514,-0.007074621506035328,-0.008584560826420784,-0.006890702061355114,-0.007772857788950205,-0.008073224686086178,-0.010243594646453857,-0.006232007406651974,-0.007453690283000469,-0.0061401785351336
EBAY,17,2026-04-07 17:45:00+00:00,13:45,-0.006163517478853464,down,-0.00714372843503952,-0.0050139110535383224,-0.009003043174743652,-0.003774983575567603,-0.0011502859415486455,-0.0009519395534880459,-0.005436678882688284,-0.002541795838624239,-0.0082536106929183,-0.006969681940972805,-0.0057786451652646065,-0.004329071845859289,-0.004233295563608408,-0.0024280475918203592,-0.0024978627916425467,-0.006268220022320747,-0.004028648138046265,-0.006763494107872248,-0.007353420369327068,-0.005486099980771542,-0.0074607436545193195,-0.008846266195178032,-0.008317936211824417,-0.002485000528395176,-0.005806969944387674,-0.006163517478853464
WSM,17,2026-04-07 17:45:00+00:00,13:45,-0.0061789569444954395,down,-0.0003924350312445313,-0.002802689326927066,-0.006991022266447544,-0.006258385721594095,-0.009077806025743484,-0.009408124722540379,-0.011031141504645348,-0.008517702110111713,-0.009943629615008831,-0.008853686042129993,-0.008278108201920986,-0.008361399173736572,-0.008825401775538921,-0.0074286675080657005,-0.009102587588131428,-0.010951290838420391,-0.009099944494664669,-0.008393436670303345,-0.007515898905694485,-0.009512110613286495,-0.00998876802623272,-0.010046524927020073,-0.010403825901448727,-0.008239361457526684,-0.007002657279372215,-0.0061789569444954395
LDOS,17,2026-04-07 17:45:00+00:00,13:45,-0.006206019315868616,down,-0.0024417995009571314,0.0010425602085888386,-0.0014576409012079239,0.002058005426079035,0.0010807453654706478,-0.0002329111157450825,-0.0038548740558326244,-0.00012229190906509757,0.0011671852553263307,-0.0006483682082034647,0.0013980116927996278,0.0031041542533785105,0.0013424241915345192,0.0017010592855513096,0.00025337483384646475,-0.0009208042174577713,0.0012346511939540505,0.002469320548698306,0.0010020306799560785,-0.0008417320786975324,-0.0009473796235397458,-0.0032174179796129465,-0.004762750118970871,-0.0016213359776884317,-0.006138139870017767,-0.006206019315868616
PRU,17,2026-04-07 17:45:00+00:00,13:45,-0.006371787283569574,down,-0.003833924187347293,8.175255788955837e-05,-0.0041303569450974464,-0.001616746187210083,-0.0018938069697469473,-0.003973842598497868,-0.006216782610863447,-0.0051947603933513165,-0.008162070997059345,-0.009490112774074078,-0.006951053161174059,-0.006685863249003887,-0.00805906392633915,-0.007751932833343744,-0.0055291419848799706,-0.008350075222551823,-0.006478161551058292,-0.006359124090522528,-0.007564848754554987,-0.005895127076655626,-0.008128278888761997,-0.009764285758137703,-0.01029750145971775,-0.005034793633967638,-0.007087341975420713,-0.006371787283569574
NRG,17,2026-04-07 17:45:00+00:00,13:45,-0.0063897413201630116,down,-0.009666411206126213,-0.00440950645133853,-0.007773714140057564,-0.004448492079973221,-0.007200895342975855,-0.012115029618144035,-0.012204970233142376,-0.00982652697712183,-0.010100758634507656,-0.00862459372729063,-0.006386225577443838,-0.007396467495709658,-0.005728959105908871,-0.007048419211059809,-0.008265418000519276,-0.012153496965765953,-0.008015944622457027,-0.007394803687930107,-0.008127447217702866,-0.007418802008032799,-0.00985802710056305,-0.01165112666785717,-0.009997447021305561,-0.004036991391330957,-0.006862604059278965,-0.0063897413201630116
O,17,2026-04-07 17:45:00+00:00,13:45,-0.006440744269639254,down,-0.002153172390535474,-0.001256616204045713,-0.002134268870577216,-0.0011771497083827853,-0.0007500799838453531,-0.0032578578684479,-0.004585075192153454,-0.00665595568716526,-0.005660681519657373,-0.006371910683810711,-0.0029658377170562744,-0.003847918938845396,-0.004759735427796841,-0.005164083559066057,-0.006086953915655613,-0.006716347765177488,-0.003859803779050708,-0.002497513312846422,-0.002616981975734234,-0.002131101908162236,-0.00494625698775053,-0.007106475997716188,-0.007075516972690821,-0.004286987707018852,-0.007041121833026409,-0.006440744269639254
SOLV,17,2026-04-07 17:45:00+00:00,13:45,-0.006523392163217068,down,-0.0026964477729052305,0.0036542899906635284,-0.0015601851046085358,-0.0007985698175616562,-0.0030405644793063402,-0.005935825873166323,-0.009498603641986847,-0.00698048435151577,-0.0062003121711313725,-0.0076149930246174335,-0.007117463741451502,-0.0060387905687093735,-0.006587141193449497,-0.005460736807435751,-0.006193696055561304,-0.0065925209783017635,-0.0028458251617848873,-0.0028898168820887804,-0.0038666583131998777,-0.005661061964929104,-0.00488999392837286,-0.006561764981597662,-0.006690667942166328,-0.003681492991745472,-0.006330582313239574,-0.006523392163217068
ORCL,17,2026-04-07 17:45:00+00:00,13:45,-0.00654109800234437,down,-0.007295010145753622,-0.00787271372973919,-0.009859477169811726,-0.007470237091183662,-0.011629421263933182,-0.012494309805333614,-0.014616195112466812,-0.014767525717616081,-0.014502239413559437,-0.010823605582118034,-0.005240731406956911,-0.006542140617966652,-0.006458982825279236,-0.004623752553015947,-0.006087513640522957,-0.006837359629571438,-0.008296574465930462,-0.005795591976493597,-0.005871493369340897,-0.006104197818785906,-0.008120640181005001,-0.009903913363814354,-0.010828944854438305,-0.0077478354796767235,-0.010291192680597305,-0.00654109800234437
IFF,17,2026-04-07 17:45:00+00:00,13:45,-0.006581754889339209,down,0.00456633185967803,0.011191615834832191,0.005327118560671806,0.005760716740041971,0.001472837058827281,-0.0006255510961636901,-0.004809651989489794,-0.00931499432772398,-0.00622900715097785,-0.009979665279388428,-0.010219494812190533,-0.008393301628530025,-0.005548498127609491,-0.003702662419527769,-0.005079297348856926,-0.007020981051027775,-0.009350012987852097,-0.007051269058138132,-0.010939841158688068,-0.008361575193703175,-0.006765005178749561,-0.00688517140224576,-0.00722912373021245,-0.0037304461002349854,-0.010018639266490936,-0.006581754889339209
WMB,17,2026-04-07 17:45:00+00:00,13:45,-0.006585471797734499,down,-0.00037057051667943597,0.001617944217287004,-0.0009324260172434151,-0.00205801660194993,-0.0014846838312223554,-0.004232586361467838,-0.006118543911725283,-0.007296698167920113,-0.009421741589903831,-0.00803781021386385,-0.006904751993715763,-0.0035158563405275345,-0.0026995674706995487,-0.000952980131842196,-0.0034209024161100388,-0.006512869615107775,-0.004144992679357529,-0.005855104885995388,-0.0038074213080108166,-0.0028409927617758512,-0.0033956975676119328,-0.002169030951336026,-0.00509120337665081,-0.008011166006326675,-0.007640165276825428,-0.006585471797734499
AOS,17,2026-04-07 17:45:00+00:00,13:45,-0.006630861200392246,down,-0.0036745963152498007,0.00027638458414003253,-0.0028921938501298428,-0.00211699609644711,-0.0020727983210235834,-0.004335480276495218,-0.0065421732142567635,-0.007520429324358702,-0.0092999916523695,-0.008966413326561451,-0.009483477100729942,-0.007214954122900963,-0.007011764217168093,-0.00706013198941946,-0.006272465456277132,-0.007880880497395992,-0.005123625509440899,-0.0057576438412070274,-0.008143026381731033,-0.008188865147531033,-0.0073015582747757435,-0.007373899687081575,-0.008879384025931358,-0.005715285427868366,-0.00816353876143694,-0.006630861200392246
J,17,2026-04-07 17:45:00+00:00,13:45,-0.006640780251473188,down,-0.0018223457736894488,-0.0007770932279527187,-0.002314529614523053,0.00024128310906235129,-0.0014513570349663496,-0.005022650118917227,-0.007065123412758112,-0.0038724008481949568,-0.006040836684405804,-0.006376664619892836,-0.00697749387472868,-0.004955214913934469,-0.006233120337128639,-0.007396358996629715,-0.007403514347970486,-0.01005452312529087,-0.005798677913844585,-0.00592808099463582,-0.004526650067418814,-0.005340890493243933,-0.008279204368591309,-0.01051678042858839,-0.01125207357108593,-0.007746935822069645,-0.008176109753549099,-0.006640780251473188
YUM,17,2026-04-07 17:45:00+00:00,13:45,-0.006675024051219225,down,0.001374550280161202,0.00332060968503356,0.002502090996131301,0.002811610698699951,0.005461434368044138,0.003941533155739307,0.0018503358587622643,3.2056181225925684e-05,0.0002581570588517934,0.0007609841995872557,0.003010739805176854,0.0017598775448277593,0.0007645704317837954,0.00040056672878563404,-0.0005678970483131707,-0.0008701857295818627,8.84110268088989e-05,-0.0005123239825479686,-0.002125176601111889,-0.0011043251724913716,-0.0020745168440043926,-0.00432209437713027,-0.005915467161685228,-0.0038567970041185617,-0.008771666325628757,-0.006675024051219225
EL,17,2026-04-07 17:45:00+00:00,13:45,-0.006726199761033058,down,-0.006863879505544901,-0.0017671575769782066,-0.0021426633466035128,-0.004260552581399679,-0.006858151871711016,-0.006447799503803253,-0.01584179699420929,-0.011526595801115036,-0.008977951481938362,-0.010917731560766697,-0.008618976920843124,-0.007426328957080841,-0.0007522548548877239,-0.0022802024614065886,-0.005017738323658705,-0.00879540853202343,-0.004116527736186981,-0.0038019795902073383,-0.005687813274562359,-0.005629819817841053,-0.004796511027961969,-0.005666535813361406,-0.009525574743747711,-0.005489854607731104,-0.011697386391460896,-0.006726199761033058
ARE,17,2026-04-07 17:45:00+00:00,13:45,-0.006819871719926596,down,-0.0037845231126993895,0.004910820629447699,-0.0015214893501251936,-0.0027879318222403526,-0.006682102102786303,-0.004966023378074169,-0.008246567100286484,-0.009261379018425941,-0.0011436474742367864,-0.004304802976548672,-0.002372231800109148,-0.002801255788654089,-0.005395777989178896,-0.0033229959663003683,-0.00149251869879663,-0.00340132974088192,-0.0014235390117391944,-0.0008584216120652854,-0.0035365717485547066,-0.004272394813597202,-0.004138126038014889,-0.005173255689442158,-0.007131936959922314,-0.002121595898643136,-0.003740175860002637,-0.006819871719926596
JKHY,17,2026-04-07 17:45:00+00:00,13:45,-0.00696259131655097,down,0.00019421392062213272,0.0007323464378714561,0.0011357718612998724,0.0008093873038887978,0.0034929465036839247,0.0023912007454782724,0.0014186655171215534,0.0007336505223065615,0.0012983797350898385,-0.00011910150351468474,0.0019142624223604798,0.004200810566544533,0.001854672096669674,0.0005728724645450711,0.00010595089406706393,-0.0028336585965007544,0.0005151984514668584,0.0006417333497665823,-0.0010993994073942304,-0.0041952733881771564,-0.0024907002225518227,-0.00612704548984766,-0.004741857759654522,-0.0028342041186988354,-0.009601607918739319,-0.00696259131655097
KLAC,17,2026-04-07 17:45:00+00:00,13:45,-0.006980042438954115,down,-0.001975730527192354,-0.005251655355095863,-0.005383630748838186,-0.0014997107209637761,-0.0020830538123846054,-0.006647327449172735,-0.008372416719794273,-0.004518761299550533,-0.007540006190538406,-0.004986171144992113,-0.004598722793161869,-0.002368144690990448,-0.003831626148894429,-0.0035544720012694597,-0.004874359350651503,-0.0062406850047409534,-0.006699481047689915,-0.006597703322768211,-0.006633573677390814,-0.0021821570117026567,-0.005736424587666988,-0.006722664460539818,-0.007832302711904049,-0.0037887278012931347,-0.009875206276774406,-0.006980042438954115
NOC,17,2026-04-07 17:45:00+00:00,13:45,-0.0069877589121460915,down,-0.004025133792310953,-0.0025830219965428114,-0.004028813913464546,-0.002261686371639371,-0.002060220343992114,-0.0038658808916807175,-0.005716518498957157,-0.005302955396473408,-0.007152335252612829,-0.006274071522057056,-0.004693731665611267,-0.003598277922719717,-0.0036955128889530897,-0.0035040986258536577,-0.0049529108218848705,-0.005668888799846172,-0.006473768502473831,-0.005415499210357666,-0.008147809654474258,-0.007590995170176029,-0.007910557091236115,-0.008813374675810337,-0.007610480301082134,-0.005735532846301794,-0.008891311474144459,-0.0069877589121460915
AXON,17,2026-04-07 17:45:00+00:00,13:45,-0.00701509416103363,down,-0.007832713425159454,-0.011614502407610416,-0.019104396924376488,-0.0166693814098835,-0.03205617144703865,-0.030739707872271538,-0.03189871087670326,-0.026201976463198662,-0.023618916049599648,-0.0278827752918005,-0.024296455085277557,-0.01812007464468479,-0.022195395082235336,-0.03498658910393715,-0.03357630595564842,-0.033449530601501465,-0.040244124829769135,-0.025531480088829994,-0.042258504778146744,-0.027015261352062225,-0.030559463426470757,-0.029518388211727142,-0.021283671259880066,-0.016160665079951286,-0.0238858163356781,-0.00701509416103363
MCK,17,2026-04-07 17:45:00+00:00,13:45,-0.007086983881890774,down,0.0034233229234814644,0.0005158949643373489,-2.6885096303885803e-05,0.0008449830347672105,0.0033773358445614576,-0.0022868344094604254,-0.0039121960289776325,-0.003429288975894451,-0.006307264324277639,-0.00551258260384202,-0.0040973033756017685,-0.0008085801382549107,-0.0019362529274076223,-0.0017313340213149786,-0.0037658156361430883,-0.0030036342795938253,-0.0014289469690993428,-0.002213934902101755,-0.004139582626521587,-0.004189615603536367,-0.005827676504850388,-0.009134643711149693,-0.008131700567901134,-0.00604834733530879,-0.012097587808966637,-0.007086983881890774
EME,17,2026-04-07 17:45:00+00:00,13:45,-0.007182900328189135,down,-0.003983649890869856,-0.002370317466557026,-0.004708589054644108,-0.0007193767232820392,-0.0029903745744377375,-0.003919957205653191,-0.007513856515288353,-0.007423351984471083,-0.00902123935520649,-0.0060891518369317055,-0.005113729275763035,-0.0027716774493455887,-0.004764035809785128,-0.0034984308294951916,-0.005972040817141533,-0.009555024094879627,-0.009065866470336914,-0.0068439701572060585,-0.007992353290319443,-0.0053727272897958755,-0.0055666533298790455,-0.0051607233472168446,-0.006351455580443144,-0.0020105643197894096,-0.006602799519896507,-0.007182900328189135
CB,17,2026-04-07 17:45:00+00:00,13:45,-0.007251346949487925,down,-0.005144346505403519,-0.0023911548778414726,-0.002711937529966235,-0.002800410846248269,0.0009952967520803213,-0.0012599352048709989,-0.003693025792017579,-0.005608162377029657,-0.006918954662978649,-0.006656434386968613,-0.007229316048324108,-0.007453743368387222,-0.007621214259415865,-0.00733258156105876,-0.006066001486033201,-0.007931428030133247,-0.007015797309577465,-0.006420277990400791,-0.005952519830316305,-0.005676007829606533,-0.006548300385475159,-0.0077581144869327545,-0.007116620894521475,-0.00592950452119112,-0.006927687209099531,-0.007251346949487925
PG,17,2026-04-07 17:45:00+00:00,13:45,-0.007290845271199942,down,-0.0067335763014853,-0.004384560510516167,-0.006971066351979971,-0.00596620561555028,-0.0032112353947013617,-0.005851733032613993,-0.007773673627525568,-0.011417374946177006,-0.008273584768176079,-0.011478022672235966,-0.010344383306801319,-0.009522045031189919,-0.010491699911653996,-0.010555561631917953,-0.01008518785238266,-0.009371966123580933,-0.007839019410312176,-0.00858572032302618,-0.006372890900820494,-0.005547553766518831,-0.00720401993021369,-0.009205418638885021,-0.011104115284979343,-0.009408126585185528,-0.008477400057017803,-0.007290845271199942
D,17,2026-04-07 17:45:00+00:00,13:45,-0.007447105832397938,down,-0.00154457229655236,-0.0002915874938480556,-0.0027041591238230467,-0.0019111973233520985,-0.0005760187632404268,-0.003265111008659005,-0.003996487241238356,-0.004789542872458696,-0.0036586523056030273,-0.004814639687538147,-0.0018599347677081823,-0.002979987533763051,-0.0038738877046853304,-0.005026435013860464,-0.004465553443878889,-0.005619028117507696,-0.003557781456038356,-0.0025197435170412064,-0.002800531918182969,-0.0027243259828537703,-0.005845082923769951,-0.007398927118629217,-0.008408721536397934,-0.004474650602787733,-0.007386332843452692,-0.007447105832397938
TGT,17,2026-04-07 17:45:00+00:00,13:45,-0.007496682461351156,down,-0.007498802617192268,-0.0050847576931118965,-0.010638474486768246,-0.0038522889371961355,-0.006267564836889505,-0.010137755423784256,-0.010346218943595886,-0.010124520398676395,-0.009425709024071693,-0.013059180229902267,-0.008593306876718998,-0.007600818295031786,-0.007032318972051144,-0.006032609846442938,-0.007247340399771929,-0.006638046354055405,-0.006487317383289337,-0.00770705146715045,-0.007580640260130167,-0.009403159841895103,-0.009144049137830734,-0.007981154136359692,-0.008011095225811005,-0.005361171904951334,-0.006330569740384817,-0.007496682461351156
CBRE,17,2026-04-07 17:45:00+00:00,13:45,-0.007541005965322256,down,-0.005720187444239855,-0.005657138768583536,-0.005834592506289482,-0.005069409031420946,-0.0077333287335932255,-0.009588546119630337,-0.011193335056304932,-0.011209201067686081,-0.011706397868692875,-0.011959011666476727,-0.010234690271317959,-0.008248378522694111,-0.009216124191880226,-0.007952184416353703,-0.008351086638867855,-0.009772525168955326,-0.008139763958752155,-0.006688588764518499,-0.006822092924267054,-0.00781585555523634,-0.008279348723590374,-0.008495919406414032,-0.009044171310961246,-0.0056054857559502125,-0.00950433500111103,-0.007541005965322256
MSFT,17,2026-04-07 17:45:00+00:00,13:45,-0.007547125685960054,down,-0.0025381885934621096,-0.0057806819677352905,-0.006836190819740295,-0.005277401302009821,-0.007488630246371031,-0.0116892633959651,-0.01212327741086483,-0.011490161530673504,-0.010929612442851067,-0.008595612831413746,-0.006564209703356028,-0.007831302471458912,-0.009405714459717274,-0.008414767682552338,-0.008566966280341148,-0.008538970723748207,-0.008945600129663944,-0.009977476671338081,-0.010427574627101421,-0.010588563047349453,-0.012480678968131542,-0.01611814834177494,-0.015714390203356743,-0.014103412628173828,-0.010854020714759827,-0.007547125685960054
MMM,17,2026-04-07 17:45:00+00:00,13:45,-0.007635169196873903,down,-0.0027342592366039753,0.0010621107649058104,-0.0019643777050077915,-0.0007638772367499769,0.0006670257425867021,-0.0026523726992309093,-0.004024295601993799,-0.004295045509934425,-0.006254733074456453,-0.00858275406062603,-0.005252178758382797,-0.006278705783188343,-0.00596519373357296,-0.007214250508695841,-0.006118328310549259,-0.008032070472836494,-0.0062166498973965645,-0.007322494871914387,-0.006497146096080542,-0.006201874930411577,-0.005879780277609825,-0.007598205469548702,-0.006465645506978035,-0.006289634853601456,-0.008244285359978676,-0.007635169196873903
APH,17,2026-04-07 17:45:00+00:00,13:45,-0.007783825043588877,down,-0.01039863284677267,-0.0046833897940814495,-0.010454597882926464,-0.005275463219732046,-0.009363415651023388,-0.012067995965480804,-0.014675836078822613,-0.010215028189122677,-0.011654851026833057,-0.010569611564278603,-0.008271502330899239,-0.009161393158137798,-0.00996141042560339,-0.008600588887929916,-0.005809285212308168,-0.007455324288457632,-0.006363540887832642,-0.003031540662050247,-0.004843131639063358,-0.009083417244255543,-0.010000566951930523,-0.014297747984528542,-0.011537300422787666,-0.010235271416604519,-0.013472817838191986,-0.007783825043588877
MDT,17,2026-04-07 17:45:00+00:00,13:45,-0.007797910366207361,down,-0.006208034232258797,-0.002203435404226184,-0.003436748404055834,-0.0031170013826340437,-0.0014696919824928045,-0.004063601605594158,-0.006612800061702728,-0.007262467406690121,-0.008219383656978607,-0.009556940756738186,-0.008023006841540337,-0.008294540457427502,-0.008978212252259254,-0.006445914041250944,-0.006139759439975023,-0.006381560117006302,-0.007269170600920916,-0.006482393015176058,-0.006752049550414085,-0.005470458418130875,-0.004913105629384518,-0.006438237614929676,-0.007062920834869146,-0.004566848278045654,-0.006160474848002195,-0.007797910366207361
POOL,17,2026-04-07 17:45:00+00:00,13:45,-0.00780165521427989,down,-0.007660942617803812,-0.00557798333466053,-0.007435901556164026,-0.005793597083538771,-0.006953292991966009,-0.007364423014223576,-0.012303854338824749,-0.010896996594965458,-0.011746780015528202,-0.010668710805475712,-0.011855652555823326,-0.01142777781933546,-0.011497254483401775,-0.011443383060395718,-0.008131412789225578,-0.00861113891005516,-0.006868421565741301,-0.007091110572218895,-0.008767529390752316,-0.007402955088764429,-0.00764940632507205,-0.009127890691161156,-0.01178092323243618,-0.009912640787661076,-0.010971528477966785,-0.00780165521427989
IVZ,17,2026-04-07 17:45:00+00:00,13:45,-0.007862497121095657,down,-0.015128068625926971,-0.008193898014724255,-0.012418507598340511,-0.012679561041295528,-0.014168167486786842,-0.018274419009685516,-0.02097528614103794,-0.016446132212877274,-0.016102384775877,-0.015950871631503105,-0.013021732680499554,-0.013904593884944916,-0.009757373481988907,-0.0062634507194161415,-0.007063693832606077,-0.011485963128507137,-0.004396399483084679,-0.005985885858535767,-0.008271857164800167,-0.014120570383965969,-0.01743362471461296,-0.016709059476852417,-0.013514704070985317,-0.008228390477597713,-0.01100456528365612,-0.007862497121095657
FAST,17,2026-04-07 17:45:00+00:00,13:45,-0.007906032726168633,down,-0.008818239904940128,-0.006335556507110596,-0.005464090500026941,-0.00460196053609252,-0.005634478759020567,-0.0077146985568106174,-0.008876090869307518,-0.010926637798547745,-0.012427838519215584,-0.012430637143552303,-0.011518164537847042,-0.011144069954752922,-0.012155945412814617,-0.010614298284053802,-0.011842617765069008,-0.012858808040618896,-0.010759485885500908,-0.011338676325976849,-0.012318309396505356,-0.011689913459122181,-0.011528244242072105,-0.013687320053577423,-0.01371731422841549,-0.010549567639827728,-0.011866590939462185,-0.007906032726168633
BR,17,2026-04-07 17:45:00+00:00,13:45,-0.007994277402758598,down,-0.006006346549838781,-0.002206456381827593,-0.007286516018211842,-0.00606195442378521,-0.010396488010883331,-0.011262888088822365,-0.013912519440054893,-0.011587788350880146,-0.010150440968573093,-0.012066083960235119,-0.009580299258232117,-0.007501928601413965,-0.008753105066716671,-0.00759431766346097,-0.009561817161738873,-0.011235896497964859,-0.009370114654302597,-0.009309960529208183,-0.009320193901658058,-0.008251355029642582,-0.009874206967651844,-0.012277340516448021,-0.010382570326328278,-0.009065159596502781,-0.012796023860573769,-0.007994277402758598
HOOD,17,2026-04-07 17:45:00+00:00,13:45,-0.008148006163537502,down,-0.018272602930665016,-0.021962177008390427,-0.030910171568393707,-0.02702944353222847,-0.02664327807724476,-0.025984151288866997,-0.026588622480630875,-0.020716160535812378,-0.02028491534292698,-0.01595630683004856,-0.013230962678790092,-0.010162596590816975,-0.008514613844454288,-0.009313978254795074,-0.011471081525087357,-0.012114602141082287,-0.006656053010374308,-0.00707491859793663,-0.009511125274002552,-0.007950913161039352,-0.010821796953678131,-0.015445763245224953,-0.01729414612054825,-0.009785900823771954,-0.012182626873254776,-0.008148006163537502
MGM,17,2026-04-07 17:45:00+00:00,13:45,-0.008280804380774498,down,-0.007104834076017141,-0.005914976354688406,-0.009001538157463074,-0.009867091663181782,-0.010831774212419987,-0.01654662936925888,-0.02022014930844307,-0.020318573340773582,-0.01834620162844658,-0.017745936289429665,-0.014838015660643578,-0.011506886221468449,-0.008640792220830917,-0.008626294322311878,-0.009755534119904041,-0.010440311394631863,-0.007895266637206078,-0.006940934341400862,-0.01021778117865324,-0.009638996794819832,-0.01061589177697897,-0.013552860356867313,-0.013442971743643284,-0.00857080053538084,-0.012806848622858524,-0.008280804380774498
CHD,17,2026-04-07 17:45:00+00:00,13:45,-0.008385504595935345,down,-0.001089869299903512,0.0003925756027456373,-0.0019802958704531193,-0.0009612130816094577,-0.0011837277561426163,-0.002885751659050584,-0.004461930599063635,-0.00608236575499177,-0.008100412786006927,-0.006883766036480665,-0.006104306783527136,-0.003418473294004798,-0.005220165476202965,-0.0016764968167990446,-0.004033803939819336,-0.005123076494783163,-0.0031510349363088608,-0.004356559365987778,-0.0019969353452324867,-0.00198819930665195,-0.002368286019191146,-0.004132862202823162,-0.007154433056712151,-0.0035464169923216105,-0.0077520268969237804,-0.008385504595935345
CVX,17,2026-04-07 17:45:00+00:00,13:45,-0.008407440036535263,down,-0.003137925174087286,-0.0023087230511009693,-0.005642381962388754,-0.006176187191158533,-0.0047780307941138744,-0.008829516358673573,-0.008694418705999851,-0.006173997186124325,-0.006723002530634403,-0.004487320780754089,-0.003392975078895688,-0.003633223008364439,-0.0018312436295673251,-0.0015238241758197546,-0.0038841867353767157,-0.0069299908354878426,-0.00877568032592535,-0.00534948892891407,-0.009349912405014038,-0.009271402843296528,-0.007605164311826229,-0.008342189714312553,-0.009160713292658329,-0.007120998110622168,-0.009425604715943336,-0.008407440036535263
DG,17,2026-04-07 17:45:00+00:00,13:45,-0.00844551157206297,down,-0.003542410908266902,-0.0002466376172378659,-0.006161950528621674,-0.0034640750382095575,-0.006559406407177448,-0.009053375571966171,-0.010586505755782127,-0.00810440443456173,-0.007033890578895807,-0.010309949517250061,-0.007458832114934921,-0.0056243883445858955,-0.004459931515157223,-0.005828586872667074,-0.0063967774622142315,-0.005484739318490028,-0.005801111925393343,-0.0038485240656882524,-0.008643153123557568,-0.008498341776430607,-0.00814706552773714,-0.010916884988546371,-0.00886618997901678,-0.004632831085473299,-0.007325802929699421,-0.00844551157206297
DRI,17,2026-04-07 17:45:00+00:00,13:45,-0.008586740121245384,down,-0.0015722553944215178,-0.001665097544901073,-0.0010761291487142444,0.0006746688159182668,-0.0037761677522212267,-0.0036077680997550488,-0.007496419362723827,-0.006638848688453436,-0.008534148335456848,-0.008635779842734337,-0.009281177073717117,-0.005963646341115236,-0.009027179330587387,-0.011062875390052795,-0.014289731159806252,-0.01245282031595707,-0.008639534935355186,-0.007780084386467934,-0.009523301385343075,-0.007394672837108374,-0.007867787033319473,-0.009827484376728535,-0.01006331481039524,-0.007306705228984356,-0.009450389072299004,-0.008586740121245384
APP,17,2026-04-07 17:45:00+00:00,13:45,-0.008699094876646996,down,-0.008694509044289589,-0.015871325507760048,-0.029364271089434624,-0.024089906364679337,-0.028692636638879776,-0.030331360176205635,-0.032235633581876755,-0.026350131258368492,-0.021673060953617096,-0.022772202268242836,-0.01903795450925827,-0.015000062994658947,-0.015588507056236267,-0.031779270619153976,-0.02982582524418831,-0.03283783793449402,-0.03604554757475853,-0.0256316140294075,-0.03764816001057625,-0.03593898192048073,-0.03661086782813072,-0.03011476621031761,-0.026369791477918625,-0.013233140110969543,-0.018657715991139412,-0.008699094876646996
EFX,17,2026-04-07 17:45:00+00:00,13:45,-0.008769991807639599,down,-0.0021607286762446165,-0.0002785209217108786,-0.00447741337120533,-0.004050224553793669,-0.005671024322509766,-0.00644186045974493,-0.008726025931537151,-0.006056294310837984,-0.005883595906198025,-0.005793096497654915,-0.0047110398299992085,-0.0031121415086090565,-0.0008458335069008172,-0.0012896506814286113,-0.004608859308063984,-0.007125616539269686,-0.003270165529102087,-0.002811218611896038,-0.004806074779480696,-0.005485843867063522,-0.006437972653657198,-0.009486746042966843,-0.009091712534427643,-0.008034161292016506,-0.010805843397974968,-0.008769991807639599
CCL,17,2026-04-07 17:45:00+00:00,13:45,-0.008842400275170803,down,-0.023665471002459526,-0.012577684596180916,-0.014064648188650608,-0.014503790996968746,-0.01405095774680376,-0.011941024102270603,-0.015855686739087105,-0.01827789843082428,-0.0171491838991642,-0.020727984607219696,-0.01833251491189003,-0.016838449984788895,-0.008736470714211464,-0.009420306421816349,-0.014164073392748833,-0.014404489658772945,-0.008562156930565834,-0.009633720852434635,-0.008968198671936989,-0.011121166869997978,-0.013963599689304829,-0.018903519958257675,-0.020364860072731972,-0.012083105742931366,-0.015885427594184875,-0.008842400275170803
EPAM,17,2026-04-07 17:45:00+00:00,13:45,-0.0088762566447258,down,-0.0029759141616523266,0.001426492934115231,-0.0026905338745564222,-0.0032921063248068094,-0.010473580099642277,-0.009486367926001549,-0.011755484156310558,-0.014600743539631367,-0.013673504814505577,-0.015206164680421352,-0.0112092150375247,-0.010427498258650303,-0.009923151694238186,-0.010653836652636528,-0.008239908143877983,-0.007825607433915138,-0.00744934706017375,-0.008373756892979145,-0.010295804589986801,-0.009911464527249336,-0.010730719193816185,-0.014936639927327633,-0.015281975269317627,-0.010762213729321957,-0.015211598947644234,-0.0088762566447258
NVR,17,2026-04-07 17:45:00+00:00,13:45,-0.008990964852273464,down,0.003857949050143361,0.0011560271959751844,0.002423921599984169,0.005352579057216644,0.006994078401476145,0.004385562147945166,-0.0008295367588289082,0.002781711518764496,-0.00396098243072629,-0.0036611228715628386,-0.0029918686486780643,-0.0031084814108908176,-0.00819314457476139,-0.010317804291844368,-0.010690479539334774,-0.009632850997149944,-0.011820795014500618,-0.007689157035201788,-0.006678508594632149,-0.0052163125947117805,-0.00823612418025732,-0.005609123967587948,-0.005399238783866167,-0.0053618308156728745,-0.010977379977703094,-0.008990964852273464
SJM,17,2026-04-07 17:45:00+00:00,13:45,-0.009164652787148952,down,0.0005191953969188035,0.004738765303045511,0.0019851874094456434,0.0020522659178823233,0.0017967750318348408,-0.0002835368795786053,-0.0017714661080390215,-0.002784020034596324,-0.002843876602128148,-0.002093271352350712,-0.0013975397450849414,-0.0011147025506943464,-0.0029194485396146774,-0.0019755568355321884,-0.0013650781475007534,-0.003117468673735857,-0.0037465461064130068,-0.0031824964098632336,-0.0011404759716242552,0.00040694366907700896,-0.001897372305393219,-0.0025622607208788395,-0.006492537446320057,-0.003024183213710785,-0.0066659231670200825,-0.009164652787148952
TRMB,17,2026-04-07 17:45:00+00:00,13:45,-0.009207203984260559,down,-0.006316433195024729,-0.004496157169342041,-0.0067102243192493916,-0.006633295211941004,-0.008986817672848701,-0.009798564016819,-0.012400408275425434,-0.01671871542930603,-0.012001633644104004,-0.016869572922587395,-0.018769102171063423,-0.014939325861632824,-0.01448208000510931,-0.014803646132349968,-0.01694267801940441,-0.018486522138118744,-0.015562035143375397,-0.011610440909862518,-0.011254590936005116,-0.012609758414328098,-0.010083786211907864,-0.008113366551697254,-0.01066617015749216,-0.01042698323726654,-0.013616413809359074,-0.009207203984260559
ADSK,17,2026-04-07 17:45:00+00:00,13:45,-0.009445748291909695,down,-0.0033740131184458733,0.001391144236549735,-0.005255820695310831,-0.0042322734370827675,-0.007768744137138128,-0.010122362524271011,-0.014188169501721859,-0.010331752710044384,-0.009239410050213337,-0.008879628963768482,-0.00760794198140502,-0.006655751261860132,-0.006310276221483946,-0.005209484603255987,-0.007890341803431511,-0.00832141563296318,-0.004019423853605986,-0.006132130511105061,-0.006410099100321531,-0.007743057794868946,-0.006778061855584383,-0.011531785130500793,-0.011739698238670826,-0.008053125813603401,-0.011222279630601406,-0.009445748291909695
GPC,17,2026-04-07 17:45:00+00:00,13:45,-0.009467143565416336,down,-0.0007275562384165823,-0.0011800584616139531,-0.00031674603815190494,-0.002427775412797928,0.0003862023295368999,-0.003036960493773222,-0.004272994119673967,-0.0049688806757330894,-0.004767017904669046,-0.005138750188052654,-0.004360522143542767,-0.004427467472851276,-0.004544577561318874,-0.0067099700681865215,-0.004146760795265436,-0.006486093159765005,-0.00513329915702343,-0.0063078454695641994,-0.006209870800375938,-0.0054740603081882,-0.007524136453866959,-0.009094624780118465,-0.008989699184894562,-0.005184719804674387,-0.010158977471292019,-0.009467143565416336
LII,17,2026-04-07 17:45:00+00:00,13:45,-0.009519970044493675,down,-0.008192142471671104,-0.0023139365948736668,-0.006204232573509216,-0.0018422582652419806,-0.008882744237780571,-0.008760984987020493,-0.010468792170286179,-0.010076948441565037,-0.01397017203271389,-0.013906193897128105,-0.012391277588903904,-0.008687167428433895,-0.012261994183063507,-0.011659837327897549,-0.01225386280566454,-0.01570560224354267,-0.014555740170180798,-0.012552917003631592,-0.013378454372286797,-0.011510050855576992,-0.009310252033174038,-0.009230067953467369,-0.009076500311493874,-0.0046868519857525826,-0.011034395545721054,-0.009519970044493675
VZ,17,2026-04-07 17:45:00+00:00,13:45,-0.009619210846722126,down,-0.004655295051634312,-0.002397365402430296,-0.004533300641924143,-0.003960704430937767,-0.0034842833410948515,-0.004277754109352827,-0.0045307050459086895,-0.004898616578429937,-0.003958816174417734,-0.0025086209643632174,-0.0031761308200657368,-0.00389937125146389,-0.004792938940227032,-0.00411941995844245,-0.0045210313983261585,-0.005060493014752865,-0.0041738236322999,-0.005432909354567528,-0.0059257675893604755,-0.006653117947280407,-0.006057542748749256,-0.007741398643702269,-0.00899866409599781,-0.008328074589371681,-0.01052286010235548,-0.009619210846722126
DXCM,17,2026-04-07 17:45:00+00:00,13:45,-0.009642315097153187,down,-0.004241094458848238,-0.002464786171913147,-0.011317686177790165,-0.011256581172347069,-0.01226811483502388,-0.01397630013525486,-0.018439648672938347,-0.013353210873901844,-0.01168846432119608,-0.010413258336484432,-0.009745695628225803,-0.00847379956394434,-0.008188622072339058,-0.00541002256795764,-0.008191488683223724,-0.009027711115777493,-0.0022750254720449448,-0.0026400876231491566,-0.0057304962538182735,-0.0071872747503221035,-0.008537475019693375,-0.011487473733723164,-0.010082361288368702,-0.006552918814122677,-0.010964613407850266,-0.009642315097153187
BEN,17,2026-04-07 17:45:00+00:00,13:45,-0.009658949449658394,down,-0.006403557490557432,-0.004930894821882248,-0.005505160894244909,-0.006547517608851194,-0.007750882301479578,-0.010211624205112457,-0.0119409104809165,-0.011168143711984158,-0.008401505649089813,-0.006015609949827194,-0.0050597726367414,-0.00471703102812171,-0.004431824665516615,-0.004216606728732586,-0.003509834175929427,-0.005809126887470484,-0.005188449751585722,-0.004229453857988119,-0.00640970328822732,-0.006034533958882093,-0.0062238965183496475,-0.007250138092786074,-0.00990684051066637,-0.006705391686409712,-0.01070078182965517,-0.009658949449658394
PGR,17,2026-04-07 17:45:00+00:00,13:45,-0.009933758527040482,down,-0.0020951114129275084,-0.0004909384297206998,-0.0010656444355845451,0.0008446417050436139,0.0008145880419760942,-0.003465065499767661,-0.004876930266618729,-0.006451323628425598,-0.006645876448601484,-0.007095984183251858,-0.005087359342724085,-0.005504486616700888,-0.005365455523133278,-0.005438763648271561,-0.007601954974234104,-0.007621122524142265,-0.007457931526005268,-0.006168117746710777,-0.006015338469296694,-0.005053878296166658,-0.006337736267596483,-0.007018264848738909,-0.007277922239154577,-0.006377695128321648,-0.007931779138743877,-0.009933758527040482
SRE,17,2026-04-07 17:45:00+00:00,13:45,-0.00994861125946045,down,0.0016403469489887357,0.00204163184389472,0.0009846900356933475,0.0005047924350947142,0.001624861964955926,-0.00010629199823597446,-0.0014019968220964074,-0.001933300867676735,-0.0033706643152981997,-0.006371856201440096,-0.00453643174842,-0.0041898139752447605,-0.006991199683398008,-0.007321157027035952,-0.0069817001931369305,-0.009881585836410522,-0.0076204389333724976,-0.006559718865901232,-0.0067331185564398766,-0.007901281118392944,-0.008030394092202187,-0.010014615952968597,-0.01041271723806858,-0.007557781413197517,-0.00818209070712328,-0.00994861125946045
ABNB,17,2026-04-07 17:45:00+00:00,13:45,-0.01002894900739193,down,-0.009854281321167946,-0.0012180648045614362,-0.013623063452541828,-0.008240005932748318,-0.01325942948460579,-0.015205816365778446,-0.017793728038668633,-0.014000735245645046,-0.011774007230997086,-0.0115573825314641,-0.011020887643098831,-0.006964710541069508,-0.005802079103887081,-0.004736848641186953,-0.005569419823586941,-0.0074125188402831554,-0.006543350871652365,-0.005136442836374044,-0.00598940160125494,-0.008662105537950993,-0.011238053441047668,-0.014942134730517864,-0.01362889725714922,-0.008680333383381367,-0.01161668635904789,-0.01002894900739193
MRSH,17,2026-04-07 17:45:00+00:00,13:45,-0.010088958777487278,down,-0.007752681151032448,-0.005308568011969328,-0.007161254528909922,-0.004322057124227285,-0.0034418394789099693,-0.006293795071542263,-0.009734353050589561,-0.009965566918253899,-0.0121483588591218,-0.011503735557198524,-0.01268164161592722,-0.00965103879570961,-0.011451466009020805,-0.011926663108170033,-0.013323912397027016,-0.013798604719340801,-0.012569844722747803,-0.01104847900569439,-0.011154203675687313,-0.010756113566458225,-0.010335125960409641,-0.013174667954444885,-0.012103390879929066,-0.00992176029831171,-0.011338617652654648,-0.010088958777487278
KMI,17,2026-04-07 17:45:00+00:00,13:45,-0.01013838779181242,down,-0.00031956395832821727,0.001509927329607308,0.0015330472961068153,0.002611265517771244,0.0038037016056478024,0.00022973946761339903,0.001500215963460505,-0.002699911128729582,-0.0014784283703193069,-0.002906508045271039,0.00031058184686116874,-0.0021263351663947105,-0.003551218891516328,-0.003930197097361088,-0.0025784617755562067,-0.003903372446075082,-0.005170934833586216,-0.005255537107586861,-0.004542502574622631,-0.00477584870532155,-0.005065244156867266,-0.007795278914272785,-0.01003341842442751,-0.006632636301219463,-0.009799529798328876,-0.01013838779181242
WDAY,17,2026-04-07 17:45:00+00:00,13:45,-0.010277370922267437,down,-0.009055179543793201,-0.006977899931371212,-0.016557130962610245,-0.011676609516143799,-0.017442554235458374,-0.02100813388824463,-0.023413265123963356,-0.018583735451102257,-0.015351996757090092,-0.016258586198091507,-0.011302485130727291,-0.010468689724802971,-0.012072345241904259,-0.013495238497853279,-0.010924124158918858,-0.012225557118654251,-0.009782309643924236,-0.008063718676567078,-0.008589723147451878,-0.009500063955783844,-0.009932655841112137,-0.013223918154835701,-0.012725400738418102,-0.008048764429986477,-0.010894798673689365,-0.010277370922267437
HRL,17,2026-04-07 17:45:00+00:00,13:45,-0.010355198755860329,down,-0.00850205309689045,-0.003589037572965026,-0.006940463092178106,-0.009400292299687862,-0.01209553424268961,-0.010702540166676044,-0.012086370028555393,-0.011875230818986893,-0.011203868314623833,-0.014298465102910995,-0.014819564297795296,-0.009659887291491032,-0.00796865951269865,-0.005407352931797504,-0.006697601638734341,-0.00646217679604888,-0.005872795823961496,-0.007065959274768829,-0.010680366307497025,-0.007309590931981802,-0.008170749992132187,-0.011482019908726215,-0.0085618169978261,-0.007485358975827694,-0.01115177571773529,-0.010355198755860329
VICI,17,2026-04-07 17:45:00+00:00,13:45,-0.010406318120658398,down,-0.007161091081798077,-0.0012260242365300655,-0.003267615335062146,-0.00230398029088974,-0.003817776683717966,-0.003959305584430695,-0.007663286291062832,-0.009118595160543919,-0.008703933097422123,-0.01018564123660326,-0.006488231010735035,-0.008579368703067303,-0.008668415248394012,-0.008627653121948242,-0.00900983065366745,-0.007804307620972395,-0.0077087306417524815,-0.007315715309232473,-0.007533421739935875,-0.006407921202480793,-0.008182727731764317,-0.01071280986070633,-0.01183723472058773,-0.006709712091833353,-0.008427014574408531,-0.010406318120658398
A,17,2026-04-07 17:45:00+00:00,13:45,-0.010448649525642395,down,-0.004793969914317131,-0.003164391964673996,-0.004763476084917784,-0.003929815720766783,-0.007199304178357124,-0.00824432447552681,-0.008983270265161991,-0.010185563936829567,-0.010382359847426414,-0.011702314019203186,-0.010456851683557034,-0.010393375530838966,-0.009600290097296238,-0.010069469921290874,-0.0079716881737113,-0.01029732171446085,-0.009166732430458069,-0.009730384685099125,-0.011004013940691948,-0.010773993097245693,-0.011509264819324017,-0.013439998961985111,-0.013359912671148777,-0.008489620871841908,-0.01142749935388565,-0.010448649525642395
ABT,17,2026-04-07 17:45:00+00:00,13:45,-0.010589083656668663,down,-8.409891597693786e-05,0.003226056694984436,-0.0003542864287737757,-0.00048311054706573486,-0.0003460350853856653,-0.004007265903055668,-0.007137412670999765,-0.004803046118468046,-0.003882175777107477,-0.006805738899856806,-0.005774457938969135,-0.005208946298807859,-0.006918507628142834,-0.006077796686440706,-0.005301760975271463,-0.005805818364024162,-0.007292864844202995,-0.008550816215574741,-0.006396908313035965,-0.005734282545745373,-0.0059433020651340485,-0.009625907056033611,-0.00949477031826973,-0.008215800859034061,-0.009938109666109085,-0.010589083656668663
NOW,17,2026-04-07 17:45:00+00:00,13:45,-0.010614030994474888,down,-0.011550522409379482,-0.009881038218736649,-0.0206164438277483,-0.020875580608844757,-0.021513814106583595,-0.02182858996093273,-0.024295594543218613,-0.02124204859137535,-0.021887443959712982,-0.01598261669278145,-0.011251343414187431,-0.011724946089088917,-0.009613119065761566,-0.008714815601706505,-0.01141674816608429,-0.010096104815602303,-0.008536144159734249,-0.007850042544305325,-0.013020262122154236,-0.010534737259149551,-0.01073034293949604,-0.010900620371103287,-0.00923832505941391,-0.007000537123531103,-0.009053129702806473,-0.010614030994474888
GILD,17,2026-04-07 17:45:00+00:00,13:45,-0.010648662224411964,down,-0.002855483442544937,-0.0007382628973573446,-0.004485465586185455,-0.004421421326696873,-0.003647595178335905,-0.005851594265550375,-0.008120044134557247,-0.011051777750253677,-0.009898477233946323,-0.01225897204130888,-0.008343451656401157,-0.008122788742184639,-0.009907931089401245,-0.011041983030736446,-0.01088027749210596,-0.011190318502485752,-0.009756370447576046,-0.011633530259132385,-0.01124306209385395,-0.0106553565710783,-0.010956687852740288,-0.012091490440070629,-0.014202004298567772,-0.014314447529613972,-0.013488919474184513,-0.010648662224411964
CMCSA,17,2026-04-07 17:45:00+00:00,13:45,-0.010711281560361385,down,-0.007048474159091711,-0.0031312843784689903,-0.005776865873485804,-0.004625138361006975,-0.003461377928033471,-0.006940672639757395,-0.007325061596930027,-0.007444371003657579,-0.006570649798959494,-0.011229857802391052,-0.013097201474010944,-0.012254814617335796,-0.012933450751006603,-0.012341358698904514,-0.011814035475254059,-0.0137595534324646,-0.012242261320352554,-0.012784144841134548,-0.011934204027056694,-0.010437018238008022,-0.010538672097027302,-0.01303868368268013,-0.01450642291456461,-0.011491267941892147,-0.012021693401038647,-0.010711281560361385
T,17,2026-04-07 17:45:00+00:00,13:45,-0.010779688134789467,down,-0.012536108493804932,-0.00664545688778162,-0.012802010402083397,-0.012565389275550842,-0.014202572405338287,-0.013502226211130619,-0.011505041271448135,-0.010359288193285465,-0.009660341776907444,-0.009722406044602394,-0.010645665228366852,-0.01163072045892477,-0.014988517388701439,-0.012995156459510326,-0.01510419137775898,-0.01242771279066801,-0.01201570313423872,-0.012394262477755547,-0.012154392898082733,-0.010008656419813633,-0.008587448857724667,-0.009335227310657501,-0.01320479903370142,-0.011910591274499893,-0.011366390623152256,-0.010779688134789467
PAYX,17,2026-04-07 17:45:00+00:00,13:45,-0.010827314108610153,down,-0.002730883425101638,-0.000581941450946033,-0.002054079668596387,-0.0024619947653263807,-0.005258629564195871,-0.0079798037186265,-0.011166398413479328,-0.010359833016991615,-0.01092611625790596,-0.010403203777968884,-0.008038110099732876,-0.0063452874310314655,-0.006473683752119541,-0.005052565131336451,-0.006190537009388208,-0.007742144633084536,-0.006393358577042818,-0.004565388895571232,-0.00784135702997446,-0.008082789368927479,-0.007847071625292301,-0.009819897823035717,-0.010040082968771458,-0.0077456762082874775,-0.01197078637778759,-0.010827314108610153
MAS,17,2026-04-07 17:45:00+00:00,13:45,-0.010869637131690979,down,-0.008920706808567047,-0.005197310820221901,-0.009526470676064491,-0.008469157852232456,-0.010140998288989067,-0.012769677676260471,-0.012777594849467278,-0.012889984995126724,-0.012126659974455833,-0.014188608154654503,-0.015180145390331745,-0.01272155623883009,-0.010110626928508282,-0.009565169923007488,-0.009008039720356464,-0.011976080015301704,-0.00961314607411623,-0.010808305814862251,-0.01171658094972372,-0.012183479964733124,-0.011877552606165409,-0.013282883912324905,-0.014167253859341145,-0.010047496296465397,-0.01309786643832922,-0.010869637131690979
WYNN,17,2026-04-07 17:45:00+00:00,13:45,-0.011075982823967934,down,-0.004434813745319843,-0.0023309369571506977,-0.006399144884198904,-0.0055521270260214806,-0.006579715292900801,-0.007122490089386702,-0.012761184945702553,-0.01413632370531559,-0.012942373752593994,-0.01653631404042244,-0.017211152240633965,-0.016603579744696617,-0.01942281424999237,-0.01885497197508812,-0.01756914332509041,-0.017104290425777435,-0.01542133092880249,-0.019543858245015144,-0.01770130544900894,-0.017460549250245094,-0.014423765242099762,-0.016603488475084305,-0.015348939225077629,-0.010092905722558498,-0.014046980068087578,-0.011075982823967934
INCY,17,2026-04-07 17:45:00+00:00,13:45,-0.011116895824670792,down,-0.004603239707648754,-0.002725339727476239,-0.00597939919680357,-0.005320980679243803,-0.004116068594157696,-0.005853863433003426,-0.00833857525140047,-0.009995436295866966,-0.013668191619217396,-0.01236193161457777,-0.011911450885236263,-0.010023582726716995,-0.012746100313961506,-0.010924736969172955,-0.011425147764384747,-0.015477662906050682,-0.013865857385098934,-0.014743611216545105,-0.014132103882730007,-0.012594087980687618,-0.01462422776967287,-0.01418113149702549,-0.017223026603460312,-0.013332262635231018,-0.014093943871557713,-0.011116895824670792
NTAP,17,2026-04-07 17:45:00+00:00,13:45,-0.011123710311949253,down,-0.0011141886934638023,0.007380886469036341,-0.001199806109070778,-0.0010259384289383888,-0.0067178066819906235,-0.0062593938782811165,-0.008346784859895706,-0.006508216727524996,-0.005893555004149675,-0.006362916436046362,-0.0029642980080097914,-0.00448251748457551,-0.0012353649362921715,-0.0011477350490167737,-0.004353137221187353,-0.004600114189088345,-0.004095076583325863,-0.004047617316246033,-0.008795440196990967,-0.008262090384960175,-0.006321454420685768,-0.0063979243859648705,-0.007556024473160505,-0.008622169494628906,-0.009606266394257545,-0.011123710311949253
IQV,17,2026-04-07 17:45:00+00:00,13:45,-0.011453203856945038,down,-0.004991695750504732,-0.004192847292870283,-0.01064474880695343,-0.007549112197011709,-0.00841651950031519,-0.01003087218850851,-0.014851346611976624,-0.011966021731495857,-0.010093878023326397,-0.009949225932359695,-0.00816428754478693,-0.007032712921500206,-0.00815925095230341,-0.005566471256315708,-0.006728671491146088,-0.00915173813700676,-0.009705648757517338,-0.008841787464916706,-0.01086574699729681,-0.011387025006115437,-0.012406619265675545,-0.014628581702709198,-0.016983961686491966,-0.009625104255974293,-0.014597115106880665,-0.011453203856945038
ALGN,17,2026-04-07 17:45:00+00:00,13:45,-0.011480492539703846,down,-0.0015931038651615381,0.0005011801840737462,-0.006331418640911579,-0.00939224660396576,-0.012441582046449184,-0.009301015175879002,-0.010837586596608162,-0.009978403337299824,-0.01151925977319479,-0.012891502119600773,-0.010351428762078285,-0.00571109913289547,-0.00871561374515295,-0.009483136236667633,-0.008473992347717285,-0.01197316125035286,-0.009660514071583748,-0.006213254760950804,-0.00836577732115984,-0.01036530639976263,-0.010061340406537056,-0.010777530260384083,-0.008212785236537457,-0.00510002626106143,-0.009619071148335934,-0.011480492539703846
CARR,17,2026-04-07 17:45:00+00:00,13:45,-0.011570824310183525,down,-0.013451267965137959,-0.006256930064409971,-0.012833135202527046,-0.010417839512228966,-0.01146684493869543,-0.01340015884488821,-0.017512081190943718,-0.01939372718334198,-0.020132869482040405,-0.01954377442598343,-0.016433753073215485,-0.013479303568601608,-0.012903221882879734,-0.011681374162435532,-0.010979944840073586,-0.013161560520529747,-0.010165829211473465,-0.01267804391682148,-0.01211168710142374,-0.011541403830051422,-0.010387783870100975,-0.013942900113761425,-0.01519728172570467,-0.01009225845336914,-0.010793943889439106,-0.011570824310183525
GDDY,17,2026-04-07 17:45:00+00:00,13:45,-0.011592071503400803,down,-0.0024971719831228256,0.0027369202580302954,-0.0059030442498624325,-0.006422459613531828,-0.01073716301470995,-0.010940835811197758,-0.010827531106770039,-0.009738288819789886,-0.006096521858125925,-0.009639853611588478,-0.005830517504364252,-0.007749553304165602,-0.007584978360682726,-0.006764616817235947,-0.005483523476868868,-0.006388697773218155,-0.004740480799227953,-0.008847220800817013,-0.007976088672876358,-0.011113259010016918,-0.010103954002261162,-0.012404777109622955,-0.012502100318670273,-0.009606380946934223,-0.013452772982418537,-0.011592071503400803
EXPE,17,2026-04-07 17:45:00+00:00,13:45,-0.011634155176579952,down,-0.01254242192953825,-0.007730403915047646,-0.013171650469303131,-0.010610617697238922,-0.015145915560424328,-0.015686536207795143,-0.021673621609807014,-0.015744918957352638,-0.01476050540804863,-0.011646230705082417,-0.00848699826747179,-0.009676864370703697,-0.009894787333905697,-0.006144799292087555,-0.007603202015161514,-0.00821460410952568,-0.004882074426859617,-0.005638184491544962,-0.007556210737675428,-0.009022532030940056,-0.009601889178156853,-0.011720171198248863,-0.011603675782680511,-0.007023378275334835,-0.011174824088811874,-0.011634155176579952
LRCX,17,2026-04-07 17:45:00+00:00,13:45,-0.011743600480258465,down,-0.010617624968290329,-0.010989823378622532,-0.01550751831382513,-0.01605660654604435,-0.02073950320482254,-0.020204341039061546,-0.022818028926849365,-0.01870015077292919,-0.018074460327625275,-0.01537573616951704,-0.012128513306379318,-0.011484094895422459,-0.013169542886316776,-0.011050456203520298,-0.012976949103176594,-0.014288214966654778,-0.013501690700650215,-0.012807225808501244,-0.01301159430295229,-0.014538375660777092,-0.012897729873657227,-0.014214458875358105,-0.01981455460190773,-0.016333477571606636,-0.020441219210624695,-0.011743600480258465
MO,17,2026-04-07 17:45:00+00:00,13:45,-0.011913380585610867,down,-0.004149791318923235,-0.0021789397578686476,-0.0048121982254087925,-0.004361968487501144,-0.0045169382356107235,-0.005324296187609434,-0.006183079443871975,-0.0067346422001719475,-0.008528320118784904,-0.01095744501799345,-0.008417371660470963,-0.008876443840563297,-0.010168498381972313,-0.00918522011488676,-0.007430824916809797,-0.00840073823928833,-0.010133023373782635,-0.008829556405544281,-0.009304065257310867,-0.00625865301117301,-0.007256354670971632,-0.009336356073617935,-0.010546872392296791,-0.008725364692509174,-0.011125422082841396,-0.011913380585610867
MDLZ,17,2026-04-07 17:45:00+00:00,13:45,-0.01203025970607996,down,0.00020017506903968751,0.0012265820987522602,0.0021621915511786938,0.00024165294598788023,0.001063107280060649,-0.0013086185790598392,-0.0033506255131214857,-0.0063205985352396965,-0.004825738724321127,-0.008859764784574509,-0.0064441366121172905,-0.00746667105704546,-0.011122779920697212,-0.009648239240050316,-0.007390296086668968,-0.008464405313134193,-0.008769883774220943,-0.010754966177046299,-0.009537655860185623,-0.00868799164891243,-0.010665345937013626,-0.010910429060459137,-0.011957555077970028,-0.009065120480954647,-0.011088262312114239,-0.01203025970607996
PPG,17,2026-04-07 17:45:00+00:00,13:45,-0.012679291889071465,down,-0.0017253657570108771,0.003350142389535904,-0.0032085073180496693,0.00021122224279679358,-0.004462012089788914,-0.007825088687241077,-0.00981169380247593,-0.008282250724732876,-0.009221101179718971,-0.011274972930550575,-0.007752491161227226,-0.00745397387072444,-0.005156824365258217,-0.003937477245926857,-0.005925173871219158,-0.00570175563916564,-0.0076831914484500885,-0.007769387681037188,-0.010399362072348595,-0.013342775404453278,-0.011569076217710972,-0.011767609976232052,-0.010710109025239944,-0.006483172066509724,-0.011637236922979355,-0.012679291889071465
KEY,17,2026-04-07 17:45:00+00:00,13:45,-0.012759584933519363,down,-0.011259466409683228,-0.007870486006140709,-0.013319901190698147,-0.01244084257632494,-0.01512913778424263,-0.014180771075189114,-0.01497537549585104,-0.014486530795693398,-0.015939751639962196,-0.016968822106719017,-0.016017187386751175,-0.015746453776955605,-0.01727866753935814,-0.0173130314797163,-0.013906669802963734,-0.015689197927713394,-0.014407082460820675,-0.015306485816836357,-0.01670929230749607,-0.0150877321138978,-0.014527303166687489,-0.01662728376686573,-0.013752776198089123,-0.013288091868162155,-0.012225448153913021,-0.012759584933519363
GEN,17,2026-04-07 17:45:00+00:00,13:45,-0.012900169007480145,down,-0.007006635889410973,-0.0007124876719899476,-0.006035455036908388,-0.00489100581035018,-0.010971669107675552,-0.011821660213172436,-0.01510581187903881,-0.011822819709777832,-0.011495842598378658,-0.012356647290289402,-0.01204049214720726,-0.012141263112425804,-0.010905598290264606,-0.007949172519147396,-0.011173638515174389,-0.013566115871071815,-0.007406108547002077,-0.008475017733871937,-0.009556093253195286,-0.010179385542869568,-0.011530192568898201,-0.01577797159552574,-0.013796656392514706,-0.01140287984162569,-0.01363544724881649,-0.012900169007480145
ZTS,17,2026-04-07 17:45:00+00:00,13:45,-0.013226078823208809,down,-0.008823193609714508,-0.005482828710228205,-0.007848978973925114,-0.0075744641944766045,-0.008412230759859085,-0.010800105519592762,-0.01368941180408001,-0.013484995812177658,-0.014536813832819462,-0.01694687083363533,-0.014453988522291183,-0.012953154742717743,-0.013721540570259094,-0.012988531030714512,-0.01184906903654337,-0.011464831419289112,-0.01191086694598198,-0.011482395231723785,-0.012417798861861229,-0.011090538464486599,-0.011156454682350159,-0.014049681834876537,-0.014375999569892883,-0.013041614554822445,-0.013043204322457314,-0.013226078823208809
APO,17,2026-04-07 17:45:00+00:00,13:45,-0.013240881264209747,down,-0.006688536610454321,-0.0036166340578347445,-0.005946126766502857,-0.0015224936651065946,-0.0050511532463133335,-0.005064227618277073,-0.010397247038781643,-0.008777789771556854,-0.006665532011538744,-0.012746897526085377,-0.011019622907042503,-0.009262550622224808,-0.010322313755750656,-0.00882300827652216,-0.009008129127323627,-0.011147676967084408,-0.00796933751553297,-0.007874097675085068,-0.01036957185715437,-0.012105584144592285,-0.012841074727475643,-0.011316206306219101,-0.010350873693823814,-0.009585184045135975,-0.00916073564440012,-0.013240881264209747
BALL,17,2026-04-07 17:45:00+00:00,13:45,-0.013339807279407978,down,-0.007558987941592932,-0.004270194098353386,-0.008026412688195705,-0.0048759072087705135,-0.006530185230076313,-0.008808029815554619,-0.011238551698625088,-0.011478227563202381,-0.013047643005847931,-0.013010017573833466,-0.01259412057697773,-0.010514316149055958,-0.011564903892576694,-0.010682363994419575,-0.010715841315686703,-0.012515448965132236,-0.008831500075757504,-0.010923327878117561,-0.011507406830787659,-0.01120868418365717,-0.013315092772245407,-0.016539745032787323,-0.01762441359460354,-0.011799189262092113,-0.01507947500795126,-0.013339807279407978
BG,17,2026-04-07 17:45:00+00:00,13:45,-0.013473606668412685,down,-0.0076167467050254345,-0.0032146021258085966,-0.004283806774765253,-0.005976178217679262,-0.007136565633118153,-0.01002840232104063,-0.011827548034489155,-0.013051342219114304,-0.011228816583752632,-0.013192916288971901,-0.013151248916983604,-0.011653648689389229,-0.013521349988877773,-0.015776360407471657,-0.01285615749657154,-0.01511598750948906,-0.012632041238248348,-0.010963276028633118,-0.010882728733122349,-0.01210833340883255,-0.013529266230762005,-0.016009658575057983,-0.014387269504368305,-0.012576106935739517,-0.013983994722366333,-0.013473606668412685
ZBRA,17,2026-04-07 17:45:00+00:00,13:45,-0.013659182004630566,down,-0.009643816389143467,-0.0034113170113414526,-0.008384021930396557,-0.004576645791530609,-0.007655968889594078,-0.008246591314673424,-0.013671769760549068,-0.01268609706312418,-0.01050606369972229,-0.009217862039804459,-0.010575918480753899,-0.00793196726590395,-0.008141234517097473,-0.00755475414916873,-0.007339786738157272,-0.008612383157014847,-0.004293343983590603,-0.008317133411765099,-0.007899981923401356,-0.00906649511307478,-0.009875004179775715,-0.013647221028804779,-0.014947785064578056,-0.00860035140067339,-0.014591433107852936,-0.013659182004630566
DIS,17,2026-04-07 17:45:00+00:00,13:45,-0.013698910363018513,down,-0.0075155626982450485,-0.002551406156271696,-0.006376154720783234,-0.005115951877087355,-0.004310315940529108,-0.004844211973249912,-0.0071649313904345036,-0.009338267147541046,-0.01162528432905674,-0.01136014424264431,-0.00927551370114088,-0.009131764061748981,-0.010769706219434738,-0.008408515714108944,-0.00876741111278534,-0.0090654157102108,-0.011084233410656452,-0.012548845261335373,-0.01002015545964241,-0.009565697982907295,-0.010243115946650505,-0.012642982415854931,-0.01635328307747841,-0.01187850721180439,-0.016087286174297333,-0.013698910363018513
JBL,17,2026-04-07 17:45:00+00:00,13:45,-0.014135785400867462,down,-0.006535303313285112,-0.005520362872630358,-0.007354128640145063,-0.006791012827306986,-0.007125218398869038,-0.009058955125510693,-0.01036115363240242,-0.008518800139427185,-0.014432502910494804,-0.010312112979590893,-0.006842874921858311,-0.006972283590584993,-0.007595687173306942,-0.006398485042154789,-0.006637183949351311,-0.010423701256513596,-0.004753111395984888,-0.009391971863806248,-0.010050186887383461,-0.010340441018342972,-0.005747216288000345,-0.00976884551346302,-0.01056216936558485,-0.005239367485046387,-0.013310746289789677,-0.014135785400867462
CPRT,17,2026-04-07 17:45:00+00:00,13:45,-0.014517989940941334,down,-0.0016084773233160377,0.0029477677308022976,-0.0022619084920734167,-0.0005455000791698694,-0.005296921357512474,-0.005216777324676514,-0.007803329266607761,-0.006194228772073984,-0.00855273101478815,-0.004853465594351292,-0.003072295105084777,-0.002690705703571439,-0.003346680197864771,-0.0025566646363586187,-0.002380178775638342,-0.004618598148226738,-0.0039381724782288074,-0.00394199974834919,-0.0041754236444830894,-0.005990780424326658,-0.005384786985814571,-0.008787276223301888,-0.011446318589150906,-0.010040458291769028,-0.013757764361798763,-0.014517989940941334
HPQ,17,2026-04-07 17:45:00+00:00,13:45,-0.01481818500906229,down,-0.012648006901144981,-0.006484868936240673,-0.010715559124946594,-0.008894339203834534,-0.011028418317437172,-0.010265099816024303,-0.015066479332745075,-0.016579478979110718,-0.016615424305200577,-0.015224732458591461,-0.01504820492118597,-0.01335317362099886,-0.012254889123141766,-0.011273049749433994,-0.013911072164773941,-0.01756269857287407,-0.014923484064638615,-0.015463515184819698,-0.015676187351346016,-0.017521684989333153,-0.016618143767118454,-0.01930535025894642,-0.01874193362891674,-0.01619637943804264,-0.020418783649802208,-0.01481818500906229
NEM,17,2026-04-07 17:45:00+00:00,13:45,-0.015068159438669682,down,-0.009336723014712334,-0.007640415802598,-0.009613481350243092,-0.006592724472284317,-0.009767834097146988,-0.008171770721673965,-0.010987886227667332,-0.010336445644497871,-0.01047857478260994,-0.009870204143226147,-0.007651360705494881,-0.008004640229046345,-0.00714820297434926,-0.008220966905355453,-0.008397359400987625,-0.009785051457583904,-0.008891659788787365,-0.009461055509746075,-0.010117001831531525,-0.014447379857301712,-0.016635902225971222,-0.018534185364842415,-0.020343685522675514,-0.017039576545357704,-0.019438568502664566,-0.015068159438669682
CTAS,17,2026-04-07 17:45:00+00:00,13:45,-0.01521963533014059,down,-0.005032912362366915,-0.003168146824464202,-0.010422364808619022,-0.006876592990010977,-0.01226356253027916,-0.011329038068652153,-0.01677488535642624,-0.014468295499682426,-0.010118454694747925,-0.010274972766637802,-0.0078847361728549,-0.008718586526811123,-0.008935140445828438,-0.01043737679719925,-0.012803193181753159,-0.011716695502400398,-0.01207858044654131,-0.009514645673334599,-0.007639310788363218,-0.006414787378162146,-0.006520353257656097,-0.009570172056555748,-0.009110336191952229,-0.008412283845245838,-0.014886977151036263,-0.01521963533014059
CPB,17,2026-04-07 17:45:00+00:00,13:45,-0.015261508524417877,down,-0.0155709283426404,-0.01071930956095457,-0.01257415022701025,-0.012205266393721104,-0.016786683350801468,-0.01903425343334675,-0.01988442800939083,-0.0233162734657526,-0.02459951676428318,-0.023536982014775276,-0.023260485380887985,-0.02187509275972843,-0.023659110069274902,-0.018530311062932014,-0.01734931953251362,-0.017928892746567726,-0.020668910816311836,-0.015140705741941929,-0.022979117929935455,-0.020256314426660538,-0.01962582767009735,-0.02033681608736515,-0.01855652406811714,-0.016657374799251556,-0.020037556067109108,-0.015261508524417877
WMT,17,2026-04-07 17:45:00+00:00,13:45,-0.015291912481188774,down,-0.005576584953814745,-0.0035704709589481354,-0.00875855889171362,-0.008065330795943737,-0.008330478332936764,-0.01284430455416441,-0.014413924887776375,-0.017089931294322014,-0.01439698040485382,-0.015712760388851166,-0.011951269581913948,-0.014221967197954655,-0.012510472908616066,-0.011768096126616001,-0.012860679998993874,-0.013167329132556915,-0.0153009332716465,-0.01528698205947876,-0.01402925606817007,-0.014734823256731033,-0.018594887107610703,-0.020996974781155586,-0.020710965618491173,-0.01918945461511612,-0.018138587474822998,-0.015291912481188774
INTU,17,2026-04-07 17:45:00+00:00,13:45,-0.015890680253505707,down,-0.007405918091535568,-0.00512210326269269,-0.0130423903465271,-0.01235926616936922,-0.020711073651909828,-0.023449676111340523,-0.024303408339619637,-0.01914162002503872,-0.0166959036141634,-0.01941942423582077,-0.020762601867318153,-0.018583176657557487,-0.022842034697532654,-0.038611143827438354,-0.04449068754911423,-0.03970245271921158,-0.04294553026556969,-0.02918604388833046,-0.03633006289601326,-0.03692399337887764,-0.04429018497467041,-0.03084605187177658,-0.03206854313611984,-0.019856980070471764,-0.02308533899486065,-0.015890680253505707
NEE,17,2026-04-07 17:45:00+00:00,13:45,-0.015988536179065704,down,-0.0076507930643856525,-0.005494855809956789,-0.007143236696720123,-0.007166176103055477,-0.0066423239186406136,-0.008561362512409687,-0.011242527514696121,-0.012388002127408981,-0.013610160909593105,-0.01589285396039486,-0.011989348568022251,-0.012555873021483421,-0.014951826073229313,-0.013513265177607536,-0.014734306372702122,-0.01631806418299675,-0.01714864932000637,-0.01646808162331581,-0.014838110655546188,-0.013397866860032082,-0.014142120257019997,-0.015825573354959488,-0.019290737807750702,-0.01438062358647585,-0.015940358862280846,-0.015988536179065704
MRK,17,2026-04-07 17:45:00+00:00,13:45,-0.01649375632405281,down,-0.009055904112756252,-0.008654494769871235,-0.015145485289394855,-0.011055340059101582,-0.012308627367019653,-0.015903517603874207,-0.017580915242433548,-0.014632388949394226,-0.01777043379843235,-0.018544726073741913,-0.015740761533379555,-0.015186368487775326,-0.015402325429022312,-0.013963197357952595,-0.014623346738517284,-0.014639854431152344,-0.016457675024867058,-0.01784852333366871,-0.018369069322943687,-0.01827285625040531,-0.016252601519227028,-0.016700077801942825,-0.018178381025791168,-0.015967966988682747,-0.015187082812190056,-0.01649375632405281
PODD,17,2026-04-07 17:45:00+00:00,13:45,-0.016779616475105286,down,-0.0011166931362822652,0.0032096789218485355,0.00014656558050774038,-0.0008186557679437101,-0.0009554896969348192,-0.0034624128602445126,-0.0023014429025352,-0.005482709035277367,-0.001352744991891086,-0.0037124522496014833,0.0006992730195634067,-0.004053455777466297,-0.009313101880252361,-0.004205672536045313,-0.006904767360538244,-0.00776455644518137,-0.005725928582251072,-0.0062607210129499435,-0.005999959539622068,-0.004684951156377792,-0.006588491145521402,-0.012659815140068531,-0.013516897335648537,-0.010744506493210793,-0.015422898344695568,-0.016779616475105286
VRSK,17,2026-04-07 17:45:00+00:00,13:45,-0.017660873010754585,down,0.003577673342078924,0.005003403872251511,0.0004818916495423764,0.0007440425688400865,-0.0038510682061314583,-0.005890863947570324,-0.005916235502809286,-0.004050545394420624,-0.0029120510444045067,-0.004197148606181145,-0.006150109693408012,-0.004816559609025717,-0.0052107758820056915,-0.006309459451586008,-0.011958731338381767,-0.011678516864776611,-0.010026507079601288,-0.010242502205073833,-0.00906302034854889,-0.008422709070146084,-0.0079575814306736,-0.011274960823357105,-0.011845209635794163,-0.013769262470304966,-0.016509000211954117,-0.017660873010754585
DDOG,17,2026-04-07 17:45:00+00:00,13:45,-0.018383393064141273,down,-0.01153507363051176,-0.013619971461594105,-0.02457677200436592,-0.014302434399724007,-0.01852976158261299,-0.019337723031640053,-0.022717522457242012,-0.018928345292806625,-0.013025379739701748,-0.013292089104652405,-0.009632602334022522,-0.00829633790999651,-0.010308410972356796,-0.010640386492013931,-0.010212416760623455,-0.011391807347536087,-0.007757607847452164,-0.005152115598320961,-0.009316863492131233,-0.009809987619519234,-0.007497795391827822,-0.011682122945785522,-0.013569380156695843,-0.012570229358971119,-0.013765773735940456,-0.018383393064141273
ARES,17,2026-04-07 17:45:00+00:00,13:45,-0.01849379576742649,down,-0.01157513540238142,-0.00550977373495698,-0.008876238949596882,-0.008188523352146149,-0.007653234526515007,-0.011479007080197334,-0.017460472881793976,-0.01515211071819067,-0.011382462456822395,-0.017508255317807198,-0.01545154768973589,-0.01568031683564186,-0.017539696767926216,-0.014334063045680523,-0.016029689460992813,-0.016602952033281326,-0.014355028979480267,-0.017020586878061295,-0.019139530137181282,-0.017446285113692284,-0.015676317736506462,-0.018112102523446083,-0.016811063513159752,-0.0143131073564291,-0.01761331595480442,-0.01849379576742649
NCLH,17,2026-04-07 17:45:00+00:00,13:45,-0.01894984021782875,down,-0.021365832537412643,-0.011909423395991325,-0.020902976393699646,-0.01687314547598362,-0.021357515826821327,-0.021305739879608154,-0.027078356593847275,-0.029974306002259254,-0.03302513062953949,-0.030751507729291916,-0.028417140245437622,-0.027037478983402252,-0.026665758341550827,-0.018429940566420555,-0.02513015829026699,-0.028874699026346207,-0.021800654008984566,-0.022029777988791466,-0.023648353293538094,-0.025037920102477074,-0.024266790598630905,-0.02795126661658287,-0.025245998054742813,-0.019919032230973244,-0.025065600872039795,-0.01894984021782875
AMP,17,2026-04-07 17:45:00+00:00,13:45,-0.019130971282720566,down,-0.00861283391714096,-0.007613693829625845,-0.009226887486875057,-0.008913932368159294,-0.012066899798810482,-0.013804319314658642,-0.016458962112665176,-0.021357892081141472,-0.021286534145474434,-0.01999722607433796,-0.016257187351584435,-0.016663942486047745,-0.017916887998580933,-0.016182804480195045,-0.022375578060746193,-0.018868084996938705,-0.022047365084290504,-0.017521338537335396,-0.021569659933447838,-0.023188043385744095,-0.017580924555659294,-0.01719363033771515,-0.017243631184101105,-0.010541638359427452,-0.01640203781425953,-0.019130971282720566
GNRC,17,2026-04-07 17:45:00+00:00,13:45,-0.019241562113165855,down,-0.004587520379573107,-0.012449543923139572,-0.011900976300239563,-0.010564425028860569,-0.017790021374821663,-0.014827318489551544,-0.015790458768606186,-0.012679405510425568,-0.017939254641532898,-0.01387230958789587,-0.01620243676006794,-0.012516064569354057,-0.016268068924546242,-0.018169337883591652,-0.01912814937531948,-0.020880842581391335,-0.017437990754842758,-0.016621140763163567,-0.02016005478799343,-0.0164998359978199,-0.010918625630438328,-0.012790454551577568,-0.015667997300624847,-0.011296143755316734,-0.01813928596675396,-0.019241562113165855
HST,17,2026-04-07 17:45:00+00:00,13:45,-0.021093960851430893,down,0.0025389627553522587,0.0037880500312894583,-0.0023555841762572527,-0.006193724926561117,-0.009624521248042583,-0.011640778742730618,-0.01380762830376625,-0.014162624254822731,-0.011937402188777924,-0.014952494762837887,-0.01588553749024868,-0.015445726923644543,-0.015313265845179558,-0.01543346606194973,-0.017504867166280746,-0.01705198362469673,-0.01113535650074482,-0.012870105914771557,-0.014202932827174664,-0.014068793505430222,-0.015188689343631268,-0.01786341331899166,-0.01854720152914524,-0.016241861507296562,-0.023675067350268364,-0.021093960851430893
TTD,17,2026-04-07 17:45:00+00:00,13:45,-0.022443704307079315,down,-0.019463278353214264,-0.012792029418051243,-0.024853764101862907,-0.02585357055068016,-0.029221057891845703,-0.031025387346744537,-0.035784099251031876,-0.030566003173589706,-0.03055037185549736,-0.02845824509859085,-0.025680776685476303,-0.02588137611746788,-0.0240466445684433,-0.02218632772564888,-0.02353607304394245,-0.02783396653831005,-0.021992888301610947,-0.022938579320907593,-0.028220584616065025,-0.027552757412195206,-0.03584262356162071,-0.03519653528928757,-0.03314448893070221,-0.027627477422356606,-0.035918936133384705,-0.022443704307079315
PCG,17,2026-04-07 17:45:00+00:00,13:45,-0.02581215463578701,down,-0.010777156800031662,-0.008101038634777069,-0.00823310948908329,-0.009833582676947117,-0.008943705819547176,-0.01155827660113573,-0.014748598448932171,-0.017937980592250824,-0.020031528547406197,-0.021947288885712624,-0.020784100517630577,-0.01887042634189129,-0.019399050623178482,-0.01917450688779354,-0.02272598072886467,-0.02524089813232422,-0.02295808307826519,-0.02376209944486618,-0.022828685119748116,-0.02185208350419998,-0.021495681256055832,-0.02373698353767395,-0.025077544152736664,-0.025677038356661797,-0.025184664875268936,-0.02581215463578701
KIM,17,2026-04-07 17:45:00+00:00,13:45,-0.03147987276315689,down,-0.00011413737229304388,0.002299621468409896,-0.0016197586664929986,-0.003673367900773883,-0.0028006259817630053,-0.006569266319274902,-0.009406114928424358,-0.010322107933461666,-0.008227257989346981,-0.011218718253076077,-0.006922960747033358,-0.008861025795340538,-0.009083343669772148,-0.009785473346710205,-0.010231801308691502,-0.011765722185373306,-0.00913305301219225,-0.00914115272462368,-0.011651318520307541,-0.010142093524336815,-0.019541628658771515,-0.01881350390613079,-0.026816966012120247,-0.022939760237932205,-0.03261434659361839,-0.03147987276315689
SMCI,17,2026-04-07 17:45:00+00:00,13:45,-0.046511054039001465,down,-0.017623186111450195,-0.01611204259097576,-0.02741711027920246,-0.026510989293456078,-0.03259936720132828,-0.035927098244428635,-0.03814292699098587,-0.03518345206975937,-0.03670523688197136,-0.034425005316734314,-0.03027014061808586,-0.02768571674823761,-0.02599990740418434,-0.025539370253682137,-0.02814008668065071,-0.03127413988113403,-0.023363059386610985,-0.024204693734645844,-0.027950212359428406,-0.030355632305145264,-0.041768722236156464,-0.04484925791621208,-0.04685138911008835,-0.04290264472365379,-0.053024351596832275,-0.046511054039001465
