symbol,step,as_of_ts,slot_label,predicted_full_day_return,predicted_direction,pred_log_return_h00,pred_log_return_h01,pred_log_return_h02,pred_log_return_h03,pred_log_return_h04,pred_log_return_h05,pred_log_return_h06,pred_log_return_h07,pred_log_return_h08,pred_log_return_h09,pred_log_return_h10,pred_log_return_h11,pred_log_return_h12,pred_log_return_h13,pred_log_return_h14,pred_log_return_h15,pred_log_return_h16,pred_log_return_h17,pred_log_return_h18,pred_log_return_h19,pred_log_return_h20,pred_log_return_h21,pred_log_return_h22,pred_log_return_h23,pred_log_return_h24,pred_log_return_h25
PSKY,21,2026-04-07 18:45:00+00:00,14:45,0.09162408858537674,up,0.05638149753212929,0.10133678466081619,0.04952997341752052,0.04947994649410248,0.06202789396047592,0.06845211237668991,0.06628584116697311,0.06556213647127151,0.0633559301495552,0.05891312658786774,0.07561353594064713,0.08148350566625595,0.07600271701812744,0.08013179898262024,0.08658608049154282,0.08098189532756805,0.0833171010017395,0.07963474094867706,0.08048198372125626,0.07604518532752991,0.0752207562327385,0.07502415031194687,0.07875453680753708,0.08099094033241272,0.07874210178852081,0.09162408858537674
GOOGL,21,2026-04-07 18:45:00+00:00,14:45,0.040796589106321335,up,0.02114017680287361,0.014443905092775822,0.011197516694664955,0.013359136879444122,0.013572116382420063,0.011153209023177624,0.01654958911240101,0.019114458933472633,0.018921811133623123,0.021517571061849594,0.02410774864256382,0.0323500894010067,0.03282621130347252,0.03329528868198395,0.03497428074479103,0.031498923897743225,0.0383523590862751,0.03611781820654869,0.03561977297067642,0.033397432416677475,0.031041502952575684,0.029422247782349586,0.029969124123454094,0.033401116728782654,0.027702340856194496,0.040796589106321335
GE,21,2026-04-07 18:45:00+00:00,14:45,0.04017919301986694,up,0.014096775092184544,0.011555975303053856,0.01656387187540531,0.017255721613764763,0.01733197271823883,0.016645004972815514,0.015639595687389374,0.019400915130972862,0.016818257048726082,0.021237218752503395,0.02322218380868435,0.027800235897302628,0.027557460591197014,0.02814927138388157,0.025410795584321022,0.023688513785600662,0.025601336732506752,0.02852257341146469,0.029070690274238586,0.024254992604255676,0.027160922065377235,0.026815522462129593,0.028896598145365715,0.03373436629772186,0.030988311395049095,0.04017919301986694
INTC,21,2026-04-07 18:45:00+00:00,14:45,0.03175901249051094,up,0.020900635048747063,-0.0007539542275480926,-0.004251583945006132,0.003941470757126808,0.005451548844575882,0.007242104969918728,0.005972803104668856,0.015123640187084675,0.006425351835787296,0.010328618809580803,0.01776733249425888,0.026356469839811325,0.03550989553332329,0.02795020118355751,0.028183551505208015,0.024726107716560364,0.02013358101248741,0.021369855850934982,0.024619456380605698,0.022020211443305016,0.01842966489493847,0.011125342920422554,0.013763293623924255,0.01823555864393711,0.02416212297976017,0.03175901249051094
BAX,21,2026-04-07 18:45:00+00:00,14:45,0.030577581375837326,up,0.01068148110061884,0.014054382219910622,0.015730053186416626,0.019976316019892693,0.013518422842025757,0.013734392821788788,0.010251197032630444,0.013416183181107044,0.015355789102613926,0.01871861144900322,0.024269595742225647,0.025076285004615784,0.029091784730553627,0.03131656348705292,0.025351135060191154,0.025171762332320213,0.0324518159031868,0.02987673692405224,0.027129320427775383,0.031755462288856506,0.026351653039455414,0.02225678414106369,0.024930473417043686,0.03264389559626579,0.02776443399488926,0.030577581375837326
ELV,21,2026-04-07 18:45:00+00:00,14:45,0.028199467808008194,up,0.0030342082027345896,-0.0035073300823569298,-0.003324681194499135,0.000991386012174189,0.0011907607549801469,-0.0018417821265757084,-0.004533878527581692,-0.00026347048697061837,-0.0004692710645031184,0.0006863159942440689,0.004911813884973526,0.007184987887740135,0.013289658352732658,0.016283893957734108,0.015552409924566746,0.009194299578666687,0.014562594704329967,0.01200296264141798,0.011319180950522423,0.01019431371241808,0.010529459454119205,0.012167186476290226,0.013727712444961071,0.02049182914197445,0.019889960065484047,0.028199467808008194
WDC,21,2026-04-07 18:45:00+00:00,14:45,0.02804534323513508,up,0.015012686140835285,0.0002230650425190106,-0.0012389217736199498,0.006570930127054453,0.0019847131334245205,-0.0005923345452174544,-0.0012522342149168253,0.005143964197486639,0.005175252910703421,0.014078010804951191,0.019666600972414017,0.018182648345828056,0.01982099562883377,0.020096244290471077,0.019266916438937187,0.01613268256187439,0.0179832112044096,0.015760548412799835,0.017483269795775414,0.015451214276254177,0.012477511540055275,0.00828430987894535,0.0052054827101528645,0.008844788186252117,0.013849311508238316,0.02804534323513508
GOOG,21,2026-04-07 18:45:00+00:00,14:45,0.027700459584593773,up,0.021628951653838158,0.013264625333249569,0.010821283794939518,0.013425723649561405,0.014821283519268036,0.016096118837594986,0.01760334149003029,0.01619897596538067,0.016251204535365105,0.016336902976036072,0.019532358273863792,0.02571069821715355,0.027526279911398888,0.02550392597913742,0.025965437293052673,0.0236905999481678,0.024905717000365257,0.026720929890871048,0.02180403657257557,0.020759152248501778,0.022074280306696892,0.020439855754375458,0.017026465386152267,0.01739942468702793,0.014658041298389435,0.027700459584593773
CF,21,2026-04-07 18:45:00+00:00,14:45,0.027631167322397232,up,0.019792567938566208,0.022332455962896347,0.021963810548186302,0.019520560279488564,0.017660368233919144,0.019538497552275658,0.015636879950761795,0.016524851322174072,0.011706090532243252,0.014410695061087608,0.02229359932243824,0.019264256581664085,0.017975764349102974,0.020236942917108536,0.023808538913726807,0.025009866803884506,0.02396232634782791,0.020633943378925323,0.02510475181043148,0.02476087398827076,0.021926678717136383,0.01634882017970085,0.019836414605379105,0.018838651478290558,0.02210433967411518,0.027631167322397232
BA,21,2026-04-07 18:45:00+00:00,14:45,0.026403671130537987,up,0.006859085522592068,0.0024319977965205908,0.002396303927525878,0.007203655317425728,0.007598290219902992,0.006115476600825787,5.241653343546204e-05,0.0023686056956648827,-0.0015419304836541414,0.002527971751987934,0.005573548376560211,0.005952287930995226,0.0041773454286158085,0.009428981691598892,0.005445085000246763,0.004384458065032959,0.009872177615761757,0.00947557296603918,0.0067479913122951984,0.008708461187779903,0.010183910839259624,0.005590043030679226,0.012053902260959148,0.021244065836071968,0.02019439823925495,0.026403671130537987
SYY,21,2026-04-07 18:45:00+00:00,14:45,0.026035750284790993,up,0.01621764339506626,0.013213650323450565,0.012185750529170036,0.010446268133819103,0.02378246933221817,0.017449811100959778,0.015020615421235561,0.017694398760795593,0.016112320125102997,0.019702617079019547,0.01749933511018753,0.01795344054698944,0.01813763752579689,0.017455702647566795,0.020062141120433807,0.016925230622291565,0.018617158755660057,0.012417085468769073,0.015921982005238533,0.018567143008112907,0.018817337229847908,0.014778795652091503,0.014560445211827755,0.017031874507665634,0.012604222632944584,0.026035750284790993
CVNA,21,2026-04-07 18:45:00+00:00,14:45,0.025930961593985558,up,-0.013706476427614689,-0.014863083139061928,-0.017482062801718712,-0.015197481028735638,-0.016343815252184868,-0.018668541684746742,-0.0162656269967556,-0.010831574909389019,-0.00778265530243516,-0.004787553567439318,0.0014754103031009436,0.0037365909665822983,0.007093448657542467,0.009516102261841297,0.013712129555642605,0.006839182693511248,0.013734274543821812,0.010815749876201153,0.01228392869234085,0.008063695393502712,0.0056396485306322575,-0.0008688656962476671,0.0003385685558896512,0.0069406284019351006,0.011691593565046787,0.025930961593985558
LITE,21,2026-04-07 18:45:00+00:00,14:45,0.024525441229343414,up,0.005830241367220879,-0.006139183416962624,-0.0029147809837013483,0.0052223508246243,0.0019513708539307117,-0.004726683720946312,-0.0041189733892679214,0.0008444929262623191,-0.003518173238262534,0.008550804108381271,0.014575915411114693,0.017896322533488274,0.019959984347224236,0.01599402353167534,0.01502549834549427,0.014964530244469643,0.01576286368072033,0.009023115038871765,0.013330355286598206,0.015125405974686146,0.007985538803040981,-0.0015870353672653437,0.0007393223349936306,0.0038651421200484037,0.01221500989049673,0.024525441229343414
UNH,21,2026-04-07 18:45:00+00:00,14:45,0.022977210581302643,up,0.008890284225344658,-0.009249826893210411,-0.014517993666231632,-0.0009851854993030429,-0.003130983794108033,-0.005229926202446222,-0.00820526946336031,-0.00523141585290432,-0.009156459011137486,5.226953362580389e-05,0.008151714690029621,0.004003719426691532,0.00810936652123928,0.012086150236427784,0.010407395660877228,0.0071172029711306095,0.010901250876486301,0.009357191622257233,0.005512190982699394,0.003125261515378952,0.0056325397454202175,0.0005275029689073563,0.00030449143378064036,0.005724250338971615,0.006293897982686758,0.022977210581302643
DPZ,21,2026-04-07 18:45:00+00:00,14:45,0.02250519208610058,up,0.0019014059798792005,0.0009330834145657718,-0.0012449048226699233,0.007179392501711845,0.0053096036426723,0.006189275998622179,-0.000990718835964799,0.000874933204613626,-0.0015269528375938535,-0.0012224731035530567,0.0004107871209271252,0.0016039456240832806,0.0018763294210657477,0.0003065920900553465,0.000986536149866879,-0.0014536281814798713,0.0033487961627542973,0.002985375700518489,-0.005875112023204565,-0.0022035103756934404,0.006196519825607538,0.006991640664637089,0.01160535030066967,0.016806038096547127,0.012193848378956318,0.02250519208610058
CRWD,21,2026-04-07 18:45:00+00:00,14:45,0.02184889279305935,up,-0.0009529187809675932,-0.0068840463645756245,-0.01192210242152214,-0.004296441562473774,-0.008846431039273739,-0.014132300391793251,-0.013036456890404224,-0.006300822366029024,-0.004663619678467512,-0.0010162591934204102,0.0010373551631346345,0.004020650405436754,0.007095001637935638,0.007543943356722593,0.006432118359953165,0.006378117948770523,0.010343525558710098,0.00788954459130764,0.0036723599769175053,0.003244808642193675,0.005851528141647577,0.0050982581451535225,0.009158123284578323,0.01285653654485941,0.016617264598608017,0.02184889279305935
OMC,21,2026-04-07 18:45:00+00:00,14:45,0.021268879994750023,up,0.017062265425920486,0.01444835215806961,0.015439441427588463,0.01936396025121212,0.022237488999962807,0.01818585954606533,0.015604563988745213,0.017087053507566452,0.019007446244359016,0.019015997648239136,0.01972568780183792,0.023752732202410698,0.021760784089565277,0.022410748526453972,0.025689885020256042,0.021189900115132332,0.02173769287765026,0.022280758246779442,0.02045201137661934,0.02005370333790779,0.020180992782115936,0.0165113378316164,0.016503965482115746,0.023258419707417488,0.01997736096382141,0.021268879994750023
CIEN,21,2026-04-07 18:45:00+00:00,14:45,0.02037682756781578,up,-0.011804410256445408,-0.020734932273626328,-0.01871483027935028,-0.014398772269487381,-0.017464550212025642,-0.019590508192777634,-0.015926240012049675,-0.009221996180713177,-0.008959158323705196,-0.0023093840572983027,0.004157147370278835,0.006520738359540701,0.005843896884471178,0.0021250532008707523,0.000984419253654778,0.0001140898821176961,-0.0013808772200718522,-0.007868463173508644,-0.007062150631099939,-0.006202519405633211,-0.011803671717643738,-0.013991077430546284,-0.008863531053066254,-0.004534668754786253,0.0009720629896037281,0.02037682756781578
COHR,21,2026-04-07 18:45:00+00:00,14:45,0.019995765760540962,up,0.0025078689213842154,-0.0011306817177683115,-0.0036129136569797993,0.0037944731302559376,0.001454591634683311,-0.004480032715946436,-0.007619128562510014,0.001383661525323987,-0.002639884129166603,0.0036261077038943768,0.01177543681114912,0.017273349687457085,0.016697606071829796,0.00925330352038145,0.01078929752111435,0.009152295999228954,0.009156323969364166,0.004957875702530146,0.006741335149854422,0.0069810557179152966,0.00403302488848567,0.0011253253323957324,0.000257137551670894,0.006477716378867626,0.007564354222267866,0.019995765760540962
EQT,21,2026-04-07 18:45:00+00:00,14:45,0.019976112991571426,up,0.006448701489716768,0.007345627062022686,0.00916048139333725,0.012547941878437996,0.011798600666224957,0.011643894016742706,0.009216129779815674,0.00948281679302454,0.011497735977172852,0.011535565368831158,0.012533878907561302,0.013858229853212833,0.013175337575376034,0.01169822458177805,0.013322905637323856,0.014144793152809143,0.014089677482843399,0.016055839136242867,0.014694418758153915,0.01620217226445675,0.01872672140598297,0.015064007602632046,0.019207704812288284,0.01823893003165722,0.017241420224308968,0.019976112991571426
STX,21,2026-04-07 18:45:00+00:00,14:45,0.019926302134990692,up,-0.009518332779407501,-0.010676814243197441,-0.01355668343603611,-0.005218027625232935,-0.014354109764099121,-0.01677878387272358,-0.014117340557277203,-0.0066617317497730255,-0.006693095900118351,-0.0018747331341728568,0.003718071384355426,0.00698681827634573,0.007661430165171623,0.00889004860073328,0.008334914222359657,0.0063803172670304775,0.009924127720296383,0.00430038757622242,0.004403011407703161,0.003191665280610323,0.0005442422116175294,-0.005418777000159025,-0.0037063839845359325,-0.0006578536122106016,0.006302570924162865,0.019926302134990692
COIN,21,2026-04-07 18:45:00+00:00,14:45,0.019283153116703033,up,-0.006150736007839441,-0.004653928801417351,-0.012590174563229084,-0.0063026295974850655,-0.012572838924825191,-0.009490333497524261,-0.0131311547011137,-0.009565116837620735,-0.008745091035962105,-0.0032017051707953215,0.005585819482803345,0.010853009298443794,0.008120576851069927,0.004268142394721508,0.008604566566646099,0.0037798976991325617,0.01185939833521843,0.009908105246722698,0.00878361240029335,0.009412969462573528,0.003818958066403866,0.0037882395554333925,0.0039505078457295895,0.009548540227115154,0.006758605595678091,0.019283153116703033
GM,21,2026-04-07 18:45:00+00:00,14:45,0.018538199365139008,up,0.009126660414040089,0.014787591062486172,0.012346126139163971,0.012864135205745697,0.014530101791024208,0.016814107075333595,0.010460407473146915,0.007397976238280535,0.008265097625553608,0.00490053603425622,0.004116968717426062,0.008110040798783302,0.010211935266852379,0.012285116128623486,0.012176120653748512,0.014333452098071575,0.017486661672592163,0.016675956547260284,0.011670496314764023,0.013507123105227947,0.013835165649652481,0.015855979174375534,0.018253080546855927,0.021634407341480255,0.019284727051854134,0.018538199365139008
MKC,21,2026-04-07 18:45:00+00:00,14:45,0.018530497327446938,up,0.012800963595509529,0.011992101557552814,0.010637686587870121,0.010437451303005219,0.008738710545003414,0.007745788898319006,0.0047910683788359165,0.005974063649773598,0.009807157330214977,0.011957244947552681,0.011835298500955105,0.013662746176123619,0.014615092426538467,0.015818119049072266,0.014761991798877716,0.01380554586648941,0.016155453398823738,0.01673096790909767,0.018148301169276237,0.018193867057561874,0.01465485617518425,0.013502990826964378,0.013803082518279552,0.017517296597361565,0.01716792955994606,0.018530497327446938
CNC,21,2026-04-07 18:45:00+00:00,14:45,0.01823100820183754,up,0.008187455125153065,0.004796590656042099,0.004083544015884399,0.008855980820953846,0.0073986048810184,0.006782142911106348,0.007211011368781328,0.008578392677009106,0.0039467886090278625,0.009927423670887947,0.012847432866692543,0.01410497073084116,0.010422436520457268,0.019258562475442886,0.01811574399471283,0.013776839710772038,0.015583641827106476,0.014427605085074902,0.01269729994237423,0.010683521628379822,0.012874907813966274,0.010736142285168171,0.014171918854117393,0.0225728377699852,0.018846862018108368,0.01823100820183754
HD,21,2026-04-07 18:45:00+00:00,14:45,0.01802680641412735,up,-0.004865471739321947,-0.004727521911263466,-0.008529674261808395,-0.0019311622017994523,-0.0032275239937007427,-0.004083523526787758,-0.007657626178115606,-0.008089247159659863,-0.0102114612236619,-0.0091937854886055,-0.00553704472258687,-0.00640810327604413,-0.005300468765199184,-0.0027978422585874796,-0.00397349800914526,-0.007207853253930807,-0.004995680879801512,-0.003192424075677991,-0.0029225661419332027,-0.0022610684391111135,-0.00016709881310816854,-0.0007077364134602249,0.0050246017053723335,0.010756665840744972,0.011785865761339664,0.01802680641412735
APA,21,2026-04-07 18:45:00+00:00,14:45,0.01774679683148861,up,0.012812999077141285,0.01640533283352852,0.016853012144565582,0.01389092206954956,0.013197510503232479,0.015082855708897114,0.01390483696013689,0.013915118761360645,0.012729963287711143,0.01148083247244358,0.013229328207671642,0.011057334020733833,0.008104192093014717,0.010542151518166065,0.015925228595733643,0.016002163290977478,0.01168543566018343,0.014859875664114952,0.011350361630320549,0.00854343269020319,0.012483585625886917,0.013245334848761559,0.015779955312609673,0.018045499920845032,0.01756482757627964,0.01774679683148861
MCHP,21,2026-04-07 18:45:00+00:00,14:45,0.017582880333065987,up,-0.0005724614020437002,-0.0026683814357966185,-0.0016706353053450584,0.0021288846619427204,0.0013046975946053863,0.0018185318913310766,-0.0033695045858621597,-0.0002903039858210832,-0.0072698891162872314,-0.0017588670598343015,7.876330346334726e-05,0.0029759842436760664,0.0020168370101600885,0.004625092260539532,0.006282479036599398,0.004554003477096558,0.006525484845042229,0.005176037084311247,0.005084253381937742,0.00759853282943368,0.006329902447760105,0.003059114795178175,0.004803323652595282,0.01188730914145708,0.010441995225846767,0.017582880333065987
HUM,21,2026-04-07 18:45:00+00:00,14:45,0.017385151237249374,up,0.00528585072606802,-0.003519259160384536,-0.010165253654122353,-0.0025022835470736027,-0.0036094305105507374,-0.004713332746177912,-0.007077740505337715,-0.001033723121508956,-0.0019452807027846575,0.0025039645843207836,0.005251643713563681,0.008033918216824532,0.009752102196216583,0.007265090011060238,0.003629319602623582,0.003012891858816147,0.008052132092416286,0.0036535596009343863,0.007125138305127621,0.006288296077400446,0.0020845059771090746,-0.001290832064114511,0.006070050410926342,0.014313125051558018,0.020062468945980072,0.017385151237249374
TXN,21,2026-04-07 18:45:00+00:00,14:45,0.016865964978933334,up,0.0030802665278315544,0.002596477046608925,0.0030136278364807367,0.005021735094487667,0.005749081261456013,0.00712733855471015,0.00405688164755702,0.004579669795930386,0.0030134059488773346,0.0038020850624889135,0.003537499811500311,0.005345504730939865,0.006345128640532494,0.006099483463913202,0.006643744185566902,0.00618845596909523,0.011453093029558659,0.009719736874103546,0.010119779035449028,0.009740764275193214,0.007564023602753878,0.0062772734090685844,0.008281833492219448,0.011549870483577251,0.011773645877838135,0.016865964978933334
GLW,21,2026-04-07 18:45:00+00:00,14:45,0.016485052183270454,up,-0.002459803828969598,0.0005872272304259241,-0.004444604739546776,0.0019326461479067802,0.0017922869883477688,0.0033016635570675135,0.0027330515440553427,0.003263341961428523,0.0026067132130265236,0.0060819839127361774,0.01183695625513792,0.009337409399449825,0.007171297445893288,0.005857067182660103,0.008851087652146816,0.008621642366051674,0.009883353486657143,0.010124074295163155,0.013006005436182022,0.01292659156024456,0.012031239457428455,0.009799950756132603,0.011427768506109715,0.009500272572040558,0.011054319329559803,0.016485052183270454
XOM,21,2026-04-07 18:45:00+00:00,14:45,0.016398701816797256,up,-0.003196496283635497,-0.003958782646805048,-0.007330523803830147,-0.00604870542883873,-0.007041099015623331,-0.005082050338387489,-0.004613068886101246,-0.0034309716429561377,-0.0053420290350914,-0.0008517270907759666,9.964559285435826e-05,0.00026445291587151587,-0.0012882755836471915,-0.0020470640156418085,-0.0013777612475678325,-0.0034708960447460413,-0.006440857425332069,-0.004739678464829922,-0.005233661737293005,-0.0058526466600596905,-0.00031135359313338995,4.2432777263456956e-05,0.00562980817630887,0.0110376151278615,0.01739899255335331,0.016398701816797256
HLT,21,2026-04-07 18:45:00+00:00,14:45,0.016345303505659103,up,0.010267221368849277,0.00878165103495121,0.009326187893748283,0.01077802199870348,0.012694675475358963,0.012062935158610344,0.008647536858916283,0.010654868558049202,0.005992470309138298,0.004776035901159048,0.008460813201963902,0.007354555185884237,0.00720312399789691,0.007073329761624336,0.0071451375260949135,0.006587496493011713,0.008351954631507397,0.010975254699587822,0.011721686460077763,0.00879495870321989,0.00764123210683465,0.005591318476945162,0.00421937508508563,0.007056219503283501,0.004697730299085379,0.016345303505659103
TER,21,2026-04-07 18:45:00+00:00,14:45,0.016243508085608482,up,-0.011588436551392078,-0.012443888001143932,-0.018993521109223366,-0.015047827735543251,-0.015026693232357502,-0.017771603539586067,-0.01965070515871048,-0.012028572149574757,-0.009860184974968433,-0.01040496863424778,-0.006413162220269442,-0.003085383214056492,0.003195749828591943,0.005550694651901722,0.006360154133290052,0.0005767633556388319,0.007317331153899431,0.006134873256087303,0.004776301793754101,0.0015961159951984882,0.003619283903390169,-0.0019278300460428,-0.0024132325779646635,0.007871708832681179,0.007878740318119526,0.016243508085608482
TJX,21,2026-04-07 18:45:00+00:00,14:45,0.016164693981409073,up,0.006389201153069735,0.004787477198988199,0.0032582199200987816,0.006035598926246166,0.005522386636584997,0.0018433242803439498,0.0013974132016301155,0.004467606544494629,0.00111849803943187,0.0011810334399342537,0.0043789115734398365,0.005876066163182259,0.005994812585413456,0.006821391638368368,0.002916803117841482,0.004157396033406258,0.006026008632034063,0.00552036426961422,0.008013318292796612,0.006517130881547928,0.006571246311068535,0.004543469287455082,0.008325918577611446,0.011334884911775589,0.00856815930455923,0.016164693981409073
SNDK,21,2026-04-07 18:45:00+00:00,14:45,0.01614263840019703,up,0.010864702053368092,-0.0011854980839416385,-0.0028624136466532946,0.00496911583468318,-0.0015626135282218456,-0.011530502699315548,-0.012291776947677135,-0.004843565635383129,-0.00916285440325737,-1.961057205335237e-05,0.005882552824914455,0.008482828736305237,0.006256523542106152,0.0020327861420810223,0.0027523222379386425,0.00029006280237808824,-0.003052723128348589,-0.0057589164935052395,-0.0008988799527287483,0.004207019694149494,-0.002948066219687462,-0.014299350790679455,-0.011142267845571041,-0.004011207725852728,-0.0006970206159166992,0.01614263840019703
MNST,21,2026-04-07 18:45:00+00:00,14:45,0.01590360701084137,up,0.007892505265772343,0.003434994723647833,0.004466519691050053,0.004583945497870445,0.01599552296102047,0.012835666537284851,0.013033262453973293,0.011963657103478909,0.01190178096294403,0.009681474417448044,0.010955311357975006,0.009129884652793407,0.007304208818823099,0.008995366282761097,0.004031007643789053,0.004787349607795477,0.0033530360087752342,0.002915194956585765,0.0055910092778503895,0.00961284339427948,0.015117466449737549,0.012529807165265083,0.012310268357396126,0.010514958761632442,0.006220229435712099,0.01590360701084137
MS,21,2026-04-07 18:45:00+00:00,14:45,0.01589787006378174,up,-0.002135271904990077,0.002715922426432371,-7.211272895801812e-05,0.006670600268989801,0.007875731214880943,0.0036174459382891655,-0.0030482388101518154,0.004464505705982447,0.0032187968026846647,0.004105604253709316,0.00832235999405384,0.008696820586919785,0.007879163138568401,0.01001705601811409,0.010476881638169289,0.008281777612864971,0.01318196952342987,0.012356436811387539,0.012890621088445187,0.011432110331952572,0.00905307475477457,0.005624691490083933,0.007326580584049225,0.015463082119822502,0.012677888385951519,0.01589787006378174
PSX,21,2026-04-07 18:45:00+00:00,14:45,0.015815649181604385,up,-0.005333706270903349,0.005209113471210003,-0.001588927349075675,-0.0021676102187484503,0.002711375942453742,0.0038580470718443394,0.008921926841139793,0.009651333093643188,0.008424044586718082,0.011733442544937134,0.012368437834084034,0.008847557008266449,0.007857652381062508,0.012885406613349915,0.012791481800377369,0.011241684667766094,0.012886155396699905,0.007778840605169535,0.00434555858373642,0.006419328041374683,0.008532511070370674,0.007852653972804546,0.007818802259862423,0.010977223515510559,0.01349472627043724,0.015815649181604385
LYV,21,2026-04-07 18:45:00+00:00,14:45,0.015714148059487343,up,-0.005673109088093042,-0.0042039863765239716,-0.006242005154490471,-0.0027705086395144463,-0.00219344743527472,-0.0010892270365729928,-0.005464952904731035,-0.0026558192912489176,-0.005849245935678482,-0.006222239695489407,-0.006328393705189228,-0.002071960363537073,-0.0012165779480710626,-0.002272430807352066,-0.002974728588014841,-0.002461144467815757,-0.0014401857042685151,-0.0032330320682376623,-0.0036594027187675238,-0.004282219335436821,-0.00041492830496281385,0.0008020991808734834,0.0025192361790686846,0.00955300871282816,0.00609488133341074,0.015714148059487343
VTRS,21,2026-04-07 18:45:00+00:00,14:45,0.015605892054736614,up,-0.004098627250641584,0.008248802274465561,0.009829224087297916,0.011413505300879478,0.002805297262966633,0.006524012889713049,0.005199505481868982,0.007732984144240618,0.00514744920656085,0.005205661989748478,0.010215897113084793,0.00998126994818449,0.014180968515574932,0.01568548008799553,0.015152801759541035,0.015393832698464394,0.019681138917803764,0.016493748873472214,0.014691569842398167,0.01729525439441204,0.015642359852790833,0.009993873536586761,0.008759071119129658,0.0162181556224823,0.011832165531814098,0.015605892054736614
SLB,21,2026-04-07 18:45:00+00:00,14:45,0.015519439242780209,up,0.012383958324790001,0.013771358877420425,0.01512446440756321,0.015839705243706703,0.018396003171801567,0.019051548093557358,0.016240982338786125,0.01399107277393341,0.00989607349038124,0.008709659799933434,0.009911231696605682,0.011840729042887688,0.00795000046491623,0.007212781347334385,0.012064670212566853,0.011160369031131268,0.007980653084814548,0.009476740844547749,0.010612539947032928,0.010710833594202995,0.0116324033588171,0.011246953159570694,0.012344487942755222,0.013071397319436073,0.012975543737411499,0.015519439242780209
CVS,21,2026-04-07 18:45:00+00:00,14:45,0.015452640131115913,up,0.011740118265151978,0.0044769058004021645,-0.0026653280947357416,0.005494004115462303,0.012616575695574284,0.00813284795731306,0.006505758501589298,0.010936953127384186,0.0038457659538835287,0.01047582644969225,0.014005995355546474,0.01655583828687668,0.019350344315171242,0.019817674532532692,0.02162911370396614,0.01734008826315403,0.013521603308618069,0.016329439356923103,0.011964711360633373,0.01303777378052473,0.012583138421177864,0.009419688023626804,0.0083871278911829,0.01199541799724102,0.008747782558202744,0.015452640131115913
VRT,21,2026-04-07 18:45:00+00:00,14:45,0.015214581042528152,up,-0.003023947821930051,-0.006440004799515009,-0.007431006990373135,-0.00034203764516860247,-0.002398672979325056,-0.006014754995703697,-0.006403198931366205,-0.00038936323835514486,-0.0067746443673968315,0.0006172925350256264,0.005291318986564875,0.007644696161150932,0.0060735465958714485,0.003603945951908827,0.0017199182184413075,0.0011838027276098728,0.001756102778017521,0.0006543442141264677,-0.0006688529392704368,-0.003187029855325818,-0.00014844097313471138,1.9173716282239184e-05,-9.41182515816763e-05,0.008085446432232857,0.007349784951657057,0.015214581042528152
ADBE,21,2026-04-07 18:45:00+00:00,14:45,0.014870145358145237,up,0.008495349436998367,0.009287836030125618,0.009596258401870728,0.01282900758087635,0.009001648984849453,0.004932715091854334,0.002468340564519167,0.007183365058153868,0.0027667642571032047,0.007190861273556948,0.010694445110857487,0.009334531612694263,0.00397026352584362,0.0031251225154846907,0.005182807799428701,0.005598603747785091,0.008522787131369114,0.009346148930490017,0.00604994734749198,0.007366199977695942,0.006674827542155981,0.003939654212445021,0.0052175093442201614,0.010943342931568623,0.010421966202557087,0.014870145358145237
ADI,21,2026-04-07 18:45:00+00:00,14:45,0.014809752814471722,up,-0.0030480611603707075,0.0001375078281853348,-0.0033245503436774015,3.2002604712033644e-05,0.0034389898646622896,0.0020792672876268625,-0.00016856171714607626,-0.0002290492702741176,-0.0011667812941595912,0.0013037316966801882,0.00779322674497962,0.006955971475690603,0.007376838941127062,0.005288028158247471,0.00694107124581933,0.005946693941950798,0.00642889691516757,0.006759685464203358,0.004046848509460688,0.005746872164309025,0.005440218839794397,0.0009591322741471231,0.001080559566617012,0.006654123775660992,0.0054500894621014595,0.014809752814471722
TECH,21,2026-04-07 18:45:00+00:00,14:45,0.014801140874624252,up,-0.0013925408711656928,0.0019946005195379257,-0.0014976015081629157,-0.0016258228570222855,-0.006137811113148928,0.00047469287528656423,-0.0014198257122188807,-0.0014348452677950263,0.0022823638282716274,0.00031072733690962195,0.0013805464841425419,0.0008925186120904982,0.002028141636401415,0.005535714793950319,0.006169120781123638,0.006681802216917276,0.007620085962116718,0.006221910007297993,0.00553339347243309,0.005522388964891434,0.007169207092374563,0.006168857216835022,0.008286062628030777,0.012611433863639832,0.012509278953075409,0.014801140874624252
CCI,21,2026-04-07 18:45:00+00:00,14:45,0.014707658439874649,up,0.0008371771546080709,0.002294366480782628,0.0004145620041526854,0.002430560067296028,0.00514886574819684,0.004079726990312338,0.0010108260903507471,0.0014963105786591768,0.003355478635057807,0.0037676619831472635,0.004952885676175356,0.006737491115927696,0.009431025013327599,0.007944643497467041,0.0076024518348276615,0.005630480125546455,0.007486875634640455,0.006908187177032232,0.0063496967777609825,0.007973643019795418,0.006200962699949741,0.0009936303831636906,0.0014768993714824319,0.008223138749599457,0.006829121150076389,0.014707658439874649
NVDA,21,2026-04-07 18:45:00+00:00,14:45,0.01438815426081419,up,-0.004835898522287607,-0.008130171336233616,-0.016082270070910454,-0.011249791830778122,-0.012626822106540203,-0.014660843648016453,-0.010587751865386963,-0.005152158904820681,-0.006759574171155691,-0.0026887934654951096,0.0026070168241858482,-8.378275379072875e-05,-0.002261197427287698,-0.0017206050688400865,-0.0019584228284657,-0.0008994631352834404,0.00015213996812235564,-0.0018740211380645633,-0.0026464443653821945,-0.0033917308319360018,-0.0006887074559926987,-0.0030833000782877207,-0.0015885672764852643,0.005929676815867424,0.008807671256363392,0.01438815426081419
AMAT,21,2026-04-07 18:45:00+00:00,14:45,0.014307073317468166,up,-0.008976386860013008,-0.00914301723241806,-0.016570432111620903,-0.01060051005333662,-0.012444600462913513,-0.011511974036693573,-0.014296010136604309,-0.011373446322977543,-0.010394303128123283,-0.006766039412468672,7.817870209692046e-05,-0.002010754542425275,0.0014638210413977504,-0.0011400182265788317,-0.0030319076031446457,-0.005989479832351208,-0.004617304541170597,-0.0037888865917921066,-0.005026820581406355,-0.004995537921786308,-0.003735864767804742,-0.003148813731968403,-0.00787794217467308,-0.0025589652359485626,-0.004794605541974306,0.014307073317468166
EOG,21,2026-04-07 18:45:00+00:00,14:45,0.014233232475817204,up,0.010787971317768097,0.01529681496322155,0.017024291679263115,0.018438776955008507,0.01906754821538925,0.015922054648399353,0.016642427071928978,0.016943752765655518,0.014006716199219227,0.012051577679812908,0.014486221596598625,0.015104210004210472,0.01451560016721487,0.01393141970038414,0.015413819812238216,0.01651906780898571,0.01528115477412939,0.015003062784671783,0.015151825733482838,0.014181157574057579,0.013335378840565681,0.013804365880787373,0.016891159117221832,0.016238423064351082,0.01561635360121727,0.014233232475817204
MAR,21,2026-04-07 18:45:00+00:00,14:45,0.014227408915758133,up,-0.0026765738148242235,-0.0007092938758432865,-0.002393756527453661,0.003378590103238821,0.0032838990446180105,0.0033508071210235357,-0.0024394690990448,-0.0031046608928591013,-0.0038475776091217995,-0.006106737069785595,-0.003000237513333559,-0.002318189712241292,-0.004866095259785652,-0.0029474711045622826,-0.003155875951051712,-0.006840764544904232,-0.003442168002948165,-0.003258952870965004,-0.006226373370736837,-0.0034877813886851072,0.0010940475622192025,0.00010045093949884176,-0.00018528026703279465,0.005989499390125275,0.004573511891067028,0.014227408915758133
HII,21,2026-04-07 18:45:00+00:00,14:45,0.014160546474158764,up,0.0026013317983597517,0.006154131144285202,0.0010004036594182253,0.006731575354933739,0.004882735665887594,0.004054265096783638,0.002929277950897813,0.004738594871014357,0.0030765547417104244,0.005098743364214897,0.007383660413324833,0.009008228778839111,0.009398763068020344,0.010318865068256855,0.006714622490108013,0.006100224331021309,0.005120826419442892,0.009262745268642902,0.004378065001219511,0.004211776424199343,0.005639670882374048,0.0067122019827365875,0.012956519611179829,0.02118467539548874,0.016419164836406708,0.014160546474158764
HWM,21,2026-04-07 18:45:00+00:00,14:45,0.014116374775767326,up,0.0018644342198967934,0.005905065685510635,0.004184079822152853,0.004651257768273354,0.0021912616211920977,0.00022134176106192172,-0.001352480729110539,0.0013534195022657514,0.003176321741193533,0.005096878856420517,0.007343631237745285,0.008363978937268257,0.0066644493490457535,0.0073629883117973804,0.005240268539637327,0.0060545457527041435,0.00873903650790453,0.009168841876089573,0.010627049952745438,0.009874865412712097,0.014042878523468971,0.008990778587758541,0.009105977602303028,0.015221999026834965,0.0118771493434906,0.014116374775767326
PEP,21,2026-04-07 18:45:00+00:00,14:45,0.013783839531242847,up,0.005742040928453207,0.007649027742445469,0.005282902158796787,0.005259010940790176,0.0069522797130048275,0.004379878286272287,0.002841946901753545,0.004603214096277952,0.002057395875453949,0.0023355220910161734,0.005156359169632196,0.006799029186367989,0.006413841620087624,0.007439764216542244,0.007614803500473499,0.0069455369375646114,0.009207935072481632,0.006507428362965584,0.008452635258436203,0.008853675797581673,0.008230678737163544,0.005884440150111914,0.009108413010835648,0.01161845214664936,0.010533684864640236,0.013783839531242847
DVN,21,2026-04-07 18:45:00+00:00,14:45,0.013320138677954674,up,0.00865898560732603,0.011191894300282001,0.012545380741357803,0.011816690675914288,0.008634168654680252,0.01010145153850317,0.008268027566373348,0.009188828058540821,0.007648012135177851,0.005310301668941975,0.005839026533067226,0.005578899756073952,0.004675924312323332,0.00430867075920105,0.008166617713868618,0.009117625653743744,0.007531444076448679,0.010028579272329807,0.009575053118169308,0.010748467408120632,0.010645193047821522,0.011285739950835705,0.011745519004762173,0.013956649228930473,0.01262565515935421,0.013320138677954674
CEG,21,2026-04-07 18:45:00+00:00,14:45,0.01291938778012991,up,-0.0075537762604653835,-0.005347677506506443,-0.010215428657829762,-0.008137524127960205,-0.010981971397995949,-0.013170173391699791,-0.01744205877184868,-0.01407625712454319,-0.01800972782075405,-0.012259380891919136,-0.007701604161411524,-0.005936873145401478,-0.005737144034355879,-0.005742731969803572,-0.00952837523072958,-0.012438408099114895,-0.009524913504719734,-0.008367369882762432,-0.009931166656315327,-0.009966671466827393,-0.010221442207694054,-0.01331893727183342,-0.010481862351298332,-0.0012893907260149717,-0.0017293674172833562,0.01291938778012991
XYZ,21,2026-04-07 18:45:00+00:00,14:45,0.01289705652743578,up,-0.007699625566601753,-0.0071989139541983604,-0.007125864736735821,-0.0009341923869214952,-0.0031514246948063374,-0.0017821360379457474,-0.0055680894292891026,-0.0015724304830655456,-0.004164854064583778,-0.003345800330862403,0.000635197851806879,0.0013383975019678473,0.0034132436849176884,0.006293385289609432,0.005184901878237724,0.0034777456894516945,0.007842592895030975,0.005646174773573875,0.005621883552521467,0.004875315353274345,0.004469492472708225,0.0017675354611128569,0.0027351693715900183,0.008713355287909508,0.006310861557722092,0.01289705652743578
ON,21,2026-04-07 18:45:00+00:00,14:45,0.012895110994577408,up,0.0004900852218270302,-9.027250780491158e-05,-0.0007218916434794664,-7.674216612940654e-05,-0.0009098415030166507,-0.0008403914398513734,-0.004074470605701208,-0.0036898241378366947,-0.006631162483245134,-0.002364735584706068,-0.001118105137720704,0.0010840387549251318,0.004655458033084869,0.005224703811109066,0.005997409578412771,0.005004305858165026,0.0072881970554590225,0.005756210070103407,0.005185532849282026,0.006276365369558334,0.0076398178935050964,0.006027807015925646,0.007554252631962299,0.012125421315431595,0.009103333577513695,0.012895110994577408
ANET,21,2026-04-07 18:45:00+00:00,14:45,0.012639319524168968,up,0.00515781482681632,0.006296554580330849,-0.0037558465264737606,0.0024932422675192356,-0.0012980545870959759,-0.0033038039691746235,-0.004125681240111589,0.0021142088808119297,0.002260314067825675,0.0025580625515431166,0.011082462966442108,0.007695554755628109,0.004776689223945141,0.00448984932154417,0.008478542789816856,0.006355439778417349,0.010128713212907314,0.01580715738236904,0.016287317499518394,0.012485947459936142,0.013004601001739502,0.00479986472055316,0.005879012867808342,0.005525497253984213,0.009164422750473022,0.012639319524168968
CPAY,21,2026-04-07 18:45:00+00:00,14:45,0.01218306552618742,up,0.008037679828703403,0.010907876305282116,0.013227684423327446,0.00977683812379837,0.010599186643958092,0.011875583790242672,0.010527915321290493,0.010551978833973408,0.01169214304536581,0.008916360326111317,0.009790534153580666,0.016088254749774933,0.011720129288733006,0.013268356211483479,0.015051878057420254,0.012720169499516487,0.014728548005223274,0.016216307878494263,0.014654702506959438,0.012913140468299389,0.009410450235009193,0.010083657689392567,0.00657819164916873,0.012491506524384022,0.0070696668699383736,0.01218306552618742
MU,21,2026-04-07 18:45:00+00:00,14:45,0.01211882010102272,up,-0.003827723441645503,-0.01242666132748127,-0.02337661199271679,-0.015868600457906723,-0.02194090560078621,-0.029575813561677933,-0.02709399163722992,-0.02346365712583065,-0.02086513116955757,-0.015272880904376507,-0.008352065458893776,-0.005632772110402584,-0.0006004757597111166,-0.004571475088596344,-0.0035311055835336447,-0.005705209448933601,-0.004614672157913446,-0.005037926137447357,-0.008681247010827065,-0.005938583053648472,-0.007091856095939875,-0.013756262138485909,-0.010715655982494354,-0.008438817225396633,-0.001236888230778277,0.01211882010102272
FIS,21,2026-04-07 18:45:00+00:00,14:45,0.012066362425684929,up,-0.0059980000369250774,0.0015336754731833935,0.002152103465050459,0.003712030593305826,0.004113431088626385,0.0005918841925449669,-0.0029532411135733128,-0.0016606241697445512,-0.00047906627878546715,0.0036584497429430485,0.006362918298691511,0.008058503270149231,0.007720287423580885,0.008547897450625896,0.006702386308461428,0.004407169762998819,0.009494871832430363,0.007372379768639803,0.007812842726707458,0.009754752740263939,0.00961336400359869,0.0054610250517725945,0.008436362259089947,0.00833453144878149,0.007433976046741009,0.012066362425684929
V,21,2026-04-07 18:45:00+00:00,14:45,0.011833235621452332,up,0.004213881213217974,0.004969106987118721,0.007383342366665602,0.006383566185832024,0.005348751321434975,0.004149234388023615,0.0026291031390428543,0.004121566191315651,0.0019375582924112678,0.0010607274016365409,0.0058856867253780365,0.004183976911008358,0.005638049449771643,0.006810661405324936,0.007031561806797981,0.006019768305122852,0.0078198267146945,0.006193685345351696,0.008204181678593159,0.007141833659261465,0.005658364854753017,0.004147404804825783,0.0025678544770926237,0.005411442369222641,0.005034479778259993,0.011833235621452332
DASH,21,2026-04-07 18:45:00+00:00,14:45,0.011566470377147198,up,-0.0008705154759809375,0.002908701077103615,-0.0037009799852967262,0.0032314867712557316,-9.09553091332782e-06,-0.00034113903529942036,-0.002435708185657859,0.0005234946147538722,0.0008754154550842941,0.005008350126445293,0.010674755088984966,0.012162638828158379,0.009226805530488491,0.010876765474677086,0.009881492704153061,0.006114089395850897,0.009663930162787437,0.010080229490995407,0.009194849990308285,0.009308341890573502,0.007333053275942802,0.004601463675498962,0.005029949825257063,0.011394031345844269,0.008206355385482311,0.011566470377147198
AMD,21,2026-04-07 18:45:00+00:00,14:45,0.011563340201973915,up,-0.0043383510783314705,-0.010553257539868355,-0.013682985678315163,-0.008850844576954842,-0.012005805037915707,-0.013238825835287571,-0.014100218191742897,-0.011390121653676033,-0.016191372647881508,-0.010915731079876423,-0.007951467297971249,-0.005956422071903944,-0.010996409691870213,-0.00816364772617817,-0.010422096587717533,-0.011404953896999359,-0.009571744129061699,-0.008877802640199661,-0.010385963134467602,-0.007515746168792248,-0.007893282920122147,-0.010498572140932083,-0.006900622975081205,0.0032115518115460873,0.006641079671680927,0.011563340201973915
CAG,21,2026-04-07 18:45:00+00:00,14:45,0.011097436770796776,up,0.0022656647488474846,0.006983702536672354,0.006045265588909388,0.007910559885203838,0.004826740827411413,0.00509747164323926,0.000420530530391261,0.0018160254694521427,0.002402197802439332,0.0047984495759010315,0.011229296214878559,0.009570077992975712,0.011356092058122158,0.01205912884324789,0.009156346321105957,0.01140028890222311,0.015224942937493324,0.013821950182318687,0.012907336466014385,0.01592797040939331,0.01338155660778284,0.007310565561056137,0.008769269101321697,0.014542105607688427,0.010160259902477264,0.011097436770796776
F,21,2026-04-07 18:45:00+00:00,14:45,0.010973614640533924,up,-0.002111919689923525,0.013041563332080841,-0.0008330857381224632,-0.0006872777012176812,0.0003990275727119297,-0.0036640430334955454,-0.005418446846306324,-0.0037495524156838655,0.0005526338354684412,0.00857788696885109,0.014442548155784607,0.01388463843613863,0.013869755901396275,0.016712035983800888,0.018042268231511116,0.019765788689255714,0.0218846146017313,0.019380338490009308,0.01629074662923813,0.01504072081297636,0.01682773046195507,0.011017863638699055,0.007966216653585434,0.013818886131048203,0.008030178025364876,0.010973614640533924
FITB,21,2026-04-07 18:45:00+00:00,14:45,0.010948847979307175,up,-0.0003902203752659261,0.0038042946252971888,0.0007654071669094265,0.004684607498347759,0.004197152331471443,0.006930461153388023,0.0034818926360458136,0.006561232730746269,0.0061622485518455505,0.004192333668470383,0.0061936271376907825,0.005930009298026562,0.005106954835355282,0.006030188407748938,0.006986567284911871,0.0076416111551225185,0.008817674592137337,0.008539310656487942,0.008405501022934914,0.009567661210894585,0.009011131711304188,0.007143927738070488,0.0072799245826900005,0.009338012896478176,0.009045765735208988,0.010948847979307175
PAYX,21,2026-04-07 18:45:00+00:00,14:45,0.01063917949795723,up,0.006209030747413635,0.010754158720374107,0.009080370888113976,0.01238252129405737,0.007378364447504282,0.005299264565110207,-0.0007512829615734518,0.003871975466609001,0.005484428256750107,0.0074472324922680855,0.009885434061288834,0.013239183463156223,0.01602311246097088,0.015705695375800133,0.013471953570842743,0.014373227022588253,0.019624954089522362,0.01764521934092045,0.01460448931902647,0.014053701423108578,0.014377832412719727,0.010730355978012085,0.011194605380296707,0.015193991363048553,0.011340491473674774,0.01063917949795723
RCL,21,2026-04-07 18:45:00+00:00,14:45,0.010633849538862705,up,-0.005666804034262896,-0.005161243956536055,-0.008470729924738407,-0.004245459102094173,-0.008189025335013866,-0.009444925002753735,-0.012622416019439697,-0.006057139486074448,-0.012821154668927193,-0.007168707903474569,-0.004678372293710709,-0.0035916646011173725,-0.007457748521119356,-0.003101824317127466,-0.0041841305792331696,-0.006759609095752239,-0.0031125391833484173,-0.0030926356557756662,-0.005158854648470879,-0.006682336796075106,-0.0076989904046058655,-0.009571000002324581,-0.007306056097149849,0.0017952057532966137,-0.0012369999894872308,0.010633849538862705
MPC,21,2026-04-07 18:45:00+00:00,14:45,0.0102548748254776,up,0.004319828934967518,0.006814397871494293,0.006997627671808004,0.008306508883833885,0.010034343227744102,0.00880642794072628,0.010113148018717766,0.011998050846159458,0.008971799165010452,0.010133050382137299,0.010839983820915222,0.010374661535024643,0.005848171655088663,0.0057284291833639145,0.00901081133633852,0.00704790186136961,0.007399731781333685,0.0071878693997859955,0.006102745421230793,0.004775370936840773,0.004448838531970978,0.004743530880659819,0.007933072745800018,0.009113161824643612,0.0077545964159071445,0.0102548748254776
KO,21,2026-04-07 18:45:00+00:00,14:45,0.010053278878331184,up,0.01642460934817791,0.01463424600660801,0.015045952051877975,0.014010731130838394,0.019729841500520706,0.012634566985070705,0.013264885172247887,0.008962017484009266,0.012762411497533321,0.013118046335875988,0.010387095622718334,0.014550074003636837,0.012097423896193504,0.01652280054986477,0.01817288063466549,0.01094071101397276,0.009819308295845985,0.009183404967188835,0.007107673678547144,0.00908938143402338,0.009449183940887451,0.007764223963022232,0.006906324531883001,0.00879107415676117,0.005390422884374857,0.010053278878331184
CI,21,2026-04-07 18:45:00+00:00,14:45,0.009951055981218815,up,0.0070434873923659325,0.004461146425455809,0.0031622545793652534,0.0032803197391331196,0.0020737424492836,-0.0009249911527149379,-0.005850810091942549,-0.002945683430880308,-0.0032034171745181084,3.689474397106096e-05,0.003972449339926243,0.0052358307875692844,0.005892645567655563,0.006014648824930191,0.00441235164180398,0.0028087429236620665,0.00643779244273901,0.004629048984497786,0.003717569401487708,0.004351469688117504,0.005808531306684017,0.0015166375087574124,0.0057058800011873245,0.010375205427408218,0.0033652775455266237,0.009951055981218815
CDNS,21,2026-04-07 18:45:00+00:00,14:45,0.009898843243718147,up,0.0060474686324596405,0.003550772089511156,-0.001314071356318891,0.001083667273633182,-0.004458087962120771,-0.004864847753196955,-0.012748719193041325,-0.003977678716182709,-0.002302920212969184,-0.0017678405856713653,0.0030397730879485607,0.006535354536026716,0.006600850261747837,0.004933397751301527,0.0026651585940271616,0.003500848775729537,0.010554573498666286,0.007595166098326445,0.011997461318969727,0.003765496890991926,0.0009336051880382001,-0.003321131458505988,0.0016628059092909098,0.005702376365661621,0.00499920267611742,0.009898843243718147
FOX,21,2026-04-07 18:45:00+00:00,14:45,0.00988742895424366,up,-0.005493170581758022,-0.0035968348383903503,-0.0012900943402200937,0.00128794158808887,9.619239426683635e-05,-0.00021499917784240097,-0.0024874992668628693,-0.003224853426218033,0.0001835639850469306,-0.0015141607727855444,0.000314696371788159,0.0013330350629985332,0.0021653142757713795,0.0015889635542407632,0.002247785683721304,0.0013855049619451165,0.004342694766819477,0.004289139993488789,0.0037477556616067886,0.004913917277008295,0.004903628956526518,0.004749340005218983,0.0032469057478010654,0.008049799129366875,0.006558313500136137,0.00988742895424366
PH,21,2026-04-07 18:45:00+00:00,14:45,0.009778168052434921,up,-0.0038880619686096907,-0.0019147606799378991,-0.00421071657910943,-0.00024046293401625007,0.00058093445841223,-0.0005691969417966902,-0.0024846731685101986,0.00040355819510295987,-0.0016607313882559538,-0.0001228002511197701,0.0037271769251674414,0.0041247024200856686,0.0065321349538862705,0.006299513857811689,0.006459537893533707,0.0043723913840949535,0.008050506003201008,0.006911752745509148,0.0036888576578348875,0.005470289848744869,0.003643670352175832,0.0020221637096256018,0.0026920551899820566,0.0034703812561929226,0.003285815007984638,0.009778168052434921
APD,21,2026-04-07 18:45:00+00:00,14:45,0.009587001986801624,up,0.007763819769024849,0.007817222736775875,0.010429881513118744,0.008780465461313725,0.009216167032718658,0.008489026688039303,0.0058310991153120995,0.00586664816364646,0.006197217386215925,0.004845603834837675,0.00551153440028429,0.006526564713567495,0.007630522828549147,0.006133848335593939,0.003814209485426545,0.003884559264406562,0.005042147822678089,0.005496951285749674,0.005263453349471092,0.006502628792077303,0.006757175549864769,0.004124429542571306,0.0033776089549064636,0.004830807447433472,0.0020737312734127045,0.009587001986801624
LOW,21,2026-04-07 18:45:00+00:00,14:45,0.009409625083208084,up,0.0027302997186779976,0.004872733727097511,-0.0008086119196377695,0.0013665700098499656,0.00022993025777395815,-0.003256989410147071,-0.006888978648930788,-0.0016483428189530969,-0.003591083688661456,0.0011015284107998013,0.0023170735221356153,0.0035025207325816154,0.0047318278811872005,0.0037099963519722223,0.0028186962008476257,0.002946796827018261,0.0075211902149021626,0.007810729090124369,0.006405061110854149,0.00578168174251914,0.003912660758942366,0.002209028461948037,0.0019010063260793686,0.005431036464869976,0.005288003012537956,0.009409625083208084
IBKR,21,2026-04-07 18:45:00+00:00,14:45,0.009401127696037292,up,-0.004847940988838673,-0.004670499358326197,-0.007321034092456102,-0.0030297834891825914,-0.005347053054720163,-0.005453202407807112,-0.006772277876734734,-0.005163303576409817,-0.007503077853471041,-0.004035449121147394,-0.006189875770360231,-0.0022843792103230953,-0.0004099636571481824,0.002692605834454298,0.002938478486612439,0.0015530812088400126,0.0020288650412112474,0.002848684787750244,0.0007672982756048441,0.003170854179188609,0.0021935333497822285,-0.00011772404832299799,-0.0009248163551092148,0.005615028087049723,0.0026614901144057512,0.009401127696037292
UBER,21,2026-04-07 18:45:00+00:00,14:45,0.009290467016398907,up,0.011220875196158886,0.01319457869976759,0.009304098784923553,0.010853953659534454,0.005430206190794706,-0.000863931025378406,-0.005671468563377857,-0.0006086849607527256,-0.003002063138410449,0.0003707090800162405,0.0010601850226521492,0.0030065178871154785,0.004065097775310278,0.006128511857241392,0.007217304315418005,0.005304367747157812,0.007282326929271221,0.006540514528751373,0.005265585612505674,0.0054640802554786205,0.007648233324289322,0.0020458619110286236,0.004050955642014742,0.006019960157573223,0.0034649709705263376,0.009290467016398907
IT,21,2026-04-07 18:45:00+00:00,14:45,0.008953866548836231,up,-0.008031844161450863,-0.0008742950740270317,-0.008539849892258644,-0.004424827639013529,-0.009900332428514957,-0.010480789467692375,-0.010131653398275375,-0.009787197224795818,-0.008658453822135925,-0.008488199673593044,3.2753931009210646e-05,-6.974794087000191e-05,0.0007358576986007392,0.000798544380813837,-0.000597314618062228,-0.0018669678829610348,-0.0003736917278729379,-0.0013789227232336998,-0.0044542839750647545,-0.0005364829557947814,-7.992220344021916e-05,-0.0013613475020974874,-0.00408325158059597,0.0009281715610995889,-0.0030512434896081686,0.008953866548836231
BXP,21,2026-04-07 18:45:00+00:00,14:45,0.008802170865237713,up,0.0011172035010531545,0.002326816553249955,-0.00045640283497050405,0.0010454141302034259,-0.0019135306356474757,-0.0017188256606459618,-0.006250725127756596,-0.006272557191550732,0.0002564380702096969,-0.0012607143726199865,-0.0021160743199288845,-0.0013876564335078,-0.00038793846033513546,0.0006754273199476302,0.0033996303100138903,0.0030254332814365625,0.005393765866756439,0.005844489671289921,0.0048603154718875885,0.0051347543485462666,0.005252903327345848,0.004707131069153547,0.0036394931375980377,0.005460971966385841,0.003548803273588419,0.008802170865237713
FIX,21,2026-04-07 18:45:00+00:00,14:45,0.00851088110357523,up,-8.270776743302122e-05,-0.006139747332781553,-0.005092022009193897,-0.0023594789672642946,0.001136279315687716,0.0001745116023812443,-0.0022221787367016077,0.0003367016324773431,-0.004548562224954367,-0.0003223024250473827,0.00483230734243989,0.005628506187349558,0.0037161498330533504,0.004358572419732809,0.0025364381726831198,0.00125424237921834,0.003951799590140581,0.002794175874441862,0.0022043411154299974,0.0036044162698090076,0.0036218268796801567,0.0013426374644041061,-0.0019146758131682873,0.004712709225714207,0.00279821059666574,0.00851088110357523
MPWR,21,2026-04-07 18:45:00+00:00,14:45,0.00848540011793375,up,-0.001767388661392033,-0.006058058235794306,-0.002964228857308626,0.00011748047836590558,0.0044908225536346436,0.0014994436642155051,0.00036084678140468895,0.0026931508909910917,-0.003111122874543071,-0.0001256270334124565,0.002588279778137803,0.0026620717253535986,0.0010716307442635298,-0.001230714377015829,0.0006870503420941532,-0.00021007878240197897,0.0020060869865119457,0.0011235306737944484,0.0014871442690491676,0.0025165858678519726,-0.00011312800052110106,-0.004169937688857317,-0.002552033169195056,0.002335252473130822,0.0032276150304824114,0.00848540011793375
COP,21,2026-04-07 18:45:00+00:00,14:45,0.008416581898927689,up,0.006159263662993908,0.010841426439583302,0.013415498659014702,0.010982598178088665,0.015285677276551723,0.01628277078270912,0.0142378443852067,0.008112547919154167,0.009348244406282902,0.005061239004135132,0.00692364014685154,0.007307098247110844,0.004819236695766449,0.004932180512696505,0.006123746745288372,0.005470990668982267,0.0037367488257586956,0.0062947990372776985,0.006735341623425484,0.007130738347768784,0.005347188096493483,0.005595294758677483,0.006075634621083736,0.00919816642999649,0.006581297144293785,0.008416581898927689
PANW,21,2026-04-07 18:45:00+00:00,14:45,0.00828439462929964,up,-0.012282992713153362,-0.013459020294249058,-0.013415246270596981,-0.0041992077603936195,-0.00976368598639965,-0.009315388277173042,-0.01065954938530922,-0.009270553477108479,-0.006340148858726025,-0.005363183561712503,-0.0009353326167911291,-0.0022194841876626015,-0.005523852538317442,-0.0014019599184393883,-0.005531294271349907,-0.007150257937610149,-0.006910705007612705,-0.004739238880574703,-0.00040008846553973854,-0.0037307755555957556,-0.0004959182697348297,-0.005549193359911442,-0.002791188657283783,0.005802788306027651,0.005872981157153845,0.00828439462929964
SW,21,2026-04-07 18:45:00+00:00,14:45,0.008092773146927357,up,-7.879414624767378e-05,0.004154060035943985,0.0014571291394531727,0.00734328106045723,0.003045897465199232,-0.0008410726441070437,-0.003398358589038253,-0.004125698935240507,-0.004294635262340307,-0.005946585908532143,-0.007552935276180506,-0.0033062484581023455,0.0025540960486978292,0.0021936483681201935,0.0011570046190172434,6.417745316866785e-05,0.004540467634797096,0.0013287280453369021,0.002693858463317156,0.0020027472637593746,0.0021570678800344467,0.001206128392368555,0.002756603993475437,0.007684106472879648,0.004680308047682047,0.008092773146927357
ODFL,21,2026-04-07 18:45:00+00:00,14:45,0.008073883131146431,up,-0.0032731485553085804,-0.0013533756136894226,0.0011678144801408052,0.007591404486447573,0.0020175944082438946,-0.0006179388146847486,-0.0035310208331793547,-0.0003851424844469875,-0.0008052965858951211,-0.001154556986875832,-0.0029208569321781397,0.00021337985526770353,0.0014075040817260742,0.00022682370035909116,-0.0017180509166792035,-0.003215355798602104,0.0004771814856212586,-0.0008508714381605387,-0.00048198970034718513,-0.0015509513905271888,-0.00618978263810277,-0.003662725444883108,-0.00382278673350811,0.005906636361032724,0.00457775266841054,0.008073883131146431
HSIC,21,2026-04-07 18:45:00+00:00,14:45,0.008064130321145058,up,0.00788288377225399,0.007686207070946693,0.00771841686218977,0.00687071168795228,0.0122159318998456,0.008389742113649845,0.008394093252718449,0.007459042593836784,0.0069372993893921375,0.004641722422093153,0.0025854662526398897,0.00578928180038929,0.0027301243972033262,0.003466738387942314,0.00910458154976368,0.0035804712679237127,0.004451477434486151,0.005632598884403706,0.004346775822341442,0.004072290379554033,0.004612669348716736,0.003565523773431778,0.0019610694143921137,0.009081216529011726,0.004254775587469339,0.008064130321145058
FFIV,21,2026-04-07 18:45:00+00:00,14:45,0.008041741326451302,up,0.0060231853276491165,0.011748763732612133,0.011842316947877407,0.010021943598985672,0.010412558913230896,0.011581475846469402,0.009954784065485,0.010422801598906517,0.009463800117373466,0.011623180471360683,0.011180774308741093,0.0160987488925457,0.01237712986767292,0.012811136431992054,0.012644325383007526,0.008058702573180199,0.011810843832790852,0.011578810401260853,0.012958069331943989,0.011058195494115353,0.007654952816665173,0.010389294475317001,0.006051519885659218,0.009811816737055779,0.0056672245264053345,0.008041741326451302
HON,21,2026-04-07 18:45:00+00:00,14:45,0.008000033907592297,up,0.0030037949327379465,0.0013642309932038188,-0.0009747825097292662,0.0023184665478765965,0.0003913750115316361,-0.00409387843683362,-0.0051686884835362434,-0.003860412398353219,-0.006665447261184454,-0.004100423771888018,-0.002866785740479827,-0.0006791449268348515,-0.00419634347781539,-0.00255846930667758,-0.006448199041187763,-0.00577772781252861,-0.0011944755678996444,-0.00099899189081043,-0.0002413825859548524,0.0031763073056936264,0.0008122300496324897,-0.003237994620576501,-0.0009931286331266165,0.001615244778804481,0.0016933412989601493,0.008000033907592297
SHW,21,2026-04-07 18:45:00+00:00,14:45,0.007952051237225533,up,0.0047144764102995396,0.004647355526685715,0.005696046631783247,0.004633724223822355,0.005253577139228582,0.004123310558497906,0.0024973107501864433,0.0018509778892621398,0.000688537023961544,-0.0014902271796017885,0.0007248373585753143,0.003016985021531582,0.007463144138455391,0.006827308796346188,0.00603166688233614,0.0033629515673965216,0.004623845219612122,0.005592860281467438,0.002851807978004217,0.004068044479936361,0.0036843123380094767,-0.00038186326855793595,-0.0014138772385194898,0.00033099279971793294,0.0019362007733434439,0.007952051237225533
GIS,21,2026-04-07 18:45:00+00:00,14:45,0.007637126371264458,up,0.00038416357710957527,-3.7088204408064485e-05,-0.002601989544928074,-0.0010919701308012009,-0.002950432477518916,-0.004286201670765877,-0.005574803799390793,-0.00576488533988595,-0.007018042728304863,-0.004995078779757023,-0.0032497933134436607,-0.0022339834831655025,-0.00266083562746644,0.0014315728330984712,0.0006305883871391416,0.0013122940436005592,0.0015517084393650293,0.000508374476339668,0.002211826853454113,0.004548071883618832,0.00358821963891387,0.002441895892843604,0.0042369170114398,0.004901180975139141,0.001120349857956171,0.007637126371264458
EME,21,2026-04-07 18:45:00+00:00,14:45,0.007622525095939636,up,0.005597834940999746,0.0038290456868708134,0.0037771675270050764,0.008948101662099361,0.013338474556803703,0.010231364518404007,0.0050270832143723965,0.0074712797068059444,0.0015592686831951141,0.00452444376423955,0.008705376647412777,0.008192946203052998,0.0064634098671376705,0.005369510035961866,0.0041373721323907375,0.002133225090801716,0.002855731872841716,0.0028067610692232847,0.0043930294923484325,0.006349929142743349,0.0070383320562541485,0.004789338447153568,0.005196038633584976,0.012636546976864338,0.007776161655783653,0.007622525095939636
AMZN,21,2026-04-07 18:45:00+00:00,14:45,0.007612583227455616,up,-0.0020443021785467863,-0.0066773355938494205,-0.013239535503089428,-0.007591434754431248,-0.011382266879081726,-0.014757983386516571,-0.016695085912942886,-0.011407178826630116,-0.007540867663919926,-0.002864876529201865,0.0002484696451574564,-0.0015537731815129519,-0.0009422951843589544,-0.002629002323374152,-0.004604664631187916,-0.0036964041646569967,0.0059696282260119915,0.002153183100745082,0.004229845013469458,0.00034775081439875066,0.0005738085601478815,-0.004038363695144653,-0.0014893056359142065,0.001704617403447628,0.002044424880295992,0.007612583227455616
CAT,21,2026-04-07 18:45:00+00:00,14:45,0.007587586995214224,up,-0.003359447233378887,-0.0027936934493482113,-0.004712559748440981,0.0014136054087430239,0.002451956970617175,0.003310657572001219,-0.0014541586861014366,0.0005548067856580019,-0.0016586181009188294,0.001380367437377572,0.003797071985900402,0.0036756074987351894,0.003190763760358095,0.0028169830329716206,0.003944058902561665,0.001000172458589077,0.004709010478109121,0.0044995560310781,0.004402493592351675,0.0045836917124688625,0.002255827421322465,-0.0001449002738809213,-0.0004535122134257108,0.004001748748123646,0.0019170771120116115,0.007587586995214224
DAL,21,2026-04-07 18:45:00+00:00,14:45,0.007533748634159565,up,-0.0010070068528875709,-3.2374564398196526e-06,0.0020798894111067057,0.001211965107358992,-0.0018672525184229016,0.0006643863744102418,-0.002897686790674925,-0.0028715981170535088,-0.004528040997684002,-0.006422267761081457,-0.004743387922644615,-0.0024302592501044273,-0.0004834365681745112,0.0018618018366396427,0.003540279809385538,0.0016272824723273516,0.004933029878884554,0.000656533520668745,0.001550184329971671,0.0008888992015272379,-0.00023981624690350145,-0.002585358452051878,-0.003974008373916149,0.002909004222601652,0.001781255123205483,0.007533748634159565
TSCO,21,2026-04-07 18:45:00+00:00,14:45,0.007389130536466837,up,-0.007836628705263138,0.001391332014463842,-0.000463481352198869,0.004143512342125177,0.0028476910665631294,-0.001476749312132597,-0.005127929151058197,-0.004595030564814806,0.001071606995537877,-0.0022776646073907614,0.0012225856771692634,0.001482062041759491,0.006240311544388533,0.006778158247470856,0.003656449494883418,0.004787674639374018,0.004514926113188267,0.004050650633871555,0.0027082774322479963,0.0035984946880489588,0.004807180725038052,-0.00015126040671020746,0.0002715701120905578,0.004042246378958225,0.004985809326171875,0.007389130536466837
CHRW,21,2026-04-07 18:45:00+00:00,14:45,0.007291481830179691,up,-0.0028050693217664957,-0.0002838540240190923,-0.004313004203140736,-0.0007975790067575872,-0.0027220400515943766,-0.004990040324628353,-0.010158133693039417,-0.006697941571474075,-0.006482250057160854,-0.008546680212020874,-0.005023404955863953,-0.005373932886868715,-0.0039182668551802635,-0.005492753349244595,-0.0068352073431015015,-0.006964269559830427,-0.006373863201588392,-0.004974783398211002,-0.00617319205775857,-0.006944989785552025,-0.006044581066817045,-0.006839409936219454,-0.0002841373498085886,0.0044925631955266,0.0038683798629790545,0.007291481830179691
BX,21,2026-04-07 18:45:00+00:00,14:45,0.007220689672976732,up,-0.001982910092920065,4.712738882517442e-05,-0.00028742177528329194,0.0036629701498895884,0.00032774938154034317,0.00021990624372847378,-0.0028159895446151495,0.0004767359350807965,-0.000993914669379592,0.0006312184850685298,-0.0002269042015541345,-0.000677956675644964,-0.0011737049790099263,-0.0007215685909613967,0.0015475277323275805,0.0017312702257186174,0.0030021409038454294,0.003656648565083742,0.0009460914880037308,0.00024837403907440603,0.0005844206898473203,-0.0016319353599101305,0.0011276622535660863,0.006259408313781023,0.0023389137350022793,0.007220689672976732
AAPL,21,2026-04-07 18:45:00+00:00,14:45,0.0072187455371022224,up,-0.0029681306332349777,-0.008065133355557919,-0.012386946007609367,-0.011989181861281395,-0.011432039551436901,-0.015353617258369923,-0.012461783364415169,-0.009147470816969872,-0.012594721280038357,-0.011211146600544453,-0.00896412692964077,-0.004021461587399244,-0.004013571888208389,-0.005661570932716131,-0.0032959417439997196,-0.005503208376467228,-0.0018339757807552814,-0.002897439757362008,-0.0026619539130479097,-0.004601767752319574,-0.007631084881722927,-0.011643722653388977,-0.009719958528876305,-0.0033852779306471348,-0.0038666902109980583,0.0072187455371022224
IR,21,2026-04-07 18:45:00+00:00,14:45,0.007161019369959831,up,-0.0009254185133613646,0.001876173191703856,0.0008869076264090836,0.004275262821465731,0.004581755958497524,0.004012770485132933,0.0020991468336433172,0.003549315733835101,0.007380697876214981,0.0066235726699233055,0.007878544740378857,0.011507172137498856,0.009031012654304504,0.007257038727402687,0.007137104868888855,0.004509653430432081,0.009471610188484192,0.007769105490297079,0.007558420766144991,0.00585547462105751,0.00458263885229826,0.0026295077987015247,0.00216900953091681,0.007149901241064072,0.004476984962821007,0.007161019369959831
NVR,21,2026-04-07 18:45:00+00:00,14:45,0.007139627356082201,up,0.004774847533553839,0.0037506092339754105,0.0025898809544742107,0.004317744169384241,0.005682426039129496,0.00043051468674093485,-0.0027289334684610367,-0.00043668027501553297,-0.003984448034316301,-0.002151460386812687,-0.0018350196769461036,1.8898635971709155e-06,0.0004512639425229281,-0.001577746239490807,-0.0009367276215925813,-0.0005572226364165545,0.0044969674199819565,0.004558716434985399,0.0032929922454059124,0.00550048379227519,0.006168505642563105,0.0038585022557526827,0.0028179173823446035,0.0059309713542461395,0.0018891686340793967,0.007139627356082201
USB,21,2026-04-07 18:45:00+00:00,14:45,0.0070881955325603485,up,-0.0015738181537017226,0.003778985468670726,0.0016095582395792007,0.004425746854394674,0.002379810903221369,0.0031319856643676758,-0.001138649065978825,-0.0014795985771343112,0.0014627923956140876,-0.0005125526222400367,0.001093679922632873,8.731328853173181e-05,-0.0009622173965908587,-0.0017274642596021295,0.001557083218358457,0.00017987641331274062,0.0023198004346340895,0.0028951566200703382,0.0033810350578278303,0.004325805231928825,0.002928241388872266,0.002665051957592368,0.001799255609512329,0.006040219683200121,0.0048260875046253204,0.0070881955325603485
BAC,21,2026-04-07 18:45:00+00:00,14:45,0.007088069338351488,up,-0.008088926784694195,-0.004303491208702326,-0.0060506947338581085,-0.003944940399378538,-0.002011757344007492,-0.0008388881688006222,-0.0028125944081693888,-0.000772351399064064,-0.0007599747041240335,-0.0012857569381594658,9.6945084806066e-05,-0.0005242295446805656,-0.001787032699212432,-0.001369670033454895,0.0004370684619061649,0.0005165645852684975,0.0009648923296481371,0.004378721583634615,0.0032071247696876526,0.002731259446591139,0.0021347012370824814,-0.00024999165907502174,0.0017606152687221766,0.0056449673138558865,0.005509796552360058,0.007088069338351488
BKNG,21,2026-04-07 18:45:00+00:00,14:45,0.007080829236656427,up,-0.007613465655595064,-0.005092832259833813,-0.006605536211282015,-0.0035195841919630766,-0.009289798326790333,-0.00924598891288042,-0.008070345036685467,-0.005236788187175989,-0.009711148217320442,-0.003887362312525511,4.9859387218020856e-05,0.0010798024013638496,0.0001584260753588751,0.0021305049303919077,0.001825611456297338,-0.0006851923535577953,0.002387509448453784,0.00019273428188171238,0.00019364432955626398,-0.003545166226103902,-0.0033540702424943447,-0.005470771808177233,-0.005261237267404795,0.00043822266161441803,0.0025967552792280912,0.007080829236656427
VMC,21,2026-04-07 18:45:00+00:00,14:45,0.007048398721963167,up,0.0023686520289629698,0.001386522315442562,-0.00023949249589350075,0.0014019934460520744,-0.0014024097472429276,-0.0042879292741417885,-0.008817555382847786,-0.006132890935987234,-0.0062570772133767605,-0.008099807426333427,-0.005165580660104752,-0.002074774354696274,-0.0009698539506644011,-0.002784142969176173,-0.0028178184293210506,-0.0025440978351980448,-0.004059219732880592,-0.0002714861184358597,-0.0014660254819318652,-0.003057314781472087,-0.0030790166929364204,-0.006503692362457514,-0.0044209910556674,-0.0004921923973597586,-0.00046960427425801754,0.007048398721963167
AMGN,21,2026-04-07 18:45:00+00:00,14:45,0.006982644088566303,up,-0.0005273518618196249,0.0014158597914502025,-0.004287217743694782,-0.0016331356018781662,-0.002519148401916027,-0.006758438888937235,-0.008544735610485077,-0.004264776594936848,-0.007120663765817881,-0.006384608801454306,-0.0032667145133018494,-0.0007529444992542267,0.00029189552878960967,0.00042236855369992554,-0.0007830772083252668,-2.0600733478204347e-05,0.002160752657800913,-0.0013972248416393995,-0.0008992080693133175,0.0009282115497626364,0.0009083330514840782,-0.0011974485823884606,-5.967419929220341e-05,0.002704032463952899,0.0029604958835989237,0.006982644088566303
AMCR,21,2026-04-07 18:45:00+00:00,14:45,0.006802811287343502,up,-0.0053504775278270245,0.0017313325079157948,0.0019653798080980778,0.006257370114326477,0.0024023118894547224,0.0024014373775571585,-0.005731743294745684,-0.007727968040853739,-0.0036063813604414463,-0.006193603854626417,-0.003977176733314991,-0.0014613840030506253,0.0036203451454639435,0.003824131563305855,0.001561469747684896,0.00041680835420265794,0.004937214311212301,0.003992056008428335,0.004483604803681374,0.003445323556661606,0.004321875050663948,0.003354740561917424,0.004713067319244146,0.008147734217345715,0.005187179893255234,0.006802811287343502
ADM,21,2026-04-07 18:45:00+00:00,14:45,0.006791241001337767,up,0.009959856979548931,0.017973674461245537,0.018292872235178947,0.017986375838518143,0.015973521396517754,0.01870300993323326,0.007988041266798973,0.004864047281444073,0.009427587501704693,-0.0018739165971055627,-0.0068346350453794,-0.00316218682564795,0.0005714797880500555,0.005660743452608585,8.045668801059946e-05,0.000588160241022706,0.0036994358524680138,0.006817102897912264,0.00026592478388920426,0.0018175252480432391,0.0004747161001432687,0.0035136330407112837,0.007800165563821793,0.011524811387062073,0.00888636615127325,0.006791241001337767
SWKS,21,2026-04-07 18:45:00+00:00,14:45,0.006731693632900715,up,-0.00771799823269248,-0.00042543644667603076,-0.003268791362643242,0.0022527743130922318,-0.0016603241674602032,-0.00407641613855958,-0.008596396073698997,-0.007865849882364273,-0.0060600475408136845,-0.009219832718372345,-0.008186052553355694,-0.0029562641866505146,0.0006834815139882267,0.0014215173432603478,-0.0009721340611577034,-0.0037260730750858784,-0.0018119296291843057,-0.0009995826985687017,-0.0007734654936939478,-0.00455316249281168,-0.005361404735594988,-0.010396722704172134,-0.00979029480367899,-0.0005044029094278812,-0.0019591175951063633,0.006731693632900715
DELL,21,2026-04-07 18:45:00+00:00,14:45,0.0066756391897797585,up,-0.004992312751710415,-0.00031744735315442085,-0.00812838040292263,-0.0051776510663330555,-0.008620156906545162,-0.007761415094137192,-0.009211310185492039,-0.008085948415100574,-0.0023432436864823103,0.001341115334071219,0.003632719162851572,0.0065093813464045525,0.0011976835085079074,0.005262271035462618,0.00508553022518754,0.008684124797582626,0.011258972808718681,0.008003173395991325,0.012875156477093697,0.007941313087940216,0.0038710192311555147,-0.003079924965277314,-0.004937341902405024,0.003740865970030427,0.0036052593495696783,0.0066756391897797585
EBAY,21,2026-04-07 18:45:00+00:00,14:45,0.00659809447824955,up,-0.001817811280488968,0.002019434468820691,-0.0033051336649805307,0.0014980750856921077,0.0023363700602203608,-7.531944720540196e-05,-0.007634990848600864,-0.003329013241454959,-0.004832225386053324,-0.0019821440801024437,0.0005081736599095166,0.0009990633698180318,0.00039047308382578194,0.001208274974487722,-0.00021586746152024716,-0.001178679522126913,0.00605461560189724,0.004453013185411692,0.0034545680973678827,0.0032449543941766024,0.0034766581375151873,0.0008585775503888726,0.0010059280321002007,0.005701063666492701,0.00257466291077435,0.00659809447824955
GPN,21,2026-04-07 18:45:00+00:00,14:45,0.006588772404938936,up,-0.007953637279570103,0.0022321147844195366,-0.0036776086781173944,0.002388392575085163,-0.004130722023546696,-0.004960436839610338,-0.00964045524597168,-0.010119039565324783,-0.00846878718584776,-0.007932405918836594,-0.004075429867953062,-0.0020978092215955257,-6.2920393247623e-05,0.0024923188611865044,0.0027757713105529547,0.0013738787965849042,0.0008282716735266149,0.00212064478546381,-0.0024465739261358976,-0.001097023719921708,-0.0005534060182981193,-0.00410495325922966,-0.0030051928479224443,0.002245937706902623,-0.0031428032089024782,0.006588772404938936
ROST,21,2026-04-07 18:45:00+00:00,14:45,0.0065211704932153225,up,-0.0009082207106985152,0.0009237369522452354,-0.00020697919535450637,0.0007520114304497838,0.001812943839468062,-0.0016767374472692609,-0.00340337329544127,-0.0021421450655907393,-0.004273544996976852,-0.0029076202772557735,-0.0002850162563845515,0.0010593797778710723,-0.002557045314460993,-0.0006616211612708867,-0.0029557854868471622,-0.0031454425770789385,0.00040178842027671635,0.002574473386630416,0.00013027552631683648,0.0016764473402872682,-0.0005266042426228523,-0.0045067183673381805,-0.0007520752842538059,0.0035619449336081743,0.0008115677628666162,0.0065211704932153225
TEL,21,2026-04-07 18:45:00+00:00,14:45,0.006452681962400675,up,-0.003934755921363831,0.001431336859241128,-0.0018491668161004782,0.0020120078697800636,0.001957578817382455,0.0036163784097880125,-0.0023564163129776716,0.0002313479781150818,0.001573079265654087,0.0008320166962221265,0.003508737776428461,0.004939180798828602,0.0037716729566454887,0.0034608938731253147,0.004100568126887083,0.0035261197481304407,0.004832665901631117,0.004477441310882568,0.003142218803986907,0.003385318210348487,0.0030904323793947697,0.0024649060796946287,0.0018425536109134555,0.006890549790114164,0.004099237732589245,0.006452681962400675
ULTA,21,2026-04-07 18:45:00+00:00,14:45,0.006430681329220533,up,0.002952937036752701,0.0021802636329084635,-0.0012522767065092921,0.002095247386023402,0.003339156974107027,0.0007484367815777659,-1.7281963664572686e-05,0.0006893147365190089,-0.001975997118279338,0.00013969987048767507,0.002219381043687463,0.0029823463410139084,0.002787465462461114,0.0027102981694042683,0.003460928099229932,0.00151931494474411,0.005916364956647158,0.004505561199039221,0.0028936490416526794,0.004204955883324146,0.002948160981759429,0.0025802352465689182,0.0023757710587233305,0.005643865559250116,0.0023198637645691633,0.006430681329220533
MOS,21,2026-04-07 18:45:00+00:00,14:45,0.0062284693121910095,up,-0.009399176575243473,-0.0027694934979081154,-0.0023678287398070097,0.0020836254116147757,-0.0031869900412857533,-0.006765057798475027,-0.010963525623083115,-0.008530047722160816,-0.010803391225636005,-0.00893386173993349,-0.006592458114027977,-0.003487775567919016,-0.0027448153123259544,-0.0010802943725138903,-0.0015935358824208379,-0.0024530075024813414,0.002559602027758956,0.0010738094570115209,-0.0009741790709085763,-0.000678366981446743,-0.001791056478396058,-0.003931447863578796,-0.00033207674277946353,0.008791339583694935,0.006456027738749981,0.0062284693121910095
WFC,21,2026-04-07 18:45:00+00:00,14:45,0.006147983018308878,up,-0.005925011355429888,-0.0014886825811117887,-0.006426104810088873,0.00034609404974617064,0.0016221923287957907,0.0006589357508346438,-0.002012267243117094,-0.0008247978985309601,-0.0023111477494239807,-0.0040618195198476315,-0.001204203232191503,-0.0025056679733097553,-0.0035757559817284346,0.00042793352622538805,0.003045573364943266,0.00173563277348876,0.0018568867817521095,0.0028842343017458916,0.001582094351761043,0.002834005979821086,0.000503014714922756,-0.0013132028980180621,0.00024821775150485337,0.003568927524611354,0.003524100175127387,0.006147983018308878
CRH,21,2026-04-07 18:45:00+00:00,14:45,0.005996451247483492,up,-0.0047164298593997955,-0.004987806547433138,-0.004427999723702669,-0.0003283185651525855,-0.0040780953131616116,-0.002429549116641283,-0.008151274174451828,-0.0031991659197956324,-0.0025054472498595715,-0.0025624854024499655,0.0007205135771073401,-0.0013595399213954806,-0.0002084147126879543,0.0003969204844906926,0.003625422017648816,0.003312205895781517,0.007869109511375427,0.006394579540938139,0.004214288666844368,0.0033680815249681473,0.0019685851875692606,-0.004529221914708614,-0.00037678415537811816,0.003993343096226454,0.0009337518713437021,0.005996451247483492
DVA,21,2026-04-07 18:45:00+00:00,14:45,0.005943778902292252,up,-0.0017959065735340118,-0.001460559549741447,-0.0020192128140479326,0.0017242233734577894,0.003688517725095153,-0.0011556079844012856,-0.0033784813713282347,-0.0024875779636204243,-0.0021649717818945646,-0.0012170157860964537,-0.0012036744737997651,0.0012649286072701216,0.0007036973256617785,0.0007885976228863001,0.0007496626349166036,-0.000576420163270086,0.0025295126251876354,0.002529544522985816,0.0021817118395119905,0.001984651666134596,-0.0003028568171430379,-0.0014156411634758115,-0.0009307208238169551,-3.397864566068165e-05,0.003441842505708337,0.005943778902292252
JPM,21,2026-04-07 18:45:00+00:00,14:45,0.005805992987006903,up,0.0028159734793007374,0.002927803434431553,-0.0005820617079734802,0.0018703952664509416,0.003473005723208189,0.003282206831499934,0.0016655836952850223,0.0018828446045517921,0.00023586273891851306,0.0009421493159607053,0.004514798056334257,0.0038393621798604727,0.004449731204658747,0.004600688349455595,0.004501899238675833,0.004939480219036341,0.005735958460718393,0.004948551766574383,0.006105425767600536,0.004067610017955303,0.003314276458695531,0.0005572829977609217,-0.001223103259690106,0.0008045771974138916,0.0015223724767565727,0.005805992987006903
EMR,21,2026-04-07 18:45:00+00:00,14:45,0.00573481572791934,up,-0.00020316378504503518,0.0015065913321450353,-0.0008544084848836064,0.005954809486865997,0.004510500468313694,0.003708764212206006,-0.0025538974441587925,0.0012826597085222602,7.538699719589204e-06,0.0019495366141200066,0.002411011839285493,0.004975259304046631,0.005847290623933077,0.007760721258819103,0.005215554032474756,0.0046508717350661755,0.007410069927573204,0.00714455870911479,0.006375728640705347,0.003787796478718519,0.0026170285418629646,0.0019264372531324625,0.001380286063067615,0.007967283017933369,0.001430745585821569,0.00573481572791934
NXPI,21,2026-04-07 18:45:00+00:00,14:45,0.005672895815223455,up,0.002120343502610922,0.004817511420696974,0.0021354241762310266,0.0039605083875358105,0.001620112219825387,-0.0011557677062228322,-0.006174162495881319,-0.003058802103623748,-0.004575393628329039,-0.00205293670296669,-0.003551909700036049,0.00026991876075044274,-0.002316596917808056,-0.00460320757701993,-0.00480999518185854,-0.005379603710025549,-0.0022915583103895187,-0.0011680352035909891,-0.0029226348269730806,-0.001338309608399868,-0.0023231208324432373,-0.003637059358879924,-0.0035280294250696898,0.0013571255840361118,0.0014341870555654168,0.005672895815223455
TPL,21,2026-04-07 18:45:00+00:00,14:45,0.005602754186838865,up,-0.007647674065083265,-0.006526010576635599,-0.0018511929083615541,-0.002890408504754305,-0.0037371537182480097,-0.005398349370807409,-0.005283294711261988,-0.003900517476722598,-0.007461018860340118,-0.012065124697983265,-0.0058475881814956665,-0.0058245728723704815,-0.011755903251469135,-0.011062506586313248,-0.010648882016539574,-0.008914927951991558,-0.00801959540694952,-0.006631393451243639,-0.0077616372145712376,-0.006192143075168133,-0.004435331095010042,-0.006688924506306648,-0.004669633693993092,-0.001571636414155364,-0.007082287687808275,0.005602754186838865
BLDR,21,2026-04-07 18:45:00+00:00,14:45,0.005496326833963394,up,0.006789531093090773,0.014802572317421436,0.01114538125693798,0.011035586707293987,0.014894825406372547,0.007631627377122641,0.0028636229690164328,0.004304447676986456,0.006012727972120047,0.004755284171551466,0.004740532487630844,0.008477536030113697,0.008805780671536922,0.010799920186400414,0.012333853170275688,0.0038909344002604485,0.004837644286453724,0.007886421866714954,0.00020448971190489829,0.0030128704383969307,0.0023996324744075537,-0.002380585065111518,-0.002293161116540432,0.005822713021188974,-5.5041957239154726e-05,0.005496326833963394
FTNT,21,2026-04-07 18:45:00+00:00,14:45,0.005476214922964573,up,-0.0009021046571433544,0.0028037934098392725,-0.002778630470857024,0.000185026103281416,-0.002465955214574933,-0.003372901352122426,-0.00770516088232398,-0.003886453341692686,-0.005154324229806662,-0.001315114670433104,0.0032351049594581127,0.0013120436342433095,0.006197523791342974,0.006016594357788563,0.0058183325454592705,0.003804438281804323,0.008831779472529888,0.006632063537836075,0.004191099666059017,0.0020631360821425915,0.0007581766112707555,-0.003837434807792306,-0.002764364704489708,0.0032928751315921545,0.0005440966924652457,0.005476214922964573
TFC,21,2026-04-07 18:45:00+00:00,14:45,0.0053642624989151955,up,-0.0027416422963142395,0.002284635091200471,-0.0006933229742571712,0.004166438244283199,0.004276572726666927,0.005112269427627325,0.002142523881047964,0.003990279044955969,0.00400823587551713,0.001671883394010365,0.0028409287333488464,0.0014703816268593073,0.0017669762019068003,0.0008686400251463056,0.0025985920801758766,0.002846329240128398,0.003372918115928769,0.0030823280103504658,0.0031633987091481686,0.003254871815443039,0.003036372596397996,0.001756981830112636,0.001923426054418087,0.004694349132478237,0.0030539133585989475,0.0053642624989151955
OXY,21,2026-04-07 18:45:00+00:00,14:45,0.005192388780415058,up,0.000239788307226263,0.006218216381967068,0.005511781200766563,0.001795529155060649,-0.0008100603590719402,0.00022239099780563265,-0.005069211591035128,-0.0030501438304781914,-0.004291352350264788,-0.0064989179372787476,-0.00459625106304884,-0.003706572810187936,-0.0030167149379849434,-0.001804550876840949,-0.0008627443457953632,-0.00046028426731936634,0.002474040724337101,0.0033438941463828087,0.0012320542009547353,0.001682410715147853,-0.0020224773325026035,-0.0018558853771537542,-0.0016496385214850307,0.0006296846549957991,0.0021657883189618587,0.005192388780415058
EIX,21,2026-04-07 18:45:00+00:00,14:45,0.005173379555344582,up,0.0015412770444527268,0.0042078569531440735,0.0015422150027006865,0.004658977966755629,0.006488355342298746,0.0021291908342391253,0.0019209273159503937,0.004632804077118635,0.0026114201173186302,0.0019491493003442883,0.010035298764705658,0.0019010292598977685,0.0049969833344221115,0.006770584266632795,0.00745994271710515,0.006270406302064657,0.007805241737514734,0.00045025377767160535,0.005367654841393232,0.005630814004689455,0.005808599293231964,-0.0005326794926077127,-0.001394511666148901,-0.0004284484020899981,-0.0004897672333754599,0.005173379555344582
FCX,21,2026-04-07 18:45:00+00:00,14:45,0.005137118045240641,up,-0.005890133325010538,-0.006947305053472519,-0.011281209997832775,-0.003574769012629986,-0.009396937675774097,-0.006955698598176241,-0.011096322908997536,-0.0057416511699557304,-0.012767711654305458,-0.00659801485016942,-0.004834595136344433,-0.005174289457499981,-0.005613293498754501,-0.0014480686513707042,-0.001060893409885466,-0.003392415586858988,-0.0009380787378177047,-0.0019253334030508995,-0.0020095992367714643,-0.0030923504382371902,-0.004647873807698488,-0.006758932024240494,-0.007592834997922182,-0.0014531239867210388,-0.005367945414036512,0.005137118045240641
GS,21,2026-04-07 18:45:00+00:00,14:45,0.005135837942361832,up,-0.0071555920876562595,-0.005646539386361837,-0.007149538490921259,-0.002068708185106516,0.0007649790495634079,-0.0019228302408009768,-0.004016938619315624,-0.000837542989756912,-0.004518741276115179,-0.0019008447416126728,0.00032715214183554053,0.00022303687001112849,0.00020655323169194162,0.001524444785900414,0.003233633702620864,0.00044679889106191695,0.00277991802431643,0.002564499154686928,0.00379002233967185,0.0036566483322530985,0.00044632345088757575,-0.002723835175856948,-0.002591419033706188,0.001430815551429987,0.0007524715620093048,0.005135837942361832
CTRA,21,2026-04-07 18:45:00+00:00,14:45,0.005055497400462627,up,0.008046567440032959,0.013904227875173092,0.01509858388453722,0.013611857779324055,0.014181314036250114,0.016113635152578354,0.01610599271953106,0.013228395022451878,0.009163935668766499,0.004486268386244774,0.00705349538475275,0.006416433025151491,0.00514794047921896,0.004343310371041298,0.008257799781858921,0.010061400011181831,0.008566051721572876,0.009040622971951962,0.009872980415821075,0.00826171226799488,0.008703084662556648,0.007722354959696531,0.00794539600610733,0.010432434268295765,0.005632435437291861,0.005055497400462627
MCD,21,2026-04-07 18:45:00+00:00,14:45,0.004978864453732967,up,0.00014910970639903098,0.003376720240339637,0.0026725688949227333,0.0024728525895625353,0.0020749119576066732,-0.0004615092766471207,-0.00026441211230121553,-0.0011138403788208961,-0.002795166801661253,-0.004083414562046528,0.00016096596664283425,-0.0009299021912738681,-0.0005632929969578981,-0.0016203011618927121,-0.004326077178120613,-0.003814942669123411,-0.0015329709276556969,-0.002531183883547783,-0.0031072497367858887,-0.001586463418789208,-0.0016227817395702004,-0.0038363472558557987,-0.005219395738095045,-0.004887243267148733,-0.004813093226402998,0.004978864453732967
FE,21,2026-04-07 18:45:00+00:00,14:45,0.00487415911629796,up,0.0034582263324409723,0.003821579972282052,0.00400362815707922,0.00554306898266077,0.007946029305458069,0.007869982160627842,0.0056018587201833725,0.005004007834941149,0.0067984601482748985,0.005499439779669046,0.007485199254006147,0.006998202297836542,0.005206796806305647,0.004798012785613537,0.004850773140788078,0.004254840314388275,0.00591047341004014,0.007364996708929539,0.007522013038396835,0.008885102346539497,0.007400676608085632,0.006812736392021179,0.004992391914129257,0.007934315130114555,0.006203941535204649,0.00487415911629796
TMUS,21,2026-04-07 18:45:00+00:00,14:45,0.004732020199298859,up,0.001332550891675055,0.0038715186528861523,0.002505233744159341,0.0030907983891665936,0.006913709454238415,0.0027253904845565557,0.005068618338555098,0.006242468487471342,0.007194842677563429,0.007347490638494492,0.006559466943144798,0.006820306181907654,0.0048926398158073425,0.0034149540588259697,0.004924178123474121,0.0048488290049135685,0.002784912707284093,0.005500439088791609,0.005025757942348719,0.004040837287902832,0.004075733479112387,0.0016826983774080873,0.004449584987014532,0.005323411431163549,0.008226478472352028,0.004732020199298859
AIZ,21,2026-04-07 18:45:00+00:00,14:45,0.004569414537400007,up,0.0007783616310916841,0.005164241883903742,0.002399363089352846,0.004807331599295139,0.0031395633704960346,0.0039320653304457664,0.0005609732470475137,0.0016454196302220225,0.003701042616739869,0.0018151684198528528,0.0048926291055977345,0.0037334123626351357,0.003101045498624444,0.004443854093551636,0.0050855837762355804,0.0038137496449053288,0.006480699870735407,0.005824688356369734,0.0038407440297305584,0.004010181408375502,0.004313862416893244,0.001828024978749454,0.0019884228240698576,0.004387536086142063,0.002269512042403221,0.004569414537400007
LYB,21,2026-04-07 18:45:00+00:00,14:45,0.004467161372303963,up,0.014436454512178898,0.0262916162610054,0.02286500483751297,0.022964606061577797,0.02171497419476509,0.01801191456615925,0.013437269255518913,0.018094196915626526,0.013585454784333706,0.013817821629345417,0.015301954001188278,0.01346828043460846,0.010929281823337078,0.012665050104260445,0.014085592702031136,0.01536504551768303,0.011691376566886902,0.008294962346553802,0.009037801995873451,0.008519316092133522,0.009407798759639263,0.007812059484422207,0.0075155990198254585,0.010315975174307823,0.005739558022469282,0.004467161372303963
DE,21,2026-04-07 18:45:00+00:00,14:45,0.004440606106072664,up,-0.0013398025184869766,0.0012380281696096063,-0.0006177315954118967,0.0019084386294707656,0.002902090782299638,0.0010752029484137893,-0.0028056318406015635,-0.0023681102320551872,-0.003317231312394142,-0.0027612419798970222,0.0009074494009837508,0.0014169072965160012,0.0024030187632888556,0.0025001114699989557,0.0027752581518143415,0.0014300853945314884,0.004421417135745287,0.0019341798033565283,0.0010419735917821527,0.0007486461545340717,0.00011522937711561099,-0.0008014989434741437,0.0008517987444065511,0.004406744614243507,0.002349454676732421,0.004440606106072664
CNP,21,2026-04-07 18:45:00+00:00,14:45,0.004425545688718557,up,0.005106621887534857,0.0067809391766786575,0.006405656225979328,0.00726627092808485,0.00860682874917984,0.008212530985474586,0.0073999762535095215,0.006924187298864126,0.010566585697233677,0.008033857680857182,0.008590512908995152,0.007007735315710306,0.005852560978382826,0.0046770754270255566,0.005941775627434254,0.005361924879252911,0.005258047021925449,0.006484515033662319,0.006776977330446243,0.00730461860075593,0.005783130880445242,0.006266165059059858,0.003841689322143793,0.008714274503290653,0.008973488584160805,0.004425545688718557
ARE,21,2026-04-07 18:45:00+00:00,14:45,0.004380042664706707,up,0.002854558639228344,0.01182515174150467,0.005963403265923262,0.005574287846684456,0.0020380644127726555,0.0012690481962636113,-7.094490865711123e-05,-0.001737850601784885,0.00729339150711894,0.0029972398187965155,0.004141137935221195,0.002503868890926242,0.0010226963786408305,0.003514717798680067,0.004834771156311035,0.0033402605913579464,0.0054451716132462025,0.0050145601853728294,0.002959085628390312,0.0023897564969956875,0.002102495403960347,0.002094299765303731,0.001287868246436119,0.0018447289476171136,0.005282178986817598,0.004380042664706707
BR,21,2026-04-07 18:45:00+00:00,14:45,0.0043619307689368725,up,-0.007862525060772896,-0.0004818985180463642,-0.007033433765172958,-0.0041355714201927185,-0.008103457279503345,-0.009013564325869083,-0.011332848109304905,-0.008842477574944496,-0.006178063806146383,-0.00517071271315217,-0.0032675773836672306,-0.0019151322776451707,-0.00042325351387262344,0.0011168820783495903,-0.0029036912601441145,-0.002986086066812277,-8.492616325384006e-05,-0.0012254921020939946,-0.0006792452186346054,-0.0015632006106898189,-0.002955343807116151,-0.003972346428781748,-0.002216133987531066,0.0004016578895971179,-0.0017773773288354278,0.0043619307689368725
SWK,21,2026-04-07 18:45:00+00:00,14:45,0.004299332853406668,up,-0.005146744195371866,-0.002723893616348505,-0.00751108443364501,-0.005526416935026646,-0.008259092457592487,-0.010499837808310986,-0.017461558803915977,-0.012551690451800823,-0.015918605029582977,-0.014168387278914452,-0.01209354680031538,-0.008341199718415737,-0.005054024513810873,-0.00433694664388895,-0.004356671590358019,-0.008153710514307022,-0.004724912345409393,-0.004860155750066042,-0.007463341578841209,-0.008253471925854683,-0.006431371904909611,-0.006395690143108368,-0.005335542839020491,-9.198840416502208e-05,-0.00465454813092947,0.004299332853406668
TPR,21,2026-04-07 18:45:00+00:00,14:45,0.0042033386416733265,up,-0.002664428437128663,0.0014244288904592395,-0.0028558752965182066,0.00011534637451404706,-0.003469809889793396,-0.004273139871656895,-0.012989307753741741,-0.01116854790598154,-0.008706063963472843,-0.009206102229654789,-0.0057263500057160854,-0.007289648987352848,-0.0034644894767552614,-0.005850161891430616,-0.005772374104708433,-0.004843676928430796,-0.002490527927875519,-0.0017904937267303467,-0.0012254136381670833,-0.003911478910595179,-0.004482531454414129,-0.005417829379439354,-0.0027843734715133905,0.003836008021607995,-0.00025440353783778846,0.0042033386416733265
UDR,21,2026-04-07 18:45:00+00:00,14:45,0.0041572037152945995,up,0.0005501708947122097,0.006721888203173876,0.005848791915923357,0.005087565630674362,0.006639588624238968,0.007597224321216345,0.006882880814373493,0.008176458068192005,0.009074200876057148,0.010250254534184933,0.011719596572220325,0.00998805370181799,0.006728428415954113,0.005855873692780733,0.007423775270581245,0.007727101910859346,0.008571610786020756,0.007989315316081047,0.006899864412844181,0.007762365508824587,0.00744920689612627,0.005828341003507376,0.004420858807861805,0.005324118304997683,0.004631120711565018,0.0041572037152945995
CRM,21,2026-04-07 18:45:00+00:00,14:45,0.004119063261896372,up,-0.0003697227220982313,0.003252450143918395,-0.0009326069848611951,0.003829188412055373,0.0009812174830585718,-0.0005207687499932945,-0.0011929951142519712,-0.0008210387313738465,-0.00030123398755677044,-0.00018993811681866646,0.0024680125061422586,0.006315421313047409,0.00808306597173214,0.005300793796777725,0.0028010003734380007,0.0015760145615786314,0.00589462136849761,0.006059106905013323,0.002292921766638756,0.0024917323607951403,0.0021069191861897707,-0.0022981103975325823,-0.0009357031085528433,0.003298914758488536,0.0023755645379424095,0.004119063261896372
CTSH,21,2026-04-07 18:45:00+00:00,14:45,0.004019653890281916,up,-0.0018950687954202294,-0.0001960517547558993,-0.006166552193462849,-0.001990692690014839,-0.0053811632096767426,-0.005226569250226021,-0.008766626939177513,-0.006168933119624853,-0.007747224532067776,-0.006212237291038036,-0.0071366471238434315,-0.003936615772545338,-0.003675882238894701,-0.0007619477109983563,-0.0002288676769239828,-0.000567750830668956,0.000823524605948478,-0.0003189792623743415,-0.0030969500076025724,-0.0011002206010743976,-0.002185678808018565,-0.003572756191715598,-0.00394250126555562,0.00048293053987435997,-0.00444013113155961,0.004019653890281916
FDS,21,2026-04-07 18:45:00+00:00,14:45,0.003932307939976454,up,-0.002516272244974971,-0.0030287893023341894,-0.007870109751820564,-0.005278253927826881,-0.00619477778673172,-0.006487645674496889,-0.009419514797627926,-0.008639768697321415,-0.011967099271714687,-0.008444092236459255,-0.008623341098427773,-0.004249842371791601,-0.006275206338614225,-0.0070923371240496635,-0.008349130861461163,-0.010172730311751366,-0.005204036831855774,-0.006908108480274677,-0.00917783472687006,-0.005755102727562189,-0.0040719397366046906,-0.005053375381976366,-0.0023009078577160835,0.0032563828863203526,0.002482061740010977,0.003932307939976454
JNJ,21,2026-04-07 18:45:00+00:00,14:45,0.003880727104842663,up,0.0014498220989480615,0.0008523645810782909,-0.0015590706607326865,0.003555758623406291,-0.0012936536222696304,-0.005163224413990974,-0.006128217093646526,-0.005147384013980627,-0.007256282027810812,-0.0033501116558909416,-0.004124279599636793,0.0008112392388284206,0.000343106163199991,-0.0002704983053263277,-0.0013088411651551723,-0.0006896731210872531,0.001421990105882287,-0.002733769826591015,0.0004323095490690321,0.0016428985400125384,0.0004206602752674371,-0.0017716079019010067,-0.0008994895615614951,0.0004693508381024003,0.0007366432109847665,0.003880727104842663
DHI,21,2026-04-07 18:45:00+00:00,14:45,0.003816767828539014,up,-0.0007462499779649079,0.004720768425613642,0.002658451907336712,0.00501672551035881,-0.0001304518082179129,-0.003483259119093418,-0.004805454984307289,-0.006353181786835194,-0.003932353109121323,-0.004104122053831816,0.002645288361236453,0.002364079700782895,0.0017307655652984977,0.005230883602052927,0.002730667358264327,0.002838312415406108,0.0028269761241972446,0.005062926094979048,0.004279708489775658,0.0033603885676711798,0.002787439851090312,-0.000448615406639874,-0.0008777204202488065,0.003194635733962059,0.002327974885702133,0.003816767828539014
TRV,21,2026-04-07 18:45:00+00:00,14:45,0.0037674398627132177,up,0.0017509795725345612,0.00396208418533206,0.0059390198439359665,0.007031688466668129,0.008542054332792759,0.006164228543639183,0.004146242514252663,0.003935680724680424,0.00368184270337224,0.004122316371649504,0.0056569334119558334,0.0044612218625843525,0.003812540555372834,0.005618833005428314,0.004430330358445644,0.004352285526692867,0.006774467881768942,0.00568224024027586,0.005310671404004097,0.006206721533089876,0.004944499582052231,0.0033818709198385477,0.0007580494857393205,0.002322195330634713,-0.000604691740591079,0.0037674398627132177
CSGP,21,2026-04-07 18:45:00+00:00,14:45,0.0037627604324370623,up,-0.0017557780956849456,0.00822802260518074,0.004143466241657734,0.008105394430458546,0.0012183237122371793,0.0018962302710860968,-0.005182352848351002,-0.004894445184618235,0.0013162161922082305,-0.0017277337610721588,0.00037534188595600426,-0.0005522238207049668,0.00040459787123836577,0.003511423710733652,0.0038164067082107067,0.0005083464784547687,0.0033231538254767656,0.00412270613014698,0.0026740431785583496,0.0018271876033395529,0.002451670356094837,-0.00023333441640716046,0.000951930764131248,0.005055263638496399,0.0009312588372267783,0.0037627604324370623
REG,21,2026-04-07 18:45:00+00:00,14:45,0.0037470702081918716,up,-0.0010617608204483986,0.004304748494178057,0.0033173554111272097,0.004608119372278452,0.005747529678046703,0.0035166190937161446,0.0013451770646497607,0.001820713747292757,0.0023411770816892385,0.0017735292203724384,0.0042921132408082485,0.0033119635190814734,0.0026968736201524734,0.0024728234857320786,0.002635381883010268,0.003336050547659397,0.005105859134346247,0.004149924963712692,0.004920116160064936,0.006196554284542799,0.003800983540713787,0.00048586539924144745,0.0017965799197554588,0.003048670245334506,0.002017406979575753,0.0037470702081918716
ETN,21,2026-04-07 18:45:00+00:00,14:45,0.0037161221262067556,up,-0.004909649025648832,-0.0045496616512537,-0.009641509503126144,-0.004467787221074104,-0.006192884873598814,-0.00842970423400402,-0.01392433326691389,-0.011119498871266842,-0.009935537353157997,-0.008516467176377773,-0.005306858103722334,-0.004205936565995216,-0.0027230279520154,-0.003947095479816198,-0.004035005811601877,-0.005145128350704908,-0.004207903984934092,-0.0026344209909439087,-0.0055825612507760525,-0.005480004474520683,-0.004445021040737629,-0.007513410411775112,-0.005339046474546194,-0.0011685311328619719,-0.005782857537269592,0.0037161221262067556
RSG,21,2026-04-07 18:45:00+00:00,14:45,0.003677935805171728,up,0.0021528524812310934,0.005405793897807598,0.004183553624898195,0.00311263557523489,0.004099300131201744,0.0035239991266280413,0.0012925867922604084,0.002428817329928279,0.0038655458483844995,0.0019614621996879578,0.0032852436415851116,0.001953540137037635,0.0016879483591765165,0.002612342592328787,0.0021317496430128813,0.001787168555893004,0.0010787281207740307,0.003070919308811426,0.002853971440345049,0.0029938197694718838,0.003000788390636444,0.0022545908577740192,0.004724156577140093,0.005968997720628977,0.005056554451584816,0.003677935805171728
SCHW,21,2026-04-07 18:45:00+00:00,14:45,0.003665585070848465,up,-0.0029149588663131,0.00012887154298368841,-0.004084804095327854,-0.0019191376632079482,-0.000411228189477697,-0.0014827287523075938,-0.0052959308959543705,-0.003617332549765706,-0.004903531167656183,-0.005389601457864046,-0.0037423986941576004,-0.004288771655410528,-0.002591013442724943,-0.0013244840083643794,-0.0013812565011903644,-9.68102685874328e-05,-0.0004356653953436762,-0.0005282587953843176,0.001377794542349875,0.0024410292971879244,0.004291975405067205,0.0037357877008616924,0.002997711068019271,0.0056230369955301285,0.0012318543158471584,0.003665585070848465
ABBV,21,2026-04-07 18:45:00+00:00,14:45,0.0036333464086055756,up,0.004047528840601444,0.0007125971023924649,-0.0007999446825124323,-0.001000422053039074,-0.0007372964173555374,-0.003918141592293978,-0.007762919645756483,-0.0014555278467014432,-0.004091192502528429,5.0177106459159404e-05,0.001019882969558239,0.0025241721887141466,0.0010823593474924564,-0.004369623027741909,-0.0024914895184338093,2.7691354262060486e-05,-0.0017102588899433613,-0.00043738418025895953,-0.001069059711880982,0.0008591361111029983,0.0011726568918675184,-0.0010002815397456288,-0.0004258622648194432,-0.0013705015880987048,0.0008860980160534382,0.0036333464086055756
KR,21,2026-04-07 18:45:00+00:00,14:45,0.0036074514500796795,up,0.0008953660144470632,0.005794094409793615,0.0055043441243469715,0.007082266733050346,0.010731101967394352,0.0048250057734549046,0.002630135277286172,0.003561894642189145,0.004952764604240656,0.0039908098988235,0.006399920210242271,0.00747239775955677,0.004390018526464701,0.006493168417364359,0.006418150849640369,0.006328151095658541,0.00589336222037673,0.005861514247953892,0.0027140933088958263,0.005358324386179447,0.004329724702984095,0.0045867846347391605,0.002371177775785327,0.00536614703014493,0.0015701934462413192,0.0036074514500796795
EXPD,21,2026-04-07 18:45:00+00:00,14:45,0.0035530738532543182,up,-2.526204116293229e-05,0.0026017583440989256,0.0005412596510723233,0.004979696124792099,0.006576629355549812,0.004768267273902893,-0.00047754961997270584,0.0020643749739974737,0.0023643793538212776,0.0012079824227839708,0.0020442933309823275,0.004423522390425205,0.004427749197930098,0.005243060644716024,0.006206571590155363,0.004247651435434818,0.008176085539162159,0.005140017252415419,0.0033480138517916203,0.0031812957022339106,0.0014718141173943877,0.0029790704138576984,-0.0004074088064953685,0.004675740841776133,0.003602893790230155,0.0035530738532543182
NWS,21,2026-04-07 18:45:00+00:00,14:45,0.0035401983186602592,up,0.0009730838937684894,0.002527934266254306,-0.0010912667494267225,0.0035624129232019186,0.0005151135264895856,3.6092100344831124e-05,-0.0016658109379932284,0.0007610644097439945,0.0009292425238527358,-0.00052012933883816,0.0007798494189046323,0.0017943966668099165,0.0009388094185851514,0.002433374524116516,0.0025019575841724873,0.0013328423956409097,0.0038736092392355204,0.0022072356659919024,0.0023037511855363846,0.003564999205991626,-4.414776776684448e-05,-0.0008767962572164834,-0.0022854662965983152,0.002739477436989546,0.0013645496219396591,0.0035401983186602592
SNA,21,2026-04-07 18:45:00+00:00,14:45,0.0035298902075737715,up,0.0014041296672075987,0.0023192712105810642,0.0009493941906839609,0.0031279597897082567,0.002915372606366873,0.002017302205786109,-0.0008957164245657623,-0.0006735317874699831,-0.0019001697655767202,0.00046917700092308223,0.003819516394287348,0.003968047443777323,0.004281007219105959,0.004365756642073393,0.004534054081887007,0.003840935416519642,0.006505244877189398,0.004669426009058952,0.002794407308101654,0.0017729394603520632,0.0032456410117447376,0.0014537276001647115,0.0002059766266029328,0.004226900637149811,0.0033344277180731297,0.0035298902075737715
KKR,21,2026-04-07 18:45:00+00:00,14:45,0.0034760585986077785,up,7.380350143648684e-05,0.0035140514373779297,0.0013988553546369076,0.003117084503173828,0.000880340114235878,9.565889922669157e-05,-0.004664112813770771,-0.000965854327660054,0.00017642202146817,-0.001046817284077406,-0.0005994180683046579,-0.0008947345777414739,-0.0009545047651045024,0.0023976468946784735,0.003938743378967047,0.001022198237478733,0.002071998082101345,0.0008444092818535864,0.0004555963387247175,0.001566652674227953,0.0009942243341356516,0.00149073067586869,0.0018081273883581161,0.004151341039687395,0.003174952697008848,0.0034760585986077785
FISV,21,2026-04-07 18:45:00+00:00,14:45,0.0034602282103151083,up,-0.008547232486307621,-0.0021952632814645767,-0.004025299567729235,-0.0036035506054759026,-0.00885067880153656,-0.006472604349255562,-0.010245165787637234,-0.00808342918753624,-0.0048147947527468204,-0.008163513615727425,-0.005946374032646418,-0.004529996775090694,-0.0028465946670621634,-0.000741439638659358,-0.0017872651806101203,-0.002404961036518216,0.00205634580925107,0.002533024875447154,0.001540647353976965,0.0018159655155614018,0.0006823496660217643,-0.003743481356650591,-0.0009281060192734003,0.004678263794630766,0.003198032733052969,0.0034602282103151083
LH,21,2026-04-07 18:45:00+00:00,14:45,0.0033875100780278444,up,0.0023637416306883097,-0.002643026178702712,-0.0019183005206286907,0.0008466528379358351,-0.0005984155577607453,-0.0018729839939624071,-0.006496391259133816,-0.004432797431945801,-0.007136825937777758,-0.004145097453147173,-0.0017457560170441866,-0.0008734872099012136,-0.004052246455103159,-0.003897262504324317,-0.001929818419739604,-0.005728594958782196,-0.0028762209694832563,-0.002621488645672798,-0.003999034408479929,-0.003110489808022976,-0.0041803293861448765,-0.004708627704530954,-0.001567791448906064,0.0031186251435428858,-0.0021719885990023613,0.0033875100780278444
CMG,21,2026-04-07 18:45:00+00:00,14:45,0.003358116140589118,up,-0.008949204348027706,-0.001247389824129641,-0.006383964791893959,-0.0012029665522277355,-0.005804023239761591,-0.006267572287470102,-0.009482163935899734,-0.008996470831334591,-0.006939502898603678,-0.005822649225592613,-0.00451809074729681,-0.0024595295544713736,-0.002756450092419982,0.0013836004072800279,0.0002663179475348443,-0.0016474060248583555,0.0013819955056533217,0.0011140946298837662,-0.0016227723099291325,-0.00025005769566632807,0.0013152661267668009,-0.001654988736845553,-0.004136256407946348,0.0046349032782018185,-0.0005211335374042392,0.003358116140589118
EVRG,21,2026-04-07 18:45:00+00:00,14:45,0.0033444364089518785,up,0.0015387277817353606,0.0028787516057491302,0.003435548860579729,0.003660605289041996,0.005842754617333412,0.004767390433698893,0.002667325083166361,0.004672660958021879,0.004801902920007706,0.004210467450320721,0.005233396776020527,0.004679559729993343,0.004057362675666809,0.0052533396519720554,0.005006514489650726,0.004697589203715324,0.006420603487640619,0.005720870569348335,0.00592479482293129,0.005819222424179316,0.0049585201777517796,0.00256738206371665,0.0035289223305881023,0.0065105268731713295,0.004564130213111639,0.0033444364089518785
KEYS,21,2026-04-07 18:45:00+00:00,14:45,0.0032862327061593533,up,0.005948565900325775,0.004326623398810625,0.0018084286712110043,0.006918867584317923,0.006344218738377094,0.0038522358518093824,-0.0003150460834149271,0.003116871230304241,0.00029812296270392835,0.00190393824595958,0.005907368380576372,0.005743920337408781,0.0035568485036492348,0.004367299377918243,0.0009841197170317173,8.35423925309442e-05,9.509890514891595e-05,0.0010715938406065106,0.0037740757688879967,0.001122470130212605,0.00616476871073246,0.00485944701358676,0.0043542818166315556,0.011694082990288734,0.0019242230337113142,0.0032862327061593533
DTE,21,2026-04-07 18:45:00+00:00,14:45,0.003229553811252117,up,0.0020206079352647066,0.003716470440849662,0.002104762475937605,0.003910197410732508,0.006466539576649666,0.004789636004716158,0.0024719820357859135,0.003845765022560954,0.005191525910049677,0.003487352281808853,0.004260544199496508,0.004792393185198307,0.005391994491219521,0.0054060365073382854,0.0054065934382379055,0.005009564105421305,0.006743791047483683,0.006668092217296362,0.005626238416880369,0.005877885967493057,0.005070888437330723,0.0033468224573880434,0.0022870409302413464,0.0037096545565873384,0.005168014671653509,0.003229553811252117
LIN,21,2026-04-07 18:45:00+00:00,14:45,0.003089550416916609,up,-0.0013096255715936422,0.0002709793334361166,-0.002874785102903843,-0.0013298139674589038,9.330640023108572e-05,0.0006001917645335197,-0.0018076362321153283,-0.0024432200007140636,-0.004549266304820776,-0.004776916466653347,-0.003619284136220813,-0.0022999842185527086,-0.0034701749682426453,-0.005179422441869974,-0.004249283578246832,-0.003728796960785985,-0.0036443073768168688,-0.0012233876623213291,-0.0033830488100647926,-0.0001320106239290908,0.001036701607517898,-0.0006365200388245285,-0.0005049925530329347,0.00013863356434740126,-0.0020980658009648323,0.003089550416916609
PSA,21,2026-04-07 18:45:00+00:00,14:45,0.003071231534704566,up,0.0024738628417253494,0.0022317087277770042,0.004815781954675913,0.0053589665330946445,0.007206292822957039,0.007996312342584133,0.004976725671440363,0.003933639731258154,0.0038668212946504354,0.0032597652170807123,0.005649879574775696,0.00513595761731267,0.006961836013942957,0.005286010913550854,0.004387157037854195,0.00235482188872993,0.0050516254268586636,0.004722566343843937,0.0040703266859054565,0.004767900332808495,0.0028570201247930527,0.0023713514674454927,-2.3826223696232773e-05,0.00533126387745142,0.0020725135691463947,0.003071231534704566
CFG,21,2026-04-07 18:45:00+00:00,14:45,0.0030291371513158083,up,-0.002174751367419958,-0.0009212457225658,-0.0017134633380919695,0.0008584877359680831,0.002257672371342778,0.0030474711675196886,3.8160262192832306e-05,-0.00028711732011288404,-0.0009061188320629299,0.0005222177132964134,0.0026940430980175734,0.002946814987808466,0.0026227685157209635,0.0008905782015062869,0.002796001033857465,0.002275482751429081,0.0036506729666143656,0.001986180432140827,0.0014808055711910129,0.0033457691315561533,0.001719522406347096,8.553858060622588e-05,0.0005766028189100325,0.002889587078243494,-0.0003469694347586483,0.0030291371513158083
META,21,2026-04-07 18:45:00+00:00,14:45,0.002961980877444148,up,-0.0012344138231128454,-0.003964310511946678,-0.006934345234185457,-0.0038316245190799236,-0.0011776576284319162,-0.0022881857585161924,-0.0031314578372985125,-0.0045156897976994514,-0.006956507917493582,-0.004100887570530176,-0.0005193093093112111,-0.00204623700119555,-0.0010750812944024801,-0.0037103171925991774,-0.004149606917053461,-0.0029152233619242907,-0.003703600261360407,-0.00042983502498827875,0.001286607119254768,-0.0008792110020294785,-0.0017050321912392974,-0.004048104397952557,-0.004847371950745583,-0.0036008625756949186,-0.005496194586157799,0.002961980877444148
KLAC,21,2026-04-07 18:45:00+00:00,14:45,0.002921569626778364,up,0.0001796182186808437,-0.0023795755114406347,-0.0027021081186830997,0.002566995332017541,0.0037182786036282778,0.001298032933846116,-0.000987946754321456,0.003613509004935622,-0.0017478022491559386,0.0005429362645372748,0.002856565173715353,0.003527421271428466,0.000674063281621784,0.000344615284120664,0.0001992647594306618,-0.0014698716113343835,-0.0024143450427800417,-0.0020762390922755003,-0.0004373841511551291,0.004248487297445536,-0.00088041479466483,-0.0028710938058793545,-0.003732457058504224,0.0004833202692680061,-0.0019996927585452795,0.002921569626778364
OTIS,21,2026-04-07 18:45:00+00:00,14:45,0.002881277585402131,up,0.0009388221660628915,0.0036470177583396435,0.0034436092246323824,0.005299990996718407,0.008051537908613682,0.0038578868843615055,0.002105196937918663,0.0026783014182001352,0.004283561371266842,0.004188216291368008,0.0059090228751301765,0.007060464005917311,0.004506479483097792,0.005944877862930298,0.004987141117453575,0.004653101786971092,0.005854066926985979,0.004956320859491825,0.006059101317077875,0.005230255424976349,0.0030515219550579786,0.0016380702145397663,0.001178539707325399,0.0034425549674779177,0.00048673682613298297,0.002881277585402131
LLY,21,2026-04-07 18:45:00+00:00,14:45,0.0028626369312405586,up,-0.007234083954244852,-0.00939528550952673,-0.00675286166369915,-0.0016613852931186557,-0.0012853008229285479,-0.005091173108667135,-0.0063309804536402225,-0.0022657348308712244,-0.0029943822883069515,0.00130585883744061,0.004865211434662342,0.004418367985635996,0.0025894762948155403,0.0035898706410080194,0.0033363208640366793,0.0029564937576651573,0.004579873755574226,0.0005669096135534346,0.003181782551109791,-0.0014503105776384473,-0.005011516157537699,-0.008414242416620255,-0.01218351162970066,-0.0009203036897815764,-0.0029426037799566984,0.0028626369312405586
COO,21,2026-04-07 18:45:00+00:00,14:45,0.0028498091269284487,up,-0.004944543819874525,-0.0001261781872017309,-0.004045423585921526,-0.0013243763241916895,-0.003413337981328368,-0.006297216285020113,-0.008668269962072372,-0.010425275191664696,-0.008010384626686573,-0.009677519090473652,-0.010295378975570202,-0.005267894361168146,-0.004443484358489513,-0.0025844352785497904,-0.0025341217406094074,-0.002103010891005397,-0.0013193623162806034,-0.0014583143638446927,-0.0029106049332767725,-0.0028777571860700846,-0.004743963945657015,-0.00465389434248209,-0.005938292946666479,-0.0005820514052174985,-0.002410123823210597,0.0028498091269284487
VRSN,21,2026-04-07 18:45:00+00:00,14:45,0.0027744355611503124,up,0.0005492187920026481,0.0006757450755685568,-0.0014962005661800504,0.003020793665200472,-0.001499485457316041,0.0018154714489355683,0.003821686375886202,0.004681875463575125,7.287294283742085e-05,-0.00016921956557780504,0.0033983197063207626,0.0050158267840743065,0.0033579047303646803,0.006602939683943987,0.009522367268800735,-0.0010023023933172226,0.010384147986769676,0.00586363160982728,0.003076861146837473,0.0024319770745933056,0.005649460945278406,-0.002067595487460494,-0.006291842553764582,0.0029010847210884094,-0.005916535388678312,0.0027744355611503124
BMY,21,2026-04-07 18:45:00+00:00,14:45,0.0027113391552120447,up,-0.0015667343977838755,0.004228820092976093,0.0025232129264622927,0.006473843939602375,0.005760370288044214,0.007215934339910746,0.00020462491374928504,-0.002560000866651535,-0.0007720398716628551,-0.0030968531500548124,-0.0002980730205308646,-0.0009979038732126355,-0.0025970893912017345,0.0008592359372414649,0.0004047295660711825,0.00152523850556463,0.00037094729486852884,-0.00233925087377429,-0.001440886058844626,-0.0009070680243894458,0.0009821639396250248,-0.0023769799154251814,-0.0017326206434518099,0.0005944223958067596,-0.0021412342321127653,0.0027113391552120447
AVGO,21,2026-04-07 18:45:00+00:00,14:45,0.00264101754873991,up,-0.012709857895970345,-0.02555733174085617,-0.03112681582570076,-0.024234991520643234,-0.028229963034391403,-0.030212832614779472,-0.02913125418126583,-0.024217389523983,-0.02595597319304943,-0.021855968981981277,-0.018731027841567993,-0.017066102474927902,-0.008446887135505676,-0.001692573307082057,-0.0002880925021599978,-0.007232107687741518,-0.003336984431371093,-0.003565215039998293,-0.006455436814576387,-0.006697358563542366,-0.004083848558366299,-0.013651006855070591,-0.016716547310352325,-0.0108247771859169,-0.010506978258490562,0.00264101754873991
DXCM,21,2026-04-07 18:45:00+00:00,14:45,0.0026387618854641914,up,-0.0007378191803582013,0.00025083229411393404,-0.007889758795499802,-0.007045949809253216,-0.009127767756581306,-0.008922182023525238,-0.013262869790196419,-0.008922399953007698,-0.006062643602490425,-0.0034579343628138304,-0.0032006565015763044,-0.00031536963069811463,0.0017897849902510643,0.002990833017975092,-0.0006645630346611142,-0.0010371922980993986,0.0037903646007180214,0.0037901634350419044,0.0012908638454973698,0.0007230143528431654,0.0007143164984881878,-0.0009658281342126429,0.0007541418308392167,0.003631733823567629,0.0003700082306750119,0.0026387618854641914
ESS,21,2026-04-07 18:45:00+00:00,14:45,0.002564019290730357,up,-0.0003753484634216875,0.003681772854179144,0.003726750845089555,0.0051454962231218815,0.004759643226861954,0.005519947037100792,0.0023274263367056847,0.0033915021922439337,0.007030085660517216,0.005178743973374367,0.008435935713350773,0.007511794101446867,0.0070131500251591206,0.008332585915923119,0.008958219550549984,0.007507572881877422,0.009046482853591442,0.009596491232514381,0.007965754717588425,0.0080712316557765,0.007702374830842018,0.00615780521184206,0.0037446345668286085,0.004928518086671829,0.0031188291031867266,0.002564019290730357
HUBB,21,2026-04-07 18:45:00+00:00,14:45,0.0025612825993448496,up,-0.0009982914198189974,0.002116688759997487,-0.0015448644990101457,0.0016907796962186694,0.000634515774436295,0.0005283452337607741,-0.0028786626644432545,-0.001885824603959918,-0.002428492298349738,-0.0006936719873920083,-0.0004305178881622851,0.0015385976294055581,0.0016396392602473497,0.002887996146455407,0.0022389646619558334,0.00024921391741372645,0.004575629718601704,0.004623152315616608,0.0016652547055855393,0.0010230776388198137,-0.001318152411840856,-0.0017756688175722957,-0.0029662323649972677,0.0002794243046082556,-5.127240365254693e-05,0.0025612825993448496
C,21,2026-04-07 18:45:00+00:00,14:45,0.0025128130801022053,up,-0.00589365279302001,-0.006277824752032757,-0.009244879707694054,-0.002978881122544408,-0.0009062971221283078,-0.0016055102460086346,-0.007518453989177942,-0.006993133574724197,-0.008647654205560684,-0.0053738136775791645,-0.0016586666461080313,-0.00429662736132741,-0.006557760760188103,-0.005429655313491821,-0.0028937829192727804,-0.0009533683769404888,-0.0007563455728814006,0.00029618098051287234,-0.0002887255104724318,0.0008778648334555328,-0.000412063323892653,-0.0034746723249554634,-0.0016397219151258469,0.002200612798333168,9.544310159981251e-05,0.0025128130801022053
BBY,21,2026-04-07 18:45:00+00:00,14:45,0.0023296731524169445,up,0.00329030049033463,0.0012258229544386268,-0.0057723564095795155,-0.007093173451721668,-0.008559581823647022,-0.009453344158828259,-0.009656251408159733,-0.007754708174616098,-0.005349889863282442,-0.008228937163949013,-0.007224685978144407,-0.00436465535312891,-0.0032488410361111164,-2.0016877897433005e-06,0.0002679486642591655,-0.00043997159809805453,-0.00027358814259059727,0.00020724684873130172,-0.00278098345734179,-0.0016838849987834692,-0.0020883886609226465,-0.0030065823812037706,-0.0036156773567199707,-0.0003913115069735795,-0.0031306128948926926,0.0023296731524169445
HAS,21,2026-04-07 18:45:00+00:00,14:45,0.0022880141623318195,up,0.0007323200698010623,0.0006415444076992571,-5.052933920524083e-05,-0.0001269117055926472,-0.0014862377429381013,-0.004799629095941782,-0.010520275682210922,-0.008467361330986023,-0.009370018728077412,-0.006742861587554216,-0.008240396156907082,-0.007574352901428938,-0.006788704544305801,-0.003919096197932959,-0.0031635237392038107,-0.004063683096319437,-0.00201921327970922,-0.0012179722543805838,-0.002621118212118745,-0.0016559151699766517,-6.692115857731551e-05,-0.0031835667323321104,-0.0039314450696110725,-0.0004644072614610195,-0.0028953878208994865,0.0022880141623318195
CPT,21,2026-04-07 18:45:00+00:00,14:45,0.0022204467095434666,up,0.00037419184809550643,0.004023732151836157,0.002711375942453742,0.002804235555231571,0.004033668898046017,0.0008990637143142521,0.0005064035067334771,0.0014191046357154846,0.0034236384090036154,0.0029614605009555817,0.005298715550452471,0.005597153678536415,0.0053376429714262486,0.006296075414866209,0.006223529577255249,0.004203010816127062,0.006471447646617889,0.006700223311781883,0.004167159553617239,0.00421404791995883,0.0025021748151630163,0.00028089055558666587,0.0006027572089806199,0.0031456102151423693,0.0018705058610066772,0.0022204467095434666
MLM,21,2026-04-07 18:45:00+00:00,14:45,0.002131933579221368,up,1.4807303159614094e-05,-0.0001582238619448617,-0.0011006948770955205,0.00010377076250733808,0.0038950389716774225,0.00181086256634444,-0.0022778280545026064,-0.00039889407344162464,-0.005350806750357151,-0.002314317272976041,-0.00042925626621581614,0.002130483975633979,0.0014570598723366857,0.0005003337282687426,0.0005512826610356569,0.00017456460045650601,0.0025002621114253998,0.0016401618486270308,0.00130569061730057,0.0022701825946569443,0.0001768287766026333,-0.0033958808053284883,-0.003324707504361868,0.0003930860839318484,-0.00137401616666466,0.002131933579221368
COR,21,2026-04-07 18:45:00+00:00,14:45,0.002121314173564315,up,-0.004469125531613827,-0.0010902606882154942,-0.004796361085027456,-0.0018142268527299166,-0.003042988246306777,-0.004683749284595251,-0.006649871356785297,-0.004534499254077673,-0.004544526804238558,-0.004478462506085634,-0.0016443240456283092,-0.0008698526653461158,-0.0016956985928118229,-4.272928345017135e-05,-0.0016084638191387057,-0.0019862130284309387,0.00038477007183246315,0.0009522995678707957,-0.0005228298250585794,2.0853083697147667e-05,-0.0005390412989072502,-0.0036004206631332636,-0.003596645314246416,-0.0009444103925488889,-0.001855414710007608,0.002121314173564315
GEHC,21,2026-04-07 18:45:00+00:00,14:45,0.00210956996306777,up,-0.00899471528828144,-0.00709133455529809,-0.009642242453992367,-0.00952215027064085,-0.006850596982985735,-0.008426074869930744,-0.014149213209748268,-0.011901631020009518,-0.012852001935243607,-0.010535303503274918,-0.009179596789181232,-0.004979332443326712,-0.003384149167686701,-0.000746761099435389,-0.0021181153133511543,-0.0028896399307996035,0.0022431332617998123,0.00227170973084867,0.000626217108219862,-0.000714184483513236,-0.0009225313551723957,-0.0003630775900091976,-0.0016225824365392327,0.002134725684300065,-0.0017885870765894651,0.00210956996306777
EA,21,2026-04-07 18:45:00+00:00,14:45,0.0021065687760710716,up,-0.0020220447331666946,-0.0023910952731966972,-0.0016825363272801042,-0.00036313984310254455,0.0027536822017282248,0.0022710305638611317,-0.0009282617247663438,-0.002442713128402829,-0.0017596036195755005,-0.00034104526275768876,-3.210563590982929e-05,0.00013845509965904057,0.0011183535680174828,0.0012759880628436804,0.0012596460292115808,0.0006737732328474522,0.001825488405302167,0.002362595871090889,0.0013943299418315291,0.0027639938052743673,0.0008685165084898472,-8.629008516436443e-05,0.0002686559746507555,0.0008092813077382743,0.0007175319478847086,0.0021065687760710716
CBOE,21,2026-04-07 18:45:00+00:00,14:45,0.0020627707708626986,up,0.005070261191576719,0.00890705082565546,0.010712836869060993,0.011939480900764465,0.016189953312277794,0.015970122069120407,0.018201230093836784,0.013797028921544552,0.01432790793478489,0.014672718942165375,0.016383958980441093,0.018432917073369026,0.014748727902770042,0.014735310338437557,0.014140130952000618,0.012571431696414948,0.013210045173764229,0.01241917535662651,0.010596184059977531,0.010484061203897,0.010288963094353676,0.012159219942986965,0.008151506073772907,0.01042547170072794,0.0022471135016530752,0.0020627707708626986
COF,21,2026-04-07 18:45:00+00:00,14:45,0.002049119910225272,up,-0.003030325286090374,-0.0005064149736426771,-0.003996745217591524,-0.0016767132328823209,-0.000163689925102517,-0.0005825971602462232,-0.0014004751574248075,0.0010155541822314262,-0.00037393663660623133,-0.00015569808601867408,0.001636194414459169,0.00036994717083871365,0.0012483377940952778,0.0007549214642494917,0.0025324837770313025,0.0019062700448557734,0.0016615035710856318,0.004694510716944933,0.0015833241632208228,0.0010930842254310846,0.000287185626802966,-0.0013502397341653705,-0.0008450528839603066,0.002471187151968479,0.00038423860678449273,0.002049119910225272
LULU,21,2026-04-07 18:45:00+00:00,14:45,0.002034359145909548,up,-0.0065647996962070465,-0.0019020144827663898,-0.01081075705587864,-0.010825073346495628,-0.010920258238911629,-0.00898683164268732,-0.011982682161033154,-0.010304667055606842,-0.007941375486552715,-0.006660132203251123,-0.004989993758499622,-0.0018921204609796405,-0.0036212445702403784,-0.004922371823340654,-0.0033744443207979202,-0.004312617238610983,0.0012119943276047707,0.0017270406242460012,0.002147443126887083,0.004715602844953537,-0.0015787611482664943,-0.002004683017730713,-0.004220897797495127,0.0027043207082897425,-0.0012703391257673502,0.002034359145909548
ATO,21,2026-04-07 18:45:00+00:00,14:45,0.002029386116191745,up,-0.00041583861457183957,0.002368063433095813,0.001866592327132821,0.002784097334370017,0.004819036461412907,0.003261133562773466,0.0009536941652186215,-2.670879621291533e-05,0.0023127214517444372,0.0017840451328083873,0.002854983089491725,0.0033079131972044706,0.002732926979660988,0.003087162971496582,0.0026566595770418644,0.0024101948365569115,0.004184420686215162,0.0035343393683433533,0.003313407301902771,0.0029870320577174425,0.0024817325174808502,-0.0001829523389460519,-0.0009337757946923375,0.002037744503468275,0.0016764673637226224,0.002029386116191745
PYPL,21,2026-04-07 18:45:00+00:00,14:45,0.002024517161771655,up,-0.007061371114104986,-0.003281502053141594,-0.004722352605313063,-0.0026637669652700424,-0.004809053614735603,-0.006945114117115736,-0.008327892981469631,-0.005276663228869438,-0.007048058323562145,-0.003328080987557769,-2.0571660570567474e-06,-0.0014438364887610078,-0.002288215793669224,0.0013460853369906545,0.0017679461743682623,-8.101917046587914e-06,0.000820097338873893,-0.0026242248713970184,-0.0013714097440242767,-0.0010564473923295736,0.00044698361307382584,-0.005017179064452648,-0.0036047338508069515,-0.0008681611507199705,-0.0036678328178822994,0.002024517161771655
APH,21,2026-04-07 18:45:00+00:00,14:45,0.002005278365686536,up,-0.007035742048174143,-0.0016997611382976174,-0.0061343964189291,0.00216560042463243,-0.002529221586883068,-0.005332164000719786,-0.006416911259293556,-0.0023773128632456064,-0.0026876856572926044,-0.0010047234827652574,0.0007075672037899494,-0.0005298362812027335,-0.000712203502189368,-0.0006032402161508799,0.0021562667097896338,-0.0009312360198237002,0.002654560375958681,0.0030973756220191717,0.0027511154767125845,-0.0023676385171711445,-0.0038570344913750887,-0.008240842260420322,-0.00637185201048851,-0.0017582416767254472,-0.006348439957946539,0.002005278365686536
XEL,21,2026-04-07 18:45:00+00:00,14:45,0.001993119250983,up,0.0008800906944088638,0.001595810055732727,-0.00030861652339808643,0.002273568417876959,0.003789671929553151,0.0027436972595751286,0.000514209910761565,0.0034814770333468914,0.004106743261218071,0.003929269965738058,0.004641784355044365,0.00595328863710165,0.005377742927521467,0.005906392820179462,0.00574131915345788,0.005110399331897497,0.00484368484467268,0.004126120824366808,0.004333988297730684,0.0037803680170327425,0.00391403678804636,0.00231828517280519,0.0025758782867342234,0.004820671863853931,0.0028113755397498608,0.001993119250983
WRB,21,2026-04-07 18:45:00+00:00,14:45,0.0018488516798242927,up,-0.001277127768844366,0.0017777143511921167,0.00012063126632710919,0.0022338235285133123,0.004374178126454353,0.0028794845566153526,0.0002047952002612874,0.0002654014388099313,0.0013560953084379435,-0.0003599292831495404,0.00023669576330576092,0.001715610851533711,0.0008072681957855821,0.002189180115237832,0.0035638834815472364,0.0032142745330929756,0.005041070748120546,0.004731226246803999,0.00433476734906435,0.006362422835081816,0.006000993307679892,0.004482890944927931,0.0018360819667577744,0.003790574613958597,0.0005541337304748595,0.0018488516798242927
CSCO,21,2026-04-07 18:45:00+00:00,14:45,0.0018459450220689178,up,0.004294690676033497,0.00531619880348444,0.0009510770905762911,0.0013918133918195963,0.0015070223016664386,0.002920927247032523,0.0033136610873043537,0.0014037889195606112,0.003780920058488846,0.004287563264369965,0.005461003165692091,0.008849306032061577,0.004398610908538103,0.004107336513698101,0.005775869358330965,0.003632414387539029,0.005208937451243401,0.004666343796998262,0.001300610019825399,-4.626799636753276e-05,0.002163364551961422,0.0007232798379845917,-0.00027395662618801,0.003770741866901517,0.0018301581731066108,0.0018459450220689178
TROW,21,2026-04-07 18:45:00+00:00,14:45,0.0018163477070629597,up,-0.0005974696832709014,0.0014036246575415134,-0.0015596681041643023,-0.0015576296718791127,-0.0025120568461716175,-0.004528180230408907,-0.012720161117613316,-0.00886805821210146,-0.008723318576812744,-0.009454957209527493,-0.009025616571307182,-0.00679824547842145,-0.0038180931005626917,-0.0008516188827343285,-6.327534356387332e-05,-5.0202212150907144e-05,0.00337574677541852,0.0017118861433118582,-0.00025897499290294945,-0.0013954750029370189,0.0004125386767555028,-0.00019999437790829688,0.0003937964211218059,0.0047678579576313496,0.004610732663422823,0.0018163477070629597
APTV,21,2026-04-07 18:45:00+00:00,14:45,0.0017650412628427148,up,-0.014406275935471058,-0.0062479847110807896,-0.013367987237870693,-0.00563272787258029,-0.011930149979889393,-0.011433237232267857,-0.018605707213282585,-0.01650126837193966,-0.011160718277096748,-0.012989494018256664,-0.0093232998624444,-0.008058431558310986,-0.006504249759018421,-0.004657625220716,-0.003624929813668132,-0.00532423285767436,-0.0045976643450558186,-0.0015493967803195119,-0.005907139275223017,-0.004619522951543331,-0.004421189893037081,-0.009583129547536373,-0.011133687570691109,-0.002291396027430892,-0.0036919275298714638,0.0017650412628427148
PKG,21,2026-04-07 18:45:00+00:00,14:45,0.001693800906650722,up,-0.004412911832332611,-0.002023661509156227,-0.002792527200654149,-0.0024482044391334057,5.5885378969833255e-05,-0.0030134173575788736,-0.005160965956747532,-0.003240455174818635,-0.005125748924911022,-0.002747903112322092,-0.0030094070825725794,-0.0018510733498260379,-0.0029250590596348047,-0.0035767077933996916,-0.0008540622657164931,-0.0006942371837794781,0.001838711672462523,0.0022793340031057596,0.0011028351727873087,0.00041721243178471923,0.0009031824884004891,-0.002338618040084839,-0.0019865913782268763,-0.0008746907697059214,-0.0016171489842236042,0.001693800906650722
UHS,21,2026-04-07 18:45:00+00:00,14:45,0.0016382663743570447,up,-0.0008893353515304625,0.001940278336405754,0.0016073122387751937,0.0011384767713025212,0.001654659048654139,-0.00012425420572981238,-0.004221147391945124,-0.0005590870277956128,0.0005303110228851438,0.0011438897345215082,0.0029471784364432096,0.002367808250710368,0.003145757131278515,0.0021603901404887438,0.0022736734244972467,0.001045971061103046,0.004369192756712437,0.004994688089936972,0.0038681053556501865,0.0025979033671319485,0.0014578324044123292,-0.0004183101700618863,-0.0032052479218691587,0.002052491996437311,0.00025636423379182816,0.0016382663743570447
GL,21,2026-04-07 18:45:00+00:00,14:45,0.0016160799423232675,up,-0.0017566883470863104,0.0012117467122152448,-0.0005537186516448855,0.0023391717113554478,0.003497461322695017,0.003008489264175296,-0.002359851263463497,0.0014454120537266135,0.00092292734188959,-0.0002972095971927047,0.0017727341037243605,0.0021387964952737093,0.0019977663177996874,0.0023293334525078535,0.0020189154893159866,0.0012762532569468021,0.004319286439567804,0.0051451693288981915,0.0025302323047071695,0.0026374259032309055,0.0005967863835394382,-0.0005027037695981562,-0.0014655825216323137,0.0022589669097214937,0.001613955362699926,0.0016160799423232675
CMI,21,2026-04-07 18:45:00+00:00,14:45,0.0015831408090889454,up,0.0013387873768806458,0.003566823434084654,0.002090998226776719,0.005601020529866219,0.0047353110276162624,0.0047828094102442265,-0.001068993704393506,0.0009795489022508264,-0.001630615210160613,0.0002625965280458331,0.0015950050437822938,0.004947721026837826,0.0058922250755131245,0.0073022800497710705,0.005696495529264212,0.003047012956812978,0.0075960238464176655,0.006157483905553818,0.0014849486760795116,0.0005868360749445856,-0.00010536676563788205,-0.0010387420188635588,-0.0014916772488504648,0.004440354183316231,0.00024967428180389106,0.0015831408090889454
NI,21,2026-04-07 18:45:00+00:00,14:45,0.001567513681948185,up,-0.00022681902919430286,0.0035357961896806955,0.004621933680027723,0.0049920957535505295,0.008662278763949871,0.007438096217811108,0.0035234650131314993,0.0032132186461240053,0.005489037372171879,0.004516671411693096,0.007097116205841303,0.005998643580824137,0.0052728308364748955,0.0063668363727629185,0.005547596141695976,0.005308763589709997,0.005948031786829233,0.006797816138714552,0.005081887822598219,0.005075547844171524,0.0032254273537546396,0.0010695048840716481,-0.00022674122010357678,0.004227394703775644,0.003305975813418627,0.001567513681948185
ERIE,21,2026-04-07 18:45:00+00:00,14:45,0.0015564104542136192,up,0.0037876064889132977,0.006358984392136335,0.003691283753141761,0.006042164750397205,0.00758329825475812,0.005026642698794603,0.002622352447360754,0.0029373334255069494,0.0024234645534306765,0.0017330232076346874,0.005804413929581642,0.007931690663099289,0.004914728458970785,0.0043137758038938046,0.0035457194317132235,0.0020525269210338593,0.005183481145650148,0.004498598165810108,0.0035665121395140886,0.0031154605094343424,0.002835879335179925,0.0027044836897403,0.0011811534641310573,0.006047498434782028,0.00014259014278650284,0.0015564104542136192
STLD,21,2026-04-07 18:45:00+00:00,14:45,0.0015261592343449593,up,-0.0027031044010072947,-0.002639865269884467,-0.005576633848249912,-0.002574506914243102,-0.0025803493335843086,-0.004304416012018919,-0.00869455374777317,-0.003920381423085928,-0.005601999815553427,-0.002522481605410576,-0.000927868066355586,-0.0015958609292283654,-0.0009256452322006226,0.0009996806038543582,0.0006142125348560512,-0.003618137910962105,0.0022023385390639305,-0.00016657116066198796,-0.004539679270237684,-0.0036628697998821735,-0.004455032758414745,-0.005338024348020554,-0.006854778155684471,-0.0022435239516198635,-0.004512178711593151,0.0015261592343449593
SATS,21,2026-04-07 18:45:00+00:00,14:45,0.0014710563700646162,up,-0.006224268116056919,-0.006195676978677511,-0.011486753821372986,-0.005520471837371588,-0.009286698885262012,-0.010957544669508934,-0.01093774288892746,-0.004813984502106905,-0.0037672065664082766,-0.0036236238665878773,0.0004718606360256672,-0.002553194062784314,-0.001795366290025413,-0.0017916178330779076,0.0009978004964068532,0.00030350068118423223,0.001169154653325677,0.00016608386067673564,-0.0005749094416387379,-0.0013339067809283733,0.000491845014039427,-0.003041078569367528,-0.0038383607752621174,0.002511445665732026,0.0018424586160108447,0.0014710563700646162
WTW,21,2026-04-07 18:45:00+00:00,14:45,0.0014639170840382576,up,0.0032589540351182222,0.005002261605113745,0.005220972932875156,0.004601596854627132,0.004349696449935436,0.0011312145506963134,0.0006608791300095618,-0.00024940058938227594,-0.00013035611482337117,-0.0018333322368562222,0.00028067384846508503,0.0004525186959654093,-0.0005067933816462755,-0.0011269572423771024,-0.002608161885291338,-0.0019241907866671681,-0.00015825626906007528,0.000574878475163132,-0.0002210769453085959,0.0009701590752229095,0.0007500846404582262,-0.0027064026799052954,-0.004446272738277912,-0.00104794732760638,-0.0034926049411296844,0.0014639170840382576
REGN,21,2026-04-07 18:45:00+00:00,14:45,0.0013008430832996964,up,-0.005881809163838625,-0.004587307572364807,-0.006383961997926235,-0.0028450964018702507,-0.00013383431360125542,-0.003317028284072876,-0.006997647229582071,-0.005199279170483351,-0.008030449040234089,-0.004858347121626139,-0.0019639034289866686,-0.0011736465385183692,-0.002053314819931984,-0.0021271880250424147,-0.0012543161865323782,-0.0028312543872743845,0.0006693924078717828,0.0011618288699537516,-5.444746057037264e-05,-0.0002032622433034703,-0.000978532712906599,-0.0022454645950347185,-0.004677287768572569,-0.0035169993061572313,-0.004203608259558678,0.0013008430832996964
CAH,21,2026-04-07 18:45:00+00:00,14:45,0.001231180620379746,up,-0.0008460800745524466,-0.0006425897008739412,-0.0024792079348117113,0.00037343509029597044,0.0008653177064843476,3.0376231734408066e-05,-0.0020388795528560877,-0.0016864686040207744,-0.0011853590840473771,-0.0015121656470000744,-0.0006900912267155945,-0.001356565859168768,-0.001336319255642593,-0.001370311831124127,-0.00048261648043990135,-0.0008715703734196723,0.002400594064965844,0.0035184386651962996,0.002302341628819704,0.0024109650403261185,-0.0008294367580674589,-0.0027884382288903,-0.002809149445965886,0.0005830173613503575,3.9673577703069896e-05,0.001231180620379746
AIG,21,2026-04-07 18:45:00+00:00,14:45,0.0011988470796495676,up,-0.0002672428381629288,0.004653765819966793,0.0020435533951967955,0.0038047984708100557,0.00678347609937191,0.004108446650207043,0.0010048996191471815,0.0015015685930848122,0.0027992252726107836,0.0015705636469647288,0.004397905431687832,0.003362218616530299,0.0027871893253177404,0.005095110274851322,0.003940414637327194,0.004290181677788496,0.005044282414019108,0.0037734026554971933,0.003699508961290121,0.004024415276944637,0.003016123780980706,0.001822135061956942,0.0017276692669838667,0.0033750482834875584,0.0013131103478372097,0.0011988470796495676
VLO,21,2026-04-07 18:45:00+00:00,14:45,0.001156455255113542,up,-0.005781301762908697,-0.00699270237237215,-0.007532794959843159,-0.0034114262089133263,-0.0031904377974569798,-0.003246382577344775,-0.0066414340399205685,-0.006329415366053581,-0.00556309474632144,-0.0013908017426729202,0.005387434735894203,0.005116542801260948,0.0015831786440685391,0.0016300618881359696,0.0029871510341763496,0.002125958213582635,0.0052841403521597385,0.002550488105043769,0.0005302918143570423,0.0014379124622792006,0.00016154375043697655,0.000736229820176959,0.0012317931978031993,0.005123560782521963,0.0035445925313979387,0.001156455255113542
VTR,21,2026-04-07 18:45:00+00:00,14:45,0.0011491767363622785,up,-0.003918863832950592,-0.0002453310298733413,-0.001404885551892221,0.00017815061437431723,0.0015382942510768771,-7.968212594278157e-05,-0.0018103467300534248,-0.0003874583344440907,0.00027632812270894647,1.4707572518091183e-05,0.003339514834806323,0.0021835339721292257,0.0008093509823083878,0.00233146152459085,0.00322129437699914,0.002858774969354272,0.004153335466980934,0.0027017665561288595,0.0030198628082871437,0.0030899893026798964,0.0022714543156325817,0.0007954589673317969,0.0018430862110108137,0.0048439051024615765,0.0019008582457900047,0.0011491767363622785
PNR,21,2026-04-07 18:45:00+00:00,14:45,0.0011468767188489437,up,-0.002278700703755021,0.0011266666697338223,-0.0014186250045895576,-0.00018430425552651286,-0.0017084003193303943,-0.0028210096061229706,-0.004789994563907385,-0.004998728167265654,-0.00045129575300961733,-0.0023067921865731478,-0.0029582760762423277,-0.001865076133981347,-0.00014816901239100844,0.0017265938222408295,0.00023431728186551481,-0.0008222336182370782,0.0010663947323337197,0.0008614837424829602,0.0015188237885013223,0.00310506671667099,0.003274833085015416,0.0018034994136542082,0.001355788903310895,0.003063747426494956,0.00031261518597602844,0.0011468767188489437
AES,21,2026-04-07 18:45:00+00:00,14:45,0.0011153626255691051,up,0.0009393443469889462,0.001202844432555139,0.0013171341270208359,0.0010792677057906985,0.0022336598485708237,0.00154428044334054,0.0009324235725216568,1.380905359837925e-05,0.0006282073445618153,-0.00023501557006966323,0.0015513586113229394,0.0011832376476377249,0.0005585303297266364,0.00016211844922509044,2.939022124337498e-05,-0.0007199646206572652,0.0008376390906050801,0.0014898579102009535,0.00046050871605984867,0.0005601231241598725,0.00044207231258042157,-0.0007603610283695161,-0.00022379486472345889,0.0013653709320351481,-0.00119904731400311,0.0011153626255691051
CSX,21,2026-04-07 18:45:00+00:00,14:45,0.0010639072861522436,up,-3.540081161190756e-05,0.0014016370987519622,-0.00019244721625000238,0.0008192934328690171,0.0023551606573164463,-0.00015745687414892018,-0.000644312531221658,-0.0007398213492706418,-0.0011057006195187569,-0.0017736097797751427,0.0005470826872624457,-0.002944312524050474,-0.0020308701787143946,-0.0038095414638519287,-0.0017752739368006587,-0.0018484010361135006,-0.0020609567873179913,-0.00036373906186781824,-0.00014975499652791768,0.00027682221843861043,-0.0016785352490842342,-7.38915623514913e-05,-0.0012201456120237708,0.0010894779115915298,0.0019160605734214187,0.0010639072861522436
NUE,21,2026-04-07 18:45:00+00:00,14:45,0.0010049085831269622,up,-0.007555908057838678,-0.006246048025786877,-0.009394900873303413,-0.004130936693400145,-0.004688190296292305,-0.006366615649312735,-0.00938595924526453,-0.007293776609003544,-0.005632732529193163,-0.005526842549443245,-0.0012335878564044833,-0.0011642830213531852,-8.94674303708598e-05,0.000902753381524235,0.0016507752006873488,-0.0008976202225312591,0.0020027507562190294,0.0031997147016227245,0.0010844862554222345,0.0016587584977969527,-0.0021471637301146984,-0.0033849182073026896,-0.004028560593724251,-0.0008198075229302049,-0.001835094066336751,0.0010049085831269622
LUV,21,2026-04-07 18:45:00+00:00,14:45,0.0009493393008597195,up,-0.017619477584958076,-0.013262196443974972,-0.01630968600511551,-0.013939806260168552,-0.01748036965727806,-0.016756081953644753,-0.019687164574861526,-0.0171086173504591,-0.01650875061750412,-0.012129506096243858,-0.011399278417229652,-0.008298581466078758,-0.005208909045904875,-0.0029359764885157347,-0.0019494728185236454,-0.0029923459514975548,-0.0006014148821122944,-0.0018412225181236863,-0.0023376208264380693,-0.0036834445782005787,-0.007899412885308266,-0.011129102669656277,-0.01211396511644125,-0.0031717056408524513,-0.008772834204137325,0.0009493393008597195
IBM,21,2026-04-07 18:45:00+00:00,14:45,0.0009039525757543743,up,-0.005438442341983318,-0.0019211695762351155,-0.005028915125876665,-0.0029708421789109707,-0.003544279607012868,-0.004669149871915579,-0.005441213026642799,-0.003970589023083448,-0.004655627533793449,-0.004117206670343876,-0.00017472032050136477,0.001419957377947867,-0.0006647025002166629,-0.0007532654562965035,-0.0011044149287045002,-0.0025001156609505415,-5.1443577831378207e-05,-0.00012767815496772528,9.176901949103922e-05,4.677052129409276e-05,-0.0008183425525203347,-0.0019470746628940105,-0.0017707862425595522,0.0029350442346185446,0.0013447905657812953,0.0009039525757543743
MAA,21,2026-04-07 18:45:00+00:00,14:45,0.0008994957897812128,up,-0.0017763215582817793,0.0005161100416444242,0.000961299694608897,0.0009383351425640285,0.004054177552461624,0.0019020034233108163,0.0008889100863598287,0.0022340896539390087,0.00462930416688323,0.004740613978356123,0.006654681172221899,0.005933242850005627,0.005568908993154764,0.004756918177008629,0.005239618010818958,0.0031741277780383825,0.005335712805390358,0.005232006311416626,0.003734566969797015,0.00425337627530098,0.002992260502651334,0.0007374915876425803,-0.0007520833751186728,0.001775005366653204,0.0005731210112571716,0.0008994957897812128
UAL,21,2026-04-07 18:45:00+00:00,14:45,0.0008972743526101112,up,-0.008395353332161903,-0.006119333673268557,-0.012056558392941952,-0.008868259377777576,-0.013030032627284527,-0.012454070150852203,-0.017924053594470024,-0.014044412411749363,-0.013722484931349754,-0.011536787264049053,-0.007713496219366789,-0.01051289588212967,-0.008648168295621872,-0.0035096595529466867,-0.0034167938865721226,-0.004187219310551882,-0.003722325898706913,-0.0059775542467832565,-0.007424345705658197,-0.006443446036428213,-0.0015205254312604666,-0.006403319537639618,-0.008091544732451439,0.0016481374623253942,-0.0006813067011535168,0.0008972743526101112
ECL,21,2026-04-07 18:45:00+00:00,14:45,0.0008683163905516267,up,0.0011211958480998874,0.0021018367260694504,0.0027279506903141737,0.0035018601920455694,0.002394110197201371,0.0019065995002165437,-0.003398688044399023,-0.0033670724369585514,-0.010010064579546452,-0.006658786907792091,-0.006124557927250862,-0.002628506626933813,-0.008694889023900032,-0.008905789814889431,-0.008810978382825851,-0.009968438185751438,-0.0062764426693320274,-0.006184224504977465,-0.008560855872929096,-0.004923590924590826,-0.007096101995557547,-0.008358174003660679,-0.005922264419496059,-0.001468239352107048,-0.005238642450422049,0.0008683163905516267
IDXX,21,2026-04-07 18:45:00+00:00,14:45,0.0007695822278037667,up,-0.0030273927841335535,-0.002886615926399827,-0.004111998248845339,-0.0019213142804801464,-0.005042858887463808,-0.004465359728783369,-0.00856653694063425,-0.008133023045957088,-0.009091561660170555,-0.008026990108191967,-0.0038708983920514584,-0.003426841227337718,-0.00229465845040977,-0.0020362441428005695,-0.003263699822127819,-0.0030299979262053967,-9.028029307955876e-05,-0.00018182414351031184,-0.0017728180391713977,-0.0022783223539590836,-0.0028204924892634153,-0.002181863412261009,-0.005007855594158173,-0.0009584492654539645,-0.0022436322178691626,0.0007695822278037667
VLTO,21,2026-04-07 18:45:00+00:00,14:45,0.0006936609279364347,up,-0.004029727540910244,-0.00167776586022228,-0.0028322834987193346,-0.00023181394499260932,-0.0008265349315479398,-0.004049120005220175,-0.007250573020428419,-0.0059858281165361404,-0.005219698417931795,-0.005263080820441246,-0.0029071250464767218,-0.002808115677908063,-0.0019139094511047006,-0.0007365060737356544,-0.0005890593165531754,-0.002171566942706704,0.0008619274594821036,-0.0007716084364801645,-0.0004595995706040412,-0.0002325370442122221,0.00017240477609448135,-0.0012736403150483966,-0.0028997387271374464,0.0022000111639499664,0.0011040024692192674,0.0006936609279364347
ZBH,21,2026-04-07 18:45:00+00:00,14:45,0.0006671753362752497,up,0.002162368968129158,0.0034909567330032587,0.002632004674524069,0.002610648050904274,0.002068193396553397,0.0013786164345219731,-0.0013506023678928614,-0.0012224699603393674,0.0007884667720645666,0.00023934742785058916,0.001442067208699882,0.0024422509595751762,0.0017889670561999083,0.0037324107252061367,0.004278209060430527,0.002975919982418418,0.007457364816218615,0.0069672223180532455,0.006281594280153513,0.00455828569829464,0.00513358972966671,0.005901207681745291,0.006688796449452639,0.009095576591789722,0.00368735590018332,0.0006671753362752497
AVB,21,2026-04-07 18:45:00+00:00,14:45,0.000652266782708466,up,-0.0015390077605843544,0.0035328282974660397,0.002065628068521619,0.002771789440885186,0.00477423844859004,0.0031779715791344643,0.0002603930770419538,0.0025992835871875286,0.004661546554416418,0.0026518269442021847,0.006383427418768406,0.005922054406255484,0.005067786667495966,0.0051812101155519485,0.004720879718661308,0.004225049167871475,0.0038481007795780897,0.004544656258076429,0.004160115960985422,0.004684556741267443,0.0032533982302993536,0.0004368840891402215,-0.0018244489328935742,0.000609358015935868,-0.0004220327828079462,0.000652266782708466
LNT,21,2026-04-07 18:45:00+00:00,14:45,0.0006281480891630054,up,0.004300758708268404,0.005933194421231747,0.005919209681451321,0.007831393741071224,0.010646997019648552,0.009621517732739449,0.004979854915291071,0.007189310621470213,0.007739653345197439,0.005303228739649057,0.007145501673221588,0.008199007250368595,0.006988864857703447,0.00803761649876833,0.0069279116578400135,0.006337909027934074,0.005947677884250879,0.005926286801695824,0.004152434412389994,0.005770468153059483,0.004875775892287493,0.004304483067244291,0.00436379574239254,0.006122142542153597,0.0028522664215415716,0.0006281480891630054
RL,21,2026-04-07 18:45:00+00:00,14:45,0.0005868516745977104,up,-0.00256045232526958,-0.0033061890862882137,-0.003390505677089095,0.002776156412437558,0.0008209313382394612,0.00041873770533129573,-0.005111446604132652,-0.0040735043585300446,-0.007843976840376854,-0.00734729366376996,-0.006374917458742857,-0.0070760720409452915,-0.007966507226228714,-0.006993097718805075,-0.006398677825927734,-0.008288895711302757,-0.005930365528911352,-0.0065475651063025,-0.01011563092470169,-0.007530180271714926,-0.0024594299029558897,-0.0031673347111791372,-0.003112587844952941,0.0008104921435005963,-0.0030501189175993204,0.0005868516745977104
MTB,21,2026-04-07 18:45:00+00:00,14:45,0.000565046037081629,up,-0.003954470157623291,-0.0010676061501726508,-0.0009886512998491526,0.0009435915853828192,0.0029279678128659725,0.0020259940065443516,-0.0015376777155324817,-0.0014068963937461376,-0.0018965380731970072,-0.0013698461698368192,-0.00033885263837873936,-0.0003672652237582952,-0.0008471074397675693,-0.0013635524082928896,3.0578165024053305e-05,-0.0007961829542182386,0.0016950524877756834,0.0005682076443918049,0.00021673408627975732,0.0005788251874037087,-0.0004280777648091316,-0.0023411039728671312,-0.0013630598550662398,0.0027121962048113346,0.0010133959585800767,0.000565046037081629
TT,21,2026-04-07 18:45:00+00:00,14:45,0.0005593664245679975,up,-0.005602781195193529,-0.004693177063018084,-0.006589454133063555,-0.0026228930801153183,-0.0022596209309995174,-0.002531928475946188,-0.005985559429973364,-0.006451830733567476,-0.00842321664094925,-0.005968582816421986,-0.0050042723305523396,-0.004518493544310331,-0.005931742023676634,-0.00434016901999712,-0.00690617086365819,-0.009237712249159813,-0.003140352899208665,-0.003193711629137397,-0.004956683609634638,-0.0048158252611756325,-0.0035801520571112633,-0.005232790485024452,-0.007447246927767992,-0.0037587028928101063,-0.0040523093193769455,0.0005593664245679975
L,21,2026-04-07 18:45:00+00:00,14:45,0.0005549003835767508,up,-0.00123721978161484,-0.0001676303509157151,-0.00040722129051573575,0.00018114031990990043,0.001636645756661892,-0.0006858651177026331,-0.0026314661372452974,-0.0017818969208747149,0.00037949904799461365,-0.0023682164028286934,0.0012390222400426865,0.0009411345236003399,0.0006851621437817812,0.0022770145442336798,0.0012141299666836858,0.0010692335199564695,0.0031525283120572567,0.0031879814341664314,0.000963166996371001,0.0012252185260877013,-0.00023923756089061499,-0.0016928453696891665,-0.0020575975067913532,0.0023117538075894117,8.533087384421378e-05,0.0005549003835767508
SPG,21,2026-04-07 18:45:00+00:00,14:45,0.00046330189798027277,up,0.0006616661557927728,0.0031611581798642874,0.0012898428831249475,0.003878312651067972,0.005336795933544636,0.004925516899675131,0.00023061371757648885,0.002070406451821327,0.001524944556877017,0.002325604669749737,0.0007552350871264935,0.0013236063532531261,0.0016694162040948868,0.0006915277917869389,0.0005673399427905679,0.0004879679763689637,0.0029684999026358128,0.0017713495763018727,0.0010519321076571941,0.0025983559899032116,-0.00019070091366302222,-0.001061688526533544,-0.004338650964200497,-0.0003409383643884212,-0.0019578589126467705,0.00046330189798027277
MET,21,2026-04-07 18:45:00+00:00,14:45,0.0004594388301484287,up,-0.0024694325402379036,0.0008704646024852991,-0.0006146400701254606,0.0030671909917145967,9.170523117063567e-05,-0.0014090633485466242,-0.006249964702874422,-0.002551865531131625,-0.00573281105607748,-0.005050443112850189,-0.002131496090441942,-0.0009664862882345915,0.0005556474206969142,0.0013660336844623089,0.00147284846752882,-0.00019728617917280644,0.0018460594583302736,0.0015529264928773046,0.0007380073075182736,0.00058291683671996,-0.0016174620250239968,-0.003156498307362199,-0.00364887248724699,0.001031258376315236,-0.000828597170766443,0.0004594388301484287
HCA,21,2026-04-07 18:45:00+00:00,14:45,0.00044350160169415176,up,0.003538699122145772,0.0027152434922754765,0.0025270050391554832,0.0018634399166330695,0.002859893487766385,0.0022426715586334467,0.00010870334517676383,-4.897573671769351e-05,-0.002363195177167654,9.965548815671355e-05,0.003451735246926546,0.0030531890224665403,0.0035904529504477978,0.0020561025012284517,0.0030270018614828587,0.004515015985816717,0.004874549340456724,0.005778063088655472,0.0043848976492881775,0.006505519617348909,0.00394730968400836,-0.0001691914803814143,-0.0021881726570427418,0.0034670094028115273,-0.00022660952527076006,0.00044350160169415176
SNPS,21,2026-04-07 18:45:00+00:00,14:45,0.0003942154871765524,up,-0.001947870128788054,0.0035262741148471832,-0.005800797138363123,-0.002331768162548542,-0.006285948678851128,-0.007346675265580416,-0.00953521765768528,-0.009953160770237446,-0.005643824581056833,-0.005069041159003973,-0.003272324101999402,-0.001704546855762601,-0.0024701314978301525,-0.0031278228852897882,-0.005296452436596155,-0.005906956270337105,0.0011749123223125935,0.0004079391364939511,-0.00744834216311574,-0.005812357645481825,-0.004327967297285795,-0.005997174885123968,-0.0009927714709192514,0.00025359546998515725,3.0499944841722026e-05,0.0003942154871765524
GEV,21,2026-04-07 18:45:00+00:00,14:45,0.00039304266101680696,up,-0.0057193320244550705,-0.006730101071298122,-0.010295530781149864,-0.004909881390631199,-0.0031398714054375887,-0.008012126199901104,-0.01191403903067112,-0.009084424935281277,-0.011427238583564758,-0.009423533454537392,-0.005743544083088636,-0.003834774950519204,-0.005521996878087521,-0.006038263440132141,-0.008167868480086327,-0.010403989814221859,-0.008625048212707043,-0.009851531125605106,-0.008127654902637005,-0.010681801475584507,-0.013683137483894825,-0.01747741736471653,-0.018478691577911377,-0.006909511052072048,-0.008917666971683502,0.00039304266101680696
FRT,21,2026-04-07 18:45:00+00:00,14:45,0.00038364314241334796,up,0.0005611229571513832,0.003332468681037426,0.003952872008085251,0.0038125577848404646,0.007949288934469223,0.008026940748095512,0.0068064588122069836,0.005918211303651333,0.007612689398229122,0.006733443588018417,0.00925919134169817,0.006889411248266697,0.006868977565318346,0.004307058174163103,0.004680559504777193,0.00452651409432292,0.005747407209128141,0.0048329890705645084,0.004451716784387827,0.0044074649922549725,0.003803224302828312,0.0021586096845567226,0.0015743772964924574,0.004129340872168541,0.0018980612512677908,0.00038364314241334796
NDAQ,21,2026-04-07 18:45:00+00:00,14:45,0.0002555278188083321,up,-0.0075895763002336025,-0.0031127133406698704,-0.00517786992713809,-0.0037222488317638636,-0.002767536323517561,-0.004887961316853762,-0.008070609532296658,-0.008048144169151783,-0.007821032777428627,-0.010094359517097473,-0.006034888327121735,-0.0047954679466784,-0.005095269531011581,-0.0024222873616963625,-0.001591354957781732,-0.003353989450260997,-0.000927872839383781,-0.0011843133252114058,-0.001626166864298284,-0.0022378370631486177,-0.0028786221519112587,-0.004585225600749254,-0.0043085552752017975,0.0008527489262633026,9.510258678346872e-05,0.0002555278188083321
VST,21,2026-04-07 18:45:00+00:00,14:45,0.0002160288713639602,up,-0.005126733798533678,-0.003128079464659095,-0.01027003489434719,-0.00817982479929924,-0.007913115434348583,-0.009464177303016186,-0.00892532616853714,-0.006836696062237024,-0.006605382077395916,-0.006096453871577978,-0.005363652016967535,-0.004233744461089373,-0.004199594724923372,-0.004840255714952946,-0.0029923797119408846,-0.0061189173720777035,-0.0023775456938892603,-0.001151017495431006,-0.0005262750200927258,-0.0002854125341400504,-0.0025604786351323128,-0.0031018133740872145,-0.0004762251046486199,0.00047818408347666264,0.000398660427890718,0.0002160288713639602
SBAC,21,2026-04-07 18:45:00+00:00,14:45,0.00020317012968007475,up,-0.010897166095674038,-0.013591631315648556,-0.01584467478096485,-0.007797705940902233,-0.013953299261629581,-0.01578519679605961,-0.02038201503455639,-0.01763054169714451,-0.01886618137359619,-0.01986987143754959,-0.01768314279615879,-0.016263587400317192,-0.017925191670656204,-0.01831882819533348,-0.016659976914525032,-0.012400105595588684,-0.014409046620130539,-0.017166297882795334,-0.013700800947844982,-0.008682654239237309,-0.012207231484353542,-0.016624948009848595,-0.010285494849085808,-0.0059075504541397095,-0.0041504125110805035,0.00020317012968007475
MRNA,21,2026-04-07 18:45:00+00:00,14:45,0.00019153357425238937,up,-0.013467741198837757,-0.009099720045924187,-0.012250527739524841,-0.011098519898951054,-0.012936951592564583,-0.015216642059385777,-0.016090640798211098,-0.015510540455579758,-0.011510814540088177,-0.01136593334376812,-0.00826733373105526,-0.007949638180434704,-0.003164855996146798,-0.004685409367084503,-0.004248664248734713,-0.006926329806447029,-0.0035192195791751146,-0.0025268173776566982,-0.0049187312833964825,-0.005826725624501705,-0.005059353541582823,-0.00952192209661007,-0.00869283452630043,-0.003575021168217063,-0.005756150931119919,0.00019153357425238937
AXP,21,2026-04-07 18:45:00+00:00,14:45,0.0001773716212483123,up,0.0018940599402412772,0.0024029691703617573,0.0029789386317133904,0.004050622694194317,0.002928556175902486,0.0010647053131833673,0.0011742921778932214,0.0015597466845065355,0.0008488156599923968,-0.0006862440495751798,0.0020249844528734684,0.0013960286742076278,0.002688933862373233,0.0019910847768187523,0.001603179145604372,0.0005983693990856409,0.0012687064008787274,-0.0007820845348760486,-0.000457385292975232,-0.00026697383145801723,0.0007721349829807878,-0.003562154481187463,-0.0025870674289762974,-0.0009783573914319277,-0.0032900276128202677,0.0001773716212483123
WM,21,2026-04-07 18:45:00+00:00,14:45,0.00017730526451487094,up,-0.0027617381419986486,-0.001436186139471829,-0.0007732717785984278,0.0009471859666518867,0.0013113470049574971,-3.075479617109522e-05,-0.0012873889645561576,-0.0020606026519089937,-0.0018536635907366872,-0.0015727740246802568,-0.0010437165619805455,-0.0020265711937099695,-0.0019123106030747294,-0.002165207639336586,-0.00238627172075212,-0.0022103446535766125,-0.0020291893742978573,-0.00023991720809135586,-0.0007228243630379438,0.00023429474094882607,-0.0013988885330036283,-0.0022799824364483356,-0.0025038316380232573,0.00048472630442120135,-0.0005572221125476062,0.00017730526451487094
TSLA,21,2026-04-07 18:45:00+00:00,14:45,0.00017033866606652737,up,-0.011073603294789791,-0.019675234332680702,-0.02735782228410244,-0.02661731466650963,-0.02728935144841671,-0.0312473326921463,-0.02762480266392231,-0.030077315866947174,-0.02799391560256481,-0.028882399201393127,-0.026142215356230736,-0.021874723955988884,-0.019086036831140518,-0.015029853209853172,-0.016316797584295273,-0.018646270036697388,-0.017057642340660095,-0.015284133143723011,-0.018128536641597748,-0.014298402704298496,-0.018599126487970352,-0.021991455927491188,-0.021951694041490555,-0.016420379281044006,-0.013441688381135464,0.00017033866606652737
NWSA,21,2026-04-07 18:45:00+00:00,14:45,0.00015265325782820582,up,0.0004589102463796735,0.0019896342419087887,0.002056172350421548,0.001251014182344079,0.0010214800713583827,-0.0005246864166110754,0.0001260081335203722,0.0013546403497457504,0.0013547708513215184,0.0009312508627772331,0.0017584762535989285,0.002573568606749177,0.002610237570479512,0.003008392406627536,0.0024818540550768375,0.001903568860143423,0.0026354866567999125,0.0022871969267725945,0.0024999366141855717,0.0031665361020714045,0.001284526428207755,0.0002655846474226564,2.407124702585861e-05,0.0017195239197462797,-9.977674199035391e-05,0.00015265325782820582
WELL,21,2026-04-07 18:45:00+00:00,14:45,0.00014153610391076654,up,-0.0039001558907330036,-0.0008044663700275123,-0.001678893226198852,0.0008728469838388264,0.002651248825713992,0.0018751401221379638,0.0001957235945155844,0.0016244149301201105,0.002258645137771964,0.0020290790125727654,0.0033873640932142735,0.003164142370223999,0.0033162289764732122,0.0028888743836432695,0.0021805381402373314,0.003416621359065175,0.004060068633407354,0.0032766005024313927,0.0035818687174469233,0.0038303739856928587,0.0014739434700459242,-0.0010298076085746288,-0.001137029961682856,0.0010461158817633986,0.00020151393255218863,0.00014153610391076654
CME,21,2026-04-07 18:45:00+00:00,14:45,0.00010869264951907098,up,-0.0012160377809777856,0.0011654195841401815,0.0020705759525299072,0.002703536069020629,0.004724864847958088,0.0024247169494628906,0.0014545237645506859,0.0009788385359570384,-0.0001668867189437151,0.001388716627843678,0.002917426871135831,0.0024506240151822567,0.003068656427785754,0.004966324660927057,0.0024011139757931232,0.00021558643493335694,0.001109784934669733,0.0005112537182867527,-0.001147089060395956,-0.0005786263500340283,0.0003883020835928619,-0.003080241847783327,-0.004581817425787449,-0.001539101474918425,-0.0009118372690863907,0.00010869264951907098
FTV,21,2026-04-07 18:45:00+00:00,14:45,6.666827539447695e-05,up,-0.0018395028309896588,0.001822878373786807,-7.61190176490345e-06,0.0016584561672061682,0.0028364977333694696,0.0010144333355128765,0.00021381376427598298,0.0005470297182910144,0.0006569471443071961,0.001367092365399003,0.00303194229491055,0.002894074423238635,0.00341572193428874,0.0033418890088796616,0.002814429346472025,0.0016407963121309876,0.004084818530827761,0.0031034634448587894,0.003054280998185277,0.003068377962335944,0.0008428965811617672,-0.0007942629745230079,-0.0004387948429211974,0.0010263988515362144,-0.0008620144217275083,6.666827539447695e-05
URI,21,2026-04-07 18:45:00+00:00,14:45,4.898913175566122e-06,up,-0.00611481349915266,-0.0050837029702961445,-0.007509817834943533,-0.005068921484053135,-0.007938524708151817,-0.006573047488927841,-0.00955522432923317,-0.007352865766733885,-0.009153274819254875,-0.007845048792660236,-0.005951036233454943,-0.003951701335608959,-0.0030348552390933037,-0.0033497349359095097,-0.004144502338021994,-0.0034965293016284704,-0.0008095343946479261,-0.0016486183740198612,-0.003962088841944933,-0.002748435828834772,-0.0035647661425173283,-0.00444623501971364,-0.0046655661426484585,-0.0025049676187336445,-0.0036313289310783148,4.898913175566122e-06
PNW,21,2026-04-07 18:45:00+00:00,14:45,5.364531716622878e-07,up,0.002028472488746047,0.0027425389271229506,0.0031142740044742823,0.002494370797649026,0.007312463130801916,0.007356442976742983,0.005885843653231859,0.0035562687553465366,0.00585162453353405,0.004078446421772242,0.0057671465910971165,0.004720200318843126,0.00370533368550241,0.00300558446906507,0.003436766332015395,0.00364161329343915,0.003030747640877962,0.004112579394131899,0.0033375201746821404,0.003889325074851513,0.0033928833436220884,0.001567593077197671,0.0006576827727258205,0.00257688551209867,0.0008806920377537608,5.364531716622878e-07
DECK,21,2026-04-07 18:45:00+00:00,14:45,4.5905380829935893e-08,up,-0.0016916064778342843,0.0014037523651495576,-0.00559993227943778,-0.0041828881949186325,-0.006669642869383097,-0.006885591894388199,-0.00897714588791132,-0.007802982348948717,-0.008098628371953964,-0.0076176500879228115,-0.006886644754558802,-0.005960781127214432,-0.0034233545884490013,0.00041576821240596473,-0.001842181314714253,-0.004224848933517933,0.00015067425556480885,0.00032285580527968705,-0.0018382591661065817,-0.0016973933670669794,-0.004912019241601229,-0.009538216516375542,-0.011163025163114071,-0.0029716375283896923,-0.008913988247513771,4.5905380829935893e-08
GWW,21,2026-04-07 18:45:00+00:00,14:45,-3.59140794898849e-05,down,-0.0060432408936321735,-0.0036355063784867525,-0.006747094448655844,-0.003227774752303958,-0.0023580535780638456,-0.004354042932391167,-0.004757148213684559,-0.0046095591969788074,-0.006505144294351339,-0.00609184056520462,-0.002766402205452323,-0.0013309292262420058,-0.0016459489706903696,-0.002770516788586974,-0.002824686234816909,-0.003737188410013914,-0.0010787125211209059,1.53852415678557e-05,-0.0002655565331224352,-0.0007647130987606943,-0.0008729263790883124,-0.002244178904220462,-0.0032783790957182646,-0.0009665533434599638,-0.003321642056107521,-3.59140794898849e-05
ITW,21,2026-04-07 18:45:00+00:00,14:45,-7.12015462340787e-05,down,-0.0025119276251643896,2.5525017917971127e-05,-0.0010361005552113056,-0.0009153155260719359,0.0013074781745672226,-0.0010064445668831468,-0.0038862950168550014,-0.002003869041800499,2.252474587294273e-05,-0.00025155884213745594,0.0019422369077801704,0.0010455475421622396,-0.0004957503406330943,-0.00010216718510491773,0.0013716131215915084,0.0008962302817963064,0.0033963602036237717,0.0029929163865745068,0.0028841535095125437,0.0023847566917538643,0.0007628173916600645,-0.0006407328182831407,-0.0010200130054727197,0.0025397781282663345,-0.0015940956072881818,-7.12015462340787e-05
STE,21,2026-04-07 18:45:00+00:00,14:45,-9.889410284813493e-05,down,0.0010341440793126822,0.003011097200214863,0.0016590043669566512,0.003337978618219495,0.0026027108542621136,0.0016159190563485026,-0.003183382796123624,-0.002232431899756193,-0.0011886435095220804,-0.002254336839541793,-0.0014615774853155017,-0.0013175338972359896,-0.0006430912180803716,-0.0004689857305493206,0.00047030451241880655,-0.0011908048763871193,0.0023174267262220383,0.0014285075012594461,0.0025014423299580812,0.0012052417732775211,0.001563972677104175,0.0008897616062313318,-0.0009631003485992551,0.0011875805212184787,-0.0009257366764359176,-9.889410284813493e-05
PHM,21,2026-04-07 18:45:00+00:00,14:45,-9.894990944303572e-05,down,-0.0047540850937366486,-0.0013095540925860405,-0.00341201713308692,-0.001075905398465693,-0.001641946961171925,-0.0038432180881500244,-0.012268085964024067,-0.008524538017809391,-0.00951142143458128,-0.010436443611979485,-0.005432924721390009,-0.0033331115264445543,-0.0011694907443597913,-0.0015874013770371675,-0.0031185823027044535,-0.003029544372111559,-0.001744867884553969,0.00020064313139300793,-0.0012482128804549575,-0.0032439471688121557,-0.0023863562382757664,-0.005278066266328096,-0.0017869517905637622,0.001295155961997807,-0.002638410311192274,-9.894990944303572e-05
JCI,21,2026-04-07 18:45:00+00:00,14:45,-0.00010561190720181912,down,-0.010793465189635754,-0.006665122229605913,-0.010473717004060745,-0.008228648453950882,-0.006684136111289263,-0.006746447645127773,-0.009187322109937668,-0.008746607229113579,-0.009626833721995354,-0.006287098862230778,-0.00585141871124506,-0.006100776139646769,-0.0029500871896743774,-0.0022694177459925413,-0.0033062854781746864,-0.004104603081941605,0.00025318138068541884,0.0009208457195200026,-0.001069272868335247,-0.0013323471648618579,-0.001368403434753418,-0.004944442305713892,-0.004190350882709026,0.001049133250489831,-0.0004881040658801794,-0.00010561190720181912
ES,21,2026-04-07 18:45:00+00:00,14:45,-0.00010748647036962211,down,0.0026065255515277386,0.004120234400033951,0.004558619577437639,0.005522569175809622,0.00720053818076849,0.006690261885523796,0.004367923364043236,0.004072224255651236,0.004206037148833275,0.0038013462908566,0.006485855672508478,0.005319793708622456,0.003915505949407816,0.004518296103924513,0.00459598284214735,0.004128085449337959,0.005630188155919313,0.006008529104292393,0.005433094687759876,0.0054037501104176044,0.003725899849087,0.002552448771893978,0.0016274472000077367,0.0038847853429615498,0.0007111755548976362,-0.00010748647036962211
TAP,21,2026-04-07 18:45:00+00:00,14:45,-0.00010866846423596144,down,-0.0024208389222621918,-0.0023635923862457275,-0.0037852053064852953,0.0007251921342685819,-0.0007496151374652982,-0.005167985334992409,-0.005437302403151989,-0.004972065798938274,-0.006675736978650093,-0.004782417789101601,-0.0016122055239975452,-0.0010835836874321103,0.0007043804507702589,4.4689266360364854e-05,-0.0020404711831361055,-0.003294419962912798,-0.0008290976984426379,-0.0030600756872445345,-0.0037483228370547295,-0.0010529864812269807,-0.0035021095536649227,-0.006448366213589907,-0.006257721688598394,-0.000951151829212904,-0.0031235048081725836,-0.00010866846423596144
PLTR,21,2026-04-07 18:45:00+00:00,14:45,-0.00013214799400884658,down,-0.012145191431045532,-0.008245113305747509,-0.01760002225637436,-0.012690935283899307,-0.017609821632504463,-0.014937466941773891,-0.013379412703216076,-0.012079141102731228,-0.010034400969743729,-0.0105592617765069,-0.006820096168667078,-0.007764155976474285,-0.009455968625843525,-0.008926291950047016,-0.007706698961555958,-0.01260017603635788,-0.006648922339081764,-0.004338207188993692,-0.006695173215121031,-0.005457531660795212,-0.006712045520544052,-0.008471470326185226,-0.0057362462393939495,-0.0031997589394450188,-0.003255206625908613,-0.00013214799400884658
ED,21,2026-04-07 18:45:00+00:00,14:45,-0.00022410816745832562,down,0.0014003678224980831,0.005934597924351692,0.007197064813226461,0.0074278488755226135,0.011027153581380844,0.009768975898623466,0.007623910903930664,0.0052581108175218105,0.007007616572082043,0.0048359110951423645,0.005797365680336952,0.005565705243498087,0.004386967048048973,0.004338395316153765,0.005359072703868151,0.005866903346031904,0.004664153791964054,0.005663576535880566,0.005006883759051561,0.005715257488191128,0.005078474525362253,0.003092696890234947,0.0032239591237157583,0.004582141991704702,0.001838385360315442,-0.00022410816745832562
TKO,21,2026-04-07 18:45:00+00:00,14:45,-0.00028680646209977567,down,-0.0032102568075060844,-0.0037392666563391685,-0.0054115476086735725,-0.004386563319712877,-0.010140636004507542,-0.011687514372169971,-0.01217836793512106,-0.008676002733409405,-0.008093297481536865,-0.006090890150517225,-0.00878818053752184,-0.005914358422160149,-0.007291023153811693,-0.00692901574075222,-0.0068331528455019,-0.009112639352679253,-0.007696323096752167,-0.010644149035215378,-0.009142311289906502,-0.009353123605251312,-0.007244332227855921,-0.010754110291600227,-0.011060482822358608,-0.003031352534890175,-0.004749625455588102,-0.00028680646209977567
WBD,21,2026-04-07 18:45:00+00:00,14:45,-0.00032562969136051834,down,-0.0012177533935755491,0.0009141516638919711,-0.00019249077013228089,-0.000881632324308157,0.0008732686401344836,0.0007969219004735351,0.001431172015145421,0.0011173193342983723,0.00024325898266397417,7.544803520431742e-05,-6.572836718987674e-05,-0.0004338780418038368,-0.0010385807836428285,-0.0010134882759302855,4.438595351530239e-05,0.0001250356581294909,-0.0010046828538179398,-0.0008627973147667944,-0.0005798121565021574,0.0003596652240958065,-3.623727025114931e-05,-0.000544089125469327,-0.0014002659590914845,-0.0002246148360427469,-0.0027153133414685726,-0.00032562969136051834
STT,21,2026-04-07 18:45:00+00:00,14:45,-0.000335105782141909,down,-0.003514248179271817,0.002509534824639559,0.0022333681117743254,0.005380028858780861,0.0041498239152133465,0.0018925840267911553,0.0002730747510213405,0.00022529507987201214,0.00011923422425752506,-0.0016350969672203064,0.001743247383274138,0.0021528222132474184,-0.00027855063672177494,-0.0016017210436984897,0.0006560629699379206,0.0018052527448162436,9.402892465004697e-05,0.002371130045503378,0.0004377166915219277,0.0013992695603519678,0.0015560344327241182,-0.0011816028272733092,-0.00016615778440609574,0.0003625501412898302,-0.0008246933575719595,-0.000335105782141909
APP,21,2026-04-07 18:45:00+00:00,14:45,-0.0003375317610334605,down,-0.010292482562363148,-0.010132105089724064,-0.02348186820745468,-0.015405870042741299,-0.02236626110970974,-0.024250611662864685,-0.02610715478658676,-0.02100389264523983,-0.016001716256141663,-0.017349889501929283,-0.010422475636005402,-0.008559263311326504,-0.006728219799697399,-0.025231128558516502,-0.026030853390693665,-0.02895825356245041,-0.03200060874223709,-0.020793791860342026,-0.034216806292533875,-0.02663317695260048,-0.024926990270614624,-0.017934957519173622,-0.014575524255633354,-8.329715637955815e-05,-0.005212371703237295,-0.0003375317610334605
AME,21,2026-04-07 18:45:00+00:00,14:45,-0.0003883520548697561,down,-0.0008176805567927659,0.0012947394279763103,-0.002098322380334139,0.0008987949113361537,0.0011865129927173257,-0.0006904936162754893,-0.0015925235347822309,-0.0007011661655269563,-0.0016727530164644122,-0.0028048332314938307,-0.0004956542397849262,-0.0005944002186879516,-0.0009145080693997443,-0.000750343780964613,0.00018070594524033368,-9.798543032957241e-05,0.003291105153039098,0.0025637049693614244,0.0015881212893873453,0.0010824021883308887,-0.000995130860246718,-0.0030555962584912777,-0.0023402259685099125,0.0001675321109360084,-0.002310717711225152,-0.0003883520548697561
BLK,21,2026-04-07 18:45:00+00:00,14:45,-0.0004742850724142045,down,-0.006216292269527912,-0.003330095438286662,-0.005467776674777269,-0.001371546764858067,-0.0026260747108608484,-0.0036568837240338326,-0.006162191275507212,-0.0042537664994597435,-0.00563759496435523,-0.004107349552214146,-0.0008005630224943161,-0.00016406802751589566,0.0011503079440444708,0.0009668648126535118,0.0004274264501873404,-0.0003688507713377476,0.002959181321784854,0.0022906602825969458,0.0016562124947085977,0.0001549159933347255,-0.002537983236834407,-0.002426909515634179,-0.0023705107159912586,0.0003793954092543572,-0.002072579925879836,-0.0004742850724142045
BIIB,21,2026-04-07 18:45:00+00:00,14:45,-0.0005090258782729506,down,-0.008530047722160816,-0.00560271879658103,-0.010229351930320263,-0.011162987910211086,-0.009548584930598736,-0.010312373749911785,-0.012064344249665737,-0.011917179450392723,-0.00860437098890543,-0.00782774481922388,-0.004879153333604336,-0.003221130697056651,-0.003016014350578189,-0.004381449893116951,-0.005712449550628662,-0.004941599443554878,-0.0027487606275826693,-0.0027942147571593523,-0.005885276012122631,-0.0053392453119158745,-0.006100334692746401,-0.007866905070841312,-0.007265451364219189,-0.0077387685887515545,-0.008901573717594147,-0.0005090258782729506
HSY,21,2026-04-07 18:45:00+00:00,14:45,-0.0005444942507892847,down,-0.006898853927850723,-0.0035749729722738266,-0.0038177911192178726,-0.0037148375995457172,-0.003203535219654441,-0.005198966711759567,-0.008525718934834003,-0.0070521775633096695,-0.004701623693108559,-0.0030285408720374107,0.0013100452488288283,-8.514151704730466e-05,-0.0005558565608225763,-0.0007723345188423991,-7.44475401006639e-05,0.0007548953290097415,0.001891555031761527,0.002512620761990547,0.0013669258914887905,0.002032916061580181,0.0005441990797407925,-7.272927177837119e-05,-0.0015996898291632533,-0.0002730829000938684,-0.0012970102252438664,-0.0005444942507892847
PWR,21,2026-04-07 18:45:00+00:00,14:45,-0.0005588334752246737,down,-0.0038111915346235037,-0.004074662923812866,-0.008220568299293518,-0.004423683509230614,-0.004390044137835503,-0.005258077755570412,-0.008014691062271595,-0.00466150650754571,-0.008020540699362755,-0.004742228891700506,-0.004227010998874903,-0.0013600855600088835,-0.00029731864924542606,-0.00011879988596774638,-6.216249312274158e-05,-0.0034577897749841213,4.4695007090922445e-05,0.0002588176866993308,-0.0006595062441192567,-0.0025473993737250566,-0.00411811750382185,-0.00717211002483964,-0.005258677992969751,-0.0019371110247448087,-0.0031442386098206043,-0.0005588334752246737
EW,21,2026-04-07 18:45:00+00:00,14:45,-0.0005592915113084018,down,-0.002078218152746558,0.00046998803736642003,-0.003479366423562169,-0.0002372695889789611,-0.0020981591660529375,-0.0015847637550905347,-0.004683021921664476,-0.0023635586258023977,-0.0014620641013607383,-0.0010878568282350898,0.000777051376644522,-0.00040619922219775617,0.0006679242360405624,0.0005028864834457636,0.0008451031753793359,0.00039150973316282034,0.003430503187701106,0.001523822546005249,0.0012388067552819848,0.0009628540719859302,0.00115938950330019,-0.0010228595929220319,-0.0017366001848131418,0.0016819385346025229,-0.0017342555802315474,-0.0005592915113084018
MA,21,2026-04-07 18:45:00+00:00,14:45,-0.000640517333522439,down,-0.0051391273736953735,-0.0031652108300477266,-0.0054883332923054695,-0.0030517426785081625,-0.004139905329793692,-0.004738622345030308,-0.006214513443410397,-0.004731996450573206,-0.006902005057781935,-0.005443573463708162,0.00030054053058847785,-0.0014443304389715195,-6.900645530549809e-06,-0.0008997463155537844,-0.0013005106011405587,-0.0020362643990665674,0.0005235083517618477,-0.0007478616898879409,0.0016274646623060107,0.0016058001201599836,0.001880439929664135,-0.0003620855277404189,-0.0011468000011518598,0.0008030725293792784,-0.00015616726886946708,-0.000640517333522439
DLR,21,2026-04-07 18:45:00+00:00,14:45,-0.000684309983626008,down,-0.004728411789983511,-0.0016639978857710958,-0.004389530513435602,-0.0010883704526349902,-6.815634696977213e-05,-0.0008246440556831658,-0.003824773710221052,-0.0022511729039251804,-0.00048170305672101676,-0.0007322292658500373,0.0008033729973249137,0.0004932566662319005,0.0003156704769935459,0.0006633742596022785,0.0012108031660318375,-0.0006260710651986301,0.002763796364888549,0.002863401547074318,0.0021968656219542027,0.0013307903427630663,-0.00026597606483846903,-0.0024369254242628813,-0.004399447236210108,0.0003205098328180611,-0.0018530242377892137,-0.000684309983626008
TDG,21,2026-04-07 18:45:00+00:00,14:45,-0.0007601114339195192,down,-0.007502714637666941,-0.005791338626295328,-0.006422093138098717,-0.004322188440710306,-0.0048953513614833355,-0.006583909038454294,-0.0075453948229551315,-0.006687771063297987,-0.009741195477545261,-0.008341437205672264,-0.0036045559681952,-0.004113730508834124,-0.0036549228243529797,-0.00254693697206676,-0.003997171297669411,-0.004384728614240885,-0.0010386757785454392,-0.0017187112243846059,-0.00039603555342182517,-0.0002648749214131385,-0.0013471725396811962,-0.0012563435593619943,-0.002366382395848632,-9.19094673008658e-05,-0.0016722826985642314,-0.0007601114339195192
CRL,21,2026-04-07 18:45:00+00:00,14:45,-0.0007978168432600796,down,-0.0009798561222851276,-7.909839769126847e-05,0.0002578052517492324,-0.0009206097456626594,-0.002931749913841486,-0.0006331016775220633,-0.0029872695449739695,-0.0024880466517060995,-0.0015508596552535892,-0.0039301346987485886,-0.0023713307455182076,-0.00021081388695165515,-0.00042717179167084396,-0.0006170353153720498,-0.0005046967417001724,-0.0017060005338862538,8.220753807108849e-05,0.00017006727284751832,-0.002289065858349204,-0.00016200220852624625,-0.0012502925237640738,-0.0020561693236231804,-0.004367667715996504,0.0013273126678541303,0.00019405700732022524,-0.0007978168432600796
PFE,21,2026-04-07 18:45:00+00:00,14:45,-0.0007990517769940197,down,-0.012008855119347572,-0.008719254285097122,-0.012742147780954838,-0.007839254103600979,-0.00348807405680418,-0.005846948828548193,-0.008993477560579777,-0.011174377985298634,-0.012000042013823986,-0.014290428720414639,-0.013179033994674683,-0.00895687472075224,-0.005726035684347153,-0.005095486994832754,-0.004939364735037088,-0.0054163564927875996,-0.0061281300149858,-0.00529980193823576,-0.005804626736789942,-0.005734586156904697,-0.005884232465177774,-0.012823433615267277,-0.010705170221626759,-0.004995440132915974,-0.004571846220642328,-0.0007990517769940197
DG,21,2026-04-07 18:45:00+00:00,14:45,-0.0008788422564975917,down,-0.00047336341231130064,0.004167553037405014,-0.0014342298964038491,0.001571023603901267,-0.002117832889780402,-0.004558187909424305,-0.006006175186485052,-0.004221911542117596,-0.0037146233953535557,-0.005272208247333765,-0.002902104053646326,-0.00040519837057217956,-0.0005989803466945887,-2.5940084015019238e-05,-0.0013642320409417152,-0.0012809409527108073,0.00014695958816446364,0.0030150162056088448,-0.001067673321813345,-0.002148023573681712,-0.001212244969792664,-0.0034460709430277348,-0.0007009744876995683,0.0017260375898331404,-0.0005906529841013253,-0.0008788422564975917
EXC,21,2026-04-07 18:45:00+00:00,14:45,-0.0009201580542139709,down,-8.138216799125075e-05,0.0040308889001607895,0.0038983074482530355,0.003185229143127799,0.003522715764120221,0.003745592897757888,0.0014008228899911046,-0.0005153354140929878,0.002260895911604166,0.0009225059184245765,0.003226121421903372,0.0018613311694934964,0.000997553113847971,0.002423079451546073,0.0013426108052954078,0.0010618597734719515,0.002631185343489051,0.0029352642595767975,0.0030001583509147167,0.002591405063867569,0.0021013838704675436,-0.00045420683454722166,-0.0009204397210851312,0.002813465427607298,0.00043170677963644266,-0.0009201580542139709
NSC,21,2026-04-07 18:45:00+00:00,14:45,-0.0009589979890733957,down,-0.0010114343604072928,0.00017784231749828905,0.0018526710337027907,0.003674959298223257,0.00576904509216547,0.00484682759270072,0.0027899572160094976,0.001330612925812602,0.001442369306460023,-0.00010550773004069924,0.0027156148571521044,0.002291077747941017,0.0021119441371411085,0.001790676498785615,0.0007790409144945443,-0.0003436886763665825,0.0007175206555984914,0.0015600624028593302,0.0012143325293436646,0.0008982026483863592,0.0013838578015565872,-0.000780401867814362,-0.003769806819036603,-0.00029714504489675164,-0.0026487037539482117,-0.0009589979890733957
AJG,21,2026-04-07 18:45:00+00:00,14:45,-0.0009823089931160212,down,-0.0032955226488411427,-0.0009820560226216912,-0.0014762443024665117,-0.0014741674531251192,-0.002146233106032014,-0.0016445693327113986,-0.0057412851601839066,-0.0046877930872142315,-0.005922525189816952,-0.005547673441469669,-0.004179658833891153,-0.0023129021283239126,-0.0029578099492937326,-0.000657502852845937,-0.0019170601153746247,-0.0024236373137682676,-0.0016627638833597302,-0.0018727529095485806,-0.0030715055763721466,-0.003415727522224188,-0.003173429984599352,-0.004727277904748917,-0.005213586147874594,0.0012547075748443604,-0.0021529877558350563,-0.0009823089931160212
CMS,21,2026-04-07 18:45:00+00:00,14:45,-0.0009985195938497782,down,-0.0001813525304896757,0.0008941417909227312,6.804601434851065e-05,0.0020424744579941034,0.0036745795514434576,0.001700865221209824,-0.0005415093037299812,0.0006677765632048249,1.8254049791721627e-06,-0.0013877236051484942,0.001948920194990933,0.001613042433746159,0.0011710523394867778,0.0013533189194276929,-2.9264154363772832e-05,-0.00047804697533138096,0.0002904481953009963,0.0008047601440921426,0.002271624282002449,0.0015910242218524218,-0.0010123964166268706,-0.0032695659901946783,-0.0042162020690739155,0.00022568251006305218,-0.0011962694115936756,-0.0009985195938497782
ICE,21,2026-04-07 18:45:00+00:00,14:45,-0.0010040350025519729,down,-0.005852514877915382,-0.0034207382705062628,-0.0031528740655630827,-0.0012667669216170907,0.0009404924931004643,-0.0005851643509231508,-0.004384884610772133,-0.004357099533081055,-0.0033559356816112995,-0.0017128782346844673,0.00033782105310820043,0.0016655699582770467,-0.0011681338073685765,-0.00012451539805624634,-0.0003930082020815462,-0.0020065968856215477,-0.0014925355790182948,-0.0015361527912318707,-0.0012905672192573547,-0.0013905935920774937,-0.0013786207418888807,-0.003947022836655378,-0.0028174971230328083,-0.0011986340396106243,-0.0004499501083046198,-0.0010040350025519729
SYF,21,2026-04-07 18:45:00+00:00,14:45,-0.0010125634726136923,down,-0.004653931595385075,-0.0019369440851733088,-0.004751126281917095,-0.0025184762198477983,-0.002299627522006631,-0.000548447307664901,-0.00487037468701601,-0.004203569609671831,-0.00717358710244298,-0.006960888858884573,-0.004978894256055355,-0.00496543338522315,-0.0031589558348059654,-0.0005343538941815495,-0.0005893876659683883,-0.00273484387435019,-0.0003242462989874184,-0.002271717879921198,-0.0021980847232043743,-0.0016314818058162928,-0.002418518764898181,-0.0017868418944999576,-0.004262767266482115,-3.9229169487953186e-05,-0.0024301500525325537,-0.0010125634726136923
EG,21,2026-04-07 18:45:00+00:00,14:45,-0.0010528197744861245,down,-0.0005844822153449059,0.0023907071445137262,0.0007712613441981375,0.002681146841496229,0.0044451141729950905,0.001258073840290308,-0.0001578472729306668,-0.0017261399189010262,-0.0023068301379680634,-0.0033424452412873507,1.4689217096020002e-06,0.00040587998228147626,-0.0005841105012223125,-0.00035405191010795534,-0.0010459449840709567,-0.0017513444181531668,0.000624773558229208,0.0012312373146414757,0.00013426400255411863,-3.675827611004934e-05,0.00028434948762878776,-0.002594243036583066,-0.003711175173521042,-2.7989215595880523e-05,-0.0018329204758629203,-0.0010528197744861245
TRGP,21,2026-04-07 18:45:00+00:00,14:45,-0.0011175244580954313,down,-0.0008428984438069165,-0.002188459038734436,-0.0016877481248229742,-0.0003448099014349282,-0.0024665321689099073,-0.0024677813053131104,0.002137613482773304,0.003036818467080593,0.0009733099723234773,0.004700226243585348,0.010683252476155758,0.009188787080347538,0.004823723807930946,0.006688387598842382,0.0078056976199150085,0.006801488343626261,0.006711876019835472,0.00667797215282917,0.003229317720979452,0.006960789207369089,0.0032156798988580704,0.002730569103732705,0.002813996048644185,0.0066497246734797955,0.0011357007315382361,-0.0011175244580954313
MCO,21,2026-04-07 18:45:00+00:00,14:45,-0.0011617540149018168,down,-0.007853849790990353,-0.007251867093145847,-0.006808657199144363,-0.0037665553390979767,-0.008737740106880665,-0.008299130946397781,-0.00924534723162651,-0.011384935118258,-0.01141686923801899,-0.011344299651682377,-0.008797960355877876,-0.007061144802719355,-0.00789472833275795,-0.008449132554233074,-0.008598857559263706,-0.009113622829318047,-0.007242637220770121,-0.005876258946955204,-0.00854555144906044,-0.007989998906850815,-0.0037079867906868458,-0.008108960464596748,-0.0076450989581644535,-0.003593424567952752,-0.005175298545509577,-0.0011617540149018168
WDAY,21,2026-04-07 18:45:00+00:00,14:45,-0.0012680107029154897,down,-0.009116724133491516,-0.005458586849272251,-0.013919772580265999,-0.009225650690495968,-0.012222935445606709,-0.01567123457789421,-0.018608443439006805,-0.015163041651248932,-0.011178206652402878,-0.011463155038654804,-0.0058764205314219,-0.004348554648458958,-0.00396694615483284,-0.004918861668556929,-0.00465974910184741,-0.0038573723286390305,-0.002837494947016239,-0.00021576481231022626,-0.002812532940879464,-0.0036466687452048063,-0.0025744603481143713,-0.00495675066486001,-0.004525103606283665,-0.0006475764675997198,-0.00211312691681087,-0.0012680107029154897
ABNB,21,2026-04-07 18:45:00+00:00,14:45,-0.00128251186106354,down,-0.006608108524233103,0.0015483275055885315,-0.004491900559514761,-0.003276617033407092,-0.005001625511795282,-0.007881038822233677,-0.011530084535479546,-0.010749809443950653,-0.009383436292409897,-0.012251670472323895,-0.007984858006238937,-0.008359313942492008,-0.0057104104198515415,-0.0026330824475735426,-0.005701927933841944,-0.0072419969365000725,-0.0046686893329024315,-0.004308628384023905,-0.005794224329292774,-0.008317731320858002,-0.007830044254660606,-0.00941818580031395,-0.007683756295591593,-0.0003036573762074113,-0.0016023038187995553,-0.00128251186106354
AMT,21,2026-04-07 18:45:00+00:00,14:45,-0.0013314965181052685,down,-0.0090494928881526,-0.0037409523501992226,-0.008008741773664951,-0.004273651633411646,-0.008548719808459282,-0.008248142898082733,-0.010801801458001137,-0.007075651083141565,-0.006645364221185446,-0.005489434581249952,-0.003201463259756565,-0.00212258193641901,-0.002172317821532488,-0.0023078969679772854,-0.0033113998360931873,-0.0044557577930390835,0.0013292039511725307,-0.0004717232659459114,-0.002791498089209199,-0.0026171712670475245,-0.002241933485493064,-0.004959648009389639,-0.004194360692054033,-0.00020269956439733505,-0.002006410388275981,-0.0013314965181052685
DOW,21,2026-04-07 18:45:00+00:00,14:45,-0.0013644020073115826,down,0.00011099327821284533,0.0009678571950644255,-0.005915154702961445,-0.0012915909755975008,-0.006388162728399038,-0.00938765425235033,-0.012402459047734737,-0.012778152711689472,-0.010641802102327347,-0.009215893223881721,-0.004811681807041168,-0.00170330295804888,-0.003325036261230707,-0.0027710204012691975,0.0002233427221653983,-0.0025534373708069324,-0.004454363603144884,-0.005904748570173979,-0.006773802917450666,-0.008650647476315498,-0.007699900772422552,-0.009853745810687542,-0.007535174023360014,-0.0034160190261900425,-0.004688537213951349,-0.0013644020073115826
DOV,21,2026-04-07 18:45:00+00:00,14:45,-0.0013697308022528887,down,-0.0061332592740654945,-0.002183252014219761,-0.0036041794810444117,-0.002386481501162052,-0.0021510720252990723,-0.003345771925523877,-0.008603901602327824,-0.006775250658392906,-0.007156689185649157,-0.0056124343536794186,-0.003801702754572034,-0.004267760086804628,-0.004055100027471781,-0.003568404819816351,-0.0012202440993860364,-0.000656262447591871,0.0021532131358981133,0.0003383094153832644,-0.0005638226284645498,-0.0015321469400078058,-0.0037363176234066486,-0.004321359097957611,-0.004846665076911449,-0.004145514219999313,-0.0036840904504060745,-0.0013697308022528887
TMO,21,2026-04-07 18:45:00+00:00,14:45,-0.001406715833581984,down,-0.006574834696948528,-0.005535370670258999,-0.009139420464634895,-0.0072513120248913765,-0.006121608894318342,-0.007242321968078613,-0.010345669463276863,-0.008818591944873333,-0.00933382660150528,-0.009428299963474274,-0.008622998371720314,-0.007750506047159433,-0.008143667131662369,-0.0056854961439967155,-0.007003473117947578,-0.006261926610022783,-0.0035270366352051497,-0.0035758737940341234,-0.005359037779271603,-0.005431395955383778,-0.006562382914125919,-0.007913841865956783,-0.0073765539564192295,-0.004471409134566784,-0.003872405271977186,-0.001406715833581984
NDSN,21,2026-04-07 18:45:00+00:00,14:45,-0.0014391328440979123,down,2.6029310902231373e-06,0.0006567834643647075,0.0017080644611269236,0.003345237812027335,0.0037349225021898746,0.001892555388621986,-0.0001628301979508251,0.0004532566526904702,-0.0016607367433607578,-0.001067382050678134,-0.0007755346596240997,0.002097875578328967,0.000630016322247684,0.002119467593729496,0.0014220898738130927,-0.001019874238409102,0.0029316444415599108,0.0004162323020864278,0.00042341952212154865,-0.0012378444662317634,0.00010195076174568385,-0.0025627987924963236,-0.0025115362368524075,-0.0006298537482507527,-0.0015641815261915326,-0.0014391328440979123
PFG,21,2026-04-07 18:45:00+00:00,14:45,-0.001564673613756895,down,-0.005159512162208557,-0.002797208959236741,-0.003762455191463232,-0.002153404289856553,-0.003340981202200055,-0.002830656711012125,-0.008941775187849998,-0.0074157011695206165,-0.007626229897141457,-0.009118336252868176,-0.007286573760211468,-0.006987922824919224,-0.005158783867955208,-0.0028211071621626616,-0.004813382867723703,-0.004669348243623972,-0.0030837873928248882,-0.0021892874501645565,-0.00408897502347827,-0.0028544270899146795,-0.004273026715964079,-0.004361898638308048,-0.002885335125029087,0.002210109494626522,-0.0004035602614749223,-0.001564673613756895
IQV,21,2026-04-07 18:45:00+00:00,14:45,-0.0015841515269130468,down,-0.0047754584811627865,-0.0012009580386802554,-0.008253226988017559,-0.00546041177585721,-0.006437699310481548,-0.0065988232381641865,-0.01166218426078558,-0.008485187776386738,-0.007773153949528933,-0.010594693012535572,-0.007221100386232138,-0.007152326870709658,-0.008504213765263557,-0.004326868802309036,-0.005610826890915632,-0.006368235684931278,-0.006251850165426731,-0.006305362563580275,-0.00811285525560379,-0.008514417335391045,-0.007219370454549789,-0.00806603766977787,-0.00802647415548563,-0.00286647817119956,-0.005001751706004143,-0.0015841515269130468
CDW,21,2026-04-07 18:45:00+00:00,14:45,-0.0015854713274165988,down,-0.0030982031021267176,-0.000501874543260783,-0.0028686202131211758,-0.001428334740921855,-0.0035561569966375828,-0.004542351700365543,-0.005069809500128031,-0.0021190133411437273,-0.0015215001767501235,-0.0026349963154643774,-0.0019632820039987564,-0.001272091525606811,-0.0010800458258017898,-0.0012426458997651935,-0.0005789025453850627,-0.001080282498151064,0.00215538265183568,0.0031350296922028065,-0.0007012528367340565,-0.00031374621903523803,-0.0022660293616354465,-0.0028609682340174913,-0.002881620777770877,-0.0003106797521468252,-0.00324415136128664,-0.0015854713274165988
ROP,21,2026-04-07 18:45:00+00:00,14:45,-0.001597945112735033,down,-0.0030897122342139482,-0.0013721134746447206,-0.0031696741934865713,-0.0010558749781921506,0.0002648077788762748,-0.001301082782447338,-0.0021373105701059103,-0.002263774164021015,-0.0014027180150151253,-0.002422901103273034,-0.0001839802134782076,-0.0002500240516383201,-0.0007122996030375361,-0.0010994935873895884,-0.001188426511362195,-0.0028635351918637753,-0.0008906589937396348,-0.00043814576929435134,-0.001383307739160955,-0.0010050184791907668,-0.00116143433842808,-0.002773839747533202,-0.0033868011087179184,-0.0006838199333287776,-0.002592172473669052,-0.001597945112735033
STZ,21,2026-04-07 18:45:00+00:00,14:45,-0.001634835614822805,down,-0.005639579612761736,-0.002497700974345207,-0.006266260519623756,-0.006394342053681612,-0.004234316758811474,-0.007314149755984545,-0.0070696668699383736,-0.009090851061046124,-0.00894878152757883,-0.010074091143906116,-0.006504463963210583,-0.006458369083702564,-0.007888824678957462,-0.0076120286248624325,-0.008272224105894566,-0.007727396208792925,-0.006527474150061607,-0.006628538016229868,-0.006877758540213108,-0.004638006445020437,-0.00446873065084219,-0.005521296989172697,-0.005746779032051563,-0.0017043434781953692,-0.0006683371029794216,-0.001634835614822805
MTD,21,2026-04-07 18:45:00+00:00,14:45,-0.0016846505459398031,down,-0.003694381332024932,-0.0018123609479516745,-0.004316515289247036,-0.0013037393800914288,-0.003923430107533932,-0.005404997151345015,-0.009098531678318977,-0.006483419332653284,-0.007619073614478111,-0.007353330962359905,-0.005235475488007069,-0.00477479537948966,-0.00427804421633482,-0.003489309921860695,-0.00453242426738143,-0.004887123126536608,-0.002646844368427992,-0.0045110625214874744,-0.004355165641754866,-0.00501088984310627,-0.007137316279113293,-0.007002413272857666,-0.008030222728848457,-0.004017564933747053,-0.005296998657286167,-0.0016846505459398031
GD,21,2026-04-07 18:45:00+00:00,14:45,-0.0017332775751128793,down,-0.0070312791503965855,-0.003307501319795847,-0.006370462477207184,-0.003303514327853918,-0.002311313757672906,-0.004299222957342863,-0.006676128134131432,-0.008136726915836334,-0.009743458591401577,-0.010232200846076012,-0.007853004150092602,-0.0063603827729821205,-0.006576620042324066,-0.005693674553185701,-0.00571280624717474,-0.007203821558505297,-0.005159570835530758,-0.005033786874264479,-0.0058098952285945415,-0.004855001345276833,-0.004176127724349499,-0.007261307444423437,-0.008856963366270065,-0.00532127171754837,-0.005743022076785564,-0.0017332775751128793
PCAR,21,2026-04-07 18:45:00+00:00,14:45,-0.0017944051651284099,down,-0.004174438305199146,-0.0022591296583414078,-0.002956242300570011,-0.002662902232259512,-0.0004309341893531382,-0.0024322601966559887,-0.004773964174091816,-0.004368832800537348,-0.004341589752584696,-0.005383998621255159,-0.00318560260348022,-0.0020822924561798573,-0.004280194640159607,-0.006289278622716665,-0.002708981279283762,-0.0034367339685559273,-0.0022964528761804104,-0.002095369389280677,-0.003794245421886444,-0.0020858601201325655,-0.004945972468703985,-0.00545980129390955,-0.004190370906144381,0.00014563392323907465,-0.0014413438038900495,-0.0017944051651284099
PPL,21,2026-04-07 18:45:00+00:00,14:45,-0.0018145499052479863,down,0.001290018786676228,0.00029564014403149486,0.0002819041255861521,0.0028048160020262003,0.002500648610293865,0.001966329989954829,-0.00044747936772182584,-0.0012211207067593932,-0.0014115864178165793,-0.002431036438792944,0.00014259203453548253,-0.0015463767340406775,-0.0004610470205079764,-0.0008625385235063732,-0.0015020152786746621,-0.0008816194022074342,-0.0002766672696452588,0.00037637469358742237,0.001232336973771453,0.0020575018133968115,0.0005995391984470189,-0.0012949644587934017,-0.000885403947904706,0.0013887633103877306,0.00045633394620381296,-0.0018145499052479863
BK,21,2026-04-07 18:45:00+00:00,14:45,-0.001820988254621625,down,-0.003915595356374979,-0.0014127744361758232,-0.0033463495783507824,0.0003250456938985735,0.00014728707901667804,-0.003283645259216428,-0.004171459935605526,-0.002529786666855216,-0.0022434433922171593,-0.0028184312395751476,-0.0005263445200398564,-0.0003327351878397167,0.00043633911991491914,-0.0022497358731925488,-0.0017526875017210841,-0.0022070803679525852,-0.0010538202477619052,0.0003078498411923647,-0.0011469877790659666,-0.0014373507583513856,-0.002790664555504918,-0.004517437890172005,-0.004413954447954893,-0.0020922599360346794,-0.0009460541186854243,-0.001820988254621625
ISRG,21,2026-04-07 18:45:00+00:00,14:45,-0.0018475610995665193,down,-0.007798508275300264,-0.005442583933472633,-0.006740591023117304,-0.002774229273200035,-0.004140758421272039,-0.00643257237970829,-0.006501226685941219,-0.0055473786778748035,-0.004458004608750343,-0.006171487271785736,-0.001575798261910677,-0.001592982211150229,-0.003300826996564865,-0.0031157173216342926,-0.002700673183426261,-0.0040404340252280235,-3.400236528250389e-05,-0.0003918399743270129,-0.0014808892738074064,-0.0025693587958812714,-0.0031910515390336514,-0.003928373567759991,-0.004892023745924234,-0.0025150396395474672,-0.00366794690489769,-0.0018475610995665193
AON,21,2026-04-07 18:45:00+00:00,14:45,-0.0018486977787688375,down,-0.008422434329986572,-0.006723521277308464,-0.010738655924797058,-0.008784494362771511,-0.009066415950655937,-0.011318890377879143,-0.011856069788336754,-0.012082763016223907,-0.013319998979568481,-0.013033686205744743,-0.008622843772172928,-0.0074555655010044575,-0.009531610645353794,-0.00914622750133276,-0.009613939560949802,-0.009248976595699787,-0.006554195191711187,-0.006439725402742624,-0.007109353318810463,-0.0055360812693834305,-0.0048343827947974205,-0.007583918981254101,-0.008298809640109539,-0.00410142308101058,-0.00554515840485692,-0.0018486977787688375
XYL,21,2026-04-07 18:45:00+00:00,14:45,-0.0019115196773782372,down,-0.002990530803799629,-0.0007016606978140771,0.0002243097551399842,0.0020144626032561064,0.002684185514226556,-0.0005298511241562665,-0.002680168254300952,-0.0012125978246331215,-0.0019807862117886543,-0.0031838160939514637,-0.0007101340452209115,0.0006807485478930175,-0.00038360676262527704,-0.00026552469353191555,-0.00048431058530695736,-0.000753286643885076,-0.0003784389409702271,0.0020485026761889458,0.0017478953814134002,0.0008872903999872506,-0.0019448697566986084,-0.004762176889926195,-0.004966616630554199,0.000874968187417835,8.494957000948489e-06,-0.0019115196773782372
UNP,21,2026-04-07 18:45:00+00:00,14:45,-0.0019291209755465388,down,-0.005002534948289394,-0.0016982846427708864,-0.004463718738406897,-0.002255209255963564,-0.002081389771774411,-0.0022281843703240156,-0.004483359400182962,-0.003698413260281086,-0.004940830171108246,-0.004998878110200167,-0.0020869264844805002,-0.000750392151530832,-0.0019470526603981853,-0.0015741100069135427,-0.002320778090506792,-0.0023222723975777626,-0.0006056547863408923,-0.0018417213577777147,-0.0008533376967534423,0.0005499146645888686,0.00042924974695779383,-0.002055186778306961,-0.0031708567403256893,-0.0035899460781365633,-0.004218310117721558,-0.0019291209755465388
MSCI,21,2026-04-07 18:45:00+00:00,14:45,-0.0019450461259111762,down,-0.004070798400789499,-0.0019073168514296412,-0.0026187035255134106,-0.00014110810298006982,-0.00040730932960286736,-0.0010453426511958241,-0.0042091296054422855,-0.004901504144072533,-0.004836887586861849,-0.003957653418183327,-0.003008499275892973,-0.0019114710157737136,-0.001482008839957416,-0.0015658928314223886,-0.001991136232391,-0.0027597073931246996,-0.001461327774450183,-0.001826782594434917,-0.003420625114813447,-0.0034764420706778765,-0.005501478910446167,-0.0055352733470499516,-0.003984712064266205,-0.0011906037107110023,-0.003466340247541666,-0.0019450461259111762
PLD,21,2026-04-07 18:45:00+00:00,14:45,-0.0019701572600752115,down,-0.0010771899251267314,0.0009601560304872692,-0.0012220422504469752,0.00011652488319668919,0.0014615405816584826,0.0005597692215815187,-0.001077354303561151,-0.0012897694250568748,0.00029134799842722714,-0.0016051273560151458,-0.0002857574727386236,0.0007250214111991227,0.0005276077426970005,-0.0011027276050299406,-0.0028220859821885824,-0.002176284557208419,-0.001844246406108141,0.0007325048791244626,0.0005047839949838817,0.0005006979336030781,-0.0020164018496870995,-0.002055509714409709,-0.0031997528858482838,0.001120212720707059,-0.002042855601757765,-0.0019701572600752115
RF,21,2026-04-07 18:45:00+00:00,14:45,-0.0019992205779999495,down,-0.0095189418643713,-0.0007636889931745827,-0.004846634808927774,-0.0016614432679489255,-0.0009930221131071448,0.00046766462037339807,-0.0037410834338515997,-0.0030030645430088043,-0.0056307679042220116,-0.007538853213191032,-0.006097325123846531,-0.006738543510437012,-0.005310683976858854,-0.00545098539441824,-0.005013561341911554,-0.005431243684142828,-0.003371160477399826,-0.004334272351115942,-0.004373771138489246,-0.0032160491682589054,-0.0037433744873851538,-0.006289037875831127,-0.006433540489524603,-0.0032576972153037786,-0.0029819358605891466,-0.0019992205779999495
ROL,21,2026-04-07 18:45:00+00:00,14:45,-0.002026030095294118,down,-0.0023971658665686846,-5.253704875940457e-05,0.0016823607729747891,0.003057109657675028,0.004184815566986799,0.004817436449229717,0.0008832711610011756,-0.0009002930019050837,0.0013097054325044155,-0.0006136627052910626,0.00018889375496655703,0.0017850955482572317,-0.001721302978694439,-0.0020669365767389536,-0.00030314503237605095,-0.0015864692395552993,-0.0013439396861940622,-0.0007732794620096684,-0.00046895744162611663,0.00042106126784347,0.0007776523707434535,0.00029058230575174093,-0.0016088956035673618,0.0010272779036313295,0.0016424618661403656,-0.002026030095294118
ADP,21,2026-04-07 18:45:00+00:00,14:45,-0.0020483944099396467,down,-0.007708294317126274,-0.0027549322694540024,-0.002386599313467741,-0.0027882668655365705,-0.0025694535579532385,-0.004003436770290136,-0.008095442317426205,-0.005899482406675816,-0.0023969453759491444,-0.0004575680650305003,0.0025711373891681433,0.0016527706757187843,0.002319433493539691,0.001153998775407672,0.0019397849682718515,0.0012744946870952845,0.004812318366020918,0.005654478445649147,0.004841807298362255,0.0035326285287737846,0.0009180938359349966,0.000933447852730751,-0.0019952976144850254,0.0012623590882867575,-0.0023698434233665466,-0.0020483944099396467
ACGL,21,2026-04-07 18:45:00+00:00,14:45,-0.002098596189171076,down,-1.9906585293938406e-05,0.0019732152577489614,0.0012718872167170048,0.0023263110779225826,0.0046968283131718636,0.002449948340654373,-4.932006049784832e-05,0.0008148002671077847,0.0010734960669651628,0.0013385494239628315,0.0033331995364278555,0.003923860378563404,0.0033967311028391123,0.00290441676042974,0.003410116769373417,0.002486160257831216,0.002811711747199297,0.002958094934001565,0.002564897295087576,0.002595052355900407,0.001985487062484026,0.0006454711547121406,0.00045601691817864776,0.002656014636158943,0.00027914345264434814,-0.002098596189171076
IRM,21,2026-04-07 18:45:00+00:00,14:45,-0.002140821423381567,down,-0.004593058489263058,-0.004602030385285616,-0.002131054876372218,-0.0014114277437329292,-0.0014917179942131042,-0.002445230260491371,-0.007287173066288233,-0.003319192910566926,-0.003950894344598055,-0.004984353668987751,-0.004797522444278002,-0.0037619806826114655,-0.00298321433365345,-0.002220637397840619,-0.003962741233408451,-0.0029417178593575954,-0.0024795355275273323,-0.0017144957091659307,-0.003229099093005061,-0.002705259481444955,-0.003684381488710642,-0.002753571607172489,-0.0035834060981869698,-0.0036263256333768368,-0.00552335986867547,-0.002140821423381567
GRMN,21,2026-04-07 18:45:00+00:00,14:45,-0.002165811602026224,down,-0.002458984265103936,-0.0005754604353569448,-0.005110342521220446,-0.0025172315072268248,-0.0053930566646158695,-0.006732391659170389,-0.009809087961912155,-0.006164745427668095,-0.006256667897105217,-0.006134727504104376,-0.004614075180143118,-0.0037804837338626385,-0.005052890162914991,-0.0034465924836695194,-0.0030437444802373648,-0.0038146753795444965,-0.002490166574716568,-0.004049630369991064,-0.0045213112607598305,-0.003443448804318905,-0.002280388493090868,-0.003748753108084202,-0.003981215879321098,0.0006202617078088224,-0.004755945410579443,-0.002165811602026224
LRCX,21,2026-04-07 18:45:00+00:00,14:45,-0.0021814857609570026,down,-0.005767895840108395,-0.0090239392593503,-0.013684202916920185,-0.01196870394051075,-0.01781940832734108,-0.01736987568438053,-0.019942574203014374,-0.015998046845197678,-0.014778656885027885,-0.009550265036523342,-0.004163146484643221,-0.0027211180422455072,-0.0036877470556646585,-0.004179554060101509,-0.005749505944550037,-0.008603988215327263,-0.007090367376804352,-0.005453688092529774,-0.005481840576976538,-0.004532265942543745,-0.0037494071293622255,-0.0079710828140378,-0.010373285971581936,-0.005537879187613726,-0.008710368536412716,-0.0021814857609570026
PNC,21,2026-04-07 18:45:00+00:00,14:45,-0.002201917814090848,down,-0.009638466872274876,-0.0043487269431352615,-0.005043795797973871,-0.0029869319405406713,-0.0012844393495470285,-0.000743142853025347,-0.005039793439209461,-0.004246984142810106,-0.005294222384691238,-0.004702758975327015,-0.004529512021690607,-0.004618554841727018,-0.0045532239601016045,-0.0030702552758157253,-0.0010560898808762431,-0.0013146604178473353,-0.00012224738020449877,-0.0014562640571966767,-0.001167172216810286,-0.0009956109570339322,-0.0010341393062844872,-0.0028895814903080463,-0.002508860547095537,-0.0006400704733096063,-0.0020414749160408974,-0.002201917814090848
LHX,21,2026-04-07 18:45:00+00:00,14:45,-0.002244893228635192,down,-0.005607600789517164,-0.004236841574311256,-0.006355603691190481,-0.0037927241064608097,-0.0020880363881587982,-0.0041707223281264305,-0.005462193861603737,-0.005056497175246477,-0.006401820573955774,-0.005687186494469643,-0.003909248858690262,-0.003426689887419343,-0.002774739870801568,-0.0040418836288154125,-0.0036405674181878567,-0.0042894636280834675,-0.0038070902228355408,-0.002664679428562522,-0.004885800648480654,-0.0029903161339461803,-0.0038134711794555187,-0.005641363561153412,-0.007233608514070511,-0.003959816414862871,-0.004931461066007614,-0.002244893228635192
WAT,21,2026-04-07 18:45:00+00:00,14:45,-0.002247491618618369,down,2.8848171496065333e-07,0.00010503656085347757,-0.0007148633012548089,-6.473948451457545e-05,-0.002476126654073596,-0.0027336259372532368,-0.0054304650984704494,-0.003630455583333969,-0.002941636834293604,-0.003217019373551011,-0.00047473114682361484,0.0005813983734697104,0.0022300458513200283,0.0019699418917298317,0.0003712293109856546,-0.0005749057745561004,0.0018463102169334888,0.000562966160941869,-0.00013575982302427292,-0.00031427419162355363,-0.0006844917661510408,-0.0030951218213886023,-0.004584452137351036,0.00034659792436286807,-0.0029689078219234943,-0.002247491618618369
BKR,21,2026-04-07 18:45:00+00:00,14:45,-0.00231602368876338,down,0.004389374516904354,0.0011885768035426736,-0.0027203618083149195,-0.004269558936357498,-0.004959884565323591,-0.006159691140055656,-0.009798787534236908,-0.005683373659849167,-0.0067353155463933945,-0.0046917228028178215,-0.003091479418799281,-0.004559789318591356,-0.003924859222024679,-0.006337170954793692,-0.003195731434971094,-0.004316994454711676,-0.0013104001991450787,-0.00096126674907282,-0.002011434640735388,-0.0036966924089938402,-0.0027088697534054518,-0.00462681706994772,-0.004711636807769537,-0.0030039772391319275,-0.00722338305786252,-0.00231602368876338
WAB,21,2026-04-07 18:45:00+00:00,14:45,-0.0023264954797923565,down,-0.0031120178755372763,0.0034774704836308956,0.0016410471871495247,0.0028244773857295513,0.004560329485684633,0.004149611573666334,-8.070798503467813e-05,0.0013443671632558107,-0.00032948923762887716,-0.00035084638511762023,0.0011539362603798509,0.0002239613822894171,-0.00040335493395105004,0.0010708244517445564,-0.0007685887976549566,-0.0005783133092336357,0.0006099619204178452,-0.00021910396753810346,-0.0021081750746816397,-0.0012429162161424756,-0.002857956336811185,-0.004206635057926178,-0.007325309328734875,-0.0034904126077890396,-0.0071972948499023914,-0.0023264954797923565
BDX,21,2026-04-07 18:45:00+00:00,14:45,-0.0023514474742114544,down,-0.0018864467274397612,-0.0003580960910767317,-0.0018945542396977544,-0.0006266481359489262,0.0006200620555318892,-0.0024642294738441706,-0.0057709431275725365,-0.004547225311398506,-0.0035979091189801693,-0.0033329578582197428,-0.0023567776661366224,-0.0016005664365366101,-0.002585071139037609,-0.0022864555940032005,-0.0022624137345701456,-0.0025498687755316496,-0.0019185615237802267,-0.001656349515542388,-0.0019916705787181854,-0.002656092867255211,-0.0034720541443675756,-0.00410250760614872,-0.00513710081577301,-0.0020665773190557957,-0.0068958294577896595,-0.0023514474742114544
WY,21,2026-04-07 18:45:00+00:00,14:45,-0.0023591001518070698,down,-0.005802834406495094,-0.0009921578457579017,-0.00021394266514107585,-0.0019349833019077778,-0.003242293605580926,-0.004449529107660055,-0.00439120177179575,-0.00487193139269948,-0.00366145558655262,-0.0058653163723647594,-0.0056199487298727036,-0.004582018591463566,-0.004547570366412401,-0.0025640344247221947,-0.0027291972655802965,-0.00443241884931922,-0.0020560112316161394,-0.004460777156054974,-0.003775874152779579,-0.0017444107215851545,-0.002883880166336894,-0.005182368215173483,-0.006009208504110575,-0.000986694823950529,-0.0015373503556475043,-0.0023591001518070698
AEE,21,2026-04-07 18:45:00+00:00,14:45,-0.0023625304456800222,down,-0.0012751221656799316,-0.0019339130958542228,-0.00036316472687758505,0.0007061806973069906,0.004465856589376926,0.0035850645508617163,0.0016201252583414316,6.520987517433241e-05,0.0013604098930954933,0.000446971389465034,0.0029505128040909767,0.0018880001734942198,0.0018054594984278083,0.00166578299831599,0.002191295614466071,0.0015942187746986747,0.0023805424571037292,0.0016793071990832686,0.0011323780054226518,0.0007706466130912304,0.0005522776045836508,-0.001465363777242601,-0.0016246391460299492,0.0019131079316139221,0.0005889962194487453,-0.0023625304456800222
RTX,21,2026-04-07 18:45:00+00:00,14:45,-0.0023659777361899614,down,-0.005220073275268078,-0.0018480282742530107,-0.0031785061582922935,-0.00032491597812622786,0.000626533932518214,-0.0012693575117737055,-0.003441152162849903,-0.0034800178837031126,-0.003958661574870348,-0.0037468140944838524,-0.0015331110917031765,-0.0020464344415813684,-0.0009428288321942091,-0.0015998078742995858,-0.002240807982161641,-0.001302745658904314,0.0005287303356453776,-0.000291716365609318,-0.001914624241180718,-0.0007922783843241632,-0.0034714103676378727,-0.00468300748616457,-0.004354961682111025,-0.002610966330394149,-0.0024351736065000296,-0.0023659777361899614
SBUX,21,2026-04-07 18:45:00+00:00,14:45,-0.002385235158726573,down,-0.003585411934182048,-0.007190852425992489,-0.007105941418558359,-0.005612038541585207,-0.0021426717285066843,-0.004659778904169798,-0.006507495883852243,-0.0059205214492976665,-0.010273334570229053,-0.006534195505082607,-0.005071335006505251,-0.00700081791728735,-0.006466287653893232,-0.003917015623301268,-0.004119536839425564,-0.0049708131700754166,-0.009350104257464409,-0.007379239425063133,-0.006376464385539293,-0.0043357922695577145,-0.007810941431671381,-0.008634058758616447,-0.010528242215514183,-0.00417258171364665,-0.0082248505204916,-0.002385235158726573
LMT,21,2026-04-07 18:45:00+00:00,14:45,-0.002448548562824726,down,-0.004690726287662983,-0.0025740645360201597,-0.005652962252497673,-0.0024742335081100464,-0.002159640658646822,-0.0040708621963858604,-0.005457316059619188,-0.005300565622746944,-0.007442504167556763,-0.006666186731308699,-0.004332726821303368,-0.003248742315918207,-0.004553813021630049,-0.00438991654664278,-0.00450044684112072,-0.005464242771267891,-0.005989783443510532,-0.005093573126941919,-0.006015583872795105,-0.005003342870622873,-0.0036807230208069086,-0.008096925914287567,-0.006647572387009859,-0.004468009807169437,-0.005656793713569641,-0.002448548562824726
DOC,21,2026-04-07 18:45:00+00:00,14:45,-0.0024697876069694757,down,0.0011126543395221233,-0.0012062937021255493,0.0018339548259973526,-0.00036145286867395043,0.008785349316895008,0.0013578094076365232,0.0002971806679852307,-0.0035930145531892776,-0.002639039885252714,-0.0026706079952418804,0.004492869134992361,0.001969654578715563,0.0038534572813659906,0.0039361570961773396,0.0008286962984129786,0.0019567208364605904,0.004297439008951187,0.004702485166490078,0.0026313269045203924,0.003674374893307686,0.00030758310458622873,0.0005133745144121349,-0.004383146297186613,0.0024437420070171356,-0.00632854038849473,-0.0024697876069694757
PTC,21,2026-04-07 18:45:00+00:00,14:45,-0.002506771357730031,down,-0.0027874859515577555,0.001144933863542974,-0.0028619898948818445,-0.002091483911499381,-0.004307774361222982,-0.00626276945695281,-0.009362702257931232,-0.006583929527550936,-0.004501786082983017,-0.006637410260736942,-0.0038807587698101997,-0.003400905756279826,-0.0019701102282851934,-0.0010367311770096421,-0.003554827766492963,-0.0038781906478106976,-0.001496586948633194,-0.001735999365337193,-0.005370714236050844,-0.005012405104935169,-0.0046953847631812096,-0.0061552696861326694,-0.0044263992458581924,-0.0028361515142023563,-0.0037449493538588285,-0.002506771357730031
LEN,21,2026-04-07 18:45:00+00:00,14:45,-0.0025899384636431932,down,-0.0028997522313147783,0.005793290212750435,0.0016986886039376259,0.00488904258236289,0.0034775156527757645,0.0007641662377864122,-0.005937577225267887,-0.0005999890272505581,0.0023839278146624565,-0.0014109036419540644,0.00016750504437368363,-0.0031660334207117558,-0.001310365041717887,-0.0003384632873348892,-0.0022826651111245155,-0.0037241131067276,-0.0007835684227757156,-0.002237214706838131,0.002564846072345972,-0.00031469156965613365,-0.0036344872787594795,-0.008842588402330875,-0.00951287243515253,-0.0016887889942154288,-0.00332884443923831,-0.0025899384636431932
WEC,21,2026-04-07 18:45:00+00:00,14:45,-0.0025923321954905987,down,-0.003054320113733411,-0.0023482178803533316,-0.0015275109326466918,-0.0012790337204933167,0.0014999228296801448,-0.0010620628017932177,-0.0022023278288543224,-0.002386026084423065,-0.0014011845923960209,-0.001476397505030036,0.0014277048176154494,0.001074662315659225,0.001039115828461945,0.0009710012236610055,0.0003471345698926598,0.00036428196472115815,0.0008142024162225425,-7.189535244833678e-05,-0.00011320513294776902,-0.0001163165143225342,-0.0011041481047868729,-0.004226548597216606,-0.004376347176730633,0.000379315169993788,-0.001214747317135334,-0.0025923321954905987
DD,21,2026-04-07 18:45:00+00:00,14:45,-0.0027268710546195507,down,-0.004669687245041132,-0.0033003301359713078,-0.004500610753893852,-0.0033792932517826557,-0.003695382736623287,-0.006326214876025915,-0.007918727584183216,-0.008419079706072807,-0.009929271414875984,-0.006806354038417339,-0.003151527838781476,-0.004765731282532215,-0.0029895296320319176,-0.0031219071242958307,-0.004999147262424231,-0.0047871749848127365,-0.0026280300226062536,-0.004664324689656496,-0.00531171727925539,-0.0035017014015465975,-0.0029089751187711954,-0.006436388473957777,-0.005853704176843166,-0.002364683197811246,-0.0041925376281142235,-0.0027268710546195507
FDX,21,2026-04-07 18:45:00+00:00,14:45,-0.002746080281212926,down,-0.005095680709928274,-0.003274885704740882,-0.006790240295231342,-0.0035742309410125017,-0.0032938094809651375,-0.006205457262694836,-0.007159488275647163,-0.00606598611921072,-0.00750068249180913,-0.006627360824495554,-0.003311715554445982,-0.0024315209593623877,-0.002332425443455577,-0.0015167118981480598,-0.0030969236977398396,-0.003934681415557861,-0.0017573528457432985,-0.00225662044249475,-0.0031332748476415873,-0.0024479052517563105,-0.0034710154868662357,-0.006166595034301281,-0.007444050628691912,-0.0030693141743540764,-0.004349643364548683,-0.002746080281212926
MSI,21,2026-04-07 18:45:00+00:00,14:45,-0.002747011138126254,down,-0.005821924656629562,-0.0018840929260477424,-0.004423236940056086,-0.0021841905545443296,-0.00468723988160491,-0.0061610667034983635,-0.009553971700370312,-0.009472637437283993,-0.00805975217372179,-0.006092929281294346,-0.004266773816198111,-0.003938693553209305,-0.005766815040260553,-0.004253583960235119,-0.004915677476674318,-0.0058172643184661865,-0.004424670711159706,-0.00424535758793354,-0.0058467029593884945,-0.004923929460346699,-0.004750347230583429,-0.00512365996837616,-0.00505277793854475,-0.0010782533790916204,-0.004326127003878355,-0.002747011138126254
EQIX,21,2026-04-07 18:45:00+00:00,14:45,-0.0027709086425602436,down,-0.0005625117337331176,1.865799504230381e-06,-0.001544516533613205,-0.00021118231234140694,0.006599691230803728,0.002885678084567189,0.0009986769873648882,0.0014176794793456793,-0.0022716778330504894,-0.0007227716851048172,0.0028945892117917538,0.0018530001398175955,0.0010876132873818278,0.0011072230990976095,-0.00042312851292081177,0.00032783253118395805,0.0020549269393086433,0.0006146176601760089,0.00020145808230154216,-0.0003151410783175379,-0.0031715540681034327,-0.00751106021925807,-0.006370860151946545,-0.005420709028840065,-0.009407278150320053,-0.0027709086425602436
EPAM,21,2026-04-07 18:45:00+00:00,14:45,-0.0029123800341039896,down,-0.0021451290231198072,0.0021281305234879255,-0.0009721054811961949,-0.0019318133126944304,-0.008749439381062984,-0.008824645541608334,-0.010871474631130695,-0.011800415813922882,-0.010071290656924248,-0.010280037298798561,-0.006633387878537178,-0.005430009216070175,-0.005934515502303839,-0.005754925776273012,-0.0034790043719112873,-0.0015021555591374636,-0.0028957969043403864,-0.004755647387355566,-0.006892058998346329,-0.004741482436656952,-0.005544977728277445,-0.008473590016365051,-0.010075012221932411,-0.005641226191073656,-0.010235905647277832,-0.0029123800341039896
COST,21,2026-04-07 18:45:00+00:00,14:45,-0.0029229025822132826,down,-0.007492884993553162,-0.005938406568020582,-0.007317208219319582,-0.004501028917729855,-0.0032711001113057137,-0.005859869997948408,-0.005629802122712135,-0.006569288205355406,-0.00814075581729412,-0.006792079657316208,-0.004269828554242849,-0.004054307471960783,-0.005223029293119907,-0.006052331533282995,-0.007322276476770639,-0.007232805248349905,-0.007100905291736126,-0.006225076969712973,-0.0072588929906487465,-0.006246320903301239,-0.0043021151795983315,-0.00555766886100173,-0.0071507846005260944,-0.004951713606715202,-0.006654242519289255,-0.0029229025822132826
HIG,21,2026-04-07 18:45:00+00:00,14:45,-0.003023412311449647,down,-0.0007865316001698375,0.002527360338717699,0.0014502638950943947,0.002547420794144273,0.004702739417552948,0.003426013281568885,0.0029963948763906956,-0.0008091510972008109,0.0005789239658042789,8.710482507012784e-05,0.0009506457136012614,0.0006380050908774137,-3.6215049476595595e-05,-0.0007920949719846249,-0.0014012709725648165,-0.001796883181668818,0.0011686037760227919,0.00015492242528125644,0.0005403099348768592,0.0007296189432963729,-0.0005401895032264292,-0.0023958731908351183,-0.003326181787997484,-0.00011031425674445927,-0.004031095653772354,-0.003023412311449647
ALB,21,2026-04-07 18:45:00+00:00,14:45,-0.003032804001122713,down,-0.008945310488343239,-0.012798545882105827,-0.01622459664940834,-0.01409621350467205,-0.011556055396795273,-0.012360865250229836,-0.018904492259025574,-0.01633398048579693,-0.019740646705031395,-0.014598105102777481,-0.012696744874119759,-0.00837235152721405,-0.00923335924744606,-0.009288044646382332,-0.01229732483625412,-0.01587265357375145,-0.010294187813997269,-0.009897373616695404,-0.013637366704642773,-0.014352906495332718,-0.015588165260851383,-0.01900416612625122,-0.015088288113474846,-0.008603055961430073,-0.008898447267711163,-0.003032804001122713
TSN,21,2026-04-07 18:45:00+00:00,14:45,-0.0030795095954090357,down,0.0003895297704730183,0.0027612047269940376,0.0009592625428922474,0.0020745915826410055,0.001465651555918157,-0.00046740617835894227,-0.0014983973233029246,-0.004696521908044815,0.0011846419656649232,-0.0006254756590351462,0.0006882470333948731,0.0011781778885051608,0.0005125952884554863,-0.00034943371429108083,-0.00040469260420650244,0.0001087931013898924,0.0016805793857201934,0.0009392527281306684,0.0018559256568551064,0.00243191490881145,0.001334618078544736,-7.558004290331155e-05,-0.001114487531594932,0.0009635924361646175,-0.0029924155678600073,-0.0030795095954090357
RJF,21,2026-04-07 18:45:00+00:00,14:45,-0.003094070591032505,down,-0.003200528910383582,-0.0013764477334916592,-0.004057752434164286,-0.001598185976035893,-0.0038277895655483007,-0.005301238037645817,-0.010795198380947113,-0.007665541954338551,-0.009713630191981792,-0.008652216754853725,-0.006540497299283743,-0.004796063061803579,-0.006177618633955717,-0.0054358248598873615,-0.0055730645544826984,-0.0048223333433270454,-0.0029187151230871677,-0.0009989397367462516,-0.0024170884862542152,-0.003921669442206621,-0.003376987064257264,-0.004638259299099445,-0.0051126498728990555,-0.0020934257190674543,-0.00438802782446146,-0.003094070591032505
IP,21,2026-04-07 18:45:00+00:00,14:45,-0.003147811396047473,down,-0.008074999786913395,0.0006081362953409553,-0.0006641324143856764,-0.00046632642624899745,-0.003522723214700818,-0.0026613743975758553,-0.005057699047029018,-0.004204044118523598,-0.004285280592739582,-0.006146629340946674,-0.002869864460080862,-0.005720736458897591,-0.006271261256188154,-0.006130829453468323,-0.003585561877116561,-0.004881633445620537,-0.004129590000957251,-0.004528329707682133,-0.006533895153552294,-0.005982925649732351,-0.0034933947026729584,-0.004194902256131172,-0.006706495303660631,-0.004038937855511904,-0.005318429321050644,-0.003147811396047473
KDP,21,2026-04-07 18:45:00+00:00,14:45,-0.0032065161503851414,down,-0.007616966962814331,-0.0030482832808047533,-0.00650964817032218,-0.005375844892114401,-0.0008917762897908688,-0.004103140905499458,-0.004720691125839949,-0.00449079554527998,-0.004123960621654987,-0.005830682814121246,-0.003036352340131998,-0.004949016030877829,-0.00661411602050066,-0.004692447371780872,-0.005743843037635088,-0.005079439841210842,-0.004488177597522736,-0.006205237004905939,-0.0055424426682293415,-0.00327744847163558,-0.003985831514000893,-0.0032687473576515913,-0.006108525674790144,0.00013929120905231684,-6.0517628298839554e-05,-0.0032065161503851414
AVY,21,2026-04-07 18:45:00+00:00,14:45,-0.003225245513021946,down,-0.003871168475598097,0.0014039756497368217,-0.0014486693544313312,8.299391083710361e-06,-0.0018398772226646543,-0.0022609911393374205,-0.007017150521278381,-0.00583120621740818,-0.007109346333891153,-0.009923419915139675,-0.007924942299723625,-0.0076306969858706,-0.008681319653987885,-0.007910352200269699,-0.007786557078361511,-0.008877553045749664,-0.007067097816616297,-0.006507957354187965,-0.006645482033491135,-0.007258081343024969,-0.0037928351666778326,-0.005508194211870432,-0.0035201318096369505,0.0004767119244206697,-0.003601767122745514,-0.003225245513021946
PM,21,2026-04-07 18:45:00+00:00,14:45,-0.0032364509534090757,down,0.004302919842302799,0.005611049011349678,0.0014106594026088715,0.0040153078734874725,0.00514743709936738,0.0014107818715274334,-0.0003763138083741069,0.0006260144291445613,0.0015281977830454707,0.00022336783877108246,0.002031199401244521,0.0025331240613013506,0.0010053626028820872,0.0002678091695997864,-0.0007925155805423856,-0.0002610932569950819,-0.0011626580962911248,0.0018050262005999684,0.001135605270974338,-0.00020083470735698938,0.0012428993359208107,0.0034586472902446985,0.004509450402110815,0.003923499956727028,-9.04236439964734e-05,-0.0032364509534090757
CL,21,2026-04-07 18:45:00+00:00,14:45,-0.003267768770456314,down,-0.004885281901806593,0.0004741234297398478,-0.001075919484719634,0.0006978596793487668,-0.00025743365404196084,-0.0017804689705371857,-0.004433841910213232,-0.005671481601893902,-0.005557314958423376,-0.0056087300181388855,-0.0019231617916375399,-0.0033724133390933275,-0.006261383183300495,-0.0017148019978776574,-0.0028015614952892065,-0.003021619515493512,-0.0011253368575125933,-0.002879711799323559,-0.0019336446421220899,-0.0008087657624855638,-0.0006719643715769053,-0.003437948180362582,-0.00530131533741951,-0.0011583806481212378,-0.003866586834192276,-0.003267768770456314
TYL,21,2026-04-07 18:45:00+00:00,14:45,-0.0032895116601139307,down,-0.0015096490969881415,0.0035869621206074953,-0.0026848572306334972,0.0008477810770273209,-0.004647726193070412,-0.006509312894195318,-0.00935630314052105,-0.008099832572042942,-0.004333741031587124,-0.004682405851781368,-0.0027267509140074253,-0.0012216755421832204,-0.002093468327075243,-0.0008598575368523598,-0.00527107622474432,-0.0036594767589122057,-0.0018342123366892338,-0.002625341759994626,-0.0036787320859730244,-0.002469500759616494,0.00019110731955152005,-0.002949872286990285,-0.002800430404022336,-7.972025196067989e-05,-0.004466449376195669,-0.0032895116601139307
OKE,21,2026-04-07 18:45:00+00:00,14:45,-0.003352053929120302,down,-0.002859606873244047,0.0028100209310650826,0.0021462615113705397,0.0014941412955522537,0.001237865537405014,-0.0005251070251688361,-0.003018182935193181,-0.0020371738355606794,-0.00300309038721025,-0.006138433236628771,-0.003017229260876775,-0.006700359750539064,-0.0073738107457757,-0.006116538308560848,-0.004674781113862991,-0.0047629233449697495,-0.0031063903588801622,-0.00762951048091054,-0.006408557295799255,-0.005528018344193697,-0.007448083721101284,-0.008722160942852497,-0.007809293922036886,-0.0016467024106532335,-0.005497163161635399,-0.003352053929120302
KMB,21,2026-04-07 18:45:00+00:00,14:45,-0.0033812313340604305,down,-0.004902875516563654,0.0008040564716793597,-0.00528864748775959,-0.002952785464003682,-0.003929044585675001,-0.0065947421826422215,-0.008159241639077663,-0.005652563646435738,-0.009201258420944214,-0.0036416281946003437,-0.002165038138628006,-0.00024637210299260914,0.003071914194151759,0.0022044905927032232,-0.0004513856547418982,9.033185779117048e-05,0.0008629083749838173,7.284292223630473e-05,-0.003073589876294136,-0.002886158647015691,-0.0016105538234114647,-0.0034063884522765875,-0.0025814115069806576,-0.001744581968523562,-0.005562983453273773,-0.0033812313340604305
ALGN,21,2026-04-07 18:45:00+00:00,14:45,-0.003403050359338522,down,0.000987829058431089,0.0051374975591897964,-4.4786636863136664e-05,-0.001716705854050815,-0.007826738990843296,-0.005760272964835167,-0.004850725643336773,-0.006934280041605234,-0.008063867688179016,-0.008968856185674667,-0.005626924801617861,-0.004045122303068638,-0.0073031093925237656,-0.005962979048490524,-0.004626017529517412,-0.004392534960061312,-0.0038367530796676874,0.00039595397538505495,-0.002648091409355402,-0.00500593101605773,-0.0033183067571371794,-0.002979670651257038,-0.002402245532721281,0.002005199668928981,-0.0030296724289655685,-0.003403050359338522
AFL,21,2026-04-07 18:45:00+00:00,14:45,-0.003411861602216959,down,-0.00350787746720016,-0.0029008255805820227,-0.0026885790284723043,-0.0026087912265211344,0.0024416528176516294,0.00019820951274596155,-0.0018908769125118852,-0.002641836879774928,-0.0016266366001218557,-0.0021078051067888737,-0.0007412368431687355,-0.0009207159164361656,-0.0015102364122867584,-0.0018838807009160519,-0.002021786291152239,-0.00132468540687114,-0.0008719168254174292,-0.0012660843785852194,-6.263408067752607e-06,0.00022618149523623288,0.00010950354771921411,-0.0018993787234649062,-0.0017634721007198095,0.0008172756060957909,-0.0005001729587092996,-0.003411861602216959
CBRE,21,2026-04-07 18:45:00+00:00,14:45,-0.0034266614820808172,down,-0.005638268776237965,-0.0018387894378975034,-0.006038527935743332,-0.004190047271549702,-0.008212779648602009,-0.009960654191672802,-0.012201404199004173,-0.011150657199323177,-0.010970713570713997,-0.011844143271446228,-0.009587300941348076,-0.007678111549466848,-0.008946648798882961,-0.007660794537514448,-0.008651883341372013,-0.00820121169090271,-0.006889835000038147,-0.0070729791186749935,-0.006359230261296034,-0.0080666309222579,-0.007203993853181601,-0.00965837575495243,-0.008686555549502373,-0.003797678742557764,-0.007405241951346397,-0.0034266614820808172
DHR,21,2026-04-07 18:45:00+00:00,14:45,-0.0034283220302313566,down,-0.0034718697424978018,-0.0002572541416157037,-0.0034530959092080593,-0.0022975828032940626,-0.0038483471143990755,-0.004536121152341366,-0.004713126458227634,-0.003454261226579547,-0.0045899334363639355,-0.005064226221293211,-0.0032941142562776804,-0.0016776829725131392,-0.003929841797798872,-0.0037536779418587685,-0.004486336838454008,-0.005146255251020193,-0.0035769904498010874,-0.004340840969234705,-0.006133060436695814,-0.005984434392303228,-0.004894332028925419,-0.004896500147879124,-0.00517411669716239,-0.0020056774374097586,-0.004487445577979088,-0.0034283220302313566
ORLY,21,2026-04-07 18:45:00+00:00,14:45,-0.0034305602312088013,down,-0.005347321275621653,-0.0012928195064887404,-0.0025353606324642897,-0.0034021150786429644,-0.004184686113148928,-0.004980610683560371,-0.010196133516728878,-0.009548244997859001,-0.01165600772947073,-0.010739960707724094,-0.008608355186879635,-0.006690412759780884,-0.007980371825397015,-0.0030714452732354403,-0.003485796507447958,-0.0040010870434343815,-0.002154112095013261,-0.0035728730726987123,-0.004681217484176159,-0.0042972988449037075,-0.005191517993807793,-0.007055836729705334,-0.005981921683996916,-0.0027809508610516787,-0.005207957234233618,-0.0034305602312088013
PRU,21,2026-04-07 18:45:00+00:00,14:45,-0.003434656420722604,down,-0.004726035054773092,-0.0013938368065282702,-0.004820595495402813,-0.001228361506946385,-0.0020687293726950884,-0.0034090231638401747,-0.0058062439784407616,-0.0038523452822118998,-0.004658814519643784,-0.005274323746562004,-0.002945756074041128,-0.0024557868018746376,-0.00244376203045249,-0.002982299542054534,-0.0014426654670387506,-0.0030213319696485996,-0.0016684995498508215,-0.001964063150808215,-0.002631881507113576,-0.0018294642213732004,-0.003503340296447277,-0.005019614472985268,-0.004975445102900267,-0.001537138712592423,-0.004359607584774494,-0.003434656420722604
JBHT,21,2026-04-07 18:45:00+00:00,14:45,-0.0034503049682825804,down,0.00010415388533147052,0.002095060655847192,1.5809695469215512e-05,0.003669498488306999,0.0017557491082698107,0.0019481948111206293,-0.002925962908193469,0.0005355224129743874,0.0012079674052074552,-0.00032740121241658926,0.0003411926154512912,0.0018118321895599365,0.0004071174771524966,0.0007234176155179739,0.0006377598037943244,-3.148124596918933e-05,0.0031796167604625225,-0.0004934772732667625,-0.0008252320112660527,0.001179743092507124,-0.0001588124578120187,-0.0019893876742571592,-0.0018032240914180875,0.002531391801312566,-0.0003454416582826525,-0.0034503049682825804
IFF,21,2026-04-07 18:45:00+00:00,14:45,-0.003451918950304389,down,0.004825356416404247,0.009367017075419426,0.0019805177580565214,0.0029649417847394943,0.00014167393965180963,-0.0015098578296601772,-0.003989050630480051,-0.009874504990875721,-0.0067901029251515865,-0.01044450979679823,-0.010554909706115723,-0.008584258146584034,-0.00640284875407815,-0.004778683185577393,-0.0046792710199952126,-0.006878392770886421,-0.007739864755421877,-0.007922539487481117,-0.01127580739557743,-0.007224039640277624,-0.008968519046902657,-0.007307381834834814,-0.007560206577181816,-0.0014320977497845888,-0.007734953425824642,-0.003451918950304389
CHD,21,2026-04-07 18:45:00+00:00,14:45,-0.0034706529695540667,down,-0.0010602899128571153,-0.0008149411878548563,-0.003172876313328743,-0.0025659510865807533,-0.003378691617399454,-0.005495076067745686,-0.008580643683671951,-0.007961353287100792,-0.009524102322757244,-0.009301075711846352,-0.006769394967705011,-0.005465141963213682,-0.0057638268917799,-0.0024081829469650984,-0.005849815905094147,-0.00376436160877347,-0.002282740781083703,-0.0039559402503073215,-0.0017413950990885496,0.000642243423499167,-0.00024737592320889235,-0.0005273333517834544,-0.0030452527571469545,0.0007090852595865726,-0.0022580944932997227,-0.0034706529695540667
IVZ,21,2026-04-07 18:45:00+00:00,14:45,-0.003523776773363352,down,-0.014969254843890667,-0.006596826482564211,-0.009967953898012638,-0.012271118350327015,-0.013364536687731743,-0.01732330210506916,-0.019903279840946198,-0.0134790800511837,-0.011914737522602081,-0.01176429819315672,-0.008115491829812527,-0.010243640281260014,-0.007688379846513271,-0.004083281848579645,-0.0017464077100157738,-0.004919050261378288,-0.002640689257532358,-0.0036338800564408302,-0.00605409312993288,-0.010024333372712135,-0.011417675763368607,-0.010743632912635803,-0.0074064782820641994,-0.00044757730211131275,-0.0074602230452001095,-0.003523776773363352
TDY,21,2026-04-07 18:45:00+00:00,14:45,-0.0035462728701531887,down,-0.003936213441193104,-0.0012297967914491892,-0.003217481542378664,-0.0015470845391973853,-0.002661632839590311,-0.0038920005317777395,-0.007740166038274765,-0.0055029806680977345,-0.007630588952451944,-0.007174377329647541,-0.005395746789872646,-0.004944965243339539,-0.003703813534229994,-0.0031754658557474613,-0.004833169747143984,-0.006074836011976004,-0.004189482890069485,-0.0050716218538582325,-0.0069861020892858505,-0.006425745785236359,-0.007044295314699411,-0.006906942930072546,-0.0061620804481208324,-0.0029168264009058475,-0.005636612419039011,-0.0035462728701531887
WSM,21,2026-04-07 18:45:00+00:00,14:45,-0.0036055913660675287,down,-0.00022438546875491738,-0.002518152352422476,-0.008485849015414715,-0.006260510999709368,-0.007576199248433113,-0.008624807931482792,-0.012710190378129482,-0.009218616411089897,-0.010643492452800274,-0.008943198248744011,-0.009816120378673077,-0.008981499820947647,-0.010268657468259335,-0.009219999425113201,-0.01008914690464735,-0.01205549668520689,-0.007546212989836931,-0.007622772362083197,-0.007529980968683958,-0.00841871090233326,-0.007609893102198839,-0.00933072343468666,-0.010044977068901062,-0.004285077098757029,-0.0052958885207772255,-0.0036055913660675287
HBAN,21,2026-04-07 18:45:00+00:00,14:45,-0.003618165384978056,down,-0.019469354301691055,-0.015554473735392094,-0.016352837905287743,-0.013180323876440525,-0.01173678319901228,-0.010091977193951607,-0.014128242619335651,-0.013616561889648438,-0.014279928058385849,-0.015109788626432419,-0.013634451664984226,-0.010508894920349121,-0.010167579166591167,-0.010625066235661507,-0.010374763049185276,-0.010967817157506943,-0.006690680980682373,-0.00817633792757988,-0.010958847589790821,-0.00889480672776699,-0.009808903560042381,-0.012318565510213375,-0.01301563810557127,-0.0058118728920817375,-0.005911829881370068,-0.003618165384978056
SO,21,2026-04-07 18:45:00+00:00,14:45,-0.0036300872452557087,down,-0.0037412287201732397,0.0013305488973855972,1.995435195567552e-05,0.0014992040814831853,0.0017564871814101934,0.0017847161507233977,-0.001068619778379798,0.0006110435351729393,-0.0006483339820988476,-0.0005558481789194047,0.0015953636029735208,0.0017913361079990864,-4.898586848867126e-05,0.0012635135790333152,0.0018939657602459192,0.00048429486923851073,-0.00034281302941963077,-0.0008537072571925819,-0.0002728366816882044,0.00048242363845929503,0.0005667973891831934,-0.00128068495541811,-0.0016069976845756173,0.0012758637312799692,-0.0011753031285479665,-0.0036300872452557087
SYK,21,2026-04-07 18:45:00+00:00,14:45,-0.003767763962969184,down,-0.00649151811376214,-0.002135144779458642,-0.005865450482815504,-0.004442690405994654,-0.003914831206202507,-0.006133916787803173,-0.010370276868343353,-0.008329802192747593,-0.008785491809248924,-0.006753414403647184,-0.005442854017019272,-0.004737334791570902,-0.005096703302115202,-0.0036025536246597767,-0.004476236645132303,-0.005778148304671049,-0.002737673930823803,-0.0043473453260958195,-0.003977794200181961,-0.0038736986462026834,-0.00369620812125504,-0.006483522243797779,-0.007451246492564678,-0.001897214911878109,-0.004597868770360947,-0.003767763962969184
DLTR,21,2026-04-07 18:45:00+00:00,14:45,-0.0037834516260772943,down,-0.00582854775711894,0.0024401131086051464,-0.00538615183904767,0.0005386863485909998,-0.0022825959604233503,-0.005656537599861622,-0.007790168281644583,-0.005076867528259754,-0.0030901359859853983,-0.0029981571715325117,0.0011967967730015516,0.0017764093354344368,0.0059522115625441074,0.005978701636195183,0.005265106447041035,0.00529238348826766,0.004411948844790459,0.004298875108361244,0.0003281122772023082,0.00015681235527154058,-0.0010476037859916687,-4.3245388951618224e-05,-0.002752006985247135,-0.0010645802831277251,-0.0032514394260942936,-0.0037834516260772943
CHTR,21,2026-04-07 18:45:00+00:00,14:45,-0.0038090012967586517,down,-0.010630501434206963,-0.005220212507992983,-0.009869528003036976,-0.006713212002068758,-0.00970818754285574,-0.009667386300861835,-0.010231572203338146,-0.0051199947483837605,-0.004510463681071997,-0.005771375726908445,-0.004662519786506891,-0.001446870039217174,-0.004705179017037153,-0.00438047107309103,-0.004470417741686106,-0.0037771703209728003,-0.0030753372702747583,-0.0046898373402655125,-0.002885120688006282,-0.006964541506022215,-0.0077704391442239285,-0.009609287604689598,-0.01153083611279726,-0.006935655605047941,-0.00729015376418829,-0.0038090012967586517
TXT,21,2026-04-07 18:45:00+00:00,14:45,-0.0038250479847192764,down,-0.0029585023876279593,-0.0015980129828676581,-0.0037704179994761944,-0.0022144317626953125,-0.0018471789080649614,-0.004880630876868963,-0.007727150805294514,-0.008577505126595497,-0.010315367951989174,-0.01298390980809927,-0.010982346720993519,-0.010392586700618267,-0.010808738879859447,-0.010464254766702652,-0.009690511971712112,-0.010588542558252811,-0.008418259210884571,-0.007663478143513203,-0.007057492155581713,-0.0074560497887432575,-0.0076922825537621975,-0.009154118597507477,-0.00806359201669693,-0.002927175723016262,-0.0055915480479598045,-0.0038250479847192764
CTVA,21,2026-04-07 18:45:00+00:00,14:45,-0.003832679009065032,down,-0.0048524620942771435,-0.0013274241937324405,-0.0025670970790088177,-0.0002366659027757123,-0.0011139268754050136,-0.0023605828173458576,-0.0044064754620194435,-0.003439476480707526,-0.005501301493495703,-0.005728062242269516,-0.0029072698671370745,-0.0016427584923803806,-0.003534328192472458,-0.0020004906691610813,-0.0026516749057918787,-0.004826189484447241,-0.00298338127322495,-0.002177712507545948,-0.0030486059840768576,-0.0024910105857998133,-0.004314611665904522,-0.006686877459287643,-0.00601222924888134,-0.0014139196136966348,-0.0018421037821099162,-0.003832679009065032
GCUSD,21,2026-04-07 18:45:00+00:00,14:45,-0.0038356559816747904,down,-0.005340965464711189,-0.00320375245064497,-0.00646887207403779,-0.003416577121242881,-0.003081427188590169,-0.00728001119568944,-0.008564669638872147,-0.00841650739312172,-0.009496227838099003,-0.006012852769345045,-0.006084918975830078,-0.00428115064278245,-0.004640880506485701,-0.005831035319715738,-0.005009924527257681,-0.006194619927555323,-0.003942982293665409,-0.003438108367845416,-0.004448998253792524,-0.005215486977249384,-0.0075077819637954235,-0.008144826628267765,-0.008569933474063873,-0.006020643748342991,-0.007664353121072054,-0.0038356559816747904
ROK,21,2026-04-07 18:45:00+00:00,14:45,-0.0038675637915730476,down,-0.007000865414738655,-0.005244414322078228,-0.008325091563165188,-0.006311169825494289,-0.00635015731677413,-0.009479074738919735,-0.010456548072397709,-0.00873500481247902,-0.009166987612843513,-0.008431420661509037,-0.004370540380477905,-0.0037791982758790255,-0.0034810584038496017,-0.0033623729832470417,-0.004205337259918451,-0.004521114286035299,-0.0030077393166720867,-0.0038016356993466616,-0.005954327527433634,-0.006859093438833952,-0.005389091093093157,-0.009096721187233925,-0.006993161514401436,-0.003010424552485347,-0.005792208947241306,-0.0038675637915730476
FSLR,21,2026-04-07 18:45:00+00:00,14:45,-0.003895878791809082,down,-0.003187858033925295,-0.003622321179136634,-0.0045546842738986015,-0.005431242287158966,-0.008636877872049809,-0.009903013706207275,-0.01470085047185421,-0.01296019833534956,-0.016332941129803658,-0.012405903078615665,-0.013219550251960754,-0.011958247050642967,-0.014017686247825623,-0.014583616517484188,-0.015104951336979866,-0.016655640676617622,-0.015442373231053352,-0.012870020233094692,-0.015692219138145447,-0.014901285991072655,-0.011710152961313725,-0.014277774840593338,-0.013434463180601597,-0.005626907106488943,-0.0068521746434271336,-0.003895878791809082
ALL,21,2026-04-07 18:45:00+00:00,14:45,-0.003913257736712694,down,-0.005560005083680153,-0.002572310622781515,-0.0018037613481283188,-0.0032751469407230616,-0.0016307133482769132,-0.0029305892530828714,-0.0043360101990401745,-0.0052771600894629955,-0.004856287967413664,-0.004181562457233667,-0.0036288220435380936,-0.0016222313279286027,-0.0023198709823191166,-0.0030893520452082157,-0.002675900235772133,-0.002960718236863613,-0.0005916011868976057,0.0002806279808282852,-0.0035622939467430115,-0.0016325378092005849,-0.0046615456230938435,-0.00610426114872098,-0.005370534025132656,-0.003562727477401495,-0.0060515631921589375,-0.003913257736712694
FANG,21,2026-04-07 18:45:00+00:00,14:45,-0.004033351317048073,down,-0.007414225488901138,-0.005376672837883234,-0.005906012840569019,-0.003919148351997137,-0.002743564313277602,-0.006752452813088894,-0.006106119602918625,-0.005288881715387106,-0.0040153940208256245,-0.005723530892282724,-0.004230355843901634,-0.0029649732168763876,-0.002560568507760763,-0.0025322360452264547,0.0006865293253213167,-0.001224763342179358,0.0009404728771187365,0.001697901519946754,-0.00036137501592747867,-0.00011156396067235619,-0.003535567782819271,-0.0036900776904076338,-0.004524257034063339,-0.002127446699887514,-0.004591821692883968,-0.004033351317048073
VRTX,21,2026-04-07 18:45:00+00:00,14:45,-0.004033632110804319,down,-0.0062134750187397,-0.007502385415136814,-0.008988804183900356,-0.009398885071277618,-0.007179912645369768,-0.01074220985174179,-0.011807214468717575,-0.014160011895000935,-0.010523715987801552,-0.011715341359376907,-0.00870816595852375,-0.00757554080337286,-0.00768817774951458,-0.007922467775642872,-0.00893271341919899,-0.011133522726595402,-0.008447892963886261,-0.007958159781992435,-0.011696498841047287,-0.012173188850283623,-0.007338595110923052,-0.008786664344370365,-0.007620373275130987,-0.005529911257326603,-0.006330941338092089,-0.004033632110804319
BRK-B,21,2026-04-07 18:45:00+00:00,14:45,-0.004090096801519394,down,-0.007563330698758364,-0.005649451166391373,-0.006853463128209114,-0.004372387193143368,-0.0025591158773750067,-0.0039392937906086445,-0.006096694152802229,-0.006995413918048143,-0.008608014322817326,-0.007699952460825443,-0.005387107376009226,-0.005353999324142933,-0.0068079205229878426,-0.004988451022654772,-0.0055565484799444675,-0.005181620828807354,-0.002825068077072501,-0.0036256613675504923,-0.003677697852253914,-0.003054510336369276,-0.005060522351413965,-0.004398055374622345,-0.004930244293063879,-0.0038849306292831898,-0.0035637973342090845,-0.004090096801519394
FOXA,21,2026-04-07 18:45:00+00:00,14:45,-0.0041348375380039215,down,-0.006431172601878643,-0.004739378113299608,-0.006018355954438448,-0.003120581852272153,-0.001962795853614807,-0.003874561283737421,-0.005986484233289957,-0.004100490361452103,-0.0031513641588389874,-0.00569649413228035,-0.0046539995819330215,-0.0033428827300667763,-0.002754518762230873,-0.004448474384844303,-0.002573177684098482,-0.004510009195655584,-0.0025058910250663757,-0.002417097333818674,-0.0029569531325250864,-0.0021897032856941223,-0.003035504138097167,-0.0042124721221625805,-0.0046281167306005955,-0.002912159776315093,-0.00615439098328352,-0.0041348375380039215
EQR,21,2026-04-07 18:45:00+00:00,14:45,-0.004144144244492054,down,-0.001017933594994247,0.0013876566663384438,-0.0008544198353774846,0.0014945605071261525,0.00231554894708097,4.5761724322801456e-05,-0.0021184838842600584,-0.0012215635506436229,0.0005103354342281818,-0.0010097334161400795,0.00218142569065094,0.002118132309988141,0.002607274567708373,0.001724323839880526,0.001806367770768702,0.0009631279390305281,0.003634117776528001,0.002692209556698799,0.003304211888462305,0.0025107101537287235,0.0005903511773794889,-0.002298881532624364,-0.002917066216468811,-0.0009013622184284031,-0.0031762546859681606,-0.004144144244492054
DGX,21,2026-04-07 18:45:00+00:00,14:45,-0.004145067650824785,down,-0.002793858526274562,-0.003957387525588274,-0.0038831327110528946,-0.002949200104922056,-0.00015243719099089503,-0.0020892489701509476,-0.004605659283697605,-0.006601183209568262,-0.00858672522008419,-0.0059676882810890675,-0.007728863507509232,-0.0039780535735189915,-0.005769828334450722,-0.008536835201084614,-0.009606888517737389,-0.008176076225936413,-0.004751170519739389,-0.00402563251554966,-0.006276057567447424,-0.002964811399579048,-0.004367105662822723,-0.005855189170688391,-0.003761472413316369,-0.0030077272094786167,-0.006039900705218315,-0.004145067650824785
NRG,21,2026-04-07 18:45:00+00:00,14:45,-0.004178713541477919,down,-0.006629800423979759,-0.003359234659001231,-0.006989985704421997,-0.0027828975580632687,-0.0029832501895725727,-0.006641828455030918,-0.00746894022449851,-0.00394490035250783,-0.004416035022586584,-0.0038973717018961906,-0.0016786681953817606,-0.0019154746551066637,-0.0015577005688101053,-0.0018282877281308174,-0.0038232409860938787,-0.007868262939155102,-0.0039511993527412415,-0.0027389489114284515,-0.003973995801061392,-0.00544753298163414,-0.00461413711309433,-0.004207948688417673,-0.004239378031343222,0.0024098490830510855,-0.001733671291731298,-0.004178713541477919
BRO,21,2026-04-07 18:45:00+00:00,14:45,-0.004179234150797129,down,-0.0035712725948542356,-0.0010642174165695906,-0.005165357608348131,-0.002224026480689645,-0.005308904219418764,-0.004723884630948305,-0.0092755863443017,-0.0070220427587628365,-0.008752239868044853,-0.008147131651639938,-0.007968105375766754,-0.006704933010041714,-0.005967580247670412,-0.004323533736169338,-0.004670341964811087,-0.006280010100454092,-0.006414016708731651,-0.0067521980963647366,-0.007305247709155083,-0.005974464118480682,-0.005523368716239929,-0.007920559495687485,-0.007766905706375837,-0.0034572884906083345,-0.0056079658679664135,-0.004179234150797129
WST,21,2026-04-07 18:45:00+00:00,14:45,-0.004234884865581989,down,-0.0032848971895873547,-9.105290519073606e-05,-0.001950372476130724,-6.982420018175617e-06,0.0012606722302734852,0.0011316066375002265,-0.004211852792650461,-0.0012266794219613075,-0.0006599858752451837,-0.0014782894868403673,0.0036604541819542646,0.0062974076718091965,0.0058439490385353565,0.005139194428920746,0.0049052792601287365,0.004276101943105459,0.00501461373642087,0.0034586219117045403,0.0018966147908940911,0.0015749902231618762,0.0015359236858785152,0.0014885272830724716,-0.0018212315626442432,0.003485731780529022,-0.0008047973387874663,-0.004234884865581989
AZO,21,2026-04-07 18:45:00+00:00,14:45,-0.004537319298833609,down,-0.0037452748510986567,0.001588276820257306,-0.0029019229114055634,-0.00043713441118597984,-0.0004714967217296362,-0.003692441387102008,-0.0028710064943879843,-0.00511877192184329,-0.00477992370724678,-0.004715351387858391,-0.0017556759994477034,-0.0024842640850692987,-0.00240031024441123,-0.003273559734225273,-0.005532771814614534,-0.0057420888915658,-0.003318919101729989,-0.002764044562354684,-0.0032025249674916267,-0.0032385189551860094,-0.003538377583026886,-0.004393004812300205,-0.0061614359728991985,-0.004123188089579344,-0.005834691692143679,-0.004537319298833609
INVH,21,2026-04-07 18:45:00+00:00,14:45,-0.004572180099785328,down,-0.005207865498960018,-0.00043247814755886793,-0.0023984669242054224,-0.000763370597269386,0.0002567885385360569,-0.0020282543264329433,-0.003914291504770517,-0.004812253173440695,-0.0037727165035903454,-0.004747220780700445,-0.0023706690408289433,-0.0018829475156962872,-0.0021562378387898207,-0.002368445275351405,-0.0018870476633310318,-0.0019261622801423073,-0.00042777491034939885,-0.0005979491979815066,-5.3138737712288275e-05,0.00018402800196781754,-0.002258716383948922,-0.0044675287790596485,-0.005860150326043367,-0.001008818275295198,-0.0031799916177988052,-0.004572180099785328
CINF,21,2026-04-07 18:45:00+00:00,14:45,-0.004600351210683584,down,-0.0006403593579307199,0.0014126658206805587,-0.0008767091785557568,0.00113923370372504,0.001337589812465012,0.00021377421217039227,-0.0019739957060664892,-0.0017307396046817303,-0.001382024260237813,-0.0027973875403404236,-0.0014166986802592874,-0.0020161052234470844,-0.004027269314974546,-0.0016220121178776026,-0.004269624128937721,-0.0054230596870183945,-0.001604480785317719,4.135306517127901e-05,-0.0020423983223736286,-0.002489494625478983,-0.004149007145315409,-0.004890188574790955,-0.0036328823771327734,0.0005363407544791698,-0.0035872997250407934,-0.004600351210683584
EXPE,21,2026-04-07 18:45:00+00:00,14:45,-0.004619591403752565,down,-0.01187849696725607,-0.004783512558788061,-0.009991387836635113,-0.004618203733116388,-0.010697144083678722,-0.00946456752717495,-0.015294946730136871,-0.01040673814713955,-0.011770492419600487,-0.009752779267728329,-0.007066403981298208,-0.0056674787774682045,-0.005842119920998812,-0.00487288786098361,-0.005942532327026129,-0.009658797644078732,-0.005197376478463411,-0.0027791447937488556,-0.004938872531056404,-0.005124593153595924,-0.004732380621135235,-0.006614432204514742,-0.007230998016893864,0.0008082336280494928,-0.0026037695351988077,-0.004619591403752565
GDDY,21,2026-04-07 18:45:00+00:00,14:45,-0.004729376640170813,down,-0.0015584089560434222,0.006074718665331602,-0.0049005900509655476,-0.004396428354084492,-0.005348115228116512,-0.006964417640119791,-0.00901683047413826,-0.005177849438041449,-0.0010292950319126248,-0.006290288642048836,-0.0032914765179157257,-0.00487767206504941,-0.002056773053482175,-0.0007969621219672263,0.001546504907310009,0.0006023021996952593,0.001036398229189217,-0.0009659373317845166,-0.0038810758851468563,-0.007228629197925329,-0.003154037520289421,-0.00820988416671753,-0.007307372055947781,-0.0014154035598039627,-0.002901907544583082,-0.004729376640170813
BF-B,21,2026-04-07 18:45:00+00:00,14:45,-0.00481198076158762,down,-0.01138733047991991,-0.008091509342193604,-0.013174391351640224,-0.005406183656305075,-0.005735882557928562,-0.00795239768922329,-0.011976668611168861,-0.012507482431828976,-0.011721543036401272,-0.009941902942955494,-0.007410204503685236,-0.0053210631012916565,-0.004857925698161125,-0.0031795448157936335,-0.005369547288864851,-0.00578317092731595,-0.00516115128993988,-0.007083679083734751,-0.006964712403714657,-0.004435126669704914,-0.00804660189896822,-0.007751642260700464,-0.007742361165583134,-0.0025422258768230677,-0.002386796986684203,-0.00481198076158762
Q,21,2026-04-07 18:45:00+00:00,14:45,-0.004817583132535219,down,-0.0032729615923017263,-0.0023341872729361057,-0.006117130164057016,-0.004026623908430338,-0.006481715012341738,-0.005922900978475809,-0.00856900867074728,-0.009303807280957699,-0.010099370963871479,-0.006949492264539003,-0.003247547661885619,-0.004166610538959503,-0.006295859348028898,-0.005202094558626413,-0.00041621041600592434,-0.0038300727028399706,-0.0030541473533958197,-0.0035539488308131695,-0.00750747648999095,-0.005493848584592342,-0.004698805045336485,-0.008679822087287903,-0.008034941740334034,-0.004195328336209059,-0.007656461093574762,-0.004817583132535219
AEP,21,2026-04-07 18:45:00+00:00,14:45,-0.004868613090366125,down,-0.003993363585323095,-0.001959336455911398,-0.0017429467989131808,-0.002073110779747367,0.0006782811833545566,-0.00022703585273120552,-0.0036931405775249004,-0.0027167913503944874,-0.0004896455211564898,-0.00212255772203207,-0.0015257144114002585,-0.001517528435215354,-0.0008534275693818927,0.0002653850824572146,-0.0019827603828161955,-0.002354190219193697,-0.0022363171447068453,-0.0008786926046013832,-0.000985165941528976,-0.002222725423052907,-0.004154067020863295,-0.006533790845423937,-0.006804854143410921,-0.002409909386187792,-0.005030590575188398,-0.004868613090366125
LDOS,21,2026-04-07 18:45:00+00:00,14:45,-0.00487518822774291,down,-0.0017127551836892962,0.0024470544885843992,-0.0019764364697039127,0.0010387306101620197,-0.0006569832912646234,-0.0011657638242468238,-0.00573221780359745,-0.0019767943304032087,-0.0009649744024500251,-0.0023150434717535973,0.00020821465295739472,0.0004607205046340823,-0.0003643542295321822,0.00017786223907023668,-0.0024401952978223562,-0.0029073385521769524,0.0004911503056064248,0.0010106799891218543,0.0007066539255902171,-0.0007956011104397476,-0.0010511375730857253,-0.0022297254763543606,-0.0014423076063394547,0.0015864050947129726,-0.003567466279491782,-0.00487518822774291
IEX,21,2026-04-07 18:45:00+00:00,14:45,-0.0049428376369178295,down,-0.00016407598741352558,0.002864403184503317,0.0005608466453850269,0.0025638381484895945,0.0002241670445073396,-0.00046209609718061984,-0.0025633256882429123,-0.0016978534404188395,-0.0015472837258130312,-0.0037083167117089033,-0.0030225941445678473,-0.0020328157115727663,-0.0035105289425700903,-0.0025762019213289022,-0.0007095220498740673,-0.001970674144104123,-0.0014486097497865558,-7.132561586331576e-05,-0.005092898849397898,-0.004822011571377516,-0.004808108322322369,-0.005452155135571957,-0.00553381210193038,-0.0023157885298132896,-0.004712017718702555,-0.0049428376369178295
MCK,21,2026-04-07 18:45:00+00:00,14:45,-0.0050468770787119865,down,0.00326805398799479,0.0005284359212964773,-0.0027063176967203617,0.0016687451861798763,0.0037514071445912123,0.00018929493671748787,-0.0035079196095466614,-0.0019133200403302908,-0.004383306484669447,-0.00236116093583405,0.0003928119840566069,7.408884266624227e-05,0.000740508665330708,0.00014100887347012758,-0.0016824195627123117,-0.0007519034552387893,0.0022225447464734316,0.00262274406850338,-0.0004372788534965366,0.0006572774727828801,-0.002688307547941804,-0.006038676016032696,-0.006944421213120222,-0.0034461976028978825,-0.007974325679242611,-0.0050468770787119865
ACN,21,2026-04-07 18:45:00+00:00,14:45,-0.005087140016257763,down,-0.007282577455043793,-0.0035149003379046917,-0.007427414413541555,-0.004498831462115049,-0.007165839429944754,-0.008565387688577175,-0.007473147474229336,-0.006536426488310099,-0.0052991569973528385,-0.004725728649646044,-0.004700161516666412,-0.004252009093761444,-0.004365349654108286,-0.006297364830970764,-0.005929423961788416,-0.006345302797853947,-0.0019584749825298786,-0.0045659649185836315,-0.0033530385699123144,-0.003906859550625086,-0.004332938697189093,-0.006528825499117374,-0.006320653948932886,-0.004453524947166443,-0.003929792903363705,-0.005087140016257763
JKHY,21,2026-04-07 18:45:00+00:00,14:45,-0.005104252602905035,down,-0.0016046538949012756,-0.0008153872913680971,0.0001675435050856322,-3.771987394429743e-05,0.003294294234365225,0.003303110832348466,0.0017850763397291303,0.002664170926436782,0.0033354205079376698,0.0016889411490410566,0.004587725270539522,0.00700495345517993,0.004658662714064121,0.0032873908057808876,0.0027110788505524397,2.9618540793308057e-06,0.0017240660963580012,0.002691608155146241,0.0009709893492981791,-0.0022898921743035316,-0.0017962668789550662,-0.0044771116226911545,-0.0017942037666216493,-8.755557064432651e-05,-0.0072616771794855595,-0.005104252602905035
BSX,21,2026-04-07 18:45:00+00:00,14:45,-0.005121068563312292,down,-0.020656345412135124,-0.022069424390792847,-0.02559853158891201,-0.028949806466698647,-0.026799799874424934,-0.028346871957182884,-0.030552208423614502,-0.028133876621723175,-0.02658294327557087,-0.025894805788993835,-0.022802826017141342,-0.020537588745355606,-0.01756255514919758,-0.01904883421957493,-0.01777789369225502,-0.01783795841038227,-0.01570410467684269,-0.014193974435329437,-0.016218164935708046,-0.012148432433605194,-0.012593565508723259,-0.014696993865072727,-0.014148816466331482,-0.012094922363758087,-0.011501875706017017,-0.005121068563312292
CCL,21,2026-04-07 18:45:00+00:00,14:45,-0.005234381649643183,down,-0.021751059219241142,-0.010483763180673122,-0.015686776489019394,-0.013708840124309063,-0.012404723092913628,-0.012804275378584862,-0.01677226647734642,-0.01645515114068985,-0.01839175447821617,-0.01877000741660595,-0.01648569293320179,-0.014815819449722767,-0.007526414468884468,-0.0071958680637180805,-0.010494837537407875,-0.010713345371186733,-0.005561779253184795,-0.007644358091056347,-0.008354103192687035,-0.009604969061911106,-0.013197962194681168,-0.016807809472084045,-0.017997557297348976,-0.009803864173591137,-0.013366222381591797,-0.005234381649643183
NTRS,21,2026-04-07 18:45:00+00:00,14:45,-0.005237156059592962,down,-0.004166151396930218,-0.004575536120682955,-0.005808541085571051,-0.0023457815404981375,0.0006970861577428877,-0.0019063273211941123,-0.004535550717264414,-0.004269876517355442,-0.006098837126046419,-0.006045048125088215,-0.00122290407307446,0.0011501464759930968,-0.000735800713300705,-0.0007829085807316005,-0.0010342240566387773,-0.0019785971380770206,0.0004505011602304876,-0.0014408986316993833,-0.0032257307320833206,-0.0041807545349001884,-0.0034513899590820074,-0.006714026443660259,-0.0050187502056360245,-0.00023878374486230314,-0.006600492633879185,-0.005237156059592962
ADSK,21,2026-04-07 18:45:00+00:00,14:45,-0.005262755323201418,down,-0.003585860366001725,0.0007676176028326154,-0.005554323550313711,-0.002352650510147214,-0.005858401767909527,-0.007265662774443626,-0.01178179681301117,-0.007949845865368843,-0.006281930021941662,-0.006381524261087179,-0.005588313098996878,-0.004541995469480753,-0.005331835709512234,-0.00504031777381897,-0.007513930089771748,-0.0060762083157896996,-0.0019498332403600216,-0.00273316353559494,-0.004259268753230572,-0.004589747171849012,-0.0032525218557566404,-0.008192149922251701,-0.008607556112110615,-0.005865698680281639,-0.008241328410804272,-0.005262755323201418
LVS,21,2026-04-07 18:45:00+00:00,14:45,-0.005269169341772795,down,-0.004515110049396753,-0.002372005023062229,-0.005221524741500616,-0.0034703928977251053,-0.004509256687015295,-0.004832501523196697,-0.007399972062557936,-0.004852640442550182,-0.00308205746114254,-0.003815427655354142,-0.002855949802324176,-0.0012736631324514747,-0.0015829050680622458,-0.0017989937914535403,-0.0018364108400419354,-0.0034490658435970545,-0.0006146067171357572,-0.003480959450826049,-0.004023924469947815,-0.003868349827826023,-0.006041421554982662,-0.007758580148220062,-0.009730327874422073,-0.00709870969876647,-0.008541177958250046,-0.005269169341772795
KVUE,21,2026-04-07 18:45:00+00:00,14:45,-0.005298597738146782,down,-0.011572684161365032,-0.0037635560147464275,-0.005314287729561329,-0.0057385084219276905,0.0059760273434221745,0.004099015146493912,0.0027682415675371885,-0.006357511971145868,-0.007094776723533869,-0.013112122192978859,-0.010258306749165058,-0.008150915615260601,-0.005947835743427277,-0.004040769767016172,-0.010967947542667389,-0.008751017972826958,-0.008170291781425476,-0.004990973975509405,-0.007794701494276524,-0.009453081525862217,-0.0076825893484056,-0.01562640070915222,-0.011962927877902985,-0.00755908340215683,-0.01367257721722126,-0.005298597738146782
HOOD,21,2026-04-07 18:45:00+00:00,14:45,-0.005336778238415718,down,-0.010968687944114208,-0.01496100053191185,-0.021060867235064507,-0.014883396215736866,-0.015333825722336769,-0.014768236316740513,-0.015956636518239975,-0.011729283258318901,-0.013026870787143707,-0.010906701907515526,-0.011199282482266426,-0.008060092106461525,-0.004158627707511187,-0.003836475545540452,-0.006194753106683493,-0.008615083061158657,-0.0014134428929537535,-0.004922881722450256,-0.004481432028114796,-0.003794881282374263,-0.007264326326549053,-0.01112880278378725,-0.012786761857569218,-0.004524263087660074,-0.009256992489099503,-0.005336778238415718
DUK,21,2026-04-07 18:45:00+00:00,14:45,-0.005374654661864042,down,-0.002283138921484351,0.0053855497390031815,0.00518371956422925,0.002791067585349083,0.0041923560202121735,0.0035819874610751867,0.0030697055626660585,-0.0008026374853216112,0.00014260753232520074,-0.003416040912270546,0.0007252217037603259,-0.0013371109962463379,-0.003421405330300331,-0.0027581125032156706,-0.0032092721667140722,-0.0034514067228883505,-0.0029833014123141766,-0.0026904635597020388,-0.0012701806845143437,-0.0005316926981322467,-0.004169567488133907,-0.003826379543170333,-0.005489155650138855,-0.0015953055117279291,-0.0035223872400820255,-0.005374654661864042
UPS,21,2026-04-07 18:45:00+00:00,14:45,-0.005635188426822424,down,-0.005415677092969418,-0.0008877734071575105,-0.006087012588977814,-0.003057283814996481,-0.005258775316178799,-0.0036613501142710447,-0.0072594597004354,-0.0052449628710746765,-0.009380855597555637,-0.007995839230716228,-0.00674194423481822,-0.00533328065648675,-0.005760502070188522,-0.00577657762914896,-0.008330863900482655,-0.0071106720715761185,-0.004746939986944199,-0.005194139666855335,-0.007780333980917931,-0.00708743603900075,-0.006185101345181465,-0.007405306678265333,-0.007097810506820679,-0.004000868648290634,-0.006823293399065733,-0.005635188426822424
CB,21,2026-04-07 18:45:00+00:00,14:45,-0.005711312405765057,down,-0.006457693409174681,-0.0035423850640654564,-0.003390944330021739,-0.0024497953709214926,0.0009085374767892063,-0.00043787562754005194,-0.003333351109176874,-0.004145778715610504,-0.003750639734789729,-0.002428157487884164,-0.0026130382902920246,-0.0026067006401717663,-0.00343166571110487,-0.001624200725927949,-0.001621018280275166,-0.0025470308028161526,-0.0012826871825382113,-0.0020685638301074505,-0.0023743510246276855,-0.002193191321566701,-0.003633637446910143,-0.0047332183457911015,-0.005403637886047363,-0.003543035825714469,-0.005435282830148935,-0.005711312405765057
EXR,21,2026-04-07 18:45:00+00:00,14:45,-0.005753199569880962,down,-0.001948932302184403,0.0017540055559948087,-0.0012403492582961917,0.0002276107552461326,0.0014188644709065557,-0.0006482381140813231,-0.0038747277576476336,-0.004819460678845644,-0.004981876350939274,-0.0060495780780911446,-0.004246050026267767,-0.004122783429920673,-0.005678212270140648,-0.0064600626938045025,-0.006690517999231815,-0.006431809160858393,-0.0029434289317578077,-0.003213346702978015,-0.0026637038681656122,-0.0027085926849395037,-0.003164367051795125,-0.006378316320478916,-0.005336351227015257,-0.003243471495807171,-0.005556251388043165,-0.005753199569880962
QCOM,21,2026-04-07 18:45:00+00:00,14:45,-0.005765653681010008,down,-0.007622978184372187,-0.002746452344581485,-0.007532653398811817,-0.00687949825078249,-0.00753667252138257,-0.010695789940655231,-0.01580422930419445,-0.013489928096532822,-0.012820331379771233,-0.013566747307777405,-0.009424558840692043,-0.011436250992119312,-0.007894068956375122,-0.009872491471469402,-0.010236546397209167,-0.010496530681848526,-0.010612969286739826,-0.011519358493387699,-0.00885271467268467,-0.011232693679630756,-0.009803560562431812,-0.010400772094726562,-0.010298250243067741,-0.007656051777303219,-0.00580203952267766,-0.005765653681010008
ARES,21,2026-04-07 18:45:00+00:00,14:45,-0.005765759386122227,down,-0.010523146949708462,-0.003831100882962346,-0.004061836749315262,-0.005007332656532526,-0.004155178554356098,-0.00771420868113637,-0.01211498025804758,-0.01013642642647028,-0.008266172371804714,-0.013965514488518238,-0.008951785042881966,-0.0103846974670887,-0.009979387745261192,-0.008214298635721207,-0.006991267669945955,-0.006735980045050383,-0.009327067993581295,-0.010656042024493217,-0.012824123725295067,-0.013183193281292915,-0.010281719267368317,-0.01180227193981409,-0.009221598505973816,-0.00612191716209054,-0.007634539622813463,-0.005765759386122227
TGT,21,2026-04-07 18:45:00+00:00,14:45,-0.005781755782663822,down,-0.004777554422616959,-0.0014523706631734967,-0.004742343444377184,-0.002217340748757124,-0.0019660876132547855,-0.006456283386796713,-0.007286808453500271,-0.006612919270992279,-0.00576938409358263,-0.010642347857356071,-0.005758529994636774,-0.005165118258446455,-0.004956141114234924,-0.0037149821873754263,-0.0044219414703547955,-0.005296244751662016,-0.004647830966860056,-0.005195693112909794,-0.005197326652705669,-0.007021293975412846,-0.0063758487813174725,-0.006609986070543528,-0.006326615344733,-0.0028039475437253714,-0.005303474143147469,-0.005781755782663822
AWK,21,2026-04-07 18:45:00+00:00,14:45,-0.005792510695755482,down,0.0016643782146275043,0.004884383175522089,0.006383220199495554,0.0027751612942665815,0.004683010745793581,0.0026766760274767876,0.0022707488387823105,-3.623633529059589e-05,0.0006296984502114356,0.001520821126177907,0.00252591073513031,0.0013793011894449592,-0.00020331736595835537,0.0009143154020421207,-6.550005491590127e-05,-0.002580915344879031,0.0011635995469987392,-0.00045543647138401866,0.0003676678170450032,0.0007551861344836652,-0.001711239223368466,-0.001978940097615123,-0.003109676530584693,0.00012075851554982364,-0.004572398029267788,-0.005792510695755482
EXE,21,2026-04-07 18:45:00+00:00,14:45,-0.005818843375891447,down,-0.012830089777708054,-0.007039567455649376,-0.011600762605667114,-0.007749615702778101,-0.009462115354835987,-0.006301926448941231,-0.009614216163754463,-0.0082585159689188,-0.008307668380439281,-0.008816205896437168,-0.008658232167363167,-0.008957610465586185,-0.011247738264501095,-0.007101219147443771,-0.007915397174656391,-0.005891222972422838,-0.005388521123677492,-0.0047632846981287,-0.004879640880972147,-0.0056547196581959724,-0.004227294120937586,-0.006046778988093138,-0.004703393206000328,-0.00452911714091897,-0.005493436940014362,-0.005818843375891447
O,21,2026-04-07 18:45:00+00:00,14:45,-0.005832513328641653,down,-0.0012644467642530799,-0.0001482372754253447,-0.0010819144081324339,-0.0005547098116949201,-0.00015641891513951123,-0.002027037786319852,-0.003657024120911956,-0.0046544489450752735,-0.0036192433908581734,-0.003748676273971796,-0.0014607947086915374,-0.0019463427597656846,-0.0031639107037335634,-0.0048564462922513485,-0.003921667113900185,-0.004338172730058432,-0.00287258205935359,-0.0011381612857803702,-0.001835110830143094,-0.001769640133716166,-0.0038324964698404074,-0.006186704151332378,-0.006335373502224684,-0.002548344898968935,-0.006222052965313196,-0.005832513328641653
ORCL,21,2026-04-07 18:45:00+00:00,14:45,-0.005876332987099886,down,-0.00481755193322897,-0.00533497566357255,-0.007360490038990974,-0.0049365791492164135,-0.010228821076452732,-0.010849783197045326,-0.01284902822226286,-0.015017742291092873,-0.015904314815998077,-0.011451520957052708,-0.008475596085190773,-0.0088672349229455,-0.006719330325722694,-0.00516749732196331,-0.005379286594688892,-0.0075019346550107,-0.0040907408110797405,-0.004541871603578329,-0.005141805857419968,-0.007612332701683044,-0.00899918470531702,-0.010490544140338898,-0.011193313635885715,-0.005122157745063305,-0.00817205011844635,-0.005876332987099886
HPE,21,2026-04-07 18:45:00+00:00,14:45,-0.005883199628442526,down,-0.013371875509619713,-0.008870515041053295,-0.012826056219637394,-0.007658591493964195,-0.006539107766002417,-0.007165886461734772,-0.009584357030689716,-0.009996077045798302,-0.010802662931382656,-0.010766437277197838,-0.00778493145480752,-0.007933389395475388,-0.010072238743305206,-0.00816967710852623,-0.009123029187321663,-0.008877625688910484,-0.008600486442446709,-0.009906567633152008,-0.008546050637960434,-0.008259487338364124,-0.015836382284760475,-0.01696978323161602,-0.016403211280703545,-0.009500624611973763,-0.00949766393750906,-0.005883199628442526
D,21,2026-04-07 18:45:00+00:00,14:45,-0.005934410262852907,down,-0.0013173205079510808,0.0002886303700506687,-0.0019421048928052187,-0.0018139879684895277,0.0007264754385687411,-0.0005085728480480611,-0.002648735884577036,-0.004072922747582197,-0.0026781565975397825,-0.002832673955708742,0.00043522022315301,-0.002177325077354908,-0.00431339256465435,-0.004539300687611103,-0.003083559451624751,-0.004251472186297178,-0.0027004180010408163,-0.0015855652745813131,-0.0017607284244149923,-0.001689060707576573,-0.005194654688239098,-0.005325197707861662,-0.007127612829208374,-0.0016200857935473323,-0.004585692193359137,-0.005934410262852907
WMB,21,2026-04-07 18:45:00+00:00,14:45,-0.005945110227912664,down,0.00426278542727232,0.005578911863267422,0.0052849119529128075,0.002955320058390498,0.0031059964094311,0.00023931817850098014,-0.0013747247867286205,-0.004714274778962135,-0.004904709756374359,-0.0043623195961117744,-0.0034469941165298223,-0.0006958091398701072,9.614524969947524e-06,0.002606018213555217,0.0001739378785714507,-0.004124438855797052,-0.0003727736184373498,-0.002185515593737364,-0.0009620304335840046,0.0008122880826704204,0.00032264215406030416,-0.0004962185048498213,-0.0014618777204304934,-0.0048685683868825436,-0.004659654572606087,-0.005945110227912664
PG,21,2026-04-07 18:45:00+00:00,14:45,-0.006048709154129028,down,-0.007161538582295179,-0.0039185089990496635,-0.0072332266718149185,-0.006358866114169359,-0.0032129280734807253,-0.005619836039841175,-0.007831205613911152,-0.009911131113767624,-0.007666946854442358,-0.010598991997539997,-0.008126059547066689,-0.006954954005777836,-0.0076097710989415646,-0.007998839020729065,-0.008652866818010807,-0.00833258405327797,-0.007995092310011387,-0.008443270809948444,-0.006608888506889343,-0.005685174837708473,-0.005985573399811983,-0.008502730168402195,-0.00892302580177784,-0.00822361558675766,-0.006663455627858639,-0.006048709154129028
MSFT,21,2026-04-07 18:45:00+00:00,14:45,-0.006071089301258326,down,-0.005457798019051552,-0.009156951680779457,-0.013260944746434689,-0.010573545470833778,-0.013814608566462994,-0.01721053570508957,-0.015099133364856243,-0.01319851353764534,-0.012475758790969849,-0.007650049868971109,-0.005399967078119516,-0.0064918347634375095,-0.008414704352617264,-0.0077630928717553616,-0.006764312740415335,-0.0069466233253479,-0.007127250079065561,-0.0083001172170043,-0.0069918641820549965,-0.008314810693264008,-0.009825557470321655,-0.015459493733942509,-0.014062004163861275,-0.013186030089855194,-0.008922060951590538,-0.006071089301258326
RMD,21,2026-04-07 18:45:00+00:00,14:45,-0.006150171160697937,down,-0.0005793440504930913,0.0006600880878977478,-0.00344920065253973,-0.0022201889660209417,-0.0040975455194711685,-0.0046993400901556015,-0.006453665439039469,-0.005034011323004961,-0.003631702158600092,-0.001443594112060964,-0.0008351157885044813,0.001987951574847102,0.0007254176307469606,0.00021321565145626664,-0.0011148098856210709,-0.002083177212625742,3.914460103260353e-05,-0.0019029943505302072,-0.0018230134155601263,-0.0010317069245502353,0.0006818366819061339,-0.0035291959065943956,-0.0027170968241989613,0.0013189922319725156,-0.005224648863077164,-0.006150171160697937
NOC,21,2026-04-07 18:45:00+00:00,14:45,-0.006309580057859421,down,-0.0033223486971110106,-0.0010461985366418958,-0.0023315518628805876,-0.0015646041138097644,-0.0019519663183018565,-0.0026928808074444532,-0.005237618461251259,-0.0036387222353368998,-0.005519915837794542,-0.004582235123962164,-0.003972102887928486,-0.0025799195282161236,-0.002319294959306717,-0.001975151477381587,-0.0034332983195781708,-0.004082896281033754,-0.0051030670292675495,-0.004224775824695826,-0.007240782491862774,-0.006766397971659899,-0.0070295557379722595,-0.007552153896540403,-0.006150058936327696,-0.004470599349588156,-0.006863217800855637,-0.006309580057859421
TTD,21,2026-04-07 18:45:00+00:00,14:45,-0.006330990232527256,down,-0.007728923577815294,-0.00724799046292901,-0.017290575429797173,-0.016997143626213074,-0.021314742043614388,-0.024256862699985504,-0.026143979281187057,-0.025361495092511177,-0.023821357637643814,-0.019172225147485733,-0.014708920381963253,-0.011412324383854866,-0.01313443761318922,-0.01056323666125536,-0.0133989742025733,-0.015692468732595444,-0.011436505243182182,-0.011936655268073082,-0.012700813822448254,-0.01264268159866333,-0.020868556573987007,-0.025218702852725983,-0.023587599396705627,-0.01371565368026495,-0.013314373791217804,-0.006330990232527256
PEG,21,2026-04-07 18:45:00+00:00,14:45,-0.0063700065948069096,down,0.00050207762978971,0.002226781565696001,0.0007631573243997991,0.0005219691665843129,0.00024379267415497452,-0.0016037934692576528,-0.003373869927600026,-0.004073368385434151,-0.0032329114619642496,-0.005292912945151329,-0.003549819113686681,-0.003490240080282092,-0.004150081891566515,-0.003020090749487281,-0.003887695726007223,-0.005642489064484835,-0.004061276093125343,-0.0050568608567118645,-0.0039218212477862835,-0.0025492587592452765,-0.004421698860824108,-0.005011472851037979,-0.0068311020731925964,-0.004020172171294689,-0.0061615160666406155,-0.0063700065948069096
NKE,21,2026-04-07 18:45:00+00:00,14:45,-0.006567735690623522,down,-0.013743210583925247,-0.0120233790948987,-0.01578298956155777,-0.015460112132132053,-0.010540156625211239,-0.010184931568801403,-0.015024639666080475,-0.014772418886423111,-0.012056875973939896,-0.016284571960568428,-0.01325660664588213,-0.014942442998290062,-0.012490175664424896,-0.010477525182068348,-0.008525983430445194,-0.010639399290084839,-0.012490125373005867,-0.007149825803935528,-0.011189882643520832,-0.012846725061535835,-0.012091089971363544,-0.014822098426520824,-0.012824210338294506,-0.007554716430604458,-0.009043388068675995,-0.006567735690623522
YUM,21,2026-04-07 18:45:00+00:00,14:45,-0.006570592522621155,down,-0.0009800716070458293,0.001899052644148469,7.595151691930369e-05,0.0011258971644565463,0.0019449501996859908,-0.00015297533536795527,-0.0022266716696321964,-0.0033034912776201963,-0.003323244396597147,-0.0012132585979998112,0.00028522557113319635,-0.0002126246108673513,-0.0006483796169050038,-0.0009809591574594378,-0.0022991506848484278,-0.0028150551952421665,-0.0030148294754326344,-0.002947776112705469,-0.003154075937345624,-0.0029866299591958523,-0.004645735025405884,-0.006495357025414705,-0.00712122255936265,-0.0033983986359089613,-0.008413822390139103,-0.006570592522621155
SPGI,21,2026-04-07 18:45:00+00:00,14:45,-0.006668959278613329,down,-0.0063100880943238735,-0.005463493522256613,-0.007690226659178734,-0.0049024117179214954,-0.003976958338171244,-0.007405534386634827,-0.009290443733334541,-0.012477164156734943,-0.01061279233545065,-0.008277571760118008,-0.005464509595185518,-0.005759823136031628,-0.0061995480209589005,-0.007305566221475601,-0.007248591165989637,-0.009277122095227242,-0.006551362574100494,-0.007229948882013559,-0.013227641582489014,-0.011007370427250862,-0.005269918590784073,-0.006859401240944862,-0.004491702187806368,-0.002996394643560052,-0.006191040389239788,-0.006668959278613329
TTWO,21,2026-04-07 18:45:00+00:00,14:45,-0.006677607074379921,down,-0.003569616237655282,-0.0031341309659183025,-0.004115908406674862,-0.004710349254310131,-0.00801192969083786,-0.008787734434008598,-0.010388655588030815,-0.007478688377887011,-0.006474124733358622,-0.0062502045184373856,-0.005214652977883816,-0.0064938683062791824,-0.005753041245043278,-0.004903943743556738,-0.006344258785247803,-0.007276017684489489,-0.00416141701862216,-0.005635113455355167,-0.0062231458723545074,-0.006375719327479601,-0.007431341800838709,-0.008564394898712635,-0.008595753461122513,-0.007609209977090359,-0.007257585413753986,-0.006677607074379921
FICO,21,2026-04-07 18:45:00+00:00,14:45,-0.006755511276423931,down,-0.0091592688113451,-0.012141579762101173,-0.011931232176721096,-0.007728894706815481,-0.011318819597363472,-0.011874891817569733,-0.012526912614703178,-0.009640599600970745,-0.012343736365437508,-0.010257132351398468,-0.007603499572724104,-0.007202835753560066,-0.007659835275262594,-0.004924748092889786,-0.006736362352967262,-0.010241358540952206,-0.007230876944959164,-0.004984421655535698,-0.005808521062135696,-0.00899131502956152,-0.010183626785874367,-0.011255232617259026,-0.0106979263946414,-0.00853017345070839,-0.006871644873172045,-0.006755511276423931
EL,21,2026-04-07 18:45:00+00:00,14:45,-0.006849085912108421,down,-0.007024811115115881,0.00013056576426606625,-0.005215381737798452,-0.003180780215188861,-0.004570888355374336,-0.005675848573446274,-0.015081008896231651,-0.01304324995726347,-0.01235876139253378,-0.011855377815663815,-0.010224335826933384,-0.007975796237587929,-0.004449671600013971,-0.005503431893885136,-0.007738115731626749,-0.010433103889226913,-0.004976584110409021,-0.005436249542981386,-0.006713571026921272,-0.007792207878082991,-0.009000908583402634,-0.008702029474079609,-0.011424796655774117,-0.004874271806329489,-0.01078086532652378,-0.006849085912108421
CLUSD,21,2026-04-07 18:45:00+00:00,14:45,-0.006908518727868795,down,0.011803636327385902,0.013978390023112297,0.010992814786732197,0.013556215912103653,0.015335298143327236,0.008345848880708218,0.010231469757854939,0.006974923890084028,0.007579896133393049,0.0019887168891727924,0.000573192723095417,0.00022088999685365707,0.00017564362497068942,0.002251728205010295,0.007335667964071035,0.004030922893434763,-0.0006542979972437024,-0.0014215840492397547,-0.00527216587215662,-0.004181433469057083,0.003391197882592678,0.006657575257122517,0.005444958806037903,-0.004579553846269846,-0.004760991781949997,-0.006908518727868795
MMM,21,2026-04-07 18:45:00+00:00,14:45,-0.006929892115294933,down,-0.004169957712292671,-0.0004550064622890204,-0.003349432023242116,-0.0010251159546896815,0.0004711729707196355,-0.0026580195408314466,-0.005707584787160158,-0.004288037307560444,-0.005647428333759308,-0.008364747278392315,-0.0046285828575491905,-0.006269810721278191,-0.006222195457667112,-0.007529599126428366,-0.006819477304816246,-0.007760987617075443,-0.007101665250957012,-0.007509808521717787,-0.005857821088284254,-0.005761006847023964,-0.006265960168093443,-0.007077004760503769,-0.006332231219857931,-0.0048589580692350864,-0.006928139831870794,-0.006929892115294933
HRL,21,2026-04-07 18:45:00+00:00,14:45,-0.00698767090216279,down,-0.003321732860058546,-0.0006317879306152463,-0.00245624128729105,-0.005542011000216007,-0.008952922187745571,-0.008165073581039906,-0.012711046263575554,-0.008493785746395588,-0.009007862769067287,-0.008125502616167068,-0.009864049032330513,-0.00577113451436162,-0.003589537227526307,-0.0038195715751498938,-0.004500539507716894,-0.005515236407518387,-0.0011423688847571611,-0.003417833475396037,-0.0075819906778633595,-0.003671002574265003,-0.007827364839613438,-0.009974834509193897,-0.009293001145124435,-0.006811053957790136,-0.007981769740581512,-0.00698767090216279
DRI,21,2026-04-07 18:45:00+00:00,14:45,-0.007017988711595535,down,-0.004438958130776882,-0.0010420640464872122,-0.0007380974129773676,-0.0005269325920380652,-0.006037984509021044,-0.0043713743798434734,-0.007976814173161983,-0.008863055147230625,-0.011374869383871555,-0.010167761705815792,-0.010500747710466385,-0.008450991474092007,-0.011710887774825096,-0.014991293661296368,-0.01475772075355053,-0.015352042391896248,-0.011330077424645424,-0.012034352868795395,-0.013978715986013412,-0.01083956379443407,-0.007463869638741016,-0.008914566598832607,-0.009219417348504066,-0.006124409381300211,-0.009924134239554405,-0.007017988711595535
FAST,21,2026-04-07 18:45:00+00:00,14:45,-0.007044397760182619,down,-0.009928890503942966,-0.00650697061792016,-0.006779360119253397,-0.006505251862108707,-0.005898224655538797,-0.0068949125707149506,-0.008032357320189476,-0.01021370105445385,-0.010962107218801975,-0.011492978781461716,-0.009345067664980888,-0.008110207505524158,-0.009451450780034065,-0.009503988549113274,-0.00938271265476942,-0.010037177242338657,-0.007549292873591185,-0.00954414438456297,-0.01061777863651514,-0.008824761025607586,-0.008558864705264568,-0.011430244892835617,-0.011930338107049465,-0.00844174437224865,-0.009199628606438637,-0.007044397760182619
WYNN,21,2026-04-07 18:45:00+00:00,14:45,-0.007178157567977905,down,-0.0041825780645012856,0.0018454522360116243,-0.005706040188670158,-0.001714414218440652,-0.004984389524906874,-0.005427967291325331,-0.013864642009139061,-0.012654547579586506,-0.011858631856739521,-0.014407570473849773,-0.011489393189549446,-0.012310243211686611,-0.014385993592441082,-0.013058347627520561,-0.012040955014526844,-0.012927692383527756,-0.012136266566812992,-0.015547122806310654,-0.014061899855732918,-0.0148989949375391,-0.012338806875050068,-0.01390110608190298,-0.012357822619378567,-0.005786691326647997,-0.008722270838916302,-0.007178157567977905
AKAM,21,2026-04-07 18:45:00+00:00,14:45,-0.007336042821407318,down,-0.013048754073679447,-0.00584022793918848,-0.011916891671717167,-0.009944012388586998,-0.009120753034949303,-0.013447747565805912,-0.013449274003505707,-0.012220395728945732,-0.01129953097552061,-0.011937753297388554,-0.010682506486773491,-0.009481457062065601,-0.007624869234859943,-0.007999933324754238,-0.007937478832900524,-0.007502578664571047,-0.007715585175901651,-0.0071515776216983795,-0.009832853451371193,-0.011591903865337372,-0.008933554403483868,-0.010708915069699287,-0.01121673546731472,-0.007694213651120663,-0.008737762458622456,-0.007336042821407318
VICI,21,2026-04-07 18:45:00+00:00,14:45,-0.007382168434560299,down,-0.005605823826044798,-0.00024676017346791923,-0.0018618230242282152,0.0007858246099203825,-0.001222169608809054,-0.0007147162104956806,-0.00396584440022707,-0.004430277738720179,-0.003037369344383478,-0.005578668788075447,-0.0028270871844142675,-0.0030726732220500708,-0.0031135946046561003,-0.00304604833945632,-0.002942892489954829,-0.0024167157243937254,-0.0020323023200035095,-0.0027126825880259275,-0.002398893004283309,-0.0009323903359472752,-0.0021308856084942818,-0.004731451626867056,-0.005493404809385538,-0.0013276247773319483,-0.004128459375351667,-0.007382168434560299
CTAS,21,2026-04-07 18:45:00+00:00,14:45,-0.00742471544072032,down,-0.003340210299938917,-0.00039622443728148937,-0.007056867238134146,-0.007392486557364464,-0.00988414790481329,-0.009733974002301693,-0.011875969357788563,-0.008872268721461296,-0.007494824472814798,-0.006489492952823639,-0.004484913311898708,-0.004471571650356054,-0.0050406185910105705,-0.005465913563966751,-0.010261956602334976,-0.0098513038828969,-0.007815049961209297,-0.0055444021709263325,-0.0048530432395637035,-0.003843884216621518,-0.002552653895691037,-0.003671453334391117,-0.00464149983599782,-0.002798736561089754,-0.008031763136386871,-0.00742471544072032
MAS,21,2026-04-07 18:45:00+00:00,14:45,-0.007503874134272337,down,-0.0093162152916193,-0.005328981671482325,-0.008364093489944935,-0.0075330245308578014,-0.008621452376246452,-0.009968928061425686,-0.010790865868330002,-0.010619860142469406,-0.009881073608994484,-0.012080532498657703,-0.012218433432281017,-0.010140018537640572,-0.007941192016005516,-0.0067203775979578495,-0.006347336806356907,-0.009655621834099293,-0.007535172160714865,-0.00849586445838213,-0.009351293556392193,-0.008569138124585152,-0.009251203387975693,-0.011187881231307983,-0.011176333762705326,-0.006859567482024431,-0.008894570171833038,-0.007503874134272337
CLX,21,2026-04-07 18:45:00+00:00,14:45,-0.007753358222544193,down,-0.006900304928421974,-0.0052127838134765625,-0.008256002329289913,-0.004663227591663599,-0.005906832870095968,-0.007370733190327883,-0.010079873725771904,-0.009799715131521225,-0.009226816706359386,-0.011952881701290607,-0.011101830750703812,-0.009918313473463058,-0.010714050382375717,-0.009819034487009048,-0.006724638398736715,-0.00891096517443657,-0.008863423950970173,-0.005082831718027592,-0.007968868128955364,-0.005713018588721752,-0.0059426589868962765,-0.00819929875433445,-0.008582533337175846,-0.005336377769708633,-0.00989435613155365,-0.007753358222544193
TRMB,21,2026-04-07 18:45:00+00:00,14:45,-0.007815257646143436,down,-0.0028828615322709084,0.003505467902868986,-2.8952632419532165e-05,0.0028839511796832085,-0.0007416218868456781,-0.0033495386596769094,-0.009427826851606369,-0.013423196040093899,-0.008273526094853878,-0.013506251387298107,-0.015440400689840317,-0.011020769365131855,-0.009409928694367409,-0.012239960953593254,-0.015561526641249657,-0.01580682024359703,-0.012032546103000641,-0.009764639660716057,-0.006726936902850866,-0.00864395871758461,-0.006990572903305292,-0.005832537077367306,-0.008314917795360088,-0.00911757256835699,-0.011290322989225388,-0.007815257646143436
KHC,21,2026-04-07 18:45:00+00:00,14:45,-0.007834183983504772,down,-0.018006442114710808,-0.010240932926535606,-0.011516951024532318,-0.008669153787195683,-0.0063887848518788815,-0.005375172011554241,-0.009084933437407017,-0.011459752917289734,-0.013897043652832508,-0.014407127164304256,-0.009618012234568596,-0.009669902734458447,-0.009501100517809391,-0.009454366751015186,-0.004895455669611692,-0.004458239767700434,-0.005460530985146761,-0.008452909998595715,-0.008545415475964546,-0.007827981375157833,-0.00898969080299139,-0.010258900001645088,-0.011647436767816544,-0.004962553735822439,-0.0054208203218877316,-0.007834183983504772
ETR,21,2026-04-07 18:45:00+00:00,14:45,-0.007955288514494896,down,-0.0055521270260214806,-0.0046384576708078384,-0.006233905907720327,-0.003481548745185137,-0.0022785370238125324,-0.0023972855415195227,-0.003126617521047592,-0.006544647738337517,-0.006892188917845488,-0.007440811488777399,-0.005376431159675121,-0.0033457765821367502,-0.002273533260449767,-0.003279981203377247,-0.004042165819555521,-0.0036025294102728367,-0.003441179171204567,-0.004592069424688816,-0.005742654670029879,-0.005285392049700022,-0.00656431820243597,-0.009381207637488842,-0.0077493684366345406,-0.0038804912474006414,-0.004766305908560753,-0.007955288514494896
BEN,21,2026-04-07 18:45:00+00:00,14:45,-0.007983732037246227,down,-0.006101896986365318,-0.004107814282178879,-0.006230026949197054,-0.0063240379095077515,-0.0061521683819592,-0.006689829286187887,-0.00898342952132225,-0.008749622851610184,-0.005049448926001787,-0.003855315502732992,-0.002751358551904559,-0.0011183848837390542,-0.0011862479150295258,-0.001134128193370998,-0.0013324805768206716,-0.0023228575009852648,-0.0018216680036857724,-0.001773978816345334,-0.003148499643430114,-0.004096237942576408,-0.0029463074170053005,-0.005397563334554434,-0.006631688680499792,-0.004170425236225128,-0.006592786405235529,-0.007983732037246227
GPC,21,2026-04-07 18:45:00+00:00,14:45,-0.007991695776581764,down,-0.0046660988591611385,-0.0031304426956921816,-0.001014861511066556,-0.0026452988386154175,-0.0015234538586810231,-0.003953969106078148,-0.0074584465473890305,-0.006748906336724758,-0.006019826512783766,-0.00810080487281084,-0.008334052748978138,-0.006036099512130022,-0.007796629797667265,-0.0067934393882751465,-0.006997706834226847,-0.007263205014169216,-0.00669324304908514,-0.006967002060264349,-0.009272970259189606,-0.007399499416351318,-0.008837447501718998,-0.009625027887523174,-0.0085302060469985,-0.0044862148351967335,-0.00789016392081976,-0.007991695776581764
CMCSA,21,2026-04-07 18:45:00+00:00,14:45,-0.008040561340749264,down,-0.0046621160581707954,-0.000574038946069777,-0.0025704323779791594,-0.0008055177750065923,0.0007094470201991498,-0.0006198369082994759,-0.002304096007719636,-0.0027272647712379694,-0.0029546760488301516,-0.006723759230226278,-0.007164842449128628,-0.007687954232096672,-0.010203712619841099,-0.009169281460344791,-0.008617227897047997,-0.009808498434722424,-0.009819927625358105,-0.010808312334120274,-0.008354101330041885,-0.006853192579001188,-0.006698605604469776,-0.008586030453443527,-0.010726550593972206,-0.008490321226418018,-0.008489828556776047,-0.008040561340749264
RVTY,21,2026-04-07 18:45:00+00:00,14:45,-0.00817339401692152,down,-0.0056199608370661736,-0.005428237374871969,-0.008110003545880318,-0.007758444640785456,-0.006758067291229963,-0.010378521867096424,-0.013296484015882015,-0.01237134076654911,-0.011617081239819527,-0.013509586453437805,-0.016817564144730568,-0.012539817951619625,-0.011999336071312428,-0.01000969298183918,-0.009977775625884533,-0.01322378683835268,-0.008192640729248524,-0.010115323588252068,-0.011636667884886265,-0.00935725960880518,-0.010610934346914291,-0.010591398924589157,-0.012230902910232544,-0.00788327306509018,-0.00841904990375042,-0.00817339401692152
T,21,2026-04-07 18:45:00+00:00,14:45,-0.008227861486375332,down,-0.008647672832012177,-0.006120176985859871,-0.01082860678434372,-0.010295041836798191,-0.010641972534358501,-0.012191440910100937,-0.013706555590033531,-0.009683389216661453,-0.007955025881528854,-0.005892420653253794,-0.007091773208230734,-0.007948796264827251,-0.011393258348107338,-0.012478012591600418,-0.012605573982000351,-0.010313709266483784,-0.006266888231039047,-0.008025843650102615,-0.007392691448330879,-0.006157887168228626,-0.004911493510007858,-0.006301783490926027,-0.008799943141639233,-0.008804379031062126,-0.00913506094366312,-0.008227861486375332
NOW,21,2026-04-07 18:45:00+00:00,14:45,-0.008277613669633865,down,-0.010791733860969543,-0.00460145203396678,-0.018342403694987297,-0.017084233462810516,-0.017204396426677704,-0.02108117938041687,-0.022381586953997612,-0.019239109009504318,-0.02063925191760063,-0.012669457122683525,-0.008501201868057251,-0.010217017494142056,-0.008740208111703396,-0.006637068465352058,-0.007924563251435757,-0.008734501898288727,-0.008669763803482056,-0.007487209979444742,-0.010143575258553028,-0.007499287836253643,-0.007493689190596342,-0.009480452165007591,-0.007889560423791409,-0.0058692521415650845,-0.005864116363227367,-0.008277613669633865
MGM,21,2026-04-07 18:45:00+00:00,14:45,-0.008341050706803799,down,-0.007808095775544643,-0.007988947443664074,-0.008475075475871563,-0.010038329288363457,-0.00889198575168848,-0.013323722407221794,-0.01736421324312687,-0.01859152875840664,-0.016742216423153877,-0.01579616218805313,-0.012224155478179455,-0.007798388134688139,-0.007370234001427889,-0.007325740996748209,-0.008728526532649994,-0.010151823982596397,-0.0058652604930102825,-0.006580750457942486,-0.00849894993007183,-0.008143948391079903,-0.008776502683758736,-0.011897171847522259,-0.011559862643480301,-0.005037499126046896,-0.009123102761805058,-0.008341050706803799
NEM,21,2026-04-07 18:45:00+00:00,14:45,-0.00845648068934679,down,-0.0034709281753748655,-0.0008450956083834171,-0.003164486028254032,0.00027428491739556193,-0.0006681645172648132,0.0007547014392912388,-0.002243609866127372,-0.00031960493652150035,-0.003643652191385627,0.0006124226492829621,0.0014639160363003612,0.0029185775201767683,0.003334777196869254,0.002688485197722912,0.0012229073327034712,0.0009636697941459715,-0.00015745812561362982,-0.0016566822305321693,0.00030973152024671435,-0.004527662880718708,-0.008451053872704506,-0.010871419683098793,-0.009271802380681038,-0.008378759026527405,-0.010618509724736214,-0.00845648068934679
AXON,21,2026-04-07 18:45:00+00:00,14:45,-0.00864332728087902,down,-0.010678289458155632,-0.014328296296298504,-0.021809782832860947,-0.0188603512942791,-0.03408939391374588,-0.03237632289528847,-0.03344243764877319,-0.02815556526184082,-0.025035327300429344,-0.027092425152659416,-0.024509098380804062,-0.01848146691918373,-0.02238447777926922,-0.035600755363702774,-0.036124441772699356,-0.03602742403745651,-0.04208244010806084,-0.02788102999329567,-0.04180227220058441,-0.02847522497177124,-0.031112950295209885,-0.0324878916144371,-0.02204950526356697,-0.017825083807110786,-0.02584967017173767,-0.00864332728087902
POOL,21,2026-04-07 18:45:00+00:00,14:45,-0.008710449561476707,down,-0.00765966298058629,-0.007070615421980619,-0.008466552942991257,-0.006368013098835945,-0.0076172188855707645,-0.00785964634269476,-0.014081945642828941,-0.012104377150535583,-0.012680010870099068,-0.012161367572844028,-0.011461233720183372,-0.012992758303880692,-0.012994416058063507,-0.014145668596029282,-0.01088695414364338,-0.011790495365858078,-0.009652295149862766,-0.00858582928776741,-0.010602940805256367,-0.008944741450250149,-0.01068167481571436,-0.01154693216085434,-0.014595451764762402,-0.01113184168934822,-0.011200500652194023,-0.008710449561476707
SRE,21,2026-04-07 18:45:00+00:00,14:45,-0.00874496903270483,down,0.00040476888534612954,0.002438406925648451,-0.00020698088337667286,0.00044807884842157364,0.0015512353274971247,0.0007507448899559677,3.637270856415853e-05,-0.0003602334181778133,-0.0009555291617289186,-0.005225425586104393,-0.0033965816255658865,-0.0008865903364494443,-0.0028889337554574013,-0.0032987575978040695,-0.004711831454187632,-0.006530727259814739,-0.0050658732652664185,-0.0047210752964019775,-0.00500010559335351,-0.005397717468440533,-0.005842294078320265,-0.007612123619765043,-0.007135169580578804,-0.003510083304718137,-0.0057218559086322784,-0.00874496903270483
ABT,21,2026-04-07 18:45:00+00:00,14:45,-0.008894899860024452,down,-0.0020653563551604748,0.0021605759393423796,-0.00499151274561882,-0.0039045196026563644,-0.004791167099028826,-0.007036281283944845,-0.010960363782942295,-0.008355366997420788,-0.005066072102636099,-0.006565379444509745,-0.006057268939912319,-0.005738189443945885,-0.0058576068840920925,-0.0052414205856621265,-0.006046345457434654,-0.006480823736637831,-0.006696669850498438,-0.0065391515381634235,-0.005812952294945717,-0.004735164809972048,-0.004523633047938347,-0.0077680377289652824,-0.006248918827623129,-0.006409398280084133,-0.008808949030935764,-0.008894899860024452
BG,21,2026-04-07 18:45:00+00:00,14:45,-0.00899263471364975,down,-0.007704267743974924,-0.0017095718067139387,-0.002967219799757004,-0.003523750463500619,-0.003150588134303689,-0.006486465223133564,-0.011500541120767593,-0.010341323912143707,-0.008470005355775356,-0.010104110464453697,-0.009320865385234356,-0.008778732270002365,-0.011389311403036118,-0.013469116762280464,-0.007769897114485502,-0.008112172596156597,-0.007447779178619385,-0.003966887015849352,-0.0057913148775696754,-0.0044892956502735615,-0.007018989883363247,-0.008499903604388237,-0.008173299953341484,-0.005500293802469969,-0.00920027308166027,-0.00899263471364975
MDT,21,2026-04-07 18:45:00+00:00,14:45,-0.009073459543287754,down,0.0013311483198776841,0.004117978736758232,0.0008786692633293569,0.001053949585184455,-6.259056681301445e-05,-0.003003466408699751,-0.008264181204140186,-0.0077316309325397015,-0.004519233014434576,-0.005778825841844082,-0.0035316634457558393,-0.006041663233190775,-0.006840454880148172,-0.005275065079331398,-0.007965314202010632,-0.007818560115993023,-0.0048328787088394165,-0.002807412063702941,-0.0026195915415883064,-0.002699014265090227,-0.0014510080218315125,-0.005016988143324852,-0.002836307743564248,-0.0037747810129076242,-0.008152869530022144,-0.009073459543287754
VZ,21,2026-04-07 18:45:00+00:00,14:45,-0.009475586004555225,down,-0.005369829013943672,-0.002450409345328808,-0.005069764796644449,-0.006050149444490671,-0.004307535011321306,-0.0036223402712494135,-0.003622355405241251,-0.004277975298464298,-0.003443739376962185,-0.0016600025119259953,-0.0021614746656268835,-0.0028936073649674654,-0.00461139902472496,-0.0040400889702141285,-0.005127915181219578,-0.005489414557814598,-0.0043272036127746105,-0.0051824855618178844,-0.005835910327732563,-0.006317688152194023,-0.005110656376928091,-0.005735703743994236,-0.006488940678536892,-0.0067832027561962605,-0.008369836024940014,-0.009475586004555225
J,21,2026-04-07 18:45:00+00:00,14:45,-0.009610635228455067,down,-0.005214325152337551,-0.0029245668556541204,-0.006356918718665838,-0.004775581881403923,-0.0062066297978162766,-0.007158858235925436,-0.008890428580343723,-0.00812497641891241,-0.00899207592010498,-0.010962266474962234,-0.011413090862333775,-0.009972038678824902,-0.011303510516881943,-0.011684514582157135,-0.009635132737457752,-0.009180592373013496,-0.007992797531187534,-0.006110331043601036,-0.006329316180199385,-0.006051312666386366,-0.007559994235634804,-0.009631633758544922,-0.010241806507110596,-0.0052413600496947765,-0.008091108873486519,-0.009610635228455067
MRSH,21,2026-04-07 18:45:00+00:00,14:45,-0.01016094908118248,down,-0.008749602362513542,-0.005556655116379261,-0.007411222439259291,-0.005933426320552826,-0.005922161042690277,-0.0071556041948497295,-0.009536552242934704,-0.010843081399798393,-0.011688979342579842,-0.012456967495381832,-0.011543027125298977,-0.008839787915349007,-0.00906747579574585,-0.009650114923715591,-0.010428025387227535,-0.010866513475775719,-0.008394479751586914,-0.006963524967432022,-0.008745436556637287,-0.00850166380405426,-0.009071063250303268,-0.011513053439557552,-0.011540940031409264,-0.009927337057888508,-0.010560920462012291,-0.01016094908118248
INCY,21,2026-04-07 18:45:00+00:00,14:45,-0.010247140191495419,down,-0.007916342467069626,-0.006080895662307739,-0.008794829249382019,-0.007890690118074417,-0.005304411053657532,-0.005158511456102133,-0.009111632592976093,-0.010839601047337055,-0.012624086812138557,-0.012253168039023876,-0.010994990356266499,-0.00975946243852377,-0.011731457896530628,-0.009419672191143036,-0.009105302393436432,-0.011206269264221191,-0.010987924411892891,-0.010565678589046001,-0.012287980876863003,-0.009953565895557404,-0.014263875782489777,-0.01312946155667305,-0.017400125041604042,-0.012225900776684284,-0.014819896779954433,-0.010247140191495419
LII,21,2026-04-07 18:45:00+00:00,14:45,-0.010339227505028248,down,-0.00827532447874546,-0.0025775725953280926,-0.008929994888603687,-0.0041182152926921844,-0.008997737430036068,-0.01085574459284544,-0.01278666965663433,-0.012085256166756153,-0.01539170928299427,-0.015759669244289398,-0.012918990105390549,-0.009890701621770859,-0.013572480529546738,-0.012567702680826187,-0.013378383591771126,-0.015406850725412369,-0.015501413494348526,-0.012541710399091244,-0.013794363476336002,-0.012366151437163353,-0.009897115640342236,-0.009366847574710846,-0.009104160591959953,-0.0054016029462218285,-0.012380615808069706,-0.010339227505028248
MO,21,2026-04-07 18:45:00+00:00,14:45,-0.010702277533710003,down,-0.0011326605454087257,0.0026417800690978765,-0.0014414245961233974,-0.0017273732228204608,-0.0011235609417781234,-0.003040474373847246,-0.003808189183473587,-0.003874474670737982,-0.006841140799224377,-0.005989660508930683,-0.0038906317204236984,-0.005180238280445337,-0.007034705486148596,-0.004804951138794422,-0.004789300262928009,-0.004792277701199055,-0.005466224160045385,-0.005292103160172701,-0.005885382182896137,-0.002407450694590807,-0.005464007146656513,-0.0066370354034006596,-0.0083168251439929,-0.0062890672124922276,-0.010292711667716503,-0.010702277533710003
PPG,21,2026-04-07 18:45:00+00:00,14:45,-0.010719023644924164,down,-0.00558984000235796,-0.0006319042295217514,-0.007230463437736034,-0.0037528814282268286,-0.007589621469378471,-0.011555192060768604,-0.013618703000247478,-0.011032738722860813,-0.014415318146348,-0.014805584214627743,-0.012718445621430874,-0.012865345925092697,-0.008866679854691029,-0.006031022407114506,-0.009782753884792328,-0.010440684854984283,-0.009505735710263252,-0.011206628754734993,-0.011213558726012707,-0.013910206034779549,-0.012230443768203259,-0.01402158010751009,-0.010751068592071533,-0.007194086909294128,-0.010615305975079536,-0.010719023644924164
WMT,21,2026-04-07 18:45:00+00:00,14:45,-0.010732755064964294,down,-0.006685908418148756,-0.0037905718199908733,-0.012197963893413544,-0.010366693139076233,-0.01232140976935625,-0.017416097223758698,-0.015233687125146389,-0.015097015537321568,-0.013590422458946705,-0.014098945073783398,-0.007952011190354824,-0.011795234866440296,-0.011713236570358276,-0.009512389078736305,-0.011217771098017693,-0.009813797660171986,-0.011826916597783566,-0.010563655756413937,-0.01027952041476965,-0.010047613643109798,-0.011445924639701843,-0.01357685960829258,-0.014688999392092228,-0.012652340345084667,-0.012142856605350971,-0.010732755064964294
VRSK,21,2026-04-07 18:45:00+00:00,14:45,-0.010764754377305508,down,-0.0035454684402793646,-0.0012527747312560678,-0.007573898881673813,-0.004885336849838495,-0.00599275715649128,-0.009935814887285233,-0.011635237373411655,-0.008836419321596622,-0.01083384733647108,-0.007383178453892469,-0.009334028698503971,-0.005033578723669052,-0.006243785377591848,-0.009014474228024483,-0.012882385402917862,-0.013403314165771008,-0.012644500471651554,-0.010431947186589241,-0.011884952895343304,-0.011873639188706875,-0.010502021759748459,-0.011691168881952763,-0.012143387459218502,-0.011059406213462353,-0.014321397989988327,-0.010764754377305508
GILD,21,2026-04-07 18:45:00+00:00,14:45,-0.010786409489810467,down,-0.00704686064273119,-0.002085076179355383,-0.006741635501384735,-0.006728633306920528,-0.004378334619104862,-0.005915757268667221,-0.008525744080543518,-0.009469151496887207,-0.009389111772179604,-0.012128429487347603,-0.009195077233016491,-0.009637893177568913,-0.011424407362937927,-0.011344922706484795,-0.011163178831338882,-0.012592070735991001,-0.009967731311917305,-0.011322582140564919,-0.011959577910602093,-0.010525173507630825,-0.010014479048550129,-0.01158068235963583,-0.013168442994356155,-0.012579325586557388,-0.01320653036236763,-0.010786409489810467
SJM,21,2026-04-07 18:45:00+00:00,14:45,-0.010850238613784313,down,-0.0016797857824712992,0.0016206507571041584,-0.0006957526202313602,-0.000355063151801005,-0.0006258804933167994,-0.0037738101091235876,-0.006299905013293028,-0.0060294149443507195,-0.006046155467629433,-0.00575863616541028,-0.0043096342124044895,-0.004351828712970018,-0.005477123893797398,-0.003302625147625804,-0.004266620613634586,-0.005047230515629053,-0.005110687110573053,-0.005159991793334484,-0.0028491667471826077,-0.0018446253379806876,-0.004280589986592531,-0.005081700161099434,-0.008364060893654823,-0.004724373109638691,-0.007939914241433144,-0.010850238613784313
NFLX,21,2026-04-07 18:45:00+00:00,14:45,-0.010997847653925419,down,-0.006518665235489607,-0.0022457654122263193,-0.010413352400064468,-0.008021126501262188,-0.008266305550932884,-0.007674289867281914,-0.006864637136459351,-0.008118625730276108,-0.008841891773045063,-0.008373108692467213,-0.006326005794107914,-0.01099350955337286,-0.012400103732943535,-0.012053308077156544,-0.012653559446334839,-0.013497588224709034,-0.011981382966041565,-0.012654869817197323,-0.012086120434105396,-0.012095045298337936,-0.01423273328691721,-0.014599752612411976,-0.01087929867208004,-0.0097113698720932,-0.00959440041333437,-0.010997847653925419
A,21,2026-04-07 18:45:00+00:00,14:45,-0.01102487649768591,down,-0.006781548261642456,-0.004494166933000088,-0.007192487828433514,-0.00590492831543088,-0.008031411096453667,-0.00892459787428379,-0.010065016336739063,-0.01243873406201601,-0.012065990827977657,-0.016289031133055687,-0.013802926056087017,-0.013752098195254803,-0.0131074832752347,-0.013782869093120098,-0.009864114224910736,-0.012954055331647396,-0.012435241602361202,-0.00987542886286974,-0.01386524923145771,-0.011467868462204933,-0.010921865701675415,-0.01331122312694788,-0.012062903493642807,-0.008383763954043388,-0.011264176107943058,-0.01102487649768591
ZBRA,21,2026-04-07 18:45:00+00:00,14:45,-0.011057566851377487,down,-0.006598525680601597,-0.0026785917580127716,-0.007110487669706345,-0.002325046807527542,-0.00469178007915616,-0.0019894237630069256,-0.00935459416359663,-0.006856211461126804,-0.008707299828529358,-0.0034038913436233997,-0.004000239539891481,-0.0030802807305008173,-0.003948755096644163,-0.003594703506678343,-0.004254442173987627,-0.005937955807894468,-0.0009940433083102107,-0.0024430686607956886,-0.003955921158194542,-0.004679245408624411,-0.007775743491947651,-0.011402556672692299,-0.009789623320102692,-0.004261692054569721,-0.008429561741650105,-0.011057566851377487
AOS,21,2026-04-07 18:45:00+00:00,14:45,-0.011195676401257515,down,-0.007657660637050867,-0.0037702058907598257,-0.00787353515625,-0.00597479660063982,-0.007669113110750914,-0.009944772347807884,-0.01153345312923193,-0.014211355708539486,-0.01568944938480854,-0.016610179096460342,-0.015824545174837112,-0.0145299406722188,-0.015228929929435253,-0.013864287175238132,-0.012399646453559399,-0.012647293508052826,-0.010399133898317814,-0.009730752557516098,-0.011396447196602821,-0.011808664537966251,-0.010197692550718784,-0.010962944477796555,-0.013942522928118706,-0.009207342751324177,-0.013640597462654114,-0.011195676401257515
CVX,21,2026-04-07 18:45:00+00:00,14:45,-0.011466839350759983,down,-0.005815834738314152,-0.002893187338486314,-0.005669102072715759,-0.006959740072488785,-0.006575924344360828,-0.008708884939551353,-0.01014722790569067,-0.007834048010408878,-0.007679696194827557,-0.007118199486285448,-0.0061502112075686455,-0.006675931625068188,-0.004630350973457098,-0.005054180044680834,-0.0054169935174286366,-0.009201712906360626,-0.009161911904811859,-0.006808709353208542,-0.009552175179123878,-0.010191074572503567,-0.008144561201334,-0.009219065308570862,-0.010531647130846977,-0.008269582875072956,-0.009000737220048904,-0.011466839350759983
DDOG,21,2026-04-07 18:45:00+00:00,14:45,-0.011574865318834782,down,-0.0012316307984292507,-0.011353807523846626,-0.02021671272814274,-0.00930970348417759,-0.014573594555258751,-0.01602291502058506,-0.018187476322054863,-0.012887914665043354,-0.006321655120700598,-0.00631957920268178,-0.0025292846839874983,-0.0005192971439100802,-0.0025107981637120247,-0.0054392702877521515,-0.004645812790840864,-0.003197068115696311,-0.0034261918626725674,0.002039122162386775,-0.0019079558551311493,-0.0023357660975307226,-0.002027842914685607,-0.004606445319950581,-0.0037828125059604645,-0.0024104081094264984,-0.005165259353816509,-0.011574865318834782
HAL,21,2026-04-07 18:45:00+00:00,14:45,-0.01178012602031231,down,-0.013038400560617447,-0.007885448634624481,-0.01231996901333332,-0.01184398028999567,-0.012578331865370274,-0.016066906973719597,-0.018823400139808655,-0.022107308730483055,-0.02104390412569046,-0.02078036405146122,-0.018059512600302696,-0.016045143827795982,-0.016590869054198265,-0.013560878112912178,-0.011352133937180042,-0.013116559013724327,-0.012871813960373402,-0.01390574499964714,-0.014479583129286766,-0.014203888364136219,-0.01434724684804678,-0.017145929858088493,-0.01710384711623192,-0.01252073422074318,-0.01509731262922287,-0.01178012602031231
KMI,21,2026-04-07 18:45:00+00:00,14:45,-0.011847916059195995,down,0.0012283234391361475,0.003068553749471903,0.0020209942013025284,0.0010125853586941957,0.0016430850373581052,-0.0011743514332920313,-0.0011094955261796713,-0.003742050379514694,-0.0028120134957134724,-0.0029733479022979736,-5.3862484492128715e-05,-0.0036597601138055325,-0.005915648769587278,-0.006564714014530182,-0.0060730502009391785,-0.008013700135052204,-0.008184313774108887,-0.0091520631685853,-0.007611581590026617,-0.007051096297800541,-0.008644490502774715,-0.010670632123947144,-0.013041016645729542,-0.009418345987796783,-0.011891473084688187,-0.011847916059195995
EFX,21,2026-04-07 18:45:00+00:00,14:45,-0.012329282239079475,down,-0.0008691541734151542,0.0024446211755275726,-0.004820433910936117,-0.0019978636410087347,-0.00610080873593688,-0.0075019425712525845,-0.010411628521978855,-0.008551858365535736,-0.008533082902431488,-0.00649655656889081,-0.006904748268425465,-0.0038506686687469482,-0.001523708226159215,-0.0024084255564957857,-0.008204645477235317,-0.008826163597404957,-0.005614514462649822,-0.005020577926188707,-0.003981068264693022,-0.004524609073996544,-0.007662149146199226,-0.0099591463804245,-0.008411958813667297,-0.006664695683866739,-0.011807623319327831,-0.012329282239079475
PGR,21,2026-04-07 18:45:00+00:00,14:45,-0.012349811382591724,down,-0.006513602565973997,-0.0034328806214034557,-0.005716721992939711,-0.0018579429015517235,-0.0014805846149101853,-0.006948633119463921,-0.009476426057517529,-0.009650989435613155,-0.00902817863970995,-0.008002840913832188,-0.00580978998914361,-0.0070568108931183815,-0.0067337872460484505,-0.007817242294549942,-0.008958651684224606,-0.009014922194182873,-0.00891546718776226,-0.008002539165318012,-0.008958698250353336,-0.007722403854131699,-0.00910758413374424,-0.010028892196714878,-0.011863920837640762,-0.009557376615703106,-0.009499610401690006,-0.012349811382591724
CARR,21,2026-04-07 18:45:00+00:00,14:45,-0.012562045827507973,down,-0.01617913320660591,-0.010609899647533894,-0.015901340171694756,-0.013978341594338417,-0.015091181732714176,-0.01687273196876049,-0.019518082961440086,-0.019800134003162384,-0.02053464576601982,-0.02285410836338997,-0.018242860212922096,-0.01572575606405735,-0.01509634219110012,-0.01412991713732481,-0.014735899865627289,-0.016848433762788773,-0.014170966111123562,-0.015341420657932758,-0.01552793849259615,-0.015311126597225666,-0.015205873176455498,-0.01823236420750618,-0.018421323969960213,-0.013427354395389557,-0.015757042914628983,-0.012562045827507973
NTAP,21,2026-04-07 18:45:00+00:00,14:45,-0.012587960809469223,down,-0.0020609362982213497,0.005080013535916805,-0.0021983208134770393,-0.0029455835465341806,-0.00887237023562193,-0.009899788536131382,-0.011601496487855911,-0.010209323838353157,-0.010465232655405998,-0.01138988509774208,-0.008815300650894642,-0.006419904995709658,-0.0039072479121387005,-0.003739019390195608,-0.008424169383943081,-0.009129269979894161,-0.00917885173112154,-0.010136346332728863,-0.014271708205342293,-0.013554432429373264,-0.01022341288626194,-0.01082762610167265,-0.012818593531847,-0.012145012617111206,-0.013045033439993858,-0.012587960809469223
APO,21,2026-04-07 18:45:00+00:00,14:45,-0.012723622843623161,down,-0.011952863074839115,-0.008569956757128239,-0.009103533811867237,-0.007091820705682039,-0.009122864343225956,-0.00933851394802332,-0.011588482186198235,-0.010547608137130737,-0.009141012094914913,-0.012378652580082417,-0.01009201630949974,-0.010380330495536327,-0.010244875214993954,-0.008351427502930164,-0.010360311716794968,-0.01064407266676426,-0.008178593590855598,-0.008286972530186176,-0.010529713705182076,-0.011107726022601128,-0.012165823951363564,-0.011044567450881004,-0.013251718133687973,-0.009901836514472961,-0.009098751470446587,-0.012723622843623161
MRK,21,2026-04-07 18:45:00+00:00,14:45,-0.013058748096227646,down,-0.008695044554769993,-0.009589359164237976,-0.015163165517151356,-0.009797909297049046,-0.010748173110187054,-0.015962662175297737,-0.016194971278309822,-0.015042330138385296,-0.018420016393065453,-0.018932705745100975,-0.01443772204220295,-0.01617310382425785,-0.013904512859880924,-0.012695089913904667,-0.01321217231452465,-0.013644693419337273,-0.013544796034693718,-0.015369104221463203,-0.015108359046280384,-0.016106879338622093,-0.01549489889293909,-0.01581370271742344,-0.018070241436362267,-0.013260419480502605,-0.013655431568622589,-0.013058748096227646
CPRT,21,2026-04-07 18:45:00+00:00,14:45,-0.013105652295053005,down,-0.002289295895025134,0.003755949204787612,-0.0019340231083333492,-0.0003274711489211768,-0.003989309072494507,-0.005198633763939142,-0.008154083974659443,-0.008165251463651657,-0.006941435858607292,-0.004169139079749584,-0.001467090449295938,-0.0029059341177344322,-0.0025046486407518387,-0.00301277544349432,-0.0025798934511840343,-0.004888737108558416,-0.005309824366122484,-0.004051243886351585,-0.004901787731796503,-0.006621818523854017,-0.006767365150153637,-0.009897115640342236,-0.011296562850475311,-0.011229575611650944,-0.014173679053783417,-0.013105652295053005
SOLV,21,2026-04-07 18:45:00+00:00,14:45,-0.013223696500062943,down,-0.00937909446656704,-0.0026336153969168663,-0.007673708721995354,-0.005884336307644844,-0.008729671128094196,-0.011778624728322029,-0.014134267345070839,-0.014204503037035465,-0.016811935231089592,-0.018379881978034973,-0.018287720158696175,-0.017293492332100868,-0.017016904428601265,-0.016499068588018417,-0.014433152973651886,-0.014715398661792278,-0.011548315174877644,-0.011507214978337288,-0.01153153833001852,-0.013337139040231705,-0.012108123861253262,-0.013048180378973484,-0.014837903901934624,-0.010784749872982502,-0.01354185026139021,-0.013223696500062943
GEN,21,2026-04-07 18:45:00+00:00,14:45,-0.01335854735225439,down,-0.0117659792304039,-0.006007751449942589,-0.007374653127044439,-0.006559282075613737,-0.010094177909195423,-0.00918492954224348,-0.014130555093288422,-0.012538318522274494,-0.012718433514237404,-0.011537312529981136,-0.00966791994869709,-0.009226162917912006,-0.009862189181149006,-0.007987662218511105,-0.010773337446153164,-0.014430883340537548,-0.008120618760585785,-0.009195386432111263,-0.011749028228223324,-0.010333159938454628,-0.011663291603326797,-0.01599106192588806,-0.017670903354883194,-0.011138567700982094,-0.013491636142134666,-0.01335854735225439
ZTS,21,2026-04-07 18:45:00+00:00,14:45,-0.014013087376952171,down,-0.007551603019237518,-0.004700004123151302,-0.0068680946715176105,-0.006333834957331419,-0.007523265201598406,-0.009195241145789623,-0.011831335723400116,-0.012633039616048336,-0.013468790799379349,-0.015563580207526684,-0.012780685909092426,-0.011365970596671104,-0.01316806674003601,-0.012371703051030636,-0.010048327036201954,-0.011239780113101006,-0.009918087162077427,-0.009112355299293995,-0.010071570053696632,-0.007596988696604967,-0.009035621769726276,-0.01156434416770935,-0.012526443228125572,-0.010275449603796005,-0.011644251644611359,-0.014013087376952171
MDLZ,21,2026-04-07 18:45:00+00:00,14:45,-0.014303486794233322,down,-0.009718898683786392,-0.0036492235958576202,-0.0052737039513885975,-0.006413961760699749,-0.005687628872692585,-0.006162735633552074,-0.006465209648013115,-0.011546343564987183,-0.008951013907790184,-0.013112710788846016,-0.0116307707503438,-0.012229965068399906,-0.015753217041492462,-0.013544616289436817,-0.011811175383627415,-0.013405948877334595,-0.012105698697268963,-0.014300892129540443,-0.013209253549575806,-0.011792099103331566,-0.013418493792414665,-0.014103719033300877,-0.01695714145898819,-0.011738726869225502,-0.014782493002712727,-0.014303486794233322
PODD,21,2026-04-07 18:45:00+00:00,14:45,-0.014373358339071274,down,-0.00828331895172596,4.898166480415966e-06,-0.0017889225855469704,-0.00012577828601934016,-0.002926687942817807,-0.004336787853389978,-0.005125997122377157,-0.007256065960973501,-0.004761012736707926,-0.006581388879567385,-0.004761469550430775,-0.006175812799483538,-0.008956474252045155,-0.0026004535611718893,-0.006802154239267111,-0.008824912831187248,-0.005494247190654278,-0.005533674266189337,-0.009024826809763908,-0.008722284808754921,-0.011882416903972626,-0.01161111332476139,-0.013886655680835247,-0.0094267837703228,-0.014950387179851532,-0.014373358339071274
HST,21,2026-04-07 18:45:00+00:00,14:45,-0.014663645066320896,down,-0.0015823922585695982,0.00044102169340476394,-0.005392115563154221,-0.006318546831607819,-0.009961545467376709,-0.01090314146131277,-0.01327159907668829,-0.012022346258163452,-0.016020607203245163,-0.013896727934479713,-0.014360329136252403,-0.0123566510155797,-0.012218755669891834,-0.012285128235816956,-0.011271812953054905,-0.011381002143025398,-0.012691766023635864,-0.013826360926032066,-0.013393192552030087,-0.010804298333823681,-0.01216160412877798,-0.015918638557195663,-0.015043915249407291,-0.011551138013601303,-0.015551137737929821,-0.014663645066320896
BALL,21,2026-04-07 18:45:00+00:00,14:45,-0.01474128756672144,down,-0.010677192360162735,-0.0076469010673463345,-0.009175041690468788,-0.00786643847823143,-0.008567062206566334,-0.011391915380954742,-0.013995744287967682,-0.01572788693010807,-0.016377203166484833,-0.0171937495470047,-0.017053039744496346,-0.015688741579651833,-0.01647471822798252,-0.015310749411582947,-0.015365787781774998,-0.01596228964626789,-0.012675056234002113,-0.014094667509198189,-0.01349911093711853,-0.01468584593385458,-0.01574445329606533,-0.01730949990451336,-0.01988937146961689,-0.013792023062705994,-0.01610330305993557,-0.01474128756672144
KEY,21,2026-04-07 18:45:00+00:00,14:45,-0.014847398735582829,down,-0.01658407226204872,-0.014101660810410976,-0.02052481658756733,-0.01846744865179062,-0.018253294751048088,-0.01661229506134987,-0.01740456186234951,-0.016850546002388,-0.019171660766005516,-0.021809734404087067,-0.020237842574715614,-0.020878784358501434,-0.022299040108919144,-0.02209477871656418,-0.019728779792785645,-0.02230171672999859,-0.019257677718997,-0.020641280338168144,-0.021938631311058998,-0.017801186069846153,-0.019306832924485207,-0.020489798858761787,-0.01936555840075016,-0.019720841199159622,-0.018168793991208076,-0.014847398735582829
ALLE,21,2026-04-07 18:45:00+00:00,14:45,-0.01487723272293806,down,-0.006067967973649502,-0.0022074407897889614,-0.006366014946252108,-0.0077214897610247135,-0.009333277121186256,-0.010829017497599125,-0.014095418155193329,-0.01440075971186161,-0.014160167425870895,-0.016340740025043488,-0.015524166636168957,-0.01480196975171566,-0.016986897215247154,-0.01880006119608879,-0.016693083569407463,-0.017533905804157257,-0.013885581865906715,-0.012002765201032162,-0.01456393301486969,-0.014424696564674377,-0.014259561896324158,-0.01506831869482994,-0.01618608646094799,-0.011298001743853092,-0.014314144849777222,-0.01487723272293806
HPQ,21,2026-04-07 18:45:00+00:00,14:45,-0.01550128124654293,down,-0.013994391076266766,-0.007704608142375946,-0.009741537272930145,-0.007185389753431082,-0.013531818054616451,-0.010274088010191917,-0.015911923721432686,-0.015872236341238022,-0.01547599770128727,-0.015256189741194248,-0.014496359042823315,-0.011637629009783268,-0.010515513829886913,-0.01006397232413292,-0.014143595471978188,-0.015274027362465858,-0.013291054405272007,-0.014459247700870037,-0.014141508378088474,-0.015927081927657127,-0.01547378208488226,-0.018020261079072952,-0.01888178661465645,-0.01475799735635519,-0.01867540366947651,-0.01550128124654293
NCLH,21,2026-04-07 18:45:00+00:00,14:45,-0.01586086116731167,down,-0.023499315604567528,-0.014652106910943985,-0.02238730527460575,-0.018689993768930435,-0.021673131734132767,-0.023836540058255196,-0.027134234085679054,-0.029439738020300865,-0.030975880101323128,-0.02713431417942047,-0.025043392553925514,-0.023837430402636528,-0.02449859492480755,-0.01620984636247158,-0.020531749352812767,-0.02466975897550583,-0.01858445815742016,-0.01908678188920021,-0.02064828760921955,-0.02194933593273163,-0.022665400058031082,-0.026521068066358566,-0.024937983602285385,-0.017755601555109024,-0.024374909698963165,-0.01586086116731167
NEE,21,2026-04-07 18:45:00+00:00,14:45,-0.016614126041531563,down,-0.008448279462754726,-0.006609445437788963,-0.00803234614431858,-0.00835870299488306,-0.008789530023932457,-0.009422902017831802,-0.011358371004462242,-0.013453636318445206,-0.014024687930941582,-0.015835853293538094,-0.013883865438401699,-0.01487270463258028,-0.015930941328406334,-0.013492484577000141,-0.014064387418329716,-0.01619628071784973,-0.017768943682312965,-0.015976974740624428,-0.015565193258225918,-0.014041785150766373,-0.01458444818854332,-0.016445806249976158,-0.019030973315238953,-0.01416925247758627,-0.01769283413887024,-0.016614126041531563
CPB,21,2026-04-07 18:45:00+00:00,14:45,-0.016942515969276428,down,-0.0169086791574955,-0.012024732306599617,-0.015393368899822235,-0.014492365531623363,-0.02089248225092888,-0.02288161963224411,-0.02242087572813034,-0.024472909048199654,-0.027058133855462074,-0.02304648794233799,-0.02153550274670124,-0.0222543366253376,-0.0254270788282156,-0.018425174057483673,-0.019519547000527382,-0.018552498891949654,-0.021734189242124557,-0.018702929839491844,-0.024204429239034653,-0.02189035713672638,-0.02280806005001068,-0.02453557774424553,-0.020788108929991722,-0.018612448126077652,-0.022115759551525116,-0.016942515969276428
INTU,21,2026-04-07 18:45:00+00:00,14:45,-0.01717498153448105,down,-0.00924638006836176,-0.003446996444836259,-0.012719198130071163,-0.01048707589507103,-0.019173486158251762,-0.020174644887447357,-0.02184135839343071,-0.017565254122018814,-0.01894097775220871,-0.021713392809033394,-0.018588367849588394,-0.018746627494692802,-0.019771002233028412,-0.03784706071019173,-0.046493347734212875,-0.04226449131965637,-0.048031967133283615,-0.0299170333892107,-0.03920461982488632,-0.036088164895772934,-0.039453472942113876,-0.02879280224442482,-0.02356145903468132,-0.010521051473915577,-0.016622468829154968,-0.01717498153448105
AMP,21,2026-04-07 18:45:00+00:00,14:45,-0.018128469586372375,down,-0.009017585776746273,-0.009068630635738373,-0.010173589922487736,-0.00926893763244152,-0.012382268905639648,-0.01388727966696024,-0.017104994505643845,-0.022002315148711205,-0.019644105806946754,-0.019090574234724045,-0.015351777896285057,-0.016622580587863922,-0.01709585264325142,-0.015087915584445,-0.022431882098317146,-0.01811646670103073,-0.021646946668624878,-0.01608109660446644,-0.021560413762927055,-0.023428788408637047,-0.018662776798009872,-0.01710893213748932,-0.015769515186548233,-0.008086392655968666,-0.013946560211479664,-0.018128469586372375
GNRC,21,2026-04-07 18:45:00+00:00,14:45,-0.018459022045135498,down,-0.002901925705373287,-0.00920036993920803,-0.009613304398953915,-0.007707083132117987,-0.014039059169590473,-0.011863675899803638,-0.01216741930693388,-0.009227036498486996,-0.01367783360183239,-0.01006942056119442,-0.014540429227054119,-0.010719742625951767,-0.013310962356626987,-0.015084958635270596,-0.01756053790450096,-0.019069528207182884,-0.016995705664157867,-0.013864964246749878,-0.018282003700733185,-0.012653833255171776,-0.00812253076583147,-0.011300206184387207,-0.015229319222271442,-0.011218724772334099,-0.016551412642002106,-0.018459022045135498
JBL,21,2026-04-07 18:45:00+00:00,14:45,-0.020219266414642334,down,-0.007422848604619503,-0.007346729282289743,-0.00828002579510212,-0.0066765123046934605,-0.008253192529082298,-0.007799687795341015,-0.010251033119857311,-0.009182383306324482,-0.014414344914257526,-0.009253641590476036,-0.004429480992257595,-0.0034466185607016087,-0.0055104754865169525,-0.0049097733572125435,-0.007172508165240288,-0.01150807086378336,-0.004892327357083559,-0.007648795377463102,-0.011505934409797192,-0.009593533352017403,-0.008587976917624474,-0.011728915385901928,-0.011058613657951355,-0.010149036534130573,-0.018120085820555687,-0.020219266414642334
DIS,21,2026-04-07 18:45:00+00:00,14:45,-0.020528439432382584,down,-0.005651508923619986,-0.00052440888248384,-0.006406176835298538,-0.007033184636384249,-0.0073524643667042255,-0.008271243423223495,-0.011362900957465172,-0.01165767852216959,-0.011379435658454895,-0.013237799517810345,-0.010453052818775177,-0.010368515737354755,-0.013170932419598103,-0.012038292363286018,-0.011908255517482758,-0.012753870338201523,-0.016236720606684685,-0.016679346561431885,-0.014923975802958012,-0.01438200380653143,-0.013996990397572517,-0.016096971929073334,-0.019530950114130974,-0.016121607273817062,-0.01945229433476925,-0.020528439432382584
PCG,21,2026-04-07 18:45:00+00:00,14:45,-0.025523822754621506,down,-0.013041946105659008,-0.00839861761778593,-0.009547674097120762,-0.010052777826786041,-0.008527261205017567,-0.011799800209701061,-0.013872374780476093,-0.01728293113410473,-0.01875957101583481,-0.021625295281410217,-0.020686767995357513,-0.019296707585453987,-0.020275553688406944,-0.020186366513371468,-0.023740164935588837,-0.02557111717760563,-0.023498615249991417,-0.0235022883862257,-0.02352093905210495,-0.0228596068918705,-0.022354161366820335,-0.0251480620354414,-0.02548065409064293,-0.02495017647743225,-0.02575242519378662,-0.025523822754621506
KIM,21,2026-04-07 18:45:00+00:00,14:45,-0.030958043411374092,down,-0.0006321294931694865,0.002542186062783003,-0.0014574112137779593,-0.004890628159046173,-0.004332791082561016,-0.005847449880093336,-0.008595825172960758,-0.008057310245931149,-0.0053818379528820515,-0.008490663021802902,-0.0042796009220182896,-0.005562953185290098,-0.0061625102534890175,-0.007591525558382273,-0.007516857236623764,-0.010135911405086517,-0.0075010512955486774,-0.00631684111431241,-0.008544180542230606,-0.0071986098773777485,-0.018242426216602325,-0.018098285421729088,-0.026403700932860374,-0.02274397201836109,-0.03025984950363636,-0.030958043411374092
SMCI,21,2026-04-07 18:45:00+00:00,14:45,-0.0396786630153656,down,-0.016309861093759537,-0.012706095352768898,-0.02053406648337841,-0.020852455869317055,-0.02696928381919861,-0.03067043423652649,-0.03131350129842758,-0.030528061091899872,-0.03341790661215782,-0.030502159148454666,-0.025984536856412888,-0.023750802502036095,-0.020187681540846825,-0.020097902044653893,-0.020120849832892418,-0.02397570200264454,-0.01755370758473873,-0.017727671191096306,-0.021405218169093132,-0.02600887604057789,-0.036014996469020844,-0.03881233185529709,-0.04020489379763603,-0.03275461494922638,-0.03983791545033455,-0.0396786630153656
